auxiliary_load_W,grade_deg,speed_m_s,battery_power_W,usable_energy_Wh,endurance_h,ideal_distance_km
10.0,0.0,0.05,10.8825985,84.91499999999999,7.802823930332447,1.4045083074598406
10.0,0.0,0.054954954954954956,10.970063216216216,84.91499999999999,7.7406117290624685,1.5313858880199263
10.0,0.0,0.05990990990990991,11.057527932432432,84.91499999999999,7.679383721106316,1.656256272822389
10.0,0.0,0.06486486486486487,11.144992648648648,84.91499999999999,7.61911673493083,1.7791667186433076
10.0,0.0,0.06981981981981983,11.232457364864864,84.91499999999999,7.559788320729726,1.90016301034558
10.0,0.0,0.07477477477477477,11.319922081081081,84.91499999999999,7.5013767225410435,2.019289517743481
10.0,0.0,0.07972972972972973,11.407386797297297,84.91499999999999,7.443860851647332,2.1365892498512076
10.0,0.0,0.08468468468468468,11.494851513513513,84.91499999999999,7.387220261190212,2.2521039066547455
10.0,0.0,0.08963963963963964,11.582316229729729,84.91499999999999,7.3314351219351455,2.36587392853799
10.0,0.0,0.0945945945945946,11.669780945945945,84.91499999999999,7.276486199126066,2.4779385434861743
10.0,0.0,0.09954954954954955,11.757245662162163,84.91499999999999,7.222354830373093,2.588335812182357
10.0,0.0,0.1045045045045045,11.844710378378378,84.91499999999999,7.16902290451997,2.6971026711058914
10.0,0.0,0.10945945945945945,11.932175094594594,84.91499999999999,7.116472841440905,2.804274973735362
10.0,0.0,0.11441441441441441,12.01963981081081,84.91499999999999,7.064687572719525,2.9098875299525826
10.0,0.0,0.11936936936936937,12.107104527027026,84.91499999999999,7.0136505231652935,3.0139741437385994
10.0,0.0,0.12432432432432432,12.194569243243242,84.91499999999999,6.963345593125369,3.1165676492474623
10.0,0.0,0.1292792792792793,12.28203395945946,84.91499999999999,6.913757141552241,3.217699945338638
10.0,0.0,0.13423423423423425,12.369498675675676,84.91499999999999,6.864869969789747,3.317402028644343
10.0,0.0,0.13918918918918918,12.456963391891891,84.91499999999999,6.816669306042136,3.4157040252438158
10.0,0.0,0.14414414414414414,12.544428108108107,84.91499999999999,6.769140790492878,3.5126352210125207
10.0,0.0,0.14909909909909907,12.631892824324323,84.91499999999999,6.722270461041699,3.60822409071049
10.0,0.0,0.15405405405405403,12.719357540540539,84.91499999999999,6.676044739630091,3.702498325870526
10.0,0.0,0.159009009009009,12.806822256756757,84.91499999999999,6.630450419127169,3.7954848615436063
10.0,0.0,0.16396396396396395,12.894286972972973,84.91499999999999,6.585474650749266,3.8872099019557824
10.0,0.0,0.16891891891891891,12.981751689189188,84.91499999999999,6.54110493198808,3.977698945127887
10.0,0.0,0.17387387387387387,13.069216405405404,84.91499999999999,6.497329095023578,4.06697680650665
10.0,0.0,0.17882882882882883,13.15668112162162,84.91499999999999,6.454135295599065,4.155067641653236
10.0,0.0,0.1837837837837838,13.244145837837838,84.91499999999999,6.411512002337081,4.24199496803275
10.0,0.0,0.18873873873873875,13.331610554054054,84.91499999999999,6.3694479864758655,4.327781685946035
10.0,0.0,0.1936936936936937,13.41907527027027,84.91499999999999,6.3279323120072,4.412450098642859
10.0,0.0,0.19864864864864862,13.506539986486485,84.91499999999999,6.286954326197445,4.496021931653632
10.0,0.0,0.20360360360360358,13.594004702702701,84.91499999999999,6.246503650474503,4.578518351374825
10.0,0.0,0.20855855855855854,13.681469418918917,84.91499999999999,6.206570171664339,4.659959982941495
10.0,0.0,0.2135135135135135,13.768934135135133,84.91499999999999,6.167144033561506,4.740366927418628
10.0,0.0,0.21846846846846846,13.85639885135135,84.91499999999999,6.1282156288189285,4.819758778341374
10.0,0.0,0.22342342342342342,13.943863567567567,84.91499999999999,6.089775591142919,4.898154637632791
10.0,0.0,0.22837837837837838,14.031328283783782,84.91499999999999,6.051814787780109,4.975573130926241
10.0,0.0,0.23333333333333334,14.118793,84.91499999999999,6.014324312283635,5.052032422318254
10.0,0.0,0.2382882882882883,14.206257716216214,84.91499999999999,5.977295477546552,5.127550228576421
10.0,0.0,0.24324324324324326,14.293722432432432,84.91499999999999,5.940719809091018,5.202143832825649
10.0,0.0,0.24819819819819816,14.381187148648646,84.91499999999999,5.9045890386023645,5.275830097734977
10.0,0.0,0.2531531531531531,14.468651864864864,84.91499999999999,5.868895097697694,5.348625478226114
10.0,0.0,0.2581081081081081,14.55611658108108,84.91499999999999,5.833630111919135,5.420546033723779
10.0,0.0,0.26306306306306304,14.643581297297295,84.91499999999999,5.798786394942363,5.491607439967037
10.0,0.0,0.268018018018018,14.731046013513513,84.91499999999999,5.76435644299144,5.561825000399849
10.0,0.0,0.27297297297297296,14.818510729729727,84.91499999999999,5.730332929451457,5.631213657158242
10.0,0.0,0.2779279279279279,14.905975445945945,84.91499999999999,5.696708699670826,5.699788001670648
10.0,0.0,0.2828828828828829,14.99344016216216,84.91499999999999,5.663476765945531,5.767562284887233
10.0,0.0,0.28783783783783784,15.080904878378377,84.91499999999999,5.630630302677883,5.8345504271532445
10.0,0.0,0.2927927927927928,15.168369594594594,84.91499999999999,5.5981626417027925,5.900766027740782
10.0,0.0,0.29774774774774776,15.255834310810808,84.91499999999999,5.566067267774815,5.9662223740526805
10.0,0.0,0.30270270270270266,15.343299027027026,84.91499999999999,5.5343378142095325,6.0309324505115764
10.0,0.0,0.3076576576576576,15.430763743243242,84.91499999999999,5.502968058673195,6.09490894714669
10.0,0.0,0.3126126126126126,15.518228459459458,84.91499999999999,5.47195191911473,6.158164267890198
10.0,0.0,0.31756756756756754,15.605693175675675,84.91499999999999,5.441283449834548,6.2207105385946315
10.0,0.0,0.3225225225225225,15.69315789189189,84.91499999999999,5.410956837684825,6.282559614782164
10.0,0.0,0.32747747747747746,15.780622608108107,84.91499999999999,5.380966398396128,6.3437230891361915
10.0,0.0,0.3324324324324324,15.868087324324321,84.91499999999999,5.35130657302554,6.40421229874516
10.0,0.0,0.3373873873873874,15.955552040540539,84.91499999999999,5.321971924521595,6.464038332108121
10.0,0.0,0.3423423423423423,16.043016756756757,84.91499999999999,5.292957134401593,6.523212035911152
10.0,0.0,0.34729729729729725,16.13048147297297,84.91499999999999,5.264256999537008,6.5817440215832965
10.0,0.0,0.3522522522522522,16.21794618918919,84.91499999999999,5.235866429042906,6.6396446716403545
10.0,0.0,0.35720720720720717,16.305410905405402,84.91499999999999,5.207780441267496,6.696924145824525
10.0,0.0,0.3621621621621621,16.39287562162162,84.91499999999999,5.179994160878042,6.75359238704748
10.0,0.0,0.3671171171171171,16.480340337837838,84.91499999999999,5.152502816039571,6.809659127144189
10.0,0.0,0.37207207207207205,16.567805054054052,84.91499999999999,5.12530173568295,6.865133892444514
10.0,0.0,0.377027027027027,16.65526977027027,84.91499999999999,5.098386346859037,6.920026009169211
10.0,0.0,0.38198198198198197,16.742734486486484,84.91499999999999,5.07175217217577,6.974344608656843
10.0,0.0,0.3869369369369369,16.8301992027027,84.91499999999999,5.045394827315163,7.028098632427661
10.0,0.0,0.3918918918918919,16.91766391891892,84.91499999999999,5.01931001862734,7.081296837090463
10.0,0.0,0.3968468468468468,17.005128635135133,84.91499999999999,4.9934935407987995,7.13394779909796
10.0,0.0,0.40180180180180175,17.092593351351347,84.91499999999999,4.967941274592283,7.186059919356188
10.0,0.0,0.4067567567567567,17.180058067567565,84.91499999999999,4.942649184655676,7.237641427693094
10.0,0.0,0.41171171171171167,17.267522783783782,84.91499999999999,4.917613317397507,7.288700387191331
10.0,0.0,0.41666666666666663,17.354987499999996,84.91499999999999,4.892829798926678,7.339244698390016
10.0,0.0,0.4216216216216216,17.442452216216214,84.91499999999999,4.86829483305419,7.389282103360089
10.0,0.0,0.42657657657657655,17.52991693243243,84.91499999999999,4.844004699354687,7.438820189657657
10.0,0.0,0.4315315315315315,17.617381648648646,84.91499999999999,4.819955751285746,7.487866394159585
10.0,0.0,0.43648648648648647,17.704846364864864,84.91499999999999,4.796144414362905,7.536428006785386
10.0,0.0,0.44144144144144143,17.792311081081078,84.91499999999999,4.772567184388532,7.584512174109342
10.0,0.0,0.44639639639639633,17.879775797297295,84.91499999999999,4.749220625732663,7.632125902866599
10.0,0.0,0.4513513513513513,17.96724051351351,84.91499999999999,4.726101369664072,7.6792760633568635
10.0,0.0,0.45630630630630625,18.054705229729727,84.91499999999999,4.703206112729825,7.725969392749155
10.0,0.0,0.4612612612612612,18.142169945945945,84.91499999999999,4.6805316151817395,7.772212498290974
10.0,0.0,0.4662162162162162,18.22963466216216,84.91499999999999,4.658074699448118,7.818011860425084
10.0,0.0,0.47117117117117113,18.317099378378376,84.91499999999999,4.635832248649271,7.863373835816979
10.0,0.0,0.4761261261261261,18.40456409459459,84.91499999999999,4.613801205155382,7.908304660296062
10.0,0.0,0.48108108108108105,18.492028810810808,84.91499999999999,4.59197856918528,7.952810451713317
10.0,0.0,0.486036036036036,18.579493527027026,84.91499999999999,4.570361397444808,7.996897212718293
10.0,0.0,0.49099099099099097,18.66695824324324,84.91499999999999,4.548946801803456,8.040570833458
10.0,0.0,0.49594594594594593,18.754422959459458,84.91499999999999,4.527731948008035,8.083837094200291
10.0,0.0,0.5009009009009009,18.84188767567567,84.91499999999999,4.5067140544321775,8.126701667884188
10.0,0.0,0.5058558558558558,18.92935239189189,84.91499999999999,4.485890390860497,8.169170122599466
10.0,0.0,0.5108108108108108,19.016817108108107,84.91499999999999,4.465258277306311,8.211247923997876
10.0,0.0,0.5157657657657657,19.10428182432432,84.91499999999999,4.444815082861837,8.252940437638058
10.0,0.0,0.5207207207207207,19.19174654054054,84.91499999999999,4.4245582245798225,8.294252931266392
10.0,0.0,0.5256756756756756,19.279211256756753,84.91499999999999,4.404485166385631,8.335190577035725
10.0,0.0,0.5306306306306307,19.36667597297297,84.91499999999999,4.384593418018793,8.375758453664009
10.0,0.0,0.5355855855855856,19.454140689189188,84.91499999999999,4.364880534003123,8.41596154853467
10.0,0.0,0.5405405405405406,19.541605405405406,84.91499999999999,4.345344112644483,8.455804759740616
10.0,0.0,0.5454954954954955,19.629070121621616,84.91499999999999,4.325981795055348,8.495292898073556
10.0,0.0,0.5504504504504505,19.716534837837834,84.91499999999999,4.306791264205327,8.534430688960395
10.0,0.0,0.5554054054054054,19.80399955405405,84.91499999999999,4.2877702439968575,8.573222774348311
10.0,0.0,0.5603603603603604,19.89146427027027,84.91499999999999,4.268916498365267,8.611673714540096
10.0,0.0,0.5653153153153153,19.978928986486487,84.91499999999999,4.250227830402496,8.649787989981295
10.0,0.0,0.5702702702702703,20.066393702702705,84.91499999999999,4.231702081503711,8.687570003000593
10.0,0.0,0.5752252252252252,20.153858418918915,84.91499999999999,4.213337130536167,8.725024079504895
10.0,0.0,0.5801801801801801,20.241323135135133,84.91499999999999,4.195130893029592,8.762154470630456
10.0,0.0,0.5851351351351352,20.32878785135135,84.91499999999999,4.177081320387496,8.798965354351392
10.0,0.0,0.5900900900900901,20.416252567567565,84.91499999999999,4.159186399118736,8.835460837046828
10.0,0.0,0.5950450450450451,20.503717283783782,84.91499999999999,4.141444150088753,8.87164495502796
10.0,0.0,0.6,20.591181999999996,84.91499999999999,4.123852627789896,8.907521676026176
10.0,10.0,0.05,13.423550197873048,84.91499999999999,6.325822807550175,1.1386481053590316
10.0,10.0,0.054954954954954956,13.762820938202811,84.91499999999999,6.169883367754434,1.2206363851881745
10.0,10.0,0.05990990990990991,14.102091678532572,84.91499999999999,6.021447167959131,1.2986796864949695
10.0,10.0,0.06486486486486487,14.441362418862333,84.91499999999999,5.879985387603718,1.3730560472674627
10.0,10.0,0.06981981981981983,14.780633159192096,84.91499999999999,5.745017759756201,1.4440179774522344
10.0,10.0,0.07477477477477477,15.119903899521857,84.91499999999999,5.616107123715601,1.511795323032632
10.0,10.0,0.07972972972972973,15.459174639851618,84.91499999999999,5.4928546949137145,1.5765977529725312
10.0,10.0,0.08468468468468468,15.79844538018138,84.91499999999999,5.374895944288481,1.6386169257182177
10.0,10.0,0.08963963963963964,16.137716120511143,84.91499999999999,5.261896997436488,1.6980283824159912
10.0,10.0,0.0945945945945946,16.476986860840903,84.91499999999999,5.153551478626739,1.754993206235052
10.0,10.0,0.09954954954954955,16.816257601170665,84.91499999999999,5.049577736849644,1.809659480827737
10.0,10.0,0.1045045045045045,17.15552834150043,84.91499999999999,4.9497164010148635,1.8621635757331596
10.0,10.0,0.10945945945945945,17.494799081830188,84.91499999999999,4.853728219616499,1.912631282216447
10.0,10.0,0.11441441441441441,17.83406982215995,84.91499999999999,4.761392146984183,1.9611788194605122
10.0,10.0,0.11936936936936937,18.173340562489713,84.91499999999999,4.672503643896211,2.007913728052696
10.0,10.0,0.12432432432432432,18.512611302819472,84.91499999999999,4.586873165055188,2.0529356652247
10.0,10.0,0.1292792792792793,18.851882043149235,84.91499999999999,4.504324809885921,2.096337114222583
10.0,10.0,0.13423423423423425,19.191152783478998,84.91499999999999,4.42469511644451,2.138204018433185
10.0,10.0,0.13918918918918918,19.530423523808757,84.91499999999999,4.3478319810363315,2.178616349416583
10.0,10.0,0.14414414414414414,19.86969426413852,84.91499999999999,4.273593688517764,2.217648616744353
10.0,10.0,0.14909909909909907,20.20896500446828,84.91499999999999,4.2018480402744505,2.255370326482448
10.0,10.0,0.15405405405405403,20.548235744798042,84.91499999999999,4.13247156858695,2.2918463942541676
10.0,10.0,0.159009009009009,20.887506485127805,84.91499999999999,4.065348827561617,2.3271375180474334
10.0,10.0,0.16396396396396395,21.226777225457564,84.91499999999999,4.000371752060425,2.3613005152702615
10.0,10.0,0.16891891891891891,21.566047965787327,84.91499999999999,3.9374390771415473,2.3943886279914817
10.0,10.0,0.17387387387387387,21.90531870611709,84.91499999999999,3.8764558114503656,2.4264517998159585
10.0,10.0,0.17882882882882883,22.244589446446852,84.91499999999999,3.817332758800974,2.4575369274226815
10.0,10.0,0.1837837837837838,22.58386018677661,84.91499999999999,3.7599860828805407,2.4876880894301525
10.0,10.0,0.18873873873873875,22.923130927106378,84.91499999999999,3.7043369106088746,2.51694675493803
10.0,10.0,0.1936936936936937,23.262401667436137,84.91499999999999,3.650310970206839,2.5453519738199044
10.0,10.0,0.19864864864864862,23.601672407765896,84.91499999999999,3.5978382604810477,2.5729405506034735
10.0,10.0,0.20360360360360358,23.940943148095656,84.91499999999999,3.546852748228276,2.5997472035662392
10.0,10.0,0.20855855855855854,24.28021388842542,84.91499999999999,3.497292091009119,2.6258047104927926
10.0,10.0,0.2135135135135135,24.61948462875518,84.91499999999999,3.4490973828436915,2.6511440423803943
10.0,10.0,0.21846846846846846,24.958755369084944,84.91499999999999,3.4022129206482625,2.6757944862395795
10.0,10.0,0.22342342342342342,25.298026109414707,84.91499999999999,3.356585989465744,2.699783758013528
10.0,10.0,0.22837837837837838,25.637296849744466,84.91499999999999,3.312166664749071,2.7231381065315334
10.0,10.0,0.23333333333333334,25.97656759007423,84.91499999999999,3.2689076301384183,2.7458824093162715
10.0,10.0,0.2382882882882883,26.31583833040399,84.91499999999999,3.2267640093340098,2.76804026098004
10.0,10.0,0.24324324324324326,26.65510907073375,84.91499999999999,3.185693210808628,2.789634054870258
10.0,10.0,0.24819819819819816,26.99437981106351,84.91499999999999,3.145654784230235,2.81068505855815
10.0,10.0,0.2531531531531531,27.333650551393273,84.91499999999999,3.106610287577253,2.8312134837055396
10.0,10.0,0.2581081081081081,27.672921291723036,84.91499999999999,3.068523164028875,2.8512385507922353
10.0,10.0,0.26306306306306304,28.0121920320528,84.91499999999999,3.0313586278016538,2.8707785491397284
10.0,10.0,0.268018018018018,28.351462772382558,84.91499999999999,2.9950835581829853,2.8898508926252044
10.0,10.0,0.27297297297297296,28.69073351271232,84.91499999999999,2.9596664010829756,2.9084721714426216
10.0,10.0,0.2779279279279279,29.030004253042083,84.91499999999999,2.925077077489634,2.926658200234223
10.0,10.0,0.2828828828828829,29.369274993371846,84.91499999999999,2.891286898269157,2.9444240628859952
10.0,10.0,0.28783783783783784,29.708545733701605,84.91499999999999,2.85826848480408,2.961784154253741
10.0,10.0,0.2927927927927928,30.047816474031368,84.91499999999999,2.8259956950078964,2.9787522190623776
10.0,10.0,0.29774774774774776,30.38708721436113,84.91499999999999,2.7944435542959387,2.995341388199377
10.0,10.0,0.30270270270270266,30.726357954690886,84.91499999999999,2.763588191129444,3.0115642126037616
10.0,10.0,0.3076576576576576,31.065628695020653,84.91499999999999,2.733406776783197,3.02743269493447
10.0,10.0,0.3126126126126126,31.404899435350412,84.91499999999999,2.70387746901736,3.042958319186023
10.0,10.0,0.31756756756756754,31.744170175680175,84.91499999999999,2.674979359361393,3.058152078405052
10.0,10.0,0.3225225225225225,32.083440916009934,84.91499999999999,2.6466924237426985,3.073024500648279
10.0,10.0,0.32747747747747746,32.4227116563397,84.91499999999999,2.6189974762149895,3.0875856733107523
10.0,10.0,0.3324324324324324,32.76198239666946,84.91499999999999,2.591876125561692,3.1018452659424787
10.0,10.0,0.3373873873873874,33.10125313699922,84.91499999999999,2.565310734568097,3.1158125516618997
10.0,10.0,0.3423423423423423,33.440523877328985,84.91499999999999,2.539284381772743,3.1294964272658667
10.0,10.0,0.34729729729729725,33.77979461765874,84.91499999999999,2.513780825523723,3.1429054321277676
10.0,10.0,0.3522522522522522,34.119065357988504,84.91499999999999,2.488784470179466,3.1560477659681223
10.0,10.0,0.35720720720720717,34.45833609831827,84.91499999999999,2.4642803343062245,3.1689313055754096
10.0,10.0,0.3621621621621621,34.79760683864802,84.91499999999999,2.4402540207359604,3.1815636205487223
10.0,10.0,0.3671171171171171,35.13687757897779,84.91499999999999,2.416691688358905,3.1939519881283904
10.0,10.0,0.37207207207207205,35.476148319307555,84.91499999999999,2.393580025534672,3.206103407175631
10.0,10.0,0.377027027027027,35.815419059637314,84.91499999999999,2.3709062250145814,3.218024611357629
10.0,10.0,0.38198198198198197,36.15468979996707,84.91499999999999,2.34865796027594,3.2297220815902654
10.0,10.0,0.3869369369369369,36.49396054029684,84.91499999999999,2.326823363176391,3.2412020577867886
10.0,10.0,0.3918918918918919,36.8332312806266,84.91499999999999,2.305391002843219,3.2524705499571906
10.0,10.0,0.3968468468468468,37.17250202095636,84.91499999999999,2.2843498657187062,3.263533348699751
10.0,10.0,0.40180180180180175,37.511772761286124,84.91499999999999,2.2636893366883526,3.27439603512326
10.0,10.0,0.4067567567567567,37.85104350161588,84.91499999999999,2.2433991812240244,3.2850639902356114
10.0,10.0,0.41171171171171167,38.19031424194564,84.91499999999999,2.2234695284789026,3.295542403831973
10.0,10.0,0.41666666666666663,38.52958498227541,84.91499999999999,2.2038908552755774,3.305836282913366
10.0,10.0,0.4216216216216216,38.86885572260517,84.91499999999999,2.1846539709327106,3.315950459664352
10.0,10.0,0.42657657657657655,39.20812646293493,84.91499999999999,2.1657500028794714,3.3258895990165285
10.0,10.0,0.4315315315315315,39.547397203264694,84.91499999999999,2.1471703830104434,3.33565820582271
10.0,10.0,0.43648648648648647,39.88666794359445,84.91499999999999,2.1289068347369136,3.345260631664977
10.0,10.0,0.44144144144144143,40.22593868392421,84.91499999999999,2.1109513606934223,3.354701081318195
10.0,10.0,0.44639639639639633,40.56520942425398,84.91499999999999,2.0932962310612213,3.3639836188891947
10.0,10.0,0.4513513513513513,40.90448016458373,84.91499999999999,2.0759339724728205,3.3731121736504313
10.0,10.0,0.45630630630630625,41.2437509049135,84.91499999999999,2.0588573574641535,3.3820905455857093
10.0,10.0,0.4612612612612612,41.583021645243264,84.91499999999999,2.042059394443105,3.390922410664442
10.0,10.0,0.4662162162162162,41.922292385573016,84.91499999999999,2.025533318145129,3.399611325859798
10.0,10.0,0.47117117117117113,42.26156312590278,84.91499999999999,2.0092725805485943,3.4081607339251287
10.0,10.0,0.4761261261261261,42.60083386623254,84.91499999999999,1.9932708422242336,3.416573967942186
10.0,10.0,0.48108108108108105,42.94010460656231,84.91499999999999,1.9775219640946773,3.4248542556537003
10.0,10.0,0.486036036036036,43.27937534689207,84.91499999999999,1.9620199995815748,3.433004723592193
10.0,10.0,0.49099099099099097,43.618646087221826,84.91499999999999,1.946759187119199,3.4410284010160974
10.0,10.0,0.49594594594594593,43.95791682755159,84.91499999999999,1.9317339430147347,3.448928223663605
10.0,10.0,0.5009009009009009,44.29718756788135,84.91499999999999,1.916938854636665,3.4567070373340076
10.0,10.0,0.5058558558558558,44.63645830821111,84.91499999999999,1.9023686739137955,3.464367601305717
10.0,10.0,0.5108108108108108,44.97572904854088,84.91499999999999,1.8880183111285185,3.4719125915995783
10.0,10.0,0.5157657657657657,45.31499978887064,84.91499999999999,1.873882828988893,3.479344604095593
10.0,10.0,0.5207207207207207,45.6542705292004,84.91499999999999,1.8599574369650367,3.4866661575106743
10.0,10.0,0.5256756756756756,45.993541269530155,84.91499999999999,1.8462374858761867,3.4938796962446106
10.0,10.0,0.5306306306306307,46.33281200985993,84.91499999999999,1.8327184627155702,3.500987593100987
10.0,10.0,0.5355855855855856,46.67208275018968,84.91499999999999,1.819395985701,3.5079921518894412
10.0,10.0,0.5405405405405406,47.011353490519454,84.91499999999999,1.8062657995397724,3.514895609915233
10.0,10.0,0.5454954954954955,47.350624230849206,84.91499999999999,1.7933237708971401,3.5217001403617894
10.0,10.0,0.5504504504504505,47.68989497117897,84.91499999999999,1.7805658840582,3.5284078545715465
10.0,10.0,0.5554054054054054,48.02916571150873,84.91499999999999,1.7679882367736546,3.5350208042301343
10.0,10.0,0.5603603603603604,48.3684364518385,84.91499999999999,1.7555870362803996,3.5415409834586224
10.0,10.0,0.5653153153153153,48.70770719216826,84.91499999999999,1.7433585954884268,3.547970330818339
10.0,10.0,0.5702702702702703,49.046977932498024,84.91499999999999,1.7312993293259804,3.554310731232473
10.0,10.0,0.5752252252252252,49.38624867282778,84.91499999999999,1.7194057512353649,3.560564017828477
10.0,10.0,0.5801801801801801,49.725519413157535,84.91499999999999,1.7076744698121988,3.5667319737050467
10.0,10.0,0.5851351351351352,50.06479015348731,84.91499999999999,1.6961021855813203,3.5728163336272463
10.0,10.0,0.5900900900900901,50.40406089381706,84.91499999999999,1.6846856879029026,3.578818785653193
10.0,10.0,0.5950450450450451,50.74333163414683,84.91499999999999,1.6734218520026767,3.5847409726954638
10.0,10.0,0.6,51.08260237447658,84.91499999999999,1.6623076361205076,3.590584494020296
10.0,20.0,0.05,15.860479055383713,84.91499999999999,5.353873593822898,0.9636972468881216
10.0,20.0,0.054954954954954956,16.44124725006138,84.91499999999999,5.16475415207219,1.0217837944099575
10.0,20.0,0.05990990990990991,17.022015444739047,84.91499999999999,4.988539710569024,1.075906672711914
10.0,20.0,0.06486486486486487,17.602783639416714,84.91499999999999,4.82395294627468,1.1264582015084659
10.0,20.0,0.06981981981981983,18.183551834094377,84.91499999999999,4.6698797228813875,1.1737805789945113
10.0,20.0,0.07477477477477477,18.76432002877204,84.91499999999999,4.525343837122614,1.2181736383173307
10.0,20.0,0.07972972972972973,19.345088223449707,84.91499999999999,4.389486314002323,1.25990120688391
10.0,20.0,0.08468468468468468,19.925856418127374,84.91499999999999,4.261548322848965,1.2991963535604412
10.0,20.0,0.08963963963963964,20.50662461280504,84.91499999999999,4.140856996376486,1.3362657442360875
10.0,20.0,0.0945945945945946,21.087392807482704,84.91499999999999,4.026813593090016,1.3712932776468703
10.0,20.0,0.09954954954954955,21.668161002160367,84.91499999999999,3.9188835633782566,1.4044431364971806
10.0,20.0,0.1045045045045045,22.248929196838034,84.91499999999999,3.8165881714463774,1.4358623607171237
10.0,20.0,0.10945945945945945,22.8296973915157,84.91499999999999,3.7194973960345754,1.4656830279509219
10.0,20.0,0.11441441441441441,23.410465586193364,84.91499999999999,3.62722388785295,1.4940241094832152
10.0,20.0,0.11936936936936937,23.991233780871035,84.91499999999999,3.539417804669362,1.5209930566011582
10.0,20.0,0.12432432432432432,24.572001975548694,84.91499999999999,3.4557623788447476,1.5466871619910545
10.0,20.0,0.1292792792792793,25.15277017022636,84.91499999999999,3.3759700989322803,1.5711947325301046
10.0,20.0,0.13423423423423425,25.733538364904028,84.91499999999999,3.2997794083307626,1.5945961032690283
10.0,20.0,0.13918918918918918,26.31430655958169,84.91499999999999,3.2269518411109464,1.616964517140458
10.0,20.0,0.14414414414414414,26.89507475425936,84.91499999999999,3.1572695289330643,1.63836689068959
10.0,20.0,0.14909909909909907,27.47584294893702,84.91499999999999,3.090533024148224,1.6588644826914518
10.0,20.0,0.15405405405405403,28.056611143614685,84.91499999999999,3.0265593932689026,1.6785134797264292
10.0,20.0,0.159009009009009,28.637379338292355,84.91499999999999,2.965180542426808,1.697365510502697
10.0,20.0,0.16396396396396395,29.21814753297002,84.91499999999999,2.9062417425396716,1.7154680988396331
10.0,20.0,0.16891891891891891,29.798915727647685,84.91499999999999,2.849600326941263,1.7328650636804976
10.0,20.0,0.17387387387387387,30.37968392232535,84.91499999999999,2.7951245383958017,1.7495968732228855
10.0,20.0,0.17882882882882883,30.96045211700302,84.91499999999999,2.742692505881267,1.76570095919167
10.0,20.0,0.1837837837837838,31.541220311680682,84.91499999999999,2.6921913344155985,1.781211996391726
10.0,20.0,0.18873873873873875,32.12198850635835,84.91499999999999,2.643516293618983,1.796162151934628
10.0,20.0,0.1936936936936937,32.702756701036016,84.91499999999999,2.596570092738081,1.8105813079092568
10.0,20.0,0.19864864864864862,33.283524895713676,84.91499999999999,2.551262231571378,1.8244972607399634
10.0,20.0,0.20360360360360358,33.86429309039134,84.91499999999999,2.5075084181838063,1.837935900030941
10.0,20.0,0.20855855855855854,34.445061285069,84.91499999999999,2.465230045527843,1.8509213693179318
10.0,20.0,0.2135135135135135,35.025829479746676,84.91499999999999,2.4243537201339147,1.8634762108272576
10.0,20.0,0.21846846846846846,35.606597674424336,84.91499999999999,2.3848108369251215,1.875621496068136
10.0,20.0,0.22342342342342342,36.18736586910201,84.91499999999999,2.346537194974539,1.8873769438497912
10.0,20.0,0.22837837837837838,36.76813406377967,84.91499999999999,2.309472649678186,1.8987610271137951
10.0,20.0,0.23333333333333334,37.348902258457336,84.91499999999999,2.2735607973798406,1.909791069799066
10.0,20.0,0.2382882882882883,37.929670453135,84.91499999999999,2.2387486889694688,1.9204833348078634
10.0,20.0,0.24324324324324326,38.51043864781266,84.91499999999999,2.204986569396634,1.9308531040121881
10.0,20.0,0.24819819819819816,39.09120684249033,84.91499999999999,2.1722276404038086,1.9409147511283757
10.0,20.0,0.2531531531531531,39.671975037168,84.91499999999999,2.140427844100138,1.9506818081907202
10.0,20.0,0.2581081081081081,40.252743231845656,84.91499999999999,2.109545665270836,1.9601670262705766
10.0,20.0,0.26306306306306304,40.83351142652332,84.91499999999999,2.0795419505569055,1.9693824310138908
10.0,20.0,0.268018018018018,41.41427962120099,84.91499999999999,2.0503797428491284,1.9783393735057804
10.0,20.0,0.27297297297297296,41.995047815878664,84.91499999999999,2.0220241294234924,1.9870485769145454
10.0,20.0,0.2779279279279279,42.57581601055632,84.91499999999999,1.9944421025059393,1.9955201793181048
10.0,20.0,0.2828828828828829,43.15658420523399,84.91499999999999,1.9676024310955913,2.003763773072483
10.0,20.0,0.28783783783783784,43.73735239991166,84.91499999999999,1.9414755429999806,2.011788441043764
10.0,20.0,0.2927927927927928,44.318120594589324,84.91499999999999,1.9160334161455175,2.0196027899912212
10.0,20.0,0.29774774774774776,44.89888878926699,84.91499999999999,1.8912494783233653,2.027214981359586
10.0,20.0,0.30270270270270266,45.47965698394465,84.91499999999999,1.867098514616698,2.034632759712034
10.0,20.0,0.3076576576576576,46.06042517862232,84.91499999999999,1.8435565818313584,2.041863479012137
10.0,20.0,0.3126126126126126,46.64119337329998,84.91499999999999,1.8206009293194902,2.048914126942259
10.0,20.0,0.31756756756756754,47.221961567977644,84.91499999999999,1.7982099256457595,2.055791347427449
10.0,20.0,0.3225225225225225,47.80272976265531,84.91499999999999,1.7763629905992881,2.062501461517444
10.0,20.0,0.32747747747747746,48.38349795733298,84.91499999999999,1.75504053210213,2.0690504867647275
10.0,20.0,0.3324324324324324,48.964266152010644,84.91499999999999,1.7342238876077403,2.0754441552235336
10.0,20.0,0.3373873873873874,49.54503434668831,84.91499999999999,1.7138952696210186,2.0816879301829343
10.0,20.0,0.3423423423423423,50.125802541365964,84.91499999999999,1.6940377150056498,2.0877870217366925
10.0,20.0,0.34729729729729725,50.70657073604364,84.91499999999999,1.6746350377750956,2.093746401283133
10.0,20.0,0.3522522522522522,51.287338930721305,84.91499999999999,1.6556717850911074,2.099570815039858
10.0,20.0,0.35720720720720717,51.868107125398964,84.91499999999999,1.6371331962183464,2.105264796650511
10.0,20.0,0.3621621621621621,52.44887532007663,84.91499999999999,1.6190051642059868,2.1108326789539675
10.0,20.0,0.3671171171171171,53.0296435147543,84.91499999999999,1.6012742000872457,2.1162786049801703
10.0,20.0,0.37207207207207205,53.610411709431965,84.91499999999999,1.5839273994058964,2.1216065382312492
10.0,20.0,0.377027027027027,54.191179904109624,84.91499999999999,1.5669524108951982,2.1268202723015364
10.0,20.0,0.38198198198198197,54.7719480987873,84.91499999999999,1.5503374071494838,2.1319234398855604
10.0,20.0,0.3869369369369369,55.352716293464965,84.91499999999999,1.534071057142054,2.1369195212189585
10.0,20.0,0.3918918918918919,55.933484488142625,84.91499999999999,1.5181425004551823,2.141811851993528
10.0,20.0,0.3968468468468468,56.51425268282029,84.91499999999999,1.5025413230990705,2.1466036307842393
10.0,20.0,0.40180180180180175,57.09502087749795,84.91499999999999,1.487257534806618,2.151297926022978
10.0,20.0,0.4067567567567567,57.675789072175625,84.91499999999999,1.4722815476999742,2.155897682550935
10.0,20.0,0.41171171171171167,58.256557266853285,84.91499999999999,1.457604156233152,2.1604057277790822
10.0,20.0,0.41666666666666663,58.83732546153095,84.91499999999999,1.4432165183225256,2.1648247774837883
10.0,20.0,0.4216216216216216,59.41809365620861,84.91499999999999,1.4291101375839446,2.1691574412625494
10.0,20.0,0.42657657657657655,59.998861850886286,84.91499999999999,1.415276846601477,2.1734062276728623
10.0,20.0,0.4315315315315315,60.57963004556395,84.91499999999999,1.4017087911585562,2.1775735490755084
10.0,20.0,0.43648648648648647,61.16039824024161,84.91499999999999,1.388398415367554,2.1816617262018805
10.0,20.0,0.44144144144144143,61.741166434919286,84.91499999999999,1.375338447638627,2.1856729924635476
10.0,20.0,0.44639639639639633,62.32193462959694,84.91499999999999,1.3625218874330887,2.18960949802085
10.0,20.0,0.4513513513513513,62.90270282427461,84.91499999999999,1.349941992750599,2.193473313626108
10.0,20.0,0.45630630630630625,63.48347101895227,84.91499999999999,1.337592268303187,2.1972664342558836
10.0,20.0,0.4612612612612612,64.06423921362995,84.91499999999999,1.3254664543325125,2.200990782545664
10.0,20.0,0.4662162162162162,64.6450074083076,84.91499999999999,1.3135585160299241,2.2046482120394133
10.0,20.0,0.47117117117117113,65.22577560298527,84.91499999999999,1.301862633521733,2.208240510265512
10.0,20.0,0.4761261261261261,65.80654379766294,84.91499999999999,1.2903731923847925,2.2117694016498253
10.0,20.0,0.48108108108108105,66.3873119923406,84.91499999999999,1.279084774659908,2.215236550275862
10.0,20.0,0.486036036036036,66.96808018701827,84.91499999999999,1.2679921503328495,2.2186435625013154
10.0,20.0,0.49099099099099097,67.54884838169593,84.91499999999999,1.2570902692548325,2.2219919894396227
10.0,20.0,0.49594594594594593,68.12961657637359,84.91499999999999,1.2463742534762383,2.225283329314603
10.0,20.0,0.5009009009009009,68.71038477105128,84.91499999999999,1.2358393899691267,2.228519029695679
10.0,20.0,0.5058558558558558,69.29115296572893,84.91499999999999,1.2254811237157295,2.2317004896206987
10.0,20.0,0.5108108108108108,69.8719211604066,84.91499999999999,1.2152950511416258,2.234829061612871
10.0,20.0,0.5157657657657657,70.45268935508426,84.91499999999999,1.205276913873722,2.237906053597965
10.0,20.0,0.5207207207207207,71.03345754976193,84.91499999999999,1.1954225928044324,2.2409327307274443
10.0,20.0,0.5256756756756756,71.6142257444396,84.91499999999999,1.1857281024446895,2.243910317112896
10.0,20.0,0.5306306306306307,72.19499393911727,84.91499999999999,1.1761895855495137,2.246839997476747
10.0,20.0,0.5355855855855856,72.77576213379493,84.91499999999999,1.1668033080009197,2.2497229187239354
10.0,20.0,0.5405405405405406,73.35653032847259,84.91499999999999,1.1575656539338952,2.2525601914389317
10.0,20.0,0.5454954954954955,73.93729852315026,84.91499999999999,1.1484731210920904,2.255352891312197
10.0,20.0,0.5504504504504505,74.51806671782794,84.91499999999999,1.1395223164006838,2.25810206049995
10.0,20.0,0.5554054054054054,75.09883491250558,84.91499999999999,1.1307099517446682,2.260808708920826
10.0,20.0,0.5603603603603604,75.67960310718325,84.91499999999999,1.1220328399415211,2.2634738154928415
10.0,20.0,0.5653153153153153,76.26037130186091,84.91499999999999,1.1134878908979018,2.2660983293138384
10.0,20.0,0.5702702702702703,76.84113949653859,84.91499999999999,1.1050721079406312,2.268683170788388
10.0,20.0,0.5752252252252252,77.42190769121625,84.91499999999999,1.0967825843128103,2.271229232703987
10.0,20.0,0.5801801801801801,78.00267588589391,84.91499999999999,1.0886164998264645,2.2737373812591666
10.0,20.0,0.5851351351351352,78.58344408057158,84.91499999999999,1.0805711176636221,2.2762084570460193
10.0,20.0,0.5900900900900901,79.16421227524924,84.91499999999999,1.0726437813181997,2.278643275989473
10.0,20.0,0.5950450450450451,79.74498046992692,84.91499999999999,1.0648319116715161,2.2810426302455236
10.0,20.0,0.6,80.32574866460457,84.91499999999999,1.057133004194677,2.283407289060502
20.0,0.0,0.05,20.8825985,84.91499999999999,4.066304296373844,0.731934773347292
20.0,0.0,0.054954954954954956,20.970063216216214,84.91499999999999,4.049344016013026,0.8011134647896041
20.0,0.0,0.05990990990990991,21.057527932432432,84.91499999999999,4.032524628364159,0.869717473901243
20.0,0.0,0.06486486486486487,21.14499264864865,84.91499999999999,4.015844385050037,0.9377539320765491
20.0,0.0,0.06981981981981983,21.232457364864864,84.91499999999999,3.9993015665024245,1.0052298532019608
20.0,0.0,0.07477477477477477,21.31992208108108,84.91499999999999,3.982894481371114,1.0721521360663864
20.0,0.0,0.07972972972972973,21.407386797297296,84.91499999999999,3.966621465947474,1.1385275667124912
20.0,0.0,0.08468468468468468,21.494851513513513,84.91499999999999,3.9504808836020624,1.2043628207305748
20.0,0.0,0.08963963963963964,21.58231622972973,84.91499999999999,3.9344711242359254,1.2696644654966742
20.0,0.0,0.0945945945945946,21.669780945945945,84.91499999999999,3.9185906037451743,1.334438962356465
20.0,0.0,0.09954954954954955,21.757245662162163,84.91499999999999,3.9028377634984803,1.3986926687564825
20.0,0.0,0.1045045045045045,21.844710378378377,84.91499999999999,3.8872110698271287,1.4624318403241523
20.0,0.0,0.10945945945945945,21.932175094594594,84.91499999999999,3.8717090135272607,1.5256626328980394
20.0,0.0,0.11441441441441441,22.01963981081081,84.91499999999999,3.8563301093739937,1.5883911045097208
20.0,0.0,0.11936936936936937,22.107104527027026,84.91499999999999,3.841072895647063,1.6506232173186028
20.0,0.0,0.12432432432432432,22.194569243243244,84.91499999999999,3.825935933667688,1.7123648395009976
20.0,0.0,0.1292792792792793,22.282033959459458,84.91499999999999,3.810917807346343,1.7736217470947035
20.0,0.0,0.13423423423423425,22.369498675675676,84.91499999999999,3.796017122741134,1.8343996258003104
20.0,0.0,0.13918918918918918,22.45696339189189,84.91499999999999,3.781232507626505,1.8947040727404163
20.0,0.0,0.14414414414414414,22.544428108108107,84.91499999999999,3.7665626110719703,1.9545405981778874
20.0,0.0,0.14909909909909907,22.631892824324325,84.91499999999999,3.75200610303063,2.0139146271942785
20.0,0.0,0.15405405405405403,22.71935754054054,84.91499999999999,3.73756167393718,2.072831501329485
20.0,0.0,0.159009009009009,22.806822256756757,84.91499999999999,3.7232280343151727,2.131296480183658
20.0,0.0,0.16396396396396395,22.89428697297297,84.91499999999999,3.7090039143932874,2.189314742982416
20.0,0.0,0.16891891891891891,22.98175168918919,84.91499999999999,3.6948880637303523,2.2468913901062955
20.0,0.0,0.17387387387387387,23.069216405405406,84.91499999999999,3.6808792508489083,2.3040314445854246
20.0,0.0,0.17882882882882883,23.15668112162162,84.91499999999999,3.6669762628770677,2.3607398535603177
20.0,0.0,0.1837837837837838,23.244145837837838,84.91499999999999,3.6531779051984623,2.4170214897096853
20.0,0.0,0.18873873873873875,23.331610554054052,84.91499999999999,3.6394830011100687,2.4728811526461385
20.0,0.0,0.1936936936936937,23.41907527027027,84.91499999999999,3.625890391487692,2.528323570280607
20.0,0.0,0.19864864864864862,23.506539986486487,84.91499999999999,3.612398934458929,2.5833534001563043
20.0,0.0,0.20360360360360358,23.5940047027027,84.91499999999999,3.599007505083397,2.6379752307530198
20.0,0.0,0.20855855855855854,23.68146941891892,84.91499999999999,3.585714995040052,2.6921935827625036
20.0,0.0,0.2135135135135135,23.768934135135133,84.91499999999999,3.57252031232141,2.7460129103356996
20.0,0.0,0.21846846846846846,23.85639885135135,84.91499999999999,3.5594223809344956,2.7994376023025356
20.0,0.0,0.22342342342342342,23.943863567567565,84.91499999999999,3.546420140608345,2.8524719833649823
20.0,0.0,0.22837837837837838,24.031328283783782,84.91499999999999,3.533512546507893,2.905120315264057
20.0,0.0,0.23333333333333334,24.118793,84.91499999999999,3.5206985689540926,2.957386797921438
20.0,0.0,0.2382882882882883,24.206257716216214,84.91499999999999,3.5079771931500954,3.009275570556325
20.0,0.0,0.24324324324324326,24.293722432432432,84.91499999999999,3.4953474189133473,3.060790712778175
20.0,0.0,0.24819819819819816,24.381187148648646,84.91499999999999,3.4828082604134596,3.111936245655918
20.0,0.0,0.2531531531531531,24.468651864864864,84.91499999999999,3.470358745915688,3.162716132764243
20.0,0.0,0.2581081081081081,24.556116581081078,84.91499999999999,3.4579979175299074,3.2131342812075188
20.0,0.0,0.26306306306306304,24.643581297297295,84.91499999999999,3.44572483096492,3.2631945426219136
20.0,0.0,0.268018018018018,24.731046013513513,84.91499999999999,3.43353855528799,3.3129007141562496
20.0,0.0,0.27297297297297296,24.818510729729727,84.91499999999999,3.42143817268945,3.362256539432119
20.0,0.0,0.2779279279279279,24.905975445945945,84.91499999999999,3.409422778252276,3.411265709483764
20.0,0.0,0.2828828828828829,24.99344016216216,84.91499999999999,3.3974914797264977,3.4599318636782277
20.0,0.0,0.28783783783783784,25.080904878378377,84.91499999999999,3.3856433973083284,3.5082585906162516
20.0,0.0,0.2927927927927928,25.168369594594594,84.91499999999999,3.3738776634239023,3.556249429014384
20.0,0.0,0.29774774774774776,25.25583431081081,84.91499999999999,3.3621934225175036,3.603907868568762
20.0,0.0,0.30270270270270266,25.343299027027026,84.91499999999999,3.3505898308441813,3.65123735080101
20.0,0.0,0.3076576576576576,25.43076374324324,84.91499999999999,3.339066056266645,3.6982412698866782
20.0,0.0,0.3126126126126126,25.518228459459458,84.91499999999999,3.3276212780563337,3.7449229734666414
20.0,0.0,0.31756756756756754,25.605693175675675,84.91499999999999,3.3162546866985676,3.7912857634418757
20.0,0.0,0.3225225225225225,25.69315789189189,84.91499999999999,3.3049654837016753,3.8373328967519993
20.0,0.0,0.32747747747747746,25.780622608108107,84.91499999999999,3.293752881410005,3.883067586137957
20.0,0.0,0.3324324324324324,25.86808732432432,84.91499999999999,3.2826161028207363,3.9284930008892487
20.0,0.0,0.3373873873873874,25.95555204054054,84.91499999999999,3.2715543814043877,3.9736122675760317
20.0,0.0,0.3423423423423423,26.043016756756757,84.91499999999999,3.260566960928946,4.018428470766485
20.0,0.0,0.34729729729729725,26.13048147297297,84.91499999999999,3.249653095287527,4.062944653729756
20.0,0.0,0.3522522522522522,26.21794618918919,84.91499999999999,3.238812048329483,4.107163819124846
20.0,0.0,0.35720720720720717,26.305410905405402,84.91499999999999,3.228043093694884,4.151088929675745
20.0,0.0,0.3621621621621621,26.39287562162162,84.91499999999999,3.2173455146522865,4.1947229088331435
20.0,0.0,0.3671171171171171,26.480340337837838,84.91499999999999,3.2067186039397195,4.238068641423034
20.0,0.0,0.37207207207207205,26.567805054054052,84.91499999999999,3.1961616636088115,4.281128974282505
20.0,0.0,0.377027027027027,26.65526977027027,84.91499999999999,3.185674004871983,4.323906716882999
20.0,0.0,0.38198198198198197,26.742734486486484,84.91499999999999,3.175254947952643,4.366404641941364
20.0,0.0,0.3869369369369369,26.8301992027027,84.91499999999999,3.1649038219383105,4.408625486018933
20.0,0.0,0.3918918918918919,26.91766391891892,84.91499999999999,3.154619964636604,4.450571950108939
20.0,0.0,0.3968468468468468,27.005128635135133,84.91499999999999,3.1444027224340263,4.492246700212503
20.0,0.0,0.40180180180180175,27.092593351351347,84.91499999999999,3.134251450157485,4.533652367903475
20.0,0.0,0.4067567567567567,27.180058067567565,84.91499999999999,3.124165510938488,4.574791550882359
20.0,0.0,0.41171171171171167,27.267522783783782,84.91499999999999,3.1141442760799536,4.615666813519584
20.0,0.0,0.41666666666666663,27.354987499999996,84.91499999999999,3.1041871249255735,4.65628068738836
20.0,0.0,0.4216216216216216,27.442452216216214,84.91499999999999,3.094293444731673,4.696635671787317
20.0,0.0,0.42657657657657655,27.52991693243243,84.91499999999999,3.084462630541517,4.736734234253216
20.0,0.0,0.4315315315315315,27.617381648648646,84.91499999999999,3.0746940850620064,4.776578811063895
20.0,0.0,0.43648648648648647,27.704846364864864,84.91499999999999,3.0649872185427,4.816171807731691
20.0,0.0,0.44144144144144143,27.792311081081078,84.91499999999999,3.0553414486571344,4.855515599487554
20.0,0.0,0.44639639639639633,27.879775797297295,84.91499999999999,3.0457562003863665,4.894612531756036
20.0,0.0,0.4513513513513513,27.96724051351351,84.91499999999999,3.036230905904709,4.933464920621381
20.0,0.0,0.45630630630630625,28.054705229729727,84.91499999999999,3.026765004467596,4.972075053284878
20.0,0.0,0.4612612612612612,28.142169945945945,84.91499999999999,3.0173579423015506,5.010445188513709
20.0,0.0,0.4662162162162162,28.22963466216216,84.91499999999999,3.008009172496184,5.048577557081432
20.0,0.0,0.47117117117117113,28.317099378378376,84.91499999999999,2.998718154898208,5.0864743622003115
20.0,0.0,0.4761261261261261,28.40456409459459,84.91499999999999,2.9894843560073987,5.124137779945654
20.0,0.0,0.48108108108108105,28.492028810810808,84.91499999999999,2.9803072488744804,5.1615699596723426
20.0,0.0,0.486036036036036,28.579493527027026,84.91499999999999,2.9711863130008815,5.198773024423704
20.0,0.0,0.49099099099099097,28.66695824324324,84.91499999999999,2.962121034240329,5.235749071332906
20.0,0.0,0.49594594594594593,28.754422959459458,84.91499999999999,2.9531109047022333,5.272500172017015
20.0,0.0,0.5009009009009009,28.84188767567567,84.91499999999999,2.944155422656839,5.3090283729639
20.0,0.0,0.5058558558558558,28.92935239189189,84.91499999999999,2.9352540924420887,5.345335695912106
20.0,0.0,0.5108108108108108,29.016817108108107,84.91499999999999,2.926406424372175,5.381424138223859
20.0,0.0,0.5157657657657657,29.10428182432432,84.91499999999999,2.917611934647742,5.417295673251347
20.0,0.0,0.5207207207207207,29.19174654054054,84.91499999999999,2.9088701452676986,5.452952250696422
20.0,0.0,0.5256756756756756,29.279211256756753,84.91499999999999,2.9001805839426154,5.488395796963836
20.0,0.0,0.5306306306306307,29.36667597297297,84.91499999999999,2.8915427840096646,5.523628215508192
20.0,0.0,0.5355855855855856,29.454140689189188,84.91499999999999,2.8829562843490826,5.558651387174691
20.0,0.0,0.5405405405405406,29.541605405405406,84.91499999999999,2.874420629302109,5.593467170533834
20.0,0.0,0.5454954954954955,29.629070121621616,84.91499999999999,2.8659353685903843,5.628077402210198
20.0,0.0,0.5504504504504505,29.716534837837834,84.91499999999999,2.857500057236767,5.662483897205399
20.0,0.0,0.5554054054054054,29.80399955405405,84.91499999999999,2.8491142554875504,5.696688449215378
20.0,0.0,0.5603603603603604,29.89146427027027,84.91499999999999,2.8407775287360395,5.730692830942108
20.0,0.0,0.5653153153153153,29.978928986486487,84.91499999999999,2.8324894474474682,5.764498794399848
20.0,0.0,0.5702702702702703,30.066393702702705,84.91499999999999,2.824249587085227,5.798108071216051
20.0,0.0,0.5752252252252252,30.153858418918915,84.91499999999999,2.816057528038377,5.831522372927038
20.0,0.0,0.5801801801801801,30.241323135135133,84.91499999999999,2.807912855550411,5.864743391268534
20.0,0.0,0.5851351351351352,30.32878785135135,84.91499999999999,2.7998151596492655,5.897772798461182
20.0,0.0,0.5900900900900901,30.416252567567565,84.91499999999999,2.7917640350785256,5.930612247491138
20.0,0.0,0.5950450450450451,30.503717283783782,84.91499999999999,2.7837590812298156,5.963263372385817
20.0,0.0,0.6,30.591181999999996,84.91499999999999,2.7757999020763564,5.99572778848493
20.0,10.0,0.05,23.42355019787305,84.91499999999999,3.625197687057302,0.6525355836703144
20.0,10.0,0.054954954954954956,23.76282093820281,84.91499999999999,3.5734393749306324,0.7069615195808711
20.0,10.0,0.05990990990990991,24.102091678532574,84.91499999999999,3.523138204458524,0.7598552127453789
20.0,10.0,0.06486486486486487,24.441362418862333,84.91499999999999,3.4742334958573275,0.8112804703839814
20.0,10.0,0.06981981981981983,24.780633159192096,84.91499999999999,3.426667892402165,0.8612976053875714
20.0,10.0,0.07477477477477477,25.11990389952186,84.91499999999999,3.380387136019907,0.9099636722907642
20.0,10.0,0.07972972972972973,25.459174639851618,84.91499999999999,3.3353398608249187,0.9573326843773146
20.0,10.0,0.08468468468468468,25.79844538018138,84.91499999999999,3.2914774029458584,1.0034558136548455
20.0,10.0,0.08963963963963964,26.137716120511143,84.91499999999999,3.248753625163307,1.0483815752554024
20.0,10.0,0.0945945945945946,26.476986860840903,84.91499999999999,3.2071247550297386,1.0921559976587758
20.0,10.0,0.09954954954954955,26.816257601170665,84.91499999999999,3.1665492352778197,1.134822779994159
20.0,10.0,0.1045045045045045,27.15552834150043,84.91499999999999,3.1269875854423597,1.1764234375502067
20.0,10.0,0.10945945945945945,27.494799081830188,84.91499999999999,3.088402273727313,1.216997436512006
20.0,10.0,0.11441441441441441,27.83406982215995,84.91499999999999,3.0507575982436945,1.2565823188441596
20.0,10.0,0.11936936936936937,28.173340562489713,84.91499999999999,3.0140195768284834,1.2952138181506188
20.0,10.0,0.12432432432432432,28.512611302819472,84.91499999999999,2.978155844729773,1.3329259672628389
20.0,10.0,0.1292792792792793,28.851882043149235,84.91499999999999,2.943135559510674,1.36975119823713
20.0,10.0,0.13423423423423425,29.191152783478998,84.91499999999999,2.9089293125846822,1.4057204353787602
20.0,10.0,0.13918918918918918,29.530423523808757,84.91499999999999,2.8755090468491824,1.4408631818536173
20.0,10.0,0.14414414414414414,29.86969426413852,84.91499999999999,2.8428479799322464,1.4752076003972738
20.0,10.0,0.14909909909909907,30.20896500446828,84.91499999999999,2.810920532611429,1.508780588585486
20.0,10.0,0.15405405405405403,30.548235744798042,84.91499999999999,2.7797022620024756,1.5416078490889404
20.0,10.0,0.159009009009009,30.887506485127805,84.91499999999999,2.7491697991511934,1.5737139552978991
20.0,10.0,0.16396396396396395,31.226777225457564,84.91499999999999,2.7193007906936106,1.6051224126688772
20.0,10.0,0.16891891891891891,31.566047965787327,84.91499999999999,2.69007384427834,1.6358557161152067
20.0,10.0,0.17387387387387387,31.90531870611709,84.91499999999999,2.6614684774711104,1.6659354037359706
20.0,10.0,0.17882882882882883,32.24458944644685,84.91499999999999,2.633465069884991,1.695382107152986
20.0,10.0,0.1837837837837838,32.58386018677661,84.91499999999999,2.606044818301201,1.724215598703065
20.0,10.0,0.18873873873873875,32.92313092710638,84.91499999999999,2.579189694564787,1.7524548357123986
20.0,10.0,0.1936936936936937,33.26240166743614,84.91499999999999,2.5528824060570376,1.780118002061394
20.0,10.0,0.19864864864864862,33.601672407765896,84.91499999999999,2.5271063585625204,1.8072225472314671
20.0,10.0,0.20360360360360358,33.940943148095656,84.91499999999999,2.5018456213631874,1.83378522300999
20.0,10.0,0.20855855855855854,34.28021388842542,84.91499999999999,2.4770848944052593,1.8598221180156242
20.0,10.0,0.2135135135135135,34.61948462875518,84.91499999999999,2.4528094773966975,1.8853486901935694
20.0,10.0,0.21846846846846846,34.95875536908494,84.91499999999999,2.429005240704102,1.9103797974186316
20.0,10.0,0.22342342342342342,35.29802610941471,84.91499999999999,2.405658597927985,1.9349297263334282
20.0,10.0,0.22837837837837838,35.637296849744466,84.91499999999999,2.382756480044554,1.9590122195393334
20.0,10.0,0.23333333333333334,35.976567590074225,84.91499999999999,2.360286311010605,1.9826405012489083
20.0,10.0,0.2382882882882883,36.31583833040399,84.91499999999999,2.3382359847358467,2.0058273015004264
20.0,10.0,0.24324324324324326,36.65510907073375,84.91499999999999,2.3165938433340525,2.028584879027657
20.0,10.0,0.24819819819819816,36.99437981106351,84.91499999999999,2.295348656570947,2.05092504287123
20.0,10.0,0.2531531531531531,37.333650551393276,84.91499999999999,2.274489602432704,2.0728591728116426
20.0,10.0,0.2581081081081081,37.672921291723036,84.91499999999999,2.2540062487444086,2.0943982386981825
20.0,10.0,0.26306306306306304,38.012192032052795,84.91499999999999,2.233888535772881,2.1155528187427497
20.0,10.0,0.268018018018018,38.35146277238256,84.91499999999999,2.2141267597529164,2.1363331168426787
20.0,10.0,0.27297297297297296,38.69073351271232,84.91499999999999,2.1947115572802494,2.1567489789921583
20.0,10.0,0.2779279279279279,39.03000425304208,84.91499999999999,2.1756338905185117,2.176809908837711
20.0,10.0,0.2828828828828829,39.369274993371846,84.91499999999999,2.1568850331710747,2.196525082429354
20.0,10.0,0.28783783783783784,39.708545733701605,84.91499999999999,2.138456557172039,2.215903362215567
20.0,10.0,0.2927927927927928,40.047816474031364,84.91499999999999,2.120340320053712,2.234953310326886
20.0,10.0,0.29774774774774776,40.38708721436113,84.91499999999999,2.102528452950806,2.2536832011899723
20.0,10.0,0.30270270270270266,40.72635795469088,84.91499999999999,2.0850133492042207,2.2721010335111935
20.0,10.0,0.3076576576576576,41.06562869502065,84.91499999999999,2.067787653529732,2.2902145416661734
20.0,10.0,0.3126126126126126,41.404899435350416,84.91499999999999,2.050844251719201,2.3080312065293924
20.0,10.0,0.31756756756756754,41.744170175680175,84.91499999999999,2.0341762608439824,2.3255582657756877
20.0,10.0,0.3225225225225225,42.083440916009934,84.91499999999999,2.0177770199322156,2.3428027236834588
20.0,10.0,0.32747747747747746,42.4227116563397,84.91499999999999,2.0016400810934534,2.3597713604674713
20.0,10.0,0.3324324324324324,42.76198239666946,84.91499999999999,1.9857592010657963,2.376470741167391
20.0,10.0,0.3373873873873874,43.10125313699922,84.91499999999999,1.970128333162239,2.392907224116514
20.0,10.0,0.3423423423423423,43.440523877328985,84.91499999999999,1.9547416195944167,2.4090869690136594
20.0,10.0,0.34729729729729725,43.77979461765874,84.91499999999999,1.9395933841532738,2.4250159446197417
20.0,10.0,0.3522522522522522,44.119065357988504,84.91499999999999,1.9246781252274352,2.440699936099223
20.0,10.0,0.35720720720720717,44.45833609831827,84.91499999999999,1.909990509141256,2.456144552025431
20.0,10.0,0.3621621621621621,44.79760683864802,84.91499999999999,1.8955253637955876,2.471355231067544
20.0,10.0,0.3671171171171171,45.13687757897779,84.91499999999999,1.8812776725953373,2.4863372483759996
20.0,10.0,0.37207207207207205,45.476148319307555,84.91499999999999,1.8672425686488516,2.5010957216820833
20.0,10.0,0.377027027027027,45.815419059637314,84.91499999999999,1.8534153292250208,2.515635617126501
20.0,10.0,0.38198198198198197,46.15468979996707,84.91499999999999,1.8397913704548519,2.529961754830888
20.0,10.0,0.3869369369369369,46.49396054029684,84.91499999999999,1.8263662422650186,2.5440788142253803
20.0,10.0,0.3918918918918919,46.8332312806266,84.91499999999999,1.813135623531631,2.557991339144625
20.0,10.0,0.3968468468468468,47.17250202095636,84.91499999999999,1.8000953174431271,2.571703742703883
20.0,10.0,0.40180180180180175,47.511772761286124,84.91499999999999,1.7872412470618446,2.585220311966214
20.0,10.0,0.4067567567567567,47.85104350161588,84.91499999999999,1.7745694510744057,2.598545212411116
20.0,10.0,0.41171171171171167,48.19031424194564,84.91499999999999,1.7620760797216088,2.6116824922144057
20.0,10.0,0.41666666666666663,48.52958498227541,84.91499999999999,1.7497573908990511,2.6246360863485765
20.0,10.0,0.4216216216216216,48.86885572260517,84.91499999999999,1.7376097464201732,2.6374098205123495
20.0,10.0,0.42657657657657655,49.20812646293493,84.91499999999999,1.7256296084338951,2.650007414897673
20.0,10.0,0.4315315315315315,49.547397203264694,84.91499999999999,1.7138135359894326,2.662432487801962
20.0,10.0,0.43648648648648647,49.88666794359445,84.91499999999999,1.7021581817412852,2.6746885590929277
20.0,10.0,0.44144144144144143,50.22593868392421,84.91499999999999,1.690660288787767,2.686779053532992
20.0,10.0,0.44639639639639633,50.56520942425398,84.91499999999999,1.6793166876368137,2.698707303969863
20.0,10.0,0.4513513513513513,50.90448016458373,84.91499999999999,1.6681242932931222,2.710476554399527
20.0,10.0,0.45630630630630625,51.2437509049135,84.91499999999999,1.6570801024609996,2.7220899629075554
20.0,10.0,0.4612612612612612,51.583021645243264,84.91499999999999,1.6461811908576016,2.733550604494352
20.0,10.0,0.4662162162162162,51.922292385573016,84.91499999999999,1.635424710631502,2.744861473789629
20.0,10.0,0.47117117117117113,52.26156312590278,84.91499999999999,1.6248078878818102,2.756025487661146
20.0,10.0,0.4761261261261261,52.60083386623254,84.91499999999999,1.6143280202733012,2.7670454877225072
20.0,10.0,0.48108108108108105,52.94010460656231,84.91499999999999,1.6039824747432434,2.7779242427445143
20.0,10.0,0.486036036036036,53.27937534689207,84.91499999999999,1.5937686852958444,2.7886644509744043
20.0,10.0,0.49099099099099097,53.618646087221826,84.91499999999999,1.5836841508804262,2.7992687423670235
20.0,10.0,0.49594594594594593,53.95791682755159,84.91499999999999,1.573726433349653,2.80973968073184
20.0,10.0,0.5009009009009009,54.29718756788135,84.91499999999999,1.5638931554943027,2.8200797657994565
20.0,10.0,0.5058558558558558,54.63645830821111,84.91499999999999,1.5541819991512595,2.8302914352111315
20.0,10.0,0.5108108108108108,54.97572904854088,84.91499999999999,1.5445907033815633,2.840377066434637
20.0,10.0,0.5157657657657657,55.31499978887064,84.91499999999999,1.5351170627155073,2.850338978609604
20.0,10.0,0.5207207207207207,55.6542705292004,84.91499999999999,1.5257589254619233,2.8601794343253784
20.0,10.0,0.5256756756756756,55.993541269530155,84.91499999999999,1.5165141920789345,2.869900641334243
20.0,10.0,0.5306306306306307,56.33281200985993,84.91499999999999,1.5073808136035767,2.8795047542027246
20.0,10.0,0.5355855855855856,56.67208275018968,84.91499999999999,1.4983567901378352,2.8889938759035987
20.0,10.0,0.5405405405405406,57.011353490519454,84.91499999999999,1.489440169388729,2.8983700593510404
20.0,10.0,0.5454954954954955,57.350624230849206,84.91499999999999,1.4806290452602215,2.907635308881289
20.0,10.0,0.5504504504504505,57.68989497117897,84.91499999999999,1.4719215564948123,2.9167915816810717
20.0,10.0,0.5554054054054054,58.02916571150873,84.91499999999999,1.4633158853627821,2.9258407891659086
20.0,10.0,0.5603603603603604,58.3684364518385,84.91499999999999,1.4548102563971512,2.9347847983103614
20.0,10.0,0.5653153153153153,58.70770719216826,84.91499999999999,1.4464029351725023,2.9436254329321465
20.0,10.0,0.5702702702702703,59.046977932498024,84.91499999999999,1.4380922271259007,2.9523644749319846
20.0,10.0,0.5752252252252252,59.38624867282778,84.91499999999999,1.4298764764182337,2.9610036654909475
20.0,10.0,0.5801801801801801,59.725519413157535,84.91499999999999,1.4217540648343565,2.9695447062270017
20.0,10.0,0.5851351351351352,60.06479015348731,84.91499999999999,1.4137234107205134,2.977989260312347
20.0,10.0,0.5900900900900901,60.40406089381706,84.91499999999999,1.4057829679575709,2.9863389535531097
20.0,10.0,0.5950450450450451,60.74333163414683,84.91499999999999,1.3979312249686529,2.9945953754328496
20.0,10.0,0.6,61.08260237447658,84.91499999999999,1.3901667037598548,3.0027600801212864
20.0,20.0,0.05,25.860479055383713,84.91499999999999,3.283581863203038,0.5910447353765468
20.0,20.0,0.054954954954954956,26.44124725006138,84.91499999999999,3.2114597014633217,0.6353482436408517
20.0,20.0,0.05990990990990991,27.022015444739047,84.91499999999999,3.1424376976489445,0.6777473737091507
20.0,20.0,0.06486486486486487,27.602783639416714,84.91499999999999,3.076320167895732,0.7183623310978142
20.0,20.0,0.06981981981981983,28.183551834094377,84.91499999999999,3.0129275578841734,0.757303413197914
20.0,20.0,0.07477477477477477,28.76432002877204,84.91499999999999,2.9520948145154207,0.794672009529016
20.0,20.0,0.07972972972972973,29.345088223449707,84.91499999999999,2.8936699509440995,0.8305614832169281
20.0,20.0,0.08468468468468468,29.925856418127374,84.91499999999999,2.8375127787007406,0.8650579498309284
20.0,20.0,0.08963963963963964,30.50662461280504,84.91499999999999,2.7834937846370993,0.8982409672585666
20.0,20.0,0.0945945945945946,31.087392807482704,84.91499999999999,2.731493133755528,0.9301841482518824
20.0,20.0,0.09954954954954955,31.668161002160367,84.91499999999999,2.6813997817621043,0.9609557055720407
20.0,20.0,0.1045045045045045,32.248929196838034,84.91499999999999,2.633110683511495,0.9906189382291894
20.0,20.0,0.10945945945945945,32.8296973915157,84.91499999999999,2.586530085469045,1.019232666111856
20.0,20.0,0.11441441441441441,33.41046558619337,84.91499999999999,2.541568891966908,1.0468516192858293
20.0,20.0,0.11936936936936937,33.991233780871035,84.91499999999999,2.498144096428383,1.0735267873840888
20.0,20.0,0.12432432432432432,34.572001975548694,84.91499999999999,2.4561782699207515,1.099305733780747
20.0,20.0,0.1292792792792793,35.15277017022636,84.91499999999999,2.415599100406635,1.1242328786216826
20.0,20.0,0.13423423423423425,35.73353836490403,84.91499999999999,2.3763389769259438,1.1483497542550238
20.0,20.0,0.13918918918918918,36.314306559581695,84.91499999999999,2.3383346136784424,1.171695236151306
20.0,20.0,0.14414414414414414,36.895074754259355,84.91499999999999,2.3015267096103926,1.1943057520140417
20.0,20.0,0.14909909909909907,37.47584294893702,84.91499999999999,2.2658596396537773,1.216215471446595
20.0,20.0,0.15405405405405403,38.05661114361469,84.91499999999999,2.2312811742368557,1.2374564782524398
20.0,20.0,0.159009009009009,38.637379338292355,84.91499999999999,2.1977422240913547,1.258058927196078
20.0,20.0,0.16396396396396395,39.21814753297002,84.91499999999999,2.1651966077340448,1.278051186835447
20.0,20.0,0.16891891891891891,39.79891572764768,84.91499999999999,2.133600839306556,1.2974599698485814
20.0,20.0,0.17387387387387387,40.37968392232535,84.91499999999999,2.102913934723786,1.3163104521135915
20.0,20.0,0.17882882882882883,40.960452117003015,84.91499999999999,2.073097234313756,1.3346263816582076
20.0,20.0,0.1837837837837838,41.54122031168068,84.91499999999999,2.044114240334999,1.3524301784702912
20.0,20.0,0.18873873873873875,42.12198850635835,84.91499999999999,2.0159304679355774,1.3697430260513628
20.0,20.0,0.1936936936936937,42.702756701036016,84.91499999999999,1.9885133082740736,1.3865849554992191
20.0,20.0,0.19864864864864862,43.283524895713676,84.91499999999999,1.9618319026602438,1.4029749228213524
20.0,20.0,0.20360360360360358,43.86429309039134,84.91499999999999,1.9358570266940192,1.418930880106535
20.0,20.0,0.20855855855855854,44.445061285069,84.91499999999999,1.910560983488318,1.434469841116364
20.0,20.0,0.2135135135135135,45.025829479746676,84.91499999999999,1.8859175051554817,1.4496079418005918
20.0,20.0,0.21846846846846846,45.606597674424336,84.91499999999999,1.8619016618207274,1.4643604961887342
20.0,20.0,0.22342342342342342,46.18736586910201,84.91499999999999,1.8384897775000768,1.4787420480649265
20.0,20.0,0.22837837837837838,46.76813406377967,84.91499999999999,1.8156593522460793,1.4927664187925875
20.0,20.0,0.23333333333333334,47.348902258457336,84.91499999999999,1.7933889900231572,1.506446751619452
20.0,20.0,0.2382882882882883,47.929670453135,84.91499999999999,1.7716583318266033,1.5197955527615241
20.0,20.0,0.24324324324324326,48.51043864781266,84.91499999999999,1.7504479936057806,1.5328247295358728
20.0,20.0,0.24819819819819816,49.09120684249033,84.91499999999999,1.7297395085936813,1.5455456257866782
20.0,20.0,0.2531531531531531,49.671975037168,84.91499999999999,1.7095152736822068,1.5579690548260543
20.0,20.0,0.2581081081081081,50.252743231845656,84.91499999999999,1.6897584995158736,1.5701053300906955
20.0,20.0,0.26306306306306304,50.83351142652332,84.91499999999999,1.6704531640065696,1.5819642936970324
20.0,20.0,0.268018018018018,51.41427962120099,84.91499999999999,1.6515839689988534,1.5935553430610558
20.0,20.0,0.27297297297297296,51.995047815878664,84.91499999999999,1.6331362998394623,1.604887455734131
20.0,20.0,0.2779279279279279,52.57581601055632,84.91499999999999,1.6150961876264653,1.6159692125927498
20.0,20.0,0.2828828828828829,53.15658420523399,84.91499999999999,1.59745027393312,1.6268088195081072
20.0,20.0,0.28783783783783784,53.73735239991166,84.91499999999999,1.5801857778192212,1.637414127610512
20.0,20.0,0.2927927927927928,54.318120594589324,84.91499999999999,1.5632904649587316,1.6477926522537982
20.0,20.0,0.29774774774774776,54.89888878926699,84.91499999999999,1.5467526187269804,1.6579515907760012
20.0,20.0,0.30270270270270266,55.47965698394465,84.91499999999999,1.5305610131038425,1.6678978391445114
20.0,20.0,0.3076576576576576,56.06042517862232,84.91499999999999,1.5147048872611988,1.6776380075665924
20.0,20.0,0.3126126126126126,56.64119337329998,84.91499999999999,1.499173921713803,1.6871784351395338
20.0,20.0,0.31756756756756754,57.221961567977644,84.91499999999999,1.4839582159224656,1.6965252036086564
20.0,20.0,0.3225225225225225,57.80272976265531,84.91499999999999,1.4690482672474259,1.7056841502959301
20.0,20.0,0.32747747747747746,58.38349795733298,84.91499999999999,1.4544349511578838,1.714660880256943
20.0,20.0,0.3324324324324324,58.964266152010644,84.91499999999999,1.4401095026110902,1.7234607777194344
20.0,20.0,0.3373873873873874,59.54503434668831,84.91499999999999,1.4260634985211436,1.7320890168524377
20.0,20.0,0.3423423423423423,60.125802541365964,84.91499999999999,1.4122888412438122,1.7405505719112926
20.0,20.0,0.34729729729729725,60.70657073604364,84.91499999999999,1.3987777430093404,1.7488502268003265
20.0,20.0,0.3522522522522522,61.287338930721305,84.91499999999999,1.3855227112403623,1.7569925840918321
20.0,20.0,0.35720720720720717,61.868107125398964,84.91499999999999,1.3725165346967516,1.7649820735370658
20.0,20.0,0.3621621621621621,62.44887532007663,84.91499999999999,1.359752270393583,1.772822960102336
20.0,20.0,0.3671171171171171,63.0296435147543,84.91499999999999,1.3472232312423384,1.7805193515608202
20.0,20.0,0.37207207207207205,63.610411709431965,84.91499999999999,1.3349229743691322,1.7880752056684917
20.0,20.0,0.377027027027027,64.19117990410962,84.91499999999999,1.3228452900670797,1.7954943369505065
20.0,20.0,0.38198198198198197,64.7719480987873,84.91499999999999,1.3109841913430085,1.8027804231224938
20.0,20.0,0.3869369369369369,65.35271629346497,84.91499999999999,1.2993339040215408,1.8099370111694653
20.0,20.0,0.3918918918918919,65.93348448814262,84.91499999999999,1.2878888573721745,1.8169675231034463
20.0,20.0,0.3968468468468468,66.51425268282028,84.91499999999999,1.2766436752274053,1.8238752614194766
20.0,20.0,0.40180180180180175,67.09502087749794,84.91499999999999,1.265593167562132,1.8306634142682512
20.0,20.0,0.4067567567567567,67.67578907217563,84.91499999999999,1.2547323225066338,1.8373350603624168
20.0,20.0,0.41171171171171167,68.25655726685329,84.91499999999999,1.2440562987673034,1.8438931736324031
20.0,20.0,0.41666666666666663,68.83732546153095,84.91499999999999,1.2335604184310427,1.850340627646564
20.0,20.0,0.4216216216216216,69.41809365620861,84.91499999999999,1.223240160130865,1.8566801998094422
20.0,20.0,0.42657657657657655,69.99886185088629,84.91499999999999,1.213091152551716,1.8629145753510405
20.0,20.0,0.4315315315315315,70.57963004556396,84.91499999999999,1.203109168256926,1.8690463511191377
20.0,20.0,0.43648648648648647,71.16039824024162,84.91499999999999,1.193290117816964,1.8750780391858997
20.0,20.0,0.44144144144144143,71.74116643491928,84.91499999999999,1.1836300442233747,1.8810120702793092
20.0,20.0,0.44639639639639633,72.32193462959694,84.91499999999999,1.1741251175718617,1.8868507970492672
20.0,20.0,0.4513513513513513,72.90270282427461,84.91499999999999,1.1647716299995068,1.8925964971775766
20.0,20.0,0.45630630630630625,73.48347101895227,84.91499999999999,1.1555659908620728,1.8982513763404534
20.0,20.0,0.4612612612612612,74.06423921362995,84.91499999999999,1.1465047221382,1.9038175710316487
20.0,20.0,0.4662162162162162,74.6450074083076,84.91499999999999,1.1375844540481537,1.9092971512537928
20.0,20.0,0.47117117117117113,75.22577560298527,84.91499999999999,1.128801920875512,1.9146921230850573
20.0,20.0,0.4761261261261261,75.80654379766294,84.91499999999999,1.1201539569809258,1.9200044311278464
20.0,20.0,0.48108108108108105,76.3873119923406,84.91499999999999,1.1116374929977175,1.9252359608457765
20.0,20.0,0.486036036036036,76.96808018701827,84.91499999999999,1.1032495521997192,1.9303885407948598
20.0,20.0,0.49099099099099097,77.54884838169593,84.91499999999999,1.0949872470323196,1.9354639447544244
20.0,20.0,0.49594594594594593,78.12961657637359,84.91499999999999,1.0868477757982278,1.940463893762998
20.0,20.0,0.5009009009009009,78.71038477105128,84.91499999999999,1.0788284194899616,1.9453900580640604
20.0,20.0,0.5058558558558558,79.29115296572893,84.91499999999999,1.0709265387615412,1.9502440589662873
20.0,20.0,0.5108108108108108,79.8719211604066,84.91499999999999,1.0631395710322955,1.955027470622632
20.0,20.0,0.5157657657657657,80.45268935508426,84.91499999999999,1.0554650277161148,1.9597418217323535
20.0,20.0,0.5207207207207207,81.03345754976193,84.91499999999999,1.0479004915698487,1.964388597169857
20.0,20.0,0.5256756756756756,81.6142257444396,84.91499999999999,1.040443614154917,1.9689692395439806
20.0,20.0,0.5306306306306307,82.19499393911727,84.91499999999999,1.033092113406535,1.9734851506911861
20.0,20.0,0.5355855855855856,82.77576213379493,84.91499999999999,1.0258437713052682,1.9779376931058874
20.0,20.0,0.5405405405405406,83.35653032847259,84.91499999999999,1.0186964316459206,1.982328191310981
20.0,20.0,0.5454954954954955,83.93729852315026,84.91499999999999,1.0116479978990518,1.986657933171489
20.0,20.0,0.5504504504504505,84.51806671782794,84.91499999999999,1.0046964311606565,1.9909281711540363
20.0,20.0,0.5554054054054054,85.09883491250558,84.91499999999999,0.9978397481858053,1.9951401235347535
20.0,20.0,0.5603603603603604,85.67960310718325,84.91499999999999,0.9910760195022523,1.9992949755580574
20.0,20.0,0.5653153153153153,86.26037130186091,84.91499999999999,0.9844033676002517,2.00339388054862
20.0,20.0,0.5702702702702703,86.84113949653859,84.91499999999999,0.9778199651950057,2.00743796097872
20.0,20.0,0.5752252252252252,87.42190769121625,84.91499999999999,0.9713240335583738,2.0114283094930436
20.0,20.0,0.5801801801801801,88.00267588589391,84.91499999999999,0.9649138409166391,2.0153659898929153
20.0,20.0,0.5851351351351352,88.58344408057158,84.91499999999999,0.958587700911302,2.0192520380818078
20.0,20.0,0.5900900900900901,89.16421227524924,84.91499999999999,0.9523439711200278,2.023087462973897
20.0,20.0,0.5950450450450451,89.74498046992692,84.91499999999999,0.9461810516350224,2.026873247367348
20.0,20.0,0.6,90.32574866460457,84.91499999999999,0.9400973836962521,2.0306103487839047
40.0,0.0,0.05,40.8825985,84.91499999999999,2.0770450782378718,0.37386811408281695
40.0,0.0,0.054954954954954956,40.97006321621622,84.91499999999999,2.072610909870163,0.4100408610878268
40.0,0.0,0.05990990990990991,41.057527932432436,84.91499999999999,2.0681956336909257,0.4460594907257726
40.0,0.0,0.06486486486486487,41.144992648648646,84.91499999999999,2.0637991292189213,0.48192498585004
40.0,0.0,0.06981981981981983,41.232457364864864,84.91499999999999,2.0594212769951965,0.5176383209744684
40.0,0.0,0.07477477477477477,41.31992208108108,84.91499999999999,2.055061958572268,0.5532004623616159
40.0,0.0,0.07972972972972973,41.4073867972973,84.91499999999999,2.0507210565034373,0.5886123681099056
40.0,0.0,0.08468468468468468,41.49485151351351,84.91499999999999,2.0463984543322433,0.6238749882396677
40.0,0.0,0.08963963963963964,41.58231622972973,84.91499999999999,2.042094036582048,0.6589892647780988
40.0,0.0,0.0945945945945946,41.669780945945945,84.91499999999999,2.0378076887457546,0.6939561318431489
40.0,0.0,0.09954954954954955,41.75724566216216,84.91499999999999,2.0335392972756514,0.728776515726355
40.0,0.0,0.1045045045045045,41.84471037837838,84.91499999999999,2.029288749573387,0.7634513349746365
40.0,0.0,0.10945945945945945,41.93217509459459,84.91499999999999,2.025055933980068,0.7979815004710646
40.0,0.0,0.11441441441441441,42.01963981081081,84.91499999999999,2.020840739766481,0.8323679155146263
40.0,0.0,0.11936936936936937,42.107104527027026,84.91499999999999,2.0166430571234395,0.8666114758989916
40.0,0.0,0.12432432432432432,42.194569243243244,84.91499999999999,2.012462777152245,0.9007130699903021
40.0,0.0,0.1292792792792793,42.28203395945946,84.91499999999999,2.0082997918552725,0.9346735788039945
40.0,0.0,0.13423423423423425,42.36949867567567,84.91499999999999,2.0041539941266686,0.9684938760806713
40.0,0.0,0.13918918918918918,42.45696339189189,84.91499999999999,2.0000252777431657,1.002174828361035
40.0,0.0,0.14414414414414414,42.54442810810811,84.91499999999999,1.9959135373550105,1.0357172950598974
40.0,0.0,0.14909909909909907,42.631892824324325,84.91499999999999,1.9918186684770034,1.0691221285392778
40.0,0.0,0.15405405405405403,42.71935754054054,84.91499999999999,1.987740567479647,1.1023901741806041
40.0,0.0,0.159009009009009,42.80682225675675,84.91499999999999,1.983679131580405,1.1355222704560264
40.0,0.0,0.16396396396396395,42.89428697297297,84.91499999999999,1.9796342588350664,1.1685192489988607
40.0,0.0,0.16891891891891891,42.98175168918919,84.91499999999999,1.9756058481292165,1.201381934673172
40.0,0.0,0.17387387387387387,43.069216405405406,84.91499999999999,1.971593799169811,1.2341111456425087
40.0,0.0,0.17882882882882883,43.156681121621624,84.91499999999999,1.9675980124768522,1.2667076934378005
40.0,0.0,0.1837837837837838,43.244145837837834,84.91499999999999,1.9636183893751677,1.2991723830244353
40.0,0.0,0.18873873873873875,43.33161055405405,84.91499999999999,1.9596548319862865,1.3315060128685203
40.0,0.0,0.1936936936936937,43.41907527027027,84.91499999999999,1.9557072432204157,1.3637093750023441
40.0,0.0,0.19864864864864862,43.50653998648649,84.91499999999999,1.951775526768512,1.395783255089049
40.0,0.0,0.20360360360360358,43.594004702702705,84.91499999999999,1.9478595870944497,1.4277284324865263
40.0,0.0,0.20855855855855854,43.681469418918915,84.91499999999999,1.9439593294272832,1.4595456803105387
40.0,0.0,0.2135135135135135,43.76893413513513,84.91499999999999,1.9400746597535994,1.491235765497091
40.0,0.0,0.21846846846846846,43.85639885135135,84.91499999999999,1.9362054848099663,1.5227994488640546
40.0,0.0,0.22342342342342342,43.94386356756757,84.91499999999999,1.9323517120754685,1.5542374851720524
40.0,0.0,0.22837837837837838,44.031328283783786,84.91499999999999,1.9285132497643314,1.5855506231846206
40.0,0.0,0.23333333333333334,44.118793,84.91499999999999,1.9246900068186361,1.6167396057276544
40.0,0.0,0.2382882882882883,44.206257716216214,84.91499999999999,1.9208818929011167,1.647805169748147
40.0,0.0,0.24324324324324326,44.29372243243243,84.91499999999999,1.9170888183880463,1.6787480463722353
40.0,0.0,0.24819819819819816,44.38118714864865,84.91499999999999,1.9133106943622067,1.7095689609625553
40.0,0.0,0.2531531531531531,44.46865186486487,84.91499999999999,1.9095474326059387,1.7402686331749257
40.0,0.0,0.2581081081081081,44.55611658108108,84.91499999999999,1.9057989455942768,1.7708477770143576
40.0,0.0,0.26306306306306304,44.643581297297295,84.91499999999999,1.902065146488163,1.8013071008904114
40.0,0.0,0.268018018018018,44.73104601351351,84.91499999999999,1.8983459491277417,1.831647307671902
40.0,0.0,0.27297297297297296,44.81851072972973,84.91499999999999,1.8946412680257316,1.8618690947409624
40.0,0.0,0.2779279279279279,44.90597544594594,84.91499999999999,1.8909510183608764,1.891973154046477
40.0,0.0,0.2828828828828829,44.99344016216216,84.91499999999999,1.8872751159714702,1.921960172156892
40.0,0.0,0.28783783783783784,45.08090487837838,84.91499999999999,1.8836134773489601,1.9518308303124092
40.0,0.0,0.2927927927927928,45.168369594594594,84.91499999999999,1.8799660196316224,1.981585804476575
40.0,0.0,0.29774774774774776,45.25583431081081,84.91499999999999,1.8763326605983113,2.011225765387271
40.0,0.0,0.30270270270270266,45.34329902702702,84.91499999999999,1.872713318662282,2.0407513786071134
40.0,0.0,0.3076576576576576,45.43076374324324,84.91499999999999,1.8691079128650816,2.070163304573271
40.0,0.0,0.3126126126126126,45.51822845945946,84.91499999999999,1.8655163628705154,2.0994621986467097
40.0,0.0,0.31756756756756754,45.605693175675675,84.91499999999999,1.8619385889586784,2.1286487111608676
40.0,0.0,0.3225225225225225,45.693157891891886,84.91499999999999,1.8583745120200568,2.157723487469774
40.0,0.0,0.32747747747747746,45.780622608108104,84.91499999999999,1.8548240535496974,2.186687167995616
40.0,0.0,0.3324324324324324,45.86808732432432,84.91499999999999,1.851287135641444,2.2155403882757603
40.0,0.0,0.3373873873873874,45.95555204054054,84.91499999999999,1.8477636809822382,2.2442837790092374
40.0,0.0,0.3423423423423423,46.04301675675676,84.91499999999999,1.844253612846487,2.2729179661026975
40.0,0.0,0.34729729729729725,46.130481472972974,84.91499999999999,1.8407568550904931,2.301443570715843
40.0,0.0,0.3522522522522522,46.217946189189185,84.91499999999999,1.837273332146949,2.329861209306347
40.0,0.0,0.35720720720720717,46.3054109054054,84.91499999999999,1.8338029690194921,2.358171493674255
40.0,0.0,0.3621621621621621,46.39287562162162,84.91499999999999,1.8303456912773253,2.3863750310058967
40.0,0.0,0.3671171171171171,46.48034033783784,84.91499999999999,1.8269014250498934,2.4144724239172914
40.0,0.0,0.37207207207207205,46.56780505405405,84.91499999999999,1.8234700970216238,2.4424642704970725
40.0,0.0,0.377027027027027,46.655269770270266,84.91499999999999,1.8200516344267212,2.470351164348917
40.0,0.0,0.38198198198198197,46.74273448648648,84.91499999999999,1.8166459650440276,2.4981336946335166
40.0,0.0,0.3869369369369369,46.8301992027027,84.91499999999999,1.8132530171919343,2.525812446110062
40.0,0.0,0.3918918918918919,46.91766391891892,84.91499999999999,1.8098727197233526,2.5533879991772706
40.0,0.0,0.3968468468468468,47.00512863513513,84.91499999999999,1.8065050020207414,2.580860929913956
40.0,0.0,0.40180180180180175,47.09259335135135,84.91499999999999,1.8031497939911885,2.608231810119146
40.0,0.0,0.4067567567567567,47.180058067567565,84.91499999999999,1.7998070260615495,2.6355012073517496
40.0,0.0,0.41171171171171167,47.26752278378378,84.91499999999999,1.7964766291736374,2.662669684969791
40.0,0.0,0.41666666666666663,47.3549875,84.91499999999999,1.7931585347794674,2.689737802169201
40.0,0.0,0.4216216216216216,47.44245221621621,84.91499999999999,1.7898526748365542,2.716706114022186
40.0,0.0,0.42657657657657655,47.52991693243243,84.91499999999999,1.7865589818032597,2.7435751715151677
40.0,0.0,0.4315315315315315,47.617381648648646,84.91499999999999,1.7832773886341948,2.7703455215863113
40.0,0.0,0.43648648648648647,47.70484636486486,84.91499999999999,1.7800078287756693,2.7970177071626328
40.0,0.0,0.44144144144144143,47.79231108108108,84.91499999999999,1.7767502361611927,2.8235922671967058
40.0,0.0,0.44639639639639633,47.87977579729729,84.91499999999999,1.7735045452070237,2.8500697367029626
40.0,0.0,0.4513513513513513,47.96724051351351,84.91499999999999,1.7702706908077697,2.876450646793597
40.0,0.0,0.45630630630630625,48.05470522972973,84.91499999999999,1.7670486083320331,2.9027355247140805
40.0,0.0,0.4612612612612612,48.142169945945945,84.91499999999999,1.7638382336181067,2.928924893878283
40.0,0.0,0.4662162162162162,48.229634662162155,84.91499999999999,1.7606395029697124,2.9550192739032197
40.0,0.0,0.47117117117117113,48.31709937837837,84.91499999999999,1.7574523531517907,2.9810191806434156
40.0,0.0,0.4761261261261261,48.40456409459459,84.91499999999999,1.7542767213863326,3.006925126224898
40.0,0.0,0.48108108108108105,48.49202881081081,84.91499999999999,1.7511125453482583,3.0327376190788216
40.0,0.0,0.486036036036036,48.579493527027026,84.91499999999999,1.7479597631613397,3.058457163974733
40.0,0.0,0.49099099099099097,48.66695824324324,84.91499999999999,1.7448183133941662,3.084084262053472
40.0,0.0,0.49594594594594593,48.75442295945946,84.91499999999999,1.7416881350561562,3.109619410859721
40.0,0.0,0.5009009009009009,48.84188767567567,84.91499999999999,1.7385691675936088,3.135063104374205
40.0,0.0,0.5058558558558558,48.92935239189189,84.91499999999999,1.7354613508857988,3.1604158330455436
40.0,0.0,0.5108108108108108,49.01681710810811,84.91499999999999,1.7323646252411153,3.1856780838217698
40.0,0.0,0.5157657657657657,49.10428182432432,84.91499999999999,1.7292789313932388,3.2108503401815
40.0,0.0,0.5207207207207207,49.191746540540535,84.91499999999999,1.7262042104973596,3.23593308216478
40.0,0.0,0.5256756756756756,49.27921125675675,84.91499999999999,1.7231404041264389,3.2609267864036013
40.0,0.0,0.5306306306306307,49.36667597297297,84.91499999999999,1.7200874542675073,3.2858319261520923
40.0,0.0,0.5355855855855856,49.45414068918919,84.91499999999999,1.717045303318002,3.3106489713163856
40.0,0.0,0.5405405405405406,49.541605405405406,84.91499999999999,1.7140138940821457,3.3353783884841754
40.0,0.0,0.5454954954954955,49.629070121621616,84.91499999999999,1.7109931697673608,3.360020640953958
40.0,0.0,0.5504504504504505,49.716534837837834,84.91499999999999,1.7079830739807234,3.384576188763963
40.0,0.0,0.5554054054054054,49.80399955405405,84.91499999999999,1.7049835507254538,3.409045488720786
40.0,0.0,0.5603603603603604,49.89146427027027,84.91499999999999,1.7019945443974438,3.4334289944277083
40.0,0.0,0.5653153153153153,49.97892898648649,84.91499999999999,1.6990159997818215,3.457727156312734
40.0,0.0,0.5702702702702703,50.066393702702705,84.91499999999999,1.6960478620495503,3.4819404216563203
40.0,0.0,0.5752252252252252,50.153858418918915,84.91499999999999,1.6930900767540662,3.506069234618826
40.0,0.0,0.5801801801801801,50.24132313513513,84.91499999999999,1.690142589827946,3.530114036267667
40.0,0.0,0.5851351351351352,50.32878785135135,84.91499999999999,1.6872053475796156,3.554075264604196
40.0,0.0,0.5900900900900901,50.41625256756757,84.91499999999999,1.6842782966900882,3.5779533545902953
40.0,0.0,0.5950450450450451,50.503717283783786,84.91499999999999,1.6813613842097384,3.6017487381746993
40.0,0.0,0.6,50.591181999999996,84.91499999999999,1.678454557555109,3.6254618443190356
40.0,10.0,0.05,43.42355019787305,84.91499999999999,1.955505701700071,0.3519910263060128
40.0,10.0,0.054954954954954956,43.76282093820281,84.91499999999999,1.9403456673852881,0.38387379149352185
40.0,10.0,0.05990990990990991,44.102091678532574,84.91499999999999,1.92541888078596,0.41526601807221514
40.0,10.0,0.06486486486486487,44.44136241886233,84.91499999999999,1.910719999978204,0.44617894053545093
40.0,10.0,0.06981981981981983,44.78063315919209,84.91499999999999,1.8962438449258403,0.4766234529137923
40.0,10.0,0.07477477477477477,45.11990389952186,84.91499999999999,1.8819853913939708,0.5066101215752419
40.0,10.0,0.07972972972972973,45.45917463985162,84.91499999999999,1.8679397651351015,0.5361491974522914
40.0,10.0,0.08468468468468468,45.79844538018138,84.91499999999999,1.8541022363336757,0.5652506277255097
40.0,10.0,0.08963963963963964,46.13771612051114,84.91499999999999,1.8404682142957198,0.5939240669916458
40.0,10.0,0.0945945945945946,46.4769868608409,84.91499999999999,1.8270332423710747,0.6221788879425822
40.0,10.0,0.09954954954954955,46.81625760117066,84.91499999999999,1.813792993096412,0.6500241915799574
40.0,10.0,0.1045045045045045,47.15552834150043,84.91499999999999,1.8007432635479217,0.6774688169888398
40.0,10.0,0.10945945945945945,47.49479908183019,84.91499999999999,1.78787997089318,0.7045213506925017
40.0,10.0,0.11441441441441441,47.83406982215995,84.91499999999999,1.7751991481323146,0.7311901356090938
40.0,10.0,0.11936936936936937,48.17334056248971,84.91499999999999,1.7626969400191288,0.7574832796298419
40.0,10.0,0.12432432432432432,48.51261130281947,84.91499999999999,1.750369599153383,0.7834086638372978
40.0,10.0,0.1292792792792793,48.85188204314923,84.91499999999999,1.7382134822359028,0.8089739503811418
40.0,10.0,0.13423423423423425,49.191152783479,84.91499999999999,1.726225046478662,0.834186590028067
40.0,10.0,0.13918918918918918,49.53042352380876,84.91499999999999,1.7144008461624043,0.8590538294013778
40.0,10.0,0.14414414414414414,49.869694264138516,84.91499999999999,1.7027375293347784,0.8835827179250741
40.0,10.0,0.14909909909909907,50.20896500446828,84.91499999999999,1.6912318346423412,0.9077801144864024
40.0,10.0,0.15405405405405403,50.54823574479804,84.91499999999999,1.6798805882901395,0.931652693830099
40.0,10.0,0.159009009009009,50.8875064851278,84.91499999999999,1.6686807011229159,0.9552069526968474
40.0,10.0,0.16396396396396395,51.22677722545757,84.91499999999999,1.6576291658222995,0.9784492157178114
40.0,10.0,0.16891891891891891,51.56604796578733,84.91499999999999,1.6467230542146412,1.001385641076471
40.0,10.0,0.17387387387387387,51.905318706117086,84.91499999999999,1.6359595146844303,1.0240222259484164
40.0,10.0,0.17882882882882883,52.24458944644685,84.91499999999999,1.6253357696884927,1.0463648117291866
40.0,10.0,0.1837837837837838,52.58386018677661,84.91499999999999,1.6148491133664198,1.0684190890597287
40.0,10.0,0.18873873873873875,52.92313092710638,84.91499999999999,1.6044969092429089,1.0901906026585604
40.0,10.0,0.1936936936936937,53.26240166743614,84.91499999999999,1.5942765880179188,1.1116847559692518
40.0,10.0,0.19864864864864862,53.601672407765896,84.91499999999999,1.584185645440745,1.1329068156314084
40.0,10.0,0.20360360360360358,53.940943148095656,84.91499999999999,1.5742216402643276,1.1538619157829342
40.0,10.0,0.20855855855855854,54.28021388842542,84.91499999999999,1.5643821922762735,1.1745550622009426
40.0,10.0,0.2135135135135135,54.61948462875518,84.91499999999999,1.5546649804032628,1.1949911362883456
40.0,10.0,0.21846846846846846,54.95875536908494,84.91499999999999,1.5450677408856652,1.21517489891278
40.0,10.0,0.22342342342342342,55.29802610941471,84.91499999999999,1.5355882655193525,1.2351109941042142
40.0,10.0,0.22837837837837838,55.637296849744466,84.91499999999999,1.5262243999618395,1.2548039526172745
40.0,10.0,0.23333333333333334,55.976567590074225,84.91499999999999,1.5169740421000222,1.2742581953640186
40.0,10.0,0.2382882882882883,56.31583833040399,84.91499999999999,1.507835140476916,1.2934780367226302
40.0,10.0,0.24324324324324326,56.65510907073375,84.91499999999999,1.4988056927749243,1.3124676877272312
40.0,10.0,0.24819819819819816,56.99437981106351,84.91499999999999,1.4898837443532749,1.3312312591437638
40.0,10.0,0.2531531531531531,57.333650551393276,84.91499999999999,1.4810673868373876,1.3497727644366677
40.0,10.0,0.2581081081081081,57.672921291723036,84.91499999999999,1.472354756758032,1.3680961226308415
40.0,10.0,0.26306306306306304,58.012192032052795,84.91499999999999,1.4637440342382322,1.3862051610731798
40.0,10.0,0.268018018018018,58.35146277238256,84.91499999999999,1.4552334417259856,1.404103618097775
40.0,10.0,0.27297297297297296,58.69073351271232,84.91499999999999,1.4468212427709315,1.4217951455986775
40.0,10.0,0.2779279279279279,59.03000425304208,84.91499999999999,1.4385057408432076,1.4392833115139336
40.0,10.0,0.2828828828828829,59.369274993371846,84.91499999999999,1.430285278192805,1.4565716022244566
40.0,10.0,0.28783783783783784,59.708545733701605,84.91499999999999,1.4221582347478106,1.4736634248711098
40.0,10.0,0.2927927927927928,60.047816474031364,84.91499999999999,1.4141230270499983,1.4905621095932415
40.0,10.0,0.29774774774774776,60.38708721436113,84.91499999999999,1.4061781072263027,1.5072709116917613
40.0,10.0,0.30270270270270266,60.72635795469088,84.91499999999999,1.3983219619947689,1.5237930137197047
40.0,10.0,0.3076576576576576,61.06562869502065,84.91499999999999,1.390553111703639,1.5401315275031113
40.0,10.0,0.3126126126126126,61.404899435350416,84.91499999999999,1.3828701094022957,1.5562894960949079
40.0,10.0,0.31756756756756754,61.744170175680175,84.91499999999999,1.3752715399428326,1.5722698956643735
40.0,10.0,0.3225225225225225,62.083440916009934,84.91499999999999,1.367756019111085,1.5880756373246543
40.0,10.0,0.32747747747747746,62.4227116563397,84.91499999999999,1.3603221927859963,1.60370956890068
40.0,10.0,0.3324324324324324,62.76198239666946,84.91499999999999,1.3529687361262526,1.6191744766397422
40.0,10.0,0.3373873873873874,63.10125313699922,84.91499999999999,1.3456943527831517,1.6344730868668877
40.0,10.0,0.3423423423423423,63.440523877328985,84.91499999999999,1.338497774138733,1.6496080675871951
40.0,10.0,0.34729729729729725,63.77979461765874,84.91499999999999,1.3313777585682212,1.6645820300369163
40.0,10.0,0.3522522522522522,64.1190653579885,84.91499999999999,1.324333090725886,1.6793975301853665
40.0,10.0,0.35720720720720717,64.45833609831827,84.91499999999999,1.3173625808534553,1.6940570701893891
40.0,10.0,0.3621621621621621,64.79760683864802,84.91499999999999,1.3104650641102553,1.7085630998021273
40.0,10.0,0.3671171171171171,65.13687757897779,84.91499999999999,1.3036393999242815,1.7229180177377665
40.0,10.0,0.37207207207207205,65.47614831930755,84.91499999999999,1.2968844713634495,1.737124172993853
40.0,10.0,0.377027027027027,65.81541905963732,84.91499999999999,1.2901991845262881,1.7511838661327077
40.0,10.0,0.38198198198198197,66.15468979996707,84.91499999999999,1.283582467951384,1.7650993505234167
40.0,10.0,0.3869369369369369,66.49396054029684,84.91499999999999,1.2770332720449038,1.778872833545793
40.0,10.0,0.3918918918918919,66.83323128062659,84.91499999999999,1.2705505685255545,1.792506477757674
40.0,10.0,0.3968468468468468,67.17250202095636,84.91499999999999,1.264133349886362,1.8060024020268404
40.0,10.0,0.40180180180180175,67.51177276128612,84.91499999999999,1.257780628872681,1.8193626826288076
40.0,10.0,0.4067567567567567,67.85104350161588,84.91499999999999,1.2514914379758615,1.83258935431168
40.0,10.0,0.41171171171171167,68.19031424194564,84.91499999999999,1.245264828942034,1.8456844113292203
40.0,10.0,0.41666666666666663,68.52958498227541,84.91499999999999,1.2390998722954842,1.8586498084432261
40.0,10.0,0.4216216216216216,68.86885572260516,84.91499999999999,1.2329956568761158,1.871487461896288
40.0,10.0,0.42657657657657655,69.20812646293493,84.91499999999999,1.2269512893905172,1.8841992503559242
40.0,10.0,0.4315315315315315,69.5473972032647,84.91499999999999,1.2209658939761718,1.8967870158310907
40.0,10.0,0.43648648648648647,69.88666794359446,84.91499999999999,1.2150386117783567,1.9092525645619907
40.0,10.0,0.44144144144144143,70.22593868392421,84.91499999999999,1.2091686005393094,1.9215976678840918
40.0,10.0,0.44639639639639633,70.56520942425398,84.91499999999999,1.2033550341992445,1.933824063067218
40.0,10.0,0.4513513513513513,70.90448016458373,84.91499999999999,1.197597102508826,1.9459334541305569
40.0,10.0,0.45630630630630625,71.2437509049135,84.91499999999999,1.19189401065271,1.9579275126343705
40.0,10.0,0.4612612612612612,71.58302164524326,84.91499999999999,1.1862449788837972,1.9698078784492024
40.0,10.0,0.4662162162162162,71.92229238557302,84.91499999999999,1.1806492421678316,1.9815761605033064
40.0,10.0,0.47117117117117113,72.26156312590278,84.91499999999999,1.175106049838015,1.9932339375090222
40.0,10.0,0.4761261261261261,72.60083386623253,84.91499999999999,1.1696146652593051,2.0047827586687874
40.0,10.0,0.48108108108108105,72.9401046065623,84.91499999999999,1.1641743655020798,2.01622414436144
40.0,10.0,0.486036036036036,73.27937534689207,84.91499999999999,1.1587844410248704,2.0275595868094625
40.0,10.0,0.49099099099099097,73.61864608722183,84.91499999999999,1.1534441953658652,2.038790550727773
40.0,10.0,0.49594594594594593,73.9579168275516,84.91499999999999,1.1481529448429049,2.0499184739546568
40.0,10.0,0.5009009009009009,74.29718756788135,84.91499999999999,1.142910018261697,2.0609447680654167
40.0,10.0,0.5058558558558558,74.6364583082111,84.91499999999999,1.137714756631989,2.0718708189692814
40.0,10.0,0.5108108108108108,74.97572904854087,84.91499999999999,1.1325665128914482,2.0826979874901115
40.0,10.0,0.5157657657657657,75.31499978887064,84.91499999999999,1.127464651637003,2.093427609931408
40.0,10.0,0.5207207207207207,75.6542705292004,84.91499999999999,1.1224085488634143,2.1040609986261196
40.0,10.0,0.5256756756756756,75.99354126953016,84.91499999999999,1.1173975917088486,2.114599442471718
40.0,10.0,0.5306306306306307,76.33281200985994,84.91499999999999,1.1124311782072367,2.1250442074510136
40.0,10.0,0.5355855855855856,76.67208275018967,84.91499999999999,1.1075087170472089,2.135396537139132
40.0,10.0,0.5405405405405406,77.01135349051945,84.91499999999999,1.1026296273373968,2.145657653197097
40.0,10.0,0.5454954954954955,77.3506242308492,84.91499999999999,1.0977933383779201,2.155828755852424
40.0,10.0,0.5504504504504505,77.68989497117897,84.91499999999999,1.0929992894378524,2.1659110243671176
40.0,10.0,0.5554054054054054,78.02916571150874,84.91499999999999,1.0882469295384976,2.1759056174934606
40.0,10.0,0.5603603603603604,78.3684364518385,84.91499999999999,1.0835357172422941,2.1858136739179685
40.0,10.0,0.5653153153153153,78.70770719216826,84.91499999999999,1.0788651204471802,2.195636312693856
40.0,10.0,0.5702702702702703,79.04697793249802,84.91499999999999,1.0742346161862502,2.205374633662367
40.0,10.0,0.5752252252252252,79.38624867282778,84.91499999999999,1.0696436904325546,2.2150297178633065
40.0,10.0,0.5801801801801801,79.72551941315754,84.91499999999999,1.0650918379088792,2.2246026279350857
40.0,10.0,0.5851351351351352,80.06479015348731,84.91499999999999,1.0605785619023624,2.2340944085045984
40.0,10.0,0.5900900900900901,80.40406089381706,84.91499999999999,1.056103374083806,2.24350608656722
40.0,10.0,0.5950450450450451,80.74333163414683,84.91499999999999,1.0516657943315402,2.25283867185724
40.0,10.0,0.6,81.08260237447658,84.91499999999999,1.0472653505597125,2.262093157208979
40.0,20.0,0.05,45.86047905538371,84.91499999999999,1.851594264801548,0.3332869676642787
40.0,20.0,0.054954954954954956,46.44124725006138,84.91499999999999,1.828439265267316,0.36173447085829064
40.0,20.0,0.05990990990990991,47.02201544473905,84.91499999999999,1.8058562398243718,0.3894792646972564
40.0,20.0,0.06486486486486487,47.602783639416714,84.91499999999999,1.7838242537078757,0.4165470689739472
40.0,20.0,0.06981981981981983,48.183551834094374,84.91499999999999,1.7623233814804553,0.4429623634531956
40.0,20.0,0.07477477477477477,48.76432002877204,84.91499999999999,1.7413346469282918,0.4687484617136699
40.0,20.0,0.07972972972972973,49.34508822344971,84.91499999999999,1.7208399672015744,0.4939275797751546
40.0,20.0,0.08468468468468468,49.925856418127374,84.91499999999999,1.700822100853708,0.5185208999359412
40.0,20.0,0.08963963963963964,50.50662461280504,84.91499999999999,1.6812645994654596,0.5425486302058807
40.0,20.0,0.0945945945945946,51.0873928074827,84.91499999999999,1.6621517625687605,0.566030059685578
40.0,20.0,0.09954954954954955,51.66816100216037,84.91499999999999,1.6434685956105444,0.5889836102106978
40.0,20.0,0.1045045045045045,52.248929196838034,84.91499999999999,1.6252007707200786,0.6114268845519863
40.0,20.0,0.10945945945945945,52.8296973915157,84.91499999999999,1.6073345900640554,0.6333767114360521
40.0,20.0,0.11441441441441441,53.41046558619337,84.91499999999999,1.5898569515924714,0.654849187628899
40.0,20.0,0.11936936936936937,53.991233780871035,84.91499999999999,1.5727553169952782,0.6758597173033764
40.0,20.0,0.12432432432432432,54.572001975548694,84.91499999999999,1.5560176817051106,0.6964230488928819
40.0,20.0,0.1292792792792793,55.15277017022636,84.91499999999999,1.5396325467952734,0.7165533096166111
40.0,20.0,0.13423423423423425,55.73353836490403,84.91499999999999,1.5235888926347412,0.736264037846194
40.0,20.0,0.13918918918918918,56.314306559581695,84.91499999999999,1.5078761541733303,0.7555682134695552
40.0,20.0,0.14414414414414414,56.895074754259355,84.91499999999999,1.4924841977405605,0.7744782863951016
40.0,20.0,0.14909909909909907,57.47584294893702,84.91499999999999,1.4774032992511412,0.7930062033277746
40.0,20.0,0.15405405405405403,58.05661114361469,84.91499999999999,1.4626241237185837,0.811163432937982
40.0,20.0,0.159009009009009,58.637379338292355,84.91499999999999,1.448137705986246,0.8289609895348293
40.0,20.0,0.16396396396396395,59.21814753297002,84.91499999999999,1.4339354325922322,0.8464094553463338
40.0,20.0,0.16891891891891891,59.79891572764768,84.91499999999999,1.420009024691062,0.8635190015013214
40.0,20.0,0.17387387387387387,60.37968392232535,84.91499999999999,1.4063505219609593,0.8802994078004276
40.0,20.0,0.17882882882882883,60.960452117003015,84.91499999999999,1.3929522674310284,0.8967600813569485
40.0,20.0,0.1837837837837838,61.54122031168068,84.91499999999999,1.3798068931675525,0.9129100741822078
40.0,20.0,0.18873873873873875,62.12198850635835,84.91499999999999,1.3669073067631876,0.9287580997845011
40.0,20.0,0.1936936936936937,62.702756701036016,84.91499999999999,1.3542466785770038,0.9443125488455866
40.0,20.0,0.19864864864864862,63.283524895713676,84.91499999999999,1.3418184296771285,0.959581504033968
40.0,20.0,0.20360360360360358,63.86429309039134,84.91499999999999,1.3296162204412754,0.9745727540099293
40.0,20.0,0.20855855855855854,64.445061285069,84.91499999999999,1.3176339397736532,0.9892938066732995
40.0,20.0,0.2135135135135135,65.02582947974668,84.91499999999999,1.3058656948997185,1.003751901701297
40.0,20.0,0.21846846846846846,65.60659767442434,84.91499999999999,1.2943058017029698,1.017954022420444
40.0,20.0,0.22342342342342342,66.18736586910201,84.91499999999999,1.282948775570483,1.031906907053448
40.0,20.0,0.22837837837837838,66.76813406377967,84.91499999999999,1.271789322716218,1.0456170593791176
40.0,20.0,0.23333333333333334,67.34890225845734,84.91499999999999,1.2608223319532543,1.0590907588407337
40.0,20.0,0.2382882882882883,67.929670453135,84.91499999999999,1.250042866888089,1.0723340701358903
40.0,20.0,0.24324324324324326,68.51043864781266,84.91499999999999,1.2394461585119494,1.085352852318572
40.0,20.0,0.24819819819819816,69.09120684249032,84.91499999999999,1.2290275981657657,1.0981527674421678
40.0,20.0,0.2531531531531531,69.671975037168,84.91499999999999,1.218782730856995,1.1107392887702128
40.0,20.0,0.2581081081081081,70.25274323184566,84.91499999999999,1.208707248907939,1.1231177085798631
40.0,20.0,0.26306306306306304,70.83351142652333,84.91499999999999,1.1987969859165264,1.1352931455814887
40.0,20.0,0.268018018018018,71.41427962120099,84.91499999999999,1.1890479110117775,1.1472705519762285
40.0,20.0,0.27297297297297296,71.99504781587866,84.91499999999999,1.1794561233873062,1.159054720171958
40.0,20.0,0.2779279279279279,72.57581601055632,84.91499999999999,1.170017847097288,1.1706502891768
40.0,20.0,0.2828828828828829,73.156584205234,84.91499999999999,1.1607294261003063,1.1820617506880957
40.0,20.0,0.28783783783783784,73.73735239991166,84.91499999999999,1.1515873195374144,1.1932934548936343
40.0,20.0,0.2927927927927928,74.31812059458932,84.91499999999999,1.1425880972315947,1.2043496160008702
40.0,20.0,0.29774774774774776,74.89888878926699,84.91499999999999,1.133728435396605,1.2152343175089015
40.0,20.0,0.30270270270270266,75.47965698394465,84.91499999999999,1.1250051125439315,1.2259515172370625
40.0,20.0,0.3076576576576576,76.06042517862232,84.91499999999999,1.1164150055772546,1.2365050521231322
40.0,20.0,0.3126126126126126,76.64119337329998,84.91499999999999,1.1079550860644924,1.246898642803391
40.0,20.0,0.31756756756756754,77.22196156797764,84.91499999999999,1.099622416678062,1.2571358979860006
40.0,20.0,0.3225225225225225,77.8027297626553,84.91499999999999,1.0914141477945742,1.2672203186285111
40.0,20.0,0.32747747747747746,78.38349795733298,84.91499999999999,1.0833275142456944,1.2771553019296538
40.0,20.0,0.3324324324324324,78.96426615201065,84.91499999999999,1.0753598322123812,1.2869441451449795
40.0,20.0,0.3373873873873874,79.54503434668831,84.91499999999999,1.0675084962551813,1.2965900492353473
40.0,20.0,0.3423423423423423,80.12580254136597,84.91499999999999,1.0597709764736714,1.3060961223567407
40.0,20.0,0.34729729729729725,80.70657073604363,84.91499999999999,1.0521448157885473,1.3154653831994105
40.0,20.0,0.3522522522522522,81.2873389307213,84.91499999999999,1.0446276273402237,1.3247007641838728
40.0,20.0,0.35720720720720717,81.86810712539896,84.91499999999999,1.037217091998158,1.3338051145208745
40.0,20.0,0.3621621621621621,82.44887532007664,84.91499999999999,1.02991095597544,1.3427812031420332
40.0,20.0,0.3671171171171171,83.0296435147543,84.91499999999999,1.0227070285434945,1.3516317215074831
40.0,20.0,0.37207207207207205,83.61041170943196,84.91499999999999,1.015603179842025,1.360359286296507
40.0,20.0,0.377027027027027,84.19117990410962,84.91499999999999,1.008597338779606,1.3689664419868055
40.0,20.0,0.38198198198198197,84.7719480987873,84.91499999999999,1.001687491020567,1.377455663327742
40.0,20.0,0.3869369369369369,85.35271629346497,84.91499999999999,0.994871677054073,1.3858293577126195
40.0,20.0,0.3918918918918919,85.93348448814262,84.91499999999999,0.9881479903414929,1.3940898674547548
40.0,20.0,0.3968468468468468,86.51425268282028,84.91499999999999,0.9815145755383972,1.402239471971883
40.0,20.0,0.40180180180180175,87.09502087749794,84.91499999999999,0.9749696267876872,1.4102803898831624
40.0,20.0,0.4067567567567567,87.67578907217563,84.91499999999999,0.9685113860805641,1.4182147810228367
40.0,20.0,0.41171171171171167,88.25655726685329,84.91499999999999,0.9621381416822125,1.4260447483743928
40.0,20.0,0.41666666666666663,88.83732546153095,84.91499999999999,0.955848226619233,1.4337723399288493
40.0,20.0,0.4216216216216216,89.41809365620861,84.91499999999999,0.949640017226022,1.441399550470632
40.0,20.0,0.42657657657657655,89.99886185088629,84.91499999999999,0.9435119317474321,1.4489283232942998
40.0,20.0,0.4315315315315315,90.57963004556396,84.91499999999999,0.9374624289951891,1.456360551855229
40.0,20.0,0.43648648648648647,91.16039824024162,84.91499999999999,0.9314900070556661,1.4636980813572007
40.0,20.0,0.44144144144144143,91.74116643491928,84.91499999999999,0.9255932020467417,1.4709427102796868
40.0,20.0,0.44639639639639633,92.32193462959694,84.91499999999999,0.9197705869215786,1.4780961918474882
40.0,20.0,0.4513513513513513,92.90270282427461,84.91499999999999,0.914020770317271,1.485160235445252
40.0,20.0,0.45630630630630625,93.48347101895227,84.91499999999999,0.9083423954464083,1.492136507979262
40.0,20.0,0.4612612612612612,94.06423921362995,84.91499999999999,0.9027341390297002,1.4990266351887778
40.0,20.0,0.4662162162162162,94.6450074083076,84.91499999999999,0.8971947102679021,1.5058322029091005
40.0,20.0,0.47117117117117113,95.22577560298527,84.91499999999999,0.8917228498513585,1.5125547582884122
40.0,20.0,0.4761261261261261,95.80654379766294,84.91499999999999,0.8863173290055723,1.5191958109603618
40.0,20.0,0.48108108108108105,96.3873119923406,84.91499999999999,0.8809769485712782,1.525756834174257
40.0,20.0,0.486036036036036,96.96808018701827,84.91499999999999,0.8757005381175742,1.532239265884642
40.0,20.0,0.49099099099099097,97.54884838169593,84.91499999999999,0.8704869550867342,1.5386445098019572
40.0,20.0,0.49594594594594593,98.12961657637359,84.91499999999999,0.865335083969387,1.5449739364058839
40.0,20.0,0.5009009009009009,98.71038477105128,84.91499999999999,0.8602438355088141,1.5512288839229211
40.0,20.0,0.5058558558558558,99.29115296572893,84.91499999999999,0.8552121459331732,1.5574106592696542
40.0,20.0,0.5108108108108108,99.8719211604066,84.91499999999999,0.8502389762145063,1.5635205389631084
40.0,20.0,0.5157657657657657,100.45268935508426,84.91499999999999,0.8453233113534571,1.569559769999527
40.0,20.0,0.5207207207207207,101.03345754976193,84.91499999999999,0.8404641596886543,1.5755295707028394
40.0,20.0,0.5256756756756756,101.6142257444396,84.91499999999999,0.8356605522297808,1.5814311315440337
40.0,20.0,0.5306306306306307,102.19499393911727,84.91499999999999,0.8309115420133804,1.587265615932587
40.0,20.0,0.5355855855855856,102.77576213379493,84.91499999999999,0.8262162034805098,1.5930341609810696
40.0,20.0,0.5405405405405406,103.35653032847259,84.91499999999999,0.8215736318753695,1.5987378782439625
40.0,20.0,0.5454954954954955,103.93729852315026,84.91499999999999,0.8169829426640969,1.6043778544317102
40.0,20.0,0.5504504504504505,104.51806671782794,84.91499999999999,0.8124432709729389,1.6099551521009698
40.0,20.0,0.5554054054054054,105.09883491250558,84.91499999999999,0.8079537710450495,1.6154708103219666
40.0,20.0,0.5603603603603604,105.67960310718325,84.91499999999999,0.803513615715199,1.6209258453238502
40.0,20.0,0.5653153153153153,106.26037130186091,84.91499999999999,0.7991219959017111,1.6263212511188876
40.0,20.0,0.5702702702702703,106.84113949653859,84.91499999999999,0.794778120114968,1.6316580001062966
40.0,20.0,0.5752252252252252,107.42190769121625,84.91499999999999,0.7904812139818607,1.636937043656491
40.0,20.0,0.5801801801801801,108.00267588589391,84.91499999999999,0.7862305197855809,1.642159312676478
40.0,20.0,0.5851351351351352,108.58344408057158,84.91499999999999,0.7820252960201831,1.6473257181571102
40.0,20.0,0.5900900900900901,109.16421227524924,84.91499999999999,0.7778648169593648,1.6524371517028669
40.0,20.0,0.5950450450450451,109.74498046992692,84.91499999999999,0.773748372238938,1.657494486044817
40.0,20.0,0.6,110.32574866460457,84.91499999999999,0.7696752664524902,1.6624985755373787
