acquisition_design,ADC_reference_V,ADC_bits,temperature_C,pH,ideal_electrode_slope_V_per_pH,gain,conditioned_voltage_V,ideal_ADC_code_coordinate,ADC_step_pH,within_ADC_rails
Mega_5V_10bit_baseline,5.0,10,5.0,0.0,0.055190921064520254,3,3.659009342354925,749.3651133142887,0.029490433123301865,True
Mega_5V_10bit_baseline,5.0,10,5.0,0.1,0.055190921064520254,3,3.6424520660355695,745.9741831240847,0.029490433123301865,True
Mega_5V_10bit_baseline,5.0,10,5.0,0.2,0.055190921064520254,3,3.625894789716213,742.5832529338804,0.029490433123301865,True
Mega_5V_10bit_baseline,5.0,10,5.0,0.30000000000000004,0.055190921064520254,3,3.609337513396857,739.1923227436763,0.029490433123301865,True
Mega_5V_10bit_baseline,5.0,10,5.0,0.4,0.055190921064520254,3,3.592780237077501,735.8013925534722,0.029490433123301865,True
Mega_5V_10bit_baseline,5.0,10,5.0,0.5,0.055190921064520254,3,3.576222960758145,732.4104623632682,0.029490433123301865,True
Mega_5V_10bit_baseline,5.0,10,5.0,0.6000000000000001,0.055190921064520254,3,3.559665684438789,729.019532173064,0.029490433123301865,True
Mega_5V_10bit_baseline,5.0,10,5.0,0.7000000000000001,0.055190921064520254,3,3.5431084081194326,725.6286019828598,0.029490433123301865,True
Mega_5V_10bit_baseline,5.0,10,5.0,0.8,0.055190921064520254,3,3.526551131800077,722.2376717926558,0.029490433123301865,True
Mega_5V_10bit_baseline,5.0,10,5.0,0.9,0.055190921064520254,3,3.5099938554807206,718.8467416024516,0.029490433123301865,True
Mega_5V_10bit_baseline,5.0,10,5.0,1.0,0.055190921064520254,3,3.4934365791613646,715.4558114122475,0.029490433123301865,True
Mega_5V_10bit_baseline,5.0,10,5.0,1.1,0.055190921064520254,3,3.4768793028420086,712.0648812220434,0.029490433123301865,True
Mega_5V_10bit_baseline,5.0,10,5.0,1.2000000000000002,0.055190921064520254,3,3.460322026522652,708.6739510318391,0.029490433123301865,True
Mega_5V_10bit_baseline,5.0,10,5.0,1.3,0.055190921064520254,3,3.4437647502032966,705.2830208416351,0.029490433123301865,True
Mega_5V_10bit_baseline,5.0,10,5.0,1.4000000000000001,0.055190921064520254,3,3.42720747388394,701.892090651431,0.029490433123301865,True
Mega_5V_10bit_baseline,5.0,10,5.0,1.5,0.055190921064520254,3,3.410650197564584,698.5011604612268,0.029490433123301865,True
Mega_5V_10bit_baseline,5.0,10,5.0,1.6,0.055190921064520254,3,3.394092921245228,695.1102302710227,0.029490433123301865,True
Mega_5V_10bit_baseline,5.0,10,5.0,1.7000000000000002,0.055190921064520254,3,3.3775356449258718,691.7193000808186,0.029490433123301865,True
Mega_5V_10bit_baseline,5.0,10,5.0,1.8,0.055190921064520254,3,3.360978368606516,688.3283698906146,0.029490433123301865,True
Mega_5V_10bit_baseline,5.0,10,5.0,1.9000000000000001,0.055190921064520254,3,3.34442109228716,684.9374397004103,0.029490433123301865,True
Mega_5V_10bit_baseline,5.0,10,5.0,2.0,0.055190921064520254,3,3.327863815967804,681.5465095102062,0.029490433123301865,True
Mega_5V_10bit_baseline,5.0,10,5.0,2.1,0.055190921064520254,3,3.311306539648448,678.1555793200021,0.029490433123301865,True
Mega_5V_10bit_baseline,5.0,10,5.0,2.2,0.055190921064520254,3,3.294749263329092,674.764649129798,0.029490433123301865,True
Mega_5V_10bit_baseline,5.0,10,5.0,2.3000000000000003,0.055190921064520254,3,3.2781919870097354,671.3737189395938,0.029490433123301865,True
Mega_5V_10bit_baseline,5.0,10,5.0,2.4000000000000004,0.055190921064520254,3,3.2616347106903794,667.9827887493897,0.029490433123301865,True
Mega_5V_10bit_baseline,5.0,10,5.0,2.5,0.055190921064520254,3,3.2450774343710234,664.5918585591855,0.029490433123301865,True
Mega_5V_10bit_baseline,5.0,10,5.0,2.6,0.055190921064520254,3,3.2285201580516674,661.2009283689815,0.029490433123301865,True
Mega_5V_10bit_baseline,5.0,10,5.0,2.7,0.055190921064520254,3,3.2119628817323114,657.8099981787774,0.029490433123301865,True
Mega_5V_10bit_baseline,5.0,10,5.0,2.8000000000000003,0.055190921064520254,3,3.195405605412955,654.4190679885731,0.029490433123301865,True
Mega_5V_10bit_baseline,5.0,10,5.0,2.9000000000000004,0.055190921064520254,3,3.178848329093599,651.028137798369,0.029490433123301865,True
Mega_5V_10bit_baseline,5.0,10,5.0,3.0,0.055190921064520254,3,3.162291052774243,647.637207608165,0.029490433123301865,True
Mega_5V_10bit_baseline,5.0,10,5.0,3.1,0.055190921064520254,3,3.145733776454887,644.2462774179609,0.029490433123301865,True
Mega_5V_10bit_baseline,5.0,10,5.0,3.2,0.055190921064520254,3,3.129176500135531,640.8553472277567,0.029490433123301865,True
Mega_5V_10bit_baseline,5.0,10,5.0,3.3000000000000003,0.055190921064520254,3,3.112619223816175,637.4644170375526,0.029490433123301865,True
Mega_5V_10bit_baseline,5.0,10,5.0,3.4000000000000004,0.055190921064520254,3,3.0960619474968185,634.0734868473485,0.029490433123301865,True
Mega_5V_10bit_baseline,5.0,10,5.0,3.5,0.055190921064520254,3,3.0795046711774625,630.6825566571443,0.029490433123301865,True
Mega_5V_10bit_baseline,5.0,10,5.0,3.6,0.055190921064520254,3,3.0629473948581065,627.2916264669402,0.029490433123301865,True
Mega_5V_10bit_baseline,5.0,10,5.0,3.7,0.055190921064520254,3,3.0463901185387505,623.9006962767361,0.029490433123301865,True
Mega_5V_10bit_baseline,5.0,10,5.0,3.8000000000000003,0.055190921064520254,3,3.0298328422193945,620.509766086532,0.029490433123301865,True
Mega_5V_10bit_baseline,5.0,10,5.0,3.9000000000000004,0.055190921064520254,3,3.013275565900038,617.1188358963278,0.029490433123301865,True
Mega_5V_10bit_baseline,5.0,10,5.0,4.0,0.055190921064520254,3,2.9967182895806825,613.7279057061238,0.029490433123301865,True
Mega_5V_10bit_baseline,5.0,10,5.0,4.1000000000000005,0.055190921064520254,3,2.980161013261326,610.3369755159196,0.029490433123301865,True
Mega_5V_10bit_baseline,5.0,10,5.0,4.2,0.055190921064520254,3,2.96360373694197,606.9460453257154,0.029490433123301865,True
Mega_5V_10bit_baseline,5.0,10,5.0,4.3,0.055190921064520254,3,2.947046460622614,603.5551151355114,0.029490433123301865,True
Mega_5V_10bit_baseline,5.0,10,5.0,4.4,0.055190921064520254,3,2.930489184303258,600.1641849453073,0.029490433123301865,True
Mega_5V_10bit_baseline,5.0,10,5.0,4.5,0.055190921064520254,3,2.913931907983902,596.7732547551032,0.029490433123301865,True
Mega_5V_10bit_baseline,5.0,10,5.0,4.6000000000000005,0.055190921064520254,3,2.8973746316645457,593.3823245648989,0.029490433123301865,True
Mega_5V_10bit_baseline,5.0,10,5.0,4.7,0.055190921064520254,3,2.8808173553451897,589.9913943746949,0.029490433123301865,True
Mega_5V_10bit_baseline,5.0,10,5.0,4.800000000000001,0.055190921064520254,3,2.8642600790258337,586.6004641844908,0.029490433123301865,True
Mega_5V_10bit_baseline,5.0,10,5.0,4.9,0.055190921064520254,3,2.8477028027064777,583.2095339942866,0.029490433123301865,True
Mega_5V_10bit_baseline,5.0,10,5.0,5.0,0.055190921064520254,3,2.8311455263871217,579.8186038040825,0.029490433123301865,True
Mega_5V_10bit_baseline,5.0,10,5.0,5.1000000000000005,0.055190921064520254,3,2.8145882500677653,576.4276736138784,0.029490433123301865,True
Mega_5V_10bit_baseline,5.0,10,5.0,5.2,0.055190921064520254,3,2.7980309737484093,573.0367434236742,0.029490433123301865,True
Mega_5V_10bit_baseline,5.0,10,5.0,5.300000000000001,0.055190921064520254,3,2.7814736974290533,569.6458132334701,0.029490433123301865,True
Mega_5V_10bit_baseline,5.0,10,5.0,5.4,0.055190921064520254,3,2.7649164211096973,566.254883043266,0.029490433123301865,True
Mega_5V_10bit_baseline,5.0,10,5.0,5.5,0.055190921064520254,3,2.7483591447903413,562.8639528530618,0.029490433123301865,True
Mega_5V_10bit_baseline,5.0,10,5.0,5.6000000000000005,0.055190921064520254,3,2.731801868470985,559.4730226628577,0.029490433123301865,True
Mega_5V_10bit_baseline,5.0,10,5.0,5.7,0.055190921064520254,3,2.715244592151629,556.0820924726536,0.029490433123301865,True
Mega_5V_10bit_baseline,5.0,10,5.0,5.800000000000001,0.055190921064520254,3,2.698687315832273,552.6911622824495,0.029490433123301865,True
Mega_5V_10bit_baseline,5.0,10,5.0,5.9,0.055190921064520254,3,2.682130039512917,549.3002320922453,0.029490433123301865,True
Mega_5V_10bit_baseline,5.0,10,5.0,6.0,0.055190921064520254,3,2.665572763193561,545.9093019020413,0.029490433123301865,True
Mega_5V_10bit_baseline,5.0,10,5.0,6.1000000000000005,0.055190921064520254,3,2.6490154868742044,542.5183717118371,0.029490433123301865,True
Mega_5V_10bit_baseline,5.0,10,5.0,6.2,0.055190921064520254,3,2.6324582105548484,539.1274415216329,0.029490433123301865,True
Mega_5V_10bit_baseline,5.0,10,5.0,6.300000000000001,0.055190921064520254,3,2.6159009342354924,535.7365113314288,0.029490433123301865,True
Mega_5V_10bit_baseline,5.0,10,5.0,6.4,0.055190921064520254,3,2.5993436579161364,532.3455811412248,0.029490433123301865,True
Mega_5V_10bit_baseline,5.0,10,5.0,6.5,0.055190921064520254,3,2.5827863815967804,528.9546509510207,0.029490433123301865,True
Mega_5V_10bit_baseline,5.0,10,5.0,6.6000000000000005,0.055190921064520254,3,2.5662291052774244,525.5637207608165,0.029490433123301865,True
Mega_5V_10bit_baseline,5.0,10,5.0,6.7,0.055190921064520254,3,2.549671828958068,522.1727905706123,0.029490433123301865,True
Mega_5V_10bit_baseline,5.0,10,5.0,6.800000000000001,0.055190921064520254,3,2.533114552638712,518.7818603804083,0.029490433123301865,True
Mega_5V_10bit_baseline,5.0,10,5.0,6.9,0.055190921064520254,3,2.516557276319356,515.3909301902041,0.029490433123301865,True
Mega_5V_10bit_baseline,5.0,10,5.0,7.0,0.055190921064520254,3,2.5,512.0,0.029490433123301865,True
Mega_5V_10bit_baseline,5.0,10,5.0,7.1000000000000005,0.055190921064520254,3,2.483442723680644,508.60906980979587,0.029490433123301865,True
Mega_5V_10bit_baseline,5.0,10,5.0,7.2,0.055190921064520254,3,2.466885447361288,505.2181396195918,0.029490433123301865,True
Mega_5V_10bit_baseline,5.0,10,5.0,7.300000000000001,0.055190921064520254,3,2.4503281710419316,501.8272094293876,0.029490433123301865,True
Mega_5V_10bit_baseline,5.0,10,5.0,7.4,0.055190921064520254,3,2.4337708947225756,498.4362792391835,0.029490433123301865,True
Mega_5V_10bit_baseline,5.0,10,5.0,7.5,0.055190921064520254,3,2.4172136184032196,495.04534904897935,0.029490433123301865,True
Mega_5V_10bit_baseline,5.0,10,5.0,7.6000000000000005,0.055190921064520254,3,2.4006563420838636,491.6544188587753,0.029490433123301865,True
Mega_5V_10bit_baseline,5.0,10,5.0,7.7,0.055190921064520254,3,2.3840990657645076,488.26348866857114,0.029490433123301865,True
Mega_5V_10bit_baseline,5.0,10,5.0,7.800000000000001,0.055190921064520254,3,2.367541789445151,484.87255847836695,0.029490433123301865,True
Mega_5V_10bit_baseline,5.0,10,5.0,7.9,0.055190921064520254,3,2.350984513125795,481.4816282881628,0.029490433123301865,True
Mega_5V_10bit_baseline,5.0,10,5.0,8.0,0.055190921064520254,3,2.334427236806439,478.09069809795875,0.029490433123301865,True
Mega_5V_10bit_baseline,5.0,10,5.0,8.1,0.055190921064520254,3,2.317869960487083,474.6997679077546,0.029490433123301865,True
Mega_5V_10bit_baseline,5.0,10,5.0,8.200000000000001,0.055190921064520254,3,2.3013126841677267,471.30883771755043,0.029490433123301865,True
Mega_5V_10bit_baseline,5.0,10,5.0,8.3,0.055190921064520254,3,2.2847554078483707,467.9179075273463,0.029490433123301865,True
Mega_5V_10bit_baseline,5.0,10,5.0,8.4,0.055190921064520254,3,2.2681981315290147,464.5269773371422,0.029490433123301865,True
Mega_5V_10bit_baseline,5.0,10,5.0,8.5,0.055190921064520254,3,2.2516408552096587,461.1360471469381,0.029490433123301865,True
Mega_5V_10bit_baseline,5.0,10,5.0,8.6,0.055190921064520254,3,2.2350835788903027,457.745116956734,0.029490433123301865,True
Mega_5V_10bit_baseline,5.0,10,5.0,8.700000000000001,0.055190921064520254,3,2.2185263025709467,454.3541867665299,0.029490433123301865,True
Mega_5V_10bit_baseline,5.0,10,5.0,8.8,0.055190921064520254,3,2.2019690262515903,450.9632565763257,0.029490433123301865,True
Mega_5V_10bit_baseline,5.0,10,5.0,8.9,0.055190921064520254,3,2.1854117499322343,447.5723263861216,0.029490433123301865,True
Mega_5V_10bit_baseline,5.0,10,5.0,9.0,0.055190921064520254,3,2.1688544736128783,444.1813961959175,0.029490433123301865,True
Mega_5V_10bit_baseline,5.0,10,5.0,9.1,0.055190921064520254,3,2.1522971972935223,440.79046600571337,0.029490433123301865,True
Mega_5V_10bit_baseline,5.0,10,5.0,9.200000000000001,0.055190921064520254,3,2.1357399209741663,437.39953581550924,0.029490433123301865,True
Mega_5V_10bit_baseline,5.0,10,5.0,9.3,0.055190921064520254,3,2.1191826446548103,434.00860562530517,0.029490433123301865,True
Mega_5V_10bit_baseline,5.0,10,5.0,9.4,0.055190921064520254,3,2.1026253683354543,430.61767543510103,0.029490433123301865,True
Mega_5V_10bit_baseline,5.0,10,5.0,9.5,0.055190921064520254,3,2.086068092016098,427.22674524489685,0.029490433123301865,True
Mega_5V_10bit_baseline,5.0,10,5.0,9.600000000000001,0.055190921064520254,3,2.069510815696742,423.8358150546927,0.029490433123301865,True
Mega_5V_10bit_baseline,5.0,10,5.0,9.700000000000001,0.055190921064520254,3,2.052953539377386,420.44488486448864,0.029490433123301865,True
Mega_5V_10bit_baseline,5.0,10,5.0,9.8,0.055190921064520254,3,2.03639626305803,417.0539546742845,0.029490433123301865,True
Mega_5V_10bit_baseline,5.0,10,5.0,9.9,0.055190921064520254,3,2.019838986738674,413.66302448408044,0.029490433123301865,True
Mega_5V_10bit_baseline,5.0,10,5.0,10.0,0.055190921064520254,3,2.0032817104193175,410.2720942938762,0.029490433123301865,True
Mega_5V_10bit_baseline,5.0,10,5.0,10.100000000000001,0.055190921064520254,3,1.9867244340999615,406.8811641036721,0.029490433123301865,True
Mega_5V_10bit_baseline,5.0,10,5.0,10.200000000000001,0.055190921064520254,3,1.9701671577806055,403.490233913468,0.029490433123301865,True
Mega_5V_10bit_baseline,5.0,10,5.0,10.3,0.055190921064520254,3,1.9536098814612495,400.0993037232639,0.029490433123301865,True
Mega_5V_10bit_baseline,5.0,10,5.0,10.4,0.055190921064520254,3,1.9370526051418935,396.7083735330598,0.029490433123301865,True
Mega_5V_10bit_baseline,5.0,10,5.0,10.5,0.055190921064520254,3,1.9204953288225375,393.31744334285565,0.029490433123301865,True
Mega_5V_10bit_baseline,5.0,10,5.0,10.600000000000001,0.055190921064520254,3,1.903938052503181,389.92651315265147,0.029490433123301865,True
Mega_5V_10bit_baseline,5.0,10,5.0,10.700000000000001,0.055190921064520254,3,1.887380776183825,386.5355829624474,0.029490433123301865,True
Mega_5V_10bit_baseline,5.0,10,5.0,10.8,0.055190921064520254,3,1.870823499864469,383.14465277224326,0.029490433123301865,True
Mega_5V_10bit_baseline,5.0,10,5.0,10.9,0.055190921064520254,3,1.854266223545113,379.75372258203913,0.029490433123301865,True
Mega_5V_10bit_baseline,5.0,10,5.0,11.0,0.055190921064520254,3,1.837708947225757,376.36279239183506,0.029490433123301865,True
Mega_5V_10bit_baseline,5.0,10,5.0,11.100000000000001,0.055190921064520254,3,1.8211516709064006,372.97186220163087,0.029490433123301865,True
Mega_5V_10bit_baseline,5.0,10,5.0,11.200000000000001,0.055190921064520254,3,1.8045943945870446,369.58093201142674,0.029490433123301865,True
Mega_5V_10bit_baseline,5.0,10,5.0,11.3,0.055190921064520254,3,1.7880371182676886,366.1900018212226,0.029490433123301865,True
Mega_5V_10bit_baseline,5.0,10,5.0,11.4,0.055190921064520254,3,1.7714798419483326,362.79907163101853,0.029490433123301865,True
Mega_5V_10bit_baseline,5.0,10,5.0,11.5,0.055190921064520254,3,1.7549225656289766,359.4081414408144,0.029490433123301865,True
Mega_5V_10bit_baseline,5.0,10,5.0,11.600000000000001,0.055190921064520254,3,1.7383652893096202,356.0172112506102,0.029490433123301865,True
Mega_5V_10bit_baseline,5.0,10,5.0,11.700000000000001,0.055190921064520254,3,1.7218080129902642,352.6262810604061,0.029490433123301865,True
Mega_5V_10bit_baseline,5.0,10,5.0,11.8,0.055190921064520254,3,1.7052507366709082,349.235350870202,0.029490433123301865,True
Mega_5V_10bit_baseline,5.0,10,5.0,11.9,0.055190921064520254,3,1.6886934603515522,345.8444206799979,0.029490433123301865,True
Mega_5V_10bit_baseline,5.0,10,5.0,12.0,0.055190921064520254,3,1.6721361840321962,342.4534904897938,0.029490433123301865,True
Mega_5V_10bit_baseline,5.0,10,5.0,12.100000000000001,0.055190921064520254,3,1.6555789077128398,339.06256029958956,0.029490433123301865,True
Mega_5V_10bit_baseline,5.0,10,5.0,12.200000000000001,0.055190921064520254,3,1.6390216313934838,335.6716301093855,0.029490433123301865,True
Mega_5V_10bit_baseline,5.0,10,5.0,12.3,0.055190921064520254,3,1.6224643550741278,332.28069991918136,0.029490433123301865,True
Mega_5V_10bit_baseline,5.0,10,5.0,12.4,0.055190921064520254,3,1.6059070787547718,328.8897697289773,0.029490433123301865,True
Mega_5V_10bit_baseline,5.0,10,5.0,12.5,0.055190921064520254,3,1.5893498024354158,325.49883953877315,0.029490433123301865,True
Mega_5V_10bit_baseline,5.0,10,5.0,12.600000000000001,0.055190921064520254,3,1.5727925261160594,322.10790934856897,0.029490433123301865,True
Mega_5V_10bit_baseline,5.0,10,5.0,12.700000000000001,0.055190921064520254,3,1.5562352497967034,318.71697915836484,0.029490433123301865,True
Mega_5V_10bit_baseline,5.0,10,5.0,12.8,0.055190921064520254,3,1.5396779734773474,315.32604896816076,0.029490433123301865,True
Mega_5V_10bit_baseline,5.0,10,5.0,12.9,0.055190921064520254,3,1.5231206971579914,311.93511877795663,0.029490433123301865,True
Mega_5V_10bit_baseline,5.0,10,5.0,13.0,0.055190921064520254,3,1.5065634208386354,308.5441885877525,0.029490433123301865,True
Mega_5V_10bit_baseline,5.0,10,5.0,13.100000000000001,0.055190921064520254,3,1.4900061445192792,305.15325839754837,0.029490433123301865,True
Mega_5V_10bit_baseline,5.0,10,5.0,13.200000000000001,0.055190921064520254,3,1.4734488681999232,301.76232820734424,0.029490433123301865,True
Mega_5V_10bit_baseline,5.0,10,5.0,13.3,0.055190921064520254,3,1.4568915918805672,298.37139801714017,0.029490433123301865,True
Mega_5V_10bit_baseline,5.0,10,5.0,13.4,0.055190921064520254,3,1.4403343155612112,294.98046782693604,0.029490433123301865,True
Mega_5V_10bit_baseline,5.0,10,5.0,13.5,0.055190921064520254,3,1.423777039241855,291.5895376367319,0.029490433123301865,True
Mega_5V_10bit_baseline,5.0,10,5.0,13.600000000000001,0.055190921064520254,3,1.4072197629224987,288.1986074465277,0.029490433123301865,True
Mega_5V_10bit_baseline,5.0,10,5.0,13.700000000000001,0.055190921064520254,3,1.3906624866031427,284.80767725632364,0.029490433123301865,True
Mega_5V_10bit_baseline,5.0,10,5.0,13.8,0.055190921064520254,3,1.3741052102837867,281.4167470661195,0.029490433123301865,True
Mega_5V_10bit_baseline,5.0,10,5.0,13.9,0.055190921064520254,3,1.3575479339644307,278.02581687591544,0.029490433123301865,True
Mega_5V_10bit_baseline,5.0,10,5.0,14.0,0.055190921064520254,3,1.3409906576450747,274.6348866857113,0.029490433123301865,True
Mega_5V_10bit_baseline,5.0,10,25.0,0.0,0.059159349686811843,3,3.7423463434230486,766.4325311330404,0.027512205176073834,True
Mega_5V_10bit_baseline,5.0,10,25.0,0.1,0.059159349686811843,3,3.724598538517005,762.7977806882826,0.027512205176073834,True
Mega_5V_10bit_baseline,5.0,10,25.0,0.2,0.059159349686811843,3,3.7068507336109615,759.1630302435249,0.027512205176073834,True
Mega_5V_10bit_baseline,5.0,10,25.0,0.30000000000000004,0.059159349686811843,3,3.689102928704918,755.5282797987672,0.027512205176073834,True
Mega_5V_10bit_baseline,5.0,10,25.0,0.4,0.059159349686811843,3,3.6713551237988744,751.8935293540095,0.027512205176073834,True
Mega_5V_10bit_baseline,5.0,10,25.0,0.5,0.059159349686811843,3,3.653607318892831,748.2587789092518,0.027512205176073834,True
Mega_5V_10bit_baseline,5.0,10,25.0,0.6000000000000001,0.059159349686811843,3,3.6358595139867873,744.624028464494,0.027512205176073834,True
Mega_5V_10bit_baseline,5.0,10,25.0,0.7000000000000001,0.059159349686811843,3,3.6181117090807438,740.9892780197363,0.027512205176073834,True
Mega_5V_10bit_baseline,5.0,10,25.0,0.8,0.059159349686811843,3,3.6003639041747,737.3545275749786,0.027512205176073834,True
Mega_5V_10bit_baseline,5.0,10,25.0,0.9,0.059159349686811843,3,3.5826160992686567,733.7197771302209,0.027512205176073834,True
Mega_5V_10bit_baseline,5.0,10,25.0,1.0,0.059159349686811843,3,3.564868294362613,730.0850266854632,0.027512205176073834,True
Mega_5V_10bit_baseline,5.0,10,25.0,1.1,0.059159349686811843,3,3.5471204894565695,726.4502762407054,0.027512205176073834,True
Mega_5V_10bit_baseline,5.0,10,25.0,1.2000000000000002,0.059159349686811843,3,3.529372684550526,722.8155257959477,0.027512205176073834,True
Mega_5V_10bit_baseline,5.0,10,25.0,1.3,0.059159349686811843,3,3.5116248796444824,719.18077535119,0.027512205176073834,True
Mega_5V_10bit_baseline,5.0,10,25.0,1.4000000000000001,0.059159349686811843,3,3.493877074738439,715.5460249064323,0.027512205176073834,True
Mega_5V_10bit_baseline,5.0,10,25.0,1.5,0.059159349686811843,3,3.4761292698323953,711.9112744616746,0.027512205176073834,True
Mega_5V_10bit_baseline,5.0,10,25.0,1.6,0.059159349686811843,3,3.458381464926352,708.2765240169168,0.027512205176073834,True
Mega_5V_10bit_baseline,5.0,10,25.0,1.7000000000000002,0.059159349686811843,3,3.4406336600203082,704.6417735721591,0.027512205176073834,True
Mega_5V_10bit_baseline,5.0,10,25.0,1.8,0.059159349686811843,3,3.4228858551142647,701.0070231274015,0.027512205176073834,True
Mega_5V_10bit_baseline,5.0,10,25.0,1.9000000000000001,0.059159349686811843,3,3.405138050208221,697.3722726826437,0.027512205176073834,True
Mega_5V_10bit_baseline,5.0,10,25.0,2.0,0.059159349686811843,3,3.3873902453021776,693.737522237886,0.027512205176073834,True
Mega_5V_10bit_baseline,5.0,10,25.0,2.1,0.059159349686811843,3,3.369642440396134,690.1027717931282,0.027512205176073834,True
Mega_5V_10bit_baseline,5.0,10,25.0,2.2,0.059159349686811843,3,3.3518946354900905,686.4680213483705,0.027512205176073834,True
Mega_5V_10bit_baseline,5.0,10,25.0,2.3000000000000003,0.059159349686811843,3,3.334146830584047,682.8332709036129,0.027512205176073834,True
Mega_5V_10bit_baseline,5.0,10,25.0,2.4000000000000004,0.059159349686811843,3,3.3163990256780034,679.1985204588551,0.027512205176073834,True
Mega_5V_10bit_baseline,5.0,10,25.0,2.5,0.059159349686811843,3,3.29865122077196,675.5637700140974,0.027512205176073834,True
Mega_5V_10bit_baseline,5.0,10,25.0,2.6,0.059159349686811843,3,3.2809034158659163,671.9290195693396,0.027512205176073834,True
Mega_5V_10bit_baseline,5.0,10,25.0,2.7,0.059159349686811843,3,3.2631556109598727,668.2942691245819,0.027512205176073834,True
Mega_5V_10bit_baseline,5.0,10,25.0,2.8000000000000003,0.059159349686811843,3,3.245407806053829,664.6595186798243,0.027512205176073834,True
Mega_5V_10bit_baseline,5.0,10,25.0,2.9000000000000004,0.059159349686811843,3,3.2276600011477856,661.0247682350665,0.027512205176073834,True
Mega_5V_10bit_baseline,5.0,10,25.0,3.0,0.059159349686811843,3,3.209912196241742,657.3900177903088,0.027512205176073834,True
Mega_5V_10bit_baseline,5.0,10,25.0,3.1,0.059159349686811843,3,3.1921643913356985,653.755267345551,0.027512205176073834,True
Mega_5V_10bit_baseline,5.0,10,25.0,3.2,0.059159349686811843,3,3.174416586429655,650.1205169007933,0.027512205176073834,True
Mega_5V_10bit_baseline,5.0,10,25.0,3.3000000000000003,0.059159349686811843,3,3.1566687815236114,646.4857664560357,0.027512205176073834,True
Mega_5V_10bit_baseline,5.0,10,25.0,3.4000000000000004,0.059159349686811843,3,3.138920976617568,642.8510160112779,0.027512205176073834,True
Mega_5V_10bit_baseline,5.0,10,25.0,3.5,0.059159349686811843,3,3.1211731717115243,639.2162655665202,0.027512205176073834,True
Mega_5V_10bit_baseline,5.0,10,25.0,3.6,0.059159349686811843,3,3.1034253668054808,635.5815151217624,0.027512205176073834,True
Mega_5V_10bit_baseline,5.0,10,25.0,3.7,0.059159349686811843,3,3.085677561899437,631.9467646770047,0.027512205176073834,True
Mega_5V_10bit_baseline,5.0,10,25.0,3.8000000000000003,0.059159349686811843,3,3.0679297569933937,628.3120142322471,0.027512205176073834,True
Mega_5V_10bit_baseline,5.0,10,25.0,3.9000000000000004,0.059159349686811843,3,3.05018195208735,624.6772637874893,0.027512205176073834,True
Mega_5V_10bit_baseline,5.0,10,25.0,4.0,0.059159349686811843,3,3.0324341471813065,621.0425133427316,0.027512205176073834,True
Mega_5V_10bit_baseline,5.0,10,25.0,4.1000000000000005,0.059159349686811843,3,3.014686342275263,617.4077628979738,0.027512205176073834,True
Mega_5V_10bit_baseline,5.0,10,25.0,4.2,0.059159349686811843,3,2.9969385373692194,613.7730124532161,0.027512205176073834,True
Mega_5V_10bit_baseline,5.0,10,25.0,4.3,0.059159349686811843,3,2.979190732463176,610.1382620084585,0.027512205176073834,True
Mega_5V_10bit_baseline,5.0,10,25.0,4.4,0.059159349686811843,3,2.9614429275571323,606.5035115637007,0.027512205176073834,True
Mega_5V_10bit_baseline,5.0,10,25.0,4.5,0.059159349686811843,3,2.943695122651089,602.868761118943,0.027512205176073834,True
Mega_5V_10bit_baseline,5.0,10,25.0,4.6000000000000005,0.059159349686811843,3,2.9259473177450452,599.2340106741852,0.027512205176073834,True
Mega_5V_10bit_baseline,5.0,10,25.0,4.7,0.059159349686811843,3,2.9081995128390017,595.5992602294275,0.027512205176073834,True
Mega_5V_10bit_baseline,5.0,10,25.0,4.800000000000001,0.059159349686811843,3,2.890451707932958,591.9645097846699,0.027512205176073834,True
Mega_5V_10bit_baseline,5.0,10,25.0,4.9,0.059159349686811843,3,2.8727039030269146,588.3297593399121,0.027512205176073834,True
Mega_5V_10bit_baseline,5.0,10,25.0,5.0,0.059159349686811843,3,2.854956098120871,584.6950088951544,0.027512205176073834,True
Mega_5V_10bit_baseline,5.0,10,25.0,5.1000000000000005,0.059159349686811843,3,2.8372082932148275,581.0602584503966,0.027512205176073834,True
Mega_5V_10bit_baseline,5.0,10,25.0,5.2,0.059159349686811843,3,2.819460488308784,577.4255080056389,0.027512205176073834,True
Mega_5V_10bit_baseline,5.0,10,25.0,5.300000000000001,0.059159349686811843,3,2.8017126834027404,573.7907575608813,0.027512205176073834,True
Mega_5V_10bit_baseline,5.0,10,25.0,5.4,0.059159349686811843,3,2.783964878496697,570.1560071161235,0.027512205176073834,True
Mega_5V_10bit_baseline,5.0,10,25.0,5.5,0.059159349686811843,3,2.7662170735906533,566.5212566713658,0.027512205176073834,True
Mega_5V_10bit_baseline,5.0,10,25.0,5.6000000000000005,0.059159349686811843,3,2.7484692686846097,562.886506226608,0.027512205176073834,True
Mega_5V_10bit_baseline,5.0,10,25.0,5.7,0.059159349686811843,3,2.730721463778566,559.2517557818503,0.027512205176073834,True
Mega_5V_10bit_baseline,5.0,10,25.0,5.800000000000001,0.059159349686811843,3,2.7129736588725226,555.6170053370927,0.027512205176073834,True
Mega_5V_10bit_baseline,5.0,10,25.0,5.9,0.059159349686811843,3,2.695225853966479,551.9822548923349,0.027512205176073834,True
Mega_5V_10bit_baseline,5.0,10,25.0,6.0,0.059159349686811843,3,2.6774780490604355,548.3475044475772,0.027512205176073834,True
Mega_5V_10bit_baseline,5.0,10,25.0,6.1000000000000005,0.059159349686811843,3,2.659730244154392,544.7127540028195,0.027512205176073834,True
Mega_5V_10bit_baseline,5.0,10,25.0,6.2,0.059159349686811843,3,2.6419824392483484,541.0780035580617,0.027512205176073834,True
Mega_5V_10bit_baseline,5.0,10,25.0,6.300000000000001,0.059159349686811843,3,2.624234634342305,537.4432531133041,0.027512205176073834,True
Mega_5V_10bit_baseline,5.0,10,25.0,6.4,0.059159349686811843,3,2.6064868294362613,533.8085026685463,0.027512205176073834,True
Mega_5V_10bit_baseline,5.0,10,25.0,6.5,0.059159349686811843,3,2.5887390245302178,530.1737522237886,0.027512205176073834,True
Mega_5V_10bit_baseline,5.0,10,25.0,6.6000000000000005,0.059159349686811843,3,2.570991219624174,526.5390017790309,0.027512205176073834,True
Mega_5V_10bit_baseline,5.0,10,25.0,6.7,0.059159349686811843,3,2.5532434147181307,522.9042513342731,0.027512205176073834,True
Mega_5V_10bit_baseline,5.0,10,25.0,6.800000000000001,0.059159349686811843,3,2.535495609812087,519.2695008895155,0.027512205176073834,True
Mega_5V_10bit_baseline,5.0,10,25.0,6.9,0.059159349686811843,3,2.5177478049060436,515.6347504447577,0.027512205176073834,True
Mega_5V_10bit_baseline,5.0,10,25.0,7.0,0.059159349686811843,3,2.5,512.0,0.027512205176073834,True
Mega_5V_10bit_baseline,5.0,10,25.0,7.1000000000000005,0.059159349686811843,3,2.4822521950939564,508.36524955524226,0.027512205176073834,True
Mega_5V_10bit_baseline,5.0,10,25.0,7.2,0.059159349686811843,3,2.464504390187913,504.7304991104846,0.027512205176073834,True
Mega_5V_10bit_baseline,5.0,10,25.0,7.300000000000001,0.059159349686811843,3,2.4467565852818693,501.09574866572683,0.027512205176073834,True
Mega_5V_10bit_baseline,5.0,10,25.0,7.4,0.059159349686811843,3,2.429008780375826,497.46099822096915,0.027512205176073834,True
Mega_5V_10bit_baseline,5.0,10,25.0,7.5,0.059159349686811843,3,2.4112609754697822,493.8262477762114,0.027512205176073834,True
Mega_5V_10bit_baseline,5.0,10,25.0,7.6000000000000005,0.059159349686811843,3,2.3935131705637387,490.19149733145366,0.027512205176073834,True
Mega_5V_10bit_baseline,5.0,10,25.0,7.7,0.059159349686811843,3,2.375765365657695,486.556746886696,0.027512205176073834,True
Mega_5V_10bit_baseline,5.0,10,25.0,7.800000000000001,0.059159349686811843,3,2.3580175607516516,482.92199644193823,0.027512205176073834,True
Mega_5V_10bit_baseline,5.0,10,25.0,7.9,0.059159349686811843,3,2.340269755845608,479.28724599718055,0.027512205176073834,True
Mega_5V_10bit_baseline,5.0,10,25.0,8.0,0.059159349686811843,3,2.3225219509395645,475.6524955524228,0.027512205176073834,True
Mega_5V_10bit_baseline,5.0,10,25.0,8.1,0.059159349686811843,3,2.304774146033521,472.01774510766506,0.027512205176073834,True
Mega_5V_10bit_baseline,5.0,10,25.0,8.200000000000001,0.059159349686811843,3,2.2870263411274774,468.3829946629074,0.027512205176073834,True
Mega_5V_10bit_baseline,5.0,10,25.0,8.3,0.059159349686811843,3,2.269278536221434,464.74824421814964,0.027512205176073834,True
Mega_5V_10bit_baseline,5.0,10,25.0,8.4,0.059159349686811843,3,2.2515307313153903,461.11349377339195,0.027512205176073834,True
Mega_5V_10bit_baseline,5.0,10,25.0,8.5,0.059159349686811843,3,2.2337829264093467,457.4787433286342,0.027512205176073834,True
Mega_5V_10bit_baseline,5.0,10,25.0,8.6,0.059159349686811843,3,2.216035121503303,453.84399288387647,0.027512205176073834,True
Mega_5V_10bit_baseline,5.0,10,25.0,8.700000000000001,0.059159349686811843,3,2.1982873165972596,450.2092424391188,0.027512205176073834,True
Mega_5V_10bit_baseline,5.0,10,25.0,8.8,0.059159349686811843,3,2.180539511691216,446.57449199436104,0.027512205176073834,True
Mega_5V_10bit_baseline,5.0,10,25.0,8.9,0.059159349686811843,3,2.1627917067851725,442.93974154960335,0.027512205176073834,True
Mega_5V_10bit_baseline,5.0,10,25.0,9.0,0.059159349686811843,3,2.145043901879129,439.3049911048456,0.027512205176073834,True
Mega_5V_10bit_baseline,5.0,10,25.0,9.1,0.059159349686811843,3,2.1272960969730854,435.67024066008787,0.027512205176073834,True
Mega_5V_10bit_baseline,5.0,10,25.0,9.200000000000001,0.059159349686811843,3,2.109548292067042,432.0354902153302,0.027512205176073834,True
Mega_5V_10bit_baseline,5.0,10,25.0,9.3,0.059159349686811843,3,2.0918004871609983,428.40073977057244,0.027512205176073834,True
Mega_5V_10bit_baseline,5.0,10,25.0,9.4,0.059159349686811843,3,2.0740526822549548,424.76598932581476,0.027512205176073834,True
Mega_5V_10bit_baseline,5.0,10,25.0,9.5,0.059159349686811843,3,2.056304877348911,421.131238881057,0.027512205176073834,True
Mega_5V_10bit_baseline,5.0,10,25.0,9.600000000000001,0.059159349686811843,3,2.038557072442867,417.4964884362992,0.027512205176073834,True
Mega_5V_10bit_baseline,5.0,10,25.0,9.700000000000001,0.059159349686811843,3,2.020809267536824,413.8617379915416,0.027512205176073834,True
Mega_5V_10bit_baseline,5.0,10,25.0,9.8,0.059159349686811843,3,2.0030614626307806,410.22698754678385,0.027512205176073834,True
Mega_5V_10bit_baseline,5.0,10,25.0,9.9,0.059159349686811843,3,1.985313657724737,406.59223710202616,0.027512205176073834,True
Mega_5V_10bit_baseline,5.0,10,25.0,10.0,0.059159349686811843,3,1.9675658528186935,402.9574866572684,0.027512205176073834,True
Mega_5V_10bit_baseline,5.0,10,25.0,10.100000000000001,0.059159349686811843,3,1.9498180479126497,399.3227362125107,0.027512205176073834,True
Mega_5V_10bit_baseline,5.0,10,25.0,10.200000000000001,0.059159349686811843,3,1.9320702430066061,395.68798576775293,0.027512205176073834,True
Mega_5V_10bit_baseline,5.0,10,25.0,10.3,0.059159349686811843,3,1.9143224381005628,392.05323532299525,0.027512205176073834,True
Mega_5V_10bit_baseline,5.0,10,25.0,10.4,0.059159349686811843,3,1.8965746331945192,388.41848487823756,0.027512205176073834,True
Mega_5V_10bit_baseline,5.0,10,25.0,10.5,0.059159349686811843,3,1.8788268282884757,384.7837344334798,0.027512205176073834,True
Mega_5V_10bit_baseline,5.0,10,25.0,10.600000000000001,0.059159349686811843,3,1.861079023382432,381.1489839887221,0.027512205176073834,True
Mega_5V_10bit_baseline,5.0,10,25.0,10.700000000000001,0.059159349686811843,3,1.8433312184763884,377.51423354396434,0.027512205176073834,True
Mega_5V_10bit_baseline,5.0,10,25.0,10.8,0.059159349686811843,3,1.825583413570345,373.87948309920665,0.027512205176073834,True
Mega_5V_10bit_baseline,5.0,10,25.0,10.9,0.059159349686811843,3,1.8078356086643015,370.24473265444897,0.027512205176073834,True
Mega_5V_10bit_baseline,5.0,10,25.0,11.0,0.059159349686811843,3,1.790087803758258,366.6099822096912,0.027512205176073834,True
Mega_5V_10bit_baseline,5.0,10,25.0,11.100000000000001,0.059159349686811843,3,1.7723399988522142,362.9752317649335,0.027512205176073834,True
Mega_5V_10bit_baseline,5.0,10,25.0,11.200000000000001,0.059159349686811843,3,1.7545921939461706,359.34048132017574,0.027512205176073834,True
Mega_5V_10bit_baseline,5.0,10,25.0,11.3,0.059159349686811843,3,1.7368443890401273,355.70573087541806,0.027512205176073834,True
Mega_5V_10bit_baseline,5.0,10,25.0,11.4,0.059159349686811843,3,1.7190965841340837,352.07098043066037,0.027512205176073834,True
Mega_5V_10bit_baseline,5.0,10,25.0,11.5,0.059159349686811843,3,1.7013487792280402,348.4362299859026,0.027512205176073834,True
Mega_5V_10bit_baseline,5.0,10,25.0,11.600000000000001,0.059159349686811843,3,1.6836009743219964,344.8014795411449,0.027512205176073834,True
Mega_5V_10bit_baseline,5.0,10,25.0,11.700000000000001,0.059159349686811843,3,1.6658531694159529,341.16672909638714,0.027512205176073834,True
Mega_5V_10bit_baseline,5.0,10,25.0,11.8,0.059159349686811843,3,1.6481053645099095,337.53197865162946,0.027512205176073834,True
Mega_5V_10bit_baseline,5.0,10,25.0,11.9,0.059159349686811843,3,1.630357559603866,333.8972282068718,0.027512205176073834,True
Mega_5V_10bit_baseline,5.0,10,25.0,12.0,0.059159349686811843,3,1.6126097546978224,330.26247776211403,0.027512205176073834,True
Mega_5V_10bit_baseline,5.0,10,25.0,12.100000000000001,0.059159349686811843,3,1.5948619497917786,326.6277273173563,0.027512205176073834,True
Mega_5V_10bit_baseline,5.0,10,25.0,12.200000000000001,0.059159349686811843,3,1.577114144885735,322.99297687259855,0.027512205176073834,True
Mega_5V_10bit_baseline,5.0,10,25.0,12.3,0.059159349686811843,3,1.5593663399796918,319.35822642784086,0.027512205176073834,True
Mega_5V_10bit_baseline,5.0,10,25.0,12.4,0.059159349686811843,3,1.5416185350736482,315.7234759830832,0.027512205176073834,True
Mega_5V_10bit_baseline,5.0,10,25.0,12.5,0.059159349686811843,3,1.5238707301676047,312.08872553832543,0.027512205176073834,True
Mega_5V_10bit_baseline,5.0,10,25.0,12.600000000000001,0.059159349686811843,3,1.5061229252615609,308.4539750935677,0.027512205176073834,True
Mega_5V_10bit_baseline,5.0,10,25.0,12.700000000000001,0.059159349686811843,3,1.4883751203555173,304.81922464880995,0.027512205176073834,True
Mega_5V_10bit_baseline,5.0,10,25.0,12.8,0.059159349686811843,3,1.4706273154494738,301.1844742040522,0.027512205176073834,True
Mega_5V_10bit_baseline,5.0,10,25.0,12.9,0.059159349686811843,3,1.4528795105434305,297.5497237592946,0.027512205176073834,True
Mega_5V_10bit_baseline,5.0,10,25.0,13.0,0.059159349686811843,3,1.435131705637387,293.91497331453684,0.027512205176073834,True
Mega_5V_10bit_baseline,5.0,10,25.0,13.100000000000001,0.059159349686811843,3,1.4173839007313431,290.2802228697791,0.027512205176073834,True
Mega_5V_10bit_baseline,5.0,10,25.0,13.200000000000001,0.059159349686811843,3,1.3996360958252996,286.64547242502135,0.027512205176073834,True
Mega_5V_10bit_baseline,5.0,10,25.0,13.3,0.059159349686811843,3,1.381888290919256,283.0107219802636,0.027512205176073834,True
Mega_5V_10bit_baseline,5.0,10,25.0,13.4,0.059159349686811843,3,1.3641404860132127,279.375971535506,0.027512205176073834,True
Mega_5V_10bit_baseline,5.0,10,25.0,13.5,0.059159349686811843,3,1.3463926811071691,275.74122109074824,0.027512205176073834,True
Mega_5V_10bit_baseline,5.0,10,25.0,13.600000000000001,0.059159349686811843,3,1.3286448762011254,272.1064706459905,0.027512205176073834,True
Mega_5V_10bit_baseline,5.0,10,25.0,13.700000000000001,0.059159349686811843,3,1.3108970712950818,268.47172020123276,0.027512205176073834,True
Mega_5V_10bit_baseline,5.0,10,25.0,13.8,0.059159349686811843,3,1.2931492663890383,264.836969756475,0.027512205176073834,True
Mega_5V_10bit_baseline,5.0,10,25.0,13.9,0.059159349686811843,3,1.275401461482995,261.2022193117174,0.027512205176073834,True
Mega_5V_10bit_baseline,5.0,10,25.0,14.0,0.059159349686811843,3,1.2576536565769514,257.56746886695964,0.027512205176073834,True
Mega_5V_10bit_baseline,5.0,10,45.0,0.0,0.06312777830910343,3,3.825683344491172,783.499948951792,0.025782693613850112,True
Mega_5V_10bit_baseline,5.0,10,45.0,0.1,0.06312777830910343,3,3.806745010998441,779.6213782524808,0.025782693613850112,True
Mega_5V_10bit_baseline,5.0,10,45.0,0.2,0.06312777830910343,3,3.78780667750571,775.7428075531694,0.025782693613850112,True
Mega_5V_10bit_baseline,5.0,10,45.0,0.30000000000000004,0.06312777830910343,3,3.7688683440129793,771.8642368538582,0.025782693613850112,True
Mega_5V_10bit_baseline,5.0,10,45.0,0.4,0.06312777830910343,3,3.7499300105202478,767.9856661545467,0.025782693613850112,True
Mega_5V_10bit_baseline,5.0,10,45.0,0.5,0.06312777830910343,3,3.730991677027517,764.1070954552355,0.025782693613850112,True
Mega_5V_10bit_baseline,5.0,10,45.0,0.6000000000000001,0.06312777830910343,3,3.712053343534786,760.2285247559241,0.025782693613850112,True
Mega_5V_10bit_baseline,5.0,10,45.0,0.7000000000000001,0.06312777830910343,3,3.693115010042055,756.3499540566129,0.025782693613850112,True
Mega_5V_10bit_baseline,5.0,10,45.0,0.8,0.06312777830910343,3,3.674176676549324,752.4713833573015,0.025782693613850112,True
Mega_5V_10bit_baseline,5.0,10,45.0,0.9,0.06312777830910343,3,3.6552383430565927,748.5928126579902,0.025782693613850112,True
Mega_5V_10bit_baseline,5.0,10,45.0,1.0,0.06312777830910343,3,3.636300009563862,744.7142419586789,0.025782693613850112,True
Mega_5V_10bit_baseline,5.0,10,45.0,1.1,0.06312777830910343,3,3.617361676071131,740.8356712593676,0.025782693613850112,True
Mega_5V_10bit_baseline,5.0,10,45.0,1.2000000000000002,0.06312777830910343,3,3.5984233425784,736.9571005600562,0.025782693613850112,True
Mega_5V_10bit_baseline,5.0,10,45.0,1.3,0.06312777830910343,3,3.5794850090856687,733.078529860745,0.025782693613850112,True
Mega_5V_10bit_baseline,5.0,10,45.0,1.4000000000000001,0.06312777830910343,3,3.5605466755929376,729.1999591614336,0.025782693613850112,True
Mega_5V_10bit_baseline,5.0,10,45.0,1.5,0.06312777830910343,3,3.541608342100207,725.3213884621224,0.025782693613850112,True
Mega_5V_10bit_baseline,5.0,10,45.0,1.6,0.06312777830910343,3,3.5226700086074754,721.4428177628109,0.025782693613850112,True
Mega_5V_10bit_baseline,5.0,10,45.0,1.7000000000000002,0.06312777830910343,3,3.5037316751147447,717.5642470634997,0.025782693613850112,True
Mega_5V_10bit_baseline,5.0,10,45.0,1.8,0.06312777830910343,3,3.4847933416220136,713.6856763641883,0.025782693613850112,True
Mega_5V_10bit_baseline,5.0,10,45.0,1.9000000000000001,0.06312777830910343,3,3.4658550081292825,709.8071056648771,0.025782693613850112,True
Mega_5V_10bit_baseline,5.0,10,45.0,2.0,0.06312777830910343,3,3.4469166746365514,705.9285349655657,0.025782693613850112,True
Mega_5V_10bit_baseline,5.0,10,45.0,2.1,0.06312777830910343,3,3.4279783411438203,702.0499642662544,0.025782693613850112,True
Mega_5V_10bit_baseline,5.0,10,45.0,2.2,0.06312777830910343,3,3.4090400076510896,698.1713935669432,0.025782693613850112,True
Mega_5V_10bit_baseline,5.0,10,45.0,2.3000000000000003,0.06312777830910343,3,3.390101674158358,694.2928228676317,0.025782693613850112,True
Mega_5V_10bit_baseline,5.0,10,45.0,2.4000000000000004,0.06312777830910343,3,3.3711633406656274,690.4142521683204,0.025782693613850112,True
Mega_5V_10bit_baseline,5.0,10,45.0,2.5,0.06312777830910343,3,3.3522250071728963,686.5356814690092,0.025782693613850112,True
Mega_5V_10bit_baseline,5.0,10,45.0,2.6,0.06312777830910343,3,3.333286673680165,682.6571107696979,0.025782693613850112,True
Mega_5V_10bit_baseline,5.0,10,45.0,2.7,0.06312777830910343,3,3.3143483401874345,678.7785400703866,0.025782693613850112,True
Mega_5V_10bit_baseline,5.0,10,45.0,2.8000000000000003,0.06312777830910343,3,3.295410006694703,674.8999693710751,0.025782693613850112,True
Mega_5V_10bit_baseline,5.0,10,45.0,2.9000000000000004,0.06312777830910343,3,3.2764716732019723,671.0213986717639,0.025782693613850112,True
Mega_5V_10bit_baseline,5.0,10,45.0,3.0,0.06312777830910343,3,3.257533339709241,667.1428279724526,0.025782693613850112,True
Mega_5V_10bit_baseline,5.0,10,45.0,3.1,0.06312777830910343,3,3.23859500621651,663.2642572731413,0.025782693613850112,True
Mega_5V_10bit_baseline,5.0,10,45.0,3.2,0.06312777830910343,3,3.219656672723779,659.38568657383,0.025782693613850112,True
Mega_5V_10bit_baseline,5.0,10,45.0,3.3000000000000003,0.06312777830910343,3,3.200718339231048,655.5071158745186,0.025782693613850112,True
Mega_5V_10bit_baseline,5.0,10,45.0,3.4000000000000004,0.06312777830910343,3,3.181780005738317,651.6285451752074,0.025782693613850112,True
Mega_5V_10bit_baseline,5.0,10,45.0,3.5,0.06312777830910343,3,3.162841672245586,647.749974475896,0.025782693613850112,True
Mega_5V_10bit_baseline,5.0,10,45.0,3.6,0.06312777830910343,3,3.143903338752855,643.8714037765847,0.025782693613850112,True
Mega_5V_10bit_baseline,5.0,10,45.0,3.7,0.06312777830910343,3,3.124965005260124,639.9928330772734,0.025782693613850112,True
Mega_5V_10bit_baseline,5.0,10,45.0,3.8000000000000003,0.06312777830910343,3,3.1060266717673928,636.1142623779621,0.025782693613850112,True
Mega_5V_10bit_baseline,5.0,10,45.0,3.9000000000000004,0.06312777830910343,3,3.087088338274662,632.2356916786508,0.025782693613850112,True
Mega_5V_10bit_baseline,5.0,10,45.0,4.0,0.06312777830910343,3,3.068150004781931,628.3571209793395,0.025782693613850112,True
Mega_5V_10bit_baseline,5.0,10,45.0,4.1000000000000005,0.06312777830910343,3,3.0492116712892,624.4785502800281,0.025782693613850112,True
Mega_5V_10bit_baseline,5.0,10,45.0,4.2,0.06312777830910343,3,3.030273337796469,620.5999795807168,0.025782693613850112,True
Mega_5V_10bit_baseline,5.0,10,45.0,4.3,0.06312777830910343,3,3.0113350043037377,616.7214088814055,0.025782693613850112,True
Mega_5V_10bit_baseline,5.0,10,45.0,4.4,0.06312777830910343,3,2.9923966708110066,612.8428381820942,0.025782693613850112,True
Mega_5V_10bit_baseline,5.0,10,45.0,4.5,0.06312777830910343,3,2.973458337318276,608.9642674827829,0.025782693613850112,True
Mega_5V_10bit_baseline,5.0,10,45.0,4.6000000000000005,0.06312777830910343,3,2.954520003825545,605.0856967834716,0.025782693613850112,True
Mega_5V_10bit_baseline,5.0,10,45.0,4.7,0.06312777830910343,3,2.9355816703328137,601.2071260841602,0.025782693613850112,True
Mega_5V_10bit_baseline,5.0,10,45.0,4.800000000000001,0.06312777830910343,3,2.9166433368400826,597.3285553848489,0.025782693613850112,True
Mega_5V_10bit_baseline,5.0,10,45.0,4.9,0.06312777830910343,3,2.8977050033473515,593.4499846855376,0.025782693613850112,True
Mega_5V_10bit_baseline,5.0,10,45.0,5.0,0.06312777830910343,3,2.8787666698546204,589.5714139862263,0.025782693613850112,True
Mega_5V_10bit_baseline,5.0,10,45.0,5.1000000000000005,0.06312777830910343,3,2.8598283363618897,585.692843286915,0.025782693613850112,True
Mega_5V_10bit_baseline,5.0,10,45.0,5.2,0.06312777830910343,3,2.8408900028691586,581.8142725876037,0.025782693613850112,True
Mega_5V_10bit_baseline,5.0,10,45.0,5.300000000000001,0.06312777830910343,3,2.8219516693764275,577.9357018882923,0.025782693613850112,True
Mega_5V_10bit_baseline,5.0,10,45.0,5.4,0.06312777830910343,3,2.8030133358836964,574.057131188981,0.025782693613850112,True
Mega_5V_10bit_baseline,5.0,10,45.0,5.5,0.06312777830910343,3,2.7840750023909653,570.1785604896697,0.025782693613850112,True
Mega_5V_10bit_baseline,5.0,10,45.0,5.6000000000000005,0.06312777830910343,3,2.765136668898234,566.2999897903584,0.025782693613850112,True
Mega_5V_10bit_baseline,5.0,10,45.0,5.7,0.06312777830910343,3,2.7461983354055035,562.4214190910471,0.025782693613850112,True
Mega_5V_10bit_baseline,5.0,10,45.0,5.800000000000001,0.06312777830910343,3,2.7272600019127724,558.5428483917358,0.025782693613850112,True
Mega_5V_10bit_baseline,5.0,10,45.0,5.9,0.06312777830910343,3,2.7083216684200413,554.6642776924244,0.025782693613850112,True
Mega_5V_10bit_baseline,5.0,10,45.0,6.0,0.06312777830910343,3,2.68938333492731,550.7857069931131,0.025782693613850112,True
Mega_5V_10bit_baseline,5.0,10,45.0,6.1000000000000005,0.06312777830910343,3,2.670445001434579,546.9071362938018,0.025782693613850112,True
Mega_5V_10bit_baseline,5.0,10,45.0,6.2,0.06312777830910343,3,2.651506667941848,543.0285655944905,0.025782693613850112,True
Mega_5V_10bit_baseline,5.0,10,45.0,6.300000000000001,0.06312777830910343,3,2.6325683344491173,539.1499948951792,0.025782693613850112,True
Mega_5V_10bit_baseline,5.0,10,45.0,6.4,0.06312777830910343,3,2.613630000956386,535.2714241958679,0.025782693613850112,True
Mega_5V_10bit_baseline,5.0,10,45.0,6.5,0.06312777830910343,3,2.594691667463655,531.3928534965565,0.025782693613850112,True
Mega_5V_10bit_baseline,5.0,10,45.0,6.6000000000000005,0.06312777830910343,3,2.575753333970924,527.5142827972452,0.025782693613850112,True
Mega_5V_10bit_baseline,5.0,10,45.0,6.7,0.06312777830910343,3,2.556815000478193,523.635712097934,0.025782693613850112,True
Mega_5V_10bit_baseline,5.0,10,45.0,6.800000000000001,0.06312777830910343,3,2.5378766669854618,519.7571413986226,0.025782693613850112,True
Mega_5V_10bit_baseline,5.0,10,45.0,6.9,0.06312777830910343,3,2.518938333492731,515.8785706993114,0.025782693613850112,True
Mega_5V_10bit_baseline,5.0,10,45.0,7.0,0.06312777830910343,3,2.5,512.0,0.025782693613850112,True
Mega_5V_10bit_baseline,5.0,10,45.0,7.1000000000000005,0.06312777830910343,3,2.481061666507269,508.12142930068865,0.025782693613850112,True
Mega_5V_10bit_baseline,5.0,10,45.0,7.2,0.06312777830910343,3,2.462123333014538,504.24285860137735,0.025782693613850112,True
Mega_5V_10bit_baseline,5.0,10,45.0,7.300000000000001,0.06312777830910343,3,2.4431849995218067,500.364287902066,0.025782693613850112,True
Mega_5V_10bit_baseline,5.0,10,45.0,7.4,0.06312777830910343,3,2.424246666029076,496.48571720275476,0.025782693613850112,True
Mega_5V_10bit_baseline,5.0,10,45.0,7.5,0.06312777830910343,3,2.405308332536345,492.60714650344346,0.025782693613850112,True
Mega_5V_10bit_baseline,5.0,10,45.0,7.6000000000000005,0.06312777830910343,3,2.386369999043614,488.7285758041321,0.025782693613850112,True
Mega_5V_10bit_baseline,5.0,10,45.0,7.7,0.06312777830910343,3,2.3674316655508827,484.85000510482075,0.025782693613850112,True
Mega_5V_10bit_baseline,5.0,10,45.0,7.800000000000001,0.06312777830910343,3,2.3484933320581516,480.97143440550946,0.025782693613850112,True
Mega_5V_10bit_baseline,5.0,10,45.0,7.9,0.06312777830910343,3,2.3295549985654205,477.0928637061981,0.025782693613850112,True
Mega_5V_10bit_baseline,5.0,10,45.0,8.0,0.06312777830910343,3,2.31061666507269,473.21429300688686,0.025782693613850112,True
Mega_5V_10bit_baseline,5.0,10,45.0,8.1,0.06312777830910343,3,2.2916783315799587,469.33572230757557,0.025782693613850112,True
Mega_5V_10bit_baseline,5.0,10,45.0,8.200000000000001,0.06312777830910343,3,2.2727399980872276,465.4571516082642,0.025782693613850112,True
Mega_5V_10bit_baseline,5.0,10,45.0,8.3,0.06312777830910343,3,2.2538016645944965,461.57858090895286,0.025782693613850112,True
Mega_5V_10bit_baseline,5.0,10,45.0,8.4,0.06312777830910343,3,2.2348633311017654,457.70001020964156,0.025782693613850112,True
Mega_5V_10bit_baseline,5.0,10,45.0,8.5,0.06312777830910343,3,2.2159249976090347,453.8214395103303,0.025782693613850112,True
Mega_5V_10bit_baseline,5.0,10,45.0,8.6,0.06312777830910343,3,2.1969866641163036,449.94286881101897,0.025782693613850112,True
Mega_5V_10bit_baseline,5.0,10,45.0,8.700000000000001,0.06312777830910343,3,2.1780483306235725,446.06429811170767,0.025782693613850112,True
Mega_5V_10bit_baseline,5.0,10,45.0,8.8,0.06312777830910343,3,2.1591099971308414,442.1857274123963,0.025782693613850112,True
Mega_5V_10bit_baseline,5.0,10,45.0,8.9,0.06312777830910343,3,2.1401716636381103,438.30715671308496,0.025782693613850112,True
Mega_5V_10bit_baseline,5.0,10,45.0,9.0,0.06312777830910343,3,2.1212333301453796,434.4285860137737,0.025782693613850112,True
Mega_5V_10bit_baseline,5.0,10,45.0,9.1,0.06312777830910343,3,2.1022949966526485,430.5500153144624,0.025782693613850112,True
Mega_5V_10bit_baseline,5.0,10,45.0,9.200000000000001,0.06312777830910343,3,2.083356663159917,426.671444615151,0.025782693613850112,True
Mega_5V_10bit_baseline,5.0,10,45.0,9.3,0.06312777830910343,3,2.0644183296671863,422.7928739158398,0.025782693613850112,True
Mega_5V_10bit_baseline,5.0,10,45.0,9.4,0.06312777830910343,3,2.045479996174455,418.9143032165284,0.025782693613850112,True
Mega_5V_10bit_baseline,5.0,10,45.0,9.5,0.06312777830910343,3,2.026541662681724,415.03573251721707,0.025782693613850112,True
Mega_5V_10bit_baseline,5.0,10,45.0,9.600000000000001,0.06312777830910343,3,2.007603329188993,411.1571618179058,0.025782693613850112,True
Mega_5V_10bit_baseline,5.0,10,45.0,9.700000000000001,0.06312777830910343,3,1.9886649956962619,407.2785911185944,0.025782693613850112,True
Mega_5V_10bit_baseline,5.0,10,45.0,9.8,0.06312777830910343,3,1.969726662203531,403.4000204192831,0.025782693613850112,True
Mega_5V_10bit_baseline,5.0,10,45.0,9.9,0.06312777830910343,3,1.9507883287108,399.5214497199719,0.025782693613850112,True
Mega_5V_10bit_baseline,5.0,10,45.0,10.0,0.06312777830910343,3,1.931849995218069,395.64287902066053,0.025782693613850112,True
Mega_5V_10bit_baseline,5.0,10,45.0,10.100000000000001,0.06312777830910343,3,1.9129116617253379,391.7643083213492,0.025782693613850112,True
Mega_5V_10bit_baseline,5.0,10,45.0,10.200000000000001,0.06312777830910343,3,1.8939733282326068,387.8857376220379,0.025782693613850112,True
Mega_5V_10bit_baseline,5.0,10,45.0,10.3,0.06312777830910343,3,1.875034994739876,384.0071669227266,0.025782693613850112,True
Mega_5V_10bit_baseline,5.0,10,45.0,10.4,0.06312777830910343,3,1.856096661247145,380.1285962234153,0.025782693613850112,True
Mega_5V_10bit_baseline,5.0,10,45.0,10.5,0.06312777830910343,3,1.837158327754414,376.250025524104,0.025782693613850112,True
Mega_5V_10bit_baseline,5.0,10,45.0,10.600000000000001,0.06312777830910343,3,1.8182199942616828,372.37145482479264,0.025782693613850112,True
Mega_5V_10bit_baseline,5.0,10,45.0,10.700000000000001,0.06312777830910343,3,1.7992816607689517,368.4928841254813,0.025782693613850112,True
Mega_5V_10bit_baseline,5.0,10,45.0,10.8,0.06312777830910343,3,1.7803433272762206,364.61431342617,0.025782693613850112,True
Mega_5V_10bit_baseline,5.0,10,45.0,10.9,0.06312777830910343,3,1.76140499378349,360.73574272685875,0.025782693613850112,True
Mega_5V_10bit_baseline,5.0,10,45.0,11.0,0.06312777830910343,3,1.7424666602907588,356.8571720275474,0.025782693613850112,True
Mega_5V_10bit_baseline,5.0,10,45.0,11.100000000000001,0.06312777830910343,3,1.7235283267980275,352.97860132823604,0.025782693613850112,True
Mega_5V_10bit_baseline,5.0,10,45.0,11.200000000000001,0.06312777830910343,3,1.7045899933052966,349.10003062892474,0.025782693613850112,True
Mega_5V_10bit_baseline,5.0,10,45.0,11.3,0.06312777830910343,3,1.6856516598125655,345.2214599296134,0.025782693613850112,True
Mega_5V_10bit_baseline,5.0,10,45.0,11.4,0.06312777830910343,3,1.6667133263198346,341.34288923030215,0.025782693613850112,True
Mega_5V_10bit_baseline,5.0,10,45.0,11.5,0.06312777830910343,3,1.6477749928271037,337.46431853099085,0.025782693613850112,True
Mega_5V_10bit_baseline,5.0,10,45.0,11.600000000000001,0.06312777830910343,3,1.6288366593343724,333.58574783167944,0.025782693613850112,True
Mega_5V_10bit_baseline,5.0,10,45.0,11.700000000000001,0.06312777830910343,3,1.6098983258416415,329.7071771323682,0.025782693613850112,True
Mega_5V_10bit_baseline,5.0,10,45.0,11.8,0.06312777830910343,3,1.5909599923489104,325.82860643305685,0.025782693613850112,True
Mega_5V_10bit_baseline,5.0,10,45.0,11.9,0.06312777830910343,3,1.5720216588561795,321.95003573374555,0.025782693613850112,True
Mega_5V_10bit_baseline,5.0,10,45.0,12.0,0.06312777830910343,3,1.5530833253634486,318.07146503443425,0.025782693613850112,True
Mega_5V_10bit_baseline,5.0,10,45.0,12.100000000000001,0.06312777830910343,3,1.534144991870717,314.19289433512284,0.025782693613850112,True
Mega_5V_10bit_baseline,5.0,10,45.0,12.200000000000001,0.06312777830910343,3,1.5152066583779864,310.3143236358116,0.025782693613850112,True
Mega_5V_10bit_baseline,5.0,10,45.0,12.3,0.06312777830910343,3,1.4962683248852553,306.4357529365003,0.025782693613850112,True
Mega_5V_10bit_baseline,5.0,10,45.0,12.4,0.06312777830910343,3,1.4773299913925244,302.557182237189,0.025782693613850112,True
Mega_5V_10bit_baseline,5.0,10,45.0,12.5,0.06312777830910343,3,1.4583916578997933,298.67861153787766,0.025782693613850112,True
Mega_5V_10bit_baseline,5.0,10,45.0,12.600000000000001,0.06312777830910343,3,1.439453324407062,294.8000408385663,0.025782693613850112,True
Mega_5V_10bit_baseline,5.0,10,45.0,12.700000000000001,0.06312777830910343,3,1.420514990914331,290.921470139255,0.025782693613850112,True
Mega_5V_10bit_baseline,5.0,10,45.0,12.8,0.06312777830910343,3,1.4015766574216002,287.0428994399437,0.025782693613850112,True
Mega_5V_10bit_baseline,5.0,10,45.0,12.9,0.06312777830910343,3,1.382638323928869,283.1643287406324,0.025782693613850112,True
Mega_5V_10bit_baseline,5.0,10,45.0,13.0,0.06312777830910343,3,1.3636999904361382,279.2857580413211,0.025782693613850112,True
Mega_5V_10bit_baseline,5.0,10,45.0,13.100000000000001,0.06312777830910343,3,1.3447616569434069,275.4071873420097,0.025782693613850112,True
Mega_5V_10bit_baseline,5.0,10,45.0,13.200000000000001,0.06312777830910343,3,1.325823323450676,271.52861664269847,0.025782693613850112,True
Mega_5V_10bit_baseline,5.0,10,45.0,13.3,0.06312777830910343,3,1.3068849899579449,267.6500459433871,0.025782693613850112,True
Mega_5V_10bit_baseline,5.0,10,45.0,13.4,0.06312777830910343,3,1.287946656465214,263.7714752440758,0.025782693613850112,True
Mega_5V_10bit_baseline,5.0,10,45.0,13.5,0.06312777830910343,3,1.2690083229724831,259.8929045447645,0.025782693613850112,True
Mega_5V_10bit_baseline,5.0,10,45.0,13.600000000000001,0.06312777830910343,3,1.2500699894797518,256.01433384545317,0.025782693613850112,True
Mega_5V_10bit_baseline,5.0,10,45.0,13.700000000000001,0.06312777830910343,3,1.231131655987021,252.13576314614187,0.025782693613850112,True
Mega_5V_10bit_baseline,5.0,10,45.0,13.8,0.06312777830910343,3,1.2121933224942898,248.25719244683054,0.025782693613850112,True
Mega_5V_10bit_baseline,5.0,10,45.0,13.9,0.06312777830910343,3,1.193254989001559,244.37862174751928,0.025782693613850112,True
Mega_5V_10bit_baseline,5.0,10,45.0,14.0,0.06312777830910343,3,1.1743166555088278,240.50005104820792,0.025782693613850112,True
proposed_3p3V_12bit,3.3,12,5.0,0.0,0.055190921064520254,3,2.8090093423549254,3486.5764443290227,0.0048659214653448074,True
proposed_3p3V_12bit,3.3,12,5.0,0.1,0.055190921064520254,3,2.792452066035569,3466.025352267179,0.0048659214653448074,True
proposed_3p3V_12bit,3.3,12,5.0,0.2,0.055190921064520254,3,2.7758947897162134,3445.4742602053366,0.0048659214653448074,True
proposed_3p3V_12bit,3.3,12,5.0,0.30000000000000004,0.055190921064520254,3,2.759337513396857,3424.923168143493,0.0048659214653448074,True
proposed_3p3V_12bit,3.3,12,5.0,0.4,0.055190921064520254,3,2.742780237077501,3404.37207608165,0.0048659214653448074,True
proposed_3p3V_12bit,3.3,12,5.0,0.5,0.055190921064520254,3,2.726222960758145,3383.820984019807,0.0048659214653448074,True
proposed_3p3V_12bit,3.3,12,5.0,0.6000000000000001,0.055190921064520254,3,2.7096656844387885,3363.269891957963,0.0048659214653448074,True
proposed_3p3V_12bit,3.3,12,5.0,0.7000000000000001,0.055190921064520254,3,2.693108408119433,3342.718799896121,0.0048659214653448074,True
proposed_3p3V_12bit,3.3,12,5.0,0.8,0.055190921064520254,3,2.6765511318000765,3322.167707834277,0.0048659214653448074,True
proposed_3p3V_12bit,3.3,12,5.0,0.9,0.055190921064520254,3,2.6599938554807205,3301.6166157724338,0.0048659214653448074,True
proposed_3p3V_12bit,3.3,12,5.0,1.0,0.055190921064520254,3,2.6434365791613645,3281.0655237105907,0.0048659214653448074,True
proposed_3p3V_12bit,3.3,12,5.0,1.1,0.055190921064520254,3,2.6268793028420085,3260.5144316487476,0.0048659214653448074,True
proposed_3p3V_12bit,3.3,12,5.0,1.2000000000000002,0.055190921064520254,3,2.6103220265226525,3239.9633395869046,0.0048659214653448074,True
proposed_3p3V_12bit,3.3,12,5.0,1.3,0.055190921064520254,3,2.593764750203296,3219.412247525061,0.0048659214653448074,True
proposed_3p3V_12bit,3.3,12,5.0,1.4000000000000001,0.055190921064520254,3,2.57720747388394,3198.861155463218,0.0048659214653448074,True
proposed_3p3V_12bit,3.3,12,5.0,1.5,0.055190921064520254,3,2.560650197564584,3178.310063401375,0.0048659214653448074,True
proposed_3p3V_12bit,3.3,12,5.0,1.6,0.055190921064520254,3,2.544092921245228,3157.758971339532,0.0048659214653448074,True
proposed_3p3V_12bit,3.3,12,5.0,1.7000000000000002,0.055190921064520254,3,2.527535644925872,3137.207879277689,0.0048659214653448074,True
proposed_3p3V_12bit,3.3,12,5.0,1.8,0.055190921064520254,3,2.5109783686065157,3116.6567872158453,0.0048659214653448074,True
proposed_3p3V_12bit,3.3,12,5.0,1.9000000000000001,0.055190921064520254,3,2.4944210922871597,3096.105695154002,0.0048659214653448074,True
proposed_3p3V_12bit,3.3,12,5.0,2.0,0.055190921064520254,3,2.4778638159678037,3075.554603092159,0.0048659214653448074,True
proposed_3p3V_12bit,3.3,12,5.0,2.1,0.055190921064520254,3,2.4613065396484477,3055.003511030316,0.0048659214653448074,True
proposed_3p3V_12bit,3.3,12,5.0,2.2,0.055190921064520254,3,2.4447492633290917,3034.4524189684726,0.0048659214653448074,True
proposed_3p3V_12bit,3.3,12,5.0,2.3000000000000003,0.055190921064520254,3,2.4281919870097353,3013.901326906629,0.0048659214653448074,True
proposed_3p3V_12bit,3.3,12,5.0,2.4000000000000004,0.055190921064520254,3,2.4116347106903793,2993.350234844786,0.0048659214653448074,True
proposed_3p3V_12bit,3.3,12,5.0,2.5,0.055190921064520254,3,2.3950774343710233,2972.799142782943,0.0048659214653448074,True
proposed_3p3V_12bit,3.3,12,5.0,2.6,0.055190921064520254,3,2.3785201580516673,2952.2480507211,0.0048659214653448074,True
proposed_3p3V_12bit,3.3,12,5.0,2.7,0.055190921064520254,3,2.3619628817323113,2931.696958659257,0.0048659214653448074,True
proposed_3p3V_12bit,3.3,12,5.0,2.8000000000000003,0.055190921064520254,3,2.345405605412955,2911.1458665974133,0.0048659214653448074,True
proposed_3p3V_12bit,3.3,12,5.0,2.9000000000000004,0.055190921064520254,3,2.328848329093599,2890.59477453557,0.0048659214653448074,True
proposed_3p3V_12bit,3.3,12,5.0,3.0,0.055190921064520254,3,2.312291052774243,2870.043682473727,0.0048659214653448074,True
proposed_3p3V_12bit,3.3,12,5.0,3.1,0.055190921064520254,3,2.295733776454887,2849.492590411884,0.0048659214653448074,True
proposed_3p3V_12bit,3.3,12,5.0,3.2,0.055190921064520254,3,2.279176500135531,2828.941498350041,0.0048659214653448074,True
proposed_3p3V_12bit,3.3,12,5.0,3.3000000000000003,0.055190921064520254,3,2.2626192238161744,2808.390406288197,0.0048659214653448074,True
proposed_3p3V_12bit,3.3,12,5.0,3.4000000000000004,0.055190921064520254,3,2.246061947496819,2787.839314226355,0.0048659214653448074,True
proposed_3p3V_12bit,3.3,12,5.0,3.5,0.055190921064520254,3,2.2295046711774624,2767.288222164511,0.0048659214653448074,True
proposed_3p3V_12bit,3.3,12,5.0,3.6,0.055190921064520254,3,2.2129473948581064,2746.737130102668,0.0048659214653448074,True
proposed_3p3V_12bit,3.3,12,5.0,3.7,0.055190921064520254,3,2.1963901185387504,2726.1860380408248,0.0048659214653448074,True
proposed_3p3V_12bit,3.3,12,5.0,3.8000000000000003,0.055190921064520254,3,2.1798328422193944,2705.6349459789817,0.0048659214653448074,True
proposed_3p3V_12bit,3.3,12,5.0,3.9000000000000004,0.055190921064520254,3,2.1632755659000384,2685.0838539171386,0.0048659214653448074,True
proposed_3p3V_12bit,3.3,12,5.0,4.0,0.055190921064520254,3,2.146718289580682,2664.532761855295,0.0048659214653448074,True
proposed_3p3V_12bit,3.3,12,5.0,4.1000000000000005,0.055190921064520254,3,2.130161013261326,2643.981669793452,0.0048659214653448074,True
proposed_3p3V_12bit,3.3,12,5.0,4.2,0.055190921064520254,3,2.11360373694197,2623.430577731609,0.0048659214653448074,True
proposed_3p3V_12bit,3.3,12,5.0,4.3,0.055190921064520254,3,2.097046460622614,2602.879485669766,0.0048659214653448074,True
proposed_3p3V_12bit,3.3,12,5.0,4.4,0.055190921064520254,3,2.080489184303258,2582.328393607923,0.0048659214653448074,True
proposed_3p3V_12bit,3.3,12,5.0,4.5,0.055190921064520254,3,2.0639319079839016,2561.7773015460793,0.0048659214653448074,True
proposed_3p3V_12bit,3.3,12,5.0,4.6000000000000005,0.055190921064520254,3,2.0473746316645456,2541.2262094842363,0.0048659214653448074,True
proposed_3p3V_12bit,3.3,12,5.0,4.7,0.055190921064520254,3,2.0308173553451896,2520.675117422393,0.0048659214653448074,True
proposed_3p3V_12bit,3.3,12,5.0,4.800000000000001,0.055190921064520254,3,2.0142600790258336,2500.12402536055,0.0048659214653448074,True
proposed_3p3V_12bit,3.3,12,5.0,4.9,0.055190921064520254,3,1.9977028027064774,2479.5729332987066,0.0048659214653448074,True
proposed_3p3V_12bit,3.3,12,5.0,5.0,0.055190921064520254,3,1.9811455263871214,2459.0218412368636,0.0048659214653448074,True
proposed_3p3V_12bit,3.3,12,5.0,5.1000000000000005,0.055190921064520254,3,1.9645882500677652,2438.47074917502,0.0048659214653448074,True
proposed_3p3V_12bit,3.3,12,5.0,5.2,0.055190921064520254,3,1.9480309737484092,2417.919657113177,0.0048659214653448074,True
proposed_3p3V_12bit,3.3,12,5.0,5.300000000000001,0.055190921064520254,3,1.9314736974290532,2397.368565051334,0.0048659214653448074,True
proposed_3p3V_12bit,3.3,12,5.0,5.4,0.055190921064520254,3,1.9149164211096972,2376.817472989491,0.0048659214653448074,True
proposed_3p3V_12bit,3.3,12,5.0,5.5,0.055190921064520254,3,1.8983591447903412,2356.266380927648,0.0048659214653448074,True
proposed_3p3V_12bit,3.3,12,5.0,5.6000000000000005,0.055190921064520254,3,1.881801868470985,2335.7152888658043,0.0048659214653448074,True
proposed_3p3V_12bit,3.3,12,5.0,5.7,0.055190921064520254,3,1.865244592151629,2315.164196803961,0.0048659214653448074,True
proposed_3p3V_12bit,3.3,12,5.0,5.800000000000001,0.055190921064520254,3,1.8486873158322727,2294.613104742118,0.0048659214653448074,True
proposed_3p3V_12bit,3.3,12,5.0,5.9,0.055190921064520254,3,1.8321300395129168,2274.062012680275,0.0048659214653448074,True
proposed_3p3V_12bit,3.3,12,5.0,6.0,0.055190921064520254,3,1.8155727631935608,2253.510920618432,0.0048659214653448074,True
proposed_3p3V_12bit,3.3,12,5.0,6.1000000000000005,0.055190921064520254,3,1.7990154868742045,2232.9598285565885,0.0048659214653448074,True
proposed_3p3V_12bit,3.3,12,5.0,6.2,0.055190921064520254,3,1.7824582105548485,2212.4087364947454,0.0048659214653448074,True
proposed_3p3V_12bit,3.3,12,5.0,6.300000000000001,0.055190921064520254,3,1.7659009342354923,2191.857644432902,0.0048659214653448074,True
proposed_3p3V_12bit,3.3,12,5.0,6.4,0.055190921064520254,3,1.7493436579161363,2171.306552371059,0.0048659214653448074,True
proposed_3p3V_12bit,3.3,12,5.0,6.5,0.055190921064520254,3,1.7327863815967803,2150.755460309216,0.0048659214653448074,True
proposed_3p3V_12bit,3.3,12,5.0,6.6000000000000005,0.055190921064520254,3,1.7162291052774241,2130.2043682473727,0.0048659214653448074,True
proposed_3p3V_12bit,3.3,12,5.0,6.7,0.055190921064520254,3,1.6996718289580681,2109.6532761855296,0.0048659214653448074,True
proposed_3p3V_12bit,3.3,12,5.0,6.800000000000001,0.055190921064520254,3,1.683114552638712,2089.102184123686,0.0048659214653448074,True
proposed_3p3V_12bit,3.3,12,5.0,6.9,0.055190921064520254,3,1.666557276319356,2068.551092061843,0.0048659214653448074,True
proposed_3p3V_12bit,3.3,12,5.0,7.0,0.055190921064520254,3,1.65,2048.0,0.0048659214653448074,True
proposed_3p3V_12bit,3.3,12,5.0,7.1000000000000005,0.055190921064520254,3,1.6334427236806437,2027.4489079381567,0.0048659214653448074,True
proposed_3p3V_12bit,3.3,12,5.0,7.2,0.055190921064520254,3,1.6168854473612877,2006.8978158763136,0.0048659214653448074,True
proposed_3p3V_12bit,3.3,12,5.0,7.300000000000001,0.055190921064520254,3,1.6003281710419315,1986.3467238144701,0.0048659214653448074,True
proposed_3p3V_12bit,3.3,12,5.0,7.4,0.055190921064520254,3,1.5837708947225755,1965.795631752627,0.0048659214653448074,True
proposed_3p3V_12bit,3.3,12,5.0,7.5,0.055190921064520254,3,1.5672136184032195,1945.244539690784,0.0048659214653448074,True
proposed_3p3V_12bit,3.3,12,5.0,7.6000000000000005,0.055190921064520254,3,1.5506563420838633,1924.6934476289407,0.0048659214653448074,True
proposed_3p3V_12bit,3.3,12,5.0,7.7,0.055190921064520254,3,1.5340990657645073,1904.1423555670976,0.0048659214653448074,True
proposed_3p3V_12bit,3.3,12,5.0,7.800000000000001,0.055190921064520254,3,1.5175417894451513,1883.5912635052546,0.0048659214653448074,True
proposed_3p3V_12bit,3.3,12,5.0,7.9,0.055190921064520254,3,1.500984513125795,1863.0401714434113,0.0048659214653448074,True
proposed_3p3V_12bit,3.3,12,5.0,8.0,0.055190921064520254,3,1.484427236806439,1842.489079381568,0.0048659214653448074,True
proposed_3p3V_12bit,3.3,12,5.0,8.1,0.055190921064520254,3,1.467869960487083,1821.937987319725,0.0048659214653448074,True
proposed_3p3V_12bit,3.3,12,5.0,8.200000000000001,0.055190921064520254,3,1.4513126841677269,1801.3868952578816,0.0048659214653448074,True
proposed_3p3V_12bit,3.3,12,5.0,8.3,0.055190921064520254,3,1.4347554078483709,1780.8358031960386,0.0048659214653448074,True
proposed_3p3V_12bit,3.3,12,5.0,8.4,0.055190921064520254,3,1.4181981315290149,1760.2847111341955,0.0048659214653448074,True
proposed_3p3V_12bit,3.3,12,5.0,8.5,0.055190921064520254,3,1.4016408552096586,1739.7336190723522,0.0048659214653448074,True
proposed_3p3V_12bit,3.3,12,5.0,8.6,0.055190921064520254,3,1.3850835788903026,1719.1825270105091,0.0048659214653448074,True
proposed_3p3V_12bit,3.3,12,5.0,8.700000000000001,0.055190921064520254,3,1.3685263025709464,1698.6314349486656,0.0048659214653448074,True
proposed_3p3V_12bit,3.3,12,5.0,8.8,0.055190921064520254,3,1.3519690262515904,1678.0803428868226,0.0048659214653448074,True
proposed_3p3V_12bit,3.3,12,5.0,8.9,0.055190921064520254,3,1.3354117499322344,1657.5292508249795,0.0048659214653448074,True
proposed_3p3V_12bit,3.3,12,5.0,9.0,0.055190921064520254,3,1.3188544736128784,1636.9781587631364,0.0048659214653448074,True
proposed_3p3V_12bit,3.3,12,5.0,9.1,0.055190921064520254,3,1.3022971972935224,1616.4270667012934,0.0048659214653448074,True
proposed_3p3V_12bit,3.3,12,5.0,9.200000000000001,0.055190921064520254,3,1.285739920974166,1595.8759746394499,0.0048659214653448074,True
proposed_3p3V_12bit,3.3,12,5.0,9.3,0.055190921064520254,3,1.26918264465481,1575.3248825776068,0.0048659214653448074,True
proposed_3p3V_12bit,3.3,12,5.0,9.4,0.055190921064520254,3,1.252625368335454,1554.7737905157637,0.0048659214653448074,True
proposed_3p3V_12bit,3.3,12,5.0,9.5,0.055190921064520254,3,1.236068092016098,1534.2226984539204,0.0048659214653448074,True
proposed_3p3V_12bit,3.3,12,5.0,9.600000000000001,0.055190921064520254,3,1.2195108156967418,1513.6716063920771,0.0048659214653448074,True
proposed_3p3V_12bit,3.3,12,5.0,9.700000000000001,0.055190921064520254,3,1.2029535393773858,1493.120514330234,0.0048659214653448074,True
proposed_3p3V_12bit,3.3,12,5.0,9.8,0.055190921064520254,3,1.1863962630580296,1472.5694222683908,0.0048659214653448074,True
proposed_3p3V_12bit,3.3,12,5.0,9.9,0.055190921064520254,3,1.1698389867386736,1452.0183302065477,0.0048659214653448074,True
proposed_3p3V_12bit,3.3,12,5.0,10.0,0.055190921064520254,3,1.1532817104193176,1431.4672381447047,0.0048659214653448074,True
proposed_3p3V_12bit,3.3,12,5.0,10.100000000000001,0.055190921064520254,3,1.1367244340999614,1410.9161460828611,0.0048659214653448074,True
proposed_3p3V_12bit,3.3,12,5.0,10.200000000000001,0.055190921064520254,3,1.1201671577806054,1390.365054021018,0.0048659214653448074,True
proposed_3p3V_12bit,3.3,12,5.0,10.3,0.055190921064520254,3,1.1036098814612494,1369.813961959175,0.0048659214653448074,True
proposed_3p3V_12bit,3.3,12,5.0,10.4,0.055190921064520254,3,1.0870526051418934,1349.262869897332,0.0048659214653448074,True
proposed_3p3V_12bit,3.3,12,5.0,10.5,0.055190921064520254,3,1.0704953288225374,1328.7117778354889,0.0048659214653448074,True
proposed_3p3V_12bit,3.3,12,5.0,10.600000000000001,0.055190921064520254,3,1.053938052503181,1308.1606857736454,0.0048659214653448074,True
proposed_3p3V_12bit,3.3,12,5.0,10.700000000000001,0.055190921064520254,3,1.037380776183825,1287.6095937118023,0.0048659214653448074,True
proposed_3p3V_12bit,3.3,12,5.0,10.8,0.055190921064520254,3,1.020823499864469,1267.0585016499592,0.0048659214653448074,True
proposed_3p3V_12bit,3.3,12,5.0,10.9,0.055190921064520254,3,1.004266223545113,1246.507409588116,0.0048659214653448074,True
proposed_3p3V_12bit,3.3,12,5.0,11.0,0.055190921064520254,3,0.9877089472257569,1225.9563175262729,0.0048659214653448074,True
proposed_3p3V_12bit,3.3,12,5.0,11.100000000000001,0.055190921064520254,3,0.9711516709064005,1205.4052254644293,0.0048659214653448074,True
proposed_3p3V_12bit,3.3,12,5.0,11.200000000000001,0.055190921064520254,3,0.9545943945870445,1184.8541334025863,0.0048659214653448074,True
proposed_3p3V_12bit,3.3,12,5.0,11.3,0.055190921064520254,3,0.9380371182676885,1164.3030413407432,0.0048659214653448074,True
proposed_3p3V_12bit,3.3,12,5.0,11.4,0.055190921064520254,3,0.9214798419483325,1143.7519492789002,0.0048659214653448074,True
proposed_3p3V_12bit,3.3,12,5.0,11.5,0.055190921064520254,3,0.9049225656289764,1123.2008572170569,0.0048659214653448074,True
proposed_3p3V_12bit,3.3,12,5.0,11.600000000000001,0.055190921064520254,3,0.8883652893096202,1102.6497651552136,0.0048659214653448074,True
proposed_3p3V_12bit,3.3,12,5.0,11.700000000000001,0.055190921064520254,3,0.8718080129902641,1082.0986730933703,0.0048659214653448074,True
proposed_3p3V_12bit,3.3,12,5.0,11.8,0.055190921064520254,3,0.8552507366709081,1061.5475810315272,0.0048659214653448074,True
proposed_3p3V_12bit,3.3,12,5.0,11.9,0.055190921064520254,3,0.8386934603515521,1040.9964889696842,0.0048659214653448074,True
proposed_3p3V_12bit,3.3,12,5.0,12.0,0.055190921064520254,3,0.8221361840321961,1020.4453969078411,0.0048659214653448074,True
proposed_3p3V_12bit,3.3,12,5.0,12.100000000000001,0.055190921064520254,3,0.8055789077128398,999.8943048459976,0.0048659214653448074,True
proposed_3p3V_12bit,3.3,12,5.0,12.200000000000001,0.055190921064520254,3,0.7890216313934838,979.3432127841545,0.0048659214653448074,True
proposed_3p3V_12bit,3.3,12,5.0,12.3,0.055190921064520254,3,0.7724643550741278,958.7921207223114,0.0048659214653448074,True
proposed_3p3V_12bit,3.3,12,5.0,12.4,0.055190921064520254,3,0.7559070787547717,938.2410286604681,0.0048659214653448074,True
proposed_3p3V_12bit,3.3,12,5.0,12.5,0.055190921064520254,3,0.7393498024354157,917.6899365986251,0.0048659214653448074,True
proposed_3p3V_12bit,3.3,12,5.0,12.600000000000001,0.055190921064520254,3,0.7227925261160594,897.1388445367817,0.0048659214653448074,True
proposed_3p3V_12bit,3.3,12,5.0,12.700000000000001,0.055190921064520254,3,0.7062352497967034,876.5877524749385,0.0048659214653448074,True
proposed_3p3V_12bit,3.3,12,5.0,12.8,0.055190921064520254,3,0.6896779734773474,856.0366604130954,0.0048659214653448074,True
proposed_3p3V_12bit,3.3,12,5.0,12.9,0.055190921064520254,3,0.6731206971579914,835.4855683512524,0.0048659214653448074,True
proposed_3p3V_12bit,3.3,12,5.0,13.0,0.055190921064520254,3,0.6565634208386353,814.9344762894092,0.0048659214653448074,True
proposed_3p3V_12bit,3.3,12,5.0,13.100000000000001,0.055190921064520254,3,0.6400061445192791,794.3833842275658,0.0048659214653448074,True
proposed_3p3V_12bit,3.3,12,5.0,13.200000000000001,0.055190921064520254,3,0.6234488681999231,773.8322921657227,0.0048659214653448074,True
proposed_3p3V_12bit,3.3,12,5.0,13.3,0.055190921064520254,3,0.6068915918805671,753.2812001038797,0.0048659214653448074,True
proposed_3p3V_12bit,3.3,12,5.0,13.4,0.055190921064520254,3,0.5903343155612111,732.7301080420366,0.0048659214653448074,True
proposed_3p3V_12bit,3.3,12,5.0,13.5,0.055190921064520254,3,0.5737770392418549,712.1790159801932,0.0048659214653448074,True
proposed_3p3V_12bit,3.3,12,5.0,13.600000000000001,0.055190921064520254,3,0.5572197629224986,691.6279239183499,0.0048659214653448074,True
proposed_3p3V_12bit,3.3,12,5.0,13.700000000000001,0.055190921064520254,3,0.5406624866031426,671.0768318565068,0.0048659214653448074,True
proposed_3p3V_12bit,3.3,12,5.0,13.8,0.055190921064520254,3,0.5241052102837866,650.5257397946637,0.0048659214653448074,True
proposed_3p3V_12bit,3.3,12,5.0,13.9,0.055190921064520254,3,0.5075479339644307,629.9746477328206,0.0048659214653448074,True
proposed_3p3V_12bit,3.3,12,5.0,14.0,0.055190921064520254,3,0.49099065764507466,609.4235556709775,0.0048659214653448074,True
proposed_3p3V_12bit,3.3,12,25.0,0.0,0.059159349686811843,3,2.8923463434230485,3590.0153402002447,0.0045395138540521825,True
proposed_3p3V_12bit,3.3,12,25.0,0.1,0.059159349686811843,3,2.874598538517005,3567.9865496259554,0.0045395138540521825,True
proposed_3p3V_12bit,3.3,12,25.0,0.2,0.059159349686811843,3,2.8568507336109614,3545.9577590516665,0.0045395138540521825,True
proposed_3p3V_12bit,3.3,12,25.0,0.30000000000000004,0.059159349686811843,3,2.839102928704918,3523.928968477377,0.0045395138540521825,True
proposed_3p3V_12bit,3.3,12,25.0,0.4,0.059159349686811843,3,2.8213551237988743,3501.9001779030878,0.0045395138540521825,True
proposed_3p3V_12bit,3.3,12,25.0,0.5,0.059159349686811843,3,2.8036073188928308,3479.871387328799,0.0045395138540521825,True
proposed_3p3V_12bit,3.3,12,25.0,0.6000000000000001,0.059159349686811843,3,2.785859513986787,3457.8425967545095,0.0045395138540521825,True
proposed_3p3V_12bit,3.3,12,25.0,0.7000000000000001,0.059159349686811843,3,2.7681117090807437,3435.81380618022,0.0045395138540521825,True
proposed_3p3V_12bit,3.3,12,25.0,0.8,0.059159349686811843,3,2.7503639041747,3413.7850156059308,0.0045395138540521825,True
proposed_3p3V_12bit,3.3,12,25.0,0.9,0.059159349686811843,3,2.7326160992686566,3391.756225031642,0.0045395138540521825,True
proposed_3p3V_12bit,3.3,12,25.0,1.0,0.059159349686811843,3,2.714868294362613,3369.7274344573525,0.0045395138540521825,True
proposed_3p3V_12bit,3.3,12,25.0,1.1,0.059159349686811843,3,2.6971204894565695,3347.698643883063,0.0045395138540521825,True
proposed_3p3V_12bit,3.3,12,25.0,1.2000000000000002,0.059159349686811843,3,2.679372684550526,3325.6698533087742,0.0045395138540521825,True
proposed_3p3V_12bit,3.3,12,25.0,1.3,0.059159349686811843,3,2.6616248796444824,3303.641062734485,0.0045395138540521825,True
proposed_3p3V_12bit,3.3,12,25.0,1.4000000000000001,0.059159349686811843,3,2.643877074738439,3281.6122721601955,0.0045395138540521825,True
proposed_3p3V_12bit,3.3,12,25.0,1.5,0.059159349686811843,3,2.6261292698323953,3259.5834815859066,0.0045395138540521825,True
proposed_3p3V_12bit,3.3,12,25.0,1.6,0.059159349686811843,3,2.6083814649263517,3237.5546910116173,0.0045395138540521825,True
proposed_3p3V_12bit,3.3,12,25.0,1.7000000000000002,0.059159349686811843,3,2.590633660020308,3215.525900437328,0.0045395138540521825,True
proposed_3p3V_12bit,3.3,12,25.0,1.8,0.059159349686811843,3,2.5728858551142646,3193.497109863039,0.0045395138540521825,True
proposed_3p3V_12bit,3.3,12,25.0,1.9000000000000001,0.059159349686811843,3,2.555138050208221,3171.4683192887496,0.0045395138540521825,True
proposed_3p3V_12bit,3.3,12,25.0,2.0,0.059159349686811843,3,2.5373902453021775,3149.4395287144603,0.0045395138540521825,True
proposed_3p3V_12bit,3.3,12,25.0,2.1,0.059159349686811843,3,2.519642440396134,3127.4107381401714,0.0045395138540521825,True
proposed_3p3V_12bit,3.3,12,25.0,2.2,0.059159349686811843,3,2.5018946354900904,3105.381947565882,0.0045395138540521825,True
proposed_3p3V_12bit,3.3,12,25.0,2.3000000000000003,0.059159349686811843,3,2.484146830584047,3083.3531569915926,0.0045395138540521825,True
proposed_3p3V_12bit,3.3,12,25.0,2.4000000000000004,0.059159349686811843,3,2.4663990256780033,3061.3243664173037,0.0045395138540521825,True
proposed_3p3V_12bit,3.3,12,25.0,2.5,0.059159349686811843,3,2.4486512207719597,3039.2955758430144,0.0045395138540521825,True
proposed_3p3V_12bit,3.3,12,25.0,2.6,0.059159349686811843,3,2.430903415865916,3017.266785268725,0.0045395138540521825,True
proposed_3p3V_12bit,3.3,12,25.0,2.7,0.059159349686811843,3,2.4131556109598726,2995.237994694436,0.0045395138540521825,True
proposed_3p3V_12bit,3.3,12,25.0,2.8000000000000003,0.059159349686811843,3,2.395407806053829,2973.2092041201468,0.0045395138540521825,True
proposed_3p3V_12bit,3.3,12,25.0,2.9000000000000004,0.059159349686811843,3,2.3776600011477855,2951.1804135458574,0.0045395138540521825,True
proposed_3p3V_12bit,3.3,12,25.0,3.0,0.059159349686811843,3,2.359912196241742,2929.1516229715685,0.0045395138540521825,True
proposed_3p3V_12bit,3.3,12,25.0,3.1,0.059159349686811843,3,2.3421643913356984,2907.122832397279,0.0045395138540521825,True
proposed_3p3V_12bit,3.3,12,25.0,3.2,0.059159349686811843,3,2.324416586429655,2885.0940418229898,0.0045395138540521825,True
proposed_3p3V_12bit,3.3,12,25.0,3.3000000000000003,0.059159349686811843,3,2.3066687815236113,2863.065251248701,0.0045395138540521825,True
proposed_3p3V_12bit,3.3,12,25.0,3.4000000000000004,0.059159349686811843,3,2.2889209766175678,2841.0364606744115,0.0045395138540521825,True
proposed_3p3V_12bit,3.3,12,25.0,3.5,0.059159349686811843,3,2.271173171711524,2819.007670100122,0.0045395138540521825,True
proposed_3p3V_12bit,3.3,12,25.0,3.6,0.059159349686811843,3,2.2534253668054807,2796.9788795258332,0.0045395138540521825,True
proposed_3p3V_12bit,3.3,12,25.0,3.7,0.059159349686811843,3,2.235677561899437,2774.950088951544,0.0045395138540521825,True
proposed_3p3V_12bit,3.3,12,25.0,3.8000000000000003,0.059159349686811843,3,2.2179297569933936,2752.9212983772545,0.0045395138540521825,True
proposed_3p3V_12bit,3.3,12,25.0,3.9000000000000004,0.059159349686811843,3,2.20018195208735,2730.8925078029656,0.0045395138540521825,True
proposed_3p3V_12bit,3.3,12,25.0,4.0,0.059159349686811843,3,2.1824341471813065,2708.8637172286763,0.0045395138540521825,True
proposed_3p3V_12bit,3.3,12,25.0,4.1000000000000005,0.059159349686811843,3,2.164686342275263,2686.834926654387,0.0045395138540521825,True
proposed_3p3V_12bit,3.3,12,25.0,4.2,0.059159349686811843,3,2.1469385373692194,2664.806136080098,0.0045395138540521825,True
proposed_3p3V_12bit,3.3,12,25.0,4.3,0.059159349686811843,3,2.129190732463176,2642.7773455058086,0.0045395138540521825,True
proposed_3p3V_12bit,3.3,12,25.0,4.4,0.059159349686811843,3,2.1114429275571323,2620.7485549315193,0.0045395138540521825,True
proposed_3p3V_12bit,3.3,12,25.0,4.5,0.059159349686811843,3,2.0936951226510887,2598.7197643572304,0.0045395138540521825,True
proposed_3p3V_12bit,3.3,12,25.0,4.6000000000000005,0.059159349686811843,3,2.075947317745045,2576.690973782941,0.0045395138540521825,True
proposed_3p3V_12bit,3.3,12,25.0,4.7,0.059159349686811843,3,2.0581995128390016,2554.6621832086516,0.0045395138540521825,True
proposed_3p3V_12bit,3.3,12,25.0,4.800000000000001,0.059159349686811843,3,2.040451707932958,2532.6333926343627,0.0045395138540521825,True
proposed_3p3V_12bit,3.3,12,25.0,4.9,0.059159349686811843,3,2.0227039030269145,2510.6046020600734,0.0045395138540521825,True
proposed_3p3V_12bit,3.3,12,25.0,5.0,0.059159349686811843,3,2.004956098120871,2488.575811485784,0.0045395138540521825,True
proposed_3p3V_12bit,3.3,12,25.0,5.1000000000000005,0.059159349686811843,3,1.9872082932148274,2466.547020911495,0.0045395138540521825,True
proposed_3p3V_12bit,3.3,12,25.0,5.2,0.059159349686811843,3,1.9694604883087838,2444.5182303372058,0.0045395138540521825,True
proposed_3p3V_12bit,3.3,12,25.0,5.300000000000001,0.059159349686811843,3,1.9517126834027403,2422.4894397629164,0.0045395138540521825,True
proposed_3p3V_12bit,3.3,12,25.0,5.4,0.059159349686811843,3,1.9339648784966967,2400.4606491886275,0.0045395138540521825,True
proposed_3p3V_12bit,3.3,12,25.0,5.5,0.059159349686811843,3,1.9162170735906532,2378.431858614338,0.0045395138540521825,True
proposed_3p3V_12bit,3.3,12,25.0,5.6000000000000005,0.059159349686811843,3,1.8984692686846096,2356.4030680400488,0.0045395138540521825,True
proposed_3p3V_12bit,3.3,12,25.0,5.7,0.059159349686811843,3,1.880721463778566,2334.37427746576,0.0045395138540521825,True
proposed_3p3V_12bit,3.3,12,25.0,5.800000000000001,0.059159349686811843,3,1.8629736588725223,2312.34548689147,0.0045395138540521825,True
proposed_3p3V_12bit,3.3,12,25.0,5.9,0.059159349686811843,3,1.845225853966479,2290.316696317181,0.0045395138540521825,True
proposed_3p3V_12bit,3.3,12,25.0,6.0,0.059159349686811843,3,1.8274780490604354,2268.2879057428922,0.0045395138540521825,True
proposed_3p3V_12bit,3.3,12,25.0,6.1000000000000005,0.059159349686811843,3,1.8097302441543919,2246.259115168603,0.0045395138540521825,True
proposed_3p3V_12bit,3.3,12,25.0,6.2,0.059159349686811843,3,1.7919824392483483,2224.2303245943135,0.0045395138540521825,True
proposed_3p3V_12bit,3.3,12,25.0,6.300000000000001,0.059159349686811843,3,1.7742346343423046,2202.201534020024,0.0045395138540521825,True
proposed_3p3V_12bit,3.3,12,25.0,6.4,0.059159349686811843,3,1.7564868294362612,2180.1727434457353,0.0045395138540521825,True
proposed_3p3V_12bit,3.3,12,25.0,6.5,0.059159349686811843,3,1.7387390245302177,2158.143952871446,0.0045395138540521825,True
proposed_3p3V_12bit,3.3,12,25.0,6.6000000000000005,0.059159349686811843,3,1.7209912196241741,2136.115162297157,0.0045395138540521825,True
proposed_3p3V_12bit,3.3,12,25.0,6.7,0.059159349686811843,3,1.7032434147181306,2114.0863717228676,0.0045395138540521825,True
proposed_3p3V_12bit,3.3,12,25.0,6.800000000000001,0.059159349686811843,3,1.6854956098120868,2092.0575811485783,0.0045395138540521825,True
proposed_3p3V_12bit,3.3,12,25.0,6.9,0.059159349686811843,3,1.6677478049060435,2070.0287905742894,0.0045395138540521825,True
proposed_3p3V_12bit,3.3,12,25.0,7.0,0.059159349686811843,3,1.65,2048.0,0.0045395138540521825,True
proposed_3p3V_12bit,3.3,12,25.0,7.1000000000000005,0.059159349686811843,3,1.6322521950939564,2025.9712094257109,0.0045395138540521825,True
proposed_3p3V_12bit,3.3,12,25.0,7.2,0.059159349686811843,3,1.6145043901879128,2003.9424188514215,0.0045395138540521825,True
proposed_3p3V_12bit,3.3,12,25.0,7.300000000000001,0.059159349686811843,3,1.596756585281869,1981.9136282771321,0.0045395138540521825,True
proposed_3p3V_12bit,3.3,12,25.0,7.4,0.059159349686811843,3,1.5790087803758257,1959.8848377028432,0.0045395138540521825,True
proposed_3p3V_12bit,3.3,12,25.0,7.5,0.059159349686811843,3,1.5612609754697822,1937.8560471285539,0.0045395138540521825,True
proposed_3p3V_12bit,3.3,12,25.0,7.6000000000000005,0.059159349686811843,3,1.5435131705637386,1915.8272565542647,0.0045395138540521825,True
proposed_3p3V_12bit,3.3,12,25.0,7.7,0.059159349686811843,3,1.525765365657695,1893.7984659799756,0.0045395138540521825,True
proposed_3p3V_12bit,3.3,12,25.0,7.800000000000001,0.059159349686811843,3,1.5080175607516513,1871.769675405686,0.0045395138540521825,True
proposed_3p3V_12bit,3.3,12,25.0,7.9,0.059159349686811843,3,1.490269755845608,1849.7408848313971,0.0045395138540521825,True
proposed_3p3V_12bit,3.3,12,25.0,8.0,0.059159349686811843,3,1.4725219509395644,1827.712094257108,0.0045395138540521825,True
proposed_3p3V_12bit,3.3,12,25.0,8.1,0.059159349686811843,3,1.4547741460335208,1805.6833036828186,0.0045395138540521825,True
proposed_3p3V_12bit,3.3,12,25.0,8.200000000000001,0.059159349686811843,3,1.437026341127477,1783.6545131085293,0.0045395138540521825,True
proposed_3p3V_12bit,3.3,12,25.0,8.3,0.059159349686811843,3,1.4192785362214335,1761.62572253424,0.0045395138540521825,True
proposed_3p3V_12bit,3.3,12,25.0,8.4,0.059159349686811843,3,1.4015307313153902,1739.596931959951,0.0045395138540521825,True
proposed_3p3V_12bit,3.3,12,25.0,8.5,0.059159349686811843,3,1.3837829264093466,1717.5681413856619,0.0045395138540521825,True
proposed_3p3V_12bit,3.3,12,25.0,8.6,0.059159349686811843,3,1.366035121503303,1695.5393508113727,0.0045395138540521825,True
proposed_3p3V_12bit,3.3,12,25.0,8.700000000000001,0.059159349686811843,3,1.3482873165972593,1673.5105602370832,0.0045395138540521825,True
proposed_3p3V_12bit,3.3,12,25.0,8.8,0.059159349686811843,3,1.330539511691216,1651.4817696627942,0.0045395138540521825,True
proposed_3p3V_12bit,3.3,12,25.0,8.9,0.059159349686811843,3,1.3127917067851724,1629.4529790885051,0.0045395138540521825,True
proposed_3p3V_12bit,3.3,12,25.0,9.0,0.059159349686811843,3,1.2950439018791289,1607.4241885142158,0.0045395138540521825,True
proposed_3p3V_12bit,3.3,12,25.0,9.1,0.059159349686811843,3,1.2772960969730853,1585.3953979399266,0.0045395138540521825,True
proposed_3p3V_12bit,3.3,12,25.0,9.200000000000001,0.059159349686811843,3,1.2595482920670416,1563.366607365637,0.0045395138540521825,True
proposed_3p3V_12bit,3.3,12,25.0,9.3,0.059159349686811843,3,1.2418004871609982,1541.3378167913481,0.0045395138540521825,True
proposed_3p3V_12bit,3.3,12,25.0,9.4,0.059159349686811843,3,1.2240526822549547,1519.309026217059,0.0045395138540521825,True
proposed_3p3V_12bit,3.3,12,25.0,9.5,0.059159349686811843,3,1.2063048773489111,1497.2802356427699,0.0045395138540521825,True
proposed_3p3V_12bit,3.3,12,25.0,9.600000000000001,0.059159349686811843,3,1.1885570724428673,1475.2514450684803,0.0045395138540521825,True
proposed_3p3V_12bit,3.3,12,25.0,9.700000000000001,0.059159349686811843,3,1.1708092675368238,1453.2226544941911,0.0045395138540521825,True
proposed_3p3V_12bit,3.3,12,25.0,9.8,0.059159349686811843,3,1.1530614626307805,1431.1938639199022,0.0045395138540521825,True
proposed_3p3V_12bit,3.3,12,25.0,9.9,0.059159349686811843,3,1.135313657724737,1409.1650733456129,0.0045395138540521825,True
proposed_3p3V_12bit,3.3,12,25.0,10.0,0.059159349686811843,3,1.1175658528186934,1387.1362827713237,0.0045395138540521825,True
proposed_3p3V_12bit,3.3,12,25.0,10.100000000000001,0.059159349686811843,3,1.0998180479126496,1365.1074921970342,0.0045395138540521825,True
proposed_3p3V_12bit,3.3,12,25.0,10.200000000000001,0.059159349686811843,3,1.082070243006606,1343.078701622745,0.0045395138540521825,True
proposed_3p3V_12bit,3.3,12,25.0,10.3,0.059159349686811843,3,1.0643224381005627,1321.0499110484561,0.0045395138540521825,True
proposed_3p3V_12bit,3.3,12,25.0,10.4,0.059159349686811843,3,1.0465746331945192,1299.0211204741668,0.0045395138540521825,True
proposed_3p3V_12bit,3.3,12,25.0,10.5,0.059159349686811843,3,1.0288268282884756,1276.9923298998776,0.0045395138540521825,True
proposed_3p3V_12bit,3.3,12,25.0,10.600000000000001,0.059159349686811843,3,1.0110790233824318,1254.9635393255883,0.0045395138540521825,True
proposed_3p3V_12bit,3.3,12,25.0,10.700000000000001,0.059159349686811843,3,0.9933312184763883,1232.934748751299,0.0045395138540521825,True
proposed_3p3V_12bit,3.3,12,25.0,10.8,0.059159349686811843,3,0.9755834135703448,1210.90595817701,0.0045395138540521825,True
proposed_3p3V_12bit,3.3,12,25.0,10.9,0.059159349686811843,3,0.9578356086643013,1188.8771676027206,0.0045395138540521825,True
proposed_3p3V_12bit,3.3,12,25.0,11.0,0.059159349686811843,3,0.9400878037582578,1166.8483770284315,0.0045395138540521825,True
proposed_3p3V_12bit,3.3,12,25.0,11.100000000000001,0.059159349686811843,3,0.9223399988522141,1144.8195864541422,0.0045395138540521825,True
proposed_3p3V_12bit,3.3,12,25.0,11.200000000000001,0.059159349686811843,3,0.9045921939461705,1122.790795879853,0.0045395138540521825,True
proposed_3p3V_12bit,3.3,12,25.0,11.3,0.059159349686811843,3,0.8868443890401271,1100.762005305564,0.0045395138540521825,True
proposed_3p3V_12bit,3.3,12,25.0,11.4,0.059159349686811843,3,0.8690965841340835,1078.7332147312745,0.0045395138540521825,True
proposed_3p3V_12bit,3.3,12,25.0,11.5,0.059159349686811843,3,0.8513487792280401,1056.7044241569856,0.0045395138540521825,True
proposed_3p3V_12bit,3.3,12,25.0,11.600000000000001,0.059159349686811843,3,0.8336009743219963,1034.675633582696,0.0045395138540521825,True
proposed_3p3V_12bit,3.3,12,25.0,11.700000000000001,0.059159349686811843,3,0.8158531694159528,1012.6468430084069,0.0045395138540521825,True
proposed_3p3V_12bit,3.3,12,25.0,11.8,0.059159349686811843,3,0.7981053645099093,990.6180524341178,0.0045395138540521825,True
proposed_3p3V_12bit,3.3,12,25.0,11.9,0.059159349686811843,3,0.7803575596038658,968.5892618598286,0.0045395138540521825,True
proposed_3p3V_12bit,3.3,12,25.0,12.0,0.059159349686811843,3,0.7626097546978223,946.5604712855395,0.0045395138540521825,True
proposed_3p3V_12bit,3.3,12,25.0,12.100000000000001,0.059159349686811843,3,0.7448619497917786,924.53168071125,0.0045395138540521825,True
proposed_3p3V_12bit,3.3,12,25.0,12.200000000000001,0.059159349686811843,3,0.727114144885735,902.5028901369608,0.0045395138540521825,True
proposed_3p3V_12bit,3.3,12,25.0,12.3,0.059159349686811843,3,0.7093663399796916,880.4740995626718,0.0045395138540521825,True
proposed_3p3V_12bit,3.3,12,25.0,12.4,0.059159349686811843,3,0.691618535073648,858.4453089883825,0.0045395138540521825,True
proposed_3p3V_12bit,3.3,12,25.0,12.5,0.059159349686811843,3,0.6738707301676046,836.4165184140935,0.0045395138540521825,True
proposed_3p3V_12bit,3.3,12,25.0,12.600000000000001,0.059159349686811843,3,0.6561229252615608,814.387727839804,0.0045395138540521825,True
proposed_3p3V_12bit,3.3,12,25.0,12.700000000000001,0.059159349686811843,3,0.6383751203555172,792.3589372655148,0.0045395138540521825,True
proposed_3p3V_12bit,3.3,12,25.0,12.8,0.059159349686811843,3,0.6206273154494737,770.3301466912255,0.0045395138540521825,True
proposed_3p3V_12bit,3.3,12,25.0,12.9,0.059159349686811843,3,0.6028795105434304,748.3013561169366,0.0045395138540521825,True
proposed_3p3V_12bit,3.3,12,25.0,13.0,0.059159349686811843,3,0.5851317056373868,726.2725655426474,0.0045395138540521825,True
proposed_3p3V_12bit,3.3,12,25.0,13.100000000000001,0.059159349686811843,3,0.567383900731343,704.2437749683579,0.0045395138540521825,True
proposed_3p3V_12bit,3.3,12,25.0,13.200000000000001,0.059159349686811843,3,0.5496360958252995,682.2149843940688,0.0045395138540521825,True
proposed_3p3V_12bit,3.3,12,25.0,13.3,0.059159349686811843,3,0.5318882909192559,660.1861938197795,0.0045395138540521825,True
proposed_3p3V_12bit,3.3,12,25.0,13.4,0.059159349686811843,3,0.5141404860132126,638.1574032454906,0.0045395138540521825,True
proposed_3p3V_12bit,3.3,12,25.0,13.5,0.059159349686811843,3,0.49639268110716905,616.1286126712014,0.0045395138540521825,True
proposed_3p3V_12bit,3.3,12,25.0,13.600000000000001,0.059159349686811843,3,0.4786448762011253,594.0998220969119,0.0045395138540521825,True
proposed_3p3V_12bit,3.3,12,25.0,13.700000000000001,0.059159349686811843,3,0.46089707129508173,572.0710315226227,0.0045395138540521825,True
proposed_3p3V_12bit,3.3,12,25.0,13.8,0.059159349686811843,3,0.4431492663890382,550.0422409483335,0.0045395138540521825,True
proposed_3p3V_12bit,3.3,12,25.0,13.9,0.059159349686811843,3,0.42540146148299485,528.0134503740445,0.0045395138540521825,True
proposed_3p3V_12bit,3.3,12,25.0,14.0,0.059159349686811843,3,0.4076536565769513,505.9846597997553,0.0045395138540521825,True
proposed_3p3V_12bit,3.3,12,45.0,0.0,0.06312777830910343,3,2.975683344491172,3693.454236071467,0.004254144446285268,True
proposed_3p3V_12bit,3.3,12,45.0,0.1,0.06312777830910343,3,2.956745010998441,3669.947746984732,0.004254144446285268,True
proposed_3p3V_12bit,3.3,12,45.0,0.2,0.06312777830910343,3,2.93780667750571,3646.4412578979964,0.004254144446285268,True
proposed_3p3V_12bit,3.3,12,45.0,0.30000000000000004,0.06312777830910343,3,2.918868344012979,3622.934768811261,0.004254144446285268,True
proposed_3p3V_12bit,3.3,12,45.0,0.4,0.06312777830910343,3,2.899930010520248,3599.4282797245264,0.004254144446285268,True
proposed_3p3V_12bit,3.3,12,45.0,0.5,0.06312777830910343,3,2.8809916770275166,3575.9217906377903,0.004254144446285268,True
proposed_3p3V_12bit,3.3,12,45.0,0.6000000000000001,0.06312777830910343,3,2.862053343534786,3552.4153015510556,0.004254144446285268,True
proposed_3p3V_12bit,3.3,12,45.0,0.7000000000000001,0.06312777830910343,3,2.843115010042055,3528.9088124643204,0.004254144446285268,True
proposed_3p3V_12bit,3.3,12,45.0,0.8,0.06312777830910343,3,2.8241766765493237,3505.402323377585,0.004254144446285268,True
proposed_3p3V_12bit,3.3,12,45.0,0.9,0.06312777830910343,3,2.8052383430565926,3481.8958342908495,0.004254144446285268,True
proposed_3p3V_12bit,3.3,12,45.0,1.0,0.06312777830910343,3,2.7863000095638615,3458.3893452041143,0.004254144446285268,True
proposed_3p3V_12bit,3.3,12,45.0,1.1,0.06312777830910343,3,2.767361676071131,3434.8828561173796,0.004254144446285268,True
proposed_3p3V_12bit,3.3,12,45.0,1.2000000000000002,0.06312777830910343,3,2.7484233425783997,3411.3763670306444,0.004254144446285268,True
proposed_3p3V_12bit,3.3,12,45.0,1.3,0.06312777830910343,3,2.7294850090856686,3387.8698779439087,0.004254144446285268,True
proposed_3p3V_12bit,3.3,12,45.0,1.4000000000000001,0.06312777830910343,3,2.7105466755929375,3364.3633888571735,0.004254144446285268,True
proposed_3p3V_12bit,3.3,12,45.0,1.5,0.06312777830910343,3,2.6916083421002064,3340.8568997704383,0.004254144446285268,True
proposed_3p3V_12bit,3.3,12,45.0,1.6,0.06312777830910343,3,2.6726700086074757,3317.3504106837036,0.004254144446285268,True
proposed_3p3V_12bit,3.3,12,45.0,1.7000000000000002,0.06312777830910343,3,2.653731675114744,3293.8439215969674,0.004254144446285268,True
proposed_3p3V_12bit,3.3,12,45.0,1.8,0.06312777830910343,3,2.6347933416220135,3270.3374325102327,0.004254144446285268,True
proposed_3p3V_12bit,3.3,12,45.0,1.9000000000000001,0.06312777830910343,3,2.6158550081292824,3246.8309434234975,0.004254144446285268,True
proposed_3p3V_12bit,3.3,12,45.0,2.0,0.06312777830910343,3,2.5969166746365513,3223.324454336762,0.004254144446285268,True
proposed_3p3V_12bit,3.3,12,45.0,2.1,0.06312777830910343,3,2.5779783411438206,3199.817965250027,0.004254144446285268,True
proposed_3p3V_12bit,3.3,12,45.0,2.2,0.06312777830910343,3,2.559040007651089,3176.3114761632914,0.004254144446285268,True
proposed_3p3V_12bit,3.3,12,45.0,2.3000000000000003,0.06312777830910343,3,2.5401016741583584,3152.8049870765567,0.004254144446285268,True
proposed_3p3V_12bit,3.3,12,45.0,2.4000000000000004,0.06312777830910343,3,2.5211633406656273,3129.298497989821,0.004254144446285268,True
proposed_3p3V_12bit,3.3,12,45.0,2.5,0.06312777830910343,3,2.502225007172896,3105.792008903086,0.004254144446285268,True
proposed_3p3V_12bit,3.3,12,45.0,2.6,0.06312777830910343,3,2.4832866736801655,3082.285519816351,0.004254144446285268,True
proposed_3p3V_12bit,3.3,12,45.0,2.7,0.06312777830910343,3,2.464348340187434,3058.779030729615,0.004254144446285268,True
proposed_3p3V_12bit,3.3,12,45.0,2.8000000000000003,0.06312777830910343,3,2.445410006694703,3035.27254164288,0.004254144446285268,True
proposed_3p3V_12bit,3.3,12,45.0,2.9000000000000004,0.06312777830910343,3,2.426471673201972,3011.766052556145,0.004254144446285268,True
proposed_3p3V_12bit,3.3,12,45.0,3.0,0.06312777830910343,3,2.407533339709241,2988.25956346941,0.004254144446285268,True
proposed_3p3V_12bit,3.3,12,45.0,3.1,0.06312777830910343,3,2.38859500621651,2964.753074382674,0.004254144446285268,True
proposed_3p3V_12bit,3.3,12,45.0,3.2,0.06312777830910343,3,2.369656672723779,2941.246585295939,0.004254144446285268,True
proposed_3p3V_12bit,3.3,12,45.0,3.3000000000000003,0.06312777830910343,3,2.3507183392310482,2917.7400962092042,0.004254144446285268,True
proposed_3p3V_12bit,3.3,12,45.0,3.4000000000000004,0.06312777830910343,3,2.3317800057383167,2894.2336071224686,0.004254144446285268,True
proposed_3p3V_12bit,3.3,12,45.0,3.5,0.06312777830910343,3,2.312841672245586,2870.7271180357334,0.004254144446285268,True
proposed_3p3V_12bit,3.3,12,45.0,3.6,0.06312777830910343,3,2.293903338752855,2847.220628948998,0.004254144446285268,True
proposed_3p3V_12bit,3.3,12,45.0,3.7,0.06312777830910343,3,2.274965005260124,2823.714139862263,0.004254144446285268,True
proposed_3p3V_12bit,3.3,12,45.0,3.8000000000000003,0.06312777830910343,3,2.2560266717673927,2800.207650775528,0.004254144446285268,True
proposed_3p3V_12bit,3.3,12,45.0,3.9000000000000004,0.06312777830910343,3,2.2370883382746616,2776.701161688792,0.004254144446285268,True
proposed_3p3V_12bit,3.3,12,45.0,4.0,0.06312777830910343,3,2.218150004781931,2753.1946726020574,0.004254144446285268,True
proposed_3p3V_12bit,3.3,12,45.0,4.1000000000000005,0.06312777830910343,3,2.1992116712892,2729.688183515322,0.004254144446285268,True
proposed_3p3V_12bit,3.3,12,45.0,4.2,0.06312777830910343,3,2.1802733377964687,2706.181694428587,0.004254144446285268,True
proposed_3p3V_12bit,3.3,12,45.0,4.3,0.06312777830910343,3,2.1613350043037376,2682.6752053418513,0.004254144446285268,True
proposed_3p3V_12bit,3.3,12,45.0,4.4,0.06312777830910343,3,2.1423966708110065,2659.168716255116,0.004254144446285268,True
proposed_3p3V_12bit,3.3,12,45.0,4.5,0.06312777830910343,3,2.123458337318276,2635.6622271683814,0.004254144446285268,True
proposed_3p3V_12bit,3.3,12,45.0,4.6000000000000005,0.06312777830910343,3,2.1045200038255447,2612.1557380816457,0.004254144446285268,True
proposed_3p3V_12bit,3.3,12,45.0,4.7,0.06312777830910343,3,2.0855816703328136,2588.6492489949105,0.004254144446285268,True
proposed_3p3V_12bit,3.3,12,45.0,4.800000000000001,0.06312777830910343,3,2.0666433368400825,2565.1427599081753,0.004254144446285268,True
proposed_3p3V_12bit,3.3,12,45.0,4.9,0.06312777830910343,3,2.0477050033473514,2541.63627082144,0.004254144446285268,True
proposed_3p3V_12bit,3.3,12,45.0,5.0,0.06312777830910343,3,2.0287666698546207,2518.129781734705,0.004254144446285268,True
proposed_3p3V_12bit,3.3,12,45.0,5.1000000000000005,0.06312777830910343,3,2.009828336361889,2494.6232926479693,0.004254144446285268,True
proposed_3p3V_12bit,3.3,12,45.0,5.2,0.06312777830910343,3,1.9908900028691585,2471.1168035612345,0.004254144446285268,True
proposed_3p3V_12bit,3.3,12,45.0,5.300000000000001,0.06312777830910343,3,1.9719516693764274,2447.6103144744993,0.004254144446285268,True
proposed_3p3V_12bit,3.3,12,45.0,5.4,0.06312777830910343,3,1.9530133358836963,2424.1038253877637,0.004254144446285268,True
proposed_3p3V_12bit,3.3,12,45.0,5.5,0.06312777830910343,3,1.9340750023909654,2400.597336301029,0.004254144446285268,True
proposed_3p3V_12bit,3.3,12,45.0,5.6000000000000005,0.06312777830910343,3,1.9151366688982343,2377.0908472142933,0.004254144446285268,True
proposed_3p3V_12bit,3.3,12,45.0,5.7,0.06312777830910343,3,1.8961983354055032,2353.584358127558,0.004254144446285268,True
proposed_3p3V_12bit,3.3,12,45.0,5.800000000000001,0.06312777830910343,3,1.877260001912772,2330.077869040823,0.004254144446285268,True
proposed_3p3V_12bit,3.3,12,45.0,5.9,0.06312777830910343,3,1.8583216684200412,2306.5713799540877,0.004254144446285268,True
proposed_3p3V_12bit,3.3,12,45.0,6.0,0.06312777830910343,3,1.83938333492731,2283.0648908673525,0.004254144446285268,True
proposed_3p3V_12bit,3.3,12,45.0,6.1000000000000005,0.06312777830910343,3,1.820445001434579,2259.558401780617,0.004254144446285268,True
proposed_3p3V_12bit,3.3,12,45.0,6.2,0.06312777830910343,3,1.801506667941848,2236.051912693882,0.004254144446285268,True
proposed_3p3V_12bit,3.3,12,45.0,6.300000000000001,0.06312777830910343,3,1.782568334449117,2212.5454236071464,0.004254144446285268,True
proposed_3p3V_12bit,3.3,12,45.0,6.4,0.06312777830910343,3,1.7636300009563861,2189.0389345204117,0.004254144446285268,True
proposed_3p3V_12bit,3.3,12,45.0,6.5,0.06312777830910343,3,1.744691667463655,2165.532445433676,0.004254144446285268,True
proposed_3p3V_12bit,3.3,12,45.0,6.6000000000000005,0.06312777830910343,3,1.725753333970924,2142.025956346941,0.004254144446285268,True
proposed_3p3V_12bit,3.3,12,45.0,6.7,0.06312777830910343,3,1.706815000478193,2118.5194672602056,0.004254144446285268,True
proposed_3p3V_12bit,3.3,12,45.0,6.800000000000001,0.06312777830910343,3,1.687876666985462,2095.0129781734704,0.004254144446285268,True
proposed_3p3V_12bit,3.3,12,45.0,6.9,0.06312777830910343,3,1.6689383334927308,2071.506489086735,0.004254144446285268,True
proposed_3p3V_12bit,3.3,12,45.0,7.0,0.06312777830910343,3,1.65,2048.0,0.004254144446285268,True
proposed_3p3V_12bit,3.3,12,45.0,7.1000000000000005,0.06312777830910343,3,1.6310616665072688,2024.4935109132646,0.004254144446285268,True
proposed_3p3V_12bit,3.3,12,45.0,7.2,0.06312777830910343,3,1.612123333014538,2000.9870218265296,0.004254144446285268,True
proposed_3p3V_12bit,3.3,12,45.0,7.300000000000001,0.06312777830910343,3,1.5931849995218066,1977.480532739794,0.004254144446285268,True
proposed_3p3V_12bit,3.3,12,45.0,7.4,0.06312777830910343,3,1.5742466660290757,1953.974043653059,0.004254144446285268,True
proposed_3p3V_12bit,3.3,12,45.0,7.5,0.06312777830910343,3,1.5553083325363448,1930.4675545663238,0.004254144446285268,True
proposed_3p3V_12bit,3.3,12,45.0,7.6000000000000005,0.06312777830910343,3,1.5363699990436137,1906.9610654795886,0.004254144446285268,True
proposed_3p3V_12bit,3.3,12,45.0,7.7,0.06312777830910343,3,1.5174316655508826,1883.4545763928531,0.004254144446285268,True
proposed_3p3V_12bit,3.3,12,45.0,7.800000000000001,0.06312777830910343,3,1.4984933320581515,1859.948087306118,0.004254144446285268,True
proposed_3p3V_12bit,3.3,12,45.0,7.9,0.06312777830910343,3,1.4795549985654206,1836.4415982193827,0.004254144446285268,True
proposed_3p3V_12bit,3.3,12,45.0,8.0,0.06312777830910343,3,1.4606166650726897,1812.9351091326478,0.004254144446285268,True
proposed_3p3V_12bit,3.3,12,45.0,8.1,0.06312777830910343,3,1.4416783315799586,1789.4286200459123,0.004254144446285268,True
proposed_3p3V_12bit,3.3,12,45.0,8.200000000000001,0.06312777830910343,3,1.4227399980872273,1765.9221309591767,0.004254144446285268,True
proposed_3p3V_12bit,3.3,12,45.0,8.3,0.06312777830910343,3,1.4038016645944964,1742.4156418724417,0.004254144446285268,True
proposed_3p3V_12bit,3.3,12,45.0,8.4,0.06312777830910343,3,1.3848633311017653,1718.9091527857063,0.004254144446285268,True
proposed_3p3V_12bit,3.3,12,45.0,8.5,0.06312777830910343,3,1.3659249976090344,1695.4026636989713,0.004254144446285268,True
proposed_3p3V_12bit,3.3,12,45.0,8.6,0.06312777830910343,3,1.3469866641163035,1671.896174612236,0.004254144446285268,True
proposed_3p3V_12bit,3.3,12,45.0,8.700000000000001,0.06312777830910343,3,1.3280483306235722,1648.3896855255007,0.004254144446285268,True
proposed_3p3V_12bit,3.3,12,45.0,8.8,0.06312777830910343,3,1.3091099971308413,1624.8831964387655,0.004254144446285268,True
proposed_3p3V_12bit,3.3,12,45.0,8.9,0.06312777830910343,3,1.2901716636381102,1601.3767073520303,0.004254144446285268,True
proposed_3p3V_12bit,3.3,12,45.0,9.0,0.06312777830910343,3,1.2712333301453793,1577.870218265295,0.004254144446285268,True
proposed_3p3V_12bit,3.3,12,45.0,9.1,0.06312777830910343,3,1.2522949966526484,1554.36372917856,0.004254144446285268,True
proposed_3p3V_12bit,3.3,12,45.0,9.200000000000001,0.06312777830910343,3,1.233356663159917,1530.8572400918245,0.004254144446285268,True
proposed_3p3V_12bit,3.3,12,45.0,9.3,0.06312777830910343,3,1.2144183296671862,1507.3507510050895,0.004254144446285268,True
proposed_3p3V_12bit,3.3,12,45.0,9.4,0.06312777830910343,3,1.195479996174455,1483.844261918354,0.004254144446285268,True
proposed_3p3V_12bit,3.3,12,45.0,9.5,0.06312777830910343,3,1.1765416626817242,1460.337772831619,0.004254144446285268,True
proposed_3p3V_12bit,3.3,12,45.0,9.600000000000001,0.06312777830910343,3,1.157603329188993,1436.8312837448834,0.004254144446285268,True
proposed_3p3V_12bit,3.3,12,45.0,9.700000000000001,0.06312777830910343,3,1.1386649956962618,1413.324794658148,0.004254144446285268,True
proposed_3p3V_12bit,3.3,12,45.0,9.8,0.06312777830910343,3,1.119726662203531,1389.818305571413,0.004254144446285268,True
proposed_3p3V_12bit,3.3,12,45.0,9.9,0.06312777830910343,3,1.1007883287108,1366.3118164846778,0.004254144446285268,True
proposed_3p3V_12bit,3.3,12,45.0,10.0,0.06312777830910343,3,1.081849995218069,1342.8053273979426,0.004254144446285268,True
proposed_3p3V_12bit,3.3,12,45.0,10.100000000000001,0.06312777830910343,3,1.0629116617253378,1319.2988383112072,0.004254144446285268,True
proposed_3p3V_12bit,3.3,12,45.0,10.200000000000001,0.06312777830910343,3,1.0439733282326067,1295.792349224472,0.004254144446285268,True
proposed_3p3V_12bit,3.3,12,45.0,10.3,0.06312777830910343,3,1.0250349947398758,1272.2858601377368,0.004254144446285268,True
proposed_3p3V_12bit,3.3,12,45.0,10.4,0.06312777830910343,3,1.006096661247145,1248.7793710510018,0.004254144446285268,True
proposed_3p3V_12bit,3.3,12,45.0,10.5,0.06312777830910343,3,0.9871583277544138,1225.2728819642664,0.004254144446285268,True
proposed_3p3V_12bit,3.3,12,45.0,10.600000000000001,0.06312777830910343,3,0.9682199942616826,1201.766392877531,0.004254144446285268,True
proposed_3p3V_12bit,3.3,12,45.0,10.700000000000001,0.06312777830910343,3,0.9492816607689516,1178.2599037907958,0.004254144446285268,True
proposed_3p3V_12bit,3.3,12,45.0,10.8,0.06312777830910343,3,0.9303433272762206,1154.7534147040606,0.004254144446285268,True
proposed_3p3V_12bit,3.3,12,45.0,10.9,0.06312777830910343,3,0.9114049937834897,1131.2469256173256,0.004254144446285268,True
proposed_3p3V_12bit,3.3,12,45.0,11.0,0.06312777830910343,3,0.8924666602907587,1107.7404365305904,0.004254144446285268,True
proposed_3p3V_12bit,3.3,12,45.0,11.100000000000001,0.06312777830910343,3,0.8735283267980274,1084.2339474438547,0.004254144446285268,True
proposed_3p3V_12bit,3.3,12,45.0,11.200000000000001,0.06312777830910343,3,0.8545899933052965,1060.7274583571195,0.004254144446285268,True
proposed_3p3V_12bit,3.3,12,45.0,11.3,0.06312777830910343,3,0.8356516598125655,1037.2209692703843,0.004254144446285268,True
proposed_3p3V_12bit,3.3,12,45.0,11.4,0.06312777830910343,3,0.8167133263198345,1013.7144801836492,0.004254144446285268,True
proposed_3p3V_12bit,3.3,12,45.0,11.5,0.06312777830910343,3,0.7977749928271036,990.2079910969142,0.004254144446285268,True
proposed_3p3V_12bit,3.3,12,45.0,11.600000000000001,0.06312777830910343,3,0.7788366593343723,966.7015020101785,0.004254144446285268,True
proposed_3p3V_12bit,3.3,12,45.0,11.700000000000001,0.06312777830910343,3,0.7598983258416413,943.1950129234433,0.004254144446285268,True
proposed_3p3V_12bit,3.3,12,45.0,11.8,0.06312777830910343,3,0.7409599923489103,919.6885238367081,0.004254144446285268,True
proposed_3p3V_12bit,3.3,12,45.0,11.9,0.06312777830910343,3,0.7220216588561794,896.182034749973,0.004254144446285268,True
proposed_3p3V_12bit,3.3,12,45.0,12.0,0.06312777830910343,3,0.7030833253634484,872.6755456632378,0.004254144446285268,True
proposed_3p3V_12bit,3.3,12,45.0,12.100000000000001,0.06312777830910343,3,0.6841449918707171,849.1690565765023,0.004254144446285268,True
proposed_3p3V_12bit,3.3,12,45.0,12.200000000000001,0.06312777830910343,3,0.6652066583779862,825.6625674897672,0.004254144446285268,True
proposed_3p3V_12bit,3.3,12,45.0,12.3,0.06312777830910343,3,0.6462683248852552,802.156078403032,0.004254144446285268,True
proposed_3p3V_12bit,3.3,12,45.0,12.4,0.06312777830910343,3,0.6273299913925243,778.6495893162969,0.004254144446285268,True
proposed_3p3V_12bit,3.3,12,45.0,12.5,0.06312777830910343,3,0.6083916578997932,755.1431002295616,0.004254144446285268,True
proposed_3p3V_12bit,3.3,12,45.0,12.600000000000001,0.06312777830910343,3,0.5894533244070619,731.6366111428259,0.004254144446285268,True
proposed_3p3V_12bit,3.3,12,45.0,12.700000000000001,0.06312777830910343,3,0.570514990914331,708.1301220560908,0.004254144446285268,True
proposed_3p3V_12bit,3.3,12,45.0,12.8,0.06312777830910343,3,0.5515766574216001,684.6236329693559,0.004254144446285268,True
proposed_3p3V_12bit,3.3,12,45.0,12.9,0.06312777830910343,3,0.532638323928869,661.1171438826204,0.004254144446285268,True
proposed_3p3V_12bit,3.3,12,45.0,13.0,0.06312777830910343,3,0.5136999904361381,637.6106547958855,0.004254144446285268,True
proposed_3p3V_12bit,3.3,12,45.0,13.100000000000001,0.06312777830910343,3,0.4947616569434068,614.1041657091498,0.004254144446285268,True
proposed_3p3V_12bit,3.3,12,45.0,13.200000000000001,0.06312777830910343,3,0.4758233234506759,590.5976766224147,0.004254144446285268,True
proposed_3p3V_12bit,3.3,12,45.0,13.3,0.06312777830910343,3,0.4568849899579448,567.0911875356794,0.004254144446285268,True
proposed_3p3V_12bit,3.3,12,45.0,13.4,0.06312777830910343,3,0.4379466564652139,543.5846984489443,0.004254144446285268,True
proposed_3p3V_12bit,3.3,12,45.0,13.5,0.06312777830910343,3,0.419008322972483,520.0782093622092,0.004254144446285268,True
proposed_3p3V_12bit,3.3,12,45.0,13.600000000000001,0.06312777830910343,3,0.4000699894797517,496.57172027547364,0.004254144446285268,True
proposed_3p3V_12bit,3.3,12,45.0,13.700000000000001,0.06312777830910343,3,0.3811316559870208,473.0652311887386,0.004254144446285268,True
proposed_3p3V_12bit,3.3,12,45.0,13.8,0.06312777830910343,3,0.3621933224942897,449.55874210200324,0.004254144446285268,True
proposed_3p3V_12bit,3.3,12,45.0,13.9,0.06312777830910343,3,0.3432549890015588,426.0522530152682,0.004254144446285268,True
proposed_3p3V_12bit,3.3,12,45.0,14.0,0.06312777830910343,3,0.3243166555088277,402.54576392853284,0.004254144446285268,True
