payload_kg,downhill_front_slope_deg,COM_x_m,COM_z_m,front_edge_margin_m,front_static_tip_deg,lateral_static_tip_deg
0.0,0.0,0.0,0.58,0.454,38.05236939863048,38.719992874300225
0.0,0.5,0.0,0.58,0.4489384166813599,38.05236939863048,38.719992874300225
0.0,1.0,0.0,0.58,0.4438760623416338,38.05236939863048,38.719992874300225
0.0,1.5,0.0,0.58,0.4388121654898716,38.05236939863048,38.719992874300225
0.0,2.0,0.0,0.58,0.43374595369478636,38.05236939863048,38.719992874300225
0.0,2.5,0.0,0.58,0.428676653113063,38.05236939863048,38.719992874300225
0.0,3.0,0.0,0.58,0.42360348801583614,38.05236939863048,38.719992874300225
0.0,3.5,0.0,0.58,0.41852568031271914,38.05236939863048,38.719992874300225
0.0,4.0,0.0,0.58,0.41344244907276395,38.05236939863048,38.719992874300225
0.0,4.5,0.0,0.58,0.4083530100417213,38.05236939863048,38.719992874300225
0.0,5.0,0.0,0.58,0.4032565751549641,38.05236939863048,38.719992874300225
0.0,5.5,0.0,0.58,0.39815235204542765,38.05236939863048,38.719992874300225
0.0,6.0,0.0,0.58,0.39303954354590764,38.05236939863048,38.719992874300225
0.0,6.5,0.0,0.58,0.3879173471850456,38.05236939863048,38.719992874300225
0.0,7.0,0.0,0.58,0.38278495467631535,38.05236939863048,38.719992874300225
0.0,7.5,0.0,0.58,0.37764155139931044,38.05236939863048,38.719992874300225
0.0,8.0,0.0,0.58,0.372486315872613,38.05236939863048,38.719992874300225
0.0,8.5,0.0,0.58,0.3673184192175059,38.05236939863048,38.719992874300225
0.0,9.0,0.0,0.58,0.362137024611769,38.05236939863048,38.719992874300225
0.0,9.5,0.0,0.58,0.3569412867327767,38.05236939863048,38.719992874300225
0.0,10.0,0.0,0.58,0.35173035118909035,38.05236939863048,38.719992874300225
0.0,10.5,0.0,0.58,0.3465033539397101,38.05236939863048,38.719992874300225
0.0,11.0,0.0,0.58,0.3412594207001233,38.05236939863048,38.719992874300225
0.0,11.5,0.0,0.58,0.33599766633425443,38.05236939863048,38.719992874300225
0.0,12.0,0.0,0.58,0.3307171942313872,38.05236939863048,38.719992874300225
0.0,12.5,0.0,0.58,0.32541709566709487,38.05236939863048,38.719992874300225
0.0,13.0,0.0,0.58,0.3200964491471734,38.05236939863048,38.719992874300225
0.0,13.5,0.0,0.58,0.31475431973353274,38.05236939863048,38.719992874300225
0.0,14.0,0.0,0.58,0.3093897583509552,38.05236939863048,38.719992874300225
0.0,14.5,0.0,0.58,0.30400180107358366,38.05236939863048,38.719992874300225
0.0,15.0,0.0,0.58,0.2985894683899489,38.05236939863048,38.719992874300225
0.0,15.5,0.0,0.58,0.29315176444529367,38.05236939863048,38.719992874300225
0.0,16.0,0.0,0.58,0.28768767625989144,38.05236939863048,38.719992874300225
0.0,16.5,0.0,0.58,0.2821961729219935,38.05236939863048,38.719992874300225
0.0,17.0,0.0,0.58,0.27667620475397703,38.05236939863048,38.719992874300225
0.0,17.5,0.0,0.58,0.2711267024501896,38.05236939863048,38.719992874300225
0.0,18.0,0.0,0.58,0.2655465761849144,38.05236939863048,38.719992874300225
0.0,18.5,0.0,0.58,0.2599347146887976,38.05236939863048,38.719992874300225
0.0,19.0,0.0,0.58,0.2542899842919942,38.05236939863048,38.719992874300225
0.0,19.5,0.0,0.58,0.24861122793219517,38.05236939863048,38.719992874300225
0.0,20.0,0.0,0.58,0.24289726412560267,38.05236939863048,38.719992874300225
0.0,20.5,0.0,0.58,0.2371468858988133,38.05236939863048,38.719992874300225
0.0,21.0,0.0,0.58,0.23135885967945888,38.05236939863048,38.719992874300225
0.0,21.5,0.0,0.58,0.22553192414333342,38.05236939863048,38.719992874300225
0.0,22.0,0.0,0.58,0.2196647890156091,38.05236939863048,38.719992874300225
0.0,22.5,0.0,0.58,0.21375613382360492,38.05236939863048,38.719992874300225
0.0,23.0,0.0,0.58,0.20780460659842928,38.05236939863048,38.719992874300225
0.0,23.5,0.0,0.58,0.20180882252265853,38.05236939863048,38.719992874300225
0.0,24.0,0.0,0.58,0.19576736252104904,38.05236939863048,38.719992874300225
0.0,24.5,0.0,0.58,0.18967877179110093,38.05236939863048,38.719992874300225
0.0,25.0,0.0,0.58,0.18354155827010088,38.05236939863048,38.719992874300225
0.0,25.5,0.0,0.58,0.1773541910350671,38.05236939863048,38.719992874300225
0.0,26.0,0.0,0.58,0.1711150986318004,38.05236939863048,38.719992874300225
0.0,26.5,0.0,0.58,0.1648226673290098,38.05236939863048,38.719992874300225
0.0,27.0,0.0,0.58,0.15847523929323132,38.05236939863048,38.719992874300225
0.0,27.5,0.0,0.58,0.15207111067998724,38.05236939863048,38.719992874300225
0.0,28.0,0.0,0.58,0.14560852963634235,38.05236939863048,38.719992874300225
0.0,28.5,0.0,0.58,0.13908569420970662,38.05236939863048,38.719992874300225
0.0,29.0,0.0,0.58,0.13250075015739404,38.05236939863048,38.719992874300225
0.0,29.5,0.0,0.58,0.12585178865109337,38.05236939863048,38.719992874300225
0.0,30.0,0.0,0.58,0.1191368438700171,38.05236939863048,38.719992874300225
0.0,30.5,0.0,0.58,0.11235389047608046,38.05236939863048,38.719992874300225
0.0,31.0,0.0,0.58,0.10550084096401502,38.05236939863048,38.719992874300225
0.0,31.5,0.0,0.58,0.09857554287883946,38.05236939863048,38.719992874300225
0.0,32.0,0.0,0.58,0.09157577589259008,38.05236939863048,38.719992874300225
0.0,32.5,0.0,0.58,0.08449924873165399,38.05236939863048,38.719992874300225
0.0,33.0,0.0,0.58,0.07734359594544388,38.05236939863048,38.719992874300225
0.0,33.5,0.0,0.58,0.07010637450649898,38.05236939863048,38.719992874300225
0.0,34.0,0.0,0.58,0.06278506023139258,38.05236939863048,38.719992874300225
0.0,34.5,0.0,0.58,0.05537704401106447,38.05236939863048,38.719992874300225
0.0,35.0,0.0,0.58,0.04787962783836841,38.05236939863048,38.719992874300225
0.0,35.5,0.0,0.58,0.040290020619736966,38.05236939863048,38.719992874300225
0.0,36.0,0.0,0.58,0.032605333756890786,38.05236939863048,38.719992874300225
0.0,36.5,0.0,0.58,0.024822576483477243,38.05236939863048,38.719992874300225
0.0,37.0,0.0,0.58,0.01693865094037944,38.05236939863048,38.719992874300225
0.0,37.5,0.0,0.58,0.008950346972203038,38.05236939863048,38.719992874300225
0.0,38.0,0.0,0.58,0.0008543366261039576,38.05236939863048,38.719992874300225
0.0,38.5,0.0,0.58,-0.00735283166734052,38.05236939863048,38.719992874300225
0.0,39.0,0.0,0.58,-0.01567473925310403,38.05236939863048,38.719992874300225
0.0,39.5,0.0,0.58,-0.02411510377414744,38.05236939863048,38.719992874300225
0.0,40.0,0.0,0.58,-0.03267778608282229,38.05236939863048,38.719992874300225
0.05,0.0,0.0016632016632016635,0.5808731808731808,0.45233679833679835,37.90855834756811,38.67793460737162
0.05,0.5,0.0016632016632016635,0.5808731808731808,0.4472675948841206,37.90855834756811,38.67793460737162
0.05,1.0,0.0016632016632016635,0.5808731808731808,0.4421976192495967,37.90855834756811,38.67793460737162
0.05,1.5,0.0016632016632016635,0.5808731808731808,0.4371260987808091,37.90855834756811,38.67793460737162
0.05,2.0,0.0016632016632016635,0.5808731808731808,0.4320522598835877,37.90855834756811,38.67793460737162
0.05,2.5,0.0016632016632016635,0.5808731808731808,0.4269753275496086,37.90855834756811,38.67793460737162
0.05,3.0,0.0016632016632016635,0.5808731808731808,0.4218945248821586,37.90855834756811,38.67793460737162
0.05,3.5,0.0016632016632016635,0.5808731808731808,0.41680907261944844,37.90855834756811,38.67793460737162
0.05,4.0,0.0016632016632016635,0.5808731808731808,0.4117181886548507,37.90855834756811,38.67793460737162
0.05,4.5,0.0016632016632016635,0.5808731808731808,0.40662108755343374,37.90855834756811,38.67793460737162
0.05,5.0,0.0016632016632016635,0.5808731808731808,0.40151698006415143,37.90855834756811,38.67793460737162
0.05,5.5,0.0016632016632016635,0.5808731808731808,0.39640507262704305,37.90855834756811,38.67793460737162
0.05,6.0,0.0016632016632016635,0.5808731808731808,0.3912845668747817,37.90855834756811,38.67793460737162
0.05,6.5,0.0016632016632016635,0.5808731808731808,0.38615465912790076,37.90855834756811,38.67793460737162
0.05,7.0,0.0016632016632016635,0.5808731808731808,0.38101453988301137,37.90855834756811,38.67793460737162
0.05,7.5,0.0016632016632016635,0.5808731808731808,0.375863393293309,37.90855834756811,38.67793460737162
0.05,8.0,0.0016632016632016635,0.5808731808731808,0.3707003966406483,37.90855834756811,38.67793460737162
0.05,8.5,0.0016632016632016635,0.5808731808731808,0.36552471979844847,37.90855834756811,38.67793460737162
0.05,9.0,0.0016632016632016635,0.5808731808731808,0.36033552468466645,37.90855834756811,38.67793460737162
0.05,9.5,0.0016632016632016635,0.5808731808731808,0.35513196470405695,37.90855834756811,38.67793460737162
0.05,10.0,0.0016632016632016635,0.5808731808731808,0.3499131841789083,37.90855834756811,38.67793460737162
0.05,10.5,0.0016632016632016635,0.5808731808731808,0.3446783177674206,37.90855834756811,38.67793460737162
0.05,11.0,0.0016632016632016635,0.5808731808731808,0.3394264898688596,37.90855834756811,38.67793460737162
0.05,11.5,0.0016632016632016635,0.5808731808731808,0.3341568140145913,37.90855834756811,38.67793460737162
0.05,12.0,0.0016632016632016635,0.5808731808731808,0.32886839224406617,37.90855834756811,38.67793460737162
0.05,12.5,0.0016632016632016635,0.5808731808731808,0.3235603144647871,37.90855834756811,38.67793460737162
0.05,13.0,0.0016632016632016635,0.5808731808731808,0.31823165779525503,37.90855834756811,38.67793460737162
0.05,13.5,0.0016632016632016635,0.5808731808731808,0.3128814858898453,37.90855834756811,38.67793460737162
0.05,14.0,0.0016632016632016635,0.5808731808731808,0.3075088482445225,37.90855834756811,38.67793460737162
0.05,14.5,0.0016632016632016635,0.5808731808731808,0.30211277948225423,37.90855834756811,38.67793460737162
0.05,15.0,0.0016632016632016635,0.5808731808731808,0.2966922986169321,37.90855834756811,38.67793460737162
0.05,15.5,0.0016632016632016635,0.5808731808731808,0.2912464082945554,37.90855834756811,38.67793460737162
0.05,16.0,0.0016632016632016635,0.5808731808731808,0.2857740940103723,37.90855834756811,38.67793460737162
0.05,16.5,0.0016632016632016635,0.5808731808731808,0.28027432330061286,37.90855834756811,38.67793460737162
0.05,17.0,0.0016632016632016635,0.5808731808731808,0.2747460449073811,37.90855834756811,38.67793460737162
0.05,17.5,0.0016632016632016635,0.5808731808731808,0.2691881879152017,37.90855834756811,38.67793460737162
0.05,18.0,0.0016632016632016635,0.5808731808731808,0.2635996608576424,37.90855834756811,38.67793460737162
0.05,18.5,0.0016632016632016635,0.5808731808731808,0.2579793507923509,37.90855834756811,38.67793460737162
0.05,19.0,0.0016632016632016635,0.5808731808731808,0.25232612234276,37.90855834756811,38.67793460737162
0.05,19.5,0.0016632016632016635,0.5808731808731808,0.2466388167046216,37.90855834756811,38.67793460737162
0.05,20.0,0.0016632016632016635,0.5808731808731808,0.2409162506154326,37.90855834756811,38.67793460737162
0.05,20.5,0.0016632016632016635,0.5808731808731808,0.23515721528471015,37.90855834756811,38.67793460737162
0.05,21.0,0.0016632016632016635,0.5808731808731808,0.22936047528296225,37.90855834756811,38.67793460737162
0.05,21.5,0.0016632016632016635,0.5808731808731808,0.22352476738707922,37.90855834756811,38.67793460737162
0.05,22.0,0.0016632016632016635,0.5808731808731808,0.2176487993797447,37.90855834756811,38.67793460737162
0.05,22.5,0.0016632016632016635,0.5808731808731808,0.21173124880032695,37.90855834756811,38.67793460737162
0.05,23.0,0.0016632016632016635,0.5808731808731808,0.2057707616445664,37.90855834756811,38.67793460737162
0.05,23.5,0.0016632016632016635,0.5808731808731808,0.19976595101021866,37.90855834756811,38.67793460737162
0.05,24.0,0.0016632016632016635,0.5808731808731808,0.1937153956856445,37.90855834756811,38.67793460737162
0.05,24.5,0.0016632016632016635,0.5808731808731808,0.18761763867816184,37.90855834756811,38.67793460737162
0.05,25.0,0.0016632016632016635,0.5808731808731808,0.18147118567878046,37.90855834756811,38.67793460737162
0.05,25.5,0.0016632016632016635,0.5808731808731808,0.17527450345973816,37.90855834756811,38.67793460737162
0.05,26.0,0.0016632016632016635,0.5808731808731808,0.16902601820103602,37.90855834756811,38.67793460737162
0.05,26.5,0.0016632016632016635,0.5808731808731808,0.16272411374193613,37.90855834756811,38.67793460737162
0.05,27.0,0.0016632016632016635,0.5808731808731808,0.15636712975313222,37.90855834756811,38.67793460737162
0.05,27.5,0.0016632016632016635,0.5808731808731808,0.1499533598250356,37.90855834756811,38.67793460737162
0.05,28.0,0.0016632016632016635,0.5808731808731808,0.14348104946732398,37.90855834756811,38.67793460737162
0.05,28.5,0.0016632016632016635,0.5808731808731808,0.13694839401459613,37.90855834756811,38.67793460737162
0.05,29.0,0.0016632016632016635,0.5808731808731808,0.13035353643263276,37.90855834756811,38.67793460737162
0.05,29.5,0.0016632016632016635,0.5808731808731808,0.12369456501941173,37.90855834756811,38.67793460737162
0.05,30.0,0.0016632016632016635,0.5808731808731808,0.11696951099463321,37.90855834756811,38.67793460737162
0.05,30.5,0.0016632016632016635,0.5808731808731808,0.11017634597109788,37.90855834756811,38.67793460737162
0.05,31.0,0.0016632016632016635,0.5808731808731808,0.10331297930083083,37.90855834756811,38.67793460737162
0.05,31.5,0.0016632016632016635,0.5808731808731808,0.09637725528836383,37.90855834756811,38.67793460737162
0.05,32.0,0.0016632016632016635,0.5808731808731808,0.0893669502630643,37.90855834756811,38.67793460737162
0.05,32.5,0.0016632016632016635,0.5808731808731808,0.08227976950184285,37.90855834756811,38.67793460737162
0.05,33.0,0.0016632016632016635,0.5808731808731808,0.07511334399296371,37.90855834756811,38.67793460737162
0.05,33.5,0.0016632016632016635,0.5808731808731808,0.0678652270310266,37.90855834756811,38.67793460737162
0.05,34.0,0.0016632016632016635,0.5808731808731808,0.060532890632486513,37.90855834756811,38.67793460737162
0.05,34.5,0.0016632016632016635,0.5808731808731808,0.05311372176031043,37.90855834756811,38.67793460737162
0.05,35.0,0.0016632016632016635,0.5808731808731808,0.04560501834554492,37.90855834756811,38.67793460737162
0.05,35.5,0.0016632016632016635,0.5808731808731808,0.03800398509267511,37.90855834756811,38.67793460737162
0.05,36.0,0.0016632016632016635,0.5808731808731808,0.030307729054682375,37.90855834756811,38.67793460737162
0.05,36.5,0.0016632016632016635,0.5808731808731808,0.02251325496266232,37.90855834756811,38.67793460737162
0.05,37.0,0.0016632016632016635,0.5808731808731808,0.01461746029372002,37.90855834756811,38.67793460737162
0.05,37.5,0.0016632016632016635,0.5808731808731808,0.006617130059622611,37.90855834756811,38.67793460737162
0.05,38.0,0.0016632016632016635,0.5808731808731808,-0.00149106870265453,37.90855834756811,38.67793460737162
0.05,38.5,0.0016632016632016635,0.5808731808731808,-0.009710592758817638,37.90855834756811,38.67793460737162
0.05,39.0,0.0016632016632016635,0.5808731808731808,-0.018045028845498856,37.90855834756811,38.67793460737162
0.05,39.5,0.0016632016632016635,0.5808731808731808,-0.02649810020251203,37.90855834756811,38.67793460737162
0.05,40.0,0.0016632016632016635,0.5808731808731808,-0.03507367349466112,37.90855834756811,38.67793460737162
0.1,0.0,0.003319502074688797,0.5817427385892114,0.45068049792531123,37.76521469911467,38.63612736924331
0.1,0.5,0.003319502074688797,0.5817427385892114,0.4456037059574092,37.76521469911467,38.63612736924331
0.1,1.0,0.003319502074688797,0.5817427385892114,0.4405261406517174,37.76521469911467,38.63612736924331
0.1,1.5,0.003319502074688797,0.5817427385892114,0.43544702819917014,37.76521469911467,38.63612736924331
0.1,2.0,0.003319502074688797,0.5817427385892114,0.4303655938475393,37.76521469911467,38.63612736924331
0.1,2.5,0.003319502074688797,0.5817427385892114,0.4252810614283262,37.76521469911467,38.63612736924331
0.1,3.0,0.003319502074688797,0.5817427385892114,0.4201926528818159,37.76521469911467,38.63612736924331
0.1,3.5,0.003319502074688797,0.5817427385892114,0.4150995877796768,37.76521469911467,38.63612736924331
0.1,4.0,0.003319502074688797,0.5817427385892114,0.4100010828444807,37.76521469911467,38.63612736924331
0.1,4.5,0.003319502074688797,0.5817427385892114,0.40489635146551245,37.76521469911467,38.63612736924331
0.1,5.0,0.003319502074688797,0.5817427385892114,0.3997846032102301,37.76521469911467,38.63612736924331
0.1,5.5,0.003319502074688797,0.5817427385892114,0.39466504333072655,37.76521469911467,38.63612736924331
0.1,6.0,0.003319502074688797,0.5817427385892114,0.3895368722645318,37.76521469911467,38.63612736924331
0.1,6.5,0.003319502074688797,0.5817427385892114,0.3843992851290843,37.76521469911467,38.63612736924331
0.1,7.0,0.003319502074688797,0.5817427385892114,0.3792514712091817,37.76521469911467,38.63612736924331
0.1,7.5,0.003319502074688797,0.5817427385892114,0.37409261343671,37.76521469911467,38.63612736924331
0.1,8.0,0.003319502074688797,0.5817427385892114,0.36892188786192837,37.76521469911467,38.63612736924331
0.1,8.5,0.003319502074688797,0.5817427385892114,0.3637384631155697,37.76521469911467,38.63612736924331
0.1,9.0,0.003319502074688797,0.5817427385892114,0.358541499860996,37.76521469911467,38.63612736924331
0.1,9.5,0.003319502074688797,0.5817427385892114,0.35333015023562236,37.76521469911467,38.63612736924331
0.1,10.0,0.003319502074688797,0.5817427385892114,0.3481035572808018,37.76521469911467,38.63612736924331
0.1,10.5,0.003319502074688797,0.5817427385892114,0.3428608543593315,37.76521469911467,38.63612736924331
0.1,11.0,0.003319502074688797,0.5817427385892114,0.33760116455971734,37.76521469911467,38.63612736924331
0.1,11.5,0.003319502074688797,0.5817427385892114,0.33232360008629613,37.76521469911467,38.63612736924331
0.1,12.0,0.003319502074688797,0.5817427385892114,0.32702726163428597,37.76521469911467,38.63612736924331
0.1,12.5,0.003319502074688797,0.5817427385892114,0.32171123774879606,37.76521469911467,38.63612736924331
0.1,13.0,0.003319502074688797,0.5817427385892114,0.31637460416678864,37.76521469911467,38.63612736924331
0.1,13.5,0.003319502074688797,0.5817427385892114,0.311016423140945,37.76521469911467,38.63612736924331
0.1,14.0,0.003319502074688797,0.5817427385892114,0.3056357427443406,37.76521469911467,38.63612736924331
0.1,14.5,0.003319502074688797,0.5817427385892114,0.3002315961547892,37.76521469911467,38.63612736924331
0.1,15.0,0.003319502074688797,0.5817427385892114,0.2948030009176623,37.76521469911467,38.63612736924331
0.1,15.5,0.003319502074688797,0.5817427385892114,0.28934895818593637,37.76521469911467,38.63612736924331
0.1,16.0,0.003319502074688797,0.5817427385892114,0.28386845193616245,37.76521469911467,38.63612736924331
0.1,16.5,0.003319502074688797,0.5817427385892114,0.2783604481589891,37.76521469911467,38.63612736924331
0.1,17.0,0.003319502074688797,0.5817427385892114,0.27282389402280427,37.76521469911467,38.63612736924331
0.1,17.5,0.003319502074688797,0.5817427385892114,0.26725771700898976,37.76521469911467,38.63612736924331
0.1,18.0,0.003319502074688797,0.5817427385892114,0.26166082401720564,37.76521469911467,38.63612736924331
0.1,18.5,0.003319502074688797,0.5817427385892114,0.256032100439043,37.76521469911467,38.63612736924331
0.1,19.0,0.003319502074688797,0.5817427385892114,0.2503704091982944,37.76521469911467,38.63612736924331
0.1,19.5,0.003319502074688797,0.5817427385892114,0.24467458975600068,37.76521469911467,38.63612736924331
0.1,20.0,0.003319502074688797,0.5817427385892114,0.23894345707833384,37.76521469911467,38.63612736924331
0.1,20.5,0.003319502074688797,0.5817427385892114,0.23317580056527137,37.76521469911467,38.63612736924331
0.1,21.0,0.003319502074688797,0.5817427385892114,0.22737038293790346,37.76521469911467,38.63612736924331
0.1,21.5,0.003319502074688797,0.5817427385892114,0.22152593908209584,37.76521469911467,38.63612736924331
0.1,22.0,0.003319502074688797,0.5817427385892114,0.2156411748461039,37.76521469911467,38.63612736924331
0.1,22.5,0.003319502074688797,0.5817427385892114,0.20971476578959378,37.76521469911467,38.63612736924331
0.1,23.0,0.003319502074688797,0.5817427385892114,0.20374535588138357,37.76521469911467,38.63612736924331
0.1,23.5,0.003319502074688797,0.5817427385892114,0.19773155614305865,37.76521469911467,38.63612736924331
0.1,24.0,0.003319502074688797,0.5817427385892114,0.19167194323544917,37.76521469911467,38.63612736924331
0.1,24.5,0.003319502074688797,0.5817427385892114,0.18556505798477868,37.76521469911467,38.63612736924331
0.1,25.0,0.003319502074688797,0.5817427385892114,0.1794094038451005,37.76521469911467,38.63612736924331
0.1,25.5,0.003319502074688797,0.5817427385892114,0.17320344529343557,37.76521469911467,38.63612736924331
0.1,26.0,0.003319502074688797,0.5817427385892114,0.16694560615380188,37.76521469911467,38.63612736924331
0.1,26.5,0.003319502074688797,0.5817427385892114,0.1606342678460952,37.76521469911467,38.63612736924331
0.1,27.0,0.003319502074688797,0.5817427385892114,0.1542677675555233,37.76521469911467,38.63612736924331
0.1,27.5,0.003319502074688797,0.5817427385892114,0.14784439631802992,37.76521469911467,38.63612736924331
0.1,28.0,0.003319502074688797,0.5817427385892114,0.14136239701684938,37.76521469911467,38.63612736924331
0.1,28.5,0.003319502074688797,0.5817427385892114,0.13481996228502563,37.76521469911467,38.63612736924331
0.1,29.0,0.003319502074688797,0.5817427385892114,0.12821523230838927,37.76521469911467,38.63612736924331
0.1,29.5,0.003319502074688797,0.5817427385892114,0.12154629252313132,37.76521469911467,38.63612736924331
0.1,30.0,0.003319502074688797,0.5817427385892114,0.11481117120171991,37.76521469911467,38.63612736924331
0.1,30.5,0.003319502074688797,0.5817427385892114,0.10800783692049287,37.76521469911467,38.63612736924331
0.1,31.0,0.003319502074688797,0.5817427385892114,0.10113419590180939,37.76521469911467,38.63612736924331
0.1,31.5,0.003319502074688797,0.5817427385892114,0.09418808922316002,37.76521469911467,38.63612736924331
0.1,32.0,0.003319502074688797,0.5817427385892114,0.08716728988511335,37.76521469911467,38.63612736924331
0.1,32.5,0.003319502074688797,0.5817427385892114,0.08006949972941696,37.76521469911467,38.63612736924331
0.1,33.0,0.003319502074688797,0.5817427385892114,0.07289234619796287,37.76521469911467,38.63612736924331
0.1,33.5,0.003319502074688797,0.5817427385892114,0.06563337892267251,37.76521469911467,38.63612736924331
0.1,34.0,0.003319502074688797,0.5817427385892114,0.05829006613565069,37.76521469911467,38.63612736924331
0.1,34.5,0.003319502074688797,0.5817427385892114,0.05085979088819037,37.76521469911467,38.63612736924331
0.1,35.0,0.003319502074688797,0.5817427385892114,0.04333984706638477,37.76521469911467,38.63612736924331
0.1,35.5,0.003319502074688797,0.5817427385892114,0.035727435190207046,37.76521469911467,38.63612736924331
0.1,36.0,0.003319502074688797,0.5817427385892114,0.02801965798194378,37.76521469911467,38.63612736924331
0.1,36.5,0.003319502074688797,0.5817427385892114,0.020213515688821904,37.76521469911467,38.63612736924331
0.1,37.0,0.003319502074688797,0.5817427385892114,0.01230590114351987,37.76521469911467,38.63612736924331
0.1,37.5,0.003319502074688797,0.5817427385892114,0.004293594545019874,37.76521469911467,38.63612736924331
0.1,38.0,0.003319502074688797,0.5817427385892114,-0.0038267420590943346,37.76521469911467,38.63612736924331
0.1,38.5,0.003319502074688797,0.5817427385892114,-0.01205857060925114,37.76521469911467,38.63612736924331
0.1,39.0,0.003319502074688797,0.5817427385892114,-0.020405483211369035,37.76521469911467,38.63612736924331
0.1,39.5,0.003319502074688797,0.5817427385892114,-0.02887120867889148,37.76521469911467,38.63612736924331
0.1,40.0,0.003319502074688797,0.5817427385892114,-0.03745961946495685,37.76521469911467,38.63612736924331
0.15000000000000002,0.0,0.004968944099378883,0.5826086956521739,0.44903105590062115,37.62233796396424,38.59456896329064
0.15000000000000002,0.5,0.004968944099378883,0.5826086956521739,0.4439467068399182,37.62233796396424,38.59456896329064
0.15000000000000002,1.0,0.004968944099378883,0.5826086956521739,0.4388615832902683,37.62233796396424,38.59456896329064
0.15000000000000002,1.5,0.004968944099378883,0.5826086956521739,0.433774910290747,37.62233796396424,38.59456896329064
0.15000000000000002,2.0,0.004968944099378883,0.5826086956521739,0.42868591193586375,37.62233796396424,38.59456896329064
0.15000000000000002,2.5,0.004968944099378883,0.5826086956521739,0.4235938109017489,37.62233796396424,38.59456896329064
0.15000000000000002,3.0,0.004968944099378883,0.5826086956521739,0.4184978279705015,37.62233796396424,38.59456896329064
0.15000000000000002,3.5,0.004968944099378883,0.5826086956521739,0.4133971815520781,37.62233796396424,38.59456896329064
0.15000000000000002,4.0,0.004968944099378883,0.5826086956521739,0.4082910872030977,37.62233796396424,38.59456896329064
0.15000000000000002,4.5,0.004968944099378883,0.5826086956521739,0.4031787571419304,37.62233796396424,38.59456896329064
0.15000000000000002,5.0,0.004968944099378883,0.5826086956521739,0.3980593997594306,37.62233796396424,38.59456896329064
0.15000000000000002,5.5,0.004968944099378883,0.5826086956521739,0.39293221912466386,37.62233796396424,38.59456896329064
0.15000000000000002,6.0,0.004968944099378883,0.5826086956521739,0.38779641448496616,37.62233796396424,38.59456896329064
0.15000000000000002,6.5,0.004968944099378883,0.5826086956521739,0.38265117975966245,37.62233796396424,38.59456896329064
0.15000000000000002,7.0,0.004968944099378883,0.5826086956521739,0.377495703026755,37.62233796396424,38.59456896329064
0.15000000000000002,7.5,0.004968944099378883,0.5826086956521739,0.3723291660018775,37.62233796396424,38.59456896329064
0.15000000000000002,8.0,0.004968944099378883,0.5826086956521739,0.36715074350879306,37.62233796396424,38.59456896329064
0.15000000000000002,8.5,0.004968944099378883,0.5826086956521739,0.3619596029406945,37.62233796396424,38.59456896329064
0.15000000000000002,9.0,0.004968944099378883,0.5826086956521739,0.3567549037115435,37.62233796396424,38.59456896329064
0.15000000000000002,9.5,0.004968944099378883,0.5826086956521739,0.3515357966966637,37.62233796396424,38.59456896329064
0.15000000000000002,10.0,0.004968944099378883,0.5826086956521739,0.34630142366177635,37.62233796396424,38.59456896329064
0.15000000000000002,10.5,0.004968944099378883,0.5826086956521739,0.34105091667964027,37.62233796396424,38.59456896329064
0.15000000000000002,11.0,0.004968944099378883,0.5826086956521739,0.3357833975334287,37.62233796396424,38.59456896329064
0.15000000000000002,11.5,0.004968944099378883,0.5826086956521739,0.33049797710594414,37.62233796396424,38.59456896329064
0.15000000000000002,12.0,0.004968944099378883,0.5826086956521739,0.3251937547537387,37.62233796396424,38.59456896329064
0.15000000000000002,12.5,0.004968944099378883,0.5826086956521739,0.3198698176651692,37.62233796396424,38.59456896329064
0.15000000000000002,13.0,0.004968944099378883,0.5826086956521739,0.31452524020138006,37.62233796396424,38.59456896329064
0.15000000000000002,13.5,0.004968944099378883,0.5826086956521739,0.30915908321916225,37.62233796396424,38.59456896329064
0.15000000000000002,14.0,0.004968944099378883,0.5826086956521739,0.3037703933745941,37.62233796396424,38.59456896329064
0.15000000000000002,14.5,0.004968944099378883,0.5826086956521739,0.29835820240631983,37.62233796396424,38.59456896329064
0.15000000000000002,15.0,0.004968944099378883,0.5826086956521739,0.2929215263972714,37.62233796396424,38.59456896329064
0.15000000000000002,15.5,0.004968944099378883,0.5826086956521739,0.2874593650135848,37.62233796396424,38.59456896329064
0.15000000000000002,16.0,0.004968944099378883,0.5826086956521739,0.2819707007194026,37.62233796396424,38.59456896329064
0.15000000000000002,16.5,0.004968944099378883,0.5826086956521739,0.2764544979661918,37.62233796396424,38.59456896329064
0.15000000000000002,17.0,0.004968944099378883,0.5826086956521739,0.2709097023551408,37.62233796396424,38.59456896329064
0.15000000000000002,17.5,0.004968944099378883,0.5826086956521739,0.2653352397711264,37.62233796396424,38.59456896329064
0.15000000000000002,18.0,0.004968944099378883,0.5826086956521739,0.2597300154866671,37.62233796396424,38.59456896329064
0.15000000000000002,18.5,0.004968944099378883,0.5826086956521739,0.2540929132341959,37.62233796396424,38.59456896329064
0.15000000000000002,19.0,0.004968944099378883,0.5826086956521739,0.24842279424490313,37.62233796396424,38.59456896329064
0.15000000000000002,19.5,0.004968944099378883,0.5826086956521739,0.24271849625230144,37.62233796396424,38.59456896329064
0.15000000000000002,20.0,0.004968944099378883,0.5826086956521739,0.23697883245857285,37.62233796396424,38.59456896329064
0.15000000000000002,20.5,0.004968944099378883,0.5826086956521739,0.23120259046164798,37.62233796396424,38.59456896329064
0.15000000000000002,21.0,0.004968944099378883,0.5826086956521739,0.2253885311408572,37.62233796396424,38.59456896329064
0.15000000000000002,21.5,0.004968944099378883,0.5826086956521739,0.2195353874988721,37.62233796396424,38.59456896329064
0.15000000000000002,22.0,0.004968944099378883,0.5826086956521739,0.2136418634575298,37.62233796396424,38.59456896329064
0.15000000000000002,22.5,0.004968944099378883,0.5826086956521739,0.20770663260499186,37.62233796396424,38.59456896329064
0.15000000000000002,23.0,0.004968944099378883,0.5826086956521739,0.2017283368915471,37.62233796396424,38.59456896329064
0.15000000000000002,23.5,0.004968944099378883,0.5826086956521739,0.19570558527120768,37.62233796396424,38.59456896329064
0.15000000000000002,24.0,0.004968944099378883,0.5826086956521739,0.18963695228608268,37.62233796396424,38.59456896329064
0.15000000000000002,24.5,0.004968944099378883,0.5826086956521739,0.18352097659033273,37.62233796396424,38.59456896329064
0.15000000000000002,25.0,0.004968944099378883,0.5826086956521739,0.17735615941031763,37.62233796396424,38.59456896329064
0.15000000000000002,25.5,0.004968944099378883,0.5826086956521739,0.1711409629373452,37.62233796396424,38.59456896329064
0.15000000000000002,26.0,0.004968944099378883,0.5826086956521739,0.16487380864920625,37.62233796396424,38.59456896329064
0.15000000000000002,26.5,0.004968944099378883,0.5826086956521739,0.15855307555644804,37.62233796396424,38.59456896329064
0.15000000000000002,27.0,0.004968944099378883,0.5826086956521739,0.15217709836908438,37.62233796396424,38.59456896329064
0.15000000000000002,27.5,0.004968944099378883,0.5826086956521739,0.14574416557916903,37.62233796396424,38.59456896329064
0.15000000000000002,28.0,0.004968944099378883,0.5826086956521739,0.13925251745436834,37.62233796396424,38.59456896329064
0.15000000000000002,28.5,0.004968944099378883,0.5826086956521739,0.1327003439373579,37.62233796396424,38.59456896329064
0.15000000000000002,29.0,0.004968944099378883,0.5826086956521739,0.12608578244552965,37.62233796396424,38.59456896329064
0.15000000000000002,29.5,0.004968944099378883,0.5826086956521739,0.11940691556513766,37.62233796396424,38.59456896329064
0.15000000000000002,30.0,0.004968944099378883,0.5826086956521739,0.11266176863362182,37.62233796396424,38.59456896329064
0.15000000000000002,30.5,0.004968944099378883,0.5826086956521739,0.10584830720343058,37.62233796396424,38.59456896329064
0.15000000000000002,31.0,0.004968944099378883,0.5826086956521739,0.0989644343802164,37.62233796396424,38.59456896329064
0.15000000000000002,31.5,0.004968944099378883,0.5826086956521739,0.0920079880277912,37.62233796396424,38.59456896329064
0.15000000000000002,32.0,0.004968944099378883,0.5826086956521739,0.08497673783170867,37.62233796396424,38.59456896329064
0.15000000000000002,32.5,0.004968944099378883,0.5826086956521739,0.07786838221277731,37.62233796396424,38.59456896329064
0.15000000000000002,33.0,0.004968944099378883,0.5826086956521739,0.07068054508120192,37.62233796396424,38.59456896329064
0.15000000000000002,33.5,0.004968944099378883,0.5826086956521739,0.0634107724213922,37.62233796396424,38.59456896329064
0.15000000000000002,34.0,0.004968944099378883,0.5826086956521739,0.056056528696772634,37.62233796396424,38.59456896329064
0.15000000000000002,34.5,0.004968944099378883,0.5826086956521739,0.048615193063159645,37.62233796396424,38.59456896329064
0.15000000000000002,35.0,0.004968944099378883,0.5826086956521739,0.04108405537844245,37.62233796396424,38.59456896329064
0.15000000000000002,35.5,0.004968944099378883,0.5826086956521739,0.033460311995409386,37.62233796396424,38.59456896329064
0.15000000000000002,36.0,0.004968944099378883,0.5826086956521739,0.02574106132358489,37.62233796396424,38.59456896329064
0.15000000000000002,36.5,0.004968944099378883,0.5826086956521739,0.0179232991448936,37.62233796396424,38.59456896329064
0.15000000000000002,37.0,0.004968944099378883,0.5826086956521739,0.010003913666819353,37.62233796396424,38.59456896329064
0.15000000000000002,37.5,0.004968944099378883,0.5826086956521739,0.001979680295487729,37.62233796396424,38.59456896329064
0.15000000000000002,38.0,0.004968944099378883,0.5826086956521739,-0.006152743890248946,37.62233796396424,38.59456896329064
0.15000000000000002,38.5,0.004968944099378883,0.5826086956521739,-0.014396825984113737,37.62233796396424,38.59456896329064
0.15000000000000002,39.0,0.004968944099378883,0.5826086956521739,-0.022756163439078547,37.62233796396424,38.59456896329064
0.15000000000000002,39.5,0.004968944099378883,0.5826086956521739,-0.03123449061913719,37.62233796396424,38.59456896329064
0.15000000000000002,40.0,0.004968944099378883,0.5826086956521739,-0.03983568574179408,37.62233796396424,38.59456896329064
0.2,0.0,0.006611570247933886,0.5834710743801652,0.4473884297520661,37.47992763276579,38.55325721791216
0.2,0.5,0.006611570247933886,0.5834710743801652,0.44229655482621844,37.47992763276579,38.55325721791216
0.2,1.0,0.006611570247933886,0.5834710743801652,0.4372039042650234,37.47992763276579,38.55325721791216
0.2,1.5,0.006611570247933886,0.5834710743801652,0.4321097019604579,37.47992763276579,38.55325721791216
0.2,2.0,0.006611570247933886,0.5834710743801652,0.42701317085853396,37.47992763276579,38.55325721791216
0.2,2.5,0.006611570247933886,0.5834710743801652,0.4219135324847855,37.47992763276579,38.55325721791216
0.2,3.0,0.006611570247933886,0.5834710743801652,0.4168100064679115,37.47992763276579,38.55325721791216
0.2,3.5,0.006611570247933886,0.5834710743801652,0.4117018100609571,37.47992763276579,38.55325721791216
0.2,4.0,0.006611570247933886,0.5834710743801652,0.4065881576594063,37.47992763276579,38.55325721791216
0.2,4.5,0.006611570247933886,0.5834710743801652,0.4014682603155532,37.47992763276579,38.55325721791216
0.2,5.0,0.006611570247933886,0.5834710743801652,0.39634132524851046,37.47992763276579,38.55325721791216
0.2,5.5,0.006611570247933886,0.5834710743801652,0.39120655534920473,37.47992763276579,38.55325721791216
0.2,6.0,0.006611570247933886,0.5834710743801652,0.3860631486796962,37.47992763276579,38.55325721791216
0.2,6.5,0.006611570247933886,0.5834710743801652,0.38091029796614734,37.47992763276579,38.55325721791216
0.2,7.0,0.006611570247933886,0.5834710743801652,0.37574719008475155,37.47992763276579,38.55325721791216
0.2,7.5,0.006611570247933886,0.5834710743801652,0.3705730055399161,37.47992763276579,38.55325721791216
0.2,8.0,0.006611570247933886,0.5834710743801652,0.36538691793397654,37.47992763276579,38.55325721791216
0.2,8.5,0.006611570247933886,0.5834710743801652,0.360188093427699,37.47992763276579,38.55325721791216
0.2,9.0,0.006611570247933886,0.5834710743801652,0.35497569019080777,37.47992763276579,38.55325721791216
0.2,9.5,0.006611570247933886,0.5834710743801652,0.34974885784175025,37.47992763276579,38.55325721791216
0.2,10.0,0.006611570247933886,0.5834710743801652,0.3445067368758874,37.47992763276579,38.55325721791216
0.2,10.5,0.006611570247933886,0.5834710743801652,0.33924845808127,37.47992763276579,38.55325721791216
0.2,11.0,0.006611570247933886,0.5834710743801652,0.33397314194113287,37.47992763276579,38.55325721791216
0.2,11.5,0.006611570247933886,0.5834710743801652,0.3286798980222052,37.47992763276579,38.55325721791216
0.2,12.0,0.006611570247933886,0.5834710743801652,0.32336782434790445,37.47992763276579,38.55325721791216
0.2,12.5,0.006611570247933886,0.5834710743801652,0.3180360067554417,37.47992763276579,38.55325721791216
0.2,13.0,0.006611570247933886,0.5834710743801652,0.31268351823582846,37.47992763276579,38.55325721791216
0.2,13.5,0.006611570247933886,0.5834710743801652,0.307309418255734,37.47992763276579,38.55325721791216
0.2,14.0,0.006611570247933886,0.5834710743801652,0.3019127520600946,37.47992763276579,38.55325721791216
0.2,14.5,0.006611570247933886,0.5834710743801652,0.29649254995433183,37.47992763276579,38.55325721791216
0.2,15.0,0.006611570247933886,0.5834710743801652,0.2910478265649813,37.47992763276579,38.55325721791216
0.2,15.5,0.006611570247933886,0.5834710743801652,0.2855775800774827,37.47992763276579,38.55325721791216
0.2,16.0,0.006611570247933886,0.5834710743801652,0.2800807914498195,37.47992763276579,38.55325721791216
0.2,16.5,0.006611570247933886,0.5834710743801652,0.2745564236006375,37.47992763276579,38.55325721791216
0.2,17.0,0.006611570247933886,0.5834710743801652,0.2690034205704015,37.47992763276579,38.55325721791216
0.2,17.5,0.006611570247933886,0.5834710743801652,0.2634207066540807,37.47992763276579,38.55325721791216
0.2,18.0,0.006611570247933886,0.5834710743801652,0.25780718550377535,37.47992763276579,38.55325721791216
0.2,18.5,0.006611570247933886,0.5834710743801652,0.2521617391996168,37.47992763276579,38.55325721791216
0.2,19.0,0.006611570247933886,0.5834710743801652,0.24648322728718705,37.47992763276579,38.55325721791216
0.2,19.5,0.006611570247933886,0.5834710743801652,0.24077048577960927,37.47992763276579,38.55325721791216
0.2,20.0,0.006611570247933886,0.5834710743801652,0.2350223261223646,37.47992763276579,38.55325721791216
0.2,20.5,0.006611570247933886,0.5834710743801652,0.2292375341187834,37.47992763276579,38.55325721791216
0.2,21.0,0.006611570247933886,0.5834710743801652,0.22341486881404668,37.47992763276579,38.55325721791216
0.2,21.5,0.006611570247933886,0.5834710743801652,0.2175530613354138,37.47992763276579,38.55325721791216
0.2,22.0,0.006611570247933886,0.5834710743801652,0.2116508136862639,37.47992763276579,38.55325721791216
0.2,22.5,0.006611570247933886,0.5834710743801652,0.20570679749140078,37.47992763276579,38.55325721791216
0.2,23.0,0.006611570247933886,0.5834710743801652,0.19971965269092484,37.47992763276579,38.55325721791216
0.2,23.5,0.006611570247933886,0.5834710743801652,0.19368798617981892,37.47992763276579,38.55325721791216
0.2,24.0,0.006611570247933886,0.5834710743801652,0.187610370390226,37.47992763276579,38.55325721791216
0.2,24.5,0.006611570247933886,0.5834710743801652,0.18148534181321924,37.47992763276579,38.55325721791216
0.2,25.0,0.006611570247933886,0.5834710743801652,0.1753113994566703,37.47992763276579,38.55325721791216
0.2,25.5,0.006611570247933886,0.5834710743801652,0.16908700323561898,37.47992763276579,38.55325721791216
0.2,26.0,0.006611570247933886,0.5834710743801652,0.16281057229132384,37.47992763276579,38.55325721791216
0.2,26.5,0.006611570247933886,0.5834710743801652,0.15648048323494002,37.47992763276579,38.55325721791216
0.2,27.0,0.006611570247933886,0.5834710743801652,0.15009506831151515,37.47992763276579,38.55325721791216
0.2,27.5,0.006611570247933886,0.5834710743801652,0.14365261347972497,37.47992763276579,38.55325721791216
0.2,28.0,0.006611570247933886,0.5834710743801652,0.13715135640247605,37.47992763276579,38.55325721791216
0.2,28.5,0.006611570247933886,0.5834710743801652,0.130589484343193,37.47992763276579,38.55325721791216
0.2,29.0,0.006611570247933886,0.5834710743801652,0.12396513196226872,37.47992763276579,38.55325721791216
0.2,29.5,0.006611570247933886,0.5834710743801652,0.11727637900779697,37.47992763276579,38.55325721791216
0.2,30.0,0.006611570247933886,0.5834710743801652,0.11052124789431761,37.47992763276579,38.55325721791216
0.2,30.5,0.006611570247933886,0.5834710743801652,0.10369770116288518,37.47992763276579,38.55325721791216
0.2,31.0,0.006611570247933886,0.5834710743801652,0.09680363881532433,37.47992763276579,38.55325721791216
0.2,31.5,0.006611570247933886,0.5834710743801652,0.08983689551504798,37.47992763276579,38.55325721791216
0.2,32.0,0.006611570247933886,0.5834710743801652,0.08279523764629326,37.47992763276579,38.55325721791216
0.2,32.5,0.006611570247933886,0.5834710743801652,0.07567636022306601,37.47992763276579,38.55325721791216
0.2,33.0,0.006611570247933886,0.5834710743801652,0.06847788363847729,37.47992763276579,38.55325721791216
0.2,33.5,0.006611570247933886,0.5834710743801652,0.061197350244497406,37.47992763276579,38.55325721791216
0.2,34.0,0.006611570247933886,0.5834710743801652,0.05383222075144367,37.47992763276579,38.55325721791216
0.2,34.5,0.006611570247933886,0.5834710743801652,0.04637987043575309,37.47992763276579,38.55325721791216
0.2,35.0,0.006611570247933886,0.5834710743801652,0.03883758514375618,37.47992763276579,38.55325721791216
0.2,35.5,0.006611570247933886,0.5834710743801652,0.031202557078276294,37.47992763276579,38.55325721791216
0.2,36.0,0.006611570247933886,0.5834710743801652,0.023471880353896968,37.47992763276579,38.55325721791216
0.2,36.5,0.006611570247933886,0.5834710743801652,0.015642546305692395,37.47992763276579,38.55325721791216
0.2,37.0,0.006611570247933886,0.5834710743801652,0.0077114385350639525,37.47992763276579,38.55325721791216
0.2,37.5,0.006611570247933886,0.5834710743801652,-0.00032467232491401044,37.47992763276579,38.55325721791216
0.2,38.0,0.006611570247933886,0.5834710743801652,-0.008469134143588797,37.47992763276579,38.55325721791216
0.2,38.5,0.006611570247933886,0.5834710743801652,-0.01672541914668335,37.47992763276579,38.55325721791216
0.2,39.0,0.006611570247933886,0.5834710743801652,-0.025097130112127997,37.47992763276579,38.55325721791216
0.2,39.5,0.006611570247933886,0.5834710743801652,-0.03358800693153047,37.47992763276579,38.55325721791216
0.2,40.0,0.006611570247933886,0.5834710743801652,-0.042201933562941774,37.47992763276579,38.55325721791216
0.25,0.0,0.008247422680412371,0.5843298969072164,0.4457525773195876,37.33798317643731,38.51218998618229
0.25,0.5,0.008247422680412371,0.5843298969072164,0.4406532075630906,37.33798317643731,38.51218998618229
0.25,1.0,0.008247422680412371,0.5843298969072164,0.4355530610295735,37.33798317643731,38.51218998618229
0.25,1.5,0.008247422680412371,0.5843298969072164,0.4304513604686442,37.33798317643731,38.51218998618229
0.25,2.0,0.008247422680412371,0.5843298969072164,0.425347327682554,37.33798317643731,38.51218998618229
0.25,2.5,0.008247422680412371,0.5843298969072164,0.42024018305098493,37.33798317643731,38.51218998618229
0.25,3.0,0.008247422680412371,0.5843298969072164,0.415129145053992,37.33798317643731,38.51218998618229
0.25,3.5,0.008247422680412371,0.5843298969072164,0.4100134297924799,37.33798317643731,38.51218998618229
0.25,4.0,0.008247422680412371,0.5843298969072164,0.40489225050558586,37.33798317643731,38.51218998618229
0.25,4.5,0.008247422680412371,0.5843298969072164,0.39976481708433637,37.33798317643731,38.51218998618229
0.25,5.0,0.008247422680412371,0.5843298969072164,0.3946303355809343,37.33798317643731,38.51218998618229
0.25,5.5,0.008247422680412371,0.5843298969072164,0.3894880077130259,37.33798317643731,38.51218998618229
0.25,6.0,0.008247422680412371,0.5843298969072164,0.38433703036228306,37.33798317643731,38.51218998618229
0.25,6.5,0.008247422680412371,0.5843298969072164,0.37917659506662615,37.33798317643731,38.51218998618229
0.25,7.0,0.008247422680412371,0.5843298969072164,0.37400588750539554,37.33798317643731,38.51218998618229
0.25,7.5,0.008247422680412371,0.5843298969072164,0.36882408697676705,37.33798317643731,38.51218998618229
0.25,8.0,0.008247422680412371,0.5843298969072164,0.36363036586668507,37.33798317643731,38.51218998618229
0.25,8.5,0.008247422680412371,0.5843298969072164,0.3584238891085715,37.33798317643731,38.51218998618229
0.25,9.0,0.008247422680412371,0.5843298969072164,0.3532038136330442,37.33798317643731,38.51218998618229
0.25,9.5,0.008247422680412371,0.5843298969072164,0.3479692878068571,37.33798317643731,38.51218998618229
0.25,10.0,0.008247422680412371,0.5843298969072164,0.3427194508602496,37.33798317643731,38.51218998618229
0.25,10.5,0.008247422680412371,0.5843298969072164,0.3374534323018622,37.33798317643731,38.51218998618229
0.25,11.0,0.008247422680412371,0.5843298969072164,0.3321703513203517,37.33798317643731,38.51218998618229
0.25,11.5,0.008247422680412371,0.5843298969072164,0.32686931617180126,37.33798317643731,38.51218998618229
0.25,12.0,0.008247422680412371,0.5843298969072164,0.32154942355199123,37.33798317643731,38.51218998618229
0.25,12.5,0.008247422680412371,0.5843298969072164,0.31620975795255846,37.33798317643731,38.51218998618229
0.25,13.0,0.008247422680412371,0.5843298969072164,0.3108493910000318,37.33798317643731,38.51218998618229
0.25,13.5,0.008247422680412371,0.5843298969072164,0.305467380776691,37.33798317643731,38.51218998618229
0.25,14.0,0.008247422680412371,0.5843298969072164,0.3000627711221497,37.33798317643731,38.51218998618229
0.25,14.5,0.008247422680412371,0.5843298969072164,0.29463459091451694,37.33798317643731,38.51218998618229
0.25,15.0,0.008247422680412371,0.5843298969072164,0.28918185332993784,37.33798317643731,38.51218998618229
0.25,15.5,0.008247422680412371,0.5843298969072164,0.2837035550792614,37.33798317643731,38.51218998618229
0.25,16.0,0.008247422680412371,0.5843298969072164,0.27819867562052336,37.33798317643731,38.51218998618229
0.25,16.5,0.008247422680412371,0.5843298969072164,0.272666176345869,37.33798317643731,38.51218998618229
0.25,17.0,0.008247422680412371,0.5843298969072164,0.2671049997414756,37.33798317643731,38.51218998618229
0.25,17.5,0.008247422680412371,0.5843298969072164,0.261514068518961,37.33798317643731,38.51218998618229
0.25,18.0,0.008247422680412371,0.5843298969072164,0.25589228471668946,37.33798317643731,38.51218998618229
0.25,18.5,0.008247422680412371,0.5843298969072164,0.2502385287693041,37.33798317643731,38.51218998618229
0.25,19.0,0.008247422680412371,0.5843298969072164,0.24455165854372965,37.33798317643731,38.51218998618229
0.25,19.5,0.008247422680412371,0.5843298969072164,0.23883050833979422,37.33798317643731,38.51218998618229
0.25,20.0,0.008247422680412371,0.5843298969072164,0.2330738878535222,37.33798317643731,38.51218998618229
0.25,20.5,0.008247422680412371,0.5843298969072164,0.22728058110104404,37.33798317643731,38.51218998618229
0.25,21.0,0.008247422680412371,0.5843298969072164,0.22144934530095503,37.33798317643731,38.51218998618229
0.25,21.5,0.008247422680412371,0.5843298969072164,0.21557890971283575,37.33798317643731,38.51218998618229
0.25,22.0,0.008247422680412371,0.5843298969072164,0.20966797442951873,37.33798317643731,38.51218998618229
0.25,22.5,0.008247422680412371,0.5843298969072164,0.20371520912054616,37.33798317643731,38.51218998618229
0.25,23.0,0.008247422680412371,0.5843298969072164,0.19771925172411967,37.33798317643731,38.51218998618229
0.25,23.5,0.008247422680412371,0.5843298969072164,0.19167870708468338,37.33798317643731,38.51218998618229
0.25,24.0,0.008247422680412371,0.5843298969072164,0.18559214553311515,37.33798317643731,38.51218998618229
0.25,24.5,0.008247422680412371,0.5843298969072164,0.17945810140632068,37.33798317643731,38.51218998618229
0.25,25.0,0.008247422680412371,0.5843298969072164,0.17327507150283178,37.33798317643731,38.51218998618229
0.25,25.5,0.008247422680412371,0.5843298969072164,0.1670415134708071,37.33798317643731,38.51218998618229
0.25,26.0,0.008247422680412371,0.5843298969072164,0.16075584412460803,37.33798317643731,38.51218998618229
0.25,26.5,0.008247422680412371,0.5843298969072164,0.15441643768589186,37.33798317643731,38.51218998618229
0.25,27.0,0.008247422680412371,0.5843298969072164,0.14802162394490498,37.33798317643731,38.51218998618229
0.25,27.5,0.008247422680412371,0.5843298969072164,0.14156968633739203,37.33798317643731,38.51218998618229
0.25,28.0,0.008247422680412371,0.5843298969072164,0.1350588599322411,37.33798317643731,38.51218998618229
0.25,28.5,0.008247422680412371,0.5843298969072164,0.12848732932467422,37.33798317643731,38.51218998618229
0.25,29.0,0.008247422680412371,0.5843298969072164,0.12185322642945423,37.33798317643731,38.51218998618229
0.25,29.5,0.008247422680412371,0.5843298969072164,0.11515462816821848,37.33798317643731,38.51218998618229
0.25,30.0,0.008247422680412371,0.5843298969072164,0.10838955404466,37.33798317643731,38.51218998618229
0.25,30.5,0.008247422680412371,0.5843298969072164,0.1015559636008575,37.33798317643731,38.51218998618229
0.25,31.0,0.008247422680412371,0.5843298969072164,0.09465175374760704,37.33798317643731,38.51218998618229
0.25,31.5,0.008247422680412371,0.5843298969072164,0.08767475596112023,37.33798317643731,38.51218998618229
0.25,32.0,0.008247422680412371,0.5843298969072164,0.08062273333793119,37.33798317643731,38.51218998618229
0.25,32.5,0.008247422680412371,0.5843298969072164,0.07349337749929169,37.33798317643731,38.51218998618229
0.25,33.0,0.008247422680412371,0.5843298969072164,0.06628430533572272,37.33798317643731,38.51218998618229
0.25,33.5,0.008247422680412371,0.5843298969072164,0.05899305558173412,37.33798317643731,38.51218998618229
0.25,34.0,0.008247422680412371,0.5843298969072164,0.05161708521001307,37.33798317643731,38.51218998618229
0.25,34.5,0.008247422680412371,0.5843298969072164,0.04415376563361417,37.33798317643731,38.51218998618229
0.25,35.0,0.008247422680412371,0.5843298969072164,0.03660037870385219,37.33798317643731,38.51218998618229
0.25,35.5,0.008247422680412371,0.5843298969072164,0.028954112490698403,37.33798317643731,38.51218998618229
0.25,36.0,0.008247422680412371,0.5843298969072164,0.021212056831506787,37.33798317643731,38.51218998618229
0.25,36.5,0.008247422680412371,0.5843298969072164,0.013371198632838421,37.33798317643731,38.51218998618229
0.25,37.0,0.008247422680412371,0.5843298969072164,0.005428416909006528,37.33798317643731,38.51218998618229
0.25,37.5,0.008247422680412371,0.5843298969072164,-0.00261952246028313,37.33798317643731,38.51218998618229
0.25,38.0,0.008247422680412371,0.5843298969072164,-0.01077597227217253,37.33798317643731,38.51218998618229
0.25,38.5,0.008247422680412371,0.5843298969072164,-0.01904440986322181,37.33798317643731,38.51218998618229
0.25,39.0,0.008247422680412371,0.5843298969072164,-0.02742844331436073,37.33798317643731,38.51218998618229
0.25,39.5,0.008247422680412371,0.5843298969072164,-0.035931818022017004,37.33798317643731,38.51218998618229
0.25,40.0,0.008247422680412371,0.5843298969072164,-0.04455842366111562,37.33798317643731,38.51218998618229
0.30000000000000004,0.0,0.009876543209876545,0.5851851851851851,0.4441234567901235,37.19650404647832,38.471365145509665
0.30000000000000004,0.5,0.009876543209876545,0.5851851851851851,0.43901662304590167,37.19650404647832,38.471365145509665
0.30000000000000004,1.0,0.009876543209876545,0.5851851851851851,0.43390901138768506,37.19650404647832,38.471365145509665
0.30000000000000004,1.5,0.009876543209876545,0.5851851851851851,0.4287998434274141,37.19650404647832,38.471365145509665
0.30000000000000004,2.0,0.009876543209876545,0.5851851851851851,0.4236883398282859,37.19650404647832,38.471365145509665
0.30000000000000004,2.5,0.009876543209876545,0.5851851851851851,0.41857371982884606,37.19650404647832,38.471365145509665
0.30000000000000004,3.0,0.009876543209876545,0.5851851851851851,0.41345520076523273,37.19650404647832,38.471365145509665
0.30000000000000004,3.5,0.009876543209876545,0.5851851851851851,0.4083319975909512,37.19650404647832,38.471365145509665
0.30000000000000004,4.0,0.009876543209876545,0.5851851851851851,0.4032033223935507,37.19650404647832,38.471365145509665
0.30000000000000004,4.5,0.009876543209876545,0.5851851851851851,0.398068383907569,37.19650404647832,38.471365145509665
0.30000000000000004,5.0,0.009876543209876545,0.5851851851851851,0.3929263870231013,37.19650404647832,38.471365145509665
0.30000000000000004,5.5,0.009876543209876545,0.5851851851851851,0.3877765322893416,37.19650404647832,38.471365145509665
0.30000000000000004,6.0,0.009876543209876545,0.5851851851851851,0.38261801541243134,37.19650404647832,38.471365145509665
0.30000000000000004,6.5,0.009876543209876545,0.5851851851851851,0.37745002674693834,37.19650404647832,38.471365145509665
0.30000000000000004,7.0,0.009876543209876545,0.5851851851851851,0.37227175078027563,37.19650404647832,38.471365145509665
0.30000000000000004,7.5,0.009876543209876545,0.5851851851851851,0.36708236560935115,37.19650404647832,38.471365145509665
0.30000000000000004,8.0,0.009876543209876545,0.5851851851851851,0.36188104240872404,37.19650404647832,38.471365145509665
0.30000000000000004,8.5,0.009876543209876545,0.5851851851851851,0.3566669448895228,37.19650404647832,38.471365145509665
0.30000000000000004,9.0,0.009876543209876545,0.5851851851851851,0.3514392287483578,37.19650404647832,38.471365145509665
0.30000000000000004,9.5,0.009876543209876545,0.5851851851851851,0.3461970411054409,37.19650404647832,38.471365145509665
0.30000000000000004,10.0,0.009876543209876545,0.5851851851851851,0.34093951993109584,37.19650404647832,38.471365145509665
0.30000000000000004,10.5,0.009876543209876545,0.5851851851851851,0.3356657934598182,37.19650404647832,38.471365145509665
0.30000000000000004,11.0,0.009876543209876545,0.5851851851851851,0.33037497959101414,37.19650404647832,38.471365145509665
0.30000000000000004,11.5,0.009876543209876545,0.5851851851851851,0.32506618527551423,37.19650404647832,38.471365145509665
0.30000000000000004,12.0,0.009876543209876545,0.5851851851851851,0.3197385058869254,37.19650404647832,38.471365145509665
0.30000000000000004,12.5,0.009876543209876545,0.5851851851851851,0.31439102457684753,37.19650404647832,38.471365145509665
0.30000000000000004,13.0,0.009876543209876545,0.5851851851851851,0.3090228116129421,37.19650404647832,38.471365145509665
0.30000000000000004,13.5,0.009876543209876545,0.5851851851851851,0.30363292369879635,37.19650404647832,38.471365145509665
0.30000000000000004,14.0,0.009876543209876545,0.5851851851851851,0.2982204032744844,37.19650404647832,38.471365145509665
0.30000000000000004,14.5,0.009876543209876545,0.5851851851851851,0.2927842777966766,37.19650404647832,38.471365145509665
0.30000000000000004,15.0,0.009876543209876545,0.5851851851851851,0.28732355899709616,37.19650404647832,38.471365145509665
0.30000000000000004,15.5,0.009876543209876545,0.5851851851851851,0.2818372421180699,37.19650404647832,38.471365145509665
0.30000000000000004,16.0,0.009876543209876545,0.5851851851851851,0.27632430512385814,37.19650404647832,38.471365145509665
0.30000000000000004,16.5,0.009876543209876545,0.5851851851851851,0.2707837078863876,37.19650404647832,38.471365145509665
0.30000000000000004,17.0,0.009876543209876545,0.5851851851851851,0.2652143913439444,37.19650404647832,38.471365145509665
0.30000000000000004,17.5,0.009876543209876545,0.5851851851851851,0.25961527663131095,37.19650404647832,38.471365145509665
0.30000000000000004,18.0,0.009876543209876545,0.5851851851851851,0.2539852641797561,37.19650404647832,38.471365145509665
0.30000000000000004,18.5,0.009876543209876545,0.5851851851851851,0.24832323278520663,37.19650404647832,38.471365145509665
0.30000000000000004,19.0,0.009876543209876545,0.5851851851851851,0.2426280386428379,37.19650404647832,38.471365145509665
0.30000000000000004,19.5,0.009876543209876545,0.5851851851851851,0.23689851434623357,37.19650404647832,38.471365145509665
0.30000000000000004,20.0,0.009876543209876545,0.5851851851851851,0.23113346784916067,37.19650404647832,38.471365145509665
0.30000000000000004,20.5,0.009876543209876545,0.5851851851851851,0.22533168138790446,37.19650404647832,38.471365145509665
0.30000000000000004,21.0,0.009876543209876545,0.5851851851851851,0.2194919103619913,37.19650404647832,38.471365145509665
0.30000000000000004,21.5,0.009876543209876545,0.5851851851851851,0.21361288217100907,37.19650404647832,38.471365145509665
0.30000000000000004,22.0,0.009876543209876545,0.5851851851851851,0.20769329500510583,37.19650404647832,38.471365145509665
0.30000000000000004,22.5,0.009876543209876545,0.5851851851851851,0.20173181658660863,37.19650404647832,38.471365145509665
0.30000000000000004,23.0,0.009876543209876545,0.5851851851851851,0.19572708286005852,37.19650404647832,38.471365145509665
0.30000000000000004,23.5,0.009876543209876545,0.5851851851851851,0.18967769662779937,37.19650404647832,38.471365145509665
0.30000000000000004,24.0,0.009876543209876545,0.5851851851851851,0.18358222612809122,37.19650404647832,38.471365145509665
0.30000000000000004,24.5,0.009876543209876545,0.5851851851851851,0.17743920355253695,37.19650404647832,38.471365145509665
0.30000000000000004,25.0,0.009876543209876545,0.5851851851851851,0.17124712349942062,37.19650404647832,38.471365145509665
0.30000000000000004,25.5,0.009876543209876545,0.5851851851851851,0.16500444135934828,37.19650404647832,38.471365145509665
0.30000000000000004,26.0,0.009876543209876545,0.5851851851851851,0.15870957162936017,37.19650404647832,38.471365145509665
0.30000000000000004,26.5,0.009876543209876545,0.5851851851851851,0.15236088615144883,37.19650404647832,38.471365145509665
0.30000000000000004,27.0,0.009876543209876545,0.5851851851851851,0.14595671227116147,37.19650404647832,38.471365145509665
0.30000000000000004,27.5,0.009876543209876545,0.5851851851851851,0.13949533091169425,37.19650404647832,38.471365145509665
0.30000000000000004,28.0,0.009876543209876545,0.5851851851851851,0.13297497455859147,37.19650404647832,38.471365145509665
0.30000000000000004,28.5,0.009876543209876545,0.5851851851851851,0.12639382514985303,37.19650404647832,38.471365145509665
0.30000000000000004,29.0,0.009876543209876545,0.5851851851851851,0.11975001186591056,37.19650404647832,38.471365145509665
0.30000000000000004,29.5,0.009876543209876545,0.5851851851851851,0.11304160881357656,37.19650404647832,38.471365145509665
0.30000000000000004,30.0,0.009876543209876545,0.5851851851851851,0.10626663259767588,37.19650404647832,38.471365145509665
0.30000000000000004,30.5,0.009876543209876545,0.5851851851851851,0.09942303977365297,37.19650404647832,38.471365145509665
0.30000000000000004,31.0,0.009876543209876545,0.5851851851851851,0.09250872417399558,37.19650404647832,38.471365145509665
0.30000000000000004,31.5,0.009876543209876545,0.5851851851851851,0.08552151410082998,37.19650404647832,38.471365145509665
0.30000000000000004,32.0,0.009876543209876545,0.5851851851851851,0.07845916937651709,37.19650404647832,38.471365145509665
0.30000000000000004,32.5,0.009876543209876545,0.5851851851851851,0.07131937824351642,37.19650404647832,38.471365145509665
0.30000000000000004,33.0,0.009876543209876545,0.5851851851851851,0.06409975410417285,37.19650404647832,38.471365145509665
0.30000000000000004,33.5,0.009876543209876545,0.5851851851851851,0.05679783209042255,37.19650404647832,38.471365145509665
0.30000000000000004,34.0,0.009876543209876545,0.5851851851851851,0.04941106545270352,37.19650404647832,38.471365145509665
0.30000000000000004,34.5,0.009876543209876545,0.5851851851851851,0.04193682175658697,37.19650404647832,38.471365145509665
0.30000000000000004,35.0,0.009876543209876545,0.5851851851851851,0.034372378874811926,37.19650404647832,38.471365145509665
0.30000000000000004,35.5,0.009876543209876545,0.5851851851851851,0.02671492076150561,37.19650404647832,38.471365145509665
0.30000000000000004,36.0,0.009876543209876545,0.5851851851851851,0.018961532994393904,37.19650404647832,38.471365145509665
0.30000000000000004,36.5,0.009876543209876545,0.5851851851851851,0.011109198069749304,37.19650404647832,38.471365145509665
0.30000000000000004,37.0,0.009876543209876545,0.5851851851851851,0.0031547904336736154,37.19650404647832,38.471365145509665
0.30000000000000004,37.5,0.009876543209876545,0.5851851851851851,-0.004904928767934746,37.19650404647832,38.471365145509665
0.30000000000000004,38.0,0.009876543209876545,0.5851851851851851,-0.013073317239733317,37.19650404647832,38.471365145509665
0.30000000000000004,38.5,0.009876543209876545,0.5851851851851851,-0.021353857408087262,37.19650404647832,38.471365145509665
0.30000000000000004,39.0,0.009876543209876545,0.5851851851851851,-0.029750162635102828,37.19650404647832,38.471365145509665
0.30000000000000004,39.5,0.009876543209876545,0.5851851851851851,-0.03826598379937396,37.19650404647832,38.471365145509665
0.30000000000000004,40.0,0.009876543209876545,0.5851851851851851,-0.0469052162691736,37.19650404647832,38.471365145509665
0.35000000000000003,0.0,0.011498973305954827,0.5860369609856262,0.4425010266940452,37.0554896752807,38.43078059730095
0.35000000000000003,0.5,0.011498973305954827,0.5860369609856262,0.43738675961502554,37.0554896752807,38.43078059730095
0.35000000000000003,1.0,0.011498973305954827,0.5860369609856262,0.4322717134897058,37.0554896752807,38.43078059730095
0.35000000000000003,1.5,0.011498973305954827,0.5860369609856262,0.4271551087970309,37.0554896752807,38.43078059730095
0.35000000000000003,2.0,0.011498973305954827,0.5860369609856262,0.42203616506582176,37.0554896752807,38.43078059730095
0.35000000000000003,2.5,0.011498973305954827,0.5860369609856262,0.41691410039817384,37.0554896752807,38.43078059730095
0.35000000000000003,3.0,0.011498973305954827,0.5860369609856262,0.41178813099100625,37.0554896752807,38.43078059730095
0.35000000000000003,3.5,0.011498973305954827,0.5860369609856262,0.40665747065513713,37.0554896752807,38.43078059730095
0.35000000000000003,4.0,0.011498973305954827,0.5860369609856262,0.4015213303312569,37.0554896752807,38.43078059730095
0.35000000000000003,4.5,0.011498973305954827,0.5860369609856262,0.39637891760216404,37.0554896752807,38.43078059730095
0.35000000000000003,5.0,0.011498973305954827,0.5860369609856262,0.3912294362006187,37.0554896752807,38.43078059730095
0.35000000000000003,5.5,0.011498973305954827,0.5860369609856262,0.38607208551216116,37.0554896752807,38.43078059730095
0.35000000000000003,6.0,0.011498973305954827,0.5860369609856262,0.3809060600722299,37.0554896752807,38.43078059730095
0.35000000000000003,6.5,0.011498973305954827,0.5860369609856262,0.3757305490569002,37.0554896752807,38.43078059730095
0.35000000000000003,7.0,0.011498973305954827,0.5860369609856262,0.37054473576655245,37.0554896752807,38.43078059730095
0.35000000000000003,7.5,0.011498973305954827,0.5860369609856262,0.36534779710176024,37.0554896752807,38.43078059730095
0.35000000000000003,8.0,0.011498973305954827,0.5860369609856262,0.3601389030306725,37.0554896752807,38.43078059730095
0.35000000000000003,8.5,0.011498973305954827,0.5860369609856262,0.3549172160471436,37.0554896752807,38.43078059730095
0.35000000000000003,9.0,0.011498973305954827,0.5860369609856262,0.3496818906188447,37.0554896752807,38.43078059730095
0.35000000000000003,9.5,0.011498973305954827,0.5860369609856262,0.34443207262456443,37.0554896752807,38.43078059730095
0.35000000000000003,10.0,0.011498973305954827,0.5860369609856262,0.3391668987798852,37.0554896752807,38.43078059730095
0.35000000000000003,10.5,0.011498973305954827,0.5860369609856262,0.3338854960503903,37.0554896752807,38.43078059730095
0.35000000000000003,11.0,0.011498973305954827,0.5860369609856262,0.3285869810515301,37.0554896752807,38.43078059730095
0.35000000000000003,11.5,0.011498973305954827,0.5860369609856262,0.3232704594342427,37.0554896752807,38.43078059730095
0.35000000000000003,12.0,0.011498973305954827,0.5860369609856262,0.3179350252553916,37.0554896752807,38.43078059730095
0.35000000000000003,12.5,0.011498973305954827,0.5860369609856262,0.31257976033204304,37.0554896752807,38.43078059730095
0.35000000000000003,13.0,0.011498973305954827,0.5860369609856262,0.30720373357857145,37.0554896752807,38.43078059730095
0.35000000000000003,13.5,0.011498973305954827,0.5860369609856262,0.3018060003255337,37.0554896752807,38.43078059730095
0.35000000000000003,14.0,0.011498973305954827,0.5860369609856262,0.296385601619212,37.0554896752807,38.43078059730095
0.35000000000000003,14.5,0.011498973305954827,0.5860369609856262,0.2909415635006754,37.0554896752807,38.43078059730095
0.35000000000000003,15.0,0.011498973305954827,0.5860369609856262,0.2854728962631573,37.0554896752807,38.43078059730095
0.35000000000000003,15.5,0.011498973305954827,0.5860369609856262,0.279978593686493,37.0554896752807,38.43078059730095
0.35000000000000003,16.0,0.011498973305954827,0.5860369609856262,0.27445763224730235,37.0554896752807,38.43078059730095
0.35000000000000003,16.5,0.011498973305954827,0.5860369609856262,0.26890897030353655,37.0554896752807,38.43078059730095
0.35000000000000003,17.0,0.011498973305954827,0.5860369609856262,0.2633315472519473,37.0554896752807,38.43078059730095
0.35000000000000003,17.5,0.011498973305954827,0.5860369609856262,0.2577242826569571,37.0554896752807,38.43078059730095
0.35000000000000003,18.0,0.011498973305954827,0.5860369609856262,0.25208607534933997,37.0554896752807,38.43078059730095
0.35000000000000003,18.5,0.011498973305954827,0.5860369609856262,0.2464158024930356,37.0554896752807,38.43078059730095
0.35000000000000003,19.0,0.011498973305954827,0.5860369609856262,0.24071231861833584,37.0554896752807,38.43078059730095
0.35000000000000003,19.5,0.011498973305954827,0.5860369609856262,0.23497445461958688,37.0554896752807,38.43078059730095
0.35000000000000003,20.0,0.011498973305954827,0.5860369609856262,0.22920101671545354,37.0554896752807,38.43078059730095
0.35000000000000003,20.5,0.011498973305954827,0.5860369609856262,0.22339078536968535,37.0554896752807,38.43078059730095
0.35000000000000003,21.0,0.011498973305954827,0.5860369609856262,0.21754251417021017,37.0554896752807,38.43078059730095
0.35000000000000003,21.5,0.011498973305954827,0.5860369609856262,0.21165492866426172,37.0554896752807,38.43078059730095
0.35000000000000003,22.0,0.011498973305954827,0.5860369609856262,0.2057267251471176,37.0554896752807,38.43078059730095
0.35000000000000003,22.5,0.011498973305954827,0.5860369609856262,0.19975656940188644,37.0554896752807,38.43078059730095
0.35000000000000003,23.0,0.011498973305954827,0.5860369609856262,0.19374309538763618,37.0554896752807,38.43078059730095
0.35000000000000003,23.5,0.011498973305954827,0.5860369609856262,0.18768490387299708,37.0554896752807,38.43078059730095
0.35000000000000003,24.0,0.011498973305954827,0.5860369609856262,0.18158056101220488,37.0554896752807,38.43078059730095
0.35000000000000003,24.5,0.011498973305954827,0.5860369609856262,0.17542859686037032,37.0554896752807,38.43078059730095
0.35000000000000003,25.0,0.011498973305954827,0.5860369609856262,0.16922750382456558,37.0554896752807,38.43078059730095
0.35000000000000003,25.5,0.011498973305954827,0.5860369609856262,0.1629757350471152,37.0554896752807,38.43078059730095
0.35000000000000003,26.0,0.011498973305954827,0.5860369609856262,0.15667170271725495,37.0554896752807,38.43078059730095
0.35000000000000003,26.5,0.011498973305954827,0.5860369609856262,0.1503137763070856,37.0554896752807,38.43078059730095
0.35000000000000003,27.0,0.011498973305954827,0.5860369609856262,0.14390028072749494,37.0554896752807,38.43078059730095
0.35000000000000003,27.5,0.011498973305954827,0.5860369609856262,0.13742949439944896,37.0554896752807,38.43078059730095
0.35000000000000003,28.0,0.011498973305954827,0.5860369609856262,0.13089964723575764,37.0554896752807,38.43078059730095
0.35000000000000003,28.5,0.011498973305954827,0.5860369609856262,0.12430891852811116,37.0554896752807,38.43078059730095
0.35000000000000003,29.0,0.011498973305954827,0.5860369609856262,0.11765543473383933,37.0554896752807,38.43078059730095
0.35000000000000003,29.5,0.011498973305954827,0.5860369609856262,0.11093726715648955,37.0554896752807,38.43078059730095
0.35000000000000003,30.0,0.011498973305954827,0.5860369609856262,0.10415242951392373,37.0554896752807,38.43078059730095
0.35000000000000003,30.5,0.011498973305954827,0.5860369609856262,0.09729887538721721,37.0554896752807,38.43078059730095
0.35000000000000003,31.0,0.011498973305954827,0.5860369609856262,0.09037449554319155,37.0554896752807,38.43078059730095
0.35000000000000003,31.5,0.011498973305954827,0.5860369609856262,0.0833771151229229,37.0554896752807,38.43078059730095
0.35000000000000003,32.0,0.011498973305954827,0.5860369609856262,0.07630449068804512,37.0554896752807,38.43078059730095
0.35000000000000003,32.5,0.011498973305954827,0.5860369609856262,0.0691543071161016,37.0554896752807,38.43078059730095
0.35000000000000003,33.0,0.011498973305954827,0.5860369609856262,0.061924174335586224,37.0554896752807,38.43078059730095
0.35000000000000003,33.5,0.011498973305954827,0.5860369609856262,0.05461162389065638,37.0554896752807,38.43078059730095
0.35000000000000003,34.0,0.011498973305954827,0.5860369609856262,0.047214105324787425,37.0554896752807,38.43078059730095
0.35000000000000003,34.5,0.011498973305954827,0.5860369609856262,0.039728982371867894,37.0554896752807,38.43078059730095
0.35000000000000003,35.0,0.011498973305954827,0.5860369609856262,0.032153528942400145,37.0554896752807,38.43078059730095
0.35000000000000003,35.5,0.011498973305954827,0.5860369609856262,0.02448492489157028,37.0554896752807,38.43078059730095
0.35000000000000003,36.0,0.011498973305954827,0.5860369609856262,0.016720251554969312,37.0554896752807,38.43078059730095
0.35000000000000003,36.5,0.011498973305954827,0.5860369609856262,0.008856487036693339,37.0554896752807,38.43078059730095
0.35000000000000003,37.0,0.011498973305954827,0.5860369609856262,0.0008905012333933482,37.0554896752807,38.43078059730095
0.35000000000000003,37.5,0.011498973305954827,0.5860369609856262,-0.0071809494233988636,37.0554896752807,38.43078059730095
0.35000000000000003,38.0,0.011498973305954827,0.5860369609856262,-0.015361227525702459,37.0554896752807,38.43078059730095
0.35000000000000003,38.5,0.011498973305954827,0.5860369609856262,-0.023653820568784845,37.0554896752807,38.43078059730095
0.35000000000000003,39.0,0.011498973305954827,0.5860369609856262,-0.03206234717424017,37.0554896752807,38.43078059730095
0.35000000000000003,39.5,0.011498973305954827,0.5860369609856262,-0.04059056368031466,37.0554896752807,38.43078059730095
0.35000000000000003,40.0,0.011498973305954827,0.5860369609856262,-0.049242371125247764,37.0554896752807,38.43078059730095
0.4,0.0,0.01311475409836066,0.5868852459016393,0.44088524590163936,36.9149394764378,38.39043426663013
0.4,0.5,0.01311475409836066,0.5868852459016393,0.4357635759523088,36.9149394764378,38.39043426663013
0.4,1.0,0.01311475409836066,0.5868852459016393,0.4306411258290133,36.9149394764378,38.39043426663013
0.4,1.5,0.01311475409836066,0.5868852459016393,0.42551711488234606,36.9149394764378,38.39043426663013
0.4,2.0,0.01311475409836066,0.5868852459016393,0.42039076151140053,36.9149394764378,38.39043426663013
0.4,2.5,0.01311475409836066,0.5868852459016393,0.4152612826864798,36.9149394764378,38.39043426663013
0.4,3.0,0.01311475409836066,0.5868852459016393,0.4101278934699529,36.9149394764378,38.39043426663013
0.4,3.5,0.01311475409836066,0.5868852459016393,0.4049898065346338,36.9149394764378,38.39043426663013
0.4,4.0,0.01311475409836066,0.5868852459016393,0.39984623167905453,36.9149394764378,38.39043426663013
0.4,4.5,0.01311475409836066,0.5868852459016393,0.39469637533899443,36.9149394764378,38.39043426663013
0.4,5.0,0.01311475409836066,0.5868852459016393,0.38953944009462166,36.9149394764378,38.39043426663013
0.4,5.5,0.01311475409836066,0.5868852459016393,0.3843746241725921,36.9149394764378,38.39043426663013
0.4,6.0,0.01311475409836066,0.5868852459016393,0.3792011209424391,36.9149394764378,38.39043426663013
0.4,6.5,0.01311475409836066,0.5868852459016393,0.3740181184065753,36.9149394764378,38.39043426663013
0.4,7.0,0.01311475409836066,0.5868852459016393,0.3688247986832134,36.9149394764378,38.39043426663013
0.4,7.5,0.01311475409836066,0.5868852459016393,0.3636203374814956,36.9149394764378,38.39043426663013
0.4,8.0,0.01311475409836066,0.5868852459016393,0.3584039035681047,36.9149394764378,38.39043426663013
0.4,8.5,0.01311475409836066,0.5868852459016393,0.35317465822461025,36.9149394764378,38.39043426663013
0.4,9.0,0.01311475409836066,0.5868852459016393,0.3479317546947804,36.9149394764378,38.39043426663013
0.4,9.5,0.01311475409836066,0.5868852459016393,0.3426743376210685,36.9149394764378,38.39043426663013
0.4,10.0,0.01311475409836066,0.5868852459016393,0.3374015424694583,36.9149394764378,38.39043426663013
0.4,10.5,0.01311475409836066,0.5868852459016393,0.3321124949418208,36.9149394764378,38.39043426663013
0.4,11.0,0.01311475409836066,0.5868852459016393,0.3268063103749128,36.9149394764378,38.39043426663013
0.4,11.5,0.01311475409836066,0.5868852459016393,0.3214820931251076,36.9149394764378,38.39043426663013
0.4,12.0,0.01311475409836066,0.5868852459016393,0.3161389359379215,36.9149394764378,38.39043426663013
0.4,12.5,0.01311475409836066,0.5868852459016393,0.3107759193013566,36.9149394764378,38.39043426663013
0.4,13.0,0.01311475409836066,0.5868852459016393,0.3053921107820466,36.9149394764378,38.39043426663013
0.4,13.5,0.01311475409836066,0.5868852459016393,0.2999865643431451,36.9149394764378,38.39043426663013
0.4,14.0,0.01311475409836066,0.5868852459016393,0.2945583196428546,36.9149394764378,38.39043426663013
0.4,14.5,0.01311475409836066,0.5868852459016393,0.28910640131244475,36.9149394764378,38.39043426663013
0.4,15.0,0.01311475409836066,0.5868852459016393,0.2836298182125543,36.9149394764378,38.39043426663013
0.4,15.5,0.01311475409836066,0.5868852459016393,0.27812756266652106,36.9149394764378,38.39043426663013
0.4,16.0,0.01311475409836066,0.5868852459016393,0.27259860966942095,36.9149394764378,38.39043426663013
0.4,16.5,0.01311475409836066,0.5868852459016393,0.2670419160714349,36.9149394764378,38.39043426663013
0.4,17.0,0.01311475409836066,0.5868852459016393,0.2614564197340977,36.9149394764378,38.39043426663013
0.4,17.5,0.01311475409836066,0.5868852459016393,0.2558410386579081,36.9149394764378,38.39043426663013
0.4,18.0,0.01311475409836066,0.5868852459016393,0.2501946700797042,36.9149394764378,38.39043426663013
0.4,18.5,0.01311475409836066,0.5868852459016393,0.2445161895381276,36.9149394764378,38.39043426663013
0.4,19.0,0.01311475409836066,0.5868852459016393,0.2388044499054096,36.9149394764378,38.39043426663013
0.4,19.5,0.01311475409836066,0.5868852459016393,0.23305828038362317,36.9149394764378,38.39043426663013
0.4,20.0,0.01311475409836066,0.5868852459016393,0.22727648546344195,36.9149394764378,38.39043426663013
0.4,20.5,0.01311475409836066,0.5868852459016393,0.22145784384334416,36.9149394764378,38.39043426663013
0.4,21.0,0.01311475409836066,0.5868852459016393,0.2156011073070839,36.9149394764378,38.39043426663013
0.4,21.5,0.01311475409836066,0.5868852459016393,0.2097049995571322,36.9149394764378,38.39043426663013
0.4,22.0,0.01311475409836066,0.5868852459016393,0.20376821500166212,36.9149394764378,38.39043426663013
0.4,22.5,0.01311475409836066,0.5868852459016393,0.19778941749251147,36.9149394764378,38.39043426663013
0.4,23.0,0.01311475409836066,0.5868852459016393,0.19176723901141235,36.9149394764378,38.39043426663013
0.4,23.5,0.01311475409836066,0.5868852459016393,0.18570027830161606,36.9149394764378,38.39043426663013
0.4,24.0,0.01311475409836066,0.5868852459016393,0.1795870994418755,36.9149394764378,38.39043426663013
0.4,24.5,0.01311475409836066,0.5868852459016393,0.17342623035956511,36.9149394764378,38.39043426663013
0.4,25.0,0.01311475409836066,0.5868852459016393,0.1672161612795255,36.9149394764378,38.39043426663013
0.4,25.5,0.01311475409836066,0.5868852459016393,0.16095534310501425,36.9149394764378,38.39043426663013
0.4,26.0,0.01311475409836066,0.5868852459016393,0.15464218572692073,36.9149394764378,38.39043426663013
0.4,26.5,0.01311475409836066,0.5868852459016393,0.14827505625716653,36.9149394764378,38.39043426663013
0.4,27.0,0.01311475409836066,0.5868852459016393,0.14185227718195825,36.9149394764378,38.39043426663013
0.4,27.5,0.01311475409836066,0.5868852459016393,0.13537212443028668,36.9149394764378,38.39043426663013
0.4,28.0,0.01311475409836066,0.5868852459016393,0.12883282535277152,36.9149394764378,38.39043426663013
0.4,28.5,0.01311475409836066,0.5868852459016393,0.1222325566056387,36.9149394764378,38.39043426663013
0.4,29.0,0.01311475409836066,0.5868852459016393,0.1155694419342766,36.9149394764378,38.39043426663013
0.4,29.5,0.01311475409836066,0.5868852459016393,0.10884154985045624,36.9149394764378,38.39043426663013
0.4,30.0,0.01311475409836066,0.5868852459016393,0.10204689119690824,36.9149394764378,38.39043426663013
0.4,30.5,0.01311475409836066,0.5868852459016393,0.09518341659252916,36.9149394764378,38.39043426663013
0.4,31.0,0.01311475409836066,0.5868852459016393,0.08824901375103839,36.9149394764378,38.39043426663013
0.4,31.5,0.01311475409836066,0.5868852459016393,0.08124150466541702,36.9149394764378,38.39043426663013
0.4,32.0,0.01311475409836066,0.5868852459016393,0.07415864264993577,36.9149394764378,38.39043426663013
0.4,32.5,0.01311475409836066,0.5868852459016393,0.06699810923101224,36.9149394764378,38.39043426663013
0.4,33.0,0.01311475409836066,0.5868852459016393,0.05975751087752662,36.9149394764378,38.39043426663013
0.4,33.5,0.01311475409836066,0.5868852459016393,0.05243437556056141,36.9149394764378,38.39043426663013
0.4,34.0,0.01311475409836066,0.5868852459016393,0.04502614913182179,36.9149394764378,38.39043426663013
0.4,34.5,0.01311475409836066,0.5868852459016393,0.037530191509217325,36.9149394764378,38.39043426663013
0.4,35.0,0.01311475409836066,0.5868852459016393,0.0299437726572524,36.9149394764378,38.39043426663013
0.4,35.5,0.01311475409836066,0.5868852459016393,0.02226406834897071,36.9149394764378,38.39043426663013
0.4,36.0,0.01311475409836066,0.5868852459016393,0.014488155695214555,36.9149394764378,38.39043426663013
0.4,36.5,0.01311475409836066,0.5868852459016393,0.006613008425904066,36.9149394764378,38.39043426663013
0.4,37.0,0.01311475409836066,0.5868852459016393,-0.0013645080931152243,36.9149394764378,38.39043426663013
0.4,37.5,0.01311475409836066,0.5868852459016393,-0.009447642125356981,36.9149394764378,38.39043426663013
0.4,38.0,0.01311475409836066,0.5868852459016393,-0.017639761130171794,36.9149394764378,38.39043426663013
0.4,38.5,0.01311475409836066,0.5868852459016393,-0.02594435765095504,36.9149394764378,38.39043426663013
0.4,39.0,0.01311475409836066,0.5868852459016393,-0.03436505554723357,36.9149394764378,38.39043426663013
0.4,39.5,0.01311475409836066,0.5868852459016393,-0.04290561659453018,36.9149394764378,38.39043426663013
0.4,40.0,0.01311475409836066,0.5868852459016393,-0.051569947477813405,36.9149394764378,38.39043426663013
0.45,0.0,0.0147239263803681,0.5877300613496932,0.4392760736196319,36.774852845051804,38.35032410191307
0.45,0.5,0.0147239263803681,0.5877300613496932,0.43414703107757857,36.774852845051804,38.35032410191307
0.45,1.0,0.0147239263803681,0.5877300613496932,0.42901720723850767,36.774852845051804,38.35032410191307
0.45,1.5,0.0147239263803681,0.5877300613496932,0.4238858203292754,36.774852845051804,38.35032410191307
0.45,2.0,0.0147239263803681,0.5877300613496932,0.4187520876238685,36.774852845051804,38.35032410191307
0.45,2.5,0.0147239263803681,0.5877300613496932,0.41361522496542663,36.774852845051804,38.35032410191307
0.45,3.0,0.0147239263803681,0.5877300613496932,0.4084744462864089,36.774852845051804,38.35032410191307
0.45,3.5,0.0147239263803681,0.5877300613496932,0.40332896312627975,36.774852845051804,38.35032410191307
0.45,4.0,0.0147239263803681,0.5877300613496932,0.3981779841460841,36.774852845051804,38.35032410191307
0.45,4.5,0.0147239263803681,0.5877300613496932,0.39302071463927335,36.774852845051804,38.35032410191307
0.45,5.0,0.0147239263803681,0.5877300613496932,0.3878563560381379,36.774852845051804,38.35032410191307
0.45,5.5,0.0147239263803681,0.5877300613496932,0.38268410541518894,36.774852845051804,38.35032410191307
0.45,6.0,0.0147239263803681,0.5877300613496932,0.37750315497882325,36.774852845051804,38.35032410191307
0.45,6.5,0.0147239263803681,0.5877300613496932,0.37231269156259117,36.774852845051804,38.35032410191307
0.45,7.0,0.0147239263803681,0.5877300613496932,0.3671118961073726,36.774852845051804,38.35032410191307
0.45,7.5,0.0147239263803681,0.5877300613496932,0.3618999431357514,36.774852845051804,38.35032410191307
0.45,8.0,0.0147239263803681,0.5877300613496932,0.3566760002178583,36.774852845051804,38.35032410191307
0.45,8.5,0.0147239263803681,0.5877300613496932,0.35143922742793593,36.774852845051804,38.35032410191307
0.45,9.0,0.0147239263803681,0.5877300613496932,0.34618877679085536,36.774852845051804,38.35032410191307
0.45,9.5,0.0147239263803681,0.5877300613496932,0.3409237917177914,36.774852845051804,38.35032410191307
0.45,10.0,0.0147239263803681,0.5877300613496932,0.3356434064302396,36.774852845051804,38.35032410191307
0.45,10.5,0.0147239263803681,0.5877300613496932,0.33034674537152764,36.774852845051804,38.35032410191307
0.45,11.0,0.0147239263803681,0.5877300613496932,0.3250329226049483,36.774852845051804,38.35032410191307
0.45,11.5,0.0147239263803681,0.5877300613496932,0.3197010411976049,36.774852845051804,38.35032410191307
0.45,12.0,0.0147239263803681,0.5877300613496932,0.31435019258902996,36.774852845051804,38.35032410191307
0.45,12.5,0.0147239263803681,0.5877300613496932,0.3089794559435973,36.774852845051804,38.35032410191307
0.45,13.0,0.0147239263803681,0.5877300613496932,0.303587897485712,36.774852845051804,38.35032410191307
0.45,13.5,0.0147239263803681,0.5877300613496932,0.2981745698167171,36.774852845051804,38.35032410191307
0.45,14.0,0.0147239263803681,0.5877300613496932,0.2927385112124128,36.774852845051804,38.35032410191307
0.45,14.5,0.0147239263803681,0.5877300613496932,0.287278744900035,36.774852845051804,38.35032410191307
0.45,15.0,0.0147239263803681,0.5877300613496932,0.2817942783134874,36.774852845051804,38.35032410191307
0.45,15.5,0.0147239263803681,0.5877300613496932,0.2762841023255673,36.774852845051804,38.35032410191307
0.45,16.0,0.0147239263803681,0.5877300613496932,0.27074719045586626,36.774852845051804,38.35032410191307
0.45,16.5,0.0147239263803681,0.5877300613496932,0.26518249805296146,36.774852845051804,38.35032410191307
0.45,17.0,0.0147239263803681,0.5877300613496932,0.2595889614494499,36.774852845051804,38.35032410191307
0.45,17.5,0.0147239263803681,0.5877300613496932,0.25396549708830296,36.774852845051804,38.35032410191307
0.45,18.0,0.0147239263803681,0.5877300613496932,0.2483110006189422,36.774852845051804,38.35032410191307
0.45,18.5,0.0147239263803681,0.5877300613496932,0.24262434596135823,36.774852845051804,38.35032410191307
0.45,19.0,0.0147239263803681,0.5877300613496932,0.2369043843365035,36.774852845051804,38.35032410191307
0.45,19.5,0.0147239263803681,0.5877300613496932,0.23114994326109897,36.774852845051804,38.35032410191307
0.45,20.0,0.0147239263803681,0.5877300613496932,0.22535982550489458,36.774852845051804,38.35032410191307
0.45,20.5,0.0147239263803681,0.5877300613496932,0.21953280800831726,36.774852845051804,38.35032410191307
0.45,21.0,0.0147239263803681,0.5877300613496932,0.2136676407583262,36.774852845051804,38.35032410191307
0.45,21.5,0.0147239263803681,0.5877300613496932,0.20776304562017497,36.774852845051804,38.35032410191307
0.45,22.0,0.0147239263803681,0.5877300613496932,0.2018177151226502,36.774852845051804,38.35032410191307
0.45,22.5,0.0147239263803681,0.5877300613496932,0.1958303111942178,36.774852845051804,38.35032410191307
0.45,23.0,0.0147239263803681,0.5877300613496932,0.18979946384736116,36.774852845051804,38.35032410191307
0.45,23.5,0.0147239263803681,0.5877300613496932,0.18372376980823657,36.774852845051804,38.35032410191307
0.45,24.0,0.0147239263803681,0.5877300613496932,0.17760179108860263,36.774852845051804,38.35032410191307
0.45,24.5,0.0147239263803681,0.5877300613496932,0.17143205349679996,36.774852845051804,38.35032410191307
0.45,25.0,0.0147239263803681,0.5877300613496932,0.1652130450843628,36.774852845051804,38.35032410191307
0.45,25.5,0.0147239263803681,0.5877300613496932,0.1589432145246396,36.774852845051804,38.35032410191307
0.45,26.0,0.0147239263803681,0.5877300613496932,0.15262096941957348,36.774852845051804,38.35032410191307
0.45,26.5,0.0147239263803681,0.5877300613496932,0.14624467453055995,36.774852845051804,38.35032410191307
0.45,27.0,0.0147239263803681,0.5877300613496932,0.13981264992904124,36.774852845051804,38.35032410191307
0.45,27.5,0.0147239263803681,0.5877300613496932,0.13332316906222524,36.774852845051804,38.35032410191307
0.45,28.0,0.0147239263803681,0.5877300613496932,0.1267744567290205,36.774852845051804,38.35032410191307
0.45,28.5,0.0147239263803681,0.5877300613496932,0.12016468696096777,36.774852845051804,38.35032410191307
0.45,29.0,0.0147239263803681,0.5877300613496932,0.11349198080260575,36.774852845051804,38.35032410191307
0.45,29.5,0.0147239263803681,0.5877300613496932,0.10675440398534736,36.774852845051804,38.35032410191307
0.45,30.0,0.0147239263803681,0.5877300613496932,0.09994996448855126,36.774852845051804,38.35032410191307
0.45,30.5,0.0147239263803681,0.5877300613496932,0.09307660998105044,36.774852845051804,38.35032410191307
0.45,31.0,0.0147239263803681,0.5877300613496932,0.0861322251359492,36.774852845051804,38.35032410191307
0.45,31.5,0.0147239263803681,0.5877300613496932,0.07911462881100934,36.774852845051804,38.35032410191307
0.45,32.0,0.0147239263803681,0.5877300613496932,0.07202157108641982,36.774852845051804,38.35032410191307
0.45,32.5,0.0147239263803681,0.5877300613496932,0.06485073015117887,36.774852845051804,38.35032410191307
0.45,33.0,0.0147239263803681,0.5877300613496932,0.05759970902870237,36.774852845051804,38.35032410191307
0.45,33.5,0.0147239263803681,0.5877300613496932,0.050266032131612015,36.774852845051804,38.35032410191307
0.45,34.0,0.0147239263803681,0.5877300613496932,0.04284714163494191,36.774852845051804,38.35032410191307
0.45,34.5,0.0147239263803681,0.5877300613496932,0.035340393656229874,36.774852845051804,38.35032410191307
0.45,35.0,0.0147239263803681,0.5877300613496932,0.027743054230121578,36.774852845051804,38.35032410191307
0.45,35.5,0.0147239263803681,0.5877300613496932,0.020052295064214076,36.774852845051804,38.35032410191307
0.45,36.0,0.0147239263803681,0.5877300613496932,0.01226518906188001,36.774852845051804,38.35032410191307
0.45,36.5,0.0147239263803681,0.5877300613496932,0.004378705596753907,36.774852845051804,38.35032410191307
0.45,37.0,0.0147239263803681,0.5877300613496932,-0.00361029447759309,36.774852845051804,38.35032410191307
0.45,37.5,0.0147239263803681,0.5877300613496932,-0.011705064100517804,36.774852845051804,38.35032410191307
0.45,38.0,0.0147239263803681,0.5877300613496932,-0.01990897557879462,36.774852845051804,38.35032410191307
0.45,38.5,0.0147239263803681,0.5877300613496932,-0.0282255264833004,36.774852845051804,38.35032410191307
0.45,39.0,0.0147239263803681,0.5877300613496932,-0.03665834589007155,36.774852845051804,38.35032410191307
0.45,39.5,0.0147239263803681,0.5877300613496932,-0.04521120098966919,36.774852845051804,38.35032410191307
0.45,40.0,0.0147239263803681,0.5877300613496932,-0.053888004090695774,36.774852845051804,38.35032410191307
0.5,0.0,0.0163265306122449,0.5885714285714285,0.4376734693877551,36.63522915803926,38.31044807458731
0.5,0.5,0.0163265306122449,0.5885714285714285,0.4325370843451942,36.63522915803926,38.31044807458731
0.5,1.0,0.0163265306122449,0.5885714285714285,0.427399916887147,36.63522915803926,38.31044807458731
0.5,1.5,0.0163265306122449,0.5885714285714285,0.42226118412131936,36.63522915803926,38.31044807458731
0.5,2.0,0.0163265306122449,0.5885714285714285,0.41712010220118356,36.63522915803926,38.31044807458731
0.5,2.5,0.0163265306122449,0.5885714285714285,0.4119758858473166,36.63522915803926,38.31044807458731
0.5,3.0,0.0163265306122449,0.5885714285714285,0.4068277478668794,36.63522915803926,38.31044807458731
0.5,3.5,0.0163265306122449,0.5885714285714285,0.4016748986706129,36.63522915803926,38.31044807458731
0.5,4.0,0.0163265306122449,0.5885714285714285,0.3965165457867175,36.63522915803926,38.31044807458731
0.5,4.5,0.0163265306122449,0.5885714285714285,0.39135189337097964,36.63522915803926,38.31044807458731
0.5,5.0,0.0163265306122449,0.5885714285714285,0.386180141712497,36.63522915803926,38.31044807458731
0.5,5.5,0.0163265306122449,0.5885714285714285,0.38100048673434667,36.63522915803926,38.31044807458731
0.5,6.0,0.0163265306122449,0.5885714285714285,0.3758121194885284,36.63522915803926,38.31044807458731
0.5,6.5,0.0163265306122449,0.5885714285714285,0.37061422564450086,36.63522915803926,38.31044807458731
0.5,7.0,0.0163265306122449,0.5885714285714285,0.36540598497061694,36.63522915803926,38.31044807458731
0.5,7.5,0.0163265306122449,0.5885714285714285,0.36018657080774497,36.63522915803926,38.31044807458731
0.5,8.0,0.0163265306122449,0.5885714285714285,0.35495514953434754,36.63522915803926,38.31044807458731
0.5,8.5,0.0163265306122449,0.5885714285714285,0.34971088002226847,36.63522915803926,38.31044807458731
0.5,9.0,0.0163265306122449,0.5885714285714285,0.3444529130824566,36.63522915803926,38.31044807458731
0.5,9.5,0.0163265306122449,0.5885714285714285,0.3391803908998339,36.63522915803926,38.31044807458731
0.5,10.0,0.0163265306122449,0.5885714285714285,0.33389244645648714,36.63522915803926,38.31044807458731
0.5,10.5,0.0163265306122449,0.5885714285714285,0.3285882029423377,36.63522915803926,38.31044807458731
0.5,11.0,0.0163265306122449,0.5885714285714285,0.3232667731524122,36.63522915803926,38.31044807458731
0.5,11.5,0.0163265306122449,0.5885714285714285,0.31792725886980633,36.63522915803926,38.31044807458731
0.5,12.0,0.0163265306122449,0.5885714285714285,0.31256875023339925,36.63522915803926,38.31044807458731
0.5,12.5,0.0163265306122449,0.5885714285714285,0.3071903250893391,36.63522915803926,38.31044807458731
0.5,13.0,0.0163265306122449,0.5885714285714285,0.3017910483252808,36.63522915803926,38.31044807458731
0.5,13.5,0.0163265306122449,0.5885714285714285,0.29636997118631536,36.63522915803926,38.31044807458731
0.5,14.0,0.0163265306122449,0.5885714285714285,0.29092613057148303,36.63522915803926,38.31044807458731
0.5,14.5,0.0163265306122449,0.5885714285714285,0.28545854830971684,36.63522915803926,38.31044807458731
0.5,15.0,0.0163265306122449,0.5885714285714285,0.2799662304140086,36.63522915803926,38.31044807458731
0.5,15.5,0.0163265306122449,0.5885714285714285,0.2744481663125359,36.63522915803926,38.31044807458731
0.5,16.0,0.0163265306122449,0.5885714285714285,0.26890332805542816,36.63522915803926,38.31044807458731
0.5,16.5,0.0163265306122449,0.5885714285714285,0.2633306694957879,36.63522915803926,38.31044807458731
0.5,17.0,0.0163265306122449,0.5885714285714285,0.257729125443515,36.63522915803926,38.31044807458731
0.5,17.5,0.0163265306122449,0.5885714285714285,0.25209761079041054,36.63522915803926,38.31044807458731
0.5,18.0,0.0163265306122449,0.5885714285714285,0.24643501960495884,36.63522915803926,38.31044807458731
0.5,18.5,0.0163265306122449,0.5885714285714285,0.24074022419510632,36.63522915803926,38.31044807458731
0.5,19.0,0.0163265306122449,0.5885714285714285,0.2350120741372664,36.63522915803926,38.31044807458731
0.5,19.5,0.0163265306122449,0.5885714285714285,0.22924939526968713,36.63522915803926,38.31044807458731
0.5,20.0,0.0163265306122449,0.5885714285714285,0.22345098864821886,36.63522915803926,38.31044807458731
0.5,20.5,0.0163265306122449,0.5885714285714285,0.21761562946241292,36.63522915803926,38.31044807458731
0.5,21.0,0.0163265306122449,0.5885714285714285,0.21174206590976755,36.63522915803926,38.31044807458731
0.5,21.5,0.0163265306122449,0.5885714285714285,0.20582901802581757,36.63522915803926,38.31044807458731
0.5,22.0,0.0163265306122449,0.5885714285714285,0.19987517646763425,36.63522915803926,38.31044807458731
0.5,22.5,0.0163265306122449,0.5885714285714285,0.19387920124816202,36.63522915803926,38.31044807458731
0.5,23.0,0.0163265306122449,0.5885714285714285,0.18783972041867344,36.63522915803926,38.31044807458731
0.5,23.5,0.0163265306122449,0.5885714285714285,0.18175532869646277,36.63522915803926,38.31044807458731
0.5,24.0,0.0163265306122449,0.5885714285714285,0.17562458603473097,36.63522915803926,38.31044807458731
0.5,24.5,0.0163265306122449,0.5885714285714285,0.16944601613143384,36.63522915803926,38.31044807458731
0.5,25.0,0.0163265306122449,0.5885714285714285,0.16321810487367022,36.63522915803926,38.31044807458731
0.5,25.5,0.0163265306122449,0.5885714285714285,0.15693929871398082,36.63522915803926,38.31044807458731
0.5,26.0,0.0163265306122449,0.5885714285714285,0.15060800297470522,36.63522915803926,38.31044807458731
0.5,26.5,0.0163265306122449,0.5885714285714285,0.1442225800763069,36.63522915803926,38.31044807458731
0.5,27.0,0.0163265306122449,0.5885714285714285,0.13778134768531985,36.63522915803926,38.31044807458731
0.5,27.5,0.0163265306122449,0.5885714285714285,0.13128257677729877,36.63522915803926,38.31044807458731
0.5,28.0,0.0163265306122449,0.5885714285714285,0.12472448960985616,36.63522915803926,38.31044807458731
0.5,28.5,0.0163265306122449,0.5885714285714285,0.11810525760056079,36.63522915803926,38.31044807458731
0.5,29.0,0.0163265306122449,0.5885714285714285,0.11142299910412534,36.63522915803926,38.31044807458731
0.5,29.5,0.0163265306122449,0.5885714285714285,0.10467577708295323,36.63522915803926,38.31044807458731
0.5,30.0,0.0163265306122449,0.5885714285714285,0.09786159666471828,36.63522915803926,38.31044807458731
0.5,30.5,0.0163265306122449,0.5885714285714285,0.09097840258023082,36.63522915803926,38.31044807458731
0.5,31.0,0.0163265306122449,0.5885714285714285,0.08402407647439103,36.63522915803926,38.31044807458731
0.5,31.5,0.0163265306122449,0.5885714285714285,0.07699643408253798,36.63522915803926,38.31044807458731
0.5,32.0,0.0163265306122449,0.5885714285714285,0.06989322226397954,36.63522915803926,38.31044807458731
0.5,32.5,0.0163265306122449,0.5885714285714285,0.06271211588391629,36.63522915803926,38.31044807458731
0.5,33.0,0.0163265306122449,0.5885714285714285,0.05545071453436318,36.63522915803926,38.31044807458731
0.5,33.5,0.0163265306122449,0.5885714285714285,0.04810653908400525,36.63522915803926,38.31044807458731
0.5,34.0,0.0163265306122449,0.5885714285714285,0.04067702804621259,36.63522915803926,38.31044807458731
0.5,34.5,0.0163265306122449,0.5885714285714285,0.03315953375366282,36.63522915803926,38.31044807458731
0.5,35.0,0.0163265306122449,0.5885714285714285,0.025551318327183103,36.63522915803926,38.31044807458731
0.5,35.5,0.0163265306122449,0.5885714285714285,0.017849549425517697,36.63522915803926,38.31044807458731
0.5,36.0,0.0163265306122449,0.5885714285714285,0.010051295761742796,36.63522915803926,38.31044807458731
0.5,36.5,0.0163265306122449,0.5885714285714285,0.002153522370988148,36.63522915803926,38.31044807458731
0.5,37.0,0.0163265306122449,0.5885714285714285,-0.0058469143870323315,36.63522915803926,38.31044807458731
0.5,37.5,0.0163265306122449,0.5885714285714285,-0.013953272108433001,36.63522915803926,38.31044807458731
0.5,38.0,0.0163265306122449,0.5885714285714285,-0.02216892792762709,36.63522915803926,38.31044807458731
0.5,38.5,0.0163265306122449,0.5885714285714285,-0.030497384422452534,36.63522915803926,38.31044807458731
0.5,39.0,0.0163265306122449,0.5885714285714285,-0.03894227586416327,36.63522915803926,38.31044807458731
0.5,39.5,0.0163265306122449,0.5885714285714285,-0.04750737483625661,36.63522915803926,38.31044807458731
0.5,40.0,0.0163265306122449,0.5885714285714285,-0.056196599248015344,36.63522915803926,38.31044807458731
0.55,0.0,0.017922606924643588,0.5894093686354378,0.4360773930753564,36.49606777443473,38.27080417879706
0.55,0.5,0.017922606924643588,0.5894093686354378,0.43093369544064036,36.49606777443473,38.27080417879706
0.55,1.0,0.017922606924643588,0.5894093686354378,0.4257892142765251,36.49606777443473,38.27080417879706
0.55,1.5,0.017922606924643588,0.5894093686354378,0.42064316557612486,36.49606777443473,38.27080417879706
0.55,2.0,0.017922606924643588,0.5894093686354378,0.41549476437696176,36.49606777443473,38.27080417879706
0.55,2.5,0.017922606924643588,0.5894093686354378,0.41034322428162245,36.49606777443473,38.27080417879706
0.55,3.0,0.017922606924643588,0.5894093686354378,0.40518775697655374,36.49606777443473,38.27080417879706
0.55,3.5,0.017922606924643588,0.5894093686354378,0.40002757174837034,36.49606777443473,38.27080417879706
0.55,4.0,0.017922606924643588,0.5894093686354378,0.39486187499704295,36.49606777443473,38.27080417879706
0.55,4.5,0.017922606924643588,0.5894093686354378,0.3896898697453267,36.49606777443473,38.27080417879706
0.55,5.0,0.017922606924643588,0.5894093686354378,0.3845107551437833,36.49606777443473,38.27080417879706
0.55,5.5,0.017922606924643588,0.5894093686354378,0.37932372597073793,36.49606777443473,38.27080417879706
0.55,6.0,0.017922606924643588,0.5894093686354378,0.37412797212650356,36.49606777443473,38.27080417879706
0.55,6.5,0.017922606924643588,0.5894093686354378,0.368922678121189,36.49606777443473,38.27080417879706
0.55,7.0,0.017922606924643588,0.5894093686354378,0.36370702255539594,36.49606777443473,38.27080417879706
0.55,7.5,0.017922606924643588,0.5894093686354378,0.3584801775930909,36.49606777443473,38.27080417879706
0.55,8.0,0.017922606924643588,0.5894093686354378,0.35324130842592244,36.49606777443473,38.27080417879706
0.55,8.5,0.017922606924643588,0.5894093686354378,0.34798957272823305,36.49606777443473,38.27080417879706
0.55,9.0,0.017922606924643588,0.5894093686354378,0.3427241201019943,36.49606777443473,38.27080417879706
0.55,9.5,0.017922606924643588,0.5894093686354378,0.33744409151087,36.49606777443473,38.27080417879706
0.55,10.0,0.017922606924643588,0.5894093686354378,0.33214861870258705,36.49606777443473,38.27080417879706
0.55,10.5,0.017922606924643588,0.5894093686354378,0.3268368236187657,36.49606777443473,38.27080417879706
0.55,11.0,0.017922606924643588,0.5894093686354378,0.32150781779133253,36.49606777443473,38.27080417879706
0.55,11.5,0.017922606924643588,0.5894093686354378,0.31616070172460575,36.49606777443473,38.27080417879706
0.55,12.0,0.017922606924643588,0.5894093686354378,0.31079456426210916,36.49606777443473,38.27080417879706
0.55,12.5,0.017922606924643588,0.5894093686354378,0.3054084819371349,36.49606777443473,38.27080417879706
0.55,13.0,0.017922606924643588,0.5894093686354378,0.3000015183060327,36.49606777443473,38.27080417879706
0.55,13.5,0.017922606924643588,0.5894093686354378,0.29457272326316586,36.49606777443473,38.27080417879706
0.55,14.0,0.017922606924643588,0.5894093686354378,0.28912113233642267,36.49606777443473,38.27080417879706
0.55,14.5,0.017922606924643588,0.5894093686354378,0.2836457659621291,36.49606777443473,38.27080417879706
0.55,15.0,0.017922606924643588,0.5894093686354378,0.27814562873815296,36.49606777443473,38.27080417879706
0.55,15.5,0.017922606924643588,0.5894093686354378,0.27261970865393637,36.49606777443473,38.27080417879706
0.55,16.0,0.017922606924643588,0.5894093686354378,0.2670669762961324,36.49606777443473,38.27080417879706
0.55,16.5,0.017922606924643588,0.5894093686354378,0.26148638402846025,36.49606777443473,38.27080417879706
0.55,17.0,0.017922606924643588,0.5894093686354378,0.2558768651443253,36.49606777443473,38.27080417879706
0.55,17.5,0.017922606924643588,0.5894093686354378,0.2502373329906766,36.49606777443473,38.27080417879706
0.55,18.0,0.017922606924643588,0.5894093686354378,0.2445666800615009,36.49606777443473,38.27080417879706
0.55,18.5,0.017922606924643588,0.5894093686354378,0.2388637770592669,36.49606777443473,38.27080417879706
0.55,19.0,0.017922606924643588,0.5894093686354378,0.23312747192254762,36.49606777443473,38.27080417879706
0.55,19.5,0.017922606924643588,0.5894093686354378,0.22735658881795523,36.49606777443473,38.27080417879706
0.55,20.0,0.017922606924643588,0.5894093686354378,0.2215499270944217,36.49606777443473,38.27080417879706
0.55,20.5,0.017922606924643588,0.5894093686354378,0.21570626019775466,36.49606777443473,38.27080417879706
0.55,21.0,0.017922606924643588,0.5894093686354378,0.20982433454328042,36.49606777443473,38.27080417879706
0.55,21.5,0.017922606924643588,0.5894093686354378,0.20390286834426818,36.49606777443473,38.27080417879706
0.55,22.0,0.017922606924643588,0.5894093686354378,0.19794055039369784,36.49606777443473,38.27080417879706
0.55,22.5,0.017922606924643588,0.5894093686354378,0.19193603879679494,36.49606777443473,38.27080417879706
0.55,23.0,0.017922606924643588,0.5894093686354378,0.18588795965160976,36.49606777443473,38.27080417879706
0.55,23.5,0.017922606924643588,0.5894093686354378,0.1797949056747573,36.49606777443473,38.27080417879706
0.55,24.0,0.017922606924643588,0.5894093686354378,0.1736554347692661,36.49606777443473,38.27080417879706
0.55,24.5,0.017922606924643588,0.5894093686354378,0.16746806853130353,36.49606777443473,38.27080417879706
0.55,25.0,0.017922606924643588,0.5894093686354378,0.16123129069234915,36.49606777443473,38.27080417879706
0.55,25.5,0.017922606924643588,0.5894093686354378,0.15494354549318223,36.49606777443473,38.27080417879706
0.55,26.0,0.017922606924643588,0.5894093686354378,0.1486032359858243,36.49606777443473,38.27080417879706
0.55,26.5,0.017922606924643588,0.5894093686354378,0.1422087222593421,36.49606777443473,38.27080417879706
0.55,27.0,0.017922606924643588,0.5894093686354378,0.1357583195851575,36.49606777443473,38.27080417879706
0.55,27.5,0.017922606924643588,0.5894093686354378,0.12925029647723962,36.49606777443473,38.27080417879706
0.55,28.0,0.017922606924643588,0.5894093686354378,0.12268287266225675,36.49606777443473,38.27080417879706
0.55,28.5,0.017922606924643588,0.5894093686354378,0.1160542169544529,36.49606777443473,38.27080417879706
0.55,29.0,0.017922606924643588,0.5894093686354378,0.10936244502967146,36.49606777443473,38.27080417879706
0.55,29.5,0.017922606924643588,0.5894093686354378,0.1026056170925852,36.49606777443473,38.27080417879706
0.55,30.0,0.017922606924643588,0.5894093686354378,0.09578173543079904,36.49606777443473,38.27080417879706
0.55,30.5,0.017922606924643588,0.5894093686354378,0.08888874184906836,36.49606777443473,38.27080417879706
0.55,31.0,0.017922606924643588,0.5894093686354378,0.08192451497642372,36.49606777443473,38.27080417879706
0.55,31.5,0.017922606924643588,0.5894093686354378,0.07488686743850043,36.49606777443473,38.27080417879706
0.55,32.0,0.017922606924643588,0.5894093686354378,0.0677735428868445,36.49606777443473,38.27080417879706
0.55,32.5,0.017922606924643588,0.5894093686354378,0.060582212876398145,36.49606777443473,38.27080417879706
0.55,33.0,0.017922606924643588,0.5894093686354378,0.05331047358175245,36.49606777443473,38.27080417879706
0.55,33.5,0.017922606924643588,0.5894093686354378,0.045955842342091435,36.49606777443473,38.27080417879706
0.55,34.0,0.017922606924643588,0.5894093686354378,0.038515754024036175,36.49606777443473,38.27080417879706
0.55,34.5,0.017922606924643588,0.5894093686354378,0.03098755719082119,36.49606777443473,38.27080417879706
0.55,35.0,0.017922606924643588,0.5894093686354378,0.023368510065397252,36.49606777443473,38.27080417879706
0.55,35.5,0.017922606924643588,0.5894093686354378,0.015655776274148048,36.49606777443473,38.27080417879706
0.55,36.0,0.017922606924643588,0.5894093686354378,0.007846420356921846,36.49606777443473,38.27080417879706
0.55,36.5,0.017922606924643588,0.5894093686354378,-6.25969719842967e-05,36.49606777443473,38.27080417879706
0.55,37.0,0.017922606924643588,0.5894093686354378,-0.008074423828408561,36.49606777443473,38.27080417879706
0.55,37.5,0.017922606924643588,0.5894093686354378,-0.016192322446254792,36.49606777443473,38.27080417879706
0.55,38.0,0.017922606924643588,0.5894093686354378,-0.02441967476791035,36.49606777443473,38.27080417879706
0.55,38.5,0.017922606924643588,0.5894093686354378,-0.0327599883577791,36.49606777443473,38.27080417879706
0.55,39.0,0.017922606924643588,0.5894093686354378,-0.04121690266117106,36.49606777443473,38.27080417879706
0.55,39.5,0.017922606924643588,0.5894093686354378,-0.049794195632552385,36.49606777443473,38.27080417879706
0.55,40.0,0.017922606924643588,0.5894093686354378,-0.05849579075907285,36.49606777443473,38.27080417879706
0.6000000000000001,0.0,0.019512195121951223,0.5902439024390242,0.4344878048780488,36.357368035692566,38.23139043108306
0.6000000000000001,0.5,0.019512195121951223,0.5902439024390242,0.42933682437716186,36.357368035692566,38.23139043108306
0.6000000000000001,1.0,0.019512195121951223,0.5902439024390242,0.42418505923749106,36.357368035692566,38.23139043108306
0.6000000000000001,1.5,0.019512195121951223,0.5902439024390242,0.4190317243420897,36.357368035692566,38.23139043108306
0.6000000000000001,2.0,0.019512195121951223,0.5902439024390242,0.413876033617066,36.357368035692566,38.23139043108306
0.6000000000000001,2.5,0.019512195121951223,0.5902439024390242,0.40871719955156116,36.357368035692566,38.23139043108306
0.6000000000000001,3.0,0.019512195121951223,0.5902439024390242,0.4035544327158635,36.357368035692566,38.23139043108306
0.6000000000000001,3.5,0.019512195121951223,0.5902439024390242,0.3983869412770312,36.357368035692566,38.23139043108306
0.6000000000000001,4.0,0.019512195121951223,0.5902439024390242,0.3932139305113914,36.357368035692566,38.23139043108306
0.6000000000000001,4.5,0.019512195121951223,0.5902439024390242,0.388034602313274,36.357368035692566,38.23139043108306
0.6000000000000001,5.0,0.019512195121951223,0.5902439024390242,0.38284815469933264,36.357368035692566,38.23139043108306
0.6000000000000001,5.5,0.019512195121951223,0.5902439024390242,0.3776537813077943,36.357368035692566,38.23139043108306
0.6000000000000001,6.0,0.019512195121951223,0.5902439024390242,0.3724506708919666,36.357368035692566,38.23139043108306
0.6000000000000001,6.5,0.019512195121951223,0.5902439024390242,0.36723800680732144,36.357368035692566,38.23139043108306
0.6000000000000001,7.0,0.019512195121951223,0.5902439024390242,0.3620149664914563,36.357368035692566,38.23139043108306
0.6000000000000001,7.5,0.019512195121951223,0.5902439024390242,0.35678072093622004,36.357368035692566,38.23139043108306
0.6000000000000001,8.0,0.019512195121951223,0.5902439024390242,0.3515344341512714,36.357368035692566,38.23139043108306
0.6000000000000001,8.5,0.019512195121951223,0.5902439024390242,0.3462752626183197,36.357368035692566,38.23139043108306
0.6000000000000001,9.0,0.019512195121951223,0.5902439024390242,0.34100235473527374,36.357368035692566,38.23139043108306
0.6000000000000001,9.5,0.019512195121951223,0.5902439024390242,0.3357148502495036,36.357368035692566,38.23139043108306
0.6000000000000001,10.0,0.019512195121951223,0.5902439024390242,0.3304118796793939,36.357368035692566,38.23139043108306
0.6000000000000001,10.5,0.019512195121951223,0.5902439024390242,0.3250925637233383,36.357368035692566,38.23139043108306
0.6000000000000001,11.0,0.019512195121951223,0.5902439024390242,0.3197560126552979,36.357368035692566,38.23139043108306
0.6000000000000001,11.5,0.019512195121951223,0.5902439024390242,0.31440132570601165,36.357368035692566,38.23139043108306
0.6000000000000001,12.0,0.019512195121951223,0.5902439024390242,0.3090275904289138,36.357368035692566,38.23139043108306
0.6000000000000001,12.5,0.019512195121951223,0.5902439024390242,0.303633882049777,36.357368035692566,38.23139043108306
0.6000000000000001,13.0,0.019512195121951223,0.5902439024390242,0.29821926279905786,36.357368035692566,38.23139043108306
0.6000000000000001,13.5,0.019512195121951223,0.5902439024390242,0.29278278122588275,36.357368035692566,38.23139043108306
0.6000000000000001,14.0,0.019512195121951223,0.5902439024390242,0.28732347149256166,36.357368035692566,38.23139043108306
0.6000000000000001,14.5,0.019512195121951223,0.5902439024390242,0.28184035264847457,36.357368035692566,38.23139043108306
0.6000000000000001,15.0,0.019512195121951223,0.5902439024390242,0.27633242788211787,36.357368035692566,38.23139043108306
0.6000000000000001,15.5,0.019512195121951223,0.5902439024390242,0.27079868375004656,36.357368035692566,38.23139043108306
0.6000000000000001,16.0,0.019512195121951223,0.5902439024390242,0.2652380893813866,36.357368035692566,38.23139043108306
0.6000000000000001,16.5,0.019512195121951223,0.5902439024390242,0.25964959565652823,36.357368035692566,38.23139043108306
0.6000000000000001,17.0,0.019512195121951223,0.5902439024390242,0.2540321343585468,36.357368035692566,38.23139043108306
0.6000000000000001,17.5,0.019512195121951223,0.5902439024390242,0.24838461729581954,36.357368035692566,38.23139043108306
0.6000000000000001,18.0,0.019512195121951223,0.5902439024390242,0.24270593539423585,36.357368035692566,38.23139043108306
0.6000000000000001,18.5,0.019512195121951223,0.5902439024390242,0.23699495775731297,36.357368035692566,38.23139043108306
0.6000000000000001,19.0,0.019512195121951223,0.5902439024390242,0.23125053069244153,36.357368035692566,38.23139043108306
0.6000000000000001,19.5,0.019512195121951223,0.5902439024390242,0.22547147670139292,36.357368035692566,38.23139043108306
0.6000000000000001,20.0,0.019512195121951223,0.5902439024390242,0.21965659343311963,36.357368035692566,38.23139043108306
0.6000000000000001,20.5,0.019512195121951223,0.5902439024390242,0.21380465259677386,36.357368035692566,38.23139043108306
0.6000000000000001,21.0,0.019512195121951223,0.5902439024390242,0.20791439883275464,36.357368035692566,38.23139043108306
0.6000000000000001,21.5,0.019512195121951223,0.5902439024390242,0.20198454853947306,36.357368035692566,38.23139043108306
0.6000000000000001,22.0,0.019512195121951223,0.5902439024390242,0.1960137886533953,36.357368035692566,38.23139043108306
0.6000000000000001,22.5,0.019512195121951223,0.5902439024390242,0.190000775379783,36.357368035692566,38.23139043108306
0.6000000000000001,23.0,0.019512195121951223,0.5902439024390242,0.1839441328714041,36.357368035692566,38.23139043108306
0.6000000000000001,23.5,0.019512195121951223,0.5902439024390242,0.17784245185232705,36.357368035692566,38.23139043108306
0.6000000000000001,24.0,0.019512195121951223,0.5902439024390242,0.1716942881837421,36.357368035692566,38.23139043108306
0.6000000000000001,24.5,0.019512195121951223,0.5902439024390242,0.16549816136857204,36.357368035692566,38.23139043108306
0.6000000000000001,25.0,0.019512195121951223,0.5902439024390242,0.15925255299143992,36.357368035692566,38.23139043108306
0.6000000000000001,25.5,0.019512195121951223,0.5902439024390242,0.15295590509035428,36.357368035692566,38.23139043108306
0.6000000000000001,26.0,0.019512195121951223,0.5902439024390242,0.14660661845624773,36.357368035692566,38.23139043108306
0.6000000000000001,26.5,0.019512195121951223,0.5902439024390242,0.14020305085626739,36.357368035692566,38.23139043108306
0.6000000000000001,27.0,0.019512195121951223,0.5902439024390242,0.13374351517645916,36.357368035692566,38.23139043108306
0.6000000000000001,27.5,0.019512195121951223,0.5902439024390242,0.12722627747921328,36.357368035692566,38.23139043108306
0.6000000000000001,28.0,0.019512195121951223,0.5902439024390242,0.12064955497054186,36.357368035692566,38.23139043108306
0.6000000000000001,28.5,0.019512195121951223,0.5902439024390242,0.11401151387194708,36.357368035692566,38.23139043108306
0.6000000000000001,29.0,0.019512195121951223,0.5902439024390242,0.10731026719129255,36.357368035692566,38.23139043108306
0.6000000000000001,29.5,0.019512195121951223,0.5902439024390242,0.10054387238673085,36.357368035692566,38.23139043108306
0.6000000000000001,30.0,0.019512195121951223,0.5902439024390242,0.09371032891734293,36.357368035692566,38.23139043108306
0.6000000000000001,30.5,0.019512195121951223,0.5902439024390242,0.08680757567372366,36.357368035692566,38.23139043108306
0.6000000000000001,31.0,0.019512195121951223,0.5902439024390242,0.07983348828129372,36.357368035692566,38.23139043108306
0.6000000000000001,31.5,0.019512195121951223,0.5902439024390242,0.0727858762686256,36.357368035692566,38.23139043108306
0.6000000000000001,32.0,0.019512195121951223,0.5902439024390242,0.06566248009254338,36.357368035692566,38.23139043108306
0.6000000000000001,32.5,0.019512195121951223,0.5902439024390242,0.05846096801118705,36.357368035692566,38.23139043108306
0.6000000000000001,33.0,0.019512195121951223,0.5902439024390242,0.05117893279561575,36.357368035692566,38.23139043108306
0.6000000000000001,33.5,0.019512195121951223,0.5902439024390242,0.04381388826986021,36.357368035692566,38.23139043108306
0.6000000000000001,34.0,0.019512195121951223,0.5902439024390242,0.036363265668616584,36.357368035692566,38.23139043108306
0.6000000000000001,34.5,0.019512195121951223,0.5902439024390242,0.028824409800999207,36.357368035692566,38.23139043108306
0.6000000000000001,35.0,0.019512195121951223,0.5902439024390242,0.02119457500792754,36.357368035692566,38.23139043108306
0.6000000000000001,35.5,0.019512195121951223,0.5902439024390242,0.013470920899816496,36.357368035692566,38.23139043108306
0.6000000000000001,36.0,0.019512195121951223,0.5902439024390242,0.005650507860250564,36.357368035692566,38.23139043108306
0.6000000000000001,36.5,0.019512195121951223,0.5902439024390242,-0.0022697076997413856,36.357368035692566,38.23139043108306
0.6000000000000001,37.0,0.019512195121951223,0.5902439024390242,-0.01029287835335646,36.357368035692566,38.23139043108306
0.6000000000000001,37.5,0.019512195121951223,0.5902439024390242,-0.018422270953435016,36.357368035692566,38.23139043108306
0.6000000000000001,38.0,0.019512195121951223,0.5902439024390242,-0.026661272230794064,36.357368035692566,38.23139043108306
0.6000000000000001,38.5,0.019512195121951223,0.5902439024390242,-0.03501339471613285,36.357368035692566,38.23139043108306
0.6000000000000001,39.0,0.019512195121951223,0.5902439024390242,-0.043482283007784506,36.357368035692566,38.23139043108306
0.6000000000000001,39.5,0.019512195121951223,0.5902439024390242,-0.052071720409350986,36.357368035692566,38.23139043108306
0.6000000000000001,40.0,0.019512195121951223,0.5902439024390242,-0.06078563596317488,36.357368035692566,38.23139043108306
0.65,0.0,0.02109533468559838,0.5910750507099392,0.43290466531440164,36.219129265986794,38.1922048700776
0.65,0.5,0.02109533468559838,0.5910750507099392,0.42774643149243996,36.219129265986794,38.1922048700776
0.65,1.0,0.02109533468559838,0.5910750507099392,0.42258741192681015,36.219129265986794,38.1922048700776
0.65,1.5,0.02109533468559838,0.5910750507099392,0.417426820395008,36.219129265986794,38.1922048700776
0.65,2.0,0.02109533468559838,0.5910750507099392,0.41226386971623674,36.219129265986794,38.1922048700776
0.65,2.5,0.02109533468559838,0.5910750507099392,0.4070977712707091,36.219129265986794,38.1922048700776
0.65,3.0,0.02109533468559838,0.5910750507099392,0.40192773451708275,36.219129265986794,38.1922048700776
0.65,3.5,0.02109533468559838,0.5910750507099392,0.3967529665074014,36.219129265986794,38.1922048700776
0.65,4.0,0.02109533468559838,0.5910750507099392,0.39157267139890684,36.219129265986794,38.1922048700776
0.65,4.5,0.02109533468559838,0.5910750507099392,0.38638604996208153,36.219129265986794,38.1922048700776
0.65,5.0,0.02109533468559838,0.5910750507099392,0.3811922990842713,36.219129265986794,38.1922048700776
0.65,5.5,0.02109533468559838,0.5910750507099392,0.37599061126822975,36.219129265986794,38.1922048700776
0.65,6.0,0.02109533468559838,0.5910750507099392,0.37078017412491254,36.219129265986794,38.1922048700776
0.65,6.5,0.02109533468559838,0.5910750507099392,0.36556016985983875,36.219129265986794,38.1922048700776
0.65,7.0,0.02109533468559838,0.5910750507099392,0.3603297747523197,36.219129265986794,38.1922048700776
0.65,7.5,0.02109533468559838,0.5910750507099392,0.3550881586268415,36.219129265986794,38.1922048700776
0.65,8.0,0.02109533468559838,0.5910750507099392,0.34983448431586844,36.219129265986794,38.1922048700776
0.65,8.5,0.02109533468559838,0.5910750507099392,0.34456790711331475,36.219129265986794,38.1922048700776
0.65,9.0,0.02109533468559838,0.5910750507099392,0.339287574217911,36.219129265986794,38.1922048700776
0.65,9.5,0.02109533468559838,0.5910750507099392,0.33399262416566805,36.219129265986794,38.1922048700776
0.65,10.0,0.02109533468559838,0.5910750507099392,0.32868218625061524,36.219129265986794,38.1922048700776
0.65,10.5,0.02109533468559838,0.5910750507099392,0.32335537993296326,36.219129265986794,38.1922048700776
0.65,11.0,0.02109533468559838,0.5910750507099392,0.318011314233811,36.219129265986794,38.1922048700776
0.65,11.5,0.02109533468559838,0.5910750507099392,0.31264908711548484,36.219129265986794,38.1922048700776
0.65,12.0,0.02109533468559838,0.5910750507099392,0.30726778484656303,36.219129265986794,38.1922048700776
0.65,12.5,0.02109533468559838,0.5910750507099392,0.3018664813506031,36.219129265986794,38.1922048700776
0.65,13.0,0.02109533468559838,0.5910750507099392,0.2964442375375475,36.219129265986794,38.1922048700776
0.65,13.5,0.02109533468559838,0.5910750507099392,0.29100010061674275,36.219129265986794,38.1922048700776
0.65,14.0,0.02109533468559838,0.5910750507099392,0.2855331033904608,36.219129265986794,38.1922048700776
0.65,14.5,0.02109533468559838,0.5910750507099392,0.2800422635267618,36.219129265986794,38.1922048700776
0.65,15.0,0.02109533468559838,0.5910750507099392,0.2745265828104886,36.219129265986794,38.1922048700776
0.65,15.5,0.02109533468559838,0.5910750507099392,0.26898504637112186,36.219129265986794,38.1922048700776
0.65,16.0,0.02109533468559838,0.5910750507099392,0.2634166218861732,36.219129265986794,38.1922048700776
0.65,16.5,0.02109533468559838,0.5910750507099392,0.2578202587587217,36.219129265986794,38.1922048700776
0.65,17.0,0.02109533468559838,0.5910750507099392,0.2521948872676397,36.219129265986794,38.1922048700776
0.65,17.5,0.02109533468559838,0.5910750507099392,0.24653941768897408,36.219129265986794,38.1922048700776
0.65,18.0,0.02109533468559838,0.5910750507099392,0.24085273938687854,36.219129265986794,38.1922048700776
0.65,18.5,0.02109533468559838,0.5910750507099392,0.23513371987240544,36.219129265986794,38.1922048700776
0.65,19.0,0.02109533468559838,0.5910750507099392,0.22938120382838043,36.219129265986794,38.1922048700776
0.65,19.5,0.02109533468559838,0.5910750507099392,0.22359401209848806,36.219129265986794,38.1922048700776
0.65,20.0,0.02109533468559838,0.5910750507099392,0.21777094063859764,36.219129265986794,38.1922048700776
0.65,20.5,0.02109533468559838,0.5910750507099392,0.21191075942825136,36.219129265986794,38.1922048700776
0.65,21.0,0.02109533468559838,0.5910750507099392,0.2060122113401214,36.219129265986794,38.1922048700776
0.65,21.5,0.02109533468559838,0.5910750507099392,0.2000740109651233,36.219129265986794,38.1922048700776
0.65,22.0,0.02109533468559838,0.5910750507099392,0.194094843390741,36.219129265986794,38.1922048700776
0.65,22.5,0.02109533468559838,0.5910750507099392,0.18807336292997995,36.219129265986794,38.1922048700776
0.65,23.0,0.02109533468559838,0.5910750507099392,0.18200819179821742,36.219129265986794,38.1922048700776
0.65,23.5,0.02109533468559838,0.5910750507099392,0.17589791873505872,36.219129265986794,38.1922048700776
0.65,24.0,0.02109533468559838,0.5910750507099392,0.16974109756813904,36.219129265986794,38.1922048700776
0.65,24.5,0.02109533468559838,0.5910750507099392,0.16353624571562847,36.219129265986794,38.1922048700776
0.65,25.0,0.02109533468559838,0.5910750507099392,0.15728184262400285,36.219129265986794,38.1922048700776
0.65,25.5,0.02109533468559838,0.5910750507099392,0.1509763281374364,36.219129265986794,38.1922048700776
0.65,26.0,0.02109533468559838,0.5910750507099392,0.1446181007949452,36.219129265986794,38.1922048700776
0.65,26.5,0.02109533468559838,0.5910750507099392,0.13820551605117665,36.219129265986794,38.1922048700776
0.65,27.0,0.02109533468559838,0.5910750507099392,0.13173688441647757,36.219129265986794,38.1922048700776
0.65,27.5,0.02109533468559838,0.5910750507099392,0.12521046951160475,36.219129265986794,38.1922048700776
0.65,28.0,0.02109533468559838,0.5910750507099392,0.11862448603214015,36.219129265986794,38.1922048700776
0.65,28.5,0.02109533468559838,0.5910750507099392,0.11197709761736202,36.219129265986794,38.1922048700776
0.65,29.0,0.02109533468559838,0.5910750507099392,0.10526641461797792,36.219129265986794,38.1922048700776
0.65,29.5,0.02109533468559838,0.5910750507099392,0.09849049175676222,36.219129265986794,38.1922048700776
0.65,30.0,0.02109533468559838,0.5910750507099392,0.09164732567574657,36.219129265986794,38.1922048700776
0.65,30.5,0.02109533468559838,0.5910750507099392,0.08473485236318756,36.219129265986794,38.1922048700776
0.65,31.0,0.02109533468559838,0.5910750507099392,0.07775094445308095,36.219129265986794,38.1922048700776
0.65,31.5,0.02109533468559838,0.5910750507099392,0.07069340838950067,36.219129265986794,38.1922048700776
0.65,32.0,0.02109533468559838,0.5910750507099392,0.06355998144750907,36.219129265986794,38.1922048700776
0.65,32.5,0.02109533468559838,0.5910750507099392,0.05634832860181843,36.219129265986794,38.1922048700776
0.65,33.0,0.02109533468559838,0.5910750507099392,0.049056039233763504,36.219129265986794,38.1922048700776
0.65,33.5,0.02109533468559838,0.5910750507099392,0.04168062366648173,36.219129265986794,38.1922048700776
0.65,34.0,0.02109533468559838,0.5910750507099392,0.034219509517478486,36.219129265986794,38.1922048700776
0.65,34.5,0.02109533468559838,0.5910750507099392,0.02667003785697758,36.219129265986794,38.1922048700776
0.65,35.0,0.02109533468559838,0.5910750507099392,0.01902945915961579,36.219129265986794,38.1922048700776
0.65,35.5,0.02109533468559838,0.5910750507099392,0.011294929036131163,36.219129265986794,38.1922048700776
0.65,36.0,0.02109533468559838,0.5910750507099392,0.0034635037307056415,36.219129265986794,38.1922048700776
0.65,36.5,0.02109533468559838,0.5910750507099392,-0.004467864631442775,36.219129265986794,38.1922048700776
0.65,37.0,0.02109533468559838,0.5910750507099392,-0.012502333062787474,36.219129265986794,38.1922048700776
0.65,37.5,0.02109533468559838,0.5910750507099392,-0.020643173016367256,36.219129265986794,38.1922048700776
0.65,38.0,0.02109533468559838,0.5910750507099392,-0.028893775992002935,36.219129265986794,38.1922048700776
0.65,38.5,0.02109533468559838,0.5910750507099392,-0.037257659466542026,36.219129265986794,38.1922048700776
0.65,39.0,0.02109533468559838,0.5910750507099392,-0.04573847317043617,36.219129265986794,38.1922048700776
0.65,39.5,0.02109533468559838,0.5910750507099392,-0.054340005734722585,36.219129265986794,38.1922048700776
0.65,40.0,0.02109533468559838,0.5910750507099392,-0.06306619173440031,36.219129265986794,38.1922048700776
0.7000000000000001,0.0,0.022672064777327937,0.5919028340080971,0.4313279352226721,36.08135077250892,38.15324555620429
0.7000000000000001,0.5,0.022672064777327937,0.5919028340080971,0.426162477445308,36.08135077250892,38.15324555620429
0.7000000000000001,1.0,0.022672064777327937,0.5919028340080971,0.4209962328238648,36.08135077250892,38.15324555620429
0.7000000000000001,1.5,0.022672064777327937,0.5919028340080971,0.4158284140347566,36.08135077250892,38.15324555620429
0.7000000000000001,2.0,0.022672064777327937,0.5919028340080971,0.4106582327947631,36.08135077250892,38.15324555620429
0.7000000000000001,2.5,0.022672064777327937,0.5919028340080971,0.4054848993796581,36.08135077250892,38.15324555620429
0.7000000000000001,3.0,0.022672064777327937,0.5919028340080971,0.40030762214096915,36.08135077250892,38.15324555620429
0.7000000000000001,3.5,0.022672064777327937,0.5919028340080971,0.3951256070202397,36.08135077250892,38.15324555620429
0.7000000000000001,4.0,0.022672064777327937,0.5919028340080971,0.38993805706015705,36.08135077250892,38.15324555620429
0.7000000000000001,4.5,0.022672064777327937,0.5919028340080971,0.3847441719119061,36.08135077250892,38.15324555620429
0.7000000000000001,5.0,0.022672064777327937,0.5919028340080971,0.37954314733809685,36.08135077250892,38.15324555620429
0.7000000000000001,5.5,0.022672064777327937,0.5919028340080971,0.37433417471060676,36.08135077250892,38.15324555620429
0.7000000000000001,6.0,0.022672064777327937,0.5919028340080971,0.3691164405026644,36.08135077250892,38.15324555620429
0.7000000000000001,6.5,0.022672064777327937,0.5919028340080971,0.3638891257744917,36.08135077250892,38.15324555620429
0.7000000000000001,7.0,0.022672064777327937,0.5919028340080971,0.3586514056518031,36.08135077250892,38.15324555620429
0.7000000000000001,7.5,0.022672064777327937,0.5919028340080971,0.35340244879644833,36.08135077250892,38.15324555620429
0.7000000000000001,8.0,0.022672064777327937,0.5919028340080971,0.3481414168684631,36.08135077250892,38.15324555620429
0.7000000000000001,8.5,0.022672064777327937,0.5919028340080971,0.34286746397877543,36.08135077250892,38.15324555620429
0.7000000000000001,9.0,0.022672064777327937,0.5919028340080971,0.33757973613179276,36.08135077250892,38.15324555620429
0.7000000000000001,9.5,0.022672064777327937,0.5919028340080971,0.33227737065707075,36.08135077250892,38.15324555620429
0.7000000000000001,10.0,0.022672064777327937,0.5919028340080971,0.32695949562924065,36.08135077250892,38.15324555620429
0.7000000000000001,10.5,0.022672064777327937,0.5919028340080971,0.32162522927534287,36.08135077250892,38.15324555620429
0.7000000000000001,11.0,0.022672064777327937,0.5919028340080971,0.31627367936868656,36.08135077250892,38.15324555620429
0.7000000000000001,11.5,0.022672064777327937,0.5919028340080971,0.31090394260832055,36.08135077250892,38.15324555620429
0.7000000000000001,12.0,0.022672064777327937,0.5919028340080971,0.30551510398316917,36.08135077250892,38.15324555620429
0.7000000000000001,12.5,0.022672064777327937,0.5919028340080971,0.300106236119847,36.08135077250892,38.15324555620429
0.7000000000000001,13.0,0.022672064777327937,0.5919028340080971,0.2946763986131283,36.08135077250892,38.15324555620429
0.7000000000000001,13.5,0.022672064777327937,0.5919028340080971,0.28922463733800424,36.08135077250892,38.15324555620429
0.7000000000000001,14.0,0.022672064777327937,0.5919028340080971,0.2837499837422146,36.08135077250892,38.15324555620429
0.7000000000000001,14.5,0.022672064777327937,0.5919028340080971,0.27825145411809254,36.08135077250892,38.15324555620429
0.7000000000000001,15.0,0.022672064777327937,0.5919028340080971,0.2727280488525096,36.08135077250892,38.15324555620429
0.7000000000000001,15.5,0.022672064777327937,0.5919028340080971,0.26717875165365035,36.08135077250892,38.15324555620429
0.7000000000000001,16.0,0.022672064777327937,0.5919028340080971,0.26160252875328865,36.08135077250892,38.15324555620429
0.7000000000000001,16.5,0.022672064777327937,0.5919028340080971,0.2559983280831736,36.08135077250892,38.15324555620429
0.7000000000000001,17.0,0.022672064777327937,0.5919028340080971,0.25036507842406425,36.08135077250892,38.15324555620429
0.7000000000000001,17.5,0.022672064777327937,0.5919028340080971,0.2447016885258811,36.08135077250892,38.15324555620429
0.7000000000000001,18.0,0.022672064777327937,0.5919028340080971,0.23900704619736485,36.08135077250892,38.15324555620429
0.7000000000000001,18.5,0.022672064777327937,0.5919028340080971,0.23328001736355028,36.08135077250892,38.15324555620429
0.7000000000000001,19.0,0.022672064777327937,0.5919028340080971,0.22751944508927513,36.08135077250892,38.15324555620429
0.7000000000000001,19.5,0.022672064777327937,0.5919028340080971,0.22172414856685008,36.08135077250892,38.15324555620429
0.7000000000000001,20.0,0.022672064777327937,0.5919028340080971,0.21589292206591593,36.08135077250892,38.15324555620429
0.7000000000000001,20.5,0.022672064777327937,0.5919028340080971,0.21002453384340716,36.08135077250892,38.15324555620429
0.7000000000000001,21.0,0.022672064777327937,0.5919028340080971,0.20411772501142603,36.08135077250892,38.15324555620429
0.7000000000000001,21.5,0.022672064777327937,0.5919028340080971,0.19817120836071028,36.08135077250892,38.15324555620429
0.7000000000000001,22.0,0.022672064777327937,0.5919028340080971,0.19218366713724735,36.08135077250892,38.15324555620429
0.7000000000000001,22.5,0.022672064777327937,0.5919028340080971,0.18615375376944746,36.08135077250892,38.15324555620429
0.7000000000000001,23.0,0.022672064777327937,0.5919028340080971,0.1800800885431409,36.08135077250892,38.15324555620429
0.7000000000000001,23.5,0.022672064777327937,0.5919028340080971,0.17396125822150416,36.08135077250892,38.15324555620429
0.7000000000000001,24.0,0.022672064777327937,0.5919028340080971,0.16779581460685028,36.08135077250892,38.15324555620429
0.7000000000000001,24.5,0.022672064777327937,0.5919028340080971,0.161582273041037,36.08135077250892,38.15324555620429
0.7000000000000001,25.0,0.022672064777327937,0.5919028340080971,0.1553191108410495,36.08135077250892,38.15324555620429
0.7000000000000001,25.5,0.022672064777327937,0.5919028340080971,0.14900476566610932,36.08135077250892,38.15324555620429
0.7000000000000001,26.0,0.022672064777327937,0.5919028340080971,0.1426376338124335,36.08135077250892,38.15324555620429
0.7000000000000001,26.5,0.022672064777327937,0.5919028340080971,0.13621606843153178,36.08135077250892,38.15324555620429
0.7000000000000001,27.0,0.022672064777327937,0.5919028340080971,0.12973837766767016,36.08135077250892,38.15324555620429
0.7000000000000001,27.5,0.022672064777327937,0.5919028340080971,0.12320282270985716,36.08135077250892,38.15324555620429
0.7000000000000001,28.0,0.022672064777327937,0.5919028340080971,0.11660761575340822,36.08135077250892,38.15324555620429
0.7000000000000001,28.5,0.022672064777327937,0.5919028340080971,0.10995091786583217,36.08135077250892,38.15324555620429
0.7000000000000001,29.0,0.022672064777327937,0.5919028340080971,0.10323083675143802,36.08135077250892,38.15324555620429
0.7000000000000001,29.5,0.022672064777327937,0.5919028340080971,0.09644542440869647,36.08135077250892,38.15324555620429
0.7000000000000001,30.0,0.022672064777327937,0.5919028340080971,0.0895926746739949,36.08135077250892,38.15324555620429
0.7000000000000001,30.5,0.022672064777327937,0.5919028340080971,0.08267052064500191,36.08135077250892,38.15324555620429
0.7000000000000001,31.0,0.022672064777327937,0.5919028340080971,0.07567683197639957,36.08135077250892,38.15324555620429
0.7000000000000001,31.5,0.022672064777327937,0.5919028340080971,0.0686094120402509,36.08135077250892,38.15324555620429
0.7000000000000001,32.0,0.022672064777327937,0.5919028340080971,0.061465994942738245,36.08135077250892,38.15324555620429
0.7000000000000001,32.5,0.022672064777327937,0.5919028340080971,0.054244242388439334,36.08135077250892,38.15324555620429
0.7000000000000001,33.0,0.022672064777327937,0.5919028340080971,0.04694174038268817,36.08135077250892,38.15324555620429
0.7000000000000001,33.5,0.022672064777327937,0.5919028340080971,0.039555995761902496,36.08135077250892,38.15324555620429
0.7000000000000001,34.0,0.022672064777327937,0.5919028340080971,0.032084432541041485,36.08135077250892,38.15324555620429
0.7000000000000001,34.5,0.022672064777327937,0.5919028340080971,0.024524388066575697,36.08135077250892,38.15324555620429
0.7000000000000001,35.0,0.022672064777327937,0.5919028340080971,0.016873108962511985,36.08135077250892,38.15324555620429
0.7000000000000001,35.5,0.022672064777327937,0.5919028340080971,0.00912774685610468,36.08135077250892,38.15324555620429
0.7000000000000001,36.0,0.022672064777327937,0.5919028340080971,0.0012853538688918364,36.08135077250892,38.15324555620429
0.7000000000000001,36.5,0.022672064777327937,0.5919028340080971,-0.006657122142367855,36.08135077250892,38.15324555620429
0.7000000000000001,37.0,0.022672064777327937,0.5919028340080971,-0.014702842611451328,36.08135077250892,38.15324555620429
0.7000000000000001,37.5,0.022672064777327937,0.5919028340080971,-0.022855083572971557,36.08135077250892,38.15324555620429
0.7000000000000001,38.0,0.022672064777327937,0.5919028340080971,-0.03111724127644555,36.08135077250892,38.15324555620429
0.7000000000000001,38.5,0.022672064777327937,0.5919028340080971,-0.039492838124844165,36.08135077250892,38.15324555620429
0.7000000000000001,39.0,0.022672064777327937,0.5919028340080971,-0.0479855289599595,36.08135077250892,38.15324555620429
0.7000000000000001,39.5,0.022672064777327937,0.5919028340080971,-0.056599107718695696,36.08135077250892,38.15324555620429
0.7000000000000001,40.0,0.022672064777327937,0.5919028340080971,-0.06533751448630887,36.08135077250892,38.15324555620429
0.75,0.0,0.024242424242424246,0.5927272727272727,0.4297575757575758,35.94403184576377,38.114510571382475
0.75,0.5,0.024242424242424246,0.5927272727272727,0.42458492321250785,35.94403184576377,38.114510571382475
0.75,1.0,0.024242424242424246,0.5927272727272727,0.4194114827273959,35.94403184576377,38.114510571382475
0.75,1.5,0.024242424242424246,0.5927272727272727,0.41423646588202134,35.94403184576377,38.114510571382475
0.75,2.0,0.024242424242424246,0.5927272727272727,0.4090590832951944,35.94403184576377,38.114510571382475
0.75,2.5,0.024242424242424246,0.5927272727272727,0.4038785441427123,35.94403184576377,38.114510571382475
0.75,3.0,0.024242424242424246,0.5927272727272727,0.3986940556734459,35.94403184576377,38.114510571382475
0.75,3.5,0.024242424242424246,0.5927272727272727,0.3935048227229251,35.94403184576377,38.114510571382475
0.75,4.0,0.024242424242424246,0.5927272727272727,0.388310047223786,35.94403184576377,38.114510571382475
0.75,4.5,0.024242424242424246,0.5927272727272727,0.3831089277124383,35.94403184576377,38.114510571382475
0.75,5.0,0.024242424242424246,0.5927272727272727,0.37790065883130086,35.94403184576377,38.114510571382475
0.75,5.5,0.024242424242424246,0.5927272727272727,0.3726844308259438,35.94403184576377,38.114510571382475
0.75,6.0,0.024242424242424246,0.5927272727272727,0.3674594290364657,35.94403184576377,38.114510571382475
0.75,6.5,0.024242424242424246,0.5927272727272727,0.3622248333824186,35.94403184576377,38.114510571382475
0.75,7.0,0.024242424242424246,0.5927272727272727,0.3569798178405814,35.94403184576377,38.114510571382475
0.75,7.5,0.024242424242424246,0.5927272727272727,0.3517235499148648,35.94403184576377,38.114510571382475
0.75,8.0,0.024242424242424246,0.5927272727272727,0.34645519009761283,35.94403184576377,38.114510571382475
0.75,8.5,0.024242424242424246,0.5927272727272727,0.3411738913215473,35.94403184576377,38.114510571382475
0.75,9.0,0.024242424242424246,0.5927272727272727,0.3358787984015779,35.94403184576377,38.114510571382475
0.75,9.5,0.024242424242424246,0.5927272727272727,0.33056904746567983,35.94403184576377,38.114510571382475
0.75,10.0,0.024242424242424246,0.5927272727272727,0.3252437653740129,35.94403184576377,38.114510571382475
0.75,10.5,0.024242424242424246,0.5927272727272727,0.31990206912542996,35.94403184576377,38.114510571382475
0.75,11.0,0.024242424242424246,0.5927272727272727,0.31454306525049175,35.94403184576377,38.114510571382475
0.75,11.5,0.024242424242424246,0.5927272727272727,0.309165849190074,35.94403184576377,38.114510571382475
0.75,12.0,0.024242424242424246,0.5927272727272727,0.30376950465861724,35.94403184576377,38.114510571382475
0.75,12.5,0.024242424242424246,0.5927272727272727,0.29835310299103324,35.94403184576377,38.114510571382475
0.75,13.0,0.024242424242424246,0.5927272727272727,0.292915702472242,35.94403184576377,38.114510571382475
0.75,13.5,0.024242424242424246,0.5927272727272727,0.28745634764827066,35.94403184576377,38.114510571382475
0.75,14.0,0.024242424242424246,0.5927272727272727,0.2819740686177996,35.94403184576377,38.114510571382475
0.75,14.5,0.024242424242424246,0.5927272727272727,0.2764678803029936,35.94403184576377,38.114510571382475
0.75,15.0,0.024242424242424246,0.5927272727272727,0.2709367816984013,35.94403184576377,38.114510571382475
0.75,15.5,0.024242424242424246,0.5927272727272727,0.26537975509665335,35.94403184576377,38.114510571382475
0.75,16.0,0.024242424242424246,0.5927272727272727,0.25979576528962783,35.94403184576377,38.114510571382475
0.75,16.5,0.024242424242424246,0.5927272727272727,0.25418375874368826,35.94403184576377,38.114510571382475
0.75,17.0,0.024242424242424246,0.5927272727272727,0.24854266274753345,35.94403184576377,38.114510571382475
0.75,17.5,0.024242424242424246,0.5927272727272727,0.24287138453112378,35.94403184576377,38.114510571382475
0.75,18.0,0.024242424242424246,0.5927272727272727,0.23716881035407136,35.94403184576377,38.114510571382475
0.75,18.5,0.024242424242424246,0.5927272727272727,0.23143380456180154,35.94403184576377,38.114510571382475
0.75,19.0,0.024242424242424246,0.5927272727272727,0.22566520860770148,35.94403184576377,38.114510571382475
0.75,19.5,0.024242424242424246,0.5927272727272727,0.21986184003938025,35.94403184576377,38.114510571382475
0.75,20.0,0.024242424242424246,0.5927272727272727,0.21402249144706315,35.94403184576377,38.114510571382475
0.75,20.5,0.024242424242424246,0.5927272727272727,0.20814592937203702,35.94403184576377,38.114510571382475
0.75,21.0,0.024242424242424246,0.5927272727272727,0.20223089317294754,35.94403184576377,38.114510571382475
0.75,21.5,0.024242424242424246,0.5927272727272727,0.19627609384762812,35.94403184576377,38.114510571382475
0.75,22.0,0.024242424242424246,0.5927272727272727,0.19028021280801014,35.94403184576377,38.114510571382475
0.75,22.5,0.024242424242424246,0.5927272727272727,0.18424190060552312,35.94403184576377,38.114510571382475
0.75,23.0,0.024242424242424246,0.5927272727272727,0.17815977560424645,35.94403184576377,38.114510571382475
0.75,23.5,0.024242424242424246,0.5927272727272727,0.17203242259891333,35.94403184576377,38.114510571382475
0.75,24.0,0.024242424242424246,0.5927272727272727,0.165858391374698,35.94403184576377,38.114510571382475
0.75,24.5,0.024242424242424246,0.5927272727272727,0.15963619520553474,35.94403184576377,38.114510571382475
0.75,25.0,0.024242424242424246,0.5927272727272727,0.1533643092875221,35.94403184576377,38.114510571382475
0.75,25.5,0.024242424242424246,0.5927272727272727,0.14704116910375725,35.94403184576377,38.114510571382475
0.75,26.0,0.024242424242424246,0.5927272727272727,0.14066516871671975,35.94403184576377,38.114510571382475
0.75,26.5,0.024242424242424246,0.5927272727272727,0.13423465898408737,35.94403184576377,38.114510571382475
0.75,27.0,0.024242424242424246,0.5927272727272727,0.1277479456936053,35.94403184576377,38.114510571382475
0.75,27.5,0.024242424242424246,0.5927272727272727,0.12120328761235893,35.94403184576377,38.114510571382475
0.75,28.0,0.024242424242424246,0.5927272727272727,0.11459889444549931,35.94403184576377,38.114510571382475
0.75,28.5,0.024242424242424246,0.5927272727272727,0.10793292469915683,35.94403184576377,38.114510571382475
0.75,29.0,0.024242424242424246,0.5927272727272727,0.10120348344193458,35.94403184576377,38.114510571382475
0.75,29.5,0.024242424242424246,0.5927272727272727,0.09440861995900662,35.94403184576377,38.114510571382475
0.75,30.0,0.024242424242424246,0.5927272727272727,0.08754632529245221,35.94403184576377,38.114510571382475
0.75,30.5,0.024242424242424246,0.5927272727272727,0.08061452966103105,35.94403184576377,38.114510571382475
0.75,31.0,0.024242424242424246,0.5927272727272727,0.07361109975214913,35.94403184576377,38.114510571382475
0.75,31.5,0.024242424242424246,0.5927272727272727,0.06653383587827066,35.94403184576377,38.114510571382475
0.75,32.0,0.024242424242424246,0.5927272727272727,0.05938046898950172,35.94403184576377,38.114510571382475
0.75,32.5,0.024242424242424246,0.5927272727272727,0.052148657533498066,35.94403184576377,38.114510571382475
0.75,33.0,0.024242424242424246,0.5927272727272727,0.044835984153233144,35.94403184576377,38.114510571382475
0.75,33.5,0.024242424242424246,0.5927272727272727,0.03743995221249319,35.94403184576377,38.114510571382475
0.75,34.0,0.024242424242424246,0.5927272727272727,0.029957982138246575,35.94403184576377,38.114510571382475
0.75,34.5,0.024242424242424246,0.5927272727272727,0.02238740756825608,35.94403184576377,38.114510571382475
0.75,35.0,0.024242424242424246,0.5927272727272727,0.01472547129145696,35.94403184576377,38.114510571382475
0.75,35.5,0.024242424242424246,0.5927272727272727,0.006969320967714521,35.94403184576377,38.114510571382475
0.75,36.0,0.024242424242424246,0.5927272727272727,-0.0008839953874198447,35.94403184576377,38.114510571382475
0.75,36.5,0.024242424242424246,0.5927272727272727,-0.00883753416840044,35.94403184576377,38.114510571382475
0.75,37.0,0.024242424242424246,0.5927272727272727,-0.01689446121244398,35.94403184576377,38.114510571382475
0.75,37.5,0.024242424242424246,0.5927272727272727,-0.02505805711722614,35.94403184576377,38.114510571382475
0.75,38.0,0.024242424242424246,0.5927272727272727,-0.033331722862769364,35.94403184576377,38.114510571382475
0.75,38.5,0.024242424242424246,0.5927272727272727,-0.041718985758264326,35.94403184576377,38.114510571382475
0.75,39.0,0.024242424242424246,0.5927272727272727,-0.05022350573619194,35.94403184576377,38.114510571382475
0.75,39.5,0.024242424242424246,0.5927272727272727,-0.058849082017885246,35.94403184576377,38.114510571382475
0.75,40.0,0.024242424242424246,0.5927272727272727,-0.06759966017659369,35.94403184576377,38.114510571382475
0.8,0.0,0.02580645161290323,0.5935483870967742,0.4281935483870968,35.80717175986331,38.0759980187366
0.8,0.5,0.02580645161290323,0.5935483870967742,0.4230137300854851,35.80717175986331,38.0759980187366
0.8,1.0,0.02580645161290323,0.5935483870967742,0.41783312275228374,35.80717175986331,38.0759980187366
0.8,1.5,0.02580645161290323,0.5935483870967742,0.41265093687506327,35.80717175986331,38.0759980187366
0.8,2.0,0.02580645161290323,0.5935483870967742,0.4074663819790917,35.80717175986331,38.0759980187366
0.8,2.5,0.02580645161290323,0.5935483870967742,0.4022786661446251,35.80717175986331,38.0759980187366
0.8,3.0,0.02580645161290323,0.5935483870967742,0.39708699552232396,35.80717175986331,38.0759980187366
0.8,3.5,0.02580645161290323,0.5935483870967742,0.39189057384616416,35.80717175986331,38.0759980187366
0.8,4.0,0.02580645161290323,0.5935483870967742,0.38668860194320676,35.80717175986331,38.0759980187366
0.8,4.5,0.02580645161290323,0.5935483870967742,0.38148027723958133,35.80717175986331,38.0759980187366
0.8,5.0,0.02580645161290323,0.5935483870967742,0.3762647932620322,35.80717175986331,38.0759980187366
0.8,5.5,0.02580645161290323,0.5935483870967742,0.3710413391343642,35.80717175986331,38.0759980187366
0.8,6.0,0.02580645161290323,0.5935483870967742,0.3658090990681146,35.80717175986331,38.0759980187366
0.8,6.5,0.02580645161290323,0.5935483870967742,0.36056725184676525,35.80717175986331,38.0759980187366
0.8,7.0,0.02580645161290323,0.5935483870967742,0.35531497030279213,35.80717175986331,38.0759980187366
0.8,7.5,0.02580645161290323,0.5935483870967742,0.35005142078683604,35.80717175986331,38.0759980187366
0.8,8.0,0.02580645161290323,0.5935483870967742,0.344775762628258,35.80717175986331,38.0759980187366
0.8,8.5,0.02580645161290323,0.5935483870967742,0.33948714758632415,35.80717175986331,38.0759980187366
0.8,9.0,0.02580645161290323,0.5935483870967742,0.334184719291243,35.80717175986331,38.0759980187366
0.8,9.5,0.02580645161290323,0.5935483870967742,0.3288676126742542,35.80717175986331,38.0759980187366
0.8,10.0,0.02580645161290323,0.5935483870967742,0.3235349533859434,35.80717175986331,38.0759980187366
0.8,10.5,0.02580645161290323,0.5935483870967742,0.318185857201928,35.80717175986331,38.0759980187366
0.8,11.0,0.02580645161290323,0.5935483870967742,0.3128194294150316,35.80717175986331,38.0759980187366
0.8,11.5,0.02580645161290323,0.5935483870967742,0.30743476421303007,35.80717175986331,38.0759980187366
0.8,12.0,0.02580645161290323,0.5935483870967742,0.30203094404101916,35.80717175986331,38.0759980187366
0.8,12.5,0.02580645161290323,0.5935483870967742,0.29660703894741636,35.80717175986331,38.0759980187366
0.8,13.0,0.02580645161290323,0.5935483870967742,0.29116210591256897,35.80717175986331,38.0759980187366
0.8,13.5,0.02580645161290323,0.5935483870967742,0.2856951881588989,35.80717175986331,38.0759980187366
0.8,14.0,0.02580645161290323,0.5935483870967742,0.28020531444146696,35.80717175986331,38.0759980187366
0.8,14.5,0.02580645161290323,0.5935483870967742,0.27469149831779416,35.80717175986331,38.0759980187366
0.8,15.0,0.02580645161290323,0.5935483870967742,0.26915273739572076,35.80717175986331,38.0759980187366
0.8,15.5,0.02580645161290323,0.5935483870967742,0.2635880125580314,35.80717175986331,38.0759980187366
0.8,16.0,0.02580645161290323,0.5935483870967742,0.257996287162514,35.80717175986331,38.0759980187366
0.8,16.5,0.02580645161290323,0.5935483870967742,0.25237650621605556,35.80717175986331,38.0759980187366
0.8,17.0,0.02580645161290323,0.5935483870967742,0.24672759552131127,35.80717175986331,38.0759980187366
0.8,17.5,0.02580645161290323,0.5935483870967742,0.2410484607944098,35.80717175986331,38.0759980187366
0.8,18.0,0.02580645161290323,0.5935483870967742,0.23533798675208145,35.80717175986331,38.0759980187366
0.8,18.5,0.02580645161290323,0.5935483870967742,0.22959503616651142,35.80717175986331,38.0759980187366
0.8,19.0,0.02580645161290323,0.5935483870967742,0.22381844888613417,35.80717175986331,38.0759980187366
0.8,19.5,0.02580645161290323,0.5935483870967742,0.21800704082048894,35.80717175986331,38.0759980187366
0.8,20.0,0.02580645161290323,0.5935483870967742,0.21215960288715735,35.80717175986331,38.0759980187366
0.8,20.5,0.02580645161290323,0.5935483870967742,0.20627489991869657,35.80717175986331,38.0759980187366
0.8,21.0,0.02580645161290323,0.5935483870967742,0.20035166952736613,35.80717175986331,38.0759980187366
0.8,21.5,0.02580645161290323,0.5935483870967742,0.19438862092532452,35.80717175986331,38.0759980187366
0.8,22.0,0.02580645161290323,0.5935483870967742,0.18838443369784244,35.80717175986331,38.0759980187366
0.8,22.5,0.02580645161290323,0.5935483870967742,0.18233775652693715,35.80717175986331,38.0759980187366
0.8,23.0,0.02580645161290323,0.5935483870967742,0.17624720586268622,35.80717175986331,38.0759980187366
0.8,23.5,0.02580645161290323,0.5935483870967742,0.17011136453931686,35.80717175986331,38.0759980187366
0.8,24.0,0.02580645161290323,0.5935483870967742,0.1639287803329979,35.80717175986331,38.0759980187366
0.8,24.5,0.02580645161290323,0.5935483870967742,0.15769796445807882,35.80717175986331,38.0759980187366
0.8,25.0,0.02580645161290323,0.5935483870967742,0.15141738999832344,35.80717175986331,38.0759980187366
0.8,25.5,0.02580645161290323,0.5935483870967742,0.14508549026947914,35.80717175986331,38.0759980187366
0.8,26.0,0.02580645161290323,0.5935483870967742,0.1387006571092952,35.80717175986331,38.0759980187366
0.8,26.5,0.02580645161290323,0.5935483870967742,0.1322612390908665,35.80717175986331,38.0759980187366
0.8,27.0,0.02580645161290323,0.5935483870967742,0.1257655396549197,35.80717175986331,38.0759980187366
0.8,27.5,0.02580645161290323,0.5935483870967742,0.1192118151563829,35.80717175986331,38.0759980187366
0.8,28.0,0.02580645161290323,0.5935483870967742,0.11259827282028362,35.80717175986331,38.0759980187366
0.8,28.5,0.02580645161290323,0.5935483870967742,0.10592306860170198,35.80717175986331,38.0759980187366
0.8,29.0,0.02580645161290323,0.5935483870967742,0.09918430494416297,35.80717175986331,38.0759980187366
0.8,29.5,0.02580645161290323,0.5935483870967742,0.09238002843048482,35.80717175986331,38.0759980187366
0.8,30.0,0.02580645161290323,0.5935483870967742,0.08550822731970603,35.80717175986331,38.0759980187366
0.8,30.5,0.02580645161290323,0.5935483870967742,0.07856682896328593,35.80717175986331,38.0759980187366
0.8,31.0,0.02580645161290323,0.5935483870967742,0.07155369709331905,35.80717175986331,38.0759980187366
0.8,31.5,0.02580645161290323,0.5935483870967742,0.06446662897500816,35.80717175986331,38.0759980187366
0.8,32.0,0.02580645161290323,0.5935483870967742,0.057303352415108866,35.80717175986331,38.0759980187366
0.8,32.5,0.02580645161290323,0.5935483870967742,0.05006152261748792,35.80717175986331,38.0759980187366
0.8,33.0,0.02580645161290323,0.5935483870967742,0.042738718876316306,35.80717175986331,38.0759980187366
0.8,33.5,0.02580645161290323,0.5935483870967742,0.03533244109675088,35.80717175986331,38.0759980187366
0.8,34.0,0.02580645161290323,0.5935483870967742,0.02784010613223714,35.80717175986331,38.0759980187366
0.8,34.5,0.02580645161290323,0.5935483870967742,0.020259043926784515,35.80717175986331,38.0759980187366
0.8,35.0,0.02580645161290323,0.5935483870967742,0.012586493449720737,35.80717175986331,38.0759980187366
0.8,35.5,0.02580645161290323,0.5935483870967742,0.004819598409519454,35.80717175986331,38.0759980187366
0.8,36.0,0.02580645161290323,0.5935483870967742,-0.003044597267697957,35.80717175986331,38.0759980187366
0.8,36.5,0.02580645161290323,0.5935483870967742,-0.011009154210457117,35.80717175986331,38.0759980187366
0.8,37.0,0.02580645161290323,0.5935483870967742,-0.019077242641658443,35.80717175986331,38.0759980187366
0.8,37.5,0.02580645161290323,0.5935483870967742,-0.027252147703640983,35.80717175986331,38.0759980187366
0.8,38.0,0.02580645161290323,0.5935483870967742,-0.03553727508785803,35.80717175986331,38.0759980187366
0.8,38.5,0.02580645161290323,0.5935483870967742,-0.043936156989936914,35.80717175986331,38.0759980187366
0.8,39.0,0.02580645161290323,0.5935483870967742,-0.052452458412520275,35.80717175986331,38.0759980187366
0.8,39.5,0.02580645161290323,0.5935483870967742,-0.06108998384006192,35.80717175986331,38.0759980187366
0.8,40.0,0.02580645161290323,0.5935483870967742,-0.0698526843116758,35.80717175986331,38.0759980187366
0.8500000000000001,0.0,0.027364185110663988,0.5943661971830985,0.42663581488933605,35.67076977281832,38.037706022309955
0.8500000000000001,0.5,0.027364185110663988,0.5943661971830985,0.42144885966722306,35.67076977281832,38.037706022309955
0.8500000000000001,1.0,0.027364185110663988,0.5943661971830985,0.4162611143263673,35.67076977281832,38.037706022309955
0.8500000000000001,1.5,0.027364185110663988,0.5943661971830985,0.4110717882665235,35.67076977281832,38.037706022309955
0.8500000000000001,2.0,0.027364185110663988,0.5943661971830985,0.4058800899238184,35.67076977281832,38.037706022309955
0.8500000000000001,2.5,0.027364185110663988,0.5943661971830985,0.40068522628737535,35.67076977281832,38.037706022309955
0.8500000000000001,3.0,0.027364185110663988,0.5943661971830985,0.3954864024140637,35.67076977281832,38.037706022309955
0.8500000000000001,3.5,0.027364185110663988,0.5943661971830985,0.39028282094073835,35.67076977281832,38.037706022309955
0.8500000000000001,4.0,0.027364185110663988,0.5943661971830985,0.3850736815933341,35.67076977281832,38.037706022309955
0.8500000000000001,4.5,0.027364185110663988,0.5943661971830985,0.3798581806921685,35.67076977281832,38.037706022309955
0.8500000000000001,5.0,0.027364185110663988,0.5943661971830985,0.37463551065280093,35.67076977281832,38.037706022309955
0.8500000000000001,5.5,0.027364185110663988,0.5943661971830985,0.3694048594817849,35.67076977281832,38.037706022309955
0.8500000000000001,6.0,0.027364185110663988,0.5943661971830985,0.36416541026663823,35.67076977281832,38.037706022309955
0.8500000000000001,6.5,0.027364185110663988,0.5943661971830985,0.35891634065934397,35.67076977281832,38.037706022309955
0.8500000000000001,7.0,0.027364185110663988,0.5943661971830985,0.3536568223526801,35.67076977281832,38.037706022309955
0.8500000000000001,7.5,0.027364185110663988,0.5943661971830985,0.3483860205486585,35.67076977281832,38.037706022309955
0.8500000000000001,8.0,0.027364185110663988,0.5943661971830985,0.3431030934183372,35.67076977281832,38.037706022309955
0.8500000000000001,8.5,0.027364185110663988,0.5943661971830985,0.3378071915522488,35.67076977281832,38.037706022309955
0.8500000000000001,9.0,0.027364185110663988,0.5943661971830985,0.33249745740066805,35.67076977281832,38.037706022309955
0.8500000000000001,9.5,0.027364185110663988,0.5943661971830985,0.32717302470291487,35.67076977281832,38.037706022309955
0.8500000000000001,10.0,0.027364185110663988,0.5943661971830985,0.3218330179048682,35.67076977281832,38.037706022309955
0.8500000000000001,10.5,0.027364185110663988,0.5943661971830985,0.31647655156383253,35.67076977281832,38.037706022309955
0.8500000000000001,11.0,0.027364185110663988,0.5943661971830985,0.31110272973987524,35.67076977281832,38.037706022309955
0.8500000000000001,11.5,0.027364185110663988,0.5943661971830985,0.30571064537271475,35.67076977281832,38.037706022309955
0.8500000000000001,12.0,0.027364185110663988,0.5943661971830985,0.30029937964321024,35.67076977281832,38.037706022309955
0.8500000000000001,12.5,0.027364185110663988,0.5943661971830985,0.2948680013184619,35.67076977281832,38.037706022309955
0.8500000000000001,13.0,0.027364185110663988,0.5943661971830985,0.28941556607949437,35.67076977281832,38.037706022309955
0.8500000000000001,13.5,0.027364185110663988,0.5943661971830985,0.28394111583045023,35.67076977281832,38.037706022309955
0.8500000000000001,14.0,0.027364185110663988,0.5943661971830985,0.278443677988178,35.67076977281832,38.037706022309955
0.8500000000000001,14.5,0.027364185110663988,0.5943661971830985,0.27292226475104636,35.67076977281832,38.037706022309955
0.8500000000000001,15.0,0.027364185110663988,0.5943661971830985,0.2673758723457674,35.67076977281832,38.037706022309955
0.8500000000000001,15.5,0.027364185110663988,0.5943661971830985,0.26180348025095324,35.67076977281832,38.037706022309955
0.8500000000000001,16.0,0.027364185110663988,0.5943661971830985,0.25620405039607275,35.67076977281832,38.037706022309955
0.8500000000000001,16.5,0.027364185110663988,0.5943661971830985,0.2505765263344095,35.67076977281832,38.037706022309955
0.8500000000000001,17.0,0.027364185110663988,0.5943661971830985,0.24491983238855483,35.67076977281832,38.037706022309955
0.8500000000000001,17.5,0.027364185110663988,0.5943661971830985,0.239232872766898,35.67076977281832,38.037706022309955
0.8500000000000001,18.0,0.027364185110663988,0.5943661971830985,0.233514530649496,35.67076977281832,38.037706022309955
0.8500000000000001,18.5,0.027364185110663988,0.5943661971830985,0.227763667241625,35.67076977281832,38.037706022309955
0.8500000000000001,19.0,0.027364185110663988,0.5943661971830985,0.22197912079322518,35.67076977281832,38.037706022309955
0.8500000000000001,19.5,0.027364185110663988,0.5943661971830985,0.21615970558235784,35.67076977281832,38.037706022309955
0.8500000000000001,20.0,0.027364185110663988,0.5943661971830985,0.2103042108606919,35.67076977281832,38.037706022309955
0.8500000000000001,20.5,0.027364185110663988,0.5943661971830985,0.20441139975893105,35.67076977281832,38.037706022309955
0.8500000000000001,21.0,0.027364185110663988,0.5943661971830985,0.1984800081499763,35.67076977281832,38.037706022309955
0.8500000000000001,21.5,0.027364185110663988,0.5943661971830985,0.19250874346749708,35.67076977281832,38.037706022309955
0.8500000000000001,22.0,0.027364185110663988,0.5943661971830985,0.18649628347745417,35.67076977281832,38.037706022309955
0.8500000000000001,22.5,0.027364185110663988,0.5943661971830985,0.1804412749999754,35.67076977281832,38.037706022309955
0.8500000000000001,23.0,0.027364185110663988,0.5943661971830985,0.17434233257883863,35.67076977281832,38.037706022309955
0.8500000000000001,23.5,0.027364185110663988,0.5943661971830985,0.16819803709565445,35.67076977281832,38.037706022309955
0.8500000000000001,24.0,0.027364185110663988,0.5943661971830985,0.16200693432567093,35.67076977281832,38.037706022309955
0.8500000000000001,24.5,0.027364185110663988,0.5943661971830985,0.15576753343194072,35.67076977281832,38.037706022309955
0.8500000000000001,25.0,0.027364185110663988,0.5943661971830985,0.14947830539439327,35.67076977281832,38.037706022309955
0.8500000000000001,25.5,0.027364185110663988,0.5943661971830985,0.14313768137014793,35.67076977281832,38.037706022309955
0.8500000000000001,26.0,0.027364185110663988,0.5943661971830985,0.1367440509811762,35.67076977281832,38.037706022309955
0.8500000000000001,26.5,0.027364185110663988,0.5943661971830985,0.13029576052518393,35.67076977281832,38.037706022309955
0.8500000000000001,27.0,0.027364185110663988,0.5943661971830985,0.12379111110532348,35.67076977281832,38.037706022309955
0.8500000000000001,27.5,0.027364185110663988,0.5943661971830985,0.11722835667407289,35.67076977281832,38.037706022309955
0.8500000000000001,28.0,0.027364185110663988,0.5943661971830985,0.11060570198631636,35.67076977281832,38.037706022309955
0.8500000000000001,28.5,0.027364185110663988,0.5943661971830985,0.10392130045634967,35.67076977281832,38.037706022309955
0.8500000000000001,29.0,0.027364185110663988,0.5943661971830985,0.09717325191318327,35.67076977281832,38.037706022309955
0.8500000000000001,29.5,0.027364185110663988,0.5943661971830985,0.09035960024815443,35.67076977281832,38.037706022309955
0.8500000000000001,30.0,0.027364185110663988,0.5943661971830985,0.08347833094845997,35.67076977281832,38.037706022309955
0.8500000000000001,30.5,0.027364185110663988,0.5943661971830985,0.07652736850979741,35.67076977281832,38.037706022309955
0.8500000000000001,31.0,0.027364185110663988,0.5943661971830985,0.06950457372084251,35.67076977281832,38.037706022309955
0.8500000000000001,31.5,0.027364185110663988,0.5943661971830985,0.06240774081179906,35.67076977281832,38.037706022309955
0.8500000000000001,32.0,0.027364185110663988,0.5943661971830985,0.05523459445872175,35.67076977281832,38.037706022309955
0.8500000000000001,32.5,0.027364185110663988,0.5943661971830985,0.04798278663474159,35.67076977281832,38.037706022309955
0.8500000000000001,33.0,0.027364185110663988,0.5943661971830985,0.040649893298703055,35.67076977281832,38.037706022309955
0.8500000000000001,33.5,0.027364185110663988,0.5943661971830985,0.033233410911051864,35.67076977281832,38.037706022309955
0.8500000000000001,34.0,0.027364185110663988,0.5943661971830985,0.025730752766090992,35.67076977281832,38.037706022309955
0.8500000000000001,34.5,0.027364185110663988,0.5943661971830985,0.018139245128940773,35.67076977281832,38.037706022309955
0.8500000000000001,35.0,0.027364185110663988,0.5943661971830985,0.0104561231646918,35.67076977281832,38.037706022309955
0.8500000000000001,35.5,0.027364185110663988,0.5943661971830985,0.0026785266463273394,35.67076977281832,38.037706022309955
0.8500000000000001,36.0,0.027364185110663988,0.5943661971830985,-0.0051965045730050785,35.67076977281832,38.037706022309955
0.8500000000000001,36.5,0.027364185110663988,0.5943661971830985,-0.01317203533886352,35.67076977281832,38.037706022309955
0.8500000000000001,37.0,0.027364185110663988,0.5943661971830985,-0.021251240242183778,35.67076977281832,38.037706022309955
0.8500000000000001,37.5,0.027364185110663988,0.5943661971830985,-0.029437408951679733,35.67076977281832,38.037706022309955
0.8500000000000001,38.0,0.027364185110663988,0.5943661971830985,-0.03773395185127615,35.67076977281832,38.037706022309955
0.8500000000000001,38.5,0.027364185110663988,0.5943661971830985,-0.04614440600337322,35.67076977281832,38.037706022309955
0.8500000000000001,39.0,0.027364185110663988,0.5943661971830985,-0.054672441460372256,35.67076977281832,38.037706022309955
0.8500000000000001,39.5,0.027364185110663988,0.5943661971830985,-0.06332186794866834,35.67076977281832,38.037706022309955
0.8500000000000001,40.0,0.027364185110663988,0.5943661971830985,-0.07209664195124432,35.67076977281832,38.037706022309955
0.9,0.0,0.028915662650602414,0.5951807228915662,0.4250843373493976,35.53482512682797,37.999632726783034
0.9,0.5,0.028915662650602414,0.5951807228915662,0.41989027386911465,35.53482512682797,37.999632726783034
0.9,1.0,0.028915662650602414,0.5951807228915662,0.41469541918730185,35.53482512682797,37.999632726783034
0.9,1.5,0.028915662650602414,0.5951807228915662,0.40949898162026704,35.53482512682797,37.999632726783034
0.9,2.0,0.028915662650602414,0.5951807228915662,0.40430016851936945,35.53482512682797,37.999632726783034
0.9,2.5,0.028915662650602414,0.5951807228915662,0.399098185786982,35.53482512682797,37.999632726783034
0.9,3.0,0.028915662650602414,0.5951807228915662,0.3938922373905755,35.53482512682797,37.999632726783034
0.9,3.5,0.028915662650602414,0.5951807228915662,0.3886815248742901,35.53482512682797,37.999632726783034
0.9,4.0,0.028915662650602414,0.5951807228915662,0.38346524686735645,35.53482512682797,37.999632726783034
0.9,4.5,0.028915662650602414,0.5951807228915662,0.3782425985887211,35.53482512682797,37.999632726783034
0.9,5.0,0.028915662650602414,0.5951807228915662,0.37301277134722116,35.53482512682797,37.999632726783034
0.9,5.5,0.028915662650602414,0.5951807228915662,0.36777495203664573,35.53482512682797,37.999632726783034
0.9,6.0,0.028915662650602414,0.5951807228915662,0.362528322625007,35.53482512682797,37.999632726783034
0.9,6.5,0.028915662650602414,0.5951807228915662,0.3572720596373339,35.53482512682797,37.999632726783034
0.9,7.0,0.028915662650602414,0.5951807228915662,0.3520053336312833,35.53482512682797,37.999632726783034
0.9,7.5,0.028915662650602414,0.5951807228915662,0.3467273086648512,35.53482512682797,37.999632726783034
0.9,8.0,0.028915662650602414,0.5951807228915662,0.34143714175544415,35.53482512682797,37.999632726783034
0.9,8.5,0.028915662650602414,0.5951807228915662,0.33613398232955527,35.53482512682797,37.999632726783034
0.9,9.0,0.028915662650602414,0.5951807228915662,0.330816971662264,35.53482512682797,37.999632726783034
0.9,9.5,0.028915662650602414,0.5951807228915662,0.32548524230575754,35.53482512682797,37.999632726783034
0.9,10.0,0.028915662650602414,0.5951807228915662,0.32013791750604614,35.53482512682797,37.999632726783034
0.9,10.5,0.028915662650602414,0.5951807228915662,0.3147741106070145,35.53482512682797,37.999632726783034
0.9,11.0,0.028915662650602414,0.5951807228915662,0.3093929244409242,35.53482512682797,37.999632726783034
0.9,11.5,0.028915662650602414,0.5951807228915662,0.30399345070444883,35.53482512682797,37.999632726783034
0.9,12.0,0.028915662650602414,0.5951807228915662,0.29857476931928806,35.53482512682797,37.999632726783034
0.9,12.5,0.028915662650602414,0.5951807228915662,0.29313594777637075,35.53482512682797,37.999632726783034
0.9,13.0,0.028915662650602414,0.5951807228915662,0.2876760404626167,35.53482512682797,37.999632726783034
0.9,13.5,0.028915662650602414,0.5951807228915662,0.282194087969184,35.53482512682797,37.999632726783034
0.9,14.0,0.028915662650602414,0.5951807228915662,0.27668911638008287,35.53482512682797,37.999632726783034
0.9,14.5,0.028915662650602414,0.5951807228915662,0.2711601365399882,35.53482512682797,37.999632726783034
0.9,15.0,0.028915662650602414,0.5951807228915662,0.26560614330003063,35.53482512682797,37.999632726783034
0.9,15.5,0.028915662650602414,0.5951807228915662,0.2600261147402889,35.53482512682797,37.999632726783034
0.9,16.0,0.028915662650602414,0.5951807228915662,0.25441901136764933,35.53482512682797,37.999632726783034
0.9,16.5,0.028915662650602414,0.5951807228915662,0.24878377528762935,35.53482512682797,37.999632726783034
0.9,17.0,0.028915662650602414,0.5951807228915662,0.24311932934870095,35.53482512682797,37.999632726783034
0.9,17.5,0.028915662650602414,0.5951807228915662,0.23742457625756888,35.53482512682797,37.999632726783034
0.9,18.0,0.028915662650602414,0.5951807228915662,0.23169839766378833,35.53482512682797,37.999632726783034
0.9,18.5,0.028915662650602414,0.5951807228915662,0.22593965321201914,35.53482512682797,37.999632726783034
0.9,19.0,0.028915662650602414,0.5951807228915662,0.22014717956012697,35.53482512682797,37.999632726783034
0.9,19.5,0.028915662650602414,0.5951807228915662,0.21431978936124724,35.53482512682797,37.999632726783034
0.9,20.0,0.028915662650602414,0.5951807228915662,0.2084562702078266,35.53482512682797,37.999632726783034
0.9,20.5,0.028915662650602414,0.5951807228915662,0.20255538353555,35.53482512682797,37.999632726783034
0.9,21.0,0.028915662650602414,0.5951807228915662,0.19661586348494534,35.53482512682797,37.999632726783034
0.9,21.5,0.028915662650602414,0.5951807228915662,0.1906364157183355,35.53482512682797,37.999632726783034
0.9,22.0,0.028915662650602414,0.5951807228915662,0.1846157161896778,35.53482512682797,37.999632726783034
0.9,22.5,0.028915662650602414,0.5951807228915662,0.17855240986468804,35.53482512682797,37.999632726783034
0.9,23.0,0.028915662650602414,0.5951807228915662,0.17244510938850033,35.53482512682797,37.999632726783034
0.9,23.5,0.028915662650602414,0.5951807228915662,0.1662923936979504,35.53482512682797,37.999632726783034
0.9,24.0,0.028915662650602414,0.5951807228915662,0.16009280657540137,35.53482512682797,37.999632726783034
0.9,24.5,0.028915662650602414,0.5951807228915662,0.15384485514084723,35.53482512682797,37.999632726783034
0.9,25.0,0.028915662650602414,0.5951807228915662,0.14754700827883221,35.53482512682797,37.999632726783034
0.9,25.5,0.028915662650602414,0.5951807228915662,0.14119769499651674,35.53482512682797,37.999632726783034
0.9,26.0,0.028915662650602414,0.5951807228915662,0.13479530270899337,35.53482512682797,37.999632726783034
0.9,26.5,0.028915662650602414,0.5951807228915662,0.12833817544771675,35.53482512682797,37.999632726783034
0.9,27.0,0.028915662650602414,0.5951807228915662,0.12182461198765326,35.53482512682797,37.999632726783034
0.9,27.5,0.028915662650602414,0.5951807228915662,0.11525286388847877,35.53482512682797,37.999632726783034
0.9,28.0,0.028915662650602414,0.5951807228915662,0.10862113344485486,35.53482512682797,37.999632726783034
0.9,28.5,0.028915662650602414,0.5951807228915662,0.10192757154049664,35.53482512682797,37.999632726783034
0.9,29.0,0.028915662650602414,0.5951807228915662,0.09517027540040018,35.53482512682797,37.999632726783034
0.9,29.5,0.028915662650602414,0.5951807228915662,0.0883472862352308,35.53482512682797,37.999632726783034
0.9,30.0,0.028915662650602414,0.5951807228915662,0.08145658677147583,35.53482512682797,37.999632726783034
0.9,30.5,0.028915662650602414,0.5951807228915662,0.07449609866053958,35.53482512682797,37.999632726783034
0.9,31.0,0.028915662650602414,0.5951807228915662,0.06746367975950024,35.53482512682797,37.999632726783034
0.9,31.5,0.028915662650602414,0.5951807228915662,0.06035712127575138,35.53482512682797,37.999632726783034
0.9,32.0,0.028915662650602414,0.5951807228915662,0.0531741447672196,35.53482512682797,37.999632726783034
0.9,32.5,0.028915662650602414,0.5951807228915662,0.04591239898927518,35.53482512682797,37.999632726783034
0.9,33.0,0.028915662650602414,0.5951807228915662,0.038569456578831096,35.53482512682797,37.999632726783034
0.9,33.5,0.028915662650602414,0.5951807228915662,0.031142810565455925,35.53482512682797,37.999632726783034
0.9,34.0,0.028915662650602414,0.5951807228915662,0.02362987069860395,35.53482512682797,37.999632726783034
0.9,34.5,0.028915662650602414,0.5951807228915662,0.016027959579280937,35.53482512682797,37.999632726783034
0.9,35.0,0.028915662650602414,0.5951807228915662,0.00833430858361861,35.53482512682797,37.999632726783034
0.9,35.5,0.028915662650602414,0.5951807228915662,0.0005460535649149945,35.53482512682797,37.999632726783034
0.9,36.0,0.028915662650602414,0.5951807228915662,-0.007339769680299035,35.53482512682797,37.999632726783034
0.9,36.5,0.028915662650602414,0.5951807228915662,-0.015326230197678148,35.53482512682797,37.999632726783034
0.9,37.0,0.028915662650602414,0.5951807228915662,-0.023416506928650938,35.53482512682797,37.999632726783034
0.9,37.5,0.028915662650602414,0.5951807228915662,-0.031613894050128155,35.53482512682797,37.999632726783034
0.9,38.0,0.028915662650602414,0.5951807228915662,-0.03992180661966066,35.53482512682797,37.999632726783034
0.9,38.5,0.028915662650602414,0.5951807228915662,-0.04834378654687621,35.53482512682797,37.999632726783034
0.9,39.0,0.028915662650602414,0.5951807228915662,-0.056883508913654734,35.53482512682797,37.999632726783034
0.9,39.5,0.028915662650602414,0.5951807228915662,-0.06554478866728053,35.53482512682797,37.999632726783034
0.9,40.0,0.028915662650602414,0.5951807228915662,-0.07433158771274245,35.53482512682797,37.999632726783034
0.9500000000000001,0.0,0.03046092184368738,0.5959919839679357,0.42353907815631264,35.39933704856733,37.961776297196316
0.9500000000000001,0.5,0.03046092184368738,0.5959919839679357,0.4183379349078724,35.39933704856733,37.961776297196316
0.9500000000000001,1.0,0.03046092184368738,0.5959919839679357,0.4131359993794551,35.39933704856733,37.961776297196316
0.9500000000000001,1.5,0.03046092184368738,0.5959919839679357,0.40793247880826417,35.39933704856733,37.961776297196316
0.9500000000000001,2.0,0.03046092184368738,0.5959919839679357,0.40272657946523893,35.39933704856733,37.961776297196316
0.9500000000000001,2.5,0.03046092184368738,0.5959919839679357,0.39751750617035775,35.39933704856733,37.961776297196316
0.9500000000000001,3.0,0.03046092184368738,0.5959919839679357,0.3923044618060592,35.39933704856733,37.961776297196316
0.9500000000000001,3.5,0.03046092184368738,0.5959919839679357,0.38708664682814825,35.39933704856733,37.961776297196316
0.9500000000000001,4.0,0.03046092184368738,0.5959919839679357,0.3818632587735471,35.39933704856733,37.961776297196316
0.9500000000000001,4.5,0.03046092184368738,0.5959919839679357,0.3766334917642455,35.39933704856733,37.961776297196316
0.9500000000000001,5.0,0.03046092184368738,0.5959919839679357,0.371396536006794,35.39933704856733,37.961776297196316
0.9500000000000001,5.5,0.03046092184368738,0.5959919839679357,0.3661515772866774,35.39933704856733,37.961776297196316
0.9500000000000001,6.0,0.03046092184368738,0.5959919839679357,0.36089779645688946,35.39933704856733,37.961776297196316
0.9500000000000001,6.5,0.03046092184368738,0.5959919839679357,0.3556343689200213,35.39933704856733,37.961776297196316
0.9500000000000001,7.0,0.03046092184368738,0.5959919839679357,0.3503604641031587,35.39933704856733,37.961776297196316
0.9500000000000001,7.5,0.03046092184368738,0.5959919839679357,0.34507524492486674,35.39933704856733,37.961776297196316
0.9500000000000001,8.0,0.03046092184368738,0.5959919839679357,0.33977786725352466,35.39933704856733,37.961776297196316
0.9500000000000001,8.5,0.03046092184368738,0.5959919839679357,0.3344674793562513,35.39933704856733,37.961776297196316
0.9500000000000001,9.0,0.03046092184368738,0.5959919839679357,0.3291432213376412,35.39933704856733,37.961776297196316
0.9500000000000001,9.5,0.03046092184368738,0.5959919839679357,0.3238042245675067,35.39933704856733,37.961776297196316
0.9500000000000001,10.0,0.03046092184368738,0.5959919839679357,0.3184496110967987,35.39933704856733,37.961776297196316
0.9500000000000001,10.5,0.03046092184368738,0.5959919839679357,0.31307849306084506,35.39933704856733,37.961776297196316
0.9500000000000001,11.0,0.03046092184368738,0.5959919839679357,0.30768997206902315,35.39933704856733,37.961776297196316
0.9500000000000001,11.5,0.03046092184368738,0.5959919839679357,0.30228313857994354,35.39933704856733,37.961776297196316
0.9500000000000001,12.0,0.03046092184368738,0.5959919839679357,0.29685707126119326,35.39933704856733,37.961776297196316
0.9500000000000001,12.5,0.03046092184368738,0.5959919839679357,0.2914108363326447,35.39933704856733,37.961776297196316
0.9500000000000001,13.0,0.03046092184368738,0.5959919839679357,0.2859434868922997,35.39933704856733,37.961776297196316
0.9500000000000001,13.5,0.03046092184368738,0.5959919839679357,0.28045406222359426,35.39933704856733,37.961776297196316
0.9500000000000001,14.0,0.03046092184368738,0.5959919839679357,0.2749415870830423,35.39933704856733,37.961776297196316
0.9500000000000001,14.5,0.03046092184368738,0.5959919839679357,0.26940507096705063,35.39933704856733,37.961776297196316
0.9500000000000001,15.0,0.03046092184368738,0.5959919839679357,0.2638435073566816,35.39933704856733,37.961776297196316
0.9500000000000001,15.5,0.03046092184368738,0.5959919839679357,0.2582558729390863,35.39933704856733,37.961776297196316
0.9500000000000001,16.0,0.03046092184368738,0.5959919839679357,0.25264112680426964,35.39933704856733,37.961776297196316
0.9500000000000001,16.5,0.03046092184368738,0.5959919839679357,0.24699820961578628,35.39933704856733,37.961776297196316
0.9500000000000001,17.0,0.03046092184368738,0.5959919839679357,0.24132604275389666,35.39933704856733,37.961776297196316
0.9500000000000001,17.5,0.03046092184368738,0.5959919839679357,0.23562352742963996,35.39933704856733,37.961776297196316
0.9500000000000001,18.0,0.03046092184368738,0.5959919839679357,0.2298895437682038,35.39933704856733,37.961776297196316
0.9500000000000001,18.5,0.03046092184368738,0.5959919839679357,0.22412294985988673,35.39933704856733,37.961776297196316
0.9500000000000001,19.0,0.03046092184368738,0.5959919839679357,0.2183225807768609,35.39933704856733,37.961776297196316
0.9500000000000001,19.5,0.03046092184368738,0.5959919839679357,0.2124872475538486,35.39933704856733,37.961776297196316
0.9500000000000001,20.0,0.03046092184368738,0.5959919839679357,0.20661573613072437,35.39933704856733,37.961776297196316
0.9500000000000001,20.5,0.03046092184368738,0.5959919839679357,0.20070680625494813,35.39933704856733,37.961776297196316
0.9500000000000001,21.0,0.03046092184368738,0.5959919839679357,0.194759190341618,35.39933704856733,37.961776297196316
0.9500000000000001,21.5,0.03046092184368738,0.5959919839679357,0.18877159228880994,35.39933704856733,37.961776297196316
0.9500000000000001,22.0,0.03046092184368738,0.5959919839679357,0.1827426862457403,35.39933704856733,37.961776297196316
0.9500000000000001,22.5,0.03046092184368738,0.5959919839679357,0.17667111533114543,35.39933704856733,37.961776297196316
0.9500000000000001,23.0,0.03046092184368738,0.5959919839679357,0.17055549029912542,35.39933704856733,37.961776297196316
0.9500000000000001,23.5,0.03046092184368738,0.5959919839679357,0.16439438814953583,35.39933704856733,37.961776297196316
0.9500000000000001,24.0,0.03046092184368738,0.5959919839679357,0.15818635067984244,35.39933704856733,37.961776297196316
0.9500000000000001,24.5,0.03046092184368738,0.5959919839679357,0.15192988297516907,35.39933704856733,37.961776297196316
0.9500000000000001,25.0,0.03046092184368738,0.5959919839679357,0.14562345183307307,35.39933704856733,37.961776297196316
0.9500000000000001,25.5,0.03046092184368738,0.5959919839679357,0.13926548411937317,35.39933704856733,37.961776297196316
0.9500000000000001,26.0,0.03046092184368738,0.5959919839679357,0.13285436505112797,35.39933704856733,37.961776297196316
0.9500000000000001,26.5,0.03046092184368738,0.5959919839679357,0.12638843640262432,35.39933704856733,37.961776297196316
0.9500000000000001,27.0,0.03046092184368738,0.5959919839679357,0.11986599462997377,35.39933704856733,37.961776297196316
0.9500000000000001,27.5,0.03046092184368738,0.5959919839679357,0.11328528890964074,35.39933704856733,37.961776297196316
0.9500000000000001,28.0,0.03046092184368738,0.5959919839679357,0.10664451908592437,35.39933704856733,37.961776297196316
0.9500000000000001,28.5,0.03046092184368738,0.5959919839679357,0.09994183352210201,35.39933704856733,37.961776297196316
0.9500000000000001,29.0,0.03046092184368738,0.5959919839679357,0.09317532684959229,35.39933704856733,37.961776297196316
0.9500000000000001,29.5,0.03046092184368738,0.5959919839679357,0.08634303760913264,35.39933704856733,37.961776297196316
0.9500000000000001,30.0,0.03046092184368738,0.5959919839679357,0.07944294577756583,35.39933704856733,37.961776297196316
0.9500000000000001,30.5,0.03046092184368738,0.5959919839679357,0.0724729701734032,35.39933704856733,37.961776297196316
0.9500000000000001,31.0,0.03046092184368738,0.5959919839679357,0.06543096573387491,35.39933704856733,37.961776297196316
0.9500000000000001,31.5,0.03046092184368738,0.5959919839679357,0.058314720655679886,35.39933704856733,37.961776297196316
0.9500000000000001,32.0,0.03046092184368738,0.5959919839679357,0.05112195339111436,35.39933704856733,37.961776297196316
0.9500000000000001,32.5,0.03046092184368738,0.5959919839679357,0.043850309490684525,35.39933704856733,37.961776297196316
0.9500000000000001,33.0,0.03046092184368738,0.5959919839679357,0.03649735828268613,35.39933704856733,37.961776297196316
0.9500000000000001,33.5,0.03046092184368738,0.5959919839679357,0.029060589379561907,35.39933704856733,37.961776297196316
0.9500000000000001,34.0,0.03046092184368738,0.5959919839679357,0.02153740900012502,35.39933704856733,37.961776297196316
0.9500000000000001,34.5,0.03046092184368738,0.5959919839679357,0.013925136095952528,35.39933704856733,37.961776297196316
0.9500000000000001,35.0,0.03046092184368738,0.5959919839679357,0.006220998269403588,35.39933704856733,37.961776297196316
0.9500000000000001,35.5,0.03046092184368738,0.5959919839679357,-0.0015778725301990315,35.39933704856733,37.961776297196316
0.9500000000000001,36.0,0.03046092184368738,0.5959919839679357,-0.009474444546681837,35.39933704856733,37.961776297196316
0.9500000000000001,36.5,0.03046092184368738,0.5959919839679357,-0.017471791008962234,35.39933704856733,37.961776297196316
0.9500000000000001,37.0,0.03046092184368738,0.5959919839679357,-0.025573095191524897,35.39933704856733,37.961776297196316
0.9500000000000001,37.5,0.03046092184368738,0.5959919839679357,-0.03378165576140835,35.39933704856733,37.961776297196316
0.9500000000000001,38.0,0.03046092184368738,0.5959919839679357,-0.042100892431057524,35.39933704856733,37.961776297196316
0.9500000000000001,38.5,0.03046092184368738,0.5959919839679357,-0.05053435193790007,35.39933704856733,37.961776297196316
0.9500000000000001,39.0,0.03046092184368738,0.5959919839679357,-0.05908571437313631,35.39933704856733,37.961776297196316
0.9500000000000001,39.5,0.03046092184368738,0.5959919839679357,-0.06775879988401434,35.39933704856733,37.961776297196316
0.9500000000000001,40.0,0.03046092184368738,0.5959919839679357,-0.07655757577579758,35.39933704856733,37.961776297196316
1.0,0.0,0.032,0.5967999999999999,0.42200000000000004,35.264304749472494,37.92413491867734
1.0,0.5,0.032,0.5967999999999999,0.41679180530247517,35.264304749472494,37.92413491867734
1.0,1.0,0.032,0.5967999999999999,0.4115828172508398,35.264304749472494,37.92413491867734
1.0,1.5,0.032,0.5967999999999999,0.40637224200750927,35.264304749472494,37.92413491867734
1.0,2.0,0.032,0.5967999999999999,0.401159284767325,35.264304749472494,37.92413491867734
1.0,2.5,0.032,0.5967999999999999,0.39594314927220003,35.264304749472494,37.92413491867734
1.0,3.0,0.032,0.5967999999999999,0.39072303732388103,35.264304749472494,37.92413491867734
1.0,3.5,0.032,0.5967999999999999,0.38549814829419105,35.264304749472494,37.92413491867734
1.0,4.0,0.032,0.5967999999999999,0.380267678632113,35.264304749472494,37.92413491867734
1.0,4.5,0.032,0.5967999999999999,0.3750308213670678,35.264304749472494,37.92413491867734
1.0,5.0,0.032,0.5967999999999999,0.3697867656077286,35.264304749472494,37.92413491867734
1.0,5.5,0.032,0.5967999999999999,0.364534696035709,35.264304749472494,37.92413491867734
1.0,6.0,0.032,0.5967999999999999,0.35927379239344437,35.264304749472494,37.92413491867734
1.0,6.5,0.032,0.5967999999999999,0.354003228965578,35.264304749472494,37.92413491867734
1.0,7.0,0.032,0.5967999999999999,0.3487221740531466,35.264304749472494,37.92413491867734
1.0,7.5,0.032,0.5967999999999999,0.3434297894398422,35.264304749472494,37.92413491867734
1.0,8.0,0.032,0.5967999999999999,0.33812522984961285,35.264304749472494,37.92413491867734
1.0,8.5,0.032,0.5967999999999999,0.33280764239484056,35.264304749472494,37.92413491867734
1.0,9.0,0.032,0.5967999999999999,0.32747616601431684,35.264304749472494,37.92413491867734
1.0,9.5,0.032,0.5967999999999999,0.32212993090020886,35.264304749472494,37.92413491867734
1.0,10.0,0.032,0.5967999999999999,0.3167680579131882,35.264304749472494,37.92413491867734
1.0,10.5,0.032,0.5967999999999999,0.31138965798486035,35.264304749472494,37.92413491867734
1.0,11.0,0.032,0.5967999999999999,0.3059938315066097,35.264304749472494,37.92413491867734
1.0,11.5,0.032,0.5967999999999999,0.3005796677039363,35.264304749472494,37.92413491867734
1.0,12.0,0.032,0.5967999999999999,0.29514624399533085,35.264304749472494,37.92413491867734
1.0,12.5,0.032,0.5967999999999999,0.28969262533469353,35.264304749472494,37.92413491867734
1.0,13.0,0.032,0.5967999999999999,0.284217863536264,35.264304749472494,37.92413491867734
1.0,13.5,0.032,0.5967999999999999,0.2787209965809868,35.264304749472494,37.92413491867734
1.0,14.0,0.032,0.5967999999999999,0.27320104790318983,35.264304749472494,37.92413491867734
1.0,14.5,0.032,0.5967999999999999,0.26765702565640476,35.264304749472494,37.92413491867734
1.0,15.0,0.032,0.5967999999999999,0.26208792195710606,35.264304749472494,37.92413491867734
1.0,15.5,0.032,0.5967999999999999,0.2564927121050885,35.264304749472494,37.92413491867734
1.0,16.0,0.032,0.5967999999999999,0.2508703537791435,35.264304749472494,37.92413491867734
1.0,16.5,0.032,0.5967999999999999,0.24521978620663057,35.264304749472494,37.92413491867734
1.0,17.0,0.032,0.5967999999999999,0.23953992930547155,35.264304749472494,37.92413491867734
1.0,17.5,0.032,0.5967999999999999,0.23382968279702274,35.264304749472494,37.92413491867734
1.0,18.0,0.032,0.5967999999999999,0.2280879252882016,35.264304749472494,37.92413491867734
1.0,18.5,0.032,0.5967999999999999,0.2223135133211628,35.264304749472494,37.92413491867734
1.0,19.0,0.032,0.5967999999999999,0.21650528038872785,35.264304749472494,37.92413491867734
1.0,19.5,0.032,0.5967999999999999,0.21066203591367952,35.264304749472494,37.92413491867734
1.0,20.0,0.032,0.5967999999999999,0.20478256418993052,35.264304749472494,37.92413491867734
1.0,20.5,0.032,0.5967999999999999,0.19886562328346866,35.264304749472494,37.92413491867734
1.0,21.0,0.032,0.5967999999999999,0.19290994389086394,35.264304749472494,37.92413491867734
1.0,21.5,0.032,0.5967999999999999,0.18691422815300246,35.264304749472494,37.92413491867734
1.0,22.0,0.032,0.5967999999999999,0.1808771484215785,35.264304749472494,37.92413491867734
1.0,22.5,0.032,0.5967999999999999,0.17479734597573698,35.264304749472494,37.92413491867734
1.0,23.0,0.032,0.5967999999999999,0.168673429686108,35.264304749472494,37.92413491867734
1.0,23.5,0.032,0.5967999999999999,0.1625039746233149,35.264304749472494,37.92413491867734
1.0,24.0,0.032,0.5967999999999999,0.15628752060786566,35.264304749472494,37.92413491867734
1.0,24.5,0.032,0.5967999999999999,0.15002257069815356,35.264304749472494,37.92413491867734
1.0,25.0,0.032,0.5967999999999999,0.14370758961309693,35.264304749472494,37.92413491867734
1.0,25.5,0.032,0.5967999999999999,0.13734100208573813,35.264304749472494,37.92413491867734
1.0,26.0,0.032,0.5967999999999999,0.130921191143894,35.264304749472494,37.92413491867734
1.0,26.5,0.032,0.5967999999999999,0.12444649631371224,35.264304749472494,37.92413491867734
1.0,27.0,0.032,0.5967999999999999,0.11791521174172498,35.264304749472494,37.92413491867734
1.0,27.5,0.032,0.5967999999999999,0.11132558423071792,35.264304749472494,37.92413491867734
1.0,28.0,0.032,0.5967999999999999,0.10467581118442959,35.264304749472494,37.92413491867734
1.0,28.5,0.032,0.5967999999999999,0.09796403845578094,35.264304749472494,37.92413491867734
1.0,29.0,0.032,0.5967999999999999,0.09118835809298759,35.264304749472494,37.92413491867734
1.0,29.5,0.032,0.5967999999999999,0.08434680597753885,35.264304749472494,37.92413491867734
1.0,30.0,0.032,0.5967999999999999,0.07743735934763146,35.264304749472494,37.92413491867734
1.0,30.5,0.032,0.5967999999999999,0.07045793420021529,35.264304749472494,37.92413491867734
1.0,31.0,0.032,0.5967999999999999,0.06340638256435205,35.264304749472494,37.92413491867734
1.0,31.5,0.032,0.5967999999999999,0.05628048963808868,35.264304749472494,37.92413491867734
1.0,32.0,0.032,0.5967999999999999,0.04907797078051346,35.264304749472494,37.92413491867734
1.0,32.5,0.032,0.5967999999999999,0.041796468350088156,35.264304749472494,37.92413491867734
1.0,33.0,0.032,0.5967999999999999,0.03443354837972579,35.264304749472494,37.92413491867734
1.0,33.5,0.032,0.5967999999999999,0.026986697078411392,35.264304749472494,37.92413491867734
1.0,34.0,0.032,0.5967999999999999,0.019453317148439897,35.264304749472494,37.92413491867734
1.0,34.5,0.032,0.5967999999999999,0.011830723906557428,35.264304749472494,37.92413491867734
1.0,35.0,0.032,0.5967999999999999,0.004116141196445378,35.264304749472494,37.92413491867734
1.0,35.5,0.032,0.5967999999999999,-0.0036933029209326174,35.264304749472494,37.92413491867734
1.0,36.0,0.032,0.5967999999999999,-0.011600580713599207,35.264304749472494,37.92413491867734
1.0,36.5,0.032,0.5967999999999999,-0.019608769577001306,35.264304749472494,37.92413491867734
1.0,37.0,0.032,0.5967999999999999,-0.027721057101347424,35.264304749472494,37.92413491867734
1.0,37.5,0.032,0.5967999999999999,-0.03594074642584344,35.264304749472494,37.92413491867734
1.0,38.0,0.032,0.5967999999999999,-0.044271261899208825,35.264304749472494,37.92413491867734
1.0,38.5,0.032,0.5967999999999999,-0.05271615506735994,35.264304749472494,37.92413491867734
1.0,39.0,0.032,0.5967999999999999,-0.06127911101078004,35.264304749472494,37.92413491867734
1.0,39.5,0.032,0.5967999999999999,-0.06996395505588127,35.264304749472494,37.92413491867734
1.0,40.0,0.032,0.5967999999999999,-0.07877465988660048,35.264304749472494,37.92413491867734
1.05,0.0,0.03353293413173653,0.5976047904191616,0.4204670658682635,35.12972742602374,37.88670679617219
1.05,0.5,0.03353293413173653,0.5976047904191616,0.4152518478711513,35.12972742602374,37.88670679617219
1.05,1.0,0.03353293413173653,0.5976047904191616,0.41003583545008315,35.12972742602374,37.88670679617219
1.05,1.5,0.03353293413173653,0.5976047904191616,0.40481823369697695,35.12972742602374,37.88670679617219
1.05,2.0,0.03353293413173653,0.5976047904191616,0.39959824673487176,35.12972742602374,37.88670679617219
1.05,2.5,0.03353293413173653,0.5976047904191616,0.39437507723191917,35.12972742602374,37.88670679617219
1.05,3.0,0.03353293413173653,0.5976047904191616,0.38914792591348796,35.12972742602374,37.88670679617219
1.05,3.5,0.03353293413173653,0.5976047904191616,0.3839159910717465,35.12972742602374,37.88670679617219
1.05,4.0,0.03353293413173653,0.5976047904191616,0.37867846807208183,35.12972742602374,37.88670679617219
1.05,4.5,0.03353293413173653,0.5976047904191616,0.3734345488557071,35.12972742602374,37.88670679617219
1.05,5.0,0.03353293413173653,0.5976047904191616,0.36818342143780114,35.12972742602374,37.88670679617219
1.05,5.5,0.03353293413173653,0.5976047904191616,0.36292426940051287,35.12972742602374,37.88670679617219
1.05,6.0,0.03353293413173653,0.5976047904191616,0.35765627138015266,35.12972742602374,37.88670679617219
1.05,6.5,0.03353293413173653,0.5976047904191616,0.35237860054787895,35.12972742602374,37.88670679617219
1.05,7.0,0.03353293413173653,0.5976047904191616,0.3470904240831744,35.12972742602374,37.88670679617219
1.05,7.5,0.03353293413173653,0.5976047904191616,0.3417909026393886,35.12972742602374,37.88670679617219
1.05,8.0,0.03353293413173653,0.5976047904191616,0.3364791898006068,35.12972742602374,37.88670679617219
1.05,8.5,0.03353293413173653,0.5976047904191616,0.33115443152908414,35.12972742602374,37.88670679617219
1.05,9.0,0.03353293413173653,0.5976047904191616,0.3258157656024628,35.12972742602374,37.88670679617219
1.05,9.5,0.03353293413173653,0.5976047904191616,0.3204623210399661,35.12972742602374,37.88670679617219
1.05,10.0,0.03353293413173653,0.5976047904191616,0.31509321751673774,35.12972742602374,37.88670679617219
1.05,10.5,0.03353293413173653,0.5976047904191616,0.3097075647654663,35.12972742602374,37.88670679617219
1.05,11.0,0.03353293413173653,0.5976047904191616,0.3043044619644054,35.12972742602374,37.88670679617219
1.05,11.5,0.03353293413173653,0.5976047904191616,0.29888299711086713,35.12972742602374,37.88670679617219
1.05,12.0,0.03353293413173653,0.5976047904191616,0.29344224637923233,35.12972742602374,37.88670679617219
1.05,12.5,0.03353293413173653,0.5976047904191616,0.2879812734624827,35.12972742602374,37.88670679617219
1.05,13.0,0.03353293413173653,0.5976047904191616,0.2824991288962204,35.12972742602374,37.88670679617219
1.05,13.5,0.03353293413173653,0.5976047904191616,0.27699484936409835,35.12972742602374,37.88670679617219
1.05,14.0,0.03353293413173653,0.5976047904191616,0.27146745698353636,35.12972742602374,37.88670679617219
1.05,14.5,0.03353293413173653,0.5976047904191616,0.26591595857055184,35.12972742602374,37.88670679617219
1.05,15.0,0.03353293413173653,0.5976047904191616,0.2603393448824788,35.12972742602374,37.88670679617219
1.05,15.5,0.03353293413173653,0.5976047904191616,0.2547365898372942,35.12972742602374,37.88670679617219
1.05,16.0,0.03353293413173653,0.5976047904191616,0.24910664970820945,35.12972742602374,37.88670679617219
1.05,16.5,0.03353293413173653,0.5976047904191616,0.24344846229212214,35.12972742602374,37.88670679617219
1.05,17.0,0.03353293413173653,0.5976047904191616,0.23776094605045328,35.12972742602374,37.88670679617219
1.05,17.5,0.03353293413173653,0.5976047904191616,0.23204299922082308,35.12972742602374,37.88670679617219
1.05,18.0,0.03353293413173653,0.5976047904191616,0.22629349889793987,35.12972742602374,37.88670679617219
1.05,18.5,0.03353293413173653,0.5976047904191616,0.22051130008199465,35.12972742602374,37.88670679617219
1.05,19.0,0.03353293413173653,0.5976047904191616,0.21469523469276297,35.12972742602374,37.88670679617219
1.05,19.5,0.03353293413173653,0.5976047904191616,0.20884411054752303,35.12972742602374,37.88670679617219
1.05,20.0,0.03353293413173653,0.5976047904191616,0.20295671030079648,35.12972742602374,37.88670679617219
1.05,20.5,0.03353293413173653,0.5976047904191616,0.19703179034381138,35.12972742602374,37.88670679617219
1.05,21.0,0.03353293413173653,0.5976047904191616,0.19106807966147013,35.12972742602374,37.88670679617219
1.05,21.5,0.03353293413173653,0.5976047904191616,0.18506427864448358,35.12972742602374,37.88670679617219
1.05,22.0,0.03353293413173653,0.5976047904191616,0.17901905785419978,35.12972742602374,37.88670679617219
1.05,22.5,0.03353293413173653,0.5976047904191616,0.17293105673751571,35.12972742602374,37.88670679617219
1.05,23.0,0.03353293413173653,0.5976047904191616,0.1667988822891105,35.12972742602374,37.88670679617219
1.05,23.5,0.03353293413173653,0.5976047904191616,0.16062110765807686,35.12972742602374,37.88670679617219
1.05,24.0,0.03353293413173653,0.5976047904191616,0.15439627069585687,35.12972742602374,37.88670679617219
1.05,24.5,0.03353293413173653,0.5976047904191616,0.14812287244220396,35.12972742602374,37.88670679617219
1.05,25.0,0.03353293413173653,0.5976047904191616,0.1417993755456955,35.12972742602374,37.88670679617219
1.05,25.5,0.03353293413173653,0.5976047904191616,0.1354242026151115,35.12972742602374,37.88670679617219
1.05,26.0,0.03353293413173653,0.5976047904191616,0.1289957344977667,35.12972742602374,37.88670679617219
1.05,26.5,0.03353293413173653,0.5976047904191616,0.12251230848064404,35.12972742602374,37.88670679617219
1.05,27.0,0.03353293413173653,0.5976047904191616,0.11597221640991628,35.12972742602374,37.88670679617219
1.05,27.5,0.03353293413173653,0.5976047904191616,0.10937370272416608,35.12972742602374,37.88670679617219
1.05,28.0,0.03353293413173653,0.5976047904191616,0.10271496239631395,35.12972742602374,37.88670679617219
1.05,28.5,0.03353293413173653,0.5976047904191616,0.09599413877894614,35.12972742602374,37.88670679617219
1.05,29.0,0.03353293413173653,0.5976047904191616,0.08920932134738724,35.12972742602374,37.88670679617219
1.05,29.5,0.03353293413173653,0.5976047904191616,0.08235854333449433,35.12972742602374,37.88670679617219
1.05,30.0,0.03353293413173653,0.5976047904191616,0.07543977925075068,35.12972742602374,37.88670679617219
1.05,30.5,0.03353293413173653,0.5976047904191616,0.06845094228280851,35.12972742602374,37.88670679617219
1.05,31.0,0.03353293413173653,0.5976047904191616,0.061389881563170545,35.12972742602374,37.88670679617219
1.05,31.5,0.03353293413173653,0.5976047904191616,0.05425437930320237,35.12972742602374,37.88670679617219
1.05,32.0,0.03353293413173653,0.5976047904191616,0.047042147781132526,35.12972742602374,37.88670679617219
1.05,32.5,0.03353293413173653,0.5976047904191616,0.03975082617612091,35.12972742602374,37.88670679617219
1.05,33.0,0.03353293413173653,0.5976047904191616,0.032377977238852995,35.12972742602374,37.88670679617219
1.05,33.5,0.03353293413173653,0.5976047904191616,0.0249210837884431,35.12972742602374,37.88670679617219
1.05,34.0,0.03353293413173653,0.5976047904191616,0.01737754502470562,35.12972742602374,37.88670679617219
1.05,34.5,0.03353293413173653,0.5976047904191616,0.009744672644066033,35.12972742602374,37.88670679617219
1.05,35.0,0.03353293413173653,0.5976047904191616,0.002019686746532856,35.12972742602374,37.88670679617219
1.05,35.5,0.03353293413173653,0.5976047904191616,-0.005800288479767157,35.12972742602374,37.88670679617219
1.05,36.0,0.03353293413173653,0.5976047904191616,-0.013718229310987984,35.12972742602374,37.88670679617219
1.05,36.5,0.03353293413173653,0.5976047904191616,-0.021737217292473354,35.12972742602374,37.88670679617219
1.05,37.0,0.03353293413173653,0.5976047904191616,-0.029860444312927226,35.12972742602374,37.88670679617219
1.05,37.5,0.03353293413173653,0.5976047904191616,-0.03809121796586967,35.12972742602374,37.88670679617219
1.05,38.0,0.03353293413173653,0.5976047904191616,-0.046432967217786725,35.12972742602374,37.88670679617219
1.05,38.5,0.03353293413173653,0.5976047904191616,-0.05488924840388787,35.12972742602374,37.88670679617219
1.05,39.0,0.03353293413173653,0.5976047904191616,-0.06346375157402206,35.12972742602374,37.88670679617219
1.05,39.5,0.03353293413173653,0.5976047904191616,-0.07216030721309014,35.12972742602374,37.88670679617219
1.05,40.0,0.03353293413173653,0.5976047904191616,-0.08098289336223069,35.12972742602374,37.88670679617219
1.1,0.0,0.0350597609561753,0.5984063745019919,0.4189402390438247,34.99560426002631,37.84949015418107
1.1,0.5,0.0350597609561753,0.5984063745019919,0.41371802572839855,34.99560426002631,37.84949015418107
1.1,1.0,0.0350597609561753,0.5984063745019919,0.40849501692343315,34.99560426002631,37.84949015418107
1.1,1.5,0.0350597609561753,0.5984063745019919,0.40327041665461405,34.99560426002631,37.84949015418107
1.1,2.0,0.0350597609561753,0.5984063745019919,0.3980434279774482,34.99560426002631,37.84949015418107
1.1,2.5,0.0350597609561753,0.5984063745019919,0.39281325249060356,34.99560426002631,37.84949015418107
1.1,3.0,0.0350597609561753,0.5984063745019919,0.38757908984735945,34.99560426002631,37.84949015418107
1.1,3.5,0.0350597609561753,0.5984063745019919,0.3823401372645309,34.99560426002631,37.84949015418107
1.1,4.0,0.0350597609561753,0.5984063745019919,0.37709558902822604,34.99560426002631,37.84949015418107
1.1,4.5,0.0350597609561753,0.5984063745019919,0.3718446359957861,34.99560426002631,37.84949015418107
1.1,5.0,0.0350597609561753,0.5984063745019919,0.3665864650932519,34.99560426002631,37.84949015418107
1.1,5.5,0.0350597609561753,0.5984063745019919,0.3613202588076881,34.99560426002631,37.84949015418107
1.1,6.0,0.0350597609561753,0.5984063745019919,0.3560451946736869,34.99560426002631,37.84949015418107
1.1,6.5,0.0350597609561753,0.5984063745019919,0.350760444753358,34.99560426002631,37.84949015418107
1.1,7.0,0.0350597609561753,0.5984063745019919,0.3454651751090986,34.99560426002631,37.84949015418107
1.1,7.5,0.0350597609561753,0.5984063745019919,0.34015854526841893,34.99560426002631,37.84949015418107
1.1,8.0,0.0350597609561753,0.5984063745019919,0.3348397076800829,34.99560426002631,37.84949015418107
1.1,8.5,0.0350597609561753,0.5984063745019919,0.32950780716080086,34.99560426002631,37.84949015418107
1.1,9.0,0.0350597609561753,0.5984063745019919,0.32416198033169186,34.99560426002631,37.84949015418107
1.1,9.5,0.0350597609561753,0.5984063745019919,0.3188013550437083,34.99560426002631,37.84949015418107
1.1,10.0,0.0350597609561753,0.5984063745019919,0.3134250497911895,34.99560426002631,37.84949015418107
1.1,10.5,0.0350597609561753,0.5984063745019919,0.30803217311268344,34.99560426002631,37.84949015418107
1.1,11.0,0.0350597609561753,0.5984063745019919,0.3026218229781462,34.99560426002631,37.84949015418107
1.1,11.5,0.0350597609561753,0.5984063745019919,0.2971930861615951,34.99560426002631,37.84949015418107
1.1,12.0,0.0350597609561753,0.5984063745019919,0.29174503759825776,34.99560426002631,37.84949015418107
1.1,12.5,0.0350597609561753,0.5984063745019919,0.2862767397252209,34.99560426002631,37.84949015418107
1.1,13.0,0.0350597609561753,0.5984063745019919,0.28078724180454356,34.99560426002631,37.84949015418107
1.1,13.5,0.0350597609561753,0.5984063745019919,0.27527557922775536,34.99560426002631,37.84949015418107
1.1,14.0,0.0350597609561753,0.5984063745019919,0.26974077280061465,34.99560426002631,37.84949015418107
1.1,14.5,0.0350597609561753,0.5984063745019919,0.26418182800695333,34.99560426002631,37.84949015418107
1.1,15.0,0.0350597609561753,0.5984063745019919,0.25859773425038,34.99560426002631,37.84949015418107
1.1,15.5,0.0350597609561753,0.5984063745019919,0.2529874640725589,34.99560426002631,37.84949015418107
1.1,16.0,0.0350597609561753,0.5984063745019919,0.24734997234672138,34.99560426002631,37.84949015418107
1.1,16.5,0.0350597609561753,0.5984063745019919,0.24168419544500222,34.99560426002631,37.84949015418107
1.1,17.0,0.0350597609561753,0.5984063745019919,0.2359890503781244,34.99560426002631,37.84949015418107
1.1,17.5,0.0350597609561753,0.5984063745019919,0.23026343390588325,34.99560426002631,37.84949015418107
1.1,18.0,0.0350597609561753,0.5984063745019919,0.22450622161680275,34.99560426002631,37.84949015418107
1.1,18.5,0.0350597609561753,0.5984063745019919,0.2187162669752535,34.99560426002631,37.84949015418107
1.1,19.0,0.0350597609561753,0.5984063745019919,0.21289240033423226,34.99560426002631,37.84949015418107
1.1,19.5,0.0350597609561753,0.5984063745019919,0.20703342791190907,34.99560426002631,37.84949015418107
1.1,20.0,0.0350597609561753,0.5984063745019919,0.20113813072994594,34.99560426002631,37.84949015418107
1.1,20.5,0.0350597609561753,0.5984063745019919,0.19520526351148348,34.99560426002631,37.84949015418107
1.1,21.0,0.0350597609561753,0.5984063745019919,0.18923355353657598,34.99560426002631,37.84949015418107
1.1,21.5,0.0350597609561753,0.5984063745019919,0.18322169945273176,34.99560426002631,37.84949015418107
1.1,22.0,0.0350597609561753,0.5984063745019919,0.17716837003808553,34.99560426002631,37.84949015418107
1.1,22.5,0.0350597609561753,0.5984063745019919,0.17107220291458625,34.99560426002631,37.84949015418107
1.1,23.0,0.0350597609561753,0.5984063745019919,0.1649318032084358,34.99560426002631,37.84949015418107
1.1,23.5,0.0350597609561753,0.5984063745019919,0.15874574215485177,34.99560426002631,37.84949015418107
1.1,24.0,0.0350597609561753,0.5984063745019919,0.1525125556440553,34.99560426002631,37.84949015418107
1.1,24.5,0.0350597609561753,0.5984063745019919,0.14623074270520242,34.99560426002631,37.84949015418107
1.1,25.0,0.0350597609561753,0.5984063745019919,0.13989876392477785,34.99560426002631,37.84949015418107
1.1,25.5,0.0350597609561753,0.5984063745019919,0.1335150397957624,34.99560426002631,37.84949015418107
1.1,26.0,0.0350597609561753,0.5984063745019919,0.12707794899365593,34.99560426002631,37.84949015418107
1.1,26.5,0.0350597609561753,0.5984063745019919,0.12058582657519773,34.99560426002631,37.84949015418107
1.1,27.0,0.0350597609561753,0.5984063745019919,0.11403696209536585,34.99560426002631,37.84949015418107
1.1,27.5,0.0350597609561753,0.5984063745019919,0.10742959763795912,34.99560426002631,37.84949015418107
1.1,28.0,0.0350597609561753,0.5984063745019919,0.10076192575476461,34.99560426002631,37.84949015418107
1.1,28.5,0.0350597609561753,0.5984063745019919,0.09403208730799523,34.99560426002631,37.84949015418107
1.1,29.0,0.0350597609561753,0.5984063745019919,0.08723816921033517,34.99560426002631,37.84949015418107
1.1,29.5,0.0350597609561753,0.5984063745019919,0.08037820205656154,34.99560426002631,37.84949015418107
1.1,30.0,0.0350597609561753,0.5984063745019919,0.07345015764031171,34.99560426002631,37.84949015418107
1.1,30.5,0.0350597609561753,0.5984063745019919,0.06645194634913654,34.99560426002631,37.84949015418107
1.1,31.0,0.0350597609561753,0.5984063745019919,0.05938141443051975,34.99560426002631,37.84949015418107
1.1,31.5,0.0350597609561753,0.5984063745019919,0.052236341121044805,34.99560426002631,37.84949015418107
1.1,32.0,0.0350597609561753,0.5984063745019919,0.04501443563035479,34.99560426002631,37.84949015418107
1.1,32.5,0.0350597609561753,0.5984063745019919,0.037713333970974317,34.99560426002631,37.84949015418107
1.1,33.0,0.0350597609561753,0.5984063745019919,0.030330595624438017,34.99560426002631,37.84949015418107
1.1,33.5,0.0350597609561753,0.5984063745019919,0.022863700033494694,34.99560426002631,37.84949015418107
1.1,34.0,0.0350597609561753,0.5984063745019919,0.015310042909432497,34.99560426002631,37.84949015418107
1.1,34.5,0.0350597609561753,0.5984063745019919,0.007666932342779875,34.99560426002631,37.84949015418107
1.1,35.0,0.0350597609561753,0.5984063745019919,-6.841529521262046e-05,34.99560426002631,37.84949015418107
1.1,35.5,0.0350597609561753,0.5984063745019919,-0.007898879673825354,34.99560426002631,37.84949015418107
1.1,36.0,0.0350597609561753,0.5984063745019919,-0.015827441061375125,34.99560426002631,37.84949015418107
1.1,36.5,0.0350597609561753,0.5984063745019919,-0.023857185136568926,34.99560426002631,37.84949015418107
1.1,37.0,0.0350597609561753,0.5984063745019919,-0.031991308069480695,34.99560426002631,37.84949015418107
1.1,37.5,0.0350597609561753,0.5984063745019919,-0.04023312189019845,34.99560426002631,37.84949015418107
1.1,38.0,0.0350597609561753,0.5984063745019919,-0.04858606016457734,34.99560426002631,37.84949015418107
1.1,38.5,0.0350597609561753,0.5984063745019919,-0.05705368399803906,34.99560426002631,37.84949015418107
1.1,39.0,0.0350597609561753,0.5984063745019919,-0.06563968839000006,34.99560426002631,37.84949015418107
1.1,39.5,0.0350597609561753,0.5984063745019919,-0.07434790896329807,34.99560426002631,37.84949015418107
1.1,40.0,0.0350597609561753,0.5984063745019919,-0.08318232909492995,34.99560426002631,37.84949015418107
1.1500000000000001,0.0,0.036580516898608355,0.5992047713717693,0.41741948310139165,34.86193441888892,37.81248323649799
1.1500000000000001,0.5,0.036580516898608355,0.5992047713717693,0.4121903022820384,34.86193441888892,37.81248323649799
1.1500000000000001,1.0,0.036580516898608355,0.5992047713717693,0.4069603249117996,34.86193441888892,37.81248323649799
1.1500000000000001,1.5,0.036580516898608355,0.5992047713717693,0.4017287539543679,34.86193441888892,37.81248323649799
1.1500000000000001,2.0,0.036580516898608355,0.5992047713717693,0.3964947914019627,34.86193441888892,37.81248323649799
1.1500000000000001,2.5,0.036580516898608355,0.5992047713717693,0.3912576377880208,34.86193441888892,37.81248323649799
1.1500000000000001,3.0,0.036580516898608355,0.5992047713717693,0.3860164916979948,34.86193441888892,37.81248323649799
1.1500000000000001,3.5,0.036580516898608355,0.5992047713717693,0.3807705492776223,34.86193441888892,37.81248323649799
1.1500000000000001,4.0,0.036580516898608355,0.5992047713717693,0.37551900373802377,34.86193441888892,37.81248323649799
1.1500000000000001,4.5,0.036580516898608355,0.5992047713717693,0.37026104485697814,34.86193441888892,37.81248323649799
1.1500000000000001,5.0,0.036580516898608355,0.5992047713717693,0.3649958584757187,34.86193441888892,37.81248323649799
1.1500000000000001,5.5,0.036580516898608355,0.5992047713717693,0.35972262599058025,34.86193441888892,37.81248323649799
1.1500000000000001,6.0,0.036580516898608355,0.5992047713717693,0.3544405238388173,34.86193441888892,37.81248323649799
1.1500000000000001,6.5,0.036580516898608355,0.5992047713717693,0.34914872297790067,34.86193441888892,37.81248323649799
1.1500000000000001,7.0,0.036580516898608355,0.5992047713717693,0.34384638835758363,34.86193441888892,37.81248323649799
1.1500000000000001,7.5,0.036580516898608355,0.5992047713717693,0.33853267838401374,34.86193441888892,37.81248323649799
1.1500000000000001,8.0,0.036580516898608355,0.5992047713717693,0.3332067443751476,34.86193441888892,37.81248323649799
1.1500000000000001,8.5,0.036580516898608355,0.5992047713717693,0.32786773000670555,34.86193441888892,37.81248323649799
1.1500000000000001,9.0,0.036580516898608355,0.5992047713717693,0.32251477074788226,34.86193441888892,37.81248323649799
1.1500000000000001,9.5,0.036580516898608355,0.5992047713717693,0.31714699328600426,34.86193441888892,37.81248323649799
1.1500000000000001,10.0,0.036580516898608355,0.5992047713717693,0.31176351493930154,34.86193441888892,37.81248323649799
1.1500000000000001,10.5,0.036580516898608355,0.5992047713717693,0.30636344305692953,34.86193441888892,37.81248323649799
1.1500000000000001,11.0,0.036580516898608355,0.5992047713717693,0.3009458744053512,34.86193441888892,37.81248323649799
1.1500000000000001,11.5,0.036580516898608355,0.5992047713717693,0.29550989454015314,34.86193441888892,37.81248323649799
1.1500000000000001,12.0,0.036580516898608355,0.5992047713717693,0.2900545771623366,34.86193441888892,37.81248323649799
1.1500000000000001,12.5,0.036580516898608355,0.5992047713717693,0.2845789834580873,34.86193441888892,37.81248323649799
1.1500000000000001,13.0,0.036580516898608355,0.5992047713717693,0.27908216142098463,34.86193441888892,37.81248323649799
1.1500000000000001,13.5,0.036580516898608355,0.5992047713717693,0.2735631451555727,34.86193441888892,37.81248323649799
1.1500000000000001,14.0,0.036580516898608355,0.5992047713717693,0.2680209541611637,34.86193441888892,37.81248323649799
1.1500000000000001,14.5,0.036580516898608355,0.5992047713717693,0.26245459259470116,34.86193441888892,37.81248323649799
1.1500000000000001,15.0,0.036580516898608355,0.5992047713717693,0.2568630485114506,34.86193441888892,37.81248323649799
1.1500000000000001,15.5,0.036580516898608355,0.5992047713717693,0.251245293082236,34.86193441888892,37.81248323649799
1.1500000000000001,16.0,0.036580516898608355,0.5992047713717693,0.24560027978587537,34.86193441888892,37.81248323649799
1.1500000000000001,16.5,0.036580516898608355,0.5992047713717693,0.23992694357540562,34.86193441888892,37.81248323649799
1.1500000000000001,17.0,0.036580516898608355,0.5992047713717693,0.2342242000166198,34.86193441888892,37.81248323649799
1.1500000000000001,17.5,0.036580516898608355,0.5992047713717693,0.2284909443973646,34.86193441888892,37.81248323649799
1.1500000000000001,18.0,0.036580516898608355,0.5992047713717693,0.2227260508059683,34.86193441888892,37.81248323649799
1.1500000000000001,18.5,0.036580516898608355,0.5992047713717693,0.2169283711770878,34.86193441888892,37.81248323649799
1.1500000000000001,19.0,0.036580516898608355,0.5992047713717693,0.21109673430317077,34.86193441888892,37.81248323649799
1.1500000000000001,19.5,0.036580516898608355,0.5992047713717693,0.20522994480963744,34.86193441888892,37.81248323649799
1.1500000000000001,20.0,0.036580516898608355,0.5992047713717693,0.19932678209178256,34.86193441888892,37.81248323649799
1.1500000000000001,20.5,0.036580516898608355,0.5992047713717693,0.19338599921129201,34.86193441888892,37.81248323649799
1.1500000000000001,21.0,0.036580516898608355,0.5992047713717693,0.1874063217501505,34.86193441888892,37.81248323649799
1.1500000000000001,21.5,0.036580516898608355,0.5992047713717693,0.1813864466195952,34.86193441888892,37.81248323649799
1.1500000000000001,22.0,0.036580516898608355,0.5992047713717693,0.1753250408216377,34.86193441888892,37.81248323649799
1.1500000000000001,22.5,0.036580516898608355,0.5992047713717693,0.16922074016053515,34.86193441888892,37.81248323649799
1.1500000000000001,23.0,0.036580516898608355,0.5992047713717693,0.16307214790144164,34.86193441888892,37.81248323649799
1.1500000000000001,23.5,0.036580516898608355,0.5992047713717693,0.1568778333733094,34.86193441888892,37.81248323649799
1.1500000000000001,24.0,0.036580516898608355,0.5992047713717693,0.1506363305129368,34.86193441888892,37.81248323649799
1.1500000000000001,24.5,0.036580516898608355,0.5992047713717693,0.14434613634687676,34.86193441888892,37.81248323649799
1.1500000000000001,25.0,0.036580516898608355,0.5992047713717693,0.13800570940772056,34.86193441888892,37.81248323649799
1.1500000000000001,25.5,0.036580516898608355,0.5992047713717693,0.13161346808106272,34.86193441888892,37.81248323649799
1.1500000000000001,26.0,0.036580516898608355,0.5992047713717693,0.12516778887922342,34.86193441888892,37.81248323649799
1.1500000000000001,26.5,0.036580516898608355,0.5992047713717693,0.11866700463756619,34.86193441888892,37.81248323649799
1.1500000000000001,27.0,0.036580516898608355,0.5992047713717693,0.11210940262898444,34.86193441888892,37.81248323649799
1.1500000000000001,27.5,0.036580516898608355,0.5992047713717693,0.10549322259185628,34.86193441888892,37.81248323649799
1.1500000000000001,28.0,0.036580516898608355,0.5992047713717693,0.09881665466646189,34.86193441888892,37.81248323649799
1.1500000000000001,28.5,0.036580516898608355,0.5992047713717693,0.09207783723454299,34.86193441888892,37.81248323649799
1.1500000000000001,29.0,0.036580516898608355,0.5992047713717693,0.08527485465633289,34.86193441888892,37.81248323649799
1.1500000000000001,29.5,0.036580516898608355,0.5992047713717693,0.07840573489901809,34.86193441888892,37.81248323649799
1.1500000000000001,30.0,0.036580516898608355,0.5992047713717693,0.07146844705019251,34.86193441888892,37.81248323649799
1.1500000000000001,30.5,0.036580516898608355,0.5992047713717693,0.06446089870943533,34.86193441888892,37.81248323649799
1.1500000000000001,31.0,0.036580516898608355,0.5992047713717693,0.05738093325068255,34.86193441888892,37.81248323649799
1.1500000000000001,31.5,0.036580516898608355,0.5992047713717693,0.05022632694756368,34.86193441888892,37.81248323649799
1.1500000000000001,32.0,0.036580516898608355,0.5992047713717693,0.042994785953337444,34.86193441888892,37.81248323649799
1.1500000000000001,32.5,0.036580516898608355,0.5992047713717693,0.03568394312648426,34.86193441888892,37.81248323649799
1.1500000000000001,33.0,0.036580516898608355,0.5992047713717693,0.028291354692386306,34.86193441888892,37.81248323649799
1.1500000000000001,33.5,0.036580516898608355,0.5992047713717693,0.02081449673085206,34.86193441888892,37.81248323649799
1.1500000000000001,34.0,0.036580516898608355,0.5992047713717693,0.013250761478514173,34.86193441888892,37.81248323649799
1.1500000000000001,34.5,0.036580516898608355,0.5992047713717693,0.005597453434341648,34.86193441888892,37.81248323649799
1.1500000000000001,35.0,0.036580516898608355,0.5992047713717693,-0.002148214744346899,34.86193441888892,37.81248323649799
1.1500000000000001,35.5,0.036580516898608355,0.5992047713717693,-0.00998912656890133,34.86193441888892,37.81248323649799
1.1500000000000001,36.0,0.036580516898608355,0.5992047713717693,-0.01792826628392785,34.86193441888892,37.81248323649799
1.1500000000000001,36.5,0.036580516898608355,0.5992047713717693,-0.025968723685061923,34.86193441888892,37.81248323649799
1.1500000000000001,37.0,0.036580516898608355,0.5992047713717693,-0.03411369920672391,34.86193441888892,37.81248323649799
1.1500000000000001,37.5,0.036580516898608355,0.5992047713717693,-0.04236650929792968,34.86193441888892,37.81248323649799
1.1500000000000001,38.0,0.036580516898608355,0.5992047713717693,-0.05073059210561548,34.86193441888892,37.81248323649799
1.1500000000000001,38.5,0.036580516898608355,0.5992047713717693,-0.05920951348644826,34.86193441888892,37.81248323649799
1.1500000000000001,39.0,0.036580516898608355,0.5992047713717693,-0.0678069733697318,34.86193441888892,37.81248323649799
1.1500000000000001,39.5,0.036580516898608355,0.5992047713717693,-0.07652681249581145,34.86193441888892,37.81248323649799
1.1500000000000001,40.0,0.036580516898608355,0.5992047713717693,-0.08537301955632637,34.86193441888892,37.81248323649799
1.2000000000000002,0.0,0.038095238095238106,0.5999999999999999,0.4159047619047619,34.72871705590013,37.77568430595468
1.2000000000000002,0.5,0.038095238095238106,0.5999999999999999,0.4106686412303066,34.72871705590013,37.77568430595468
1.2000000000000002,1.0,0.038095238095238106,0.5999999999999999,0.40543172294783136,34.72871705590013,37.77568430595468
1.2000000000000002,1.5,0.038095238095238106,0.5999999999999999,0.4001932089632497,34.72871705590013,37.77568430595468
1.2000000000000002,2.0,0.038095238095238106,0.5999999999999999,0.3949523002097133,34.72871705590013,37.77568430595468
1.2000000000000002,2.5,0.038095238095238106,0.5999999999999999,0.3897081961596547,34.72871705590013,37.77568430595468
1.2000000000000002,3.0,0.038095238095238106,0.5999999999999999,0.38446009433493716,34.72871705590013,37.77568430595468
1.2000000000000002,3.5,0.038095238095238106,0.5999999999999999,0.3792071898144713,34.72871705590013,37.77568430595468
1.2000000000000002,4.0,0.038095238095238106,0.5999999999999999,0.3739486747386557,34.72871705590013,37.77568430595468
1.2000000000000002,4.5,0.038095238095238106,0.5999999999999999,0.36868373780999086,34.72871705590013,37.77568430595468
1.2000000000000002,5.0,0.038095238095238106,0.5999999999999999,0.36341156378920747,34.72871705590013,37.77568430595468
1.2000000000000002,5.5,0.038095238095238106,0.5999999999999999,0.3581313329862387,34.72871705590013,37.77568430595468
1.2000000000000002,6.0,0.038095238095238106,0.5999999999999999,0.35284222074535604,34.72871705590013,37.77568430595468
1.2000000000000002,6.5,0.038095238095238106,0.5999999999999999,0.3475433969237746,34.72871705590013,37.77568430595468
1.2000000000000002,7.0,0.038095238095238106,0.5999999999999999,0.34223402536301917,34.72871705590013,37.77568430595468
1.2000000000000002,7.5,0.038095238095238106,0.5999999999999999,0.3369132633523244,34.72871705590013,37.77568430595468
1.2000000000000002,8.0,0.038095238095238106,0.5999999999999999,0.33158026108332705,34.72871705590013,37.77568430595468
1.2000000000000002,8.5,0.038095238095238106,0.5999999999999999,0.32623416109528525,34.72871705590013,37.77568430595468
1.2000000000000002,9.0,0.038095238095238106,0.5999999999999999,0.32087409771004016,34.72871705590013,37.77568430595468
1.2000000000000002,9.5,0.038095238095238106,0.5999999999999999,0.3154991964559102,34.72871705590013,37.77568430595468
1.2000000000000002,10.0,0.038095238095238106,0.5999999999999999,0.3101085734796829,34.72871705590013,37.77568430595468
1.2000000000000002,10.5,0.038095238095238106,0.5999999999999999,0.3047013349458413,34.72871705590013,37.77568430595468
1.2000000000000002,11.0,0.038095238095238106,0.5999999999999999,0.29927657642213085,34.72871705590013,37.77568430595468
1.2000000000000002,11.5,0.038095238095238106,0.5999999999999999,0.2938333822505423,34.72871705590013,37.77568430595468
1.2000000000000002,12.0,0.038095238095238106,0.5999999999999999,0.2883708249027487,34.72871705590013,37.77568430595468
1.2000000000000002,12.5,0.038095238095238106,0.5999999999999999,0.282887964318998,34.72871705590013,37.77568430595468
1.2000000000000002,13.0,0.038095238095238106,0.5999999999999999,0.27738384722942405,34.72871705590013,37.77568430595468
1.2000000000000002,13.5,0.038095238095238106,0.5999999999999999,0.27185750645669227,34.72871705590013,37.77568430595468
1.2000000000000002,14.0,0.038095238095238106,0.5999999999999999,0.2663079601988535,34.72871705590013,37.77568430595468
1.2000000000000002,14.5,0.038095238095238106,0.5999999999999999,0.26073421129122776,34.72871705590013,37.77568430595468
1.2000000000000002,15.0,0.038095238095238106,0.5999999999999999,0.2551352464460883,34.72871705590013,37.77568430595468
1.2000000000000002,15.5,0.038095238095238106,0.5999999999999999,0.24951003546885883,34.72871705590013,37.77568430595468
1.2000000000000002,16.0,0.038095238095238106,0.5999999999999999,0.24385753044947717,34.72871705590013,37.77568430595468
1.2000000000000002,16.5,0.038095238095238106,0.5999999999999999,0.23817666492751377,34.72871705590013,37.77568430595468
1.2000000000000002,17.0,0.038095238095238106,0.5999999999999999,0.2324663530295657,34.72871705590013,37.77568430595468
1.2000000000000002,17.5,0.038095238095238106,0.5999999999999999,0.22672548857737185,34.72871705590013,37.77568430595468
1.2000000000000002,18.0,0.038095238095238106,0.5999999999999999,0.22095294416501815,34.72871705590013,37.77568430595468
1.2000000000000002,18.5,0.038095238095238106,0.5999999999999999,0.21514757020351805,34.72871705590013,37.77568430595468
1.2000000000000002,19.0,0.038095238095238106,0.5999999999999999,0.20930819393096278,34.72871705590013,37.77568430595468
1.2000000000000002,19.5,0.038095238095238106,0.5999999999999999,0.20343361838634313,34.72871705590013,37.77568430595468
1.2000000000000002,20.0,0.038095238095238106,0.5999999999999999,0.19752262134504053,34.72871705590013,37.77568430595468
1.2000000000000002,20.5,0.038095238095238106,0.5999999999999999,0.19157395421387913,34.72871705590013,37.77568430595468
1.2000000000000002,21.0,0.038095238095238106,0.5999999999999999,0.18558634088351247,34.72871705590013,37.77568430595468
1.2000000000000002,21.5,0.038095238095238106,0.5999999999999999,0.17955847653579649,34.72871705590013,37.77568430595468
1.2000000000000002,22.0,0.038095238095238106,0.5999999999999999,0.17348902640366787,34.72871705590013,37.77568430595468
1.2000000000000002,22.5,0.038095238095238106,0.5999999999999999,0.16737662448090493,34.72871705590013,37.77568430595468
1.2000000000000002,23.0,0.038095238095238106,0.5999999999999999,0.16121987217899908,34.72871705590013,37.77568430595468
1.2000000000000002,23.5,0.038095238095238106,0.5999999999999999,0.1550173369282018,34.72871705590013,37.77568430595468
1.2000000000000002,24.0,0.038095238095238106,0.5999999999999999,0.1487675507196402,34.72871705590013,37.77568430595468
1.2000000000000002,24.5,0.038095238095238106,0.5999999999999999,0.14246900858521117,34.72871705590013,37.77568430595468
1.2000000000000002,25.0,0.038095238095238106,0.5999999999999999,0.13612016701176283,34.72871705590013,37.77568430595468
1.2000000000000002,25.5,0.038095238095238106,0.5999999999999999,0.12971944228586585,34.72871705590013,37.77568430595468
1.2000000000000002,26.0,0.038095238095238106,0.5999999999999999,0.1232652087652451,34.72871705590013,37.77568430595468
1.2000000000000002,26.5,0.038095238095238106,0.5999999999999999,0.11675579707270312,34.72871705590013,37.77568430595468
1.2000000000000002,27.0,0.038095238095238106,0.5999999999999999,0.1101894922081047,34.72871705590013,37.77568430595468
1.2000000000000002,27.5,0.038095238095238106,0.5999999999999999,0.1035645315737142,34.72871705590013,37.77568430595468
1.2000000000000002,28.0,0.038095238095238106,0.5999999999999999,0.09687910290787471,34.72871705590013,37.77568430595468
1.2000000000000002,28.5,0.038095238095238106,0.5999999999999999,0.09013134212169982,34.72871705590013,37.77568430595468
1.2000000000000002,29.0,0.038095238095238106,0.5999999999999999,0.08331933103310057,34.72871705590013,37.77568430595468
1.2000000000000002,29.5,0.038095238095238106,0.5999999999999999,0.07644109499209989,34.72871705590013,37.77568430595468
1.2000000000000002,30.0,0.038095238095238106,0.5999999999999999,0.06949460039098654,34.72871705590013,37.77568430595468
1.2000000000000002,30.5,0.038095238095238106,0.5999999999999999,0.06247775205243139,34.72871705590013,37.77568430595468
1.2000000000000002,31.0,0.038095238095238106,0.5999999999999999,0.05538839048822575,34.72871705590013,37.77568430595468
1.2000000000000002,31.5,0.038095238095238106,0.5999999999999999,0.04822428902080278,34.72871705590013,37.77568430595468
1.2000000000000002,32.0,0.038095238095238106,0.5999999999999999,0.040983150759165476,34.72871705590013,37.77568430595468
1.2000000000000002,32.5,0.038095238095238106,0.5999999999999999,0.033662605420266056,34.72871705590013,37.77568430595468
1.2000000000000002,33.0,0.038095238095238106,0.5999999999999999,0.026260205986255614,34.72871705590013,37.77568430595468
1.2000000000000002,33.5,0.038095238095238106,0.5999999999999999,0.018773425187347037,34.72871705590013,37.77568430595468
1.2000000000000002,34.0,0.038095238095238106,0.5999999999999999,0.011199651799305987,34.72871705590013,37.77568430595468
1.2000000000000002,34.5,0.038095238095238106,0.5999999999999999,0.003536186743794134,34.72871705590013,37.77568430595468
1.2000000000000002,35.0,0.038095238095238106,0.5999999999999999,-0.004219761021063861,34.72871705590013,37.77568430595468
1.2000000000000002,35.5,0.038095238095238106,0.5999999999999999,-0.012071078833441218,34.72871705590013,37.77568430595468
1.2000000000000002,36.0,0.038095238095238106,0.5999999999999999,-0.020020754898454507,34.72871705590013,37.77568430595468
1.2000000000000002,36.5,0.038095238095238106,0.5999999999999999,-0.02807188311233061,34.72871705590013,37.77568430595468
1.2000000000000002,37.0,0.038095238095238106,0.5999999999999999,-0.03622766815691453,34.72871705590013,37.77568430595468
1.2000000000000002,37.5,0.038095238095238106,0.5999999999999999,-0.04449143088261426,34.72871705590013,37.77568430595468
1.2000000000000002,38.0,0.038095238095238106,0.5999999999999999,-0.05286661399926845,34.72871705590013,37.77568430595468
1.2000000000000002,38.5,0.038095238095238106,0.5999999999999999,-0.061356788095935144,34.72871705590013,37.77568430595468
1.2000000000000002,39.0,0.038095238095238106,0.5999999999999999,-0.0699656580122422,34.72871705590013,37.77568430595468
1.2000000000000002,39.5,0.038095238095238106,0.5999999999999999,-0.07869706958573541,34.72871705590013,37.77568430595468
1.2000000000000002,40.0,0.038095238095238106,0.5999999999999999,-0.08755501680160593,34.72871705590013,37.77568430595468
1.25,0.0,0.039603960396039604,0.6007920792079208,0.41439603960396043,34.59595131050217,37.739091644168205
1.25,0.5,0.039603960396039604,0.6007920792079208,0.40915300655897785,34.59595131050217,37.739091644168205
1.25,1.0,0.039603960396039604,0.6007920792079208,0.40390917485302735,34.59595131050217,37.739091644168205
1.25,1.5,0.039603960396039604,0.6007920792079208,0.3986637453384331,34.59595131050217,37.739091644168205
1.25,2.0,0.039603960396039604,0.6007920792079208,0.3934159178934728,34.59595131050217,37.739091644168205
1.25,2.5,0.039603960396039604,0.6007920792079208,0.38816489093377715,34.59595131050217,37.739091644168205
1.25,3.0,0.039603960396039604,0.6007920792079208,0.3829098609218323,34.59595131050217,37.739091644168205
1.25,3.5,0.039603960396039604,0.6007920792079208,0.3776500218739467,34.59595131050217,37.739091644168205
1.25,4.0,0.039603960396039604,0.6007920792079208,0.37238456486403754,34.59595131050217,37.739091644168205
1.25,4.5,0.039603960396039604,0.6007920792079208,0.36711267752358573,34.59595131050217,37.739091644168205
1.25,5.0,0.039603960396039604,0.6007920792079208,0.36183354353709835,34.59595131050217,37.739091644168205
1.25,5.5,0.039603960396039604,0.6007920792079208,0.3565463421324095,34.59595131050217,37.739091644168205
1.25,6.0,0.039603960396039604,0.6007920792079208,0.3512502475651362,34.59595131050217,37.739091644168205
1.25,6.5,0.039603960396039604,0.6007920792079208,0.3459444285965956,34.59595131050217,37.739091644168205
1.25,7.0,0.039603960396039604,0.6007920792079208,0.34062804796447277,34.59595131050217,37.739091644168205
1.25,7.5,0.039603960396039604,0.6007920792079208,0.3353002618455131,34.59595131050217,37.739091644168205
1.25,8.0,0.039603960396039604,0.6007920792079208,0.329960219309494,34.59595131050217,37.739091644168205
1.25,8.5,0.039603960396039604,0.6007920792079208,0.3246070617637122,34.59595131050217,37.739091644168205
1.25,9.0,0.039603960396039604,0.6007920792079208,0.31923992238719945,34.59595131050217,37.739091644168205
1.25,9.5,0.039603960396039604,0.6007920792079208,0.31385792555385605,34.59595131050217,37.739091644168205
1.25,10.0,0.039603960396039604,0.6007920792079208,0.30846018624366683,34.59595131050217,37.739091644168205
1.25,10.5,0.039603960396039604,0.6007920792079208,0.30304580944113363,34.59595131050217,37.739091644168205
1.25,11.0,0.039603960396039604,0.6007920792079208,0.29761388952003215,34.59595131050217,37.739091644168205
1.25,11.5,0.039603960396039604,0.6007920792079208,0.29216350961356363,34.59595131050217,37.739091644168205
1.25,12.0,0.039603960396039604,0.6007920792079208,0.2866937409689412,34.59595131050217,37.739091644168205
1.25,12.5,0.039603960396039604,0.6007920792079208,0.28120364228541006,34.59595131050217,37.739091644168205
1.25,13.0,0.039603960396039604,0.6007920792079208,0.2756922590346617,34.59595131050217,37.739091644168205
1.25,13.5,0.039603960396039604,0.6007920792079208,0.27015862276256003,34.59595131050217,37.739091644168205
1.25,14.0,0.039603960396039604,0.6007920792079208,0.2646017503710475,34.59595131050217,37.739091644168205
1.25,14.5,0.039603960396039604,0.6007920792079208,0.2590206433790553,34.59595131050217,37.739091644168205
1.25,15.0,0.039603960396039604,0.6007920792079208,0.25341428716118297,34.59595131050217,37.739091644168205
1.25,15.5,0.039603960396039604,0.6007920792079208,0.24778165016286144,34.59595131050217,37.739091644168205
1.25,16.0,0.039603960396039604,0.6007920792079208,0.2421216830906489,34.59595131050217,37.739091644168205
1.25,16.5,0.039603960396039604,0.6007920792079208,0.23643331807624726,34.59595131050217,37.739091644168205
1.25,17.0,0.039603960396039604,0.6007920792079208,0.23071546781275734,34.59595131050217,37.739091644168205
1.25,17.5,0.039603960396039604,0.6007920792079208,0.2249670246616167,34.59595131050217,37.739091644168205
1.25,18.0,0.039603960396039604,0.6007920792079208,0.21918685972858665,34.59595131050217,37.739091644168205
1.25,18.5,0.039603960396039604,0.6007920792079208,0.21337382190707133,34.59595131050217,37.739091644168205
1.25,19.0,0.039603960396039604,0.6007920792079208,0.20752673688696155,34.59595131050217,37.739091644168205
1.25,19.5,0.039603960396039604,0.6007920792079208,0.20164440612710147,34.59595131050217,37.739091644168205
1.25,20.0,0.039603960396039604,0.6007920792079208,0.1957256057893747,34.59595131050217,37.739091644168205
1.25,20.5,0.039603960396039604,0.6007920792079208,0.18976908563229758,34.59595131050217,37.739091644168205
1.25,21.0,0.039603960396039604,0.6007920792079208,0.18377356786189084,34.59595131050217,37.739091644168205
1.25,21.5,0.039603960396039604,0.6007920792079208,0.1777377459374782,34.59595131050217,37.739091644168205
1.25,22.0,0.039603960396039604,0.6007920792079208,0.17166028332992764,34.59595131050217,37.739091644168205
1.25,22.5,0.039603960396039604,0.6007920792079208,0.1655398122297089,34.59595131050217,37.739091644168205
1.25,23.0,0.039603960396039604,0.6007920792079208,0.15937493220199195,34.59595131050217,37.739091644168205
1.25,23.5,0.039603960396039604,0.6007920792079208,0.15316420878584708,34.59595131050217,37.739091644168205
1.25,24.0,0.039603960396039604,0.6007920792079208,0.1469061720344359,34.59595131050217,37.739091644168205
1.25,24.5,0.039603960396039604,0.6007920792079208,0.14059931499289868,34.59595131050217,37.739091644168205
1.25,25.0,0.039603960396039604,0.6007920792079208,0.13424209211044247,34.59595131050217,37.739091644168205
1.25,25.5,0.039603960396039604,0.6007920792079208,0.1278329175829272,34.59595131050217,37.739091644168205
1.25,26.0,0.039603960396039604,0.6007920792079208,0.12137016362201519,34.59595131050217,37.739091644168205
1.25,26.5,0.039603960396039604,0.6007920792079208,0.11485215864671072,34.59595131050217,37.739091644168205
1.25,27.0,0.039603960396039604,0.6007920792079208,0.10827718539285214,34.59595131050217,37.739091644168205
1.25,27.5,0.039603960396039604,0.6007920792079208,0.10164347893584202,34.59595131050217,37.739091644168205
1.25,28.0,0.039603960396039604,0.6007920792079208,0.09494922462159872,34.59595131050217,37.739091644168205
1.25,28.5,0.039603960396039604,0.6007920792079208,0.0881925559003926,34.59595131050217,37.739091644168205
1.25,29.0,0.039603960396039604,0.6007920792079208,0.08137155205788099,34.59595131050217,37.739091644168205
1.25,29.5,0.039603960396039604,0.6007920792079208,0.07448423583728825,34.59595131050217,37.739091644168205
1.25,30.0,0.039603960396039604,0.6007920792079208,0.0675285709462724,34.59595131050217,37.739091644168205
1.25,30.5,0.039603960396039604,0.6007920792079208,0.06050245944159377,34.59595131050217,37.739091644168205
1.25,31.0,0.039603960396039604,0.6007920792079208,0.05340373898423406,34.59595131050217,37.739091644168205
1.25,31.5,0.039603960396039604,0.6007920792079208,0.046230179957118145,34.59595131050217,37.739091644168205
1.25,32.0,0.039603960396039604,0.6007920792079208,0.03897948243704963,34.59595131050217,37.739091644168205
1.25,32.5,0.039603960396039604,0.6007920792079208,0.03164927301189424,34.59595131050217,37.739091644168205
1.25,33.0,0.039603960396039604,0.6007920792079208,0.024237101433416453,34.59595131050217,37.739091644168205
1.25,33.5,0.039603960396039604,0.6007920792079208,0.01674043709549944,34.59595131050217,37.739091644168205
1.25,34.0,0.039603960396039604,0.6007920792079208,0.009156665326748081,34.59595131050217,37.739091644168205
1.25,34.5,0.039603960396039604,0.6007920792079208,0.0014830834856843778,34.59595131050217,37.739091644168205
1.25,35.0,0.039603960396039604,0.6007920792079208,-0.006283103154110681,34.59595131050217,37.739091644168205
1.25,35.5,0.039603960396039604,0.6007920792079208,-0.014144785742478017,34.59595131050217,37.739091644168205
1.25,36.0,0.039603960396039604,0.6007920792079208,-0.02210495642935928,34.59595131050217,37.739091644168205
1.25,36.5,0.039603960396039604,0.6007920792079208,-0.030166713195332928,34.59595131050217,37.739091644168205
1.25,37.0,0.039603960396039604,0.6007920792079208,-0.038333264952847,34.59595131050217,37.739091644168205
1.25,37.5,0.039603960396039604,0.6007920792079208,-0.04660793693627041,34.59595131050217,37.739091644168205
1.25,38.0,0.039603960396039604,0.6007920792079208,-0.05499417640027332,34.59595131050217,37.739091644168205
1.25,38.5,0.039603960396039604,0.6007920792079208,-0.06349555864756268,34.59595131050217,37.739091644168205
1.25,39.0,0.039603960396039604,0.6007920792079208,-0.07211579340864377,34.59595131050217,37.739091644168205
1.25,39.5,0.039603960396039604,0.6007920792079208,-0.08085873159807555,34.59595131050217,37.739091644168205
1.25,40.0,0.039603960396039604,0.6007920792079208,-0.08972837247363707,34.59595131050217,37.739091644168205
1.3,0.0,0.04110671936758893,0.6015810276679842,0.4128932806324111,34.463636308562755,37.702703551292814
1.3,0.5,0.04110671936758893,0.6015810276679842,0.4076433625385238,34.463636308562755,37.702703551292814
1.3,1.0,0.04110671936758893,0.6015810276679842,0.40239264473488257,34.463636308562755,37.702703551292814
1.3,1.5,0.04110671936758893,0.6015810276679842,0.3971403270243864,34.463636308562755,37.702703551292814
1.3,2.0,0.04110671936758893,0.6015810276679842,0.3918856082346087,34.463636308562755,37.702703551292814
1.3,2.5,0.04110671936758893,0.6015810276679842,0.3866276857285552,34.463636308562755,37.702703551292814
1.3,3.0,0.04110671936758893,0.6015810276679842,0.38136575491352226,34.463636308562755,37.702703551292814
1.3,3.5,0.04110671936758893,0.6015810276679842,0.3760990087474162,34.463636308562755,37.702703551292814
1.3,4.0,0.04110671936758893,0.6015810276679842,0.37082663724188825,34.463636308562755,37.702703551292814
1.3,4.5,0.04110671936758893,0.6015810276679842,0.36554782696163274,34.463636308562755,37.702703551292814
1.3,5.0,0.04110671936758893,0.6015810276679842,0.36026176051918724,34.463636308562755,37.702703551292814
1.3,5.5,0.04110671936758893,0.6015810276679842,0.3549676160645638,34.463636308562755,37.702703551292814
1.3,6.0,0.04110671936758893,0.6015810276679842,0.34966456676902785,34.463636308562755,37.702703551292814
1.3,6.5,0.04110671936758893,0.6015810276679842,0.34435178030233027,34.463636308562755,37.702703551292814
1.3,7.0,0.04110671936758893,0.6015810276679842,0.33902841830267955,34.463636308562755,37.702703551292814
1.3,7.5,0.04110671936758893,0.6015810276679842,0.3336936358387287,34.463636308562755,37.702703551292814
1.3,8.0,0.04110671936758893,0.6015810276679842,0.32834658086283014,34.463636308562755,37.702703551292814
1.3,8.5,0.04110671936758893,0.6015810276679842,0.32298639365479354,34.463636308562755,37.702703551292814
1.3,9.0,0.04110671936758893,0.6015810276679842,0.317612206255358,34.463636308562755,37.702703551292814
1.3,9.5,0.04110671936758893,0.6015810276679842,0.312223141888569,34.463636308562755,37.702703551292814
1.3,10.0,0.04110671936758893,0.6015810276679842,0.3068183143722199,34.463636308562755,37.702703551292814
1.3,10.5,0.04110671936758893,0.6015810276679842,0.30139682751549596,34.463636308562755,37.702703551292814
1.3,11.0,0.04110671936758893,0.6015810276679842,0.29595777450292193,34.463636308562755,37.702703551292814
1.3,11.5,0.04110671936758893,0.6015810276679842,0.2905002372636876,34.463636308562755,37.702703551292814
1.3,12.0,0.04110671936758893,0.6015810276679842,0.28502328582538594,34.463636308562755,37.702703551292814
1.3,12.5,0.04110671936758893,0.6015810276679842,0.27952597765116427,34.463636308562755,37.702703551292814
1.3,13.0,0.04110671936758893,0.6015810276679842,0.2740073569592463,34.463636308562755,37.702703551292814
1.3,13.5,0.04110671936758893,0.6015810276679842,0.2684664540237405,34.463636308562755,37.702703551292814
1.3,14.0,0.04110671936758893,0.6015810276679842,0.2629022844556044,34.463636308562755,37.702703551292814
1.3,14.5,0.04110671936758893,0.6015810276679842,0.25731384846258304,34.463636308562755,37.702703551292814
1.3,15.0,0.04110671936758893,0.6015810276679842,0.25170013008688985,34.463636308562755,37.702703551292814
1.3,15.5,0.04110671936758893,0.6015810276679842,0.24606009641933832,34.463636308562755,37.702703551292814
1.3,16.0,0.04110671936758893,0.6015810276679842,0.2403926967885749,34.463636308562755,37.702703551292814
1.3,16.5,0.04110671936758893,0.6015810276679842,0.2346968619239976,34.463636308562755,37.702703551292814
1.3,17.0,0.04110671936758893,0.6015810276679842,0.22897150309087708,34.463636308562755,37.702703551292814
1.3,17.5,0.04110671936758893,0.6015810276679842,0.22321551119612143,34.463636308562755,37.702703551292814
1.3,18.0,0.04110671936758893,0.6015810276679842,0.2174277558630501,34.463636308562755,37.702703551292814
1.3,18.5,0.04110671936758893,0.6015810276679842,0.2116070844734564,34.463636308562755,37.702703551292814
1.3,19.0,0.04110671936758893,0.6015810276679842,0.20575232117515002,34.463636308562755,37.702703551292814
1.3,19.5,0.04110671936758893,0.6015810276679842,0.1998622658530742,34.463636308562755,37.702703551292814
1.3,20.0,0.04110671936758893,0.6015810276679842,0.19393569306199215,34.463636308562755,37.702703551292814
1.3,20.5,0.04110671936758893,0.6015810276679842,0.1879713509186274,34.463636308562755,37.702703551292814
1.3,21.0,0.04110671936758893,0.6015810276679842,0.1819679599510266,34.463636308562755,37.702703551292814
1.3,21.5,0.04110671936758893,0.6015810276679842,0.17592421190278962,34.463636308562755,37.702703551292814
1.3,22.0,0.04110671936758893,0.6015810276679842,0.1698387684896804,34.463636308562755,37.702703551292814
1.3,22.5,0.04110671936758893,0.6015810276679842,0.16371026010598794,34.463636308562755,37.702703551292814
1.3,23.0,0.04110671936758893,0.6015810276679842,0.15753728447785836,34.463636308562755,37.702703551292814
1.3,23.5,0.04110671936758893,0.6015810276679842,0.15131840526065576,34.463636308562755,37.702703551292814
1.3,24.0,0.04110671936758893,0.6015810276679842,0.14505215057723636,34.463636308562755,37.702703551292814
1.3,24.5,0.04110671936758893,0.6015810276679842,0.13873701149383644,34.463636308562755,37.702703551292814
1.3,25.0,0.04110671936758893,0.6015810276679842,0.13237144043007598,34.463636308562755,37.702703551292814
1.3,25.5,0.04110671936758893,0.6015810276679842,0.12595384949936772,34.463636308562755,37.702703551292814
1.3,26.0,0.04110671936758893,0.6015810276679842,0.11948260877579409,34.463636308562755,37.702703551292814
1.3,26.5,0.04110671936758893,0.6015810276679842,0.11295604448327173,34.463636308562755,37.702703551292814
1.3,27.0,0.04110671936758893,0.6015810276679842,0.10637243710256106,34.463636308562755,37.702703551292814
1.3,27.5,0.04110671936758893,0.6015810276679842,0.09973001939140014,34.463636308562755,37.702703551292814
1.3,28.0,0.04110671936758893,0.6015810276679842,0.09302697431273893,34.463636308562755,37.702703551292814
1.3,28.5,0.04110671936758893,0.6015810276679842,0.0862614328657309,34.463636308562755,37.702703551292814
1.3,29.0,0.04110671936758893,0.6015810276679842,0.07943147181378885,34.463636308562755,37.702703551292814
1.3,29.5,0.04110671936758893,0.6015810276679842,0.07253511130364187,34.463636308562755,37.702703551292814
1.3,30.0,0.04110671936758893,0.6015810276679842,0.06557031236892874,34.463636308562755,37.702703551292814
1.3,30.5,0.04110671936758893,0.6015810276679842,0.058534974311431454,34.463636308562755,37.702703551292814
1.3,31.0,0.04110671936758893,0.6015810276679842,0.05142693195259018,34.463636308562755,37.702703551292814
1.3,31.5,0.04110671936758893,0.6015810276679842,0.044243952747440196,34.463636308562755,37.702703551292814
1.3,32.0,0.04110671936758893,0.6015810276679842,0.036983733752570636,34.463636308562755,37.702703551292814
1.3,32.5,0.04110671936758893,0.6015810276679842,0.02964389843912868,34.463636308562755,37.702703551292814
1.3,33.0,0.04110671936758893,0.6015810276679842,0.02222199334126046,34.463636308562755,37.702703551292814
1.3,33.5,0.04110671936758893,0.6015810276679842,0.014715484529706557,34.463636308562755,37.702703551292814
1.3,34.0,0.04110671936758893,0.6015810276679842,0.007121753899536287,34.463636308562755,37.702703551292814
1.3,34.5,0.04110671936758893,0.6015810276679842,-0.0005619047397845689,34.463636308562755,37.702703551292814
1.3,35.0,0.04110671936758893,0.6015810276679842,-0.00833828978465534,34.463636308562755,37.702703551292814
1.3,35.5,0.04110671936758893,0.6015810276679842,-0.016210296181518535,34.463636308562755,37.702703551292814
1.3,36.0,0.04110671936758893,0.6015810276679842,-0.024180920009549023,34.463636308562755,37.702703551292814
1.3,36.5,0.04110671936758893,0.6015810276679842,-0.03225326331753281,34.463636308562755,37.702703551292814
1.3,37.0,0.04110671936758893,0.6015810276679842,-0.040430539231799456,34.463636308562755,37.702703551292814
1.3,37.5,0.04110671936758893,0.6015810276679842,-0.04871607735335082,34.463636308562755,37.702703551292814
1.3,38.0,0.04110671936758893,0.6015810276679842,-0.05711332946372483,34.463636308562755,37.702703551292814
1.3,38.5,0.04110671936758893,0.6015810276679842,-0.0656258755606462,34.463636308562755,37.702703551292814
1.3,39.0,0.04110671936758893,0.6015810276679842,-0.07425743024616621,34.463636308562755,37.702703551292814
1.3,39.5,0.04110671936758893,0.6015810276679842,-0.08301184949178986,34.463636308562755,37.702703551292814
1.3,40.0,0.04110671936758893,0.6015810276679842,-0.09189313780704339,34.463636308562755,37.702703551292814
1.35,0.0,0.04260355029585799,0.6023668639053253,0.411396449704142,34.33177116264421,37.66651834577539
1.35,0.5,0.04260355029585799,0.6023668639053253,0.40613967372130627,34.33177116264421,37.66651834577539
1.35,1.0,0.04260355029585799,0.6023668639053253,0.40088209698406774,34.33177116264421,37.66651834577539
1.35,1.5,0.04260355029585799,0.6023668639053253,0.3956229182500401,34.33177116264421,37.66651834577539
1.35,2.0,0.04260355029585799,0.6023668639053253,0.3903613353002372,34.33177116264421,37.66651834577539
1.35,2.5,0.04260355029585799,0.6023668639053253,0.38509654444919217,34.33177116264421,37.66651834577539
1.35,3.0,0.04260355029585799,0.6023668639053253,0.379827740053174,34.33177116264421,37.66651834577539
1.35,3.5,0.04260355029585799,0.6023668639053253,0.37455411401586214,34.33177116264421,37.66651834577539
1.35,4.0,0.04260355029585799,0.6023668639053253,0.3692748552908322,34.33177116264421,37.66651834577539
1.35,4.5,0.04260355029585799,0.6023668639053253,0.36398914938020027,34.33177116264421,37.66651834577539
1.35,5.0,0.04260355029585799,0.6023668639053253,0.35869617782876295,34.33177116264421,37.66651834577539
1.35,5.5,0.04260355029585799,0.6023668639053253,0.35339511771296195,34.33177116264421,37.66651834577539
1.35,6.0,0.04260355029585799,0.6023668639053253,0.348085141123989,34.33177116264421,37.66651834577539
1.35,6.5,0.04260355029585799,0.6023668639053253,0.3427654146443343,34.33177116264421,37.66651834577539
1.35,7.0,0.04260355029585799,0.6023668639053253,0.33743509881706696,34.33177116264421,37.66651834577539
1.35,7.5,0.04260355029585799,0.6023668639053253,0.33209334760711895,34.33177116264421,37.66651834577539
1.35,8.0,0.04260355029585799,0.6023668639053253,0.32673930785382577,34.33177116264421,37.66651834577539
1.35,8.5,0.04260355029585799,0.6023668639053253,0.3213721187139573,34.33177116264421,37.66651834577539
1.35,9.0,0.04260355029585799,0.6023668639053253,0.315990911094451,34.33177116264421,37.66651834577539
1.35,9.5,0.04260355029585799,0.6023668639053253,0.31059480707403253,34.33177116264421,37.66651834577539
1.35,10.0,0.04260355029585799,0.6023668639053253,0.30518291931288916,34.33177116264421,37.66651834577539
1.35,10.5,0.04260355029585799,0.6023668639053253,0.2997543504495255,34.33177116264421,37.66651834577539
1.35,11.0,0.04260355029585799,0.6023668639053253,0.2943081924839069,34.33177116264421,37.66651834577539
1.35,11.5,0.04260355029585799,0.6023668639053253,0.288843526145961,34.33177116264421,37.66651834577539
1.35,12.0,0.04260355029585799,0.6023668639053253,0.28335942024847194,34.33177116264421,37.66651834577539
1.35,12.5,0.04260355029585799,0.6023668639053253,0.2778549310233652,34.33177116264421,37.66651834577539
1.35,13.0,0.04260355029585799,0.6023668639053253,0.2723291014403413,34.33177116264421,37.66651834577539
1.35,13.5,0.04260355029585799,0.6023668639053253,0.26678096050677036,34.33177116264421,37.66651834577539
1.35,14.0,0.04260355029585799,0.6023668639053253,0.26120952254771723,34.33177116264421,37.66651834577539
1.35,14.5,0.04260355029585799,0.6023668639053253,0.2556137864649135,34.33177116264421,37.66651834577539
1.35,15.0,0.04260355029585799,0.6023668639053253,0.2499927349734421,34.33177116264421,37.66651834577539
1.35,15.5,0.04260355029585799,0.6023668639053253,0.24434533381484289,34.33177116264421,37.66651834577539
1.35,16.0,0.04260355029585799,0.6023668639053253,0.23867053094528615,34.33177116264421,37.66651834577539
1.35,16.5,0.04260355029585799,0.6023668639053253,0.23296725569739785,34.33177116264421,37.66651834577539
1.35,17.0,0.04260355029585799,0.6023668639053253,0.22723441791425075,34.33177116264421,37.66651834577539
1.35,17.5,0.04260355029585799,0.6023668639053253,0.22147090705396147,34.33177116264421,37.66651834577539
1.35,18.0,0.04260355029585799,0.6023668639053253,0.2156755912632553,34.33177116264421,37.66651834577539
1.35,18.5,0.04260355029585799,0.6023668639053253,0.20984731641827786,34.33177116264421,37.66651834577539
1.35,19.0,0.04260355029585799,0.6023668639053253,0.20398490513084072,34.33177116264421,37.66651834577539
1.35,19.5,0.04260355029585799,0.6023668639053253,0.19808715571819496,34.33177116264421,37.66651834577539
1.35,20.0,0.04260355029585799,0.6023668639053253,0.19215284113432313,34.33177116264421,37.66651834577539
1.35,20.5,0.04260355029585799,0.6023668639053253,0.18618070786063248,34.33177116264421,37.66651834577539
1.35,21.0,0.04260355029585799,0.6023668639053253,0.18016947475381467,34.33177116264421,37.66651834577539
1.35,21.5,0.04260355029585799,0.6023668639053253,0.17411783184851404,34.33177116264421,37.66651834577539
1.35,22.0,0.04260355029585799,0.6023668639053253,0.16802443911231388,34.33177116264421,37.66651834577539
1.35,22.5,0.04260355029585799,0.6023668639053253,0.1618879251504079,34.33177116264421,37.66651834577539
1.35,23.0,0.04260355029585799,0.6023668639053253,0.15570688585717302,34.33177116264421,37.66651834577539
1.35,23.5,0.04260355029585799,0.6023668639053253,0.149479883011698,34.33177116264421,37.66651834577539
1.35,24.0,0.04260355029585799,0.6023668639053253,0.14320544281414804,34.33177116264421,37.66651834577539
1.35,24.5,0.04260355029585799,0.6023668639053253,0.13688205435966205,34.33177116264421,37.66651834577539
1.35,25.0,0.04260355029585799,0.6023668639053253,0.13050816804627902,34.33177116264421,37.66651834577539
1.35,25.5,0.04260355029585799,0.6023668639053253,0.12408219391317932,34.33177116264421,37.66651834577539
1.35,26.0,0.04260355029585799,0.6023668639053253,0.1176024999052977,34.33177116264421,37.66651834577539
1.35,26.5,0.04260355029585799,0.6023668639053253,0.11106741006012244,34.33177116264421,37.66651834577539
1.35,27.0,0.04260355029585799,0.6023668639053253,0.1044752026122317,34.33177116264421,37.66651834577539
1.35,27.5,0.04260355029585799,0.6023668639053253,0.09782410801084168,34.33177116264421,37.66651834577539
1.35,28.0,0.04260355029585799,0.6023668639053253,0.09111230684533417,34.33177116264421,37.66651834577539
1.35,28.5,0.04260355029585799,0.6023668639053253,0.08433792767341497,34.33177116264421,37.66651834577539
1.35,29.0,0.04260355029585799,0.6023668639053253,0.07749904474620195,34.33177116264421,37.66651834577539
1.35,29.5,0.04260355029585799,0.6023668639053253,0.07059367562417163,34.33177116264421,37.66651834577539
1.35,30.0,0.04260355029585799,0.6023668639053253,0.0636197786774918,34.33177116264421,37.66651834577539
1.35,30.5,0.04260355029585799,0.6023668639053253,0.05657525046383388,34.33177116264421,37.66651834577539
1.35,31.0,0.04260355029585799,0.6023668639053253,0.04945792297629803,34.33177116264421,37.66651834577539
1.35,31.5,0.04260355029585799,0.6023668639053253,0.04226556075357951,34.33177116264421,37.66651834577539
1.35,32.0,0.04260355029585799,0.6023668639053253,0.034995857843967304,34.33177116264421,37.66651834577539
1.35,32.5,0.04260355029585799,0.6023668639053253,0.027646434614184645,34.33177116264421,37.66651834577539
1.35,33.0,0.04260355029585799,0.6023668639053253,0.02021483439345223,34.33177116264421,37.66651834577539
1.35,33.5,0.04260355029585799,0.6023668639053253,0.012698519942477005,34.33177116264421,37.66651834577539
1.35,34.0,0.04260355029585799,0.6023668639053253,0.00509486973633716,34.33177116264421,37.66651834577539
1.35,34.5,0.04260355029585799,0.6023668639053253,-0.002598825950557382,34.33177116264421,37.66651834577539
1.35,35.0,0.04260355029585799,0.6023668639053253,-0.010385369170109071,34.33177116264421,37.66651834577539
1.35,35.5,0.04260355029585799,0.6023668639053253,-0.018267658650385377,34.33177116264421,37.66651834577539
1.35,36.0,0.04260355029585799,0.6023668639053253,-0.02624869438429417,34.33177116264421,37.66651834577539
1.35,36.5,0.04260355029585799,0.6023668639053253,-0.03433158247278123,34.33177116264421,37.66651834577539
1.35,37.0,0.04260355029585799,0.6023668639053253,-0.04251954023943455,34.33177116264421,37.66651834577539
1.35,37.5,0.04260355029585799,0.6023668639053253,-0.050815901634663596,34.33177116264421,37.66651834577539
1.35,38.0,0.04260355029585799,0.6023668639053253,-0.05922412294901669,34.33177116264421,37.66651834577539
1.35,38.5,0.04260355029585799,0.6023668639053253,-0.06774778885671556,34.33177116264421,37.66651834577539
1.35,39.0,0.04260355029585799,0.6023668639053253,-0.07639061881214027,34.33177116264421,37.66651834577539
1.35,39.5,0.04260355029585799,0.6023668639053253,-0.08515647382379316,34.33177116264421,37.66651834577539
1.35,40.0,0.04260355029585799,0.6023668639053253,-0.09404936363223126,34.33177116264421,37.66651834577539
1.4000000000000001,0.0,0.044094488188976384,0.6031496062992125,0.40990551181102364,34.200354972270496,37.63053436411471
1.4000000000000001,0.5,0.044094488188976384,0.6031496062992125,0.4046419049388022,34.200354972270496,37.63053436411471
1.4000000000000001,1.0,0.044094488188976384,0.6031496062992125,0.399377496271642,34.200354972270496,37.63053436411471
1.4000000000000001,1.5,0.044094488188976384,0.6031496062992125,0.39411148352598646,34.200354972270496,37.63053436411471
1.4000000000000001,2.0,0.044094488188976384,0.6031496062992125,0.3888430634404104,34.200354972270496,37.63053436411471
1.4000000000000001,2.5,0.044094488188976384,0.6031496062992125,0.3835714312851022,34.200354972270496,37.63053436411471
1.4000000000000001,3.0,0.044094488188976384,0.6031496062992125,0.3782957803694413,34.200354972270496,37.63053436411471
1.4000000000000001,3.5,0.044094488188976384,0.6031496062992125,0.3730153015470307,34.200354972270496,37.63053436411471
1.4000000000000001,4.0,0.044094488188976384,0.6031496062992125,0.36772918271753624,34.200354972270496,37.63053436411471
1.4000000000000001,4.5,0.044094488188976384,0.6031496062992125,0.362436608324679,34.200354972270496,37.63053436411471
1.4000000000000001,5.0,0.044094488188976384,0.6031496062992125,0.3571367588497183,34.200354972270496,37.63053436411471
1.4000000000000001,5.5,0.044094488188976384,0.6031496062992125,0.3518288102997523,34.200354972270496,37.63053436411471
1.4000000000000001,6.0,0.044094488188976384,0.6031496062992125,0.34651193369015104,34.200354972270496,37.63053436411471
1.4000000000000001,6.5,0.044094488188976384,0.6031496062992125,0.3411852945204249,34.200354972270496,37.63053436411471
1.4000000000000001,7.0,0.044094488188976384,0.6031496062992125,0.33584805224281505,34.200354972270496,37.63053436411471
1.4000000000000001,7.5,0.044094488188976384,0.6031496062992125,0.3304993597228778,34.200354972270496,37.63053436411471
1.4000000000000001,8.0,0.044094488188976384,0.6031496062992125,0.3251383626913135,34.200354972270496,37.63053436411471
1.4000000000000001,8.5,0.044094488188976384,0.6031496062992125,0.31976419918627413,34.200354972270496,37.63053436411471
1.4000000000000001,9.0,0.044094488188976384,0.6031496062992125,0.31437599898535845,34.200354972270496,37.63053436411471
1.4000000000000001,9.5,0.044094488188976384,0.6031496062992125,0.3089728830264824,34.200354972270496,37.63053436411471
1.4000000000000001,10.0,0.044094488188976384,0.6031496062992125,0.30355396281678415,34.200354972270496,37.63053436411471
1.4000000000000001,10.5,0.044094488188976384,0.6031496062992125,0.2981183398286966,34.200354972270496,37.63053436411471
1.4000000000000001,11.0,0.044094488188976384,0.6031496062992125,0.29266510488228953,34.200354972270496,37.63053436411471
1.4000000000000001,11.5,0.044094488188976384,0.6031496062992125,0.28719333751294984,34.200354972270496,37.63053436411471
1.4000000000000001,12.0,0.044094488188976384,0.6031496062992125,0.28170210532343554,34.200354972270496,37.63053436411471
1.4000000000000001,12.5,0.044094488188976384,0.6031496062992125,0.2761904633192977,34.200354972270496,37.63053436411471
1.4000000000000001,13.0,0.044094488188976384,0.6031496062992125,0.2706574532266289,34.200354972270496,37.63053436411471
1.4000000000000001,13.5,0.044094488188976384,0.6031496062992125,0.2651021027910482,34.200354972270496,37.63053436411471
1.4000000000000001,14.0,0.044094488188976384,0.6031496062992125,0.25952342505679027,34.200354972270496,37.63053436411471
1.4000000000000001,14.5,0.044094488188976384,0.6031496062992125,0.25392041762471507,34.200354972270496,37.63053436411471
1.4000000000000001,15.0,0.044094488188976384,0.6031496062992125,0.24829206188800004,34.200354972270496,37.63053436411471
1.4000000000000001,15.5,0.044094488188976384,0.6031496062992125,0.24263732224422344,34.200354972270496,37.63053436411471
1.4000000000000001,16.0,0.044094488188976384,0.6031496062992125,0.23695514528248282,34.200354972270496,37.63053436411471
1.4000000000000001,16.5,0.044094488188976384,0.6031496062992125,0.23124445894413115,34.200354972270496,37.63053436411471
1.4000000000000001,17.0,0.044094488188976384,0.6031496062992125,0.22550417165564265,34.200354972270496,37.63053436411471
1.4000000000000001,17.5,0.044094488188976384,0.6031496062992125,0.2197331714320462,34.200354972270496,37.63053436411471
1.4000000000000001,18.0,0.044094488188976384,0.6031496062992125,0.2139303249492865,34.200354972270496,37.63053436411471
1.4000000000000001,18.5,0.044094488188976384,0.6031496062992125,0.20809447658378896,34.200354972270496,37.63053436411471
1.4000000000000001,19.0,0.044094488188976384,0.6031496062992125,0.20222444741741452,34.200354972270496,37.63053436411471
1.4000000000000001,19.5,0.044094488188976384,0.6031496062992125,0.196319034205894,34.200354972270496,37.63053436411471
1.4000000000000001,20.0,0.044094488188976384,0.6031496062992125,0.19037700830873153,34.200354972270496,37.63053436411471
1.4000000000000001,20.5,0.044094488188976384,0.6031496062992125,0.18439711457845642,34.200354972270496,37.63053436411471
1.4000000000000001,21.0,0.044094488188976384,0.6031496062992125,0.17837807020698548,34.200354972270496,37.63053436411471
1.4000000000000001,21.5,0.044094488188976384,0.6031496062992125,0.17231856352673555,34.200354972270496,37.63053436411471
1.4000000000000001,22.0,0.044094488188976384,0.6031496062992125,0.16621725276399207,34.200354972270496,37.63053436411471
1.4000000000000001,22.5,0.044094488188976384,0.6031496062992125,0.16007276474189705,34.200354972270496,37.63053436411471
1.4000000000000001,23.0,0.044094488188976384,0.6031496062992125,0.15388369353026993,34.200354972270496,37.63053436411471
1.4000000000000001,23.5,0.044094488188976384,0.6031496062992125,0.14764859903931093,34.200354972270496,37.63053436411471
1.4000000000000001,24.0,0.044094488188976384,0.6031496062992125,0.14136600555406403,34.200354972270496,37.63053436411471
1.4000000000000001,24.5,0.044094488188976384,0.6031496062992125,0.13503440020633084,34.200354972270496,37.63053436411471
1.4000000000000001,25.0,0.044094488188976384,0.6031496062992125,0.12865223138052845,34.200354972270496,37.63053436411471
1.4000000000000001,25.5,0.044094488188976384,0.6031496062992125,0.12221790704977115,34.200354972270496,37.63053436411471
1.4000000000000001,26.0,0.044094488188976384,0.6031496062992125,0.1157297930382285,34.200354972270496,37.63053436411471
1.4000000000000001,26.5,0.044094488188976384,0.6031496062992125,0.10918621120556815,34.200354972270496,37.63053436411471
1.4000000000000001,27.0,0.044094488188976384,0.6031496062992125,0.1025854375490296,34.200354972270496,37.63053436411471
1.4000000000000001,27.5,0.044094488188976384,0.6031496062992125,0.09592570021839564,34.200354972270496,37.63053436411471
1.4000000000000001,28.0,0.044094488188976384,0.6031496062992125,0.08920517743882467,34.200354972270496,37.63053436411471
1.4000000000000001,28.5,0.044094488188976384,0.6031496062992125,0.08242199533618688,34.200354972270496,37.63053436411471
1.4000000000000001,29.0,0.044094488188976384,0.6031496062992125,0.07557422565919608,34.200354972270496,37.63053436411471
1.4000000000000001,29.5,0.044094488188976384,0.6031496062992125,0.06865988339225837,34.200354972270496,37.63053436411471
1.4000000000000001,30.0,0.044094488188976384,0.6031496062992125,0.0616769242525565,34.200354972270496,37.63053436411471
1.4000000000000001,30.5,0.044094488188976384,0.6031496062992125,0.054623242064455124,34.200354972270496,37.63053436411471
1.4000000000000001,31.0,0.044094488188976384,0.6031496062992125,0.04749666600384944,34.200354972270496,37.63053436411471
1.4000000000000001,31.5,0.044094488188976384,0.6031496062992125,0.04029495770457647,34.200354972270496,37.63053436411471
1.4000000000000001,32.0,0.044094488188976384,0.6031496062992125,0.03301580821846867,34.200354972270496,37.63053436411471
1.4000000000000001,32.5,0.044094488188976384,0.6031496062992125,0.02565683482004749,34.200354972270496,37.63053436411471
1.4000000000000001,33.0,0.044094488188976384,0.6031496062992125,0.018215577646225944,34.200354972270496,37.63053436411471
1.4000000000000001,33.5,0.044094488188976384,0.6031496062992125,0.010689496160708911,34.200354972270496,37.63053436411471
1.4000000000000001,34.0,0.044094488188976384,0.6031496062992125,0.0030759654320482444,34.200354972270496,37.63053436411471
1.4000000000000001,34.5,0.044094488188976384,0.6031496062992125,-0.004627727786484681,34.200354972270496,37.63053436411471
1.4000000000000001,35.0,0.044094488188976384,0.6031496062992125,-0.012424389187903617,34.200354972270496,37.63053436411471
1.4000000000000001,35.5,0.044094488188976384,0.6031496062992125,-0.020316921267012622,34.200354972270496,37.63053436411471
1.4000000000000001,36.0,0.044094488188976384,0.6031496062992125,-0.02830832791504434,34.200354972270496,37.63053436411471
1.4000000000000001,36.5,0.044094488188976384,0.6031496062992125,-0.036401719269150756,34.200354972270496,37.63053436411471
1.4000000000000001,37.0,0.044094488188976384,0.6031496062992125,-0.044600316833653786,34.200354972270496,37.63053436411471
1.4000000000000001,37.5,0.044094488188976384,0.6031496062992125,-0.05290745889124693,34.200354972270496,37.63053436411471
1.4000000000000001,38.0,0.044094488188976384,0.6031496062992125,-0.06132660622373659,34.200354972270496,37.63053436411471
1.4000000000000001,38.5,0.044094488188976384,0.6031496062992125,-0.06986134816343037,34.200354972270496,37.63053436411471
1.4000000000000001,39.0,0.044094488188976384,0.6031496062992125,-0.0785154089979333,34.200354972270496,37.63053436411471
1.4000000000000001,39.5,0.044094488188976384,0.6031496062992125,-0.08729265475291464,34.200354972270496,37.63053436411471
1.4000000000000001,40.0,0.044094488188976384,0.6031496062992125,-0.09619710037936724,34.200354972270496,37.63053436411471
1.4500000000000002,0.0,0.045579567779960715,0.6039292730844793,0.4084204322200393,34.069386824191746,37.59474996062459
1.4500000000000002,0.5,0.045579567779960715,0.6039292730844793,0.403150021298862,34.069386824191746,37.59474996062459
1.4500000000000002,1.0,0.045579567779960715,0.6039292730844793,0.3978788075462985,34.069386824191746,37.59474996062459
1.4500000000000002,1.5,0.045579567779960715,0.6039292730844793,0.39260598764171306,34.069386824191746,37.59474996062459
1.4500000000000002,2.0,0.045579567779960715,0.6039292730844793,0.38733075728533745,34.069386824191746,37.59474996062459
1.4500000000000002,2.5,0.045579567779960715,0.6039292730844793,0.3820523107071187,34.069386824191746,37.59474996062459
1.4500000000000002,3.0,0.045579567779960715,0.6039292730844793,0.3767698401736604,34.069386824191746,37.59474996062459
1.4500000000000002,3.5,0.045579567779960715,0.6039292730844793,0.37148253549261523,34.069386824191746,37.59474996062459
1.4500000000000002,4.0,0.045579567779960715,0.6039292730844793,0.36618958351388,34.069386824191746,37.59474996062459
1.4500000000000002,4.5,0.045579567779960715,0.6039292730844793,0.3608901676269397,34.069386824191746,37.59474996062459
1.4500000000000002,5.0,0.045579567779960715,0.6039292730844793,0.35558346725369544,34.069386824191746,37.59474996062459
1.4500000000000002,5.5,0.045579567779960715,0.6039292730844793,0.35026865733610346,34.069386824191746,37.59474996062459
1.4500000000000002,6.0,0.045579567779960715,0.6039292730844793,0.34494490781793924,34.069386824191746,37.59474996062459
1.4500000000000002,6.5,0.045579567779960715,0.6039292730844793,0.3396113831199886,34.069386824191746,37.59474996062459
1.4500000000000002,7.0,0.045579567779960715,0.6039292730844793,0.3342672416079512,34.069386824191746,37.59474996062459
1.4500000000000002,7.5,0.045579567779960715,0.6039292730844793,0.3289116350523272,34.069386824191746,37.59474996062459
1.4500000000000002,8.0,0.045579567779960715,0.6039292730844793,0.3235437080795381,34.069386824191746,37.59474996062459
1.4500000000000002,8.5,0.045579567779960715,0.6039292730844793,0.318162597613513,34.069386824191746,37.59474996062459
1.4500000000000002,9.0,0.045579567779960715,0.6039292730844793,0.31276743230695003,34.069386824191746,37.59474996062459
1.4500000000000002,9.5,0.045579567779960715,0.6039292730844793,0.30735733196143744,34.069386824191746,37.59474996062459
1.4500000000000002,10.0,0.045579567779960715,0.6039292730844793,0.30193140693559506,34.069386824191746,37.59474996062459
1.4500000000000002,10.5,0.045579567779960715,0.6039292730844793,0.2964887575403661,34.069386824191746,37.59474996062459
1.4500000000000002,11.0,0.045579567779960715,0.6039292730844793,0.29102847342056065,34.069386824191746,37.59474996062459
1.4500000000000002,11.5,0.045579567779960715,0.6039292730844793,0.28554963292171875,34.069386824191746,37.59474996062459
1.4500000000000002,12.0,0.045579567779960715,0.6039292730844793,0.2800513024413266,34.069386824191746,37.59474996062459
1.4500000000000002,12.5,0.045579567779960715,0.6039292730844793,0.27453253576337977,34.069386824191746,37.59474996062459
1.4500000000000002,13.0,0.045579567779960715,0.6039292730844793,0.26899237337524934,34.069386824191746,37.59474996062459
1.4500000000000002,13.5,0.045579567779960715,0.6039292730844793,0.263429841765761,34.069386824191746,37.59474996062459
1.4500000000000002,14.0,0.045579567779960715,0.6039292730844793,0.25784395270335225,34.069386824191746,37.59474996062459
1.4500000000000002,14.5,0.045579567779960715,0.6039292730844793,0.2522337024931225,34.069386824191746,37.59474996062459
1.4500000000000002,15.0,0.045579567779960715,0.6039292730844793,0.24659807121153812,34.069386824191746,37.59474996062459
1.4500000000000002,15.5,0.045579567779960715,0.6039292730844793,0.2409360219174964,34.069386824191746,37.59474996062459
1.4500000000000002,16.0,0.045579567779960715,0.6039292730844793,0.23524649983839385,34.069386824191746,37.59474996062459
1.4500000000000002,16.5,0.045579567779960715,0.6039292730844793,0.22952843152977712,34.069386824191746,37.59474996062459
1.4500000000000002,17.0,0.045579567779960715,0.6039292730844793,0.22378072400708807,34.069386824191746,37.59474996062459
1.4500000000000002,17.5,0.045579567779960715,0.6039292730844793,0.2180022638479381,34.069386824191746,37.59474996062459
1.4500000000000002,18.0,0.045579567779960715,0.6039292730844793,0.21219191626327039,34.069386824191746,37.59474996062459
1.4500000000000002,18.5,0.045579567779960715,0.6039292730844793,0.20634852413568316,34.069386824191746,37.59474996062459
1.4500000000000002,19.0,0.045579567779960715,0.6039292730844793,0.20047090702309808,34.069386824191746,37.59474996062459
1.4500000000000002,19.5,0.045579567779960715,0.6039292730844793,0.1945578601258614,34.069386824191746,37.59474996062459
1.4500000000000002,20.0,0.045579567779960715,0.6039292730844793,0.1886081532152641,34.069386824191746,37.59474996062459
1.4500000000000002,20.5,0.045579567779960715,0.6039292730844793,0.18262052952135768,34.069386824191746,37.59474996062459
1.4500000000000002,21.0,0.045579567779960715,0.6039292730844793,0.17659370457782558,34.069386824191746,37.59474996062459
1.4500000000000002,21.5,0.045579567779960715,0.6039292730844793,0.17052636502154564,34.069386824191746,37.59474996062459
1.4500000000000002,22.0,0.045579567779960715,0.6039292730844793,0.16441716734434741,34.069386824191746,37.59474996062459
1.4500000000000002,22.5,0.045579567779960715,0.6039292730844793,0.15826473659432339,34.069386824191746,37.59474996062459
1.4500000000000002,23.0,0.045579567779960715,0.6039292730844793,0.15206766502390479,34.069386824191746,37.59474996062459
1.4500000000000002,23.5,0.045579567779960715,0.6039292730844793,0.14582451068174662,34.069386824191746,37.59474996062459
1.4500000000000002,24.0,0.045579567779960715,0.6039292730844793,0.13953379594529663,34.069386824191746,37.59474996062459
1.4500000000000002,24.5,0.045579567779960715,0.6039292730844793,0.13319400599073378,34.069386824191746,37.59474996062459
1.4500000000000002,25.0,0.045579567779960715,0.6039292730844793,0.12680358719676516,34.069386824191746,37.59474996062459
1.4500000000000002,25.5,0.045579567779960715,0.6039292730844793,0.12036094547855714,34.069386824191746,37.59474996062459
1.4500000000000002,26.0,0.045579567779960715,0.6039292730844793,0.11386444454784722,34.069386824191746,37.59474996062459
1.4500000000000002,26.5,0.045579567779960715,0.6039292730844793,0.10731240409503973,34.069386824191746,37.59474996062459
1.4500000000000002,27.0,0.045579567779960715,0.6039292730844793,0.10070309788882637,34.069386824191746,37.59474996062459
1.4500000000000002,27.5,0.045579567779960715,0.6039292730844793,0.09403475178859183,34.069386824191746,37.59474996062459
1.4500000000000002,28.0,0.045579567779960715,0.6039292730844793,0.08730554166456084,34.069386824191746,37.59474996062459
1.4500000000000002,28.5,0.045579567779960715,0.6039292730844793,0.0805135912203232,34.069386824191746,37.59474996062459
1.4500000000000002,29.0,0.045579567779960715,0.6039292730844793,0.07365696971202129,34.069386824191746,37.59474996062459
1.4500000000000002,29.5,0.045579567779960715,0.6039292730844793,0.06673368955811293,34.069386824191746,37.59474996062459
1.4500000000000002,30.0,0.045579567779960715,0.6039292730844793,0.059741703833220194,34.069386824191746,37.59474996062459
1.4500000000000002,30.5,0.045579567779960715,0.6039292730844793,0.052678903639140795,34.069386824191746,37.59474996062459
1.4500000000000002,31.0,0.045579567779960715,0.6039292730844793,0.045543115345634544,34.069386824191746,37.59474996062459
1.4500000000000002,31.5,0.045579567779960715,0.6039292730844793,0.0383320976930942,34.069386824191746,37.59474996062459
1.4500000000000002,32.0,0.045579567779960715,0.6039292730844793,0.031043538748669497,34.069386824191746,37.59474996062459
1.4500000000000002,32.5,0.045579567779960715,0.6039292730844793,0.023675052706830346,34.069386824191746,37.59474996062459
1.4500000000000002,33.0,0.045579567779960715,0.6039292730844793,0.016224176524725464,34.069386824191746,37.59474996062459
1.4500000000000002,33.5,0.045579567779960715,0.6039292730844793,0.008688366382012702,34.069386824191746,37.59474996062459
1.4500000000000002,34.0,0.045579567779960715,0.6039292730844793,0.0010649939541023667,34.069386824191746,37.59474996062459
1.4500000000000002,34.5,0.045579567779960715,0.6039292730844793,-0.006648657513037004,34.069386824191746,37.59474996062459
1.4500000000000002,35.0,0.045579567779960715,0.6039292730844793,-0.014455397339223408,34.069386824191746,37.59474996062459
1.4500000000000002,35.5,0.045579567779960715,0.6039292730844793,-0.02235813177119722,34.069386824191746,37.59474996062459
1.4500000000000002,36.0,0.045579567779960715,0.6039292730844793,-0.03035986858319817,34.069386824191746,37.59474996062459
1.4500000000000002,36.5,0.045579567779960715,0.6039292730844793,-0.03846372193272507,34.069386824191746,37.59474996062459
1.4500000000000002,37.0,0.045579567779960715,0.6039292730844793,-0.04667291748840646,34.069386824191746,37.59474996062459
1.4500000000000002,37.5,0.045579567779960715,0.6039292730844793,-0.054990797848197215,34.069386824191746,37.59474996062459
1.4500000000000002,38.0,0.045579567779960715,0.6039292730844793,-0.0634208282675145,34.069386824191746,37.59474996062459
1.4500000000000002,38.5,0.045579567779960715,0.6039292730844793,-0.07196660271844885,34.069386824191746,37.59474996062459
1.4500000000000002,39.0,0.045579567779960715,0.6039292730844793,-0.08063185030283915,34.069386824191746,37.59474996062459
1.4500000000000002,39.5,0.045579567779960715,0.6039292730844793,-0.08942044204380772,34.069386824191746,37.59474996062459
1.4500000000000002,40.0,0.045579567779960715,0.6039292730844793,-0.09833639808230998,34.069386824191746,37.59474996062459
1.5,0.0,0.04705882352941177,0.6047058823529411,0.40694117647058825,33.93886579264636,37.55916350720045
1.5,0.5,0.04705882352941177,0.6047058823529411,0.401663988183,33.93886579264636,37.55916350720045
1.5,1.0,0.04705882352941177,0.6047058823529411,0.39638599603164254,33.93886579264636,37.55916350720045
1.5,1.5,0.04705882352941177,0.6047058823529411,0.39110639566286814,33.93886579264636,37.55916350720045
1.5,2.0,0.04705882352941177,0.6047058823529411,0.3858243817426373,33.93886579264636,37.55916350720045
1.5,2.5,0.04705882352941177,0.6047058823529411,0.3805391474647351,33.93886579264636,37.55916350720045
1.5,3.0,0.04705882352941177,0.6047058823529411,0.37524988405707865,33.93886579264636,37.55916350720045
1.5,3.5,0.04705882352941177,0.6047058823529411,0.3699557802854719,33.93886579264636,37.55916350720045
1.5,4.0,0.04705882352941177,0.6047058823529411,0.3646560219541596,33.93886579264636,37.55916350720045
1.5,4.5,0.04705882352941177,0.6047058823529411,0.3593497914025249,33.93886579264636,37.55916350720045
1.5,5.0,0.04705882352941177,0.6047058823529411,0.3540362669972648,33.93886579264636,37.55916350720045
1.5,5.5,0.04705882352941177,0.6047058823529411,0.3487146226193708,33.93886579264636,37.55916350720045
1.5,6.0,0.04705882352941177,0.6047058823529411,0.34338402714522626,33.93886579264636,37.55916350720045
1.5,6.5,0.04705882352941177,0.6047058823529411,0.3380436439211226,33.93886579264636,37.55916350720045
1.5,7.0,0.04705882352941177,0.6047058823529411,0.3326926302304789,33.93886579264636,37.55916350720045
1.5,7.5,0.04705882352941177,0.6047058823529411,0.3273301367530336,33.93886579264636,37.55916350720045
1.5,8.0,0.04705882352941177,0.6047058823529411,0.32195530701525976,33.93886579264636,37.55916350720045
1.5,8.5,0.04705882352941177,0.6047058823529411,0.3165672768312333,33.93886579264636,37.55916350720045
1.5,9.0,0.04705882352941177,0.6047058823529411,0.31116517373316277,33.93886579264636,37.55916350720045
1.5,9.5,0.04705882352941177,0.6047058823529411,0.30574811639076516,33.93886579264636,37.55916350720045
1.5,10.0,0.04705882352941177,0.6047058823529411,0.3003152140186459,33.93886579264636,37.55916350720045
1.5,10.5,0.04705882352941177,0.6047058823529411,0.29486556577081335,33.93886579264636,37.55916350720045
1.5,11.0,0.04705882352941177,0.6047058823529411,0.2893982601214267,33.93886579264636,37.55916350720045
1.5,11.5,0.04705882352941177,0.6047058823529411,0.28391237423084537,33.93886579264636,37.55916350720045
1.5,12.0,0.04705882352941177,0.6047058823529411,0.27840697329601016,33.93886579264636,37.55916350720045
1.5,12.5,0.04705882352941177,0.6047058823529411,0.2728811098841517,33.93886579264636,37.55916350720045
1.5,13.0,0.04705882352941177,0.6047058823529411,0.2673338232487772,33.93886579264636,37.55916350720045
1.5,13.5,0.04705882352941177,0.6047058823529411,0.26176413862684755,33.93886579264636,37.55916350720045
1.5,14.0,0.04705882352941177,0.6047058823529411,0.2561710665160061,33.93886579264636,37.55916350720045
1.5,14.5,0.04705882352941177,0.6047058823529411,0.25055360193067344,33.93886579264636,37.55916350720045
1.5,15.0,0.04705882352941177,0.6047058823529411,0.24491072363576818,33.93886579264636,37.55916350720045
1.5,15.5,0.04705882352941177,0.6047058823529411,0.23924139335675654,33.93886579264636,37.55916350720045
1.5,16.0,0.04705882352941177,0.6047058823529411,0.23354455496467383,33.93886579264636,37.55916350720045
1.5,16.5,0.04705882352941177,0.6047058823529411,0.22781913363469503,33.93886579264636,37.55916350720045
1.5,17.0,0.04705882352941177,0.6047058823529411,0.22206403497676305,33.93886579264636,37.55916350720045
1.5,17.5,0.04705882352941177,0.6047058823529411,0.21627814413670884,33.93886579264636,37.55916350720045
1.5,18.0,0.04705882352941177,0.6047058823529411,0.21046032486621907,33.93886579264636,37.55916350720045
1.5,18.5,0.04705882352941177,0.6047058823529411,0.20460941855992287,33.93886579264636,37.55916350720045
1.5,19.0,0.04705882352941177,0.6047058823529411,0.19872424325777893,33.93886579264636,37.55916350720045
1.5,19.5,0.04705882352941177,0.6047058823529411,0.19280359261084853,33.93886579264636,37.55916350720045
1.5,20.0,0.04705882352941177,0.6047058823529411,0.18684623480843768,33.93886579264636,37.55916350720045
1.5,20.5,0.04705882352941177,0.6047058823529411,0.18085091146448284,33.93886579264636,37.55916350720045
1.5,21.0,0.04705882352941177,0.6047058823529411,0.17481633646093686,33.93886579264636,37.55916350720045
1.5,21.5,0.04705882352941177,0.6047058823529411,0.1687411947457878,33.93886579264636,37.55916350720045
1.5,22.0,0.04705882352941177,0.6047058823529411,0.1626241410832111,33.93886579264636,37.55916350720045
1.5,22.5,0.04705882352941177,0.6047058823529411,0.15646379875321081,33.93886579264636,37.55916350720045
1.5,23.0,0.04705882352941177,0.6047058823529411,0.1502587581979567,33.93886579264636,37.55916350720045
1.5,23.5,0.04705882352941177,0.6047058823529411,0.144007575611859,33.93886579264636,37.55916350720045
1.5,24.0,0.04705882352941177,0.6047058823529411,0.1377087714722499,33.93886579264636,37.55916350720045
1.5,24.5,0.04705882352941177,0.6047058823529411,0.13136082900735474,33.93886579264636,37.55916350720045
1.5,25.0,0.04705882352941177,0.6047058823529411,0.1249621925980362,33.93886579264636,37.55916350720045
1.5,25.5,0.04705882352941177,0.6047058823529411,0.11851126610958318,33.93886579264636,37.55916350720045
1.5,26.0,0.04705882352941177,0.6047058823529411,0.11200641114958504,33.93886579264636,37.55916350720045
1.5,26.5,0.04705882352941177,0.6047058823529411,0.10544594524768974,33.93886579264636,37.55916350720045
1.5,27.0,0.04705882352941177,0.6047058823529411,0.09882813995278078,33.93886579264636,37.55916350720045
1.5,27.5,0.04705882352941177,0.6047058823529411,0.09215121884282645,33.93886579264636,37.55916350720045
1.5,28.0,0.04705882352941177,0.6047058823529411,0.0854133554423529,33.93886579264636,37.55916350720045
1.5,28.5,0.04705882352941177,0.6047058823529411,0.07861267104216879,33.93886579264636,37.55916350720045
1.5,29.0,0.04705882352941177,0.6047058823529411,0.07174723241561975,33.93886579264636,37.55916350720045
1.5,29.5,0.04705882352941177,0.6047058823529411,0.06481504942527788,33.93886579264636,37.55916350720045
1.5,30.0,0.04705882352941177,0.6047058823529411,0.05781407251356757,33.93886579264636,37.55916350720045
1.5,30.5,0.04705882352941177,0.6047058823529411,0.05074219007039632,33.93886579264636,37.55916350720045
1.5,31.0,0.04705882352941177,0.6047058823529411,0.04359722567039298,33.93886579264636,37.55916350720045
1.5,31.5,0.04705882352941177,0.6047058823529411,0.036376935171852975,33.93886579264636,37.55916350720045
1.5,32.0,0.04705882352941177,0.6047058823529411,0.029079003668947945,33.93886579264636,37.55916350720045
1.5,32.5,0.04705882352941177,0.6047058823529411,0.021701042288174766,33.93886579264636,37.55916350720045
1.5,33.0,0.04705882352941177,0.6047058823529411,0.01424058481938778,33.93886579264636,37.55916350720045
1.5,33.5,0.04705882352941177,0.6047058823529411,0.0066950841710760045,33.93886579264636,37.55916350720045
1.5,34.0,0.04705882352941177,0.6047058823529411,-0.0009380913611850006,33.93886579264636,37.55916350720045
1.5,34.5,0.04705882352941177,0.6047058823529411,-0.00866166202497537,33.93886579264636,37.55916350720045
1.5,35.0,0.04705882352941177,0.6047058823529411,-0.016478440752695,33.93886579264636,37.55916350720045
1.5,35.5,0.04705882352941177,0.6047058823529411,-0.02439133752830669,33.93886579264636,37.55916350720045
1.5,36.0,0.04705882352941177,0.6047058823529411,-0.03240336399382987,33.93886579264636,37.55916350720045
1.5,36.5,0.04705882352941177,0.6047058823529411,-0.040517638311344195,33.93886579264636,37.55916350720045
1.5,37.0,0.04705882352941177,0.6047058823529411,-0.048737390297454275,33.93886579264636,37.55916350720045
1.5,37.5,0.04705882352941177,0.6047058823529411,-0.05706596684845361,33.93886579264636,37.55916350720045
1.5,38.0,0.04705882352941177,0.6047058823529411,-0.06550683767582666,33.93886579264636,37.55916350720045
1.5,38.5,0.04705882352941177,0.6047058823529411,-0.07406360137325152,33.93886579264636,37.55916350720045
1.5,39.0,0.04705882352941177,0.6047058823529411,-0.0827399918379218,33.93886579264636,37.55916350720045
1.5,39.5,0.04705882352941177,0.6047058823529411,-0.09153988507081495,33.93886579264636,37.55916350720045
1.5,40.0,0.04705882352941177,0.6047058823529411,-0.10046730638249624,33.93886579264636,37.55916350720045
1.55,0.0,0.04853228962818005,0.6054794520547945,0.40546771037181994,33.808790939620785,37.523773393089606
1.55,0.5,0.04853228962818005,0.6054794520547945,0.4001837712437167,33.808790939620785,37.523773393089606
1.55,1.0,0.04853228962818005,0.6054794520547945,0.3948990272235019,33.808790939620785,37.523773393089606
1.55,1.5,0.04853228962818005,0.6054794520547945,0.38961267292855883,33.808790939620785,37.523773393089606
1.55,2.0,0.04853228962818005,0.6054794520547945,0.38432390199462474,33.808790939620785,37.523773393089606
1.55,2.5,0.04853228962818005,0.6054794520547945,0.3790319065833784,33.808790939620785,37.523773393089606
1.55,3.0,0.04853228962818005,0.6054794520547945,0.37373587688811555,33.808790939620785,37.523773393089606
1.55,3.5,0.04853228962818005,0.6054794520547945,0.3684350006368692,33.808790939620785,37.523773393089606
1.55,4.0,0.04853228962818005,0.6054794520547945,0.3631284625923246,33.808790939620785,37.523773393089606
1.55,4.5,0.04853228962818005,0.6054794520547945,0.3578154440478729,33.808790939620785,37.523773393089606
1.55,5.0,0.04853228962818005,0.6054794520547945,0.3524951223191372,33.808790939620785,37.523773393089606
1.55,5.5,0.04853228962818005,0.6054794520547945,0.34716667023029657,33.808790939620785,37.523773393089606
1.55,6.0,0.04853228962818005,0.6054794520547945,0.34182925559451993,33.808790939620785,37.523773393089606
1.55,6.5,0.04853228962818005,0.6054794520547945,0.33648204068780996,33.808790939620785,37.523773393089606
1.55,7.0,0.04853228962818005,0.6054794520547945,0.3311241817155407,33.808790939620785,37.523773393089606
1.55,7.5,0.04853228962818005,0.6054794520547945,0.32575482827095836,33.808790939620785,37.523773393089606
1.55,8.0,0.04853228962818005,0.6054794520547945,0.3203731227848925,33.808790939620785,37.523773393089606
1.55,8.5,0.04853228962818005,0.6054794520547945,0.3149781999659097,33.808790939620785,37.523773393089606
1.55,9.0,0.04853228962818005,0.6054794520547945,0.3095691862301144,33.808790939620785,37.523773393089606
1.55,9.5,0.04853228962818005,0.6054794520547945,0.30414519911978233,33.808790939620785,37.523773393089606
1.55,10.0,0.04853228962818005,0.6054794520547945,0.2987053467099823,33.808790939620785,37.523773393089606
1.55,10.5,0.04853228962818005,0.6054794520547945,0.2932487270023156,33.808790939620785,37.523773393089606
1.55,11.0,0.04853228962818005,0.6054794520547945,0.28777442730487257,33.808790939620785,37.523773393089606
1.55,11.5,0.04853228962818005,0.6054794520547945,0.2822815235974705,33.808790939620785,37.523773393089606
1.55,12.0,0.04853228962818005,0.6054794520547945,0.2767690798812038,33.808790939620785,37.523773393089606
1.55,12.5,0.04853228962818005,0.6054794520547945,0.2712361475113002,33.808790939620785,37.523773393089606
1.55,13.0,0.04853228962818005,0.6054794520547945,0.26568176451223247,33.808790939620785,37.523773393089606
1.55,13.5,0.04853228962818005,0.6054794520547945,0.2601049548739963,33.808790939620785,37.523773393089606
1.55,14.0,0.04853228962818005,0.6054794520547945,0.25450472782841466,33.808790939620785,37.523773393089606
1.55,14.5,0.04853228962818005,0.6054794520547945,0.24888007710428092,33.808790939620785,37.523773393089606
1.55,15.0,0.04853228962818005,0.6054794520547945,0.24322998016009909,33.808790939620785,37.523773393089606
1.55,15.5,0.04853228962818005,0.6054794520547945,0.23755339739312323,33.808790939620785,37.523773393089606
1.55,16.0,0.04853228962818005,0.6054794520547945,0.23184927132333624,33.808790939620785,37.523773393089606
1.55,16.5,0.04853228962818005,0.6054794520547945,0.22611652575094396,33.808790939620785,37.523773393089606
1.55,17.0,0.04853228962818005,0.6054794520547945,0.22035406488589135,33.808790939620785,37.523773393089606
1.55,17.5,0.04853228962818005,0.6054794520547945,0.2145607724478327,33.808790939620785,37.523773393089606
1.55,18.0,0.04853228962818005,0.6054794520547945,0.2087355107349096,33.808790939620785,37.523773393089606
1.55,18.5,0.04853228962818005,0.6054794520547945,0.2028771196596058,33.808790939620785,37.523773393089606
1.55,19.0,0.04853228962818005,0.6054794520547945,0.19698441574985825,33.808790939620785,37.523773393089606
1.55,19.5,0.04853228962818005,0.6054794520547945,0.1910561911135069,33.808790939620785,37.523773393089606
1.55,20.0,0.04853228962818005,0.6054794520547945,0.18509121236406456,33.808790939620785,37.523773393089606
1.55,20.5,0.04853228962818005,0.6054794520547945,0.17908821950567794,33.808790939620785,37.523773393089606
1.55,21.0,0.04853228962818005,0.6054794520547945,0.17304592477503397,33.808790939620785,37.523773393089606
1.55,21.5,0.04853228962818005,0.6054794520547945,0.16696301143784112,33.808790939620785,37.523773393089606
1.55,22.0,0.04853228962818005,0.6054794520547945,0.16083813253738255,33.808790939620785,37.523773393089606
1.55,22.5,0.04853228962818005,0.6054794520547945,0.15466990959249394,33.808790939620785,37.523773393089606
1.55,23.0,0.04853228962818005,0.6054794520547945,0.14845693124216885,33.808790939620785,37.523773393089606
1.55,23.5,0.04853228962818005,0.6054794520547945,0.14219775183383004,33.808790939620785,37.523773393089606
1.55,24.0,0.04853228962818005,0.6054794520547945,0.13589088995213094,33.808790939620785,37.523773393089606
1.55,24.5,0.04853228962818005,0.6054794520547945,0.1295348268849673,33.808790939620785,37.523773393089606
1.55,25.0,0.04853228962818005,0.6054794520547945,0.123128005023177,33.808790939620785,37.523773393089606
1.55,25.5,0.04853228962818005,0.6054794520547945,0.1166688261901942,33.808790939620785,37.523773393089606
1.55,26.0,0.04853228962818005,0.6054794520547945,0.11015564989769566,33.808790939620785,37.523773393089606
1.55,26.5,0.04853228962818005,0.6054794520547945,0.10358679152302996,33.808790939620785,37.523773393089606
1.55,27.0,0.04853228962818005,0.6054794520547945,0.09696052040396036,33.808790939620785,37.523773393089606
1.55,27.5,0.04853228962818005,0.6054794520547945,0.09027505784596812,33.808790939620785,37.523773393089606
1.55,28.0,0.04853228962818005,0.6054794520547945,0.08352857503706157,33.808790939620785,37.523773393089606
1.55,28.5,0.04853228962818005,0.6054794520547945,0.07671919086471157,33.808790939620785,37.523773393089606
1.55,29.0,0.04853228962818005,0.6054794520547945,0.06984496962918452,33.808790939620785,37.523773393089606
1.55,29.5,0.04853228962818005,0.6054794520547945,0.0629039186471701,33.808790939620785,37.523773393089606
1.55,30.0,0.04853228962818005,0.6054794520547945,0.055893985739197294,33.808790939620785,37.523773393089606
1.55,30.5,0.04853228962818005,0.6054794520547945,0.04881305659389734,33.808790939620785,37.523773393089606
1.55,31.0,0.04853228962818005,0.6054794520547945,0.04165895200170805,33.808790939620785,37.523773393089606
1.55,31.5,0.04853228962818005,0.6054794520547945,0.0344294249501077,33.808790939620785,37.523773393089606
1.55,32.0,0.04853228962818005,0.6054794520547945,0.02712215757192582,33.808790939620785,37.523773393089606
1.55,32.5,0.04853228962818005,0.6054794520547945,0.01973475793769397,33.808790939620785,37.523773393089606
1.55,33.0,0.04853228962818005,0.6054794520547945,0.012264756682368316,33.808790939620785,37.523773393089606
1.55,33.5,0.04853228962818005,0.6054794520547945,0.00470960345607252,33.808790939620785,37.523773393089606
1.55,34.0,0.04853228962818005,0.6054794520547945,-0.0029333368122246295,33.808790939620785,37.523773393089606
1.55,34.5,0.04853228962818005,0.6054794520547945,-0.010666787849978654,33.808790939620785,37.523773393089606
1.55,35.0,0.04853228962818005,0.6054794520547945,-0.018493566188031663,33.808790939620785,37.523773393089606
1.55,35.5,0.04853228962818005,0.6054794520547945,-0.026416585532942127,33.808790939620785,37.523773393089606
1.55,36.0,0.04853228962818005,0.6054794520547945,-0.03443886137937108,33.808790939620785,37.523773393089606
1.55,36.5,0.04853228962818005,0.6054794520547945,-0.042563515878305425,33.808790939620785,37.523773393089606
1.55,37.0,0.04853228962818005,0.6054794520547945,-0.05079378297809101,33.808790939620785,37.523773393089606
1.55,37.5,0.04853228962818005,0.6054794520547945,-0.059133013856536853,33.808790939620785,37.523773393089606
1.55,38.0,0.04853228962818005,0.6054794520547945,-0.06758468266375411,33.808790939620785,37.523773393089606
1.55,38.5,0.04853228962818005,0.6054794520547945,-0.07615239259692003,33.808790939620785,37.523773393089606
1.55,39.0,0.04853228962818005,0.6054794520547945,-0.08483988232981443,33.808790939620785,37.523773393089606
1.55,39.5,0.04853228962818005,0.6054794520547945,-0.093651032821787,33.808790939620785,37.523773393089606
1.55,40.0,0.04853228962818005,0.6054794520547945,-0.10258987453277968,33.808790939620785,37.523773393089606
1.6,0.0,0.05000000000000001,0.6062499999999998,0.404,33.67916131510683,37.48857802466502
1.6,0.5,0.05000000000000001,0.6062499999999998,0.3987093364018525,33.67916131510683,37.48857802466502
1.6,1.0,0.05000000000000001,0.6062499999999998,0.3934178668872681,33.67916131510683,37.48857802466502
1.6,1.5,0.05000000000000001,0.6062499999999998,0.3881247850486805,33.67916131510683,37.48857802466502
1.6,2.0,0.05000000000000001,0.6062499999999998,0.38282928349562795,33.67916131510683,37.48857802466502
1.6,2.5,0.05000000000000001,0.6062499999999998,0.3775305533617146,33.67916131510683,37.48857802466502
1.6,3.0,0.05000000000000001,0.6062499999999998,0.3722277838096563,33.67916131510683,37.48857802466502
1.6,3.5,0.05000000000000001,0.6062499999999998,0.36692016153376894,33.67916131510683,37.48857802466502
1.6,4.0,0.05000000000000001,0.6062499999999998,0.36160687025924687,33.67916131510683,37.48857802466502
1.6,4.5,0.05000000000000001,0.6062499999999998,0.3562870902375751,33.67916131510683,37.48857802466502
1.6,5.0,0.05000000000000001,0.6062499999999998,0.3509599977374086,33.67916131510683,37.48857802466502
1.6,5.5,0.05000000000000001,0.6062499999999998,0.34562476453024227,33.67916131510683,37.48857802466502
1.6,6.0,0.05000000000000001,0.6062499999999998,0.3402805573701837,33.67916131510683,37.48857802466502
1.6,6.5,0.05000000000000001,0.6062499999999998,0.33492653746712747,33.67916131510683,37.48857802466502
1.6,7.0,0.05000000000000001,0.6062499999999998,0.3295618599526141,33.67916131510683,37.48857802466502
1.6,7.5,0.05000000000000001,0.6062499999999998,0.3241856733376413,33.67916131510683,37.48857802466502
1.6,8.0,0.05000000000000001,0.6062499999999998,0.31879711896167523,33.67916131510683,37.48857802466502
1.6,8.5,0.05000000000000001,0.6062499999999998,0.31339533043209133,33.67916131510683,37.48857802466502
1.6,9.0,0.05000000000000001,0.6062499999999998,0.30797943305324993,33.67916131510683,37.48857802466502
1.6,9.5,0.05000000000000001,0.6062499999999998,0.30254854324438946,33.67916131510683,37.48857802466502
1.6,10.0,0.05000000000000001,0.6062499999999998,0.29710176794549314,33.67916131510683,37.48857802466502
1.6,10.5,0.05000000000000001,0.6062499999999998,0.2916382040102573,33.67916131510683,37.48857802466502
1.6,11.0,0.05000000000000001,0.6062499999999998,0.28615693758525823,33.67916131510683,37.48857802466502
1.6,11.5,0.05000000000000001,0.6062499999999998,0.2806570434743823,33.67916131510683,37.48857802466502
1.6,12.0,0.05000000000000001,0.6062499999999998,0.27513758448754916,33.67916131510683,37.48857802466502
1.6,12.5,0.05000000000000001,0.6062499999999998,0.26959761077271777,33.67916131510683,37.48857802466502
1.6,13.0,0.05000000000000001,0.6062499999999998,0.26403615913012746,33.67916131510683,37.48857802466502
1.6,13.5,0.05000000000000001,0.6062499999999998,0.2584522523076797,33.67916131510683,37.48857802466502
1.6,14.0,0.05000000000000001,0.6062499999999998,0.2528448982763218,33.67916131510683,37.48857802466502
1.6,14.5,0.05000000000000001,0.6062499999999998,0.2472130894842416,33.67916131510683,37.48857802466502
1.6,15.0,0.05000000000000001,0.6062499999999998,0.24155580208863192,33.67916131510683,37.48857802466502
1.6,15.5,0.05000000000000001,0.6062499999999998,0.23587199516372298,33.67916131510683,37.48857802466502
1.6,16.0,0.05000000000000001,0.6062499999999998,0.23016060988372278,33.67916131510683,37.48857802466502
1.6,16.5,0.05000000000000001,0.6062499999999998,0.2244205686792389,33.67916131510683,37.48857802466502
1.6,17.0,0.05000000000000001,0.6062499999999998,0.21865077436568722,33.67916131510683,37.48857802466502
1.6,17.5,0.05000000000000001,0.6062499999999998,0.21285010924211634,33.67916131510683,37.48857802466502
1.6,18.0,0.05000000000000001,0.6062499999999998,0.20701743415880064,33.67916131510683,37.48857802466502
1.6,18.5,0.05000000000000001,0.6062499999999998,0.2011515875518682,33.67916131510683,37.48857802466502
1.6,19.0,0.05000000000000001,0.6062499999999998,0.1952513844431405,33.67916131510683,37.48857802466502
1.6,19.5,0.05000000000000001,0.6062499999999998,0.18931561540326441,33.67916131510683,37.48857802466502
1.6,20.0,0.05000000000000001,0.6062499999999998,0.1833430454761149,33.67916131510683,37.48857802466502
1.6,20.5,0.05000000000000001,0.6062499999999998,0.17733241306233724,33.67916131510683,37.48857802466502
1.6,21.0,0.05000000000000001,0.6062499999999998,0.17128242875977928,33.67916131510683,37.48857802466502
1.6,21.5,0.05000000000000001,0.6062499999999998,0.16519177415844125,33.67916131510683,37.48857802466502
1.6,22.0,0.05000000000000001,0.6062499999999998,0.15905910058743628,33.67916131510683,37.48857802466502
1.6,22.5,0.05000000000000001,0.6062499999999998,0.15288302781131125,33.67916131510683,37.48857802466502
1.6,23.0,0.05000000000000001,0.6062499999999998,0.1466621426729272,33.67916131510683,37.48857802466502
1.6,23.5,0.05000000000000001,0.6062499999999998,0.14039499767993407,33.67916131510683,37.48857802466502
1.6,24.0,0.05000000000000001,0.6062499999999998,0.13408010953170002,33.67916131510683,37.48857802466502
1.6,24.5,0.05000000000000001,0.6062499999999998,0.12771595758337062,33.67916131510683,37.48857802466502
1.6,25.0,0.05000000000000001,0.6062499999999998,0.1213009822435322,33.67916131510683,37.48857802466502
1.6,25.5,0.05000000000000001,0.6062499999999998,0.11483358330174048,33.67916131510683,37.48857802466502
1.6,26.0,0.05000000000000001,0.6062499999999998,0.10831211818194658,33.67916131510683,37.48857802466502
1.6,26.5,0.05000000000000001,0.6062499999999998,0.10173490011760727,33.67916131510683,37.48857802466502
1.6,27.0,0.05000000000000001,0.6062499999999998,0.09510019624400262,33.67916131510683,37.48857802466502
1.6,27.5,0.05000000000000001,0.6062499999999998,0.08840622560300393,33.67916131510683,37.48857802466502
1.6,28.0,0.05000000000000001,0.6062499999999998,0.08165115705522863,33.67916131510683,37.48857802466502
1.6,28.5,0.05000000000000001,0.6062499999999998,0.07483310709419772,33.67916131510683,37.48857802466502
1.6,29.0,0.05000000000000001,0.6062499999999998,0.06795013755675894,33.67916131510683,37.48857802466502
1.6,29.5,0.05000000000000001,0.6062499999999998,0.061000253223664425,33.67916131510683,37.48857802466502
1.6,30.0,0.05000000000000001,0.6062499999999998,0.053981399303789535,33.67916131510683,37.48857802466502
1.6,30.5,0.05000000000000001,0.6062499999999998,0.046891458795041085,33.67916131510683,37.48857802466502
1.6,31.0,0.05000000000000001,0.6062499999999998,0.03972824971454164,33.67916131510683,37.48857802466502
1.6,31.5,0.05000000000000001,0.6062499999999998,0.032489522190166376,33.67916131510683,37.48857802466502
1.6,32.0,0.05000000000000001,0.6062499999999998,0.025172955404970332,33.67916131510683,37.48857802466502
1.6,32.5,0.05000000000000001,0.6062499999999998,0.017776154385457377,33.67916131510683,37.48857802466502
1.6,33.0,0.05000000000000001,0.6062499999999998,0.010296646624009309,33.67916131510683,37.48857802466502
1.6,33.5,0.05000000000000001,0.6062499999999998,0.0027318785251121414,33.67916131510683,37.48857802466502
1.6,34.0,0.05000000000000001,0.6062499999999998,-0.004920788335721016,33.67916131510683,37.48857802466502
1.6,34.5,0.05000000000000001,0.6062499999999998,-0.01266408115222778,33.67916131510683,37.48857802466502
1.6,35.0,0.05000000000000001,0.6062499999999998,-0.02050082003963638,33.67916131510683,37.48857802466502
1.6,35.5,0.05000000000000001,0.6062499999999998,-0.02843392241255932,33.67916131510683,37.48857802466502
1.6,36.0,0.05000000000000001,0.6062499999999998,-0.03646640760324982,33.67916131510683,37.48857802466502
1.6,36.5,0.05000000000000001,0.6062499999999998,-0.04460140173602051,33.67916131510683,37.48857802466502
1.6,37.0,0.05000000000000001,0.6062499999999998,-0.05284214287481881,33.67916131510683,37.48857802466502
1.6,37.5,0.05000000000000001,0.6062499999999998,-0.06119198646224461,33.67916131510683,37.48857802466502
1.6,38.0,0.05000000000000001,0.6062499999999998,-0.06965441106969728,33.67916131510683,37.48857802466502
1.6,38.5,0.05000000000000001,0.6062499999999998,-0.0782330244798709,33.67916131510683,37.48857802466502
1.6,39.0,0.05000000000000001,0.6062499999999998,-0.08693157012447283,33.67916131510683,37.48857802466502
1.6,39.5,0.05000000000000001,0.6062499999999998,-0.0957539339018566,33.67916131510683,37.48857802466502
1.6,40.0,0.05000000000000001,0.6062499999999998,-0.1047041514012258,33.67916131510683,37.48857802466502
1.6500000000000001,0.0,0.051461988304093584,0.6070175438596491,0.4025380116959064,33.54997595735646,37.4535758252025
1.6500000000000001,0.5,0.051461988304093584,0.6070175438596491,0.3972406498439721,33.54997595735646,37.4535758252025
1.6500000000000001,1.0,0.051461988304093584,0.6070175438596491,0.3919424810552691,33.54997595735646,37.4535758252025
1.6500000000000001,1.5,0.051461988304093584,0.6070175438596491,0.38664269790127714,33.54997595735646,37.4535758252025
1.6500000000000001,2.0,0.051461988304093584,0.6070175438596491,0.3813404919693367,33.54997595735646,37.4535758252025
1.6500000000000001,2.5,0.051461988304093584,0.6070175438596491,0.3760350533689851,33.54997595735646,37.4535758252025
1.6500000000000001,3.0,0.051461988304093584,0.6070175438596491,0.37072557023637615,33.54997595735646,37.4535758252025
1.6500000000000001,3.5,0.051461988304093584,0.6070175438596491,0.36541122823613875,33.54997595735646,37.4535758252025
1.6500000000000001,4.0,0.051461988304093584,0.6070175438596491,0.36009121006002115,33.54997595735646,37.4535758252025
1.6500000000000001,4.5,0.051461988304093584,0.6070175438596491,0.35476469492166435,33.54997595735646,37.4535758252025
1.6500000000000001,5.0,0.051461988304093584,0.6070175438596491,0.34943085804683677,33.54997595735646,37.4535758252025
1.6500000000000001,5.5,0.051461988304093584,0.6070175438596491,0.34408887015845313,33.54997595735646,37.4535758252025
1.6500000000000001,6.0,0.051461988304093584,0.6070175438596491,0.3387378969556888,33.54997595735646,37.4535758252025
1.6500000000000001,6.5,0.051461988304093584,0.6070175438596491,0.3333770985864865,33.54997595735646,37.4535758252025
1.6500000000000001,7.0,0.051461988304093584,0.6070175438596491,0.3280056291127398,33.54997595735646,37.4535758252025
1.6500000000000001,7.5,0.051461988304093584,0.6070175438596491,0.322622635967417,33.54997595735646,37.4535758252025
1.6500000000000001,8.0,0.051461988304093584,0.6070175438596491,0.3172272594028758,33.54997595735646,37.4535758252025
1.6500000000000001,8.5,0.051461988304093584,0.6070175438596491,0.31181863192959375,33.54997595735646,37.4535758252025
1.6500000000000001,9.0,0.051461988304093584,0.6070175438596491,0.30639587774452126,33.54997595735646,37.4535758252025
1.6500000000000001,9.5,0.051461988304093584,0.6070175438596491,0.3009581121482377,33.54997595735646,37.4535758252025
1.6500000000000001,10.0,0.051461988304093584,0.6070175438596491,0.2955044409500663,33.54997595735646,37.4535758252025
1.6500000000000001,10.5,0.051461988304093584,0.6070175438596491,0.29003395986027325,33.54997595735646,37.4535758252025
1.6500000000000001,11.0,0.051461988304093584,0.6070175438596491,0.28454575386844927,33.54997595735646,37.4535758252025
1.6500000000000001,11.5,0.051461988304093584,0.6070175438596491,0.27903889660713455,33.54997595735646,37.4535758252025
1.6500000000000001,12.0,0.051461988304093584,0.6070175438596491,0.27351244969971755,33.54997595735646,37.4535758252025
1.6500000000000001,12.5,0.051461988304093584,0.6070175438596491,0.26796546209159555,33.54997595735646,37.4535758252025
1.6500000000000001,13.0,0.051461988304093584,0.6070175438596491,0.26239696936354706,33.54997595735646,37.4535758252025
1.6500000000000001,13.5,0.051461988304093584,0.6070175438596491,0.256805993026222,33.54997595735646,37.4535758252025
1.6500000000000001,14.0,0.051461988304093584,0.6070175438596491,0.2511915397946073,33.54997595735646,37.4535758252025
1.6500000000000001,14.5,0.051461988304093584,0.6070175438596491,0.24555260084127828,33.54997595735646,37.4535758252025
1.6500000000000001,15.0,0.051461988304093584,0.6070175438596491,0.23988815102718983,33.54997595735646,37.4535758252025
1.6500000000000001,15.5,0.051461988304093584,0.6070175438596491,0.23419714810870623,33.54997595735646,37.4535758252025
1.6500000000000001,16.0,0.051461988304093584,0.6070175438596491,0.22847853191950723,33.54997595735646,37.4535758252025
1.6500000000000001,16.5,0.051461988304093584,0.6070175438596491,0.2227312235259419,33.54997595735646,37.4535758252025
1.6500000000000001,17.0,0.051461988304093584,0.6070175438596491,0.21695412435433362,33.54997595735646,37.4535758252025
1.6500000000000001,17.5,0.051461988304093584,0.6070175438596491,0.2111461152886638,33.54997595735646,37.4535758252025
1.6500000000000001,18.0,0.051461988304093584,0.6070175438596491,0.20530605573698435,33.54997595735646,37.4535758252025
1.6500000000000001,18.5,0.051461988304093584,0.6070175438596491,0.19943278266482342,33.54997595735646,37.4535758252025
1.6500000000000001,19.0,0.051461988304093584,0.6070175438596491,0.19352510959375874,33.54997595735646,37.4535758252025
1.6500000000000001,19.5,0.051461988304093584,0.6070175438596491,0.1875818255632371,33.54997595735646,37.4535758252025
1.6500000000000001,20.0,0.051461988304093584,0.6070175438596491,0.18160169405361518,33.54997595735646,37.4535758252025
1.6500000000000001,20.5,0.051461988304093584,0.6070175438596491,0.17558345186828814,33.54997595735646,37.4535758252025
1.6500000000000001,21.0,0.051461988304093584,0.6070175438596491,0.16952580797265404,33.54997595735646,37.4535758252025
1.6500000000000001,21.5,0.051461988304093584,0.6070175438596491,0.16342744228753786,33.54997595735646,37.4535758252025
1.6500000000000001,22.0,0.051461988304093584,0.6070175438596491,0.1572870044345656,33.54997595735646,37.4535758252025
1.6500000000000001,22.5,0.051461988304093584,0.6070175438596491,0.15110311243083469,33.54997595735646,37.4535758252025
1.6500000000000001,23.0,0.051461988304093584,0.6070175438596491,0.14487435133007615,33.54997595735646,37.4535758252025
1.6500000000000001,23.5,0.051461988304093584,0.6070175438596491,0.13859927180733972,33.54997595735646,37.4535758252025
1.6500000000000001,24.0,0.051461988304093584,0.6070175438596491,0.1322763886840581,33.54997595735646,37.4535758252025
1.6500000000000001,24.5,0.051461988304093584,0.6070175438596491,0.12590417939016202,33.54997595735646,37.4535758252025
1.6500000000000001,25.0,0.051461988304093584,0.6070175438596491,0.11948108235971427,33.54997595735646,37.4535758252025
1.6500000000000001,25.5,0.051461988304093584,0.6070175438596491,0.11300549535632148,33.54997595735646,37.4535758252025
1.6500000000000001,26.0,0.051461988304093584,0.6070175438596491,0.10647577372434841,33.54997595735646,37.4535758252025
1.6500000000000001,26.5,0.051461988304093584,0.6070175438596491,0.0998902285617182,33.54997595735646,37.4535758252025
1.6500000000000001,27.0,0.051461988304093584,0.6070175438596491,0.09324712480981456,33.54997595735646,37.4535758252025
1.6500000000000001,27.5,0.051461988304093584,0.6070175438596491,0.08654467925572362,33.54997595735646,37.4535758252025
1.6500000000000001,28.0,0.051461988304093584,0.6070175438596491,0.0797810584417456,33.54997595735646,37.4535758252025
1.6500000000000001,28.5,0.051461988304093584,0.6070175438596491,0.07295437647678504,33.54997595735646,37.4535758252025
1.6500000000000001,29.0,0.051461988304093584,0.6070175438596491,0.06606269274387472,33.54997595735646,37.4535758252025
1.6500000000000001,29.5,0.051461988304093584,0.6070175438596491,0.0591040094977161,33.54997595735646,37.4535758252025
1.6500000000000001,30.0,0.051461988304093584,0.6070175438596491,0.05207626934571258,33.54997595735646,37.4535758252025
1.6500000000000001,30.5,0.051461988304093584,0.6070175438596491,0.04497735260553687,33.54997595735646,37.4535758252025
1.6500000000000001,31.0,0.051461988304093584,0.6070175438596491,0.03780507453180837,33.54997595735646,37.4535758252025
1.6500000000000001,31.5,0.051461988304093584,0.6070175438596491,0.030557182403947725,33.54997595735646,37.4535758252025
1.6500000000000001,32.0,0.051461988304093584,0.6070175438596491,0.02323135246673569,33.54997595735646,37.4535758252025
1.6500000000000001,32.5,0.051461988304093584,0.6070175438596491,0.015825186714515826,33.54997595735646,37.4535758252025
1.6500000000000001,33.0,0.051461988304093584,0.6070175438596491,0.008336209509347325,33.54997595735646,37.4535758252025
1.6500000000000001,33.5,0.051461988304093584,0.6070175438596491,0.0007618640227322615,33.54997595735646,37.4535758252025
1.6500000000000001,34.0,0.051461988304093584,0.6070175438596491,-0.00690049151019817,33.54997595735646,37.4535758252025
1.6500000000000001,34.5,0.051461988304093584,0.6070175438596491,-0.014653587735949936,33.54997595735646,37.4535758252025
1.6500000000000001,35.0,0.051461988304093584,0.6070175438596491,-0.02250024834016301,33.54997595735646,37.4535758252025
1.6500000000000001,35.5,0.051461988304093584,0.6070175438596491,-0.030443394431047655,33.54997595735646,37.4535758252025
1.6500000000000001,36.0,0.051461988304093584,0.6070175438596491,-0.03848604916348802,33.54997595735646,37.4535758252025
1.6500000000000001,36.5,0.051461988304093584,0.6070175438596491,-0.0466313426196317,33.54997595735646,37.4535758252025
1.6500000000000001,37.0,0.051461988304093584,0.6070175438596491,-0.054882516962982686,33.54997595735646,37.4535758252025
1.6500000000000001,37.5,0.051461988304093584,0.6070175438596491,-0.06324293188430463,33.54997595735646,37.4535758252025
1.6500000000000001,38.0,0.051461988304093584,0.6070175438596491,-0.07171607035904837,33.54997595735646,37.4535758252025
1.6500000000000001,38.5,0.051461988304093584,0.6070175438596491,-0.08030554473754742,33.54997595735646,37.4535758252025
1.6500000000000001,39.0,0.051461988304093584,0.6070175438596491,-0.08901510319088735,33.54997595735646,37.4535758252025
1.6500000000000001,39.5,0.051461988304093584,0.6070175438596491,-0.09784863653716991,33.54997595735646,37.4535758252025
1.6500000000000001,40.0,0.051461988304093584,0.6070175438596491,-0.10681018547486354,33.54997595735646,37.4535758252025
1.7000000000000002,0.0,0.052918287937743204,0.6077821011673151,0.4010817120622568,33.42123389313427,37.4187652346614
1.7000000000000002,0.5,0.052918287937743204,0.6077821011673151,0.39577767801978003,33.42123389313427,37.4187652346614
1.7000000000000002,1.0,0.052918287937743204,0.6077821011673151,0.3904728360241728,33.42123389313427,37.4187652346614
1.7000000000000002,1.5,0.052918287937743204,0.6077821011673151,0.38516637762993383,33.42123389313427,37.4187652346614
1.7000000000000002,2.0,0.052918287937743204,0.6077821011673151,0.37985749340618286,33.42123389313427,37.4187652346614
1.7000000000000002,2.5,0.052918287937743204,0.6077821011673151,0.3745453724423751,33.42123389313427,37.4187652346614
1.7000000000000002,3.0,0.052918287937743204,0.6077821011673151,0.3692292018520971,33.42123389313427,37.4187652346614
1.7000000000000002,3.5,0.052918287937743204,0.6077821011673151,0.36390816627429706,33.42123389313427,37.4187652346614
1.7000000000000002,4.0,0.052918287937743204,0.6077821011673151,0.3585814473712983,33.42123389313427,37.4187652346614
1.7000000000000002,4.5,0.052918287937743204,0.6077821011673151,0.35324822332293615,33.42123389313427,37.4187652346614
1.7000000000000002,5.0,0.052918287937743204,0.6077821011673151,0.34790766831615044,33.42123389313427,37.4187652346614
1.7000000000000002,5.5,0.052918287937743204,0.6077821011673151,0.3425589520293559,33.42123389313427,37.4187652346614
1.7000000000000002,6.0,0.052918287937743204,0.6077821011673151,0.3372012391109001,33.42123389313427,37.4187652346614
1.7000000000000002,6.5,0.052918287937743204,0.6077821011673151,0.3318336886509065,33.42123389313427,37.4187652346614
1.7000000000000002,7.0,0.052918287937743204,0.6077821011673151,0.32645545364578327,33.42123389313427,37.4187652346614
1.7000000000000002,7.5,0.052918287937743204,0.6077821011673151,0.32106568045466444,33.42123389313427,37.4187652346614
1.7000000000000002,8.0,0.052918287937743204,0.6077821011673151,0.315663508247029,33.42123389313427,37.4187652346614
1.7000000000000002,8.5,0.052918287937743204,0.6077821011673151,0.3102480684407246,33.42123389313427,37.4187652346614
1.7000000000000002,9.0,0.052918287937743204,0.6077821011673151,0.3048184841296009,33.42123389313427,37.4187652346614
1.7000000000000002,9.5,0.052918287937743204,0.6077821011673151,0.29937386949993094,33.42123389313427,37.4187652346614
1.7000000000000002,10.0,0.052918287937743204,0.6077821011673151,0.2939133292347773,33.42123389313427,37.4187652346614
1.7000000000000002,10.5,0.052918287937743204,0.6077821011673151,0.2884359579054254,33.42123389313427,37.4187652346614
1.7000000000000002,11.0,0.052918287937743204,0.6077821011673151,0.282940839348982,33.42123389313427,37.4187652346614
1.7000000000000002,11.5,0.052918287937743204,0.6077821011673151,0.27742704603119905,33.42123389313427,37.4187652346614
1.7000000000000002,12.0,0.052918287937743204,0.6077821011673151,0.27189363839355074,33.42123389313427,37.4187652346614
1.7000000000000002,12.5,0.052918287937743204,0.6077821011673151,0.2663396641835517,33.42123389313427,37.4187652346614
1.7000000000000002,13.0,0.052918287937743204,0.6077821011673151,0.26076415776726475,33.42123389313427,37.4187652346614
1.7000000000000002,13.5,0.052918287937743204,0.6077821011673151,0.2551661394229022,33.42123389313427,37.4187652346614
1.7000000000000002,14.0,0.052918287937743204,0.6077821011673151,0.2495446146143781,33.42123389313427,37.4187652346614
1.7000000000000002,14.5,0.052918287937743204,0.6077821011673151,0.24389857324361844,33.42123389313427,37.4187652346614
1.7000000000000002,15.0,0.052918287937743204,0.6077821011673151,0.2382269888803838,33.42123389313427,37.4187652346614
1.7000000000000002,15.5,0.052918287937743204,0.6077821011673151,0.2325288179683005,33.42123389313427,37.4187652346614
1.7000000000000002,16.0,0.052918287937743204,0.6077821011673151,0.2268029990057362,33.42123389313427,37.4187652346614
1.7000000000000002,16.5,0.052918287937743204,0.6077821011673151,0.22104845170008974,33.42123389313427,37.4187652346614
1.7000000000000002,17.0,0.052918287937743204,0.6077821011673151,0.21526407609399706,33.42123389313427,37.4187652346614
1.7000000000000002,17.5,0.052918287937743204,0.6077821011673151,0.2094487516618785,33.42123389313427,37.4187652346614
1.7000000000000002,18.0,0.052918287937743204,0.6077821011673151,0.20360133637517525,33.42123389313427,37.4187652346614
1.7000000000000002,18.5,0.052918287937743204,0.6077821011673151,0.19772066573453764,33.42123389313427,37.4187652346614
1.7000000000000002,19.0,0.052918287937743204,0.6077821011673151,0.1918055517671373,33.42123389313427,37.4187652346614
1.7000000000000002,19.5,0.052918287937743204,0.6077821011673151,0.18585478198717886,33.42123389313427,37.4187652346614
1.7000000000000002,20.0,0.052918287937743204,0.6077821011673151,0.17986711831758442,33.42123389313427,37.4187652346614
1.7000000000000002,20.5,0.052918287937743204,0.6077821011673151,0.17384129597071404,33.42123389313427,37.4187652346614
1.7000000000000002,21.0,0.052918287937743204,0.6077821011673151,0.1677760222858679,33.42123389313427,37.4187652346614
1.7000000000000002,21.5,0.052918287937743204,0.6077821011673151,0.16166997552119064,33.42123389313427,37.4187652346614
1.7000000000000002,22.0,0.052918287937743204,0.6077821011673151,0.155521803597465,33.42123389313427,37.4187652346614
1.7000000000000002,22.5,0.052918287937743204,0.6077821011673151,0.14933012279113833,33.42123389313427,37.4187652346614
1.7000000000000002,23.0,0.052918287937743204,0.6077821011673151,0.14309351637377332,33.42123389313427,37.4187652346614
1.7000000000000002,23.5,0.052918287937743204,0.6077821011673151,0.13681053319495007,33.42123389313427,37.4187652346614
1.7000000000000002,24.0,0.052918287937743204,0.6077821011673151,0.13047968620547334,33.42123389313427,37.4187652346614
1.7000000000000002,24.5,0.052918287937743204,0.6077821011673151,0.1240994509175497,33.42123389313427,37.4187652346614
1.7000000000000002,25.0,0.052918287937743204,0.6077821011673151,0.11766826379840162,33.42123389313427,37.4187652346614
1.7000000000000002,25.5,0.052918287937743204,0.6077821011673151,0.11118452059356959,33.42123389313427,37.4187652346614
1.7000000000000002,26.0,0.052918287937743204,0.6077821011673151,0.10464657457592391,33.42123389313427,37.4187652346614
1.7000000000000002,26.5,0.052918287937743204,0.6077821011673151,0.09805273471616349,33.42123389313427,37.4187652346614
1.7000000000000002,27.0,0.052918287937743204,0.6077821011673151,0.09140126377031216,33.42123389313427,37.4187652346614
1.7000000000000002,27.5,0.052918287937743204,0.6077821011673151,0.08469037627944453,33.42123389313427,37.4187652346614
1.7000000000000002,28.0,0.052918287937743204,0.6077821011673151,0.07791823647656426,33.42123389313427,37.4187652346614
1.7000000000000002,28.5,0.052918287937743204,0.6077821011673151,0.07108295609523796,33.42123389313427,37.4187652346614
1.7000000000000002,29.0,0.052918287937743204,0.6077821011673151,0.06418259207423149,33.42123389313427,37.4187652346614
1.7000000000000002,29.5,0.052918287937743204,0.6077821011673151,0.0572151441520245,33.42123389313427,37.4187652346614
1.7000000000000002,30.0,0.052918287937743204,0.6077821011673151,0.05017855234467106,33.42123389313427,37.4187652346614
1.7000000000000002,30.5,0.052918287937743204,0.6077821011673151,0.04307069430003868,33.42123389313427,37.4187652346614
1.7000000000000002,31.0,0.052918287937743204,0.6077821011673151,0.0358893825209925,33.42123389313427,37.4187652346614
1.7000000000000002,31.5,0.052918287937743204,0.6077821011673151,0.0286323614495822,33.42123389313427,37.4187652346614
1.7000000000000002,32.0,0.052918287937743204,0.6077821011673151,0.021297304403747275,33.42123389313427,37.4187652346614
1.7000000000000002,32.5,0.052918287937743204,0.6077821011673151,0.01388181035746916,33.42123389313427,37.4187652346614
1.7000000000000002,33.0,0.052918287937743204,0.6077821011673151,0.006383400554664742,33.42123389313427,37.4187652346614
1.7000000000000002,33.5,0.052918287937743204,0.6077821011673151,-0.0012004850535681233,33.42123389313427,37.4187652346614
1.7000000000000002,34.0,0.052918287937743204,0.6077821011673151,-0.00887249155948261,33.42123389313427,37.4187652346614
1.7000000000000002,34.5,0.052918287937743204,0.6077821011673151,-0.01663535304891811,33.42123389313427,37.4187652346614
1.7000000000000002,35.0,0.052918287937743204,0.6077821011673151,-0.024491896764033683,33.42123389313427,37.4187652346614
1.7000000000000002,35.5,0.052918287937743204,0.6077821011673151,-0.032445047492265455,33.42123389313427,37.4187652346614
1.7000000000000002,36.0,0.052918287937743204,0.6077821011673151,-0.0404978321962543,33.42123389313427,37.4187652346614
1.7000000000000002,36.5,0.052918287937743204,0.6077821011673151,-0.04865338490058274,33.42123389313427,37.4187652346614
1.7000000000000002,37.0,0.052918287937743204,0.6077821011673151,-0.05691495185235973,33.42123389313427,37.4187652346614
1.7000000000000002,37.5,0.052918287937743204,0.6077821011673151,-0.0652858969739829,33.42123389313427,37.4187652346614
1.7000000000000002,38.0,0.052918287937743204,0.6077821011673151,-0.07376970762781809,33.42123389313427,37.4187652346614
1.7000000000000002,38.5,0.052918287937743204,0.6077821011673151,-0.08237000071406542,33.42123389313427,37.4187652346614
1.7000000000000002,39.0,0.052918287937743204,0.6077821011673151,-0.09109052912474747,33.42123389313427,37.4187652346614
1.7000000000000002,39.5,0.052918287937743204,0.6077821011673151,-0.09993518857857125,33.42123389313427,37.4187652346614
1.7000000000000002,40.0,0.052918287937743204,0.6077821011673151,-0.10890802486338952,33.42123389313427,37.4187652346614
1.75,0.0,0.05436893203883496,0.6085436893203883,0.39963106796116504,33.29293413796743,37.38414470946849
1.75,0.5,0.05436893203883496,0.6085436893203883,0.39432038763956545,33.29293413796743,37.38414470946849
1.75,1.0,0.05436893203883496,0.6085436893203883,0.3890088983524206,33.29293413796743,37.38414470946849
1.75,1.5,0.05436893203883496,0.6085436893203883,0.3836957906411977,33.29293413796743,37.38414470946849
1.75,2.0,0.05436893203883496,0.6085436893203883,0.37838025406075004,33.29293413796743,37.38414470946849
1.75,2.5,0.05436893203883496,0.6085436893203883,0.37306147668441225,33.29293413796743,37.38414470946849
1.75,3.0,0.05436893203883496,0.6085436893203883,0.36773864460717454,33.29293413796743,37.38414470946849
1.75,3.5,0.05436893203883496,0.6085436893203883,0.3624109414462878,33.29293413796743,37.38414470946849
1.75,4.0,0.05436893203883496,0.6085436893203883,0.3570775478386482,33.29293413796743,37.38414470946849
1.75,4.5,0.05436893203883496,0.6085436893203883,0.35173764093430016,33.29293413796743,37.38414470946849
1.75,5.0,0.05436893203883496,0.6085436893203883,0.34639039388538917,33.29293413796743,37.38414470946849
1.75,5.5,0.05436893203883496,0.6085436893203883,0.3410349753298862,33.29293413796743,37.38414470946849
1.75,6.0,0.05436893203883496,0.6085436893203883,0.33567054886939224,33.29293413796743,37.38414470946849
1.75,6.5,0.05436893203883496,0.6085436893203883,0.330296272540319,33.29293413796743,37.38414470946849
1.75,7.0,0.05436893203883496,0.6085436893203883,0.3249112982777276,33.29293413796743,37.38414470946849
1.75,7.5,0.05436893203883496,0.6085436893203883,0.31951477137108764,33.29293413796743,37.38414470946849
1.75,8.0,0.05436893203883496,0.6085436893203883,0.3141058299112049,33.29293413796743,37.38414470946849
1.75,8.5,0.05436893203883496,0.6085436893203883,0.3086836042275405,33.29293413796743,37.38414470946849
1.75,9.0,0.05436893203883496,0.6085436893203883,0.30324721631512686,33.29293413796743,37.38414470946849
1.75,9.5,0.05436893203883496,0.6085436893203883,0.29779577925025846,33.29293413796743,37.38414470946849
1.75,10.0,0.05436893203883496,0.6085436893203883,0.2923283965941108,33.29293413796743,37.38414470946849
1.75,10.5,0.05436893203883496,0.6085436893203883,0.2868441617834119,33.29293413796743,37.38414470946849
1.75,11.0,0.05436893203883496,0.6085436893203883,0.28134215750726027,33.29293413796743,37.38414470946849
1.75,11.5,0.05436893203883496,0.6085436893203883,0.27582145506915073,33.29293413796743,37.38414470946849
1.75,12.0,0.05436893203883496,0.6085436893203883,0.27028111373323316,33.29293413796743,37.38414470946849
1.75,12.5,0.05436893203883496,0.6085436893203883,0.26472018005379155,33.29293413796743,37.38414470946849
1.75,13.0,0.05436893203883496,0.6085436893203883,0.25913768718689034,33.29293413796743,37.38414470946849
1.75,13.5,0.05436893203883496,0.6085436893203883,0.25353265418309057,33.29293413796743,37.38414470946849
1.75,14.0,0.05436893203883496,0.6085436893203883,0.2479040852600916,33.29293413796743,37.38414470946849
1.75,14.5,0.05436893203883496,0.6085436893203883,0.24225096905410484,33.29293413796743,37.38414470946849
1.75,15.0,0.05436893203883496,0.6085436893203883,0.236572277848711,33.29293413796743,37.38414470946849
1.75,15.5,0.05436893203883496,0.6085436893203883,0.23086696677989638,33.29293413796743,37.38414470946849
1.75,16.0,0.05436893203883496,0.6085436893203883,0.22513397301590216,33.29293413796743,37.38414470946849
1.75,16.5,0.05436893203883496,0.6085436893203883,0.21937221491045447,33.29293413796743,37.38414470946849
1.75,17.0,0.05436893203883496,0.6085436893203883,0.21358059112787542,33.29293413796743,37.38414470946849
1.75,17.5,0.05436893203883496,0.6085436893203883,0.20775797973849822,33.29293413796743,37.38414470946849
1.75,18.0,0.05436893203883496,0.6085436893203883,0.20190323728273238,33.29293413796743,37.38414470946849
1.75,18.5,0.05436893203883496,0.6085436893203883,0.19601519780203938,33.29293413796743,37.38414470946849
1.75,19.0,0.05436893203883496,0.6085436893203883,0.19009267183498818,33.29293413796743,37.38414470946849
1.75,19.5,0.05436893203883496,0.6085436893203883,0.1841344453764646,33.29293413796743,37.38414470946849
1.75,20.0,0.05436893203883496,0.6085436893203883,0.17813927879800426,33.29293413796743,37.38414470946849
1.75,20.5,0.05436893203883496,0.6085436893203883,0.1721059057271111,33.29293413796743,37.38414470946849
1.75,21.0,0.05436893203883496,0.6085436893203883,0.16603303188330235,33.29293413796743,37.38414470946849
1.75,21.5,0.05436893203883496,0.6085436893203883,0.15991933386849916,33.29293413796743,37.38414470946849
1.75,22.0,0.05436893203883496,0.6085436893203883,0.15376345790924636,33.29293413796743,37.38414470946849
1.75,22.5,0.05436893203883496,0.6085436893203883,0.14756401854810103,33.29293413796743,37.38414470946849
1.75,23.0,0.05436893203883496,0.6085436893203883,0.14131959728137844,33.29293413796743,37.38414470946849
1.75,23.5,0.05436893203883496,0.6085436893203883,0.13502874114027846,33.29293413796743,37.38414470946849
1.75,24.0,0.05436893203883496,0.6085436893203883,0.12868996121224224,33.29293413796743,37.38414470946849
1.75,24.5,0.05436893203883496,0.6085436893203883,0.12230173109919995,33.29293413796743,37.38414470946849
1.75,25.0,0.05436893203883496,0.6085436893203883,0.11586248530917176,33.29293413796743,37.38414470946849
1.75,25.5,0.05436893203883496,0.6085436893203883,0.10937061757746919,33.29293413796743,37.38414470946849
1.75,26.0,0.05436893203883496,0.6085436893203883,0.10282447911351272,33.29293413796743,37.38414470946849
1.75,26.5,0.05436893203883496,0.6085436893203883,0.09622237676903805,33.29293413796743,37.38414470946849
1.75,27.0,0.05436893203883496,0.6085436893203883,0.08956257112319616,33.29293413796743,37.38414470946849
1.75,27.5,0.05436893203883496,0.6085436893203883,0.0828432744797723,33.29293413796743,37.38414470946849
1.75,28.0,0.05436893203883496,0.6085436893203883,0.07606264877144187,33.29293413796743,37.38414470946849
1.75,28.5,0.05436893203883496,0.6085436893203883,0.06921880336565805,33.29293413796743,37.38414470946849
1.75,29.0,0.05436893203883496,0.6085436893203883,0.062309792766412075,33.29293413796743,37.38414470946849
1.75,29.5,0.05436893203883496,0.6085436893203883,0.05533361420573368,33.29293413796743,37.38414470946849
1.75,30.0,0.05436893203883496,0.6085436893203883,0.04828820511839088,33.29293413796743,37.38414470946849
1.75,30.5,0.05436893203883496,0.6085436893203883,0.04117144049281429,33.29293413796743,37.38414470946849
1.75,31.0,0.05436893203883496,0.6085436893203883,0.03398113009080117,33.29293413796743,37.38414470946849
1.75,31.5,0.05436893203883496,0.6085436893203883,0.02671501552804917,33.29293413796743,37.38414470946849
1.75,32.0,0.05436893203883496,0.6085436893203883,0.01937076720702291,33.29293413796743,37.38414470946849
1.75,32.5,0.05436893203883496,0.6085436893203883,0.011945981093071156,33.29293413796743,37.38414470946849
1.75,33.0,0.05436893203883496,0.6085436893203883,0.004438175324078031,33.29293413796743,37.38414470946849
1.75,33.5,0.05436893203883496,0.6085436893203883,-0.0031552133567567253,33.29293413796743,37.38414470946849
1.75,34.0,0.05436893203883496,0.6085436893203883,-0.01083683335614849,33.29293413796743,37.38414470946849
1.75,34.5,0.05436893203883496,0.6085436893203883,-0.018609422185913604,33.29293413796743,37.38414470946849
1.75,35.0,0.05436893203883496,0.6085436893203883,-0.026475810630918417,33.29293413796743,37.38414470946849
1.75,35.5,0.05436893203883496,0.6085436893203883,-0.034438927143536746,33.29293413796743,37.38414470946849
1.75,36.0,0.05436893203883496,0.6085436893203883,-0.042501802479378736,33.29293413796743,37.38414470946849
1.75,36.5,0.05436893203883496,0.6085436893203883,-0.05066757459015142,33.29293413796743,37.38414470946849
1.75,37.0,0.05436893203883496,0.6085436893203883,-0.05893949379071006,33.29293413796743,37.38414470946849
1.75,37.5,0.05436893203883496,0.6085436893203883,-0.06732092821865271,33.29293413796743,37.38414470946849
1.75,38.0,0.05436893203883496,0.6085436893203883,-0.0758153696062237,33.29293413796743,37.38414470946849
1.75,38.5,0.05436893203883496,0.6085436893203883,-0.08442643938582028,33.29293413796743,37.38414470946849
1.75,39.0,0.05436893203883496,0.6085436893203883,-0.09315789515206829,33.29293413796743,37.38414470946849
1.75,39.5,0.05436893203883496,0.6085436893203883,-0.10201363750524878,33.29293413796743,37.38414470946849
1.75,40.0,0.05436893203883496,0.6085436893203883,-0.11099771730283398,33.29293413796743,37.38414470946849
1.8,0.0,0.0558139534883721,0.6093023255813953,0.3981860465116279,33.165075696393096,37.34971272230522
1.8,0.5,0.0558139534883721,0.6093023255813953,0.39286874567167723,33.165075696393096,37.34971272230522
1.8,1.0,0.0558139534883721,0.6093023255813953,0.3875506348576907,33.165075696393096,37.34971272230522
1.8,1.5,0.0558139534883721,0.6093023255813953,0.3822309036020303,33.165075696393096,37.34971272230522
1.8,2.0,0.0558139534883721,0.6093023255813953,0.3769087404492142,33.165075696393096,37.34971272230522
1.8,2.5,0.0558139534883721,0.6093023255813953,0.371583332460395,33.165075696393096,37.34971272230522
1.8,3.0,0.0558139534883721,0.6093023255813953,0.3662538647159144,33.165075696393096,37.34971272230522
1.8,3.5,0.0558139534883721,0.6093023255813953,0.3609195198152863,33.165075696393096,37.34971272230522
1.8,4.0,0.0558139534883721,0.6093023255813953,0.3555794773739541,33.165075696393096,37.34971272230522
1.8,4.5,0.0558139534883721,0.6093023255813953,0.35023291351616276,33.165075696393096,37.34971272230522
1.8,5.0,0.0558139534883721,0.6093023255813953,0.34487900036327424,33.165075696393096,37.34971272230522
1.8,5.5,0.0558139534883721,0.6093023255813953,0.3395169055168486,33.165075696393096,37.34971272230522
1.8,6.0,0.0558139534883721,0.6093023255813953,0.33414579153579715,33.165075696393096,37.34971272230522
1.8,6.5,0.0558139534883721,0.6093023255813953,0.3287648154069044,33.165075696393096,37.34971272230522
1.8,7.0,0.0558139534883721,0.6093023255813953,0.32337312800799767,33.165075696393096,37.34971272230522
1.8,7.5,0.0558139534883721,0.6093023255813953,0.31796987356302864,33.165075696393096,37.34971272230522
1.8,8.0,0.0558139534883721,0.6093023255813953,0.31255418908831034,33.165075696393096,37.34971272230522
1.8,8.5,0.0558139534883721,0.6093023255813953,0.3071252038291361,33.165075696393096,37.34971272230522
1.8,9.0,0.0558139534883721,0.6093023255813953,0.30168203868598026,33.165075696393096,37.34971272230522
1.8,9.5,0.0558139534883721,0.6093023255813953,0.29622380562946066,33.165075696393096,37.34971272230522
1.8,10.0,0.0558139534883721,0.6093023255813953,0.2907496071032144,33.165075696393096,37.34971272230522
1.8,10.5,0.0558139534883721,0.6093023255813953,0.2852585354138093,33.165075696393096,37.34971272230522
1.8,11.0,0.0558139534883721,0.6093023255813953,0.27974967210678553,33.165075696393096,37.34971272230522
1.8,11.5,0.0558139534883721,0.6093023255813953,0.27422208732788556,33.165075696393096,37.34971272230522
1.8,12.0,0.0558139534883721,0.6093023255813953,0.2686748391684982,33.165075696393096,37.34971272230522
1.8,12.5,0.0558139534883721,0.6093023255813953,0.26310697299430175,33.165075696393096,37.34971272230522
1.8,13.0,0.0558139534883721,0.6093023255813953,0.2575175207560523,33.165075696393096,37.34971272230522
1.8,13.5,0.0558139534883721,0.6093023255813953,0.25190550028141767,33.165075696393096,37.34971272230522
1.8,14.0,0.0558139534883721,0.6093023255813953,0.24626991454671318,33.165075696393096,37.34971272230522
1.8,14.5,0.0558139534883721,0.6093023255813953,0.2406097509273413,33.165075696393096,37.34971272230522
1.8,15.0,0.0558139534883721,0.6093023255813953,0.23492398042568807,33.165075696393096,37.34971272230522
1.8,15.5,0.0558139534883721,0.6093023255813953,0.22921155687516823,33.165075696393096,37.34971272230522
1.8,16.0,0.0558139534883721,0.6093023255813953,0.22347141611905194,33.165075696393096,37.34971272230522
1.8,16.5,0.0558139534883721,0.6093023255813953,0.2177024751626395,33.165075696393096,37.34971272230522
1.8,17.0,0.0558139534883721,0.6093023255813953,0.21190363129728138,33.165075696393096,37.34971272230522
1.8,17.5,0.0558139534883721,0.6093023255813953,0.2060737611946659,33.165075696393096,37.34971272230522
1.8,18.0,0.0558139534883721,0.6093023255813953,0.2002117199697176,33.165075696393096,37.34971272230522
1.8,18.5,0.0558139534883721,0.6093023255813953,0.19431634021036476,33.165075696393096,37.34971272230522
1.8,19.0,0.0558139534883721,0.6093023255813953,0.18838643097234353,33.165075696393096,37.34971272230522
1.8,19.5,0.0558139534883721,0.6093023255813953,0.18242077673710963,33.165075696393096,37.34971272230522
1.8,20.0,0.0558139534883721,0.6093023255813953,0.1764181363308256,33.165075696393096,37.34971272230522
1.8,20.5,0.0558139534883721,0.6093023255813953,0.17037724180228184,33.165075696393096,37.34971272230522
1.8,21.0,0.0558139534883721,0.6093023255813953,0.16429679725749088,33.165075696393096,37.34971272230522
1.8,21.5,0.0558139534883721,0.6093023255813953,0.15817547764857,33.165075696393096,37.34971272230522
1.8,22.0,0.0558139534883721,0.6093023255813953,0.15201192751439288,33.165075696393096,37.34971272230522
1.8,22.5,0.0558139534883721,0.6093023255813953,0.14580475967034678,33.165075696393096,37.34971272230522
1.8,23.0,0.0558139534883721,0.6093023255813953,0.13955255384438042,33.165075696393096,37.34971272230522
1.8,23.5,0.0558139534883721,0.6093023255813953,0.1332538552563614,33.165075696393096,37.34971272230522
1.8,24.0,0.0558139534883721,0.6093023255813953,0.1269071731375896,33.165075696393096,37.34971272230522
1.8,24.5,0.0558139534883721,0.6093023255813953,0.12051097918712289,33.165075696393096,37.34971272230522
1.8,25.0,0.0558139534883721,0.6093023255813953,0.114063705961373,33.165075696393096,37.34971272230522
1.8,25.5,0.0558139534883721,0.6093023255813953,0.10756374519321404,33.165075696393096,37.34971272230522
1.8,26.0,0.0558139534883721,0.6093023255813953,0.10100944603661471,33.165075696393096,37.34971272230522
1.8,26.5,0.0558139534883721,0.6093023255813953,0.0943991132325604,33.165075696393096,37.34971272230522
1.8,27.0,0.0558139534883721,0.6093023255813953,0.08773100519176669,33.165075696393096,37.34971272230522
1.8,27.5,0.0558139534883721,0.6093023255813953,0.08100333198940118,33.165075696393096,37.34971272230522
1.8,28.0,0.0558139534883721,0.6093023255813953,0.07421425326672693,33.165075696393096,37.34971272230522
1.8,28.5,0.0558139534883721,0.6093023255813953,0.06736187603425475,33.165075696393096,37.34971272230522
1.8,29.0,0.0558139534883721,0.6093023255813953,0.060444252370638496,33.165075696393096,37.34971272230522
1.8,29.5,0.0558139534883721,0.6093023255813953,0.05345937701117265,33.165075696393096,37.34971272230522
1.8,30.0,0.0558139534883721,0.6093023255813953,0.04640518481934436,33.165075696393096,37.34971272230522
1.8,30.5,0.0558139534883721,0.6093023255813953,0.039279548134455056,33.165075696393096,37.34971272230522
1.8,31.0,0.0558139534883721,0.6093023255813953,0.03208027398785862,33.165075696393096,37.34971272230522
1.8,31.5,0.0558139534883721,0.6093023255813953,0.02480510117985546,33.165075696393096,37.34971272230522
1.8,32.0,0.0558139534883721,0.6093023255813953,0.017451697208735406,33.165075696393096,37.34971272230522
1.8,32.5,0.0558139534883721,0.6093023255813953,0.010017655042876272,33.165075696393096,37.34971272230522
1.8,33.0,0.0558139534883721,0.6093023255813953,0.0025004897261680092,33.165075696393096,37.34971272230522
1.8,33.5,0.0558139534883721,0.6093023255813953,-0.005102365193653868,33.165075696393096,37.34971272230522
1.8,34.0,0.0558139534883721,0.6093023255813953,-0.012793561424920386,33.165075696393096,37.34971272230522
1.8,34.5,0.0558139534883721,0.6093023255813953,-0.02057583989214562,33.165075696393096,37.34971272230522
1.8,35.0,0.0558139534883721,0.6093023255813953,-0.02845203490917192,33.165075696393096,37.34971272230522
1.8,35.5,0.0558139534883721,0.6093023255813953,-0.036425078579105485,33.165075696393096,37.34971272230522
1.8,36.0,0.0558139534883721,0.6093023255813953,-0.04449800543582444,33.165075696393096,37.34971272230522
1.8,36.5,0.0558139534883721,0.6093023255813953,-0.05267395734293889,33.165075696393096,37.34971272230522
1.8,37.0,0.0558139534883721,0.6093023255813953,-0.06095618866728386,33.165075696393096,37.34971272230522
1.8,37.5,0.0558139534883721,0.6093023255813953,-0.06934807174531998,33.165075696393096,37.34971272230522
1.8,38.0,0.0558139534883721,0.6093023255813953,-0.07785310266223239,33.165075696393096,37.34971272230522
1.8,38.5,0.0558139534883721,0.6093023255813953,-0.08647490736504898,33.165075696393096,37.34971272230522
1.8,39.0,0.0558139534883721,0.6093023255813953,-0.09521724813277166,33.165075696393096,37.34971272230522
1.8,39.5,0.0558139534883721,0.6093023255813953,-0.10408403042833447,33.165075696393096,37.34971272230522
1.8,40.0,0.0558139534883721,0.6093023255813953,-0.11307931015917982,33.165075696393096,37.34971272230522
1.85,0.0,0.057253384912959386,0.6100580270793036,0.3967466150870406,33.03765756220351,37.31546776189825
1.85,0.5,0.057253384912959386,0.6100580270793036,0.39142271934002837,33.03765756220351,37.31546776189825
1.85,1.0,0.057253384912959386,0.6100580270793036,0.38609801261439103,33.03765756220351,37.31546776189825
1.85,1.5,0.057253384912959386,0.6100580270793036,0.38077168343728907,33.03765756220351,37.31546776189825
1.85,2.0,0.057253384912959386,0.6100580270793036,0.37544291934681384,33.03765756220351,37.31546776189825
1.85,2.5,0.057253384912959386,0.6100580270793036,0.37011090639585165,33.03765756220351,37.31546776189825
1.85,3.0,0.057253384912959386,0.6100580270793036,0.3647748286540209,33.03765756220351,37.31546776189825
1.85,3.5,0.057253384912959386,0.6100580270793036,0.35943386770703534,33.03765756220351,37.31546776189825
1.85,4.0,0.057253384912959386,0.6100580270793036,0.3540872021528372,33.03765756220351,37.31546776189825
1.85,4.5,0.057253384912959386,0.6100580270793036,0.3487340070938401,33.03765756220351,37.31546776189825
1.85,5.0,0.057253384912959386,0.6100580270793036,0.3433734536246104,33.03765756220351,37.31546776189825
1.85,5.5,0.057253384912959386,0.6100580270793036,0.33800470831430623,33.03765756220351,37.31546776189825
1.85,6.0,0.057253384912959386,0.6100580270793036,0.33262693268318305,33.03765756220351,37.31546776189825
1.85,6.5,0.057253384912959386,0.6100580270793036,0.32723928267245844,33.03765756220351,37.31546776189825
1.85,7.0,0.057253384912959386,0.6100580270793036,0.32184090810681604,33.03765756220351,37.31546776189825
1.85,7.5,0.057253384912959386,0.6100580270793036,0.3164309521488111,33.03765756220351,37.31546776189825
1.85,8.0,0.057253384912959386,0.6100580270793036,0.3110085507444212,33.03765756220351,37.31546776189825
1.85,8.5,0.057253384912959386,0.6100580270793036,0.30557283205896535,33.03765756220351,37.31546776189825
1.85,9.0,0.057253384912959386,0.6100580270793036,0.3001229159025943,33.03765756220351,37.31546776189825
1.85,9.5,0.057253384912959386,0.6100580270793036,0.29465791314452666,33.03765756220351,37.31546776189825
1.85,10.0,0.057253384912959386,0.6100580270793036,0.28917692511518406,33.03765756220351,37.31546776189825
1.85,10.5,0.057253384912959386,0.6100580270793036,0.28367904299534635,33.03765756220351,37.31546776189825
1.85,11.0,0.057253384912959386,0.6100580270793036,0.278163347191419,33.03765756220351,37.31546776189825
1.85,11.5,0.057253384912959386,0.6100580270793036,0.27262890669587087,33.03765756220351,37.31546776189825
1.85,12.0,0.057253384912959386,0.6100580270793036,0.2670747784318666,33.03765756220351,37.31546776189825
1.85,12.5,0.057253384912959386,0.6100580270793036,0.26150000658107697,33.03765756220351,37.31546776189825
1.85,13.0,0.057253384912959386,0.6100580270793036,0.25590362189361204,33.03765756220351,37.31546776189825
1.85,13.5,0.057253384912959386,0.6100580270793036,0.2502846409789776,33.03765756220351,37.31546776189825
1.85,14.0,0.057253384912959386,0.6100580270793036,0.24464206557690682,33.03765756220351,37.31546776189825
1.85,14.5,0.057253384912959386,0.6100580270793036,0.23897488180687085,33.03765756220351,37.31546776189825
1.85,15.0,0.057253384912959386,0.6100580270793036,0.23328205939501725,33.03765756220351,37.31546776189825
1.85,15.5,0.057253384912959386,0.6100580270793036,0.22756255087722815,33.03765756220351,37.31546776189825
1.85,16.0,0.057253384912959386,0.6100580270793036,0.22181529077692844,33.03765756220351,37.31546776189825
1.85,16.5,0.057253384912959386,0.6100580270793036,0.2160391947562087,33.03765756220351,37.31546776189825
1.85,17.0,0.057253384912959386,0.6100580270793036,0.21023315873875925,33.03765756220351,37.31546776189825
1.85,17.5,0.057253384912959386,0.6100580270793036,0.2043960580030341,33.03765756220351,37.31546776189825
1.85,18.0,0.057253384912959386,0.6100580270793036,0.1985267462439872,33.03765756220351,37.31546776189825
1.85,18.5,0.057253384912959386,0.6100580270793036,0.19262405460163665,33.03765756220351,37.31546776189825
1.85,19.0,0.057253384912959386,0.6100580270793036,0.18668679065462204,33.03765756220351,37.31546776189825
1.85,19.5,0.057253384912959386,0.6100580270793036,0.18071373737682372,33.03765756220351,37.31546776189825
1.85,20.0,0.057253384912959386,0.6100580270793036,0.1747036520550093,33.03765756220351,37.31546776189825
1.85,20.5,0.057253384912959386,0.6100580270793036,0.16865526516536292,33.03765756220351,37.31546776189825
1.85,21.0,0.057253384912959386,0.6100580270793036,0.16256727920663422,33.03765756220351,37.31546776189825
1.85,21.5,0.057253384912959386,0.6100580270793036,0.15643836748751874,33.03765756220351,37.31546776189825
1.85,22.0,0.057253384912959386,0.6100580270793036,0.15026717286574773,33.03765756220351,37.31546776189825
1.85,22.5,0.057253384912959386,0.6100580270793036,0.1440523064362202,33.03765756220351,37.31546776189825
1.85,23.0,0.057253384912959386,0.6100580270793036,0.13779234616535918,33.03765756220351,37.31546776189825
1.85,23.5,0.057253384912959386,0.6100580270793036,0.13148583546870707,33.03765756220351,37.31546776189825
1.85,24.0,0.057253384912959386,0.6100580270793036,0.12513128172860294,33.03765756220351,37.31546776189825
1.85,24.5,0.057253384912959386,0.6100580270793036,0.11872715474859347,33.03765756220351,37.31546776189825
1.85,25.0,0.057253384912959386,0.6100580270793036,0.11227188514103187,33.03765756220351,37.31546776189825
1.85,25.5,0.057253384912959386,0.6100580270793036,0.1057638626441012,33.03765756220351,37.31546776189825
1.85,26.0,0.057253384912959386,0.6100580270793036,0.09920143436426948,33.03765756220351,37.31546776189825
1.85,26.5,0.057253384912959386,0.6100580270793036,0.09258290293993765,33.03765756220351,37.31546776189825
1.85,27.0,0.057253384912959386,0.6100580270793036,0.08590652462177406,33.03765756220351,37.31546776189825
1.85,27.5,0.057253384912959386,0.6100580270793036,0.07917050726495023,33.03765756220351,37.31546776189825
1.85,28.0,0.057253384912959386,0.6100580270793036,0.0723730082281811,33.03765756220351,37.31546776189825
1.85,28.5,0.057253384912959386,0.6100580270793036,0.06551213217415286,33.03765756220351,37.31546776189825
1.85,29.0,0.057253384912959386,0.6100580270793036,0.05858592876556423,33.03765756220351,37.31546776189825
1.85,29.5,0.057253384912959386,0.6100580270793036,0.05159239025063311,33.03765756220351,37.31546776189825
1.85,30.0,0.057253384912959386,0.6100580270793036,0.04452944893151273,33.03765756220351,37.31546776189825
1.85,30.5,0.057253384912959386,0.6100580270793036,0.037394974508623335,33.03765756220351,37.31546776189825
1.85,31.0,0.057253384912959386,0.6100580270793036,0.03018677129343811,33.03765756220351,37.31546776189825
1.85,31.5,0.057253384912959386,0.6100580270793036,0.022902575281751436,33.03765756220351,37.31546776189825
1.85,32.0,0.057253384912959386,0.6100580270793036,0.015540051078913264,33.03765756220351,37.31546776189825
1.85,32.5,0.057253384912959386,0.6100580270793036,0.00809678866792396,33.03765756220351,37.31546776189825
1.85,33.0,0.057253384912959386,0.6100580270793036,0.0005703000106483391,33.03765756220351,37.31546776189825
1.85,33.5,0.057253384912959386,0.6100580270793036,-0.007041984528280587,33.03765756220351,37.31546776189825
1.85,34.0,0.057253384912959386,0.6100580270793036,-0.014742719946037375,33.03765756220351,37.31546776189825
1.85,34.5,0.057253384912959386,0.6100580270793036,-0.022534650566631953,33.03765756220351,37.31546776189825
1.85,35.0,0.057253384912959386,0.6100580270793036,-0.03042061421923098,33.03765756220351,37.31546776189825
1.85,35.5,0.057253384912959386,0.6100580270793036,-0.03840354664355017,33.03765756220351,37.31546776189825
1.85,36.0,0.057253384912959386,0.6100580270793036,-0.04648648613711942,33.03765756220351,37.31546776189825
1.85,36.5,0.057253384912959386,0.6100580270793036,-0.05467257846031903,33.03765756220351,37.31546776189825
1.85,37.0,0.057253384912959386,0.6100580270793036,-0.0629650820162887,33.03765756220351,37.31546776189825
1.85,37.5,0.057253384912959386,0.6100580270793036,-0.07136737332410842,33.03765756220351,37.31546776189825
1.85,38.0,0.057253384912959386,0.6100580270793036,-0.07988295280506502,33.03765756220351,37.31546776189825
1.85,38.5,0.057253384912959386,0.6100580270793036,-0.08851545090335217,33.03765756220351,37.31546776189825
1.85,39.0,0.057253384912959386,0.6100580270793036,-0.09726863456422663,33.03765756220351,37.31546776189825
1.85,39.5,0.057253384912959386,0.6100580270793036,-0.1061464140944644,33.03765756220351,37.31546776189825
1.85,40.0,0.057253384912959386,0.6100580270793036,-0.11515285043194207,33.03765756220351,37.31546776189825
1.9000000000000001,0.0,0.0586872586872587,0.6108108108108108,0.3953127413127413,32.910678718688416,37.28140833281297
1.9000000000000001,0.5,0.0586872586872587,0.6108108108108108,0.38998227612162917,32.910678718688416,37.28140833281297
1.9000000000000001,1.0,0.0586872586872587,0.6108108108108108,0.3846509989511814,32.910678718688416,37.28140833281297
1.9000000000000001,1.5,0.0586872586872587,0.6108108108108108,0.3793180973272379,32.910678718688416,37.28140833281297
1.9000000000000001,2.0,0.0586872586872587,0.6108108108108108,0.37398275778534945,32.910678718688416,37.28140833281297
1.9000000000000001,2.5,0.0586872586872587,0.6108108108108108,0.36864416537402855,32.910678718688416,37.28140833281297
1.9000000000000001,3.0,0.0586872586872587,0.6108108108108108,0.3633015031560729,32.910678718688416,37.28140833281297
1.9000000000000001,3.5,0.0586872586872587,0.6108108108108108,0.35795395170731037,32.910678718688416,37.28140833281297
1.9000000000000001,4.0,0.0586872586872587,0.6108108108108108,0.35260068861211064,32.910678718688416,37.28140833281297
1.9000000000000001,4.5,0.0586872586872587,0.6108108108108108,0.3472408879550014,32.910678718688416,37.28140833281297
1.9000000000000001,5.0,0.0586872586872587,0.6108108108108108,0.34187371980771747,32.910678718688416,37.28140833281297
1.9000000000000001,5.5,0.0586872586872587,0.6108108108108108,0.3364983497110015,32.910678718688416,37.28140833281297
1.9000000000000001,6.0,0.0586872586872587,0.6108108108108108,0.33111393815046325,32.910678718688416,37.28140833281297
1.9000000000000001,6.5,0.0586872586872587,0.6108108108108108,0.3257196400257903,32.910678718688416,37.28140833281297
1.9000000000000001,7.0,0.0586872586872587,0.6108108108108108,0.3203146041125888,32.910678718688416,37.28140833281297
1.9000000000000001,7.5,0.0586872586872587,0.6108108108108108,0.31489797251611573,32.910678718688416,37.28140833281297
1.9000000000000001,8.0,0.0586872586872587,0.6108108108108108,0.30946888011614543,32.910678718688416,37.28140833281297
1.9000000000000001,8.5,0.0586872586872587,0.6108108108108108,0.30402645400219297,32.910678718688416,37.28140833281297
1.9000000000000001,9.0,0.0586872586872587,0.6108108108108108,0.2985698128982948,32.910678718688416,37.28140833281297
1.9000000000000001,9.5,0.0586872586872587,0.6108108108108108,0.2930980665765229,32.910678718688416,37.28140833281297
1.9000000000000001,10.0,0.0586872586872587,0.6108108108108108,0.2876103152583816,32.910678718688416,37.28140833281297
1.9000000000000001,10.5,0.0586872586872587,0.6108108108108108,0.2821056490032095,32.910678718688416,37.28140833281297
1.9000000000000001,11.0,0.0586872586872587,0.6108108108108108,0.2765831470826754,32.910678718688416,37.28140833281297
1.9000000000000001,11.5,0.0586872586872587,0.6108108108108108,0.2710418773404276,32.910678718688416,37.28140833281297
1.9000000000000001,12.0,0.0586872586872587,0.6108108108108108,0.26548089553591697,32.910678718688416,37.28140833281297
1.9000000000000001,12.5,0.0586872586872587,0.6108108108108108,0.25989924467137804,32.910678718688416,37.28140833281297
1.9000000000000001,13.0,0.0586872586872587,0.6108108108108108,0.2542959543009109,32.910678718688416,37.28140833281297
1.9000000000000001,13.5,0.0586872586872587,0.6108108108108108,0.24867003982056232,32.910678718688416,37.28140833281297
1.9000000000000001,14.0,0.0586872586872587,0.6108108108108108,0.24302050173825795,32.910678718688416,37.28140833281297
1.9000000000000001,14.5,0.0586872586872587,0.6108108108108108,0.23734632492238672,32.910678718688416,37.28140833281297
1.9000000000000001,15.0,0.0586872586872587,0.6108108108108108,0.23164647782778527,32.910678718688416,37.28140833281297
1.9000000000000001,15.5,0.0586872586872587,0.6108108108108108,0.22591991169781295,32.910678718688416,37.28140833281297
1.9000000000000001,16.0,0.0586872586872587,0.6108108108108108,0.22016555974114513,32.910678718688416,37.28140833281297
1.9000000000000001,16.5,0.0586872586872587,0.6108108108108108,0.21438233628184902,32.910678718688416,37.28140833281297
1.9000000000000001,17.0,0.0586872586872587,0.6108108108108108,0.20856913588123524,32.910678718688416,37.28140833281297
1.9000000000000001,17.5,0.0586872586872587,0.6108108108108108,0.20272483242990275,32.910678718688416,37.28140833281297
1.9000000000000001,18.0,0.0586872586872587,0.6108108108108108,0.19684827820831746,32.910678718688416,37.28140833281297
1.9000000000000001,18.5,0.0586872586872587,0.6108108108108108,0.1909383029141777,32.910678718688416,37.28140833281297
1.9000000000000001,19.0,0.0586872586872587,0.6108108108108108,0.18499371265472955,32.910678718688416,37.28140833281297
1.9000000000000001,19.5,0.0586872586872587,0.6108108108108108,0.17901328890209875,32.910678718688416,37.28140833281297
1.9000000000000001,20.0,0.0586872586872587,0.6108108108108108,0.1729957874096015,32.910678718688416,37.28140833281297
1.9000000000000001,20.5,0.0586872586872587,0.6108108108108108,0.16693993708688762,32.910678718688416,37.28140833281297
1.9000000000000001,21.0,0.0586872586872587,0.6108108108108108,0.1608444388316495,32.910678718688416,37.28140833281297
1.9000000000000001,21.5,0.0586872586872587,0.6108108108108108,0.1547079643155062,32.910678718688416,37.28140833281297
1.9000000000000001,22.0,0.0586872586872587,0.6108108108108108,0.14852915472153744,32.910678718688416,37.28140833281297
1.9000000000000001,22.5,0.0586872586872587,0.6108108108108108,0.14230661943079675,32.910678718688416,37.28140833281297
1.9000000000000001,23.0,0.0586872586872587,0.6108108108108108,0.13603893465498273,32.910678718688416,37.28140833281297
1.9000000000000001,23.5,0.0586872586872587,0.6108108108108108,0.12972464201227918,32.910678718688416,37.28140833281297
1.9000000000000001,24.0,0.0586872586872587,0.6108108108108108,0.12336224704320298,32.910678718688416,37.28140833281297
1.9000000000000001,24.5,0.0586872586872587,0.6108108108108108,0.11695021766310854,32.910678718688416,37.28140833281297
1.9000000000000001,25.0,0.0586872586872587,0.6108108108108108,0.11048698254779621,32.910678718688416,37.28140833281297
1.9000000000000001,25.5,0.0586872586872587,0.6108108108108108,0.1039709294484597,32.910678718688416,37.28140833281297
1.9000000000000001,26.0,0.0586872586872587,0.6108108108108108,0.09740040343197187,32.910678718688416,37.28140833281297
1.9000000000000001,26.5,0.0586872586872587,0.6108108108108108,0.09077370504226695,32.910678718688416,37.28140833281297
1.9000000000000001,27.0,0.0586872586872587,0.6108108108108108,0.08408908837830642,32.910678718688416,37.28140833281297
1.9000000000000001,27.5,0.0586872586872587,0.6108108108108108,0.07734475908383687,32.910678718688416,37.28140833281297
1.9000000000000001,28.0,0.0586872586872587,0.6108108108108108,0.07053887224383804,32.910678718688416,37.28140833281297
1.9000000000000001,28.5,0.0586872586872587,0.6108108108108108,0.06366953018223659,32.910678718688416,37.28140833281297
1.9000000000000001,29.0,0.0586872586872587,0.6108108108108108,0.056734780155104025,32.910678718688416,37.28140833281297
1.9000000000000001,29.5,0.0586872586872587,0.6108108108108108,0.0497326119331844,32.910678718688416,37.28140833281297
1.9000000000000001,30.0,0.0586872586872587,0.6108108108108108,0.04266095526718616,32.910678718688416,37.28140833281297
1.9000000000000001,30.5,0.0586872586872587,0.6108108108108108,0.0355176772288372,32.910678718688416,37.28140833281297
1.9000000000000001,31.0,0.0586872586872587,0.6108108108108108,0.028300579420231453,32.910678718688416,37.28140833281297
1.9000000000000001,31.5,0.0586872586872587,0.6108108108108108,0.021007395043485533,32.910678718688416,37.28140833281297
1.9000000000000001,32.0,0.0586872586872587,0.6108108108108108,0.013635785822179114,32.910678718688416,37.28140833281297
1.9000000000000001,32.5,0.0586872586872587,0.6108108108108108,0.006183338765461677,32.910678718688416,37.28140833281297
1.9000000000000001,33.0,0.0586872586872587,0.6108108108108108,-0.0013524372349273395,32.910678718688416,37.28140833281297
1.9000000000000001,33.5,0.0586872586872587,0.6108108108108108,-0.008974114985167592,32.910678718688416,37.28140833281297
1.9000000000000001,34.0,0.0586872586872587,0.6108108108108108,-0.016684352758578713,32.910678718688416,37.28140833281297
1.9000000000000001,34.5,0.0586872586872587,0.6108108108108108,-0.02448589826554126,32.910678718688416,37.28140833281297
1.9000000000000001,35.0,0.0586872586872587,0.6108108108108108,-0.03238159283697328,32.910678718688416,37.28140833281297
1.9000000000000001,35.5,0.0586872586872587,0.6108108108108108,-0.04037437583515924,32.910678718688416,37.28140833281297
1.9000000000000001,36.0,0.0586872586872587,0.6108108108108108,-0.04846728930674932,32.910678718688416,37.28140833281297
1.9000000000000001,36.5,0.0586872586872587,0.6108108108108108,-0.05666348289384843,32.910678718688416,37.28140833281297
1.9000000000000001,37.0,0.0586872586872587,0.6108108108108108,-0.06496621902031674,32.910678718688416,37.28140833281297
1.9000000000000001,37.5,0.0586872586872587,0.6108108108108108,-0.07337887837170476,32.910678718688416,37.28140833281297
1.9000000000000001,38.0,0.0586872586872587,0.6108108108108108,-0.08190496568865901,32.910678718688416,37.28140833281297
1.9000000000000001,38.5,0.0586872586872587,0.6108108108108108,-0.09054811589517558,32.910678718688416,37.28140833281297
1.9000000000000001,39.0,0.0586872586872587,0.6108108108108108,-0.09931210058474949,32.910678718688416,37.28140833281297
1.9000000000000001,39.5,0.0586872586872587,0.6108108108108108,-0.10820083488929655,32.910678718688416,37.28140833281297
1.9000000000000001,40.0,0.0586872586872587,0.6108108108108108,-0.1172183847577053,32.910678718688416,37.28140833281297
1.9500000000000002,0.0,0.0601156069364162,0.6115606936416185,0.3938843930635838,32.78413813887515,37.24753295525038
1.9500000000000002,0.5,0.0601156069364162,0.6115606936416185,0.38854738374414866,32.78413813887515,37.24753295525038
1.9500000000000002,1.0,0.0601156069364162,0.6115606936416185,0.3832095614485236,32.78413813887515,37.24753295525038
1.9500000000000002,1.5,0.0601156069364162,0.6115606936416185,0.3778701127050868,32.78413813887515,37.24753295525038
1.9500000000000002,2.0,0.0601156069364162,0.6115606936416185,0.3725282230507115,32.78413813887515,37.24753295525038
1.9500000000000002,2.5,0.0601156069364162,0.6115606936416185,0.3671830765334071,32.78413813887515,37.24753295525038
1.9500000000000002,3.0,0.0601156069364162,0.6115606936416185,0.3618338552130303,32.78413813887515,37.24753295525038
1.9500000000000002,3.5,0.0601156069364162,0.6115606936416185,0.3564797386594148,32.78413813887515,37.24753295525038
1.9500000000000002,4.0,0.0601156069364162,0.6115606936416185,0.35111990344726357,32.78413813887515,37.24753295525038
1.9500000000000002,4.5,0.0601156069364162,0.6115606936416185,0.3457535226471409,32.78413813887515,37.24753295525038
1.9500000000000002,5.0,0.0601156069364162,0.6115606936416185,0.34037976531189157,32.78413813887515,37.24753295525038
1.9500000000000002,5.5,0.0601156069364162,0.6115606936416185,0.3349977959578059,32.78413813887515,37.24753295525038
1.9500000000000002,6.0,0.0601156069364162,0.6115606936416185,0.32960677403983485,32.78413813887515,37.24753295525038
1.9500000000000002,6.5,0.0601156069364162,0.6115606936416185,0.32420585342014974,32.78413813887515,37.24753295525038
1.9500000000000002,7.0,0.0601156069364162,0.6115606936416185,0.31879418182932195,32.78413813887515,37.24753295525038
1.9500000000000002,7.5,0.0601156069364162,0.6115606936416185,0.3133709003193845,32.78413813887515,37.24753295525038
1.9500000000000002,8.0,0.0601156069364162,0.6115606936416185,0.30793514270801725,32.78413813887515,37.24753295525038
1.9500000000000002,8.5,0.0601156069364162,0.6115606936416185,0.30248603501307675,32.78413813887515,37.24753295525038
1.9500000000000002,9.0,0.0601156069364162,0.6115606936416185,0.2970226948766709,32.78413813887515,37.24753295525038
1.9500000000000002,9.5,0.0601156069364162,0.6115606936416185,0.2915442309779527,32.78413813887515,37.24753295525038
1.9500000000000002,10.0,0.0601156069364162,0.6115606936416185,0.28604974243378267,32.78413813887515,37.24753295525038
1.9500000000000002,10.5,0.0601156069364162,0.6115606936416185,0.28053831818637953,32.78413813887515,37.24753295525038
1.9500000000000002,11.0,0.0601156069364162,0.6115606936416185,0.27500903637704843,32.78413813887515,37.24753295525038
1.9500000000000002,11.5,0.0601156069364162,0.6115606936416185,0.26946096370504397,32.78413813887515,37.24753295525038
1.9500000000000002,12.0,0.0601156069364162,0.6115606936416185,0.2638931547705876,32.78413813887515,37.24753295525038
1.9500000000000002,12.5,0.0601156069364162,0.6115606936416185,0.2583046514010229,32.78413813887515,37.24753295525038
1.9500000000000002,13.0,0.0601156069364162,0.6115606936416185,0.25269448195904864,32.78413813887515,37.24753295525038
1.9500000000000002,13.5,0.0601156069364162,0.6115606936416185,0.24706166063192903,32.78413813887515,37.24753295525038
1.9500000000000002,14.0,0.0601156069364162,0.6115606936416185,0.2414051867005288,32.78413813887515,37.24753295525038
1.9500000000000002,14.5,0.0601156069364162,0.6115606936416185,0.23572404378697578,32.78413813887515,37.24753295525038
1.9500000000000002,15.0,0.0601156069364162,0.6115606936416185,0.2300171990796949,32.78413813887515,37.24753295525038
1.9500000000000002,15.5,0.0601156069364162,0.6115606936416185,0.2242836025345034,32.78413813887515,37.24753295525038
1.9500000000000002,16.0,0.0601156069364162,0.6115606936416185,0.21852218605039375,32.78413813887515,37.24753295525038
1.9500000000000002,16.5,0.0601156069364162,0.6115606936416185,0.21273186261856594,32.78413813887515,37.24753295525038
1.9500000000000002,17.0,0.0601156069364162,0.6115606936416185,0.20691152544320074,32.78413813887515,37.24753295525038
1.9500000000000002,17.5,0.0601156069364162,0.6115606936416185,0.20106004703239044,32.78413813887515,37.24753295525038
1.9500000000000002,18.0,0.0601156069364162,0.6115606936416185,0.19517627825756367,32.78413813887515,37.24753295525038
1.9500000000000002,18.5,0.0601156069364162,0.6115606936416185,0.18925904737965699,32.78413813887515,37.24753295525038
1.9500000000000002,19.0,0.0601156069364162,0.6115606936416185,0.18330715904019315,32.78413813887515,37.24753295525038
1.9500000000000002,19.5,0.0601156069364162,0.6115606936416185,0.17731939321533036,32.78413813887515,37.24753295525038
1.9500000000000002,20.0,0.0601156069364162,0.6115606936416185,0.17129450413084274,32.78413813887515,37.24753295525038
1.9500000000000002,20.5,0.0601156069364162,0.6115606936416185,0.16523121913588246,32.78413813887515,37.24753295525038
1.9500000000000002,21.0,0.0601156069364162,0.6115606936416185,0.1591282375332544,32.78413813887515,37.24753295525038
1.9500000000000002,21.5,0.0601156069364162,0.6115606936416185,0.1529842293638098,32.78413813887515,37.24753295525038
1.9500000000000002,22.0,0.0601156069364162,0.6115606936416185,0.1467978341424301,32.78413813887515,37.24753295525038
1.9500000000000002,22.5,0.0601156069364162,0.6115606936416185,0.140567659542928,32.78413813887515,37.24753295525038
1.9500000000000002,23.0,0.0601156069364162,0.6115606936416185,0.13429228002903942,32.78413813887515,37.24753295525038
1.9500000000000002,23.5,0.0601156069364162,0.6115606936416185,0.12797023542851577,32.78413813887515,37.24753295525038
1.9500000000000002,24.0,0.0601156069364162,0.6115606936416185,0.12160002944714954,32.78413813887515,37.24753295525038
1.9500000000000002,24.5,0.0601156069364162,0.6115606936416185,0.11518012811937883,32.78413813887515,37.24753295525038
1.9500000000000002,25.0,0.0601156069364162,0.6115606936416185,0.10870895819191417,32.78413813887515,37.24753295525038
1.9500000000000002,25.5,0.0601156069364162,0.6115606936416185,0.10218490543661651,32.78413813887515,37.24753295525038
1.9500000000000002,26.0,0.0601156069364162,0.6115606936416185,0.09560631288862348,32.78413813887515,37.24753295525038
1.9500000000000002,26.5,0.0601156069364162,0.6115606936416185,0.08897147900547375,32.78413813887515,37.24753295525038
1.9500000000000002,27.0,0.0601156069364162,0.6115606936416185,0.08227865574271348,32.78413813887515,37.24753295525038
1.9500000000000002,27.5,0.0601156069364162,0.6115606936416185,0.07552604654118639,32.78413813887515,37.24753295525038
1.9500000000000002,28.0,0.0601156069364162,0.6115606936416185,0.06871180422089912,32.78413813887515,37.24753295525038
1.9500000000000002,28.5,0.0601156069364162,0.6115606936416185,0.06183402877603106,32.78413813887515,37.24753295525038
1.9500000000000002,29.0,0.0601156069364162,0.6115606936416185,0.05489076506530083,32.78413813887515,37.24753295525038
1.9500000000000002,29.5,0.0601156069364162,0.6115606936416185,0.04788000039152551,32.78413813887515,37.24753295525038
1.9500000000000002,30.0,0.0601156069364162,0.6115606936416185,0.04079966196380114,32.78413813887515,37.24753295525038
1.9500000000000002,30.5,0.0601156069364162,0.6115606936416185,0.03364761423529311,32.78413813887515,37.24753295525038
1.9500000000000002,31.0,0.0601156069364162,0.6115606936416185,0.0264216561091567,32.78413813887515,37.24753295525038
1.9500000000000002,31.5,0.0601156069364162,0.6115606936416185,0.019119518004596492,32.78413813887515,37.24753295525038
1.9500000000000002,32.0,0.0601156069364162,0.6115606936416185,0.011738858774526906,32.78413813887515,37.24753295525038
1.9500000000000002,32.5,0.0601156069364162,0.6115606936416185,0.004277262465706477,32.78413813887515,37.24753295525038
1.9500000000000002,33.0,0.0601156069364162,0.6115606936416185,-0.003267765088419805,32.78413813887515,37.24753295525038
1.9500000000000002,33.5,0.0601156069364162,0.6115606936416185,-0.010898799852625207,32.78413813887515,37.24753295525038
1.9500000000000002,34.0,0.0601156069364162,0.6115606936416185,-0.018618503363749928,32.78413813887515,37.24753295525038
1.9500000000000002,34.5,0.0601156069364162,0.6115606936416185,-0.026429626705495146,32.78413813887515,37.24753295525038
1.9500000000000002,35.0,0.0601156069364162,0.6115606936416185,-0.034335014697036315,32.78413813887515,37.24753295525038
1.9500000000000002,35.5,0.0601156069364162,0.6115606936416185,-0.042337610309266804,32.78413813887515,37.24753295525038
1.9500000000000002,36.0,0.0601156069364162,0.6115606936416185,-0.05044045932350966,32.78413813887515,37.24753295525038
1.9500000000000002,36.5,0.0601156069364162,0.6115606936416185,-0.058646715248635795,32.78413813887515,37.24753295525038
1.9500000000000002,37.0,0.0601156069364162,0.6115606936416185,-0.06695964451373193,32.78413813887515,37.24753295525038
1.9500000000000002,37.5,0.0601156069364162,0.6115606936416185,-0.07538263195476302,32.78413813887515,37.24753295525038
1.9500000000000002,38.0,0.0601156069364162,0.6115606936416185,-0.08391918661509074,32.78413813887515,37.24753295525038
1.9500000000000002,38.5,0.0601156069364162,0.6115606936416185,-0.09257294788125003,32.78413813887515,37.24753295525038
1.9500000000000002,39.0,0.0601156069364162,0.6115606936416185,-0.10134769197706212,32.78413813887515,37.24753295525038
1.9500000000000002,39.5,0.0601156069364162,0.6115606936416185,-0.1102473388409887,32.78413813887515,37.24753295525038
1.9500000000000002,40.0,0.0601156069364162,0.6115606936416185,-0.11927595941361968,32.78413813887515,37.24753295525038
2.0,0.0,0.06153846153846154,0.6123076923076922,0.3924615384615385,32.65803478576608,37.213840164846786
2.0,0.5,0.06153846153846154,0.6123076923076922,0.3871180101835046,32.65803478576608,37.213840164846786
2.0,1.0,0.06153846153846154,0.6123076923076922,0.3817736679362606,32.65803478576608,37.213840164846786
2.0,1.5,0.06153846153846154,0.6123076923076922,0.3764276972545594,32.65803478576608,37.213840164846786
2.0,2.0,0.06153846153846154,0.6123076923076922,0.37107928268043755,32.65803478576608,37.213840164846786
2.0,2.5,0.06153846153846154,0.6123076923076922,0.36572760726524955,32.65803478576608,37.213840164846786
2.0,3.0,0.06153846153846154,0.6123076923076922,0.36037185206976863,32.65803478576608,37.213840164846786
2.0,3.5,0.06153846153846154,0.6123076923076922,0.35501119566170347,32.65803478576608,37.213840164846786
2.0,4.0,0.06153846153846154,0.6123076923076922,0.3496448136099736,32.65803478576608,37.213840164846786
2.0,4.5,0.06153846153846154,0.6123076923076922,0.3442718779750798,32.65803478576608,37.213840164846786
2.0,5.0,0.06153846153846154,0.6123076923076922,0.3388915567948958,32.65803478576608,37.213840164846786
2.0,5.5,0.06153846153846154,0.6123076923076922,0.33350301356519946,32.65803478576608,37.213840164846786
2.0,6.0,0.06153846153846154,0.6123076923076922,0.32810540671424737,32.65803478576608,37.213840164846786
2.0,6.5,0.06153846153846154,0.6123076923076922,0.32269788907068475,32.65803478576608,37.213840164846786
2.0,7.0,0.06153846153846154,0.6123076923076922,0.3172796073240677,32.65803478576608,37.213840164846786
2.0,7.5,0.06153846153846154,0.6123076923076922,0.3118497014772561,32.65803478576608,37.213840164846786
2.0,8.0,0.06153846153846154,0.6123076923076922,0.30640730428992036,32.65803478576608,37.213840164846786
2.0,8.5,0.06153846153846154,0.6123076923076922,0.3009515407123802,32.65803478576608,37.213840164846786
2.0,9.0,0.06153846153846154,0.6123076923076922,0.29548152730897626,32.65803478576608,37.213840164846786
2.0,9.5,0.06153846153846154,0.6123076923076922,0.2899963716701462,32.65803478576608,37.213840164846786
2.0,10.0,0.06153846153846154,0.6123076923076922,0.2844951718123553,32.65803478576608,37.213840164846786
2.0,10.5,0.06153846153846154,0.6123076923076922,0.278977015564999,32.65803478576608,37.213840164846786
2.0,11.0,0.06153846153846154,0.6123076923076922,0.27344097994336625,32.65803478576608,37.213840164846786
2.0,11.5,0.06153846153846154,0.6123076923076922,0.2678861305067195,32.65803478576608,37.213840164846786
2.0,12.0,0.06153846153846154,0.6123076923076922,0.26231152070050956,32.65803478576608,37.213840164846786
2.0,12.5,0.06153846153846154,0.6123076923076922,0.25671619118170763,32.65803478576608,37.213840164846786
2.0,13.0,0.06153846153846154,0.6123076923076922,0.2510991691261937,32.65803478576608,37.213840164846786
2.0,13.5,0.06153846153846154,0.6123076923076922,0.2454594675170982,32.65803478576608,37.213840164846786
2.0,14.0,0.06153846153846154,0.6123076923076922,0.23979608441294478,32.65803478576608,37.213840164846786
2.0,14.5,0.06153846153846154,0.6123076923076922,0.23410800219439337,32.65803478576608,37.213840164846786
2.0,15.0,0.06153846153846154,0.6123076923076922,0.22839418678832799,32.65803478576608,37.213840164846786
2.0,15.5,0.06153846153846154,0.6123076923076922,0.22265358686797587,32.65803478576608,37.213840164846786
2.0,16.0,0.06153846153846154,0.6123076923076922,0.2168851330276838,32.65803478576608,37.213840164846786
2.0,16.5,0.06153846153846154,0.6123076923076922,0.21108773693091087,32.65803478576608,37.213840164846786
2.0,17.0,0.06153846153846154,0.6123076923076922,0.205260290429928,32.65803478576608,37.213840164846786
2.0,17.5,0.06153846153846154,0.6123076923076922,0.19940166465563783,32.65803478576608,37.213840164846786
2.0,18.0,0.06153846153846154,0.6123076923076922,0.19351070907585127,32.65803478576608,37.213840164846786
2.0,18.5,0.06153846153846154,0.6123076923076922,0.1875862505202691,32.65803478576608,37.213840164846786
2.0,19.0,0.06153846153846154,0.6123076923076922,0.18162709217032807,32.65803478576608,37.213840164846786
2.0,19.5,0.06153846153846154,0.6123076923076922,0.17563201251197263,32.65803478576608,37.213840164846786
2.0,20.0,0.06153846153846154,0.6123076923076922,0.16959976424931,32.65803478576608,37.213840164846786
2.0,20.5,0.06153846153846154,0.6123076923076922,0.16352907317699655,32.65803478576608,37.213840164846786
2.0,21.0,0.06153846153846154,0.6123076923076922,0.15741863700908393,32.65803478576608,37.213840164846786
2.0,21.5,0.06153846153846154,0.6123076923076922,0.1512671241619276,32.65803478576608,37.213840164846786
2.0,22.0,0.06153846153846154,0.6123076923076922,0.1450731724886271,32.65803478576608,37.213840164846786
2.0,22.5,0.06153846153846154,0.6123076923076922,0.1388353879623203,32.65803478576608,37.213840164846786
2.0,23.0,0.06153846153846154,0.6123076923076922,0.13255234330550358,32.65803478576608,37.213840164846786
2.0,23.5,0.06153846153846154,0.6123076923076922,0.12622257656238223,32.65803478576608,37.213840164846786
2.0,24.0,0.06153846153846154,0.6123076923076922,0.11984458961108096,32.65803478576608,37.213840164846786
2.0,24.5,0.06153846153846154,0.6123076923076922,0.1134168466123559,32.65803478576608,37.213840164846786
2.0,25.0,0.06153846153846154,0.6123076923076922,0.10693777239124708,32.65803478576608,37.213840164846786
2.0,25.5,0.06153846153846154,0.6123076923076922,0.10040575074789582,32.65803478576608,37.213840164846786
2.0,26.0,0.06153846153846154,0.6123076923076922,0.09381912269351872,32.65803478576608,37.213840164846786
2.0,26.5,0.06153846153846154,0.6123076923076922,0.0871761846072836,32.65803478576608,37.213840164846786
2.0,27.0,0.06153846153846154,0.6123076923076922,0.08047518630956518,32.65803478576608,37.213840164846786
2.0,27.5,0.06153846153846154,0.6123076923076922,0.073714329046777,32.65803478576608,37.213840164846786
2.0,28.0,0.06153846153846154,0.6123076923076922,0.06689176338266384,32.65803478576608,37.213840164846786
2.0,28.5,0.06153846153846154,0.6123076923076922,0.0600055869906187,32.65803478576608,37.213840164846786
2.0,29.0,0.06153846153846154,0.6123076923076922,0.053053842341227675,32.65803478576608,37.213840164846786
2.0,29.5,0.06153846153846154,0.6123076923076922,0.04603451427887312,32.65803478576608,37.213840164846786
2.0,30.0,0.06153846153846154,0.6123076923076922,0.03894552748081387,32.65803478576608,37.213840164846786
2.0,30.5,0.06153846153846154,0.6123076923076922,0.031784743791724246,32.65803478576608,37.213840164846786
2.0,31.0,0.06153846153846154,0.6123076923076922,0.02454995942620153,32.65803478576608,37.213840164846786
2.0,31.5,0.06153846153846154,0.6123076923076922,0.017238902031241732,32.65803478576608,37.213840164846786
2.0,32.0,0.06153846153846154,0.6123076923076922,0.009849227600134958,32.65803478576608,37.213840164846786
2.0,32.5,0.06153846153846154,0.6123076923076922,0.0023785172286426848,32.65803478576608,37.213840164846786
2.0,33.0,0.06153846153846154,0.6123076923076922,-0.0051757262963218476,32.65803478576608,37.213840164846786
2.0,33.5,0.06153846153846154,0.6123076923076922,-0.012816082085977232,32.65803478576608,37.213840164846786
2.0,34.0,0.06153846153846154,0.6123076923076922,-0.02054521492813194,32.65803478576608,37.213840164846786
2.0,34.5,0.06153846153846154,0.6123076923076922,-0.028365879266833816,32.65803478576608,37.213840164846786
2.0,35.0,0.06153846153846154,0.6123076923076922,-0.03628092339609912,32.65803478576608,37.213840164846786
2.0,35.5,0.06153846153846154,0.6123076923076922,-0.044293293881550844,32.65803478576608,37.213840164846786
2.0,36.0,0.06153846153846154,0.6123076923076922,-0.052406040224820816,32.65803478576608,37.213840164846786
2.0,36.5,0.06153846153846154,0.6123076923076922,-0.06062231978667387,32.65803478576608,37.213840164846786
2.0,37.0,0.06153846153846154,0.6123076923076922,-0.06894540298601853,32.65803478576608,37.213840164846786
2.0,37.5,0.06153846153846154,0.6123076923076922,-0.07737867879327104,32.65803478576608,37.213840164846786
2.0,38.0,0.06153846153846154,0.6123076923076922,-0.08592566053795919,32.65803478576608,37.213840164846786
2.0,38.5,0.06153846153846154,0.6123076923076922,-0.09458999205199337,32.65803478576608,37.213840164846786
2.0,39.0,0.06153846153846154,0.6123076923076922,-0.1033754541717119,32.65803478576608,37.213840164846786
2.0,39.5,0.06153846153846154,0.6123076923076922,-0.11228597162363568,32.65803478576608,37.213840164846786
2.0,40.0,0.06153846153846154,0.6123076923076922,-0.12132562032085742,32.65803478576608,37.213840164846786
