shortlist_rank,doi,doi_url,title,authors,year,venue,type,publisher,volume,issue,pages,article_number,crossref_cited_by,relevance_score,primary_topic,topics,is_review_title,is_dataset_title,has_abstract,screening_decision,screening_reason,matched_title_categories,exact_normalized_title_doi_count,provenance
1,10.1016/j.measen.2021.100365,https://doi.org/10.1016/j.measen.2021.100365,Variational Bayesian calibration of low-cost gas sensor systems in air quality monitoring,Georgi Tancev; Federico Grasso Toro,2022,Measurement: Sensors,journal-article,Elsevier BV,19,,100365,100365,19,26,particulate_air_quality,"[""particulate_air_quality"", ""gas_sensor_calibration"", ""embedded_environmental_sensing""]",False,False,False,metadata_candidate,particulate_air_quality;gas_sensor_calibration;embedded_environmental_sensing,"[""env"", ""air"", ""gas"", ""calib"", ""sensor"", ""embedded""]",1,"[{""query_id"": ""Q04"", ""query_rank"": 160, ""api_score"": 25.506231, ""raw_file"": ""raw_crossref\\Q04_low_cost_particle_calibration.json"", ""raw_item_index"": 159}, {""query_id"": ""Q05"", ""query_rank"": 38, ""api_score"": 25.621094, ""raw_file"": ""raw_crossref\\Q05_gas_sensor_calibration.json"", ""raw_item_index"": 37}]"
2,10.1108/sr-10-2025-0761,https://doi.org/10.1108/sr-10-2025-0761,A review of machine learning approaches for improving calibration and performance of low-cost air quality sensor networks,Chaohua Yan,2026,Sensor Review,journal-article,Emerald,,,1-21,,3,24,particulate_air_quality,"[""particulate_air_quality"", ""gas_sensor_calibration"", ""embedded_environmental_sensing""]",True,False,True,metadata_candidate,particulate_air_quality;gas_sensor_calibration;embedded_environmental_sensing,"[""env"", ""air"", ""calib"", ""sensor"", ""embedded"", ""review""]",1,"[{""query_id"": ""Q04"", ""query_rank"": 112, ""api_score"": 27.380661, ""raw_file"": ""raw_crossref\\Q04_low_cost_particle_calibration.json"", ""raw_item_index"": 111}]"
3,10.1145/3446005,https://doi.org/10.1145/3446005,Low-Cost Outdoor Air Quality Monitoring and Sensor Calibration,Francesco Concas; Julien Mineraud; Eemil Lagerspetz; Samu Varjonen; Xiaoli Liu; Kai Puolamäki; Petteri Nurmi; Sasu Tarkoma,2021,ACM Transactions on Sensor Networks,journal-article,Association for Computing Machinery (ACM),17,2,1-44,,255,24,particulate_air_quality,"[""particulate_air_quality"", ""embedded_environmental_sensing""]",False,False,True,metadata_candidate,particulate_air_quality;embedded_environmental_sensing,"[""env"", ""air"", ""calib"", ""sensor"", ""outdoor"", ""embedded""]",1,"[{""query_id"": ""Q04"", ""query_rank"": 367, ""api_score"": 22.40459, ""raw_file"": ""raw_crossref\\Q04_low_cost_particle_calibration.json"", ""raw_item_index"": 366}]"
4,10.3390/app13052805,https://doi.org/10.3390/app13052805,Developing and Field Testing Path Planning for Robotic Aquaculture Water Quality Monitoring,Anthony Davis; Paul S. Wills; James E. Garvey; William Fairman; Md Arshadul Karim; Bing Ouyang,2023,Applied Sciences,journal-article,MDPI AG,13,5,2805,,21,24,water_quality_monitoring,"[""robotic_environmental_monitoring"", ""water_quality_monitoring"", ""embedded_environmental_sensing""]",False,False,True,metadata_candidate,robotic_environmental_monitoring;water_quality_monitoring;embedded_environmental_sensing,"[""robot"", ""env"", ""water"", ""sensor"", ""nav""]",1,"[{""query_id"": ""Q06"", ""query_rank"": 190, ""api_score"": 20.858732, ""raw_file"": ""raw_crossref\\Q06_robotic_water_quality.json"", ""raw_item_index"": 189}]"
5,10.3390/s21144781,https://doi.org/10.3390/s21144781,An Approximation for Metal-Oxide Sensor Calibration for Air Quality Monitoring Using Multivariable Statistical Analysis,Diego Sales-Lérida; Alfonso J. Bello; Alberto Sánchez-Alzola; Pedro Manuel Martínez-Jiménez,2021,Sensors,journal-article,MDPI AG,21,14,4781,,20,24,particulate_air_quality,"[""particulate_air_quality"", ""gas_sensor_calibration"", ""embedded_environmental_sensing""]",False,False,True,metadata_candidate,particulate_air_quality;gas_sensor_calibration;embedded_environmental_sensing,"[""env"", ""air"", ""gas"", ""calib"", ""sensor""]",1,"[{""query_id"": ""Q05"", ""query_rank"": 12, ""api_score"": 28.61457, ""raw_file"": ""raw_crossref\\Q05_gas_sensor_calibration.json"", ""raw_item_index"": 11}]"
6,10.3390/atmos12050645,https://doi.org/10.3390/atmos12050645,"Improving Air Pollutant Metal Oxide Sensor Quantification Practices through: An Exploration of Sensor Signal Normalization, Multi-Sensor and Universal Calibration Model Generation, and Physical Factors Such as Co-Location Duration and Sensor Age",Kristen Okorn; Michael Hannigan,2021,Atmosphere,journal-article,MDPI AG,12,5,645,,14,24,particulate_air_quality,"[""particulate_air_quality"", ""gas_sensor_calibration"", ""embedded_environmental_sensing""]",False,False,True,metadata_candidate,particulate_air_quality;gas_sensor_calibration;embedded_environmental_sensing,"[""env"", ""air"", ""gas"", ""calib"", ""sensor""]",1,"[{""query_id"": ""Q05"", ""query_rank"": 39, ""api_score"": 25.585503, ""raw_file"": ""raw_crossref\\Q05_gas_sensor_calibration.json"", ""raw_item_index"": 38}]"
7,10.1080/02786826.2025.2484244,https://doi.org/10.1080/02786826.2025.2484244,Field evaluation of low-cost particulate matter (PM) sensor instruments in indoor and outdoor environments: A university lecture hall and urban southeastern United States,Sabrina Westgate; Zahra Shivji; Laura Hyesung Yang; Jean C. Rivera-Rios; Nga L. Ng,2025,Aerosol Science and Technology,journal-article,Informa UK Limited,59,10,1250-1271,,9,24,particulate_air_quality,"[""particulate_air_quality"", ""embedded_environmental_sensing""]",False,False,False,metadata_candidate,particulate_air_quality;embedded_environmental_sensing,"[""env"", ""air"", ""calib"", ""sensor"", ""outdoor"", ""embedded""]",1,"[{""query_id"": ""Q04"", ""query_rank"": 289, ""api_score"": 23.184853, ""raw_file"": ""raw_crossref\\Q04_low_cost_particle_calibration.json"", ""raw_item_index"": 288}]"
8,10.46488/nept.2022.v21i01.041,https://doi.org/10.46488/nept.2022.v21i01.041,Low-Cost Calibration MOS Gas Sensor for Measuring SO2 Pollutants in Ambient Air,R. Purbakawaca; A.S. Yuwono; I.D.M. Subrata; H. Alatas,2022,Nature Environment and Pollution Technology,journal-article,Technoscience Publications,21,1,339-347,,1,24,particulate_air_quality,"[""particulate_air_quality"", ""gas_sensor_calibration"", ""embedded_environmental_sensing""]",False,False,True,metadata_candidate,particulate_air_quality;gas_sensor_calibration;embedded_environmental_sensing,"[""env"", ""gas"", ""calib"", ""sensor"", ""embedded""]",1,"[{""query_id"": ""Q04"", ""query_rank"": 320, ""api_score"": 22.813484, ""raw_file"": ""raw_crossref\\Q04_low_cost_particle_calibration.json"", ""raw_item_index"": 319}]"
9,10.1149/ma2016-02/50/3807,https://doi.org/10.1149/ma2016-02/50/3807,Active Airflow Generation to Assist Robotic Gas Source Localization: Initial Experiments in Outdoor Environment,Ayano Murai; Haruka Matsukura; Ryuichi Takemura; Hiroshi Ishida,2016,ECS Meeting Abstracts,journal-article,The Electrochemical Society,MA2016-02,50,3807-3807,,0,24,gas_olfaction_mapping,"[""robotic_environmental_monitoring"", ""gas_olfaction_mapping"", ""outdoor_navigation_fusion""]",False,False,True,metadata_candidate,robotic_environmental_monitoring;gas_olfaction_mapping;outdoor_navigation_fusion,"[""robot"", ""env"", ""gas"", ""nav"", ""outdoor""]",2,"[{""query_id"": ""Q03"", ""query_rank"": 26, ""api_score"": 29.443954, ""raw_file"": ""raw_crossref\\Q03_robotic_gas_mapping.json"", ""raw_item_index"": 25}]"
10,10.4314/njt.2025.5256,https://doi.org/10.4314/njt.2025.5256,Robotic and IoT devices and systems for river water quality monitoring and management: A scoping review,R. Stojche; К. Saso,2025,Nigerian Journal of Technology,journal-article,University of Nigeria,44,4,,,0,23,water_quality_monitoring,"[""robotic_environmental_monitoring"", ""water_quality_monitoring"", ""embedded_environmental_sensing""]",True,False,True,metadata_candidate,robotic_environmental_monitoring;water_quality_monitoring;embedded_environmental_sensing,"[""robot"", ""env"", ""water"", ""sensor"", ""embedded"", ""review""]",2,"[{""query_id"": ""Q06"", ""query_rank"": 116, ""api_score"": 21.62288, ""raw_file"": ""raw_crossref\\Q06_robotic_water_quality.json"", ""raw_item_index"": 115}]"
,10.4314/njt.v44i4.9,https://doi.org/10.4314/njt.v44i4.9,Robotic and IoT devices and systems for river water quality monitoring and management: A scoping review,R. Stojche; К. Saso,2025,Nigerian Journal of Technology,journal-article,University of Nigeria,44,4,621-633,,0,23,water_quality_monitoring,"[""robotic_environmental_monitoring"", ""water_quality_monitoring"", ""embedded_environmental_sensing""]",True,False,True,metadata_candidate,robotic_environmental_monitoring;water_quality_monitoring;embedded_environmental_sensing,"[""robot"", ""env"", ""water"", ""sensor"", ""embedded"", ""review""]",2,"[{""query_id"": ""Q06"", ""query_rank"": 157, ""api_score"": 21.093136, ""raw_file"": ""raw_crossref\\Q06_robotic_water_quality.json"", ""raw_item_index"": 156}]"
11,10.51244/ijrsi.2025.12110008,https://doi.org/10.51244/ijrsi.2025.12110008,Review Paper on Advanced Floating Robotic System for Water Quality Monitoring,Mr.Aviraje Bhosale; Ms.Tejashree Sakhale; Ms.Rahi Jadhav; Mr.Nishant Gaikwad; Dr. A. R. Nichal,2025,International Journal of Research and Scientific Innovation,journal-article,RSIS International,12,11,92-99,,0,23,water_quality_monitoring,"[""robotic_environmental_monitoring"", ""water_quality_monitoring"", ""embedded_environmental_sensing""]",True,False,True,metadata_candidate,robotic_environmental_monitoring;water_quality_monitoring;embedded_environmental_sensing,"[""robot"", ""env"", ""water"", ""sensor"", ""review""]",1,"[{""query_id"": ""Q06"", ""query_rank"": 329, ""api_score"": 20.075481, ""raw_file"": ""raw_crossref\\Q06_robotic_water_quality.json"", ""raw_item_index"": 328}]"
12,10.1007/s10514-011-9219-2,https://doi.org/10.1007/s10514-011-9219-2,Odor source localization using a mobile robot in outdoor airflow environments with a particle filter algorithm,Ji-Gong Li; Qing-Hao Meng; Yang Wang; Ming Zeng,2011,Autonomous Robots,journal-article,Springer Science and Business Media LLC,30,3,281-292,,188,23,gas_olfaction_mapping,"[""robotic_environmental_monitoring"", ""gas_olfaction_mapping"", ""outdoor_navigation_fusion""]",False,False,False,metadata_candidate,robotic_environmental_monitoring;gas_olfaction_mapping;outdoor_navigation_fusion,"[""robot"", ""env"", ""gas"", ""nav"", ""outdoor""]",1,"[{""query_id"": ""Q08"", ""query_rank"": 466, ""api_score"": 21.475792, ""raw_file"": ""raw_crossref\\Q08_outdoor_mapping_fusion.json"", ""raw_item_index"": 465}]"
13,10.1109/icsens.2009.5398498,https://doi.org/10.1109/icsens.2009.5398498,Using local wind information for gas distribution mapping in outdoor environments with a mobile robot,Matteo Reggente; Achim J. Lilienthal,2009,2009 IEEE Sensors,proceedings-article,IEEE,,,1715-1720,,37,23,gas_olfaction_mapping,"[""robotic_environmental_monitoring"", ""gas_olfaction_mapping"", ""outdoor_navigation_fusion""]",False,False,False,metadata_candidate,robotic_environmental_monitoring;gas_olfaction_mapping;outdoor_navigation_fusion,"[""robot"", ""env"", ""gas"", ""nav"", ""outdoor""]",1,"[{""query_id"": ""Q03"", ""query_rank"": 101, ""api_score"": 24.371527, ""raw_file"": ""raw_crossref\\Q03_robotic_gas_mapping.json"", ""raw_item_index"": 100}, {""query_id"": ""Q08"", ""query_rank"": 28, ""api_score"": 29.304178, ""raw_file"": ""raw_crossref\\Q08_outdoor_mapping_fusion.json"", ""raw_item_index"": 27}]"
14,10.1109/access.2023.3238470,https://doi.org/10.1109/access.2023.3238470,Integration of Bayesian Inference and Anemotaxis for Robotics Gas Source Localization in a Large Cluttered Outdoor Environment,Yaqub A. Prabowo; Bambang R. Trilaksono; Egi M. I. Hidayat; Brian Yuliarto,2023,IEEE Access,journal-article,Institute of Electrical and Electronics Engineers (IEEE),11,,22705-22713,,16,23,gas_olfaction_mapping,"[""robotic_environmental_monitoring"", ""gas_olfaction_mapping"", ""outdoor_navigation_fusion""]",False,False,False,metadata_candidate,robotic_environmental_monitoring;gas_olfaction_mapping;outdoor_navigation_fusion,"[""robot"", ""env"", ""gas"", ""nav"", ""outdoor""]",1,"[{""query_id"": ""Q03"", ""query_rank"": 331, ""api_score"": 21.855581, ""raw_file"": ""raw_crossref\\Q03_robotic_gas_mapping.json"", ""raw_item_index"": 330}]"
,10.1149/07516.0065ecst,https://doi.org/10.1149/07516.0065ecst,Active Airflow Generation to Assist Robotic Gas Source Localization: Initial Experiments in Outdoor Environment,Ayano Murai; Haruka Matsukura; Ryuichi Takemura; Hiroshi Ishida,2016,ECS Transactions,journal-article,The Electrochemical Society,75,16,65-72,,3,23,gas_olfaction_mapping,"[""robotic_environmental_monitoring"", ""gas_olfaction_mapping"", ""outdoor_navigation_fusion""]",False,False,True,metadata_candidate,robotic_environmental_monitoring;gas_olfaction_mapping;outdoor_navigation_fusion,"[""robot"", ""env"", ""gas"", ""nav"", ""outdoor""]",2,"[{""query_id"": ""Q03"", ""query_rank"": 25, ""api_score"": 29.454554, ""raw_file"": ""raw_crossref\\Q03_robotic_gas_mapping.json"", ""raw_item_index"": 24}]"
15,10.1016/b978-0-323-85769-7.00004-5,https://doi.org/10.1016/b978-0-323-85769-7.00004-5,Mobile robot for air quality monitoring of landfilling sites using Internet of Things,Rajesh Singh; Anita Gehlot; Shaik Vaseem Akram; Prabin Kumar Das; Sushabhan Choudhury,2021,Cognitive Computing for Human-Robot Interaction,book-chapter,Elsevier,,,311-325,,0,23,particulate_air_quality,"[""robotic_environmental_monitoring"", ""particulate_air_quality"", ""embedded_environmental_sensing""]",False,False,False,metadata_candidate,robotic_environmental_monitoring;particulate_air_quality;embedded_environmental_sensing,"[""robot"", ""env"", ""air"", ""sensor"", ""embedded""]",1,"[{""query_id"": ""Q01"", ""query_rank"": 82, ""api_score"": 19.610159, ""raw_file"": ""raw_crossref\\Q01_mobile_robot_environment.json"", ""raw_item_index"": 81}]"
16,10.22533/at.ed.3172115109,https://doi.org/10.22533/at.ed.3172115109,Water Quality Monitoring through Arduino Robotic Sensors,Lorenzo Domarco Silva; Christiane M. Schweitzer; Elerson Gaetti Jardim Júnior,2021,Journal of Engineering Research,journal-article,Atena Editora,1,1,2-24,,0,23,water_quality_monitoring,"[""robotic_environmental_monitoring"", ""water_quality_monitoring"", ""embedded_environmental_sensing""]",False,False,False,metadata_candidate,robotic_environmental_monitoring;water_quality_monitoring;embedded_environmental_sensing,"[""robot"", ""env"", ""water"", ""sensor"", ""embedded""]",1,"[{""query_id"": ""Q06"", ""query_rank"": 61, ""api_score"": 22.965128, ""raw_file"": ""raw_crossref\\Q06_robotic_water_quality.json"", ""raw_item_index"": 60}]"
17,10.1088/1361-6501/ae6298,https://doi.org/10.1088/1361-6501/ae6298,Calibration strategies and measurement frameworks for low-cost particulate matter sensors: a comprehensive review,Zikang Feng; Lina Zheng; Yingshuo Zhu,2026,Measurement Science and Technology,journal-article,IOP Publishing,37,20,202001,,2,22,particulate_air_quality,"[""particulate_air_quality"", ""embedded_environmental_sensing""]",True,False,True,metadata_candidate,particulate_air_quality;embedded_environmental_sensing,"[""env"", ""air"", ""calib"", ""sensor"", ""embedded"", ""review""]",1,"[{""query_id"": ""Q04"", ""query_rank"": 54, ""api_score"": 29.932194, ""raw_file"": ""raw_crossref\\Q04_low_cost_particle_calibration.json"", ""raw_item_index"": 53}]"
18,10.1017/s0263574708004694,https://doi.org/10.1017/s0263574708004694,Gas distribution mapping of multiple odour sources using a mobile robot,Amy Loutfi; Silvia Coradeschi; Achim J. Lilienthal; Javier Gonzalez,2009,Robotica,journal-article,Cambridge University Press (CUP),27,2,311-319,,66,22,gas_olfaction_mapping,"[""robotic_environmental_monitoring"", ""gas_olfaction_mapping"", ""outdoor_navigation_fusion""]",False,False,True,metadata_candidate,robotic_environmental_monitoring;gas_olfaction_mapping;outdoor_navigation_fusion,"[""robot"", ""env"", ""gas"", ""nav""]",1,"[{""query_id"": ""Q03"", ""query_rank"": 255, ""api_score"": 22.53933, ""raw_file"": ""raw_crossref\\Q03_robotic_gas_mapping.json"", ""raw_item_index"": 254}]"
19,10.3390/s21123960,https://doi.org/10.3390/s21123960,Calibration Method for Particulate Matter Low-Cost Sensors Used in Ambient Air Quality Monitoring and Research,Janani Venkatraman Jagatha; André Klausnitzer; Miriam Chacón-Mateos; Bernd Laquai; Evert Nieuwkoop; Peter van der Mark; Ulrich Vogt; Christoph Schneider,2021,Sensors,journal-article,MDPI AG,21,12,3960,,60,22,particulate_air_quality,"[""particulate_air_quality"", ""embedded_environmental_sensing""]",False,False,True,metadata_candidate,particulate_air_quality;embedded_environmental_sensing,"[""env"", ""air"", ""calib"", ""sensor"", ""embedded""]",1,"[{""query_id"": ""Q04"", ""query_rank"": 114, ""api_score"": 27.369225, ""raw_file"": ""raw_crossref\\Q04_low_cost_particle_calibration.json"", ""raw_item_index"": 113}]"
20,10.3390/s21186162,https://doi.org/10.3390/s21186162,Practical Particulate Matter Sensing and Accurate Calibration System Using Low-Cost Commercial Sensors,Hyuntae Cho; Yunju Baek,2021,Sensors,journal-article,MDPI AG,21,18,6162,,16,22,particulate_air_quality,"[""particulate_air_quality"", ""embedded_environmental_sensing""]",False,False,True,metadata_candidate,particulate_air_quality;embedded_environmental_sensing,"[""env"", ""air"", ""calib"", ""sensor"", ""embedded""]",1,"[{""query_id"": ""Q04"", ""query_rank"": 18, ""api_score"": 34.62316, ""raw_file"": ""raw_crossref\\Q04_low_cost_particle_calibration.json"", ""raw_item_index"": 17}]"
21,10.3390/mi14081578,https://doi.org/10.3390/mi14081578,Three-Dimensional Printed Biomimetic Robotic Fish for Dynamic Monitoring of Water Quality in Aquaculture,Xiaojun Chen; Dejin Li; Deyun Mo; Zaifu Cui; Xin Li; Haishan Lian; Manfeng Gong,2023,Micromachines,journal-article,MDPI AG,14,8,1578,,13,22,robotic_sampling,"[""robotic_environmental_monitoring"", ""water_quality_monitoring"", ""robotic_sampling"", ""embedded_environmental_sensing""]",False,False,True,metadata_candidate,robotic_environmental_monitoring;water_quality_monitoring;robotic_sampling;embedded_environmental_sensing,"[""robot"", ""env"", ""water"", ""sensor""]",1,"[{""query_id"": ""Q06"", ""query_rank"": 160, ""api_score"": 21.079634, ""raw_file"": ""raw_crossref\\Q06_robotic_water_quality.json"", ""raw_item_index"": 159}]"
22,10.21175/rad.abstr.book.2026.12.3,https://doi.org/10.21175/rad.abstr.book.2026.12.3,Enhancing low-cost air quality monitoring using LSTM networks for in-field sensor calibration,,2026,Book of Abstracts - RAD 2026 Conference,book-chapter,"RAD Centre, Niš, Serbia",,,,,0,22,particulate_air_quality,"[""particulate_air_quality"", ""embedded_environmental_sensing""]",False,False,True,metadata_candidate,particulate_air_quality;embedded_environmental_sensing,"[""env"", ""air"", ""calib"", ""sensor"", ""embedded""]",1,"[{""query_id"": ""Q04"", ""query_rank"": 118, ""api_score"": 27.286854, ""raw_file"": ""raw_crossref\\Q04_low_cost_particle_calibration.json"", ""raw_item_index"": 117}, {""query_id"": ""Q05"", ""query_rank"": 365, ""api_score"": 21.257545, ""raw_file"": ""raw_crossref\\Q05_gas_sensor_calibration.json"", ""raw_item_index"": 364}]"
23,10.1021/acssensors.4c03293,https://doi.org/10.1021/acssensors.4c03293,"Low-Cost Particulate Matter Mass Sensors: Review of the Status, Challenges, and Opportunities for Single-Instrument and Network Calibration",Jingzhuo Zhang; Li Bai; Na Li; Yu Wang; Yibing Lv; Yaolong Shi; Chao Yang; Chi Xu,2025,ACS Sensors,journal-article,American Chemical Society (ACS),10,5,3207-3221,,7,21,particulate_air_quality,"[""particulate_air_quality"", ""embedded_environmental_sensing""]",True,False,False,metadata_candidate,particulate_air_quality;embedded_environmental_sensing,"[""env"", ""air"", ""calib"", ""sensor"", ""embedded"", ""review""]",1,"[{""query_id"": ""Q04"", ""query_rank"": 139, ""api_score"": 26.291414, ""raw_file"": ""raw_crossref\\Q04_low_cost_particle_calibration.json"", ""raw_item_index"": 138}]"
24,10.1039/d5ay01554e,https://doi.org/10.1039/d5ay01554e,Analytical performance and calibration strategies of low-cost particulate matter sensors for indoor and workplace monitoring—a review,Zikang Feng; Lina Zheng; Dou Liu,2026,Analytical Methods,journal-article,Royal Society of Chemistry (RSC),18,1,39-52,,3,21,particulate_air_quality,"[""particulate_air_quality"", ""embedded_environmental_sensing""]",True,False,True,metadata_candidate,particulate_air_quality;embedded_environmental_sensing,"[""env"", ""air"", ""calib"", ""sensor"", ""embedded"", ""review""]",1,"[{""query_id"": ""Q04"", ""query_rank"": 56, ""api_score"": 29.742523, ""raw_file"": ""raw_crossref\\Q04_low_cost_particle_calibration.json"", ""raw_item_index"": 55}]"
25,10.1016/j.envpol.2016.12.039,https://doi.org/10.1016/j.envpol.2016.12.039,Ambient and laboratory evaluation of a low-cost particulate matter sensor,K.E. Kelly; J. Whitaker; A. Petty; C. Widmer; A. Dybwad; D. Sleeth; R. Martin; A. Butterfield,2017,Environmental Pollution,journal-article,Elsevier BV,221,,491-500,,401,21,particulate_air_quality,"[""particulate_air_quality"", ""embedded_environmental_sensing""]",False,False,False,metadata_candidate,particulate_air_quality;embedded_environmental_sensing,"[""env"", ""air"", ""calib"", ""sensor"", ""embedded""]",1,"[{""query_id"": ""Q04"", ""query_rank"": 94, ""api_score"": 28.000645, ""raw_file"": ""raw_crossref\\Q04_low_cost_particle_calibration.json"", ""raw_item_index"": 93}]"
26,10.1080/02786826.2015.1100710,https://doi.org/10.1080/02786826.2015.1100710,Laboratory Evaluation and Calibration of Three Low-Cost Particle Sensors for Particulate Matter Measurement,Yang Wang; Jiayu Li; He Jing; Qiang Zhang; Jingkun Jiang; Pratim Biswas,2015,Aerosol Science and Technology,journal-article,Informa UK Limited,49,11,1063-1077,,386,21,particulate_air_quality,"[""particulate_air_quality"", ""embedded_environmental_sensing""]",False,False,False,metadata_candidate,particulate_air_quality;embedded_environmental_sensing,"[""env"", ""air"", ""calib"", ""sensor"", ""embedded""]",1,"[{""query_id"": ""Q04"", ""query_rank"": 104, ""api_score"": 27.43793, ""raw_file"": ""raw_crossref\\Q04_low_cost_particle_calibration.json"", ""raw_item_index"": 103}]"
27,10.1016/j.jaerosci.2021.105833,https://doi.org/10.1016/j.jaerosci.2021.105833,From low-cost sensors to high-quality data: A summary of challenges and best practices for effectively calibrating low-cost particulate matter mass sensors,Michael R. Giordano; Carl Malings; Spyros N. Pandis; Albert A. Presto; V.F. McNeill; Daniel M. Westervelt; Matthias Beekmann; R. Subramanian,2021,Journal of Aerosol Science,journal-article,Elsevier BV,158,,105833,105833,343,21,particulate_air_quality,"[""particulate_air_quality"", ""embedded_environmental_sensing""]",False,False,False,metadata_candidate,particulate_air_quality;embedded_environmental_sensing,"[""env"", ""air"", ""calib"", ""sensor"", ""embedded""]",1,"[{""query_id"": ""Q04"", ""query_rank"": 348, ""api_score"": 22.544703, ""raw_file"": ""raw_crossref\\Q04_low_cost_particle_calibration.json"", ""raw_item_index"": 347}]"
28,10.5194/amt-11-4823-2018,https://doi.org/10.5194/amt-11-4823-2018,Field evaluation of low-cost particulate matter sensors in high- and low-concentration environments,Tongshu Zheng; Michael H. Bergin; Karoline K. Johnson; Sachchida N. Tripathi; Shilpa Shirodkar; Matthew S. Landis; Ronak Sutaria; David E. Carlson,2018,Atmospheric Measurement Techniques,journal-article,Copernicus GmbH,11,8,4823-4846,,323,21,particulate_air_quality,"[""particulate_air_quality"", ""embedded_environmental_sensing""]",False,False,True,metadata_candidate,particulate_air_quality;embedded_environmental_sensing,"[""env"", ""air"", ""calib"", ""sensor"", ""embedded""]",2,"[{""query_id"": ""Q04"", ""query_rank"": 435, ""api_score"": 21.910267, ""raw_file"": ""raw_crossref\\Q04_low_cost_particle_calibration.json"", ""raw_item_index"": 434}]"
29,10.1016/j.envpol.2018.11.065,https://doi.org/10.1016/j.envpol.2018.11.065,Long-term field evaluation of the Plantower PMS low-cost particulate matter sensors,T. Sayahi; A. Butterfield; K.E. Kelly,2019,Environmental Pollution,journal-article,Elsevier BV,245,,932-940,,312,21,particulate_air_quality,"[""particulate_air_quality"", ""embedded_environmental_sensing""]",False,False,False,metadata_candidate,particulate_air_quality;embedded_environmental_sensing,"[""env"", ""air"", ""calib"", ""sensor"", ""embedded""]",1,"[{""query_id"": ""Q04"", ""query_rank"": 202, ""api_score"": 24.7299, ""raw_file"": ""raw_crossref\\Q04_low_cost_particle_calibration.json"", ""raw_item_index"": 201}]"
30,10.1021/acs.est.8b05174,https://doi.org/10.1021/acs.est.8b05174,Field and Laboratory Evaluations of the Low-Cost Plantower Particulate Matter Sensor,Misti Levy Zamora; Fulizi Xiong; Drew Gentner; Branko Kerkez; Joseph Kohrman-Glaser; Kirsten Koehler,2018,Environmental Science & Technology,journal-article,American Chemical Society (ACS),53,2,838-849,,201,21,particulate_air_quality,"[""particulate_air_quality"", ""embedded_environmental_sensing""]",False,False,False,metadata_candidate,particulate_air_quality;embedded_environmental_sensing,"[""env"", ""air"", ""calib"", ""sensor"", ""embedded""]",1,"[{""query_id"": ""Q04"", ""query_rank"": 133, ""api_score"": 26.746548, ""raw_file"": ""raw_crossref\\Q04_low_cost_particle_calibration.json"", ""raw_item_index"": 132}]"
31,10.5194/amt-13-2413-2020,https://doi.org/10.5194/amt-13-2413-2020,Laboratory evaluation of particle-size selectivity of optical low-cost particulate matter sensors,Joel Kuula; Timo Mäkelä; Minna Aurela; Kimmo Teinilä; Samu Varjonen; Óscar González; Hilkka Timonen,2020,Atmospheric Measurement Techniques,journal-article,Copernicus GmbH,13,5,2413-2423,,155,21,particulate_air_quality,"[""particulate_air_quality"", ""embedded_environmental_sensing""]",False,False,True,metadata_candidate,particulate_air_quality;embedded_environmental_sensing,"[""env"", ""air"", ""calib"", ""sensor"", ""embedded""]",2,"[{""query_id"": ""Q04"", ""query_rank"": 433, ""api_score"": 21.934155, ""raw_file"": ""raw_crossref\\Q04_low_cost_particle_calibration.json"", ""raw_item_index"": 432}]"
32,10.1016/j.envint.2019.105329,https://doi.org/10.1016/j.envint.2019.105329,Calibration of low-cost particulate matter sensors: Model development for a multi-city epidemiological study,Marina Zusman; Cooper S. Schumacher; Amanda J. Gassett; Elizabeth W. Spalt; Elena Austin; Timothy V. Larson; Graeme Carvlin; Edmund Seto; Joel D. Kaufman; Lianne Sheppard,2020,Environment International,journal-article,Elsevier BV,134,,105329,105329,149,21,particulate_air_quality,"[""particulate_air_quality"", ""embedded_environmental_sensing""]",False,False,False,metadata_candidate,particulate_air_quality;embedded_environmental_sensing,"[""env"", ""air"", ""calib"", ""sensor"", ""embedded""]",1,"[{""query_id"": ""Q04"", ""query_rank"": 149, ""api_score"": 25.756575, ""raw_file"": ""raw_crossref\\Q04_low_cost_particle_calibration.json"", ""raw_item_index"": 148}]"
33,10.1371/journal.pone.0137789,https://doi.org/10.1371/journal.pone.0137789,Laboratory Evaluation of the Shinyei PPD42NS Low-Cost Particulate Matter Sensor,Elena Austin; Igor Novosselov; Edmund Seto; Michael G. Yost,2015,PLOS ONE,journal-article,Public Library of Science (PLoS),10,9,e0137789,,88,21,particulate_air_quality,"[""particulate_air_quality"", ""embedded_environmental_sensing""]",False,False,False,metadata_candidate,particulate_air_quality;embedded_environmental_sensing,"[""env"", ""air"", ""calib"", ""sensor"", ""embedded""]",1,"[{""query_id"": ""Q04"", ""query_rank"": 51, ""api_score"": 30.157524, ""raw_file"": ""raw_crossref\\Q04_low_cost_particle_calibration.json"", ""raw_item_index"": 50}]"
34,10.1007/s42452-019-0630-1,https://doi.org/10.1007/s42452-019-0630-1,Regression methods in the calibration of low-cost sensors for ambient particulate matter measurements,Marek Badura; Piotr Batog; Anetta Drzeniecka-Osiadacz; Piotr Modzel,2019,SN Applied Sciences,journal-article,Springer Science and Business Media LLC,1,6,,622,85,21,particulate_air_quality,"[""particulate_air_quality"", ""embedded_environmental_sensing""]",False,False,False,metadata_candidate,particulate_air_quality;embedded_environmental_sensing,"[""env"", ""air"", ""calib"", ""sensor"", ""embedded""]",1,"[{""query_id"": ""Q04"", ""query_rank"": 57, ""api_score"": 29.739449, ""raw_file"": ""raw_crossref\\Q04_low_cost_particle_calibration.json"", ""raw_item_index"": 56}]"
35,10.1016/j.envpol.2019.113131,https://doi.org/10.1016/j.envpol.2019.113131,Development of a calibration chamber to evaluate the performance of low-cost particulate matter sensors,T. Sayahi; D. Kaufman; T. Becnel; K. Kaur; A.E. Butterfield; S. Collingwood; Y. Zhang; P.-E. Gaillardon; K.E. Kelly,2019,Environmental Pollution,journal-article,Elsevier BV,255,,113131,113131,82,21,particulate_air_quality,"[""particulate_air_quality"", ""embedded_environmental_sensing""]",False,False,False,metadata_candidate,particulate_air_quality;embedded_environmental_sensing,"[""env"", ""air"", ""calib"", ""sensor"", ""embedded""]",1,"[{""query_id"": ""Q04"", ""query_rank"": 111, ""api_score"": 27.387653, ""raw_file"": ""raw_crossref\\Q04_low_cost_particle_calibration.json"", ""raw_item_index"": 110}]"
36,10.5194/acp-18-15403-2018,https://doi.org/10.5194/acp-18-15403-2018,Airborne particulate matter monitoring in Kenya using calibrated low-cost sensors,Francis D. Pope; Michael Gatari; David Ng'ang'a; Alexander Poynter; Rhiannon Blake,2018,Atmospheric Chemistry and Physics,journal-article,Copernicus GmbH,18,20,15403-15418,,82,21,particulate_air_quality,"[""particulate_air_quality"", ""embedded_environmental_sensing""]",False,False,True,metadata_candidate,particulate_air_quality;embedded_environmental_sensing,"[""env"", ""air"", ""calib"", ""sensor"", ""embedded""]",2,"[{""query_id"": ""Q04"", ""query_rank"": 313, ""api_score"": 22.934568, ""raw_file"": ""raw_crossref\\Q04_low_cost_particle_calibration.json"", ""raw_item_index"": 312}]"
37,10.1007/978-3-642-28169-3_15,https://doi.org/10.1007/978-3-642-28169-3_15,On-the-Fly Calibration of Low-Cost Gas Sensors,David Hasenfratz; Olga Saukh; Lothar Thiele,2012,Lecture Notes in Computer Science Wireless Sensor Networks,book-chapter,Springer Berlin Heidelberg,,,228-244,,78,21,gas_sensor_calibration,"[""gas_sensor_calibration"", ""embedded_environmental_sensing""]",False,False,False,metadata_candidate,gas_sensor_calibration;embedded_environmental_sensing,"[""env"", ""gas"", ""calib"", ""sensor"", ""embedded""]",1,"[{""query_id"": ""Q04"", ""query_rank"": 237, ""api_score"": 23.96798, ""raw_file"": ""raw_crossref\\Q04_low_cost_particle_calibration.json"", ""raw_item_index"": 236}]"
38,10.1016/j.scitotenv.2020.141396,https://doi.org/10.1016/j.scitotenv.2020.141396,Low-cost sensors for measuring airborne particulate matter: Field evaluation and calibration at a South-Eastern European site,G. Kosmopoulos; V. Salamalikis; S.N. Pandis; P. Yannopoulos; A.A. Bloutsos; A. Kazantzidis,2020,Science of The Total Environment,journal-article,Elsevier BV,748,,141396,141396,76,21,particulate_air_quality,"[""particulate_air_quality"", ""embedded_environmental_sensing""]",False,False,False,metadata_candidate,particulate_air_quality;embedded_environmental_sensing,"[""env"", ""air"", ""calib"", ""sensor"", ""embedded""]",1,"[{""query_id"": ""Q04"", ""query_rank"": 130, ""api_score"": 26.787792, ""raw_file"": ""raw_crossref\\Q04_low_cost_particle_calibration.json"", ""raw_item_index"": 129}]"
39,10.3390/s20133617,https://doi.org/10.3390/s20133617,Long-Term Evaluation and Calibration of Low-Cost Particulate Matter (PM) Sensor,Hoochang Lee; Jiseock Kang; Sungjung Kim; Yunseok Im; Seungsung Yoo; Dongjun Lee,2020,Sensors,journal-article,MDPI AG,20,13,3617,,51,21,particulate_air_quality,"[""particulate_air_quality"", ""embedded_environmental_sensing""]",False,False,True,metadata_candidate,particulate_air_quality;embedded_environmental_sensing,"[""env"", ""air"", ""calib"", ""sensor"", ""embedded""]",1,"[{""query_id"": ""Q04"", ""query_rank"": 7, ""api_score"": 37.44986, ""raw_file"": ""raw_crossref\\Q04_low_cost_particle_calibration.json"", ""raw_item_index"": 6}]"
40,10.1016/j.measurement.2021.109725,https://doi.org/10.1016/j.measurement.2021.109725,"A Deep Q-Network for robotic odor/gas source localization: Modeling, measurement and comparative study",Xinxing Chen; Chenglong Fu; Jian Huang,2021,Measurement,journal-article,Elsevier BV,183,,109725,109725,46,21,gas_olfaction_mapping,"[""robotic_environmental_monitoring"", ""gas_olfaction_mapping""]",False,False,False,metadata_candidate,robotic_environmental_monitoring;gas_olfaction_mapping,"[""robot"", ""env"", ""gas"", ""sensor"", ""nav""]",1,"[{""query_id"": ""Q03"", ""query_rank"": 12, ""api_score"": 32.175148, ""raw_file"": ""raw_crossref\\Q03_robotic_gas_mapping.json"", ""raw_item_index"": 11}]"
41,10.1109/lra.2021.3057290,https://doi.org/10.1109/lra.2021.3057290,Information-Driven Gas Source Localization Exploiting Gas and Wind Local Measurements for Autonomous Mobile Robots,Pepe Ojeda; Javier Monroy; Javier Gonzalez-Jimenez,2021,IEEE Robotics and Automation Letters,journal-article,Institute of Electrical and Electronics Engineers (IEEE),6,2,1320-1326,,45,21,gas_olfaction_mapping,"[""robotic_environmental_monitoring"", ""gas_olfaction_mapping""]",False,False,False,metadata_candidate,robotic_environmental_monitoring;gas_olfaction_mapping,"[""robot"", ""env"", ""gas"", ""sensor"", ""nav""]",1,"[{""query_id"": ""Q03"", ""query_rank"": 61, ""api_score"": 25.624329, ""raw_file"": ""raw_crossref\\Q03_robotic_gas_mapping.json"", ""raw_item_index"": 60}]"
42,10.1016/j.scitotenv.2023.164063,https://doi.org/10.1016/j.scitotenv.2023.164063,Calibration methodology of low-cost sensors for high-quality monitoring of fine particulate matter,Marie-Laure Aix; Seán Schmitz; Dominique J. Bicout,2023,Science of The Total Environment,journal-article,Elsevier BV,889,,164063,164063,44,21,particulate_air_quality,"[""particulate_air_quality"", ""embedded_environmental_sensing""]",False,False,False,metadata_candidate,particulate_air_quality;embedded_environmental_sensing,"[""env"", ""air"", ""calib"", ""sensor"", ""embedded""]",2,"[{""query_id"": ""Q04"", ""query_rank"": 62, ""api_score"": 29.367456, ""raw_file"": ""raw_crossref\\Q04_low_cost_particle_calibration.json"", ""raw_item_index"": 61}]"
43,10.1016/j.scitotenv.2020.136791,https://doi.org/10.1016/j.scitotenv.2020.136791,The evaluation and optimization of calibration methods for low-cost particulate matter sensors: Inter-comparison between fixed and mobile methods,Xiaoliang Qin; Lujian Hou; Jian Gao; Shuchun Si,2020,Science of The Total Environment,journal-article,Elsevier BV,715,,136791,136791,44,21,particulate_air_quality,"[""particulate_air_quality"", ""embedded_environmental_sensing""]",False,False,False,metadata_candidate,particulate_air_quality;embedded_environmental_sensing,"[""env"", ""air"", ""calib"", ""sensor"", ""embedded""]",1,"[{""query_id"": ""Q04"", ""query_rank"": 106, ""api_score"": 27.42887, ""raw_file"": ""raw_crossref\\Q04_low_cost_particle_calibration.json"", ""raw_item_index"": 105}]"
44,10.3390/s20164381,https://doi.org/10.3390/s20164381,Field Evaluation of Low-Cost Particulate Matter Sensors in Beijing,Han Mei; Pengfei Han; Yinan Wang; Ning Zeng; Di Liu; Qixiang Cai; Zhaoze Deng; Yinghong Wang; Yuepeng Pan; Xiao Tang,2020,Sensors,journal-article,MDPI AG,20,16,4381,,44,21,particulate_air_quality,"[""particulate_air_quality"", ""embedded_environmental_sensing""]",False,False,True,metadata_candidate,particulate_air_quality;embedded_environmental_sensing,"[""env"", ""air"", ""calib"", ""sensor"", ""embedded""]",1,"[{""query_id"": ""Q04"", ""query_rank"": 355, ""api_score"": 22.495459, ""raw_file"": ""raw_crossref\\Q04_low_cost_particle_calibration.json"", ""raw_item_index"": 354}]"
45,10.3390/s18124174,https://doi.org/10.3390/s18124174,A Semantic-Based Gas Source Localization with a Mobile Robot Combining Vision and Chemical Sensing,Javier Monroy; Jose-Raul Ruiz-Sarmiento; Francisco-Angel Moreno; Francisco Melendez-Fernandez; Cipriano Galindo; Javier Gonzalez-Jimenez,2018,Sensors,journal-article,MDPI AG,18,12,4174,,44,21,gas_olfaction_mapping,"[""robotic_environmental_monitoring"", ""gas_olfaction_mapping""]",False,False,True,metadata_candidate,robotic_environmental_monitoring;gas_olfaction_mapping,"[""robot"", ""env"", ""gas"", ""sensor"", ""nav""]",1,"[{""query_id"": ""Q03"", ""query_rank"": 373, ""api_score"": 21.60978, ""raw_file"": ""raw_crossref\\Q03_robotic_gas_mapping.json"", ""raw_item_index"": 372}]"
46,10.1016/j.apr.2021.03.012,https://doi.org/10.1016/j.apr.2021.03.012,A new calibration system for low-cost Sensor Network in air pollution monitoring,Houxin Cui; Ling Zhang; Wanxin Li; Ziyang Yuan; Mengxian Wu; Chunying Wang; Jingjin Ma; Yi Li,2021,Atmospheric Pollution Research,journal-article,Elsevier BV,12,5,101049,101049,40,21,particulate_air_quality,"[""particulate_air_quality"", ""embedded_environmental_sensing""]",False,False,False,metadata_candidate,particulate_air_quality;embedded_environmental_sensing,"[""env"", ""air"", ""calib"", ""sensor"", ""embedded""]",1,"[{""query_id"": ""Q04"", ""query_rank"": 462, ""api_score"": 21.521465, ""raw_file"": ""raw_crossref\\Q04_low_cost_particle_calibration.json"", ""raw_item_index"": 461}]"
47,10.1109/icra.2017.7989450,https://doi.org/10.1109/icra.2017.7989450,Bringing Mobile Robot Olfaction to the next dimension — UAV-based remote sensing of gas clouds and source localization,Patrick P. Neumann; Harald Kohlhoff; Dino Hullmann; Achim J. Lilienthal; Martin Kluge,2017,2017 IEEE International Conference on Robotics and Automation (ICRA),proceedings-article,IEEE,,,3910-3916,,37,21,gas_olfaction_mapping,"[""robotic_environmental_monitoring"", ""gas_olfaction_mapping""]",False,False,False,metadata_candidate,robotic_environmental_monitoring;gas_olfaction_mapping,"[""robot"", ""env"", ""gas"", ""sensor"", ""nav""]",1,"[{""query_id"": ""Q03"", ""query_rank"": 480, ""api_score"": 21.091991, ""raw_file"": ""raw_crossref\\Q03_robotic_gas_mapping.json"", ""raw_item_index"": 479}]"
48,10.3390/atmos13030416,https://doi.org/10.3390/atmos13030416,Learning Calibration Functions on the Fly: Hybrid Batch Online Stacking Ensembles for the Calibration of Low-Cost Air Quality Sensor Networks in the Presence of Concept Drift,Evangelos Bagkis; Theodosios Kassandros; Kostas Karatzas,2022,Atmosphere,journal-article,MDPI AG,13,3,416,,36,21,particulate_air_quality,"[""particulate_air_quality"", ""embedded_environmental_sensing""]",False,False,True,metadata_candidate,particulate_air_quality;embedded_environmental_sensing,"[""env"", ""air"", ""calib"", ""sensor"", ""embedded""]",1,"[{""query_id"": ""Q04"", ""query_rank"": 197, ""api_score"": 24.787167, ""raw_file"": ""raw_crossref\\Q04_low_cost_particle_calibration.json"", ""raw_item_index"": 196}]"
49,10.5194/amt-12-5161-2019,https://doi.org/10.5194/amt-12-5161-2019,Gaussian process regression model for dynamically calibrating and surveilling a wireless low-cost particulate matter sensor network in Delhi,Tongshu Zheng; Michael H. Bergin; Ronak Sutaria; Sachchida N. Tripathi; Robert Caldow; David E. Carlson,2019,Atmospheric Measurement Techniques,journal-article,Copernicus GmbH,12,9,5161-5181,,36,21,particulate_air_quality,"[""particulate_air_quality"", ""embedded_environmental_sensing""]",False,False,True,metadata_candidate,particulate_air_quality;embedded_environmental_sensing,"[""env"", ""air"", ""calib"", ""sensor"", ""embedded""]",1,"[{""query_id"": ""Q04"", ""query_rank"": 155, ""api_score"": 25.576664, ""raw_file"": ""raw_crossref\\Q04_low_cost_particle_calibration.json"", ""raw_item_index"": 154}]"
50,10.1016/j.scitotenv.2022.160336,https://doi.org/10.1016/j.scitotenv.2022.160336,Calibration of low-cost particulate matter sensors for coal dust monitoring,Nana A. Amoah; Guang Xu; Ashish Ranjan Kumar; Yang Wang,2023,Science of The Total Environment,journal-article,Elsevier BV,859,,160336,160336,32,21,particulate_air_quality,"[""particulate_air_quality"", ""embedded_environmental_sensing""]",False,False,False,metadata_candidate,particulate_air_quality;embedded_environmental_sensing,"[""env"", ""air"", ""calib"", ""sensor"", ""embedded""]",2,"[{""query_id"": ""Q04"", ""query_rank"": 58, ""api_score"": 29.662783, ""raw_file"": ""raw_crossref\\Q04_low_cost_particle_calibration.json"", ""raw_item_index"": 57}]"
51,10.1109/icra.2013.6630893,https://doi.org/10.1109/icra.2013.6630893,Towards real-world gas distribution mapping and leak localization using a mobile robot with 3d and remote gas sensing capabilities,Victor Manuel Hernandez Bennetts; Achim J. Lilienthal; Ali Abdul Khaliq; Victor Pomareda Sese; Marco Trincavelli,2013,2013 IEEE International Conference on Robotics and Automation,proceedings-article,IEEE,,,2335-2340,,32,21,gas_olfaction_mapping,"[""robotic_environmental_monitoring"", ""gas_olfaction_mapping""]",False,False,False,metadata_candidate,robotic_environmental_monitoring;gas_olfaction_mapping,"[""robot"", ""env"", ""gas"", ""sensor"", ""nav""]",1,"[{""query_id"": ""Q03"", ""query_rank"": 31, ""api_score"": 29.121449, ""raw_file"": ""raw_crossref\\Q03_robotic_gas_mapping.json"", ""raw_item_index"": 30}]"
52,10.3390/s21237977,https://doi.org/10.3390/s21237977,"Calibration of CO, NO2, and O3 Using Airify: A Low-Cost Sensor Cluster for Air Quality Monitoring",Marian-Emanuel Ionascu; Nuria Castell; Oana Boncalo; Philipp Schneider; Marius Darie; Marius Marcu,2021,Sensors,journal-article,MDPI AG,21,23,7977,,30,21,particulate_air_quality,"[""particulate_air_quality"", ""embedded_environmental_sensing""]",False,False,True,metadata_candidate,particulate_air_quality;embedded_environmental_sensing,"[""env"", ""air"", ""calib"", ""sensor"", ""embedded""]",1,"[{""query_id"": ""Q04"", ""query_rank"": 346, ""api_score"": 22.55555, ""raw_file"": ""raw_crossref\\Q04_low_cost_particle_calibration.json"", ""raw_item_index"": 345}]"
53,10.1016/j.apr.2024.102208,https://doi.org/10.1016/j.apr.2024.102208,"Designing a low-cost wireless sensor network for particulate matter monitoring: Implementation, calibration, and field-test",A. Zafra-Pérez; J. Medina-García; C. Boente; J.A. Gómez-Galán; A. Sánchez de la Campa; J.D. de la Rosa,2024,Atmospheric Pollution Research,journal-article,Elsevier BV,15,9,102208,102208,28,21,particulate_air_quality,"[""particulate_air_quality"", ""embedded_environmental_sensing""]",False,False,False,metadata_candidate,particulate_air_quality;embedded_environmental_sensing,"[""env"", ""air"", ""calib"", ""sensor"", ""embedded""]",1,"[{""query_id"": ""Q04"", ""query_rank"": 40, ""api_score"": 31.216824, ""raw_file"": ""raw_crossref\\Q04_low_cost_particle_calibration.json"", ""raw_item_index"": 39}]"
54,10.1016/j.scitotenv.2024.174089,https://doi.org/10.1016/j.scitotenv.2024.174089,Feasibility of low-cost particulate matter sensors for long-term environmental monitoring: Field evaluation and calibration,Zikang Feng; Lina Zheng; Bilin Ren; Dou Liu; Jing Huang; Ning Xue,2024,Science of The Total Environment,journal-article,Elsevier BV,945,,174089,174089,27,21,particulate_air_quality,"[""particulate_air_quality"", ""embedded_environmental_sensing""]",False,False,False,metadata_candidate,particulate_air_quality;embedded_environmental_sensing,"[""env"", ""air"", ""calib"", ""sensor"", ""embedded""]",1,"[{""query_id"": ""Q04"", ""query_rank"": 108, ""api_score"": 27.41501, ""raw_file"": ""raw_crossref\\Q04_low_cost_particle_calibration.json"", ""raw_item_index"": 107}]"
55,10.1145/3512889,https://doi.org/10.1145/3512889,Evaluation of Low-cost Air Quality Sensor Calibration Models,Kasimir Aula; Eemil Lagerspetz; Petteri Nurmi; Sasu Tarkoma,2022,ACM Transactions on Sensor Networks,journal-article,Association for Computing Machinery (ACM),18,4,1-32,,26,21,particulate_air_quality,"[""particulate_air_quality"", ""embedded_environmental_sensing""]",False,False,True,metadata_candidate,particulate_air_quality;embedded_environmental_sensing,"[""env"", ""air"", ""calib"", ""sensor"", ""embedded""]",1,"[{""query_id"": ""Q04"", ""query_rank"": 174, ""api_score"": 25.241093, ""raw_file"": ""raw_crossref\\Q04_low_cost_particle_calibration.json"", ""raw_item_index"": 173}]"
56,10.3390/s24103023,https://doi.org/10.3390/s24103023,Calibration Methods for Low-Cost Particulate Matter Sensors Considering Seasonal Variability,Jiwoo Kang; Kanghyeok Choi,2024,Sensors,journal-article,MDPI AG,24,10,3023,,24,21,particulate_air_quality,"[""particulate_air_quality"", ""embedded_environmental_sensing""]",False,False,True,metadata_candidate,particulate_air_quality;embedded_environmental_sensing,"[""env"", ""air"", ""calib"", ""sensor"", ""embedded""]",1,"[{""query_id"": ""Q04"", ""query_rank"": 13, ""api_score"": 35.589825, ""raw_file"": ""raw_crossref\\Q04_low_cost_particle_calibration.json"", ""raw_item_index"": 12}]"
57,10.5194/amt-17-6735-2024,https://doi.org/10.5194/amt-17-6735-2024,Calibration of PurpleAir low-cost particulate matter sensors: model development for air quality under high relative humidity conditions,Martine E. Mathieu-Campbell; Chuqi Guo; Andrew P. Grieshop; Jennifer Richmond-Bryant,2024,Atmospheric Measurement Techniques,journal-article,Copernicus GmbH,17,22,6735-6749,,23,21,particulate_air_quality,"[""particulate_air_quality"", ""embedded_environmental_sensing""]",False,False,True,metadata_candidate,particulate_air_quality;embedded_environmental_sensing,"[""env"", ""air"", ""calib"", ""sensor"", ""embedded""]",1,"[{""query_id"": ""Q04"", ""query_rank"": 90, ""api_score"": 28.052813, ""raw_file"": ""raw_crossref\\Q04_low_cost_particle_calibration.json"", ""raw_item_index"": 89}]"
58,10.33050/atm.v7i3.2062,https://doi.org/10.33050/atm.v7i3.2062,Enhancing Machine Learning with Low-Cost P M2.5 Air Quality Sensor Calibration using Image Processing,Untung Rahardja; Qurotul Aini; Danny Manongga; Irwan Sembiring; Yulia Putri Ayu Sanjaya,2023,APTISI Transactions on Management (ATM),journal-article,iLearning Journal Center,7,3,11-19,,23,21,particulate_air_quality,"[""particulate_air_quality"", ""embedded_environmental_sensing""]",False,False,True,metadata_candidate,particulate_air_quality;embedded_environmental_sensing,"[""env"", ""air"", ""calib"", ""sensor"", ""embedded""]",1,"[{""query_id"": ""Q04"", ""query_rank"": 455, ""api_score"": 21.567432, ""raw_file"": ""raw_crossref\\Q04_low_cost_particle_calibration.json"", ""raw_item_index"": 454}]"
59,10.3390/s23073776,https://doi.org/10.3390/s23073776,Smart Multi-Sensor Calibration of Low-Cost Particulate Matter Monitors,Edwin Villanueva; Soledad Espezua; George Castelar; Kyara Diaz; Erick Ingaroca,2023,Sensors,journal-article,MDPI AG,23,7,3776,,23,21,particulate_air_quality,"[""particulate_air_quality"", ""embedded_environmental_sensing""]",False,False,True,metadata_candidate,particulate_air_quality;embedded_environmental_sensing,"[""env"", ""air"", ""calib"", ""sensor"", ""embedded""]",1,"[{""query_id"": ""Q04"", ""query_rank"": 3, ""api_score"": 39.454838, ""raw_file"": ""raw_crossref\\Q04_low_cost_particle_calibration.json"", ""raw_item_index"": 2}]"
60,10.3390/robotics8010019,https://doi.org/10.3390/robotics8010019,Development of a Robotic Airboat for Online Water Quality Monitoring in Lakes,Marcelo Melo; Francisco Mota; Victor Albuquerque; Auzuir Alexandria,2019,Robotics,journal-article,MDPI AG,8,1,19,,22,21,water_quality_monitoring,"[""robotic_environmental_monitoring"", ""water_quality_monitoring"", ""embedded_environmental_sensing""]",False,False,True,metadata_candidate,robotic_environmental_monitoring;water_quality_monitoring;embedded_environmental_sensing,"[""robot"", ""env"", ""water"", ""sensor""]",1,"[{""query_id"": ""Q06"", ""query_rank"": 51, ""api_score"": 23.277214, ""raw_file"": ""raw_crossref\\Q06_robotic_water_quality.json"", ""raw_item_index"": 50}]"
61,10.3390/atmos12101306,https://doi.org/10.3390/atmos12101306,Assessment and Calibration of a Low-Cost PM2.5 Sensor Using Machine Learning (HybridLSTM Neural Network): Feasibility Study to Build an Air Quality Monitoring System,Donggeun Park; Geon-Woo Yoo; Seong-Ho Park; Jong-Hyeon Lee,2021,Atmosphere,journal-article,MDPI AG,12,10,1306,,21,21,particulate_air_quality,"[""particulate_air_quality"", ""embedded_environmental_sensing""]",False,False,True,metadata_candidate,particulate_air_quality;embedded_environmental_sensing,"[""env"", ""air"", ""calib"", ""sensor"", ""embedded""]",1,"[{""query_id"": ""Q04"", ""query_rank"": 463, ""api_score"": 21.51905, ""raw_file"": ""raw_crossref\\Q04_low_cost_particle_calibration.json"", ""raw_item_index"": 462}]"
62,10.1016/j.ecoinf.2024.102568,https://doi.org/10.1016/j.ecoinf.2024.102568,HypeAIR: A novel framework for real-time low-cost sensor calibration for air quality monitoring in smart cities,Chiara Bachechi; Federica Rollo; Laura Po,2024,Ecological Informatics,journal-article,Elsevier BV,81,,102568,102568,20,21,particulate_air_quality,"[""particulate_air_quality"", ""embedded_environmental_sensing""]",False,False,False,metadata_candidate,particulate_air_quality;embedded_environmental_sensing,"[""env"", ""air"", ""calib"", ""sensor"", ""embedded""]",1,"[{""query_id"": ""Q04"", ""query_rank"": 257, ""api_score"": 23.625477, ""raw_file"": ""raw_crossref\\Q04_low_cost_particle_calibration.json"", ""raw_item_index"": 256}]"
63,10.1109/jsen.2023.3233982,https://doi.org/10.1109/jsen.2023.3233982,Modular Air Quality Calibration and Forecasting Method for Low-Cost Sensor Nodes,Yousuf Hashmy; Zill Ullah Khan; Fahad Ilyas; Rehan Hafiz; Usman Younis; Tauseef Tauqeer,2023,IEEE Sensors Journal,journal-article,Institute of Electrical and Electronics Engineers (IEEE),23,4,4193-4203,,20,21,particulate_air_quality,"[""particulate_air_quality"", ""embedded_environmental_sensing""]",False,False,False,metadata_candidate,particulate_air_quality;embedded_environmental_sensing,"[""env"", ""air"", ""calib"", ""sensor"", ""embedded""]",1,"[{""query_id"": ""Q04"", ""query_rank"": 464, ""api_score"": 21.51905, ""raw_file"": ""raw_crossref\\Q04_low_cost_particle_calibration.json"", ""raw_item_index"": 463}]"
64,10.4209/aaqr.230097,https://doi.org/10.4209/aaqr.230097,Calibration of Low-cost Sensors for Measurement of Indoor Particulate Matter Concentrations via Laboratory/Field Evaluation,Doheon Kim; Dongmin Shin; Jungho Hwang,2023,Aerosol and Air Quality Research,journal-article,Springer Science and Business Media LLC,23,8,230097,,17,21,particulate_air_quality,"[""particulate_air_quality"", ""embedded_environmental_sensing""]",False,False,False,metadata_candidate,particulate_air_quality;embedded_environmental_sensing,"[""env"", ""air"", ""calib"", ""sensor"", ""embedded""]",1,"[{""query_id"": ""Q04"", ""query_rank"": 74, ""api_score"": 28.726458, ""raw_file"": ""raw_crossref\\Q04_low_cost_particle_calibration.json"", ""raw_item_index"": 73}]"
65,10.1109/icsens.2009.5398495,https://doi.org/10.1109/icsens.2009.5398495,Estimating gas-source location in outdoor environment using mobile robot equipped with gas sensors and anemometer,Yuichiro Fukazawa; Hiroshi Ishida,2009,2009 IEEE Sensors,proceedings-article,IEEE,,,1721-1724,,17,21,gas_olfaction_mapping,"[""robotic_environmental_monitoring"", ""gas_olfaction_mapping""]",False,False,False,metadata_candidate,robotic_environmental_monitoring;gas_olfaction_mapping,"[""robot"", ""env"", ""gas"", ""sensor"", ""outdoor""]",1,"[{""query_id"": ""Q03"", ""query_rank"": 287, ""api_score"": 22.258657, ""raw_file"": ""raw_crossref\\Q03_robotic_gas_mapping.json"", ""raw_item_index"": 286}, {""query_id"": ""Q08"", ""query_rank"": 318, ""api_score"": 22.636158, ""raw_file"": ""raw_crossref\\Q08_outdoor_mapping_fusion.json"", ""raw_item_index"": 317}]"
66,10.1016/j.measurement.2024.114529,https://doi.org/10.1016/j.measurement.2024.114529,Field calibration of low-cost particulate matter sensors using artificial neural networks and affine response correction,Slawomir Koziel; Anna Pietrenko-Dabrowska; Marek Wojcikowski; Bogdan Pankiewicz,2024,Measurement,journal-article,Elsevier BV,230,,114529,114529,16,21,particulate_air_quality,"[""particulate_air_quality"", ""embedded_environmental_sensing""]",False,False,False,metadata_candidate,particulate_air_quality;embedded_environmental_sensing,"[""env"", ""air"", ""calib"", ""sensor"", ""embedded""]",1,"[{""query_id"": ""Q04"", ""query_rank"": 42, ""api_score"": 31.145908, ""raw_file"": ""raw_crossref\\Q04_low_cost_particle_calibration.json"", ""raw_item_index"": 41}]"
67,10.20944/preprints202109.0130.v1,https://doi.org/10.20944/preprints202109.0130.v1,Assessment and Calibration on Low-cost PM2.5 Sensor using Machin Learning (Hybrid-LSTM Neural Network): Feasibility Study to Build Air Quality Monitoring System,Donggeun Park; Geon-Woo Yoo; Seong-Ho Park; Jong-Hyeon Lee,2021,,posted-content,MDPI AG,,,,,16,21,particulate_air_quality,"[""particulate_air_quality"", ""embedded_environmental_sensing""]",False,False,True,metadata_candidate,particulate_air_quality;embedded_environmental_sensing,"[""env"", ""air"", ""calib"", ""sensor"", ""embedded""]",1,"[{""query_id"": ""Q04"", ""query_rank"": 329, ""api_score"": 22.78641, ""raw_file"": ""raw_crossref\\Q04_low_cost_particle_calibration.json"", ""raw_item_index"": 328}]"
68,10.1109/access.2022.3145945,https://doi.org/10.1109/access.2022.3145945,Stochastic Online Calibration of Low-Cost Gas Sensor Networks With Mobile References,Georgi Tancev; Federico Grasso Toro,2022,IEEE Access,journal-article,Institute of Electrical and Electronics Engineers (IEEE),10,,13901-13910,,14,21,gas_sensor_calibration,"[""gas_sensor_calibration"", ""embedded_environmental_sensing""]",False,False,False,metadata_candidate,gas_sensor_calibration;embedded_environmental_sensing,"[""env"", ""gas"", ""calib"", ""sensor"", ""embedded""]",1,"[{""query_id"": ""Q04"", ""query_rank"": 148, ""api_score"": 25.848442, ""raw_file"": ""raw_crossref\\Q04_low_cost_particle_calibration.json"", ""raw_item_index"": 147}]"
69,10.1063/1.4975258,https://doi.org/10.1063/1.4975258,Cross-sensitivity of metal oxide gas sensor to ambient temperature and humidity: Effects on gas distribution mapping,K. Kamarudin; V. H. Bennetts; S. M. Mamduh; R. Visvanathan; A. S. A. Yeon; A. Y. M. Shakaff; A. Zakaria; A. H. Abdullah; L. M. Kamarudin,2017,AIP Conference Proceedings,proceedings-article,Author(s),1808,,020025,,14,21,gas_olfaction_mapping,"[""gas_olfaction_mapping"", ""gas_sensor_calibration""]",False,False,False,metadata_candidate,gas_olfaction_mapping;gas_sensor_calibration,"[""env"", ""gas"", ""calib"", ""sensor"", ""nav""]",1,"[{""query_id"": ""Q03"", ""query_rank"": 271, ""api_score"": 22.426353, ""raw_file"": ""raw_crossref\\Q03_robotic_gas_mapping.json"", ""raw_item_index"": 270}]"
70,10.5194/amt-17-3303-2024,https://doi.org/10.5194/amt-17-3303-2024,Evaluation of calibration performance of a low-cost particulate matter sensor using collocated and distant NO 2,Kabseok Ko; Seokheon Cho; Ramesh R. Rao,2024,Atmospheric Measurement Techniques,journal-article,Copernicus GmbH,17,10,3303-3322,,13,21,particulate_air_quality,"[""particulate_air_quality"", ""embedded_environmental_sensing""]",False,False,True,metadata_candidate,particulate_air_quality;embedded_environmental_sensing,"[""env"", ""air"", ""calib"", ""sensor"", ""embedded""]",1,"[{""query_id"": ""Q04"", ""query_rank"": 8, ""api_score"": 34.56468, ""raw_file"": ""raw_crossref\\Q04_low_cost_particle_calibration.json"", ""raw_item_index"": 7}]"
71,10.4209/aaqr.230010,https://doi.org/10.4209/aaqr.230010,"Validation of In-field Calibration for Low-Cost Sensors Measuring Ambient Particulate Matter in Kolkata, India",Siddharth Nobell; Arnab Majumdar; Shovon Mukherjee; Sukumar Chakraborty; Sanjoy Chatterjee; Soumitra Bose; Anindita Dutta; Sandhya Sethuraman; Daniel M. Westervelt; Shairik Sengupta; Rakhi Basu; V. Faye McNeill,2023,Aerosol and Air Quality Research,journal-article,Springer Science and Business Media LLC,23,11,230010,,13,21,particulate_air_quality,"[""particulate_air_quality"", ""embedded_environmental_sensing""]",False,False,False,metadata_candidate,particulate_air_quality;embedded_environmental_sensing,"[""env"", ""air"", ""calib"", ""sensor"", ""embedded""]",3,"[{""query_id"": ""Q04"", ""query_rank"": 275, ""api_score"": 23.35263, ""raw_file"": ""raw_crossref\\Q04_low_cost_particle_calibration.json"", ""raw_item_index"": 274}]"
72,10.3390/electronics12010171,https://doi.org/10.3390/electronics12010171,Mobile Robot Gas Source Localization Using SLAM-GDM with a Graphene-Based Gas Sensor,Wan Abdul Syaqur Norzam; Huzein Fahmi Hawari; Kamarulzaman Kamarudin; Zaffry Hadi Mohd Juffry; Nurul Athirah Abu Hussein; Monika Gupta; Abdulnasser Nabil Abdullah,2022,Electronics,journal-article,MDPI AG,12,1,171,,13,21,gas_olfaction_mapping,"[""robotic_environmental_monitoring"", ""gas_olfaction_mapping""]",False,False,True,metadata_candidate,robotic_environmental_monitoring;gas_olfaction_mapping,"[""robot"", ""env"", ""gas"", ""sensor"", ""nav""]",1,"[{""query_id"": ""Q03"", ""query_rank"": 86, ""api_score"": 24.76645, ""raw_file"": ""raw_crossref\\Q03_robotic_gas_mapping.json"", ""raw_item_index"": 85}]"
73,10.5194/amt-2017-260,https://doi.org/10.5194/amt-2017-260,Closing the gap on lower cost air quality monitoring: machine learning calibration models to improve low-cost sensor performance,Naomi Zimmerman; Albert A. Presto; Sriniwasa P. N. Kumar; Jason Gu; Aliaksei Hauryliuk; Ellis S. Robinson; Allen L. Robinson; Ramachandran Subramanian,2017,,posted-content,Copernicus GmbH,,,,,13,21,particulate_air_quality,"[""particulate_air_quality"", ""embedded_environmental_sensing""]",False,False,True,metadata_candidate,particulate_air_quality;embedded_environmental_sensing,"[""env"", ""air"", ""calib"", ""sensor"", ""embedded""]",1,"[{""query_id"": ""Q04"", ""query_rank"": 417, ""api_score"": 22.00426, ""raw_file"": ""raw_crossref\\Q04_low_cost_particle_calibration.json"", ""raw_item_index"": 416}]"
74,10.1016/j.jaerosci.2023.106284,https://doi.org/10.1016/j.jaerosci.2023.106284,Development of a physics-based method for calibration of low-cost particulate matter sensors and comparison with machine learning models,Brijal Prajapati; Vishal Dharaiya; Manoranjan Sahu; Chandra Venkatraman; Pratim Biswas; Kajal Yadav; Delwin Pullokaran; Ramya Sunder Raman; Ruqia Bhat; Tanveer Ahmad Najar; Arshid Jehangir,2024,Journal of Aerosol Science,journal-article,Elsevier BV,175,,106284,106284,12,21,particulate_air_quality,"[""particulate_air_quality"", ""embedded_environmental_sensing""]",False,False,False,metadata_candidate,particulate_air_quality;embedded_environmental_sensing,"[""env"", ""air"", ""calib"", ""sensor"", ""embedded""]",1,"[{""query_id"": ""Q04"", ""query_rank"": 221, ""api_score"": 24.244444, ""raw_file"": ""raw_crossref\\Q04_low_cost_particle_calibration.json"", ""raw_item_index"": 220}]"
75,10.1039/d2ea00124a,https://doi.org/10.1039/d2ea00124a,"Particulate matter in a lockdown home: evaluation, calibration, results and health risk from an IoT enabled low-cost sensor network for residential air quality monitoring",Nicole Cowell; Lee Chapman; William Bloss; Deepchandra Srivastava; Suzanne Bartington; Ajit Singh,2023,Environmental Science: Atmospheres,journal-article,Royal Society of Chemistry (RSC),3,1,65-84,,12,21,particulate_air_quality,"[""particulate_air_quality"", ""embedded_environmental_sensing""]",False,False,True,metadata_candidate,particulate_air_quality;embedded_environmental_sensing,"[""env"", ""air"", ""calib"", ""sensor"", ""embedded""]",1,"[{""query_id"": ""Q04"", ""query_rank"": 45, ""api_score"": 30.609783, ""raw_file"": ""raw_crossref\\Q04_low_cost_particle_calibration.json"", ""raw_item_index"": 44}]"
76,10.3390/atmos14081228,https://doi.org/10.3390/atmos14081228,The Development of a Low-Cost Particulate Matter 2.5 Sensor Calibration Model in Daycare Centers Using Long Short-Term Memory Algorithms,Hyungjin Jeon; Jewan Ryu; Kyoung Min Kim; Junyeong An,2023,Atmosphere,journal-article,MDPI AG,14,8,1228,,12,21,particulate_air_quality,"[""particulate_air_quality"", ""embedded_environmental_sensing""]",False,False,True,metadata_candidate,particulate_air_quality;embedded_environmental_sensing,"[""env"", ""air"", ""calib"", ""sensor"", ""embedded""]",1,"[{""query_id"": ""Q04"", ""query_rank"": 17, ""api_score"": 34.88508, ""raw_file"": ""raw_crossref\\Q04_low_cost_particle_calibration.json"", ""raw_item_index"": 16}]"
77,10.1109/isoen.2017.7968898,https://doi.org/10.1109/isoen.2017.7968898,Exploration and localization of a gas source with MOX gas sensors on a mobile robot — A Gaussian regression bout amplitude approach,Mikel Vuka; Erik Schaffernicht; Michael Schmuker; Victor Hernandez Bennetts; Francesco Amigoni; Achim J. Lilienthal,2017,2017 ISOCS/IEEE International Symposium on Olfaction and Electronic Nose (ISOEN),proceedings-article,IEEE,,,1-3,,12,21,gas_olfaction_mapping,"[""robotic_environmental_monitoring"", ""gas_olfaction_mapping""]",False,False,False,metadata_candidate,robotic_environmental_monitoring;gas_olfaction_mapping,"[""robot"", ""env"", ""gas"", ""sensor"", ""nav""]",1,"[{""query_id"": ""Q03"", ""query_rank"": 124, ""api_score"": 23.8489, ""raw_file"": ""raw_crossref\\Q03_robotic_gas_mapping.json"", ""raw_item_index"": 123}]"
78,10.1109/cenim.2018.8711381,https://doi.org/10.1109/cenim.2018.8711381,Gas Source Localization Using an Olfactory Mobile Robot Equipped With Wind Direction Sensor,Helmy Widyantara; Muhammad Rivai; Djoko Purwanto,2018,"2018 International Conference on Computer Engineering, Network and Intelligent Multimedia (CENIM)",proceedings-article,IEEE,,,66-70,,11,21,gas_olfaction_mapping,"[""robotic_environmental_monitoring"", ""gas_olfaction_mapping""]",False,False,False,metadata_candidate,robotic_environmental_monitoring;gas_olfaction_mapping,"[""robot"", ""env"", ""gas"", ""sensor"", ""nav""]",1,"[{""query_id"": ""Q03"", ""query_rank"": 163, ""api_score"": 23.445143, ""raw_file"": ""raw_crossref\\Q03_robotic_gas_mapping.json"", ""raw_item_index"": 162}]"
79,10.1016/j.apr.2025.102676,https://doi.org/10.1016/j.apr.2025.102676,Field-based calibration and operation of low-cost sensors for particulate matter by linear and nonlinear methods,Chao Mai; Zekai Wang; Lehan Chen; Yuhan Huang; Meng Li; Arezoo Shirazi; Ali Altaee; John L. Zhou,2025,Atmospheric Pollution Research,journal-article,Elsevier BV,16,12,102676,102676,10,21,particulate_air_quality,"[""particulate_air_quality"", ""embedded_environmental_sensing""]",False,False,False,metadata_candidate,particulate_air_quality;embedded_environmental_sensing,"[""env"", ""air"", ""calib"", ""sensor"", ""embedded""]",1,"[{""query_id"": ""Q04"", ""query_rank"": 124, ""api_score"": 26.84517, ""raw_file"": ""raw_crossref\\Q04_low_cost_particle_calibration.json"", ""raw_item_index"": 123}]"
,10.1016/j.atmosenv.2024.120841,https://doi.org/10.1016/j.atmosenv.2024.120841,"Calibration of NO, SO2, and PM using Airify: A low-cost sensor cluster for air quality monitoring",Marian-Emanuel Ionascu; Marius Marcu; Razvan Bogdan; Marius Darie,2024,Atmospheric Environment,journal-article,Elsevier BV,339,,120841,120841,9,21,particulate_air_quality,"[""particulate_air_quality"", ""embedded_environmental_sensing""]",False,False,False,metadata_candidate,particulate_air_quality;embedded_environmental_sensing,"[""env"", ""air"", ""calib"", ""sensor"", ""embedded""]",1,"[{""query_id"": ""Q04"", ""query_rank"": 302, ""api_score"": 23.059654, ""raw_file"": ""raw_crossref\\Q04_low_cost_particle_calibration.json"", ""raw_item_index"": 301}]"
,10.3390/s25051614,https://doi.org/10.3390/s25051614,Calibration of Low-Cost LoRaWAN-Based IoT Air Quality Monitors Using the Super Learner Ensemble: A Case Study for Accurate Particulate Matter Measurement,Gokul Balagopal; Lakitha Wijeratne; John Waczak; Prabuddha Hathurusinghe; Mazhar Iqbal; Daniel Kiv; Adam Aker; Seth Lee; Vardhan Agnihotri; Christopher Simmons; David J. Lary,2025,Sensors,journal-article,MDPI AG,25,5,1614,,8,21,particulate_air_quality,"[""particulate_air_quality"", ""embedded_environmental_sensing""]",False,False,True,metadata_candidate,particulate_air_quality;embedded_environmental_sensing,"[""env"", ""air"", ""calib"", ""sensor"", ""embedded""]",1,"[{""query_id"": ""Q04"", ""query_rank"": 200, ""api_score"": 24.745625, ""raw_file"": ""raw_crossref\\Q04_low_cost_particle_calibration.json"", ""raw_item_index"": 199}]"
,10.1109/jsen.2024.3472291,https://doi.org/10.1109/jsen.2024.3472291,A Dual-Path Deep Learning Model for Low-Cost Air Quality Sensor Calibration,Pang-Chun Liu; Ting-I. Chou; Shih-Wen Chiu; Kea-Tiong Tang,2024,IEEE Sensors Journal,journal-article,Institute of Electrical and Electronics Engineers (IEEE),24,23,39914-39922,,8,21,particulate_air_quality,"[""particulate_air_quality"", ""embedded_environmental_sensing""]",False,False,False,metadata_candidate,particulate_air_quality;embedded_environmental_sensing,"[""env"", ""air"", ""calib"", ""sensor"", ""embedded""]",1,"[{""query_id"": ""Q04"", ""query_rank"": 460, ""api_score"": 21.536003, ""raw_file"": ""raw_crossref\\Q04_low_cost_particle_calibration.json"", ""raw_item_index"": 459}]"
,10.1080/02786826.2023.2288609,https://doi.org/10.1080/02786826.2023.2288609,Evaluation and calibration of low-cost particulate matter sensors for respirable coal mine dust monitoring,Zikang Feng; Lina Zheng; Xuehan Zhang; Jia Liu; Ning Xue; Mengmeng Wang,2023,Aerosol Science and Technology,journal-article,Informa UK Limited,58,2,158-169,,8,21,particulate_air_quality,"[""particulate_air_quality"", ""embedded_environmental_sensing""]",False,False,False,metadata_candidate,particulate_air_quality;embedded_environmental_sensing,"[""env"", ""air"", ""calib"", ""sensor"", ""embedded""]",1,"[{""query_id"": ""Q04"", ""query_rank"": 113, ""api_score"": 27.376085, ""raw_file"": ""raw_crossref\\Q04_low_cost_particle_calibration.json"", ""raw_item_index"": 112}]"
,10.1109/ipsn48710.2020.00-12,https://doi.org/10.1109/ipsn48710.2020.00-12,Poster Abstract: Robust Calibration for Low-Cost Air Quality Sensors using Historical Data,Guodong Li; Xinyu Liu; Zhiyuan Wu; Yue Wang; Lin Zhang,2020,2020 19th ACM/IEEE International Conference on Information Processing in Sensor Networks (IPSN),proceedings-article,IEEE,,,349-350,,8,21,particulate_air_quality,"[""particulate_air_quality"", ""embedded_environmental_sensing""]",False,False,False,metadata_candidate,particulate_air_quality;embedded_environmental_sensing,"[""env"", ""air"", ""calib"", ""sensor"", ""embedded""]",1,"[{""query_id"": ""Q04"", ""query_rank"": 373, ""api_score"": 22.304384, ""raw_file"": ""raw_crossref\\Q04_low_cost_particle_calibration.json"", ""raw_item_index"": 372}]"
,10.5194/amt-2018-111,https://doi.org/10.5194/amt-2018-111,Field evaluation of low-cost particulate matter sensors in high and low concentration environments,Tongshu Zheng; Michael H. Bergin; Karoline K. Johnson; Sachchida N. Tripathi; Shilpa Shirodkar; Matthew S. Landis; Ronak Sutaria; David E. Carlson,2018,,posted-content,Copernicus GmbH,,,,,8,21,particulate_air_quality,"[""particulate_air_quality"", ""embedded_environmental_sensing""]",False,False,True,metadata_candidate,particulate_air_quality;embedded_environmental_sensing,"[""env"", ""air"", ""calib"", ""sensor"", ""embedded""]",2,"[{""query_id"": ""Q04"", ""query_rank"": 284, ""api_score"": 23.211845, ""raw_file"": ""raw_crossref\\Q04_low_cost_particle_calibration.json"", ""raw_item_index"": 283}]"
,10.1109/isoen54820.2022.9789669,https://doi.org/10.1109/isoen54820.2022.9789669,Global calibration models match ad-hoc calibrations field performances in low cost particulate matter sensors,Saverio De Vito; Gerardo D'Elia; Girolamo Di Francia,2022,2022 IEEE International Symposium on Olfaction and Electronic Nose (ISOEN),proceedings-article,IEEE,,,1-4,,7,21,particulate_air_quality,"[""particulate_air_quality"", ""embedded_environmental_sensing""]",False,False,False,metadata_candidate,particulate_air_quality;embedded_environmental_sensing,"[""env"", ""air"", ""calib"", ""sensor"", ""embedded""]",1,"[{""query_id"": ""Q04"", ""query_rank"": 53, ""api_score"": 30.078259, ""raw_file"": ""raw_crossref\\Q04_low_cost_particle_calibration.json"", ""raw_item_index"": 52}]"
,10.1016/j.uclim.2025.102289,https://doi.org/10.1016/j.uclim.2025.102289,In-situ validation of embedded physics-based calibration in low-cost particulate matter sensor for urban air quality monitoring,Zikang Feng; Lina Zheng; Bilin Ren,2025,Urban Climate,journal-article,Elsevier BV,59,,102289,102289,6,21,particulate_air_quality,"[""particulate_air_quality"", ""embedded_environmental_sensing""]",False,False,False,metadata_candidate,particulate_air_quality;embedded_environmental_sensing,"[""env"", ""air"", ""calib"", ""sensor"", ""embedded""]",1,"[{""query_id"": ""Q04"", ""query_rank"": 10, ""api_score"": 36.143276, ""raw_file"": ""raw_crossref\\Q04_low_cost_particle_calibration.json"", ""raw_item_index"": 9}]"
,10.1038/s41612-024-00837-5,https://doi.org/10.1038/s41612-024-00837-5,Field calibration of fine particulate matter low-cost sensors in a highly industrialized semi-arid conurbation,Mariana Villarreal-Marines; Michael Pérez-Rodríguez; Yasmany Mancilla; Gabriela Ortiz; Alberto Mendoza,2024,npj Climate and Atmospheric Science,journal-article,Springer Science and Business Media LLC,7,1,,293,6,21,particulate_air_quality,"[""particulate_air_quality"", ""embedded_environmental_sensing""]",False,False,False,metadata_candidate,particulate_air_quality;embedded_environmental_sensing,"[""env"", ""air"", ""calib"", ""sensor"", ""embedded""]",1,"[{""query_id"": ""Q04"", ""query_rank"": 92, ""api_score"": 28.038927, ""raw_file"": ""raw_crossref\\Q04_low_cost_particle_calibration.json"", ""raw_item_index"": 91}]"
,10.3390/s21175845,https://doi.org/10.3390/s21175845,"New Calibration System for Low-Cost Suspended Particulate Matter Sensors with Controlled Air Speed, Temperature and Humidity",Zenon Nieckarz; Jerzy A. Zoladz,2021,Sensors,journal-article,MDPI AG,21,17,5845,,6,21,particulate_air_quality,"[""particulate_air_quality"", ""embedded_environmental_sensing""]",False,False,True,metadata_candidate,particulate_air_quality;embedded_environmental_sensing,"[""env"", ""air"", ""calib"", ""sensor"", ""embedded""]",1,"[{""query_id"": ""Q04"", ""query_rank"": 32, ""api_score"": 32.393974, ""raw_file"": ""raw_crossref\\Q04_low_cost_particle_calibration.json"", ""raw_item_index"": 31}]"
,10.1038/s41598-025-02069-w,https://doi.org/10.1038/s41598-025-02069-w,"Efficient field correction of low-cost particulate matter sensors using machine learning, mixed multiplicative/additive scaling and extended calibration inputs",Slawomir Koziel; Anna Pietrenko-Dabrowska; Marek Wojcikowski; Bogdan Pankiewicz,2025,Scientific Reports,journal-article,Springer Science and Business Media LLC,15,1,,18573,5,21,particulate_air_quality,"[""particulate_air_quality"", ""embedded_environmental_sensing""]",False,False,True,metadata_candidate,particulate_air_quality;embedded_environmental_sensing,"[""env"", ""air"", ""calib"", ""sensor"", ""embedded""]",1,"[{""query_id"": ""Q04"", ""query_rank"": 60, ""api_score"": 29.383118, ""raw_file"": ""raw_crossref\\Q04_low_cost_particle_calibration.json"", ""raw_item_index"": 59}]"
,10.1088/1742-6596/2942/1/012042,https://doi.org/10.1088/1742-6596/2942/1/012042,Calibration of a Low-Cost Particulate Matter Sensor Using the Decay Method,Casmika Saputra; Muhammad Nur Faqiih; Asthari Fachsya Thalia; Imel Aprilyana Safari; Rahmat Awaludin Salam,2025,Journal of Physics: Conference Series,journal-article,IOP Publishing,2942,1,012042,,5,21,particulate_air_quality,"[""particulate_air_quality"", ""embedded_environmental_sensing""]",False,False,True,metadata_candidate,particulate_air_quality;embedded_environmental_sensing,"[""env"", ""air"", ""calib"", ""sensor"", ""embedded""]",1,"[{""query_id"": ""Q04"", ""query_rank"": 30, ""api_score"": 32.614376, ""raw_file"": ""raw_crossref\\Q04_low_cost_particle_calibration.json"", ""raw_item_index"": 29}]"
,10.1109/sbesc56799.2022.9964983,https://doi.org/10.1109/sbesc56799.2022.9964983,A Machine Learning-Based Approach to Calibrate Low-Cost Particulate Matter Sensors,Andre F. Pastorio; Fabio A. Spanhol; Leila D. Martins; Edson T. de Camargo,2022,2022 XII Brazilian Symposium on Computing Systems Engineering (SBESC),proceedings-article,IEEE,,,1-8,,5,21,particulate_air_quality,"[""particulate_air_quality"", ""embedded_environmental_sensing""]",False,False,False,metadata_candidate,particulate_air_quality;embedded_environmental_sensing,"[""env"", ""air"", ""calib"", ""sensor"", ""embedded""]",1,"[{""query_id"": ""Q04"", ""query_rank"": 334, ""api_score"": 22.714527, ""raw_file"": ""raw_crossref\\Q04_low_cost_particle_calibration.json"", ""raw_item_index"": 333}]"
,10.11648/j.ijema.20130101.12,https://doi.org/10.11648/j.ijema.20130101.12,Development and Calibration of A Particulate Matter Measurement Device with Wireless Sensor Network Function,Duckshin Park,2013,International Journal of Environmental Monitoring and Analysis,journal-article,Science Publishing Group,1,1,15,,5,21,particulate_air_quality,"[""particulate_air_quality"", ""embedded_environmental_sensing""]",False,False,False,metadata_candidate,particulate_air_quality;embedded_environmental_sensing,"[""env"", ""air"", ""calib"", ""sensor"", ""embedded""]",1,"[{""query_id"": ""Q04"", ""query_rank"": 122, ""api_score"": 26.941223, ""raw_file"": ""raw_crossref\\Q04_low_cost_particle_calibration.json"", ""raw_item_index"": 121}, {""query_id"": ""Q05"", ""query_rank"": 111, ""api_score"": 23.581747, ""raw_file"": ""raw_crossref\\Q05_gas_sensor_calibration.json"", ""raw_item_index"": 110}]"
,10.1016/j.buildenv.2025.113856,https://doi.org/10.1016/j.buildenv.2025.113856,A calibration chamber framework for low-cost indoor air quality sensor validation,Hanin Othman; Guilherme Sieves; Tamy Guimarães; Rahman Azari,2026,Building and Environment,journal-article,Elsevier BV,287,,113856,113856,4,21,particulate_air_quality,"[""particulate_air_quality"", ""embedded_environmental_sensing""]",False,False,False,metadata_candidate,particulate_air_quality;embedded_environmental_sensing,"[""env"", ""air"", ""calib"", ""sensor"", ""embedded""]",1,"[{""query_id"": ""Q04"", ""query_rank"": 218, ""api_score"": 24.282988, ""raw_file"": ""raw_crossref\\Q04_low_cost_particle_calibration.json"", ""raw_item_index"": 217}]"
80,10.3390/su16219499,https://doi.org/10.3390/su16219499,AI-Aided Robotic Wide-Range Water Quality Monitoring System,Ameen Awwad; Ghaleb A. Husseini; Lutfi Albasha,2024,Sustainability,journal-article,MDPI AG,16,21,9499,,4,21,robotic_sampling,"[""robotic_environmental_monitoring"", ""water_quality_monitoring"", ""robotic_sampling""]",False,False,True,metadata_candidate,robotic_environmental_monitoring;water_quality_monitoring;robotic_sampling,"[""robot"", ""env"", ""water"", ""sensor""]",1,"[{""query_id"": ""Q06"", ""query_rank"": 33, ""api_score"": 24.562092, ""raw_file"": ""raw_crossref\\Q06_robotic_water_quality.json"", ""raw_item_index"": 32}]"
,10.5194/acp-2018-327,https://doi.org/10.5194/acp-2018-327,Airborne particulate matter monitoring in Kenya using calibrated low cost sensors,Francis D. Pope; Michael Gatari; David Ng’ang’a; Alexander Poynter; Rhiannon Blake,2018,,posted-content,Copernicus GmbH,,,,,4,21,particulate_air_quality,"[""particulate_air_quality"", ""embedded_environmental_sensing""]",False,False,True,metadata_candidate,particulate_air_quality;embedded_environmental_sensing,"[""env"", ""air"", ""calib"", ""sensor"", ""embedded""]",2,"[{""query_id"": ""Q04"", ""query_rank"": 227, ""api_score"": 24.179203, ""raw_file"": ""raw_crossref\\Q04_low_cost_particle_calibration.json"", ""raw_item_index"": 226}]"
,10.1016/j.envint.2025.109981,https://doi.org/10.1016/j.envint.2025.109981,An integrated low-cost air quality sensor and a multi-task calibration framework for particulate matter,Fang Nan; Huanfeng Shen; Chao Zeng,2026,Environment International,journal-article,Elsevier BV,207,,109981,109981,3,21,particulate_air_quality,"[""particulate_air_quality"", ""embedded_environmental_sensing""]",False,False,False,metadata_candidate,particulate_air_quality;embedded_environmental_sensing,"[""env"", ""air"", ""calib"", ""sensor"", ""embedded""]",1,"[{""query_id"": ""Q04"", ""query_rank"": 6, ""api_score"": 37.51746, ""raw_file"": ""raw_crossref\\Q04_low_cost_particle_calibration.json"", ""raw_item_index"": 5}]"
,10.5194/amt-2019-422,https://doi.org/10.5194/amt-2019-422,Laboratory evaluation of particle size-selectivity of optical low-cost particulate matter sensors,Joel Kuula; Timo Mäkelä; Minna Aurela; Kimmo Teinilä; Samu Varjonen; Oscar Gonzales; Hilkka Timonen,2019,,posted-content,Copernicus GmbH,,,,,3,21,particulate_air_quality,"[""particulate_air_quality"", ""embedded_environmental_sensing""]",False,False,True,metadata_candidate,particulate_air_quality;embedded_environmental_sensing,"[""env"", ""air"", ""calib"", ""sensor"", ""embedded""]",2,"[{""query_id"": ""Q04"", ""query_rank"": 261, ""api_score"": 23.544762, ""raw_file"": ""raw_crossref\\Q04_low_cost_particle_calibration.json"", ""raw_item_index"": 260}]"
,10.3390/s26082398,https://doi.org/10.3390/s26082398,AQ-MultiCal: An Interactive No-Code Machine Learning Platform for Low-Cost Air Quality Sensor Calibration and Comparative Model Analysis,Mehmet Taştan; Eren Cihan Karsu Asal; Hayrettin Gökozan,2026,Sensors,journal-article,MDPI AG,26,8,2398,,2,21,particulate_air_quality,"[""particulate_air_quality"", ""embedded_environmental_sensing""]",False,False,True,metadata_candidate,particulate_air_quality;embedded_environmental_sensing,"[""env"", ""air"", ""calib"", ""sensor"", ""embedded""]",1,"[{""query_id"": ""Q04"", ""query_rank"": 299, ""api_score"": 23.063293, ""raw_file"": ""raw_crossref\\Q04_low_cost_particle_calibration.json"", ""raw_item_index"": 298}]"
,10.1109/jsen.2024.3366436,https://doi.org/10.1109/jsen.2024.3366436,Calibration and Evaluation of a Low-Cost Optical Particulate Matter Sensor for Measurement of Lofted Lunar Dust,Abhay Vidwans; Jeffrey Gillis-Davis; Pratim Biswas,2024,IEEE Sensors Journal,journal-article,Institute of Electrical and Electronics Engineers (IEEE),24,8,12472-12480,,2,21,particulate_air_quality,"[""particulate_air_quality"", ""embedded_environmental_sensing""]",False,False,False,metadata_candidate,particulate_air_quality;embedded_environmental_sensing,"[""env"", ""air"", ""calib"", ""sensor"", ""embedded""]",1,"[{""query_id"": ""Q04"", ""query_rank"": 20, ""api_score"": 34.13437, ""raw_file"": ""raw_crossref\\Q04_low_cost_particle_calibration.json"", ""raw_item_index"": 19}]"
,10.5194/egusphere-2024-1142,https://doi.org/10.5194/egusphere-2024-1142,Calibration of Low-Cost Particulate Matter Sensors PurpleAir: Model Development for Air Quality under High Relative Humidity Conditions,Martine E. Mathieu-Campbell; Chuqi Guo; Andrew P. Grieshop; Jennifer Richmond-Bryant,2024,,posted-content,Copernicus GmbH,,,,,2,21,particulate_air_quality,"[""particulate_air_quality"", ""embedded_environmental_sensing""]",False,False,True,metadata_candidate,particulate_air_quality;embedded_environmental_sensing,"[""env"", ""air"", ""calib"", ""sensor"", ""embedded""]",1,"[{""query_id"": ""Q04"", ""query_rank"": 61, ""api_score"": 29.379385, ""raw_file"": ""raw_crossref\\Q04_low_cost_particle_calibration.json"", ""raw_item_index"": 60}]"
81,10.1109/icicict46008.2019.8993292,https://doi.org/10.1109/icicict46008.2019.8993292,Autonomous Navigation of an Unmanned Ground Vehicle for Soil Pollution Monitoring,K P Akhil; Gayathri Manikutty; Rahul Ravindran; Bhavani Rao R,2019,"2019 2nd International Conference on Intelligent Computing, Instrumentation and Control Technologies (ICICICT)",proceedings-article,IEEE,,,1563-1567,,2,21,outdoor_navigation_fusion,"[""robotic_environmental_monitoring"", ""outdoor_navigation_fusion""]",False,False,False,metadata_candidate,robotic_environmental_monitoring;outdoor_navigation_fusion,"[""robot"", ""env"", ""sensor"", ""nav"", ""outdoor""]",1,"[{""query_id"": ""Q02"", ""query_rank"": 105, ""api_score"": 25.481354, ""raw_file"": ""raw_crossref\\Q02_ground_rover_air_quality.json"", ""raw_item_index"": 104}]"
,10.1007/s11869-025-01852-y,https://doi.org/10.1007/s11869-025-01852-y,Study on calibration of low-cost particulate matter sensors for hydrophilic and hydrophobic particles under varying relative humidity,Deepali Agrawal; Anil Kumar Saini; Aakash C. Rai; Prateek Kala,2025,"Air Quality, Atmosphere & Health",journal-article,Springer Science and Business Media LLC,18,12,3867-3884,,1,21,particulate_air_quality,"[""particulate_air_quality"", ""embedded_environmental_sensing""]",False,False,False,metadata_candidate,particulate_air_quality;embedded_environmental_sensing,"[""env"", ""air"", ""calib"", ""sensor"", ""embedded""]",1,"[{""query_id"": ""Q04"", ""query_rank"": 128, ""api_score"": 26.813473, ""raw_file"": ""raw_crossref\\Q04_low_cost_particle_calibration.json"", ""raw_item_index"": 127}]"
,10.1016/j.dibe.2025.100762,https://doi.org/10.1016/j.dibe.2025.100762,Cost-effective indoor air quality monitoring in schools: in-field calibration of PM low-cost sensor,J.P. Sá; H. Chojer; P.T.B.S. Branco; M.C.M. Alvim-Ferraz; F.G. Martins; S.I.V. Sousa,2025,Developments in the Built Environment,journal-article,Elsevier BV,24,,100762,100762,1,21,particulate_air_quality,"[""particulate_air_quality"", ""embedded_environmental_sensing""]",False,False,False,metadata_candidate,particulate_air_quality;embedded_environmental_sensing,"[""env"", ""air"", ""calib"", ""sensor"", ""embedded""]",1,"[{""query_id"": ""Q04"", ""query_rank"": 280, ""api_score"": 23.265974, ""raw_file"": ""raw_crossref\\Q04_low_cost_particle_calibration.json"", ""raw_item_index"": 279}]"
82,10.1109/icassp49660.2025.10888054,https://doi.org/10.1109/icassp49660.2025.10888054,Enhancing Network Calibration for Low-Cost Gas Sensor Networks Through Adaptive Similarity Search,Cheng Yang; Saikat Chatterjee; Tobias J. Oechtering,2025,"ICASSP 2025 - 2025 IEEE International Conference on Acoustics, Speech and Signal Processing (ICASSP)",proceedings-article,IEEE,,,1-5,,1,21,gas_sensor_calibration,"[""gas_sensor_calibration"", ""embedded_environmental_sensing""]",False,False,False,metadata_candidate,gas_sensor_calibration;embedded_environmental_sensing,"[""env"", ""gas"", ""calib"", ""sensor"", ""embedded""]",1,"[{""query_id"": ""Q04"", ""query_rank"": 301, ""api_score"": 23.061338, ""raw_file"": ""raw_crossref\\Q04_low_cost_particle_calibration.json"", ""raw_item_index"": 300}]"
,10.3390/s25226995,https://doi.org/10.3390/s25226995,Visibility-Based Calibration of Low-Cost Particulate Matter Sensors: Laboratory Evaluation and Theoretical Analysis,Ayala Ronen,2025,Sensors,journal-article,MDPI AG,25,22,6995,,1,21,particulate_air_quality,"[""particulate_air_quality"", ""embedded_environmental_sensing""]",False,False,True,metadata_candidate,particulate_air_quality;embedded_environmental_sensing,"[""env"", ""air"", ""calib"", ""sensor"", ""embedded""]",1,"[{""query_id"": ""Q04"", ""query_rank"": 15, ""api_score"": 35.104076, ""raw_file"": ""raw_crossref\\Q04_low_cost_particle_calibration.json"", ""raw_item_index"": 14}]"
,10.2139/ssrn.4729164,https://doi.org/10.2139/ssrn.4729164,Field Calibration and Analysis of a Municpal Low-Cost Air Quality Sensor Network,Robert Blaga,2024,,posted-content,Elsevier BV,,,,,1,21,particulate_air_quality,"[""particulate_air_quality"", ""embedded_environmental_sensing""]",False,False,False,metadata_candidate,particulate_air_quality;embedded_environmental_sensing,"[""env"", ""air"", ""calib"", ""sensor"", ""embedded""]",1,"[{""query_id"": ""Q04"", ""query_rank"": 55, ""api_score"": 29.772892, ""raw_file"": ""raw_crossref\\Q04_low_cost_particle_calibration.json"", ""raw_item_index"": 54}]"
,10.1007/978-981-99-5834-4_20,https://doi.org/10.1007/978-981-99-5834-4_20,Accurate Lightweight Calibration Methods for Mobile Low-Cost Particulate Matter Sensors,Per-Martin Jørstad; Marek Wojcikowski; Tuan-Vu Cao; Jean-Marie Lepioufle; Krystian Wojtkiewicz; Phuong Hoai Ha,2023,Lecture Notes in Computer Science Intelligent Information and Database Systems,book-chapter,Springer Nature Singapore,,,248-260,,1,21,particulate_air_quality,"[""particulate_air_quality"", ""embedded_environmental_sensing""]",False,False,False,metadata_candidate,particulate_air_quality;embedded_environmental_sensing,"[""env"", ""air"", ""calib"", ""sensor"", ""embedded""]",1,"[{""query_id"": ""Q04"", ""query_rank"": 274, ""api_score"": 23.356894, ""raw_file"": ""raw_crossref\\Q04_low_cost_particle_calibration.json"", ""raw_item_index"": 273}]"
,10.1109/ssd58187.2023.10411311,https://doi.org/10.1109/ssd58187.2023.10411311,A calibration methodology of low-cost air pollutant sensor calibration using neural networks,A. Souani; A. Hucher; V. Vigneron; H. Maaref,2023,"2023 20th International Multi-Conference on Systems, Signals & Devices (SSD)",proceedings-article,IEEE,,,229-235,,1,21,particulate_air_quality,"[""particulate_air_quality"", ""embedded_environmental_sensing""]",False,False,False,metadata_candidate,particulate_air_quality;embedded_environmental_sensing,"[""env"", ""air"", ""calib"", ""sensor"", ""embedded""]",1,"[{""query_id"": ""Q04"", ""query_rank"": 144, ""api_score"": 26.077648, ""raw_file"": ""raw_crossref\\Q04_low_cost_particle_calibration.json"", ""raw_item_index"": 143}]"
,10.5194/egusphere-2023-1344-supplement,https://doi.org/10.5194/egusphere-2023-1344-supplement,"Supplementary material to ""Evaluation of Calibration Performance of a Low-cost Particulate Matter Sensor Using Colocated and Distant NO 2 """,Kabseok Ko; Seokheon Cho; Ramesh R. Rao,2023,,posted-content,Copernicus GmbH,,,,,1,21,particulate_air_quality,"[""particulate_air_quality"", ""embedded_environmental_sensing""]",False,False,False,metadata_candidate,particulate_air_quality;embedded_environmental_sensing,"[""env"", ""air"", ""calib"", ""sensor"", ""embedded""]",1,"[{""query_id"": ""Q04"", ""query_rank"": 21, ""api_score"": 34.113586, ""raw_file"": ""raw_crossref\\Q04_low_cost_particle_calibration.json"", ""raw_item_index"": 20}]"
,10.5626/ktcp.2023.29.5.240,https://doi.org/10.5626/ktcp.2023.29.5.240,A Calibration Model for Improving the Performance of Low-Cost Fine-Dust Sensors for Measuring Indoor Particulate Matter,Seokho Ahn; SeungJoo Lee; Euijong Lee; Young-Duk Seo,2023,KIISE Transactions on Computing Practices,journal-article,Korean Institute of Information Scientists and Engineers,29,5,240-250,,1,21,particulate_air_quality,"[""particulate_air_quality"", ""embedded_environmental_sensing""]",False,False,False,metadata_candidate,particulate_air_quality;embedded_environmental_sensing,"[""env"", ""air"", ""calib"", ""sensor"", ""embedded""]",1,"[{""query_id"": ""Q04"", ""query_rank"": 175, ""api_score"": 25.224249, ""raw_file"": ""raw_crossref\\Q04_low_cost_particle_calibration.json"", ""raw_item_index"": 174}]"
,10.1109/isoen54820.2022.9789652,https://doi.org/10.1109/isoen54820.2022.9789652,Experimental Analysis of the Impact of Sensor Response Time on Robotic Gas Source Localization,Pepe Ojeda; Javier Monroy; Javier Gonzalez-Jimenez,2022,2022 IEEE International Symposium on Olfaction and Electronic Nose (ISOEN),proceedings-article,IEEE,,,1-3,,1,21,gas_olfaction_mapping,"[""robotic_environmental_monitoring"", ""gas_olfaction_mapping""]",False,False,False,metadata_candidate,robotic_environmental_monitoring;gas_olfaction_mapping,"[""robot"", ""env"", ""gas"", ""sensor"", ""nav""]",1,"[{""query_id"": ""Q03"", ""query_rank"": 21, ""api_score"": 30.175907, ""raw_file"": ""raw_crossref\\Q03_robotic_gas_mapping.json"", ""raw_item_index"": 20}]"
,10.1145/3560905.3568099,https://doi.org/10.1145/3560905.3568099,Multi-Task Learning Based Blind Calibration for Low-Cost Air Quality Sensor Deployments,Guodong Li; Zhiyuan Wu; Xinyu Liu; Yue Wang; Lin Zhang,2022,Proceedings of the 20th ACM Conference on Embedded Networked Sensor Systems,proceedings-article,ACM,,,833-834,,1,21,particulate_air_quality,"[""particulate_air_quality"", ""embedded_environmental_sensing""]",False,False,False,metadata_candidate,particulate_air_quality;embedded_environmental_sensing,"[""env"", ""air"", ""calib"", ""sensor"", ""embedded""]",1,"[{""query_id"": ""Q04"", ""query_rank"": 198, ""api_score"": 24.77752, ""raw_file"": ""raw_crossref\\Q04_low_cost_particle_calibration.json"", ""raw_item_index"": 197}]"
,10.5194/amt-2019-55,https://doi.org/10.5194/amt-2019-55,Gaussian Process regression model for dynamically calibrating a wireless low-cost particulate matter sensor network in Delhi,Tongshu Zheng; Michael H. Bergin; Ronak Sutaria; Sachchida N. Tripathi; Robert Caldow; David E. Carlson,2019,,posted-content,Copernicus GmbH,,,,,1,21,particulate_air_quality,"[""particulate_air_quality"", ""embedded_environmental_sensing""]",False,False,True,metadata_candidate,particulate_air_quality;embedded_environmental_sensing,"[""env"", ""air"", ""calib"", ""sensor"", ""embedded""]",1,"[{""query_id"": ""Q04"", ""query_rank"": 136, ""api_score"": 26.695591, ""raw_file"": ""raw_crossref\\Q04_low_cost_particle_calibration.json"", ""raw_item_index"": 135}]"
,10.5194/acp-2018-327-supplement,https://doi.org/10.5194/acp-2018-327-supplement,"Supplementary material to ""Airborne particulate matter monitoring in Kenya using calibrated low cost sensors""",Francis D. Pope; Michael Gatari; David Ng’ang’a; Alexander Poynter; Rhiannon Blake,2018,,posted-content,Copernicus GmbH,,,,,1,21,particulate_air_quality,"[""particulate_air_quality"", ""embedded_environmental_sensing""]",False,False,False,metadata_candidate,particulate_air_quality;embedded_environmental_sensing,"[""env"", ""air"", ""calib"", ""sensor"", ""embedded""]",1,"[{""query_id"": ""Q04"", ""query_rank"": 363, ""api_score"": 22.421532, ""raw_file"": ""raw_crossref\\Q04_low_cost_particle_calibration.json"", ""raw_item_index"": 362}]"
,10.1007/s10661-026-15623-4,https://doi.org/10.1007/s10661-026-15623-4,Enhancing low-cost PM2.5 air quality monitoring sensors through sensor calibration using regression and echo-state network models,Mahesh Senarathna; Gimhan Attanayake; Michael H. Bergin; Prakash V. Bhave; Meththika Vithanage; Nalin Harischandra; Gayan Bowatte,2026,Environmental Monitoring and Assessment,journal-article,Springer Science and Business Media LLC,198,7,,786,0,21,particulate_air_quality,"[""particulate_air_quality"", ""embedded_environmental_sensing""]",False,False,False,metadata_candidate,particulate_air_quality;embedded_environmental_sensing,"[""env"", ""air"", ""calib"", ""sensor"", ""embedded""]",1,"[{""query_id"": ""Q05"", ""query_rank"": 275, ""api_score"": 21.862253, ""raw_file"": ""raw_crossref\\Q05_gas_sensor_calibration.json"", ""raw_item_index"": 274}]"
,10.1007/s40201-026-00986-0,https://doi.org/10.1007/s40201-026-00986-0,Long-term performance evaluation and seasonal field calibration of a low-cost particulate matter sensor,Farzaneh Gharibzadeh; Mohammad Sadegh Hassanvand; Ramin Nabizadeh; Kazem Naddafi; Masud Yunesian,2026,Journal of Environmental Health Science and Engineering,journal-article,Springer Science and Business Media LLC,24,2,,26,0,21,particulate_air_quality,"[""particulate_air_quality"", ""embedded_environmental_sensing""]",False,False,False,metadata_candidate,particulate_air_quality;embedded_environmental_sensing,"[""env"", ""air"", ""calib"", ""sensor"", ""embedded""]",1,"[{""query_id"": ""Q04"", ""query_rank"": 25, ""api_score"": 33.359447, ""raw_file"": ""raw_crossref\\Q04_low_cost_particle_calibration.json"", ""raw_item_index"": 24}]"
,10.1016/j.atmosenv.2026.122358,https://doi.org/10.1016/j.atmosenv.2026.122358,Interpretable Intelligent Calibration of Low-Cost Sensors of Fine Particulate Matters via a Mixture of Affine Experts (MoAE) Framework,Zekai Wang; Chao Mai; Jianing Chen; Yuhao Chen; Zhiyuan Wen; Meng Li; Upma Dutt; Wengui Li; John Zhou; Yuhan Huang,2026,Atmospheric Environment,journal-article,Elsevier BV,,,122358,122358,0,21,particulate_air_quality,"[""particulate_air_quality"", ""embedded_environmental_sensing""]",False,False,False,metadata_candidate,particulate_air_quality;embedded_environmental_sensing,"[""env"", ""air"", ""calib"", ""sensor"", ""embedded""]",1,"[{""query_id"": ""Q04"", ""query_rank"": 430, ""api_score"": 21.944193, ""raw_file"": ""raw_crossref\\Q04_low_cost_particle_calibration.json"", ""raw_item_index"": 429}]"
,10.1109/iccc71363.2026.11593205,https://doi.org/10.1109/iccc71363.2026.11593205,Calibration of a PMS7003 Low-Cost Particulate Matter Sensor Using Linear Regression and Neural Network Methods,Márton L. Kiss,2026,2026 27th International Carpathian Control Conference (ICCC),proceedings-article,IEEE,,,270-273,,0,21,particulate_air_quality,"[""particulate_air_quality"", ""embedded_environmental_sensing""]",False,False,False,metadata_candidate,particulate_air_quality;embedded_environmental_sensing,"[""env"", ""air"", ""calib"", ""sensor"", ""embedded""]",1,"[{""query_id"": ""Q04"", ""query_rank"": 5, ""api_score"": 38.960606, ""raw_file"": ""raw_crossref\\Q04_low_cost_particle_calibration.json"", ""raw_item_index"": 4}]"
,10.1109/jiot.2025.3631631,https://doi.org/10.1109/jiot.2025.3631631,AIoT-Powered Real-Time Sensing and Calibration of Low-Cost Particulate Matter Sensors Using the TCM Network,Godwin Msigwa; Minji An; Ester Ntambala; Jaeseok Yun,2026,IEEE Internet of Things Journal,journal-article,Institute of Electrical and Electronics Engineers (IEEE),13,2,2235-2253,,0,21,particulate_air_quality,"[""particulate_air_quality"", ""embedded_environmental_sensing""]",False,False,False,metadata_candidate,particulate_air_quality;embedded_environmental_sensing,"[""env"", ""air"", ""calib"", ""sensor"", ""embedded""]",1,"[{""query_id"": ""Q04"", ""query_rank"": 91, ""api_score"": 28.047026, ""raw_file"": ""raw_crossref\\Q04_low_cost_particle_calibration.json"", ""raw_item_index"": 90}]"
,10.20944/preprints202604.1260.v1,https://doi.org/10.20944/preprints202604.1260.v1,"Non-Cumulative, Size-Specific Calibration of Low-Cost Particulate Matter Sensors Under Simulated Construction Drilling Events",Askarov Komiljon; Jae-ho Choi,2026,,posted-content,MDPI AG,,,,,0,21,particulate_air_quality,"[""particulate_air_quality"", ""embedded_environmental_sensing""]",False,False,True,metadata_candidate,particulate_air_quality;embedded_environmental_sensing,"[""env"", ""air"", ""calib"", ""sensor"", ""embedded""]",2,"[{""query_id"": ""Q04"", ""query_rank"": 12, ""api_score"": 35.589825, ""raw_file"": ""raw_crossref\\Q04_low_cost_particle_calibration.json"", ""raw_item_index"": 11}]"
,10.21203/rs.3.rs-7601780/v1,https://doi.org/10.21203/rs.3.rs-7601780/v1,Low-Cost Air Quality Sensor Evaluation and Calibration in Contrasting Aerosol Environments,Pawan Gupta; Prakash Doraiswamy; Alqamah Sayeed; Palak Balyan; Sagnik Dey; Ryan Chartier; Robert C. Levy,2026,,posted-content,Springer Science and Business Media LLC,,,,,0,21,particulate_air_quality,"[""particulate_air_quality"", ""embedded_environmental_sensing""]",False,False,True,metadata_candidate,particulate_air_quality;embedded_environmental_sensing,"[""env"", ""air"", ""calib"", ""sensor"", ""embedded""]",1,"[{""query_id"": ""Q04"", ""query_rank"": 193, ""api_score"": 24.860367, ""raw_file"": ""raw_crossref\\Q04_low_cost_particle_calibration.json"", ""raw_item_index"": 192}]"
,10.22266/ijies2026.0531.13,https://doi.org/10.22266/ijies2026.0531.13,Thermal Camera and Electronic Nose Sensor Fusion for Autonomous Flammable Gas Source Localization Using a Hexapod Robot,Kunto Aji; Muhammad Rivai; Djoko Purwanto,2026,International Journal of Intelligent Engineering and Systems,journal-article,The Intelligent Networks and Systems Society,19,5,204-225,,0,21,gas_olfaction_mapping,"[""robotic_environmental_monitoring"", ""gas_olfaction_mapping""]",False,False,False,metadata_candidate,robotic_environmental_monitoring;gas_olfaction_mapping,"[""robot"", ""env"", ""gas"", ""sensor"", ""nav""]",1,"[{""query_id"": ""Q03"", ""query_rank"": 301, ""api_score"": 22.10959, ""raw_file"": ""raw_crossref\\Q03_robotic_gas_mapping.json"", ""raw_item_index"": 300}]"
,10.3390/atmos17060561,https://doi.org/10.3390/atmos17060561,"Non-Cumulative, Size-Specific Calibration of Low-Cost Particulate Matter Sensors Under Simulated Construction Drilling Events",Askarov Komiljon; Jae-ho Choi,2026,Atmosphere,journal-article,MDPI AG,17,6,561,,0,21,particulate_air_quality,"[""particulate_air_quality"", ""embedded_environmental_sensing""]",False,False,True,metadata_candidate,particulate_air_quality;embedded_environmental_sensing,"[""env"", ""air"", ""calib"", ""sensor"", ""embedded""]",2,"[{""query_id"": ""Q04"", ""query_rank"": 26, ""api_score"": 32.743877, ""raw_file"": ""raw_crossref\\Q04_low_cost_particle_calibration.json"", ""raw_item_index"": 25}]"
,10.5194/egusphere-2026-4763,https://doi.org/10.5194/egusphere-2026-4763,Dynamic Cross-Sensor Calibration for Low-Cost Particulate Matter Sensors,Megan A. Mirkhanian; Rufus D. Edwards; Tracy Allen,2026,,posted-content,Copernicus GmbH,,,,,0,21,particulate_air_quality,"[""particulate_air_quality"", ""embedded_environmental_sensing""]",False,False,True,metadata_candidate,particulate_air_quality;embedded_environmental_sensing,"[""env"", ""air"", ""calib"", ""sensor"", ""embedded""]",1,"[{""query_id"": ""Q04"", ""query_rank"": 1, ""api_score"": 41.082317, ""raw_file"": ""raw_crossref\\Q04_low_cost_particle_calibration.json"", ""raw_item_index"": 0}]"
,10.5194/egusphere-2026-4763-supplement,https://doi.org/10.5194/egusphere-2026-4763-supplement,"Supplementary material to ""Dynamic Cross-Sensor Calibration for Low-Cost Particulate Matter Sensors""",Megan A. Mirkhanian; Rufus D. Edwards; Tracy Allen,2026,,posted-content,Copernicus GmbH,,,,,0,21,particulate_air_quality,"[""particulate_air_quality"", ""embedded_environmental_sensing""]",False,False,False,metadata_candidate,particulate_air_quality;embedded_environmental_sensing,"[""env"", ""air"", ""calib"", ""sensor"", ""embedded""]",1,"[{""query_id"": ""Q04"", ""query_rank"": 2, ""api_score"": 39.51581, ""raw_file"": ""raw_crossref\\Q04_low_cost_particle_calibration.json"", ""raw_item_index"": 1}]"
,10.5194/egusphere-egu26-1368,https://doi.org/10.5194/egusphere-egu26-1368,Modus+: A Probabilistic Machine Learning Framework for Calibration of Low-Cost Air Quality Sensor Networks,Harry James; Stephen Stratton; Adam Sykulski,2026,,posted-content,Copernicus GmbH,,,,,0,21,particulate_air_quality,"[""particulate_air_quality"", ""embedded_environmental_sensing""]",False,False,True,metadata_candidate,particulate_air_quality;embedded_environmental_sensing,"[""env"", ""air"", ""calib"", ""sensor"", ""embedded""]",1,"[{""query_id"": ""Q04"", ""query_rank"": 117, ""api_score"": 27.32285, ""raw_file"": ""raw_crossref\\Q04_low_cost_particle_calibration.json"", ""raw_item_index"": 116}]"
,10.5194/egusphere-egu26-976,https://doi.org/10.5194/egusphere-egu26-976,Evaluating Environmental and Temporal Performance of Machine Learning Calibration Models for Low-cost Particulate Matter Sensors: A Case Study Across 4 Indian Cities,Roshan Wathore; Devishree Jadhao; Abhishek Chakraborty; Nitin Labhasetwar,2026,,posted-content,Copernicus GmbH,,,,,0,21,particulate_air_quality,"[""particulate_air_quality"", ""embedded_environmental_sensing""]",False,False,True,metadata_candidate,particulate_air_quality;embedded_environmental_sensing,"[""env"", ""air"", ""calib"", ""sensor"", ""embedded""]",1,"[{""query_id"": ""Q04"", ""query_rank"": 41, ""api_score"": 31.20672, ""raw_file"": ""raw_crossref\\Q04_low_cost_particle_calibration.json"", ""raw_item_index"": 40}]"
,10.1109/icst66402.2025.11512579,https://doi.org/10.1109/icst66402.2025.11512579,The Impact of Missing Value Imputation on Low-Cost Air Quality Sensor Calibration: Case Study on Ozone Sensors,Prabath Badullahewage; Liwan Liyanage,2025,2025 18th International Conference on Sensing Technology (ICST),proceedings-article,IEEE,,,1-6,,0,21,particulate_air_quality,"[""particulate_air_quality"", ""embedded_environmental_sensing""]",False,False,False,metadata_candidate,particulate_air_quality;embedded_environmental_sensing,"[""env"", ""air"", ""calib"", ""sensor"", ""embedded""]",1,"[{""query_id"": ""Q04"", ""query_rank"": 240, ""api_score"": 23.938942, ""raw_file"": ""raw_crossref\\Q04_low_cost_particle_calibration.json"", ""raw_item_index"": 239}]"
,10.1117/12.3058082,https://doi.org/10.1117/12.3058082,Performance evaluation of low-cost atmospheric particulate matter sensors and comparison of calibration methods,Yinan Chen; Shiguo Zhang; Kee Yuan; Jian Huang; Donfeng Shi; Shunxing Hu,2025,Seventh International Symposium on Laser Interaction with Matter (LIMIS 2024),proceedings-article,SPIE,,,8,,0,21,particulate_air_quality,"[""particulate_air_quality"", ""embedded_environmental_sensing""]",False,False,False,metadata_candidate,particulate_air_quality;embedded_environmental_sensing,"[""env"", ""air"", ""calib"", ""sensor"", ""embedded""]",1,"[{""query_id"": ""Q04"", ""query_rank"": 71, ""api_score"": 28.829502, ""raw_file"": ""raw_crossref\\Q04_low_cost_particle_calibration.json"", ""raw_item_index"": 70}]"
,10.20944/preprints202508.0428.v1,https://doi.org/10.20944/preprints202508.0428.v1,Visibility-Based Calibration of Low-Cost Particulate Matter Sensors,Ayala Ronen,2025,,posted-content,MDPI AG,,,,,0,21,particulate_air_quality,"[""particulate_air_quality"", ""embedded_environmental_sensing""]",False,False,True,metadata_candidate,particulate_air_quality;embedded_environmental_sensing,"[""env"", ""air"", ""calib"", ""sensor"", ""embedded""]",1,"[{""query_id"": ""Q04"", ""query_rank"": 4, ""api_score"": 39.42456, ""raw_file"": ""raw_crossref\\Q04_low_cost_particle_calibration.json"", ""raw_item_index"": 3}]"
,10.21203/rs.3.rs-7178992/v1,https://doi.org/10.21203/rs.3.rs-7178992/v1,Mid-term calibration and performance of low-cost multi-sensor systems for urban air quality monitoring,Sofia Fellini; Davide Gallione; Vincenzo Vaccaro; Nicole Mastromatteo; Grazia Fattoruso; Marina Clerico; Pietro Salizzoni,2025,,posted-content,Springer Science and Business Media LLC,,,,,0,21,particulate_air_quality,"[""particulate_air_quality"", ""embedded_environmental_sensing""]",False,False,True,metadata_candidate,particulate_air_quality;embedded_environmental_sensing,"[""env"", ""air"", ""calib"", ""sensor"", ""embedded""]",1,"[{""query_id"": ""Q04"", ""query_rank"": 243, ""api_score"": 23.91309, ""raw_file"": ""raw_crossref\\Q04_low_cost_particle_calibration.json"", ""raw_item_index"": 242}]"
,10.1109/isoen61239.2024.10556184,https://doi.org/10.1109/isoen61239.2024.10556184,A Low-Cost Air Quality Sensor Calibration Algorithm Using Self-Attention Network,Pang-Chun Liu; Ting-I Chou; Shih-Wen Chiu; Kea-Tiong Tang,2024,2024 IEEE International Symposium on Olfaction and Electronic Nose (ISOEN),proceedings-article,IEEE,,,1-3,,0,21,particulate_air_quality,"[""particulate_air_quality"", ""embedded_environmental_sensing""]",False,False,False,metadata_candidate,particulate_air_quality;embedded_environmental_sensing,"[""env"", ""air"", ""calib"", ""sensor"", ""embedded""]",1,"[{""query_id"": ""Q04"", ""query_rank"": 324, ""api_score"": 22.80775, ""raw_file"": ""raw_crossref\\Q04_low_cost_particle_calibration.json"", ""raw_item_index"": 323}]"
,10.5194/egusphere-2024-1142-supplement,https://doi.org/10.5194/egusphere-2024-1142-supplement,"Supplementary material to ""Calibration of Low-Cost Particulate Matter Sensors PurpleAir: Model Development for Air Quality under High Relative Humidity Conditions""",Martine E. Mathieu-Campbell; Chuqi Guo; Andrew P. Grieshop; Jennifer Richmond-Bryant,2024,,posted-content,Copernicus GmbH,,,,,0,21,particulate_air_quality,"[""particulate_air_quality"", ""embedded_environmental_sensing""]",False,False,False,metadata_candidate,particulate_air_quality;embedded_environmental_sensing,"[""env"", ""air"", ""calib"", ""sensor"", ""embedded""]",1,"[{""query_id"": ""Q04"", ""query_rank"": 105, ""api_score"": 27.43658, ""raw_file"": ""raw_crossref\\Q04_low_cost_particle_calibration.json"", ""raw_item_index"": 104}]"
,10.1088/1742-6596/2600/10/102018,https://doi.org/10.1088/1742-6596/2600/10/102018,Low-cost sensor for particulate matter concentration: an evaluation of its measurement performance in the field by direct comparison with a calibrated reference system,Francesco Salamone; Antonio Ciervo; Sergio Sibilio; Massimiliano Masullo,2023,Journal of Physics: Conference Series,journal-article,IOP Publishing,2600,10,102018,,0,21,particulate_air_quality,"[""particulate_air_quality"", ""embedded_environmental_sensing""]",False,False,True,metadata_candidate,particulate_air_quality;embedded_environmental_sensing,"[""env"", ""air"", ""calib"", ""sensor"", ""embedded""]",1,"[{""query_id"": ""Q04"", ""query_rank"": 206, ""api_score"": 24.58289, ""raw_file"": ""raw_crossref\\Q04_low_cost_particle_calibration.json"", ""raw_item_index"": 205}]"
,10.2139/ssrn.4348382,https://doi.org/10.2139/ssrn.4348382,Calibration Methodology of Low-Cost Sensors for High-Quality Monitoring of Fine Particulate Matter,Marie-Laure Aix; Seán Schmitz; Dominique  J. Bicout,2023,,posted-content,Elsevier BV,,,,,0,21,particulate_air_quality,"[""particulate_air_quality"", ""embedded_environmental_sensing""]",False,False,False,metadata_candidate,particulate_air_quality;embedded_environmental_sensing,"[""env"", ""air"", ""calib"", ""sensor"", ""embedded""]",2,"[{""query_id"": ""Q04"", ""query_rank"": 16, ""api_score"": 35.049763, ""raw_file"": ""raw_crossref\\Q04_low_cost_particle_calibration.json"", ""raw_item_index"": 15}]"
,10.26434/chemrxiv-2023-8lhrq,https://doi.org/10.26434/chemrxiv-2023-8lhrq,"Validation of In-field Calibration for Low-Cost Sensors Measuring Ambient Particulate Matter in Kolkata, India",Siddharth Nobell; Arnab Majumdar; Shovon Mukherjee; Sukumar Chakraborty; Sanjoy Chatterjee; Soumitra Bose; Anindita Dutta; Sandhya Sethuraman; Daniel Westervelt; Shairik Sengupta; Rakhi Basu; V. Faye McNeill,2023,,posted-content,American Chemical Society (ACS),,,,,0,21,particulate_air_quality,"[""particulate_air_quality"", ""embedded_environmental_sensing""]",False,False,True,metadata_candidate,particulate_air_quality;embedded_environmental_sensing,"[""env"", ""air"", ""calib"", ""sensor"", ""embedded""]",3,"[{""query_id"": ""Q04"", ""query_rank"": 93, ""api_score"": 28.02363, ""raw_file"": ""raw_crossref\\Q04_low_cost_particle_calibration.json"", ""raw_item_index"": 92}]"
,10.26434/chemrxiv-2023-8lhrq-v2,https://doi.org/10.26434/chemrxiv-2023-8lhrq-v2,"Validation of In-field Calibration for Low-Cost Sensors Measuring Ambient Particulate Matter in Kolkata, India",Siddharth Nobell; Arnab Majumdar; Shovon Mukherjee; Sukumar Chakraborty; Sanjoy Chatterjee; Soumitra Bose; Anindita Dutta; Sandhya Sethuraman; Daniel Westervelt; Shairik Sengupta; Rakhi Basu; V. Faye McNeill,2023,,posted-content,American Chemical Society (ACS),,,,,0,21,particulate_air_quality,"[""particulate_air_quality"", ""embedded_environmental_sensing""]",False,False,True,metadata_candidate,particulate_air_quality;embedded_environmental_sensing,"[""env"", ""air"", ""calib"", ""sensor"", ""embedded""]",3,"[{""query_id"": ""Q04"", ""query_rank"": 89, ""api_score"": 28.069544, ""raw_file"": ""raw_crossref\\Q04_low_cost_particle_calibration.json"", ""raw_item_index"": 88}]"
,10.5194/egusphere-2023-1344,https://doi.org/10.5194/egusphere-2023-1344,Evaluation of Calibration Performance of a Low-cost Particulate Matter Sensor Using Colocated and Distant NO 2,Kabseok Ko; Seokheon Cho; Ramesh R. Rao,2023,,posted-content,Copernicus GmbH,,,,,0,21,particulate_air_quality,"[""particulate_air_quality"", ""embedded_environmental_sensing""]",False,False,True,metadata_candidate,particulate_air_quality;embedded_environmental_sensing,"[""env"", ""air"", ""calib"", ""sensor"", ""embedded""]",1,"[{""query_id"": ""Q04"", ""query_rank"": 9, ""api_score"": 36.16601, ""raw_file"": ""raw_crossref\\Q04_low_cost_particle_calibration.json"", ""raw_item_index"": 8}]"
,10.2139/ssrn.4220835,https://doi.org/10.2139/ssrn.4220835,Calibration of Low-Cost Particulate Matter Sensors for Coal Dust Monitoring,Nana Amoako Amoah; Guang Xu; Ashish R. Kumar; Yang Wang,2022,SSRN Electronic Journal,journal-article,Elsevier BV,,,,,0,21,particulate_air_quality,"[""particulate_air_quality"", ""embedded_environmental_sensing""]",False,False,False,metadata_candidate,particulate_air_quality;embedded_environmental_sensing,"[""env"", ""air"", ""calib"", ""sensor"", ""embedded""]",2,"[{""query_id"": ""Q04"", ""query_rank"": 27, ""api_score"": 32.720245, ""raw_file"": ""raw_crossref\\Q04_low_cost_particle_calibration.json"", ""raw_item_index"": 26}]"
,10.23919/ccc55666.2022.9901857,https://doi.org/10.23919/ccc55666.2022.9901857,Gas distribution mapping based on integrating system with mobile robot and sensor network,Zhirui Xu; Lei Cheng; Daiwei Tang,2022,2022 41st Chinese Control Conference (CCC),proceedings-article,IEEE,,,5146-5151,,0,21,gas_olfaction_mapping,"[""robotic_environmental_monitoring"", ""gas_olfaction_mapping""]",False,False,False,metadata_candidate,robotic_environmental_monitoring;gas_olfaction_mapping,"[""robot"", ""env"", ""gas"", ""sensor"", ""nav""]",1,"[{""query_id"": ""Q03"", ""query_rank"": 135, ""api_score"": 23.744043, ""raw_file"": ""raw_crossref\\Q03_robotic_gas_mapping.json"", ""raw_item_index"": 134}, {""query_id"": ""Q08"", ""query_rank"": 91, ""api_score"": 25.992565, ""raw_file"": ""raw_crossref\\Q08_outdoor_mapping_fusion.json"", ""raw_item_index"": 90}]"
,10.1109/casap54985.2021.9703400,https://doi.org/10.1109/casap54985.2021.9703400,Calibration of Low-Cost Sensor for Particulate Matter in an urban area of the Aburrá Valley,Jenny Rocio Rios Martinez; Yris Olaya Morales; Duvan Ariel Nieves Ruiz,2021,2021 Congreso Colombiano y Conferencia Internacional de Calidad de Aire y Salud Pública (CASAP),proceedings-article,IEEE,,,1-4,,0,21,particulate_air_quality,"[""particulate_air_quality"", ""embedded_environmental_sensing""]",False,False,False,metadata_candidate,particulate_air_quality;embedded_environmental_sensing,"[""env"", ""air"", ""calib"", ""sensor"", ""embedded""]",1,"[{""query_id"": ""Q04"", ""query_rank"": 28, ""api_score"": 32.649445, ""raw_file"": ""raw_crossref\\Q04_low_cost_particle_calibration.json"", ""raw_item_index"": 27}]"
,10.21203/rs.3.rs-996536/v1,https://doi.org/10.21203/rs.3.rs-996536/v1,Feasibility of Low-Cost Particle Sensor Types in Long-Term Indoor Air Pollution Health Studies After Repeated Calibration Over a 2-Year Timeframe,Elle Anastasiou; M. J. Ruzmyn Vilcassim; John Adragna; Emily Gill; Albert Tovar; Lorna E. Thorpe; Terry Gordon,2021,,posted-content,Research Square Platform LLC,,,,,0,21,particulate_air_quality,"[""particulate_air_quality"", ""embedded_environmental_sensing""]",False,False,True,metadata_candidate,particulate_air_quality;embedded_environmental_sensing,"[""env"", ""air"", ""calib"", ""sensor"", ""embedded""]",1,"[{""query_id"": ""Q04"", ""query_rank"": 459, ""api_score"": 21.542118, ""raw_file"": ""raw_crossref\\Q04_low_cost_particle_calibration.json"", ""raw_item_index"": 458}]"
,10.5194/amt-2019-422-supplement,https://doi.org/10.5194/amt-2019-422-supplement,"Supplementary material to ""Laboratory evaluation of particle size-selectivity of optical low-cost particulate matter sensors""",Joel Kuula; Timo Mäkelä; Minna Aurela; Kimmo Teinilä; Samu Varjonen; Oscar Gonzales; Hilkka Timonen,2019,,posted-content,Copernicus GmbH,,,,,0,21,particulate_air_quality,"[""particulate_air_quality"", ""embedded_environmental_sensing""]",False,False,False,metadata_candidate,particulate_air_quality;embedded_environmental_sensing,"[""env"", ""air"", ""calib"", ""sensor"", ""embedded""]",1,"[{""query_id"": ""Q04"", ""query_rank"": 429, ""api_score"": 21.94828, ""raw_file"": ""raw_crossref\\Q04_low_cost_particle_calibration.json"", ""raw_item_index"": 428}]"
,10.5194/amt-2019-55-supplement,https://doi.org/10.5194/amt-2019-55-supplement,"Supplementary material to ""Gaussian Process regression model for dynamically calibrating a wireless low-cost particulate matter sensor network in Delhi""",Tongshu Zheng; Michael H. Bergin; Ronak Sutaria; Sachchida N. Tripathi; Robert Caldow; David E. Carlson,2019,,posted-content,Copernicus GmbH,,,,,0,21,particulate_air_quality,"[""particulate_air_quality"", ""embedded_environmental_sensing""]",False,False,False,metadata_candidate,particulate_air_quality;embedded_environmental_sensing,"[""env"", ""air"", ""calib"", ""sensor"", ""embedded""]",1,"[{""query_id"": ""Q04"", ""query_rank"": 187, ""api_score"": 25.072208, ""raw_file"": ""raw_crossref\\Q04_low_cost_particle_calibration.json"", ""raw_item_index"": 186}]"
,10.5194/amt-2018-111-supplement,https://doi.org/10.5194/amt-2018-111-supplement,"Supplementary material to ""Field evaluation of low-cost particulate matter sensors in high and low concentration environments""",Tongshu Zheng; Michael H. Bergin; Karoline K. Johnson; Sachchida N. Tripathi; Shilpa Shirodkar; Matthew S. Landis; Ronak Sutaria; David E. Carlson,2018,,posted-content,Copernicus GmbH,,,,,0,21,particulate_air_quality,"[""particulate_air_quality"", ""embedded_environmental_sensing""]",False,False,False,metadata_candidate,particulate_air_quality;embedded_environmental_sensing,"[""env"", ""air"", ""calib"", ""sensor"", ""embedded""]",1,"[{""query_id"": ""Q04"", ""query_rank"": 436, ""api_score"": 21.874172, ""raw_file"": ""raw_crossref\\Q04_low_cost_particle_calibration.json"", ""raw_item_index"": 435}]"
,10.5194/egusphere-2025-6203,https://doi.org/10.5194/egusphere-2025-6203,Enhancing Low-Cost PM 2.5 Sensor Reliability Through Multi-Model Calibration Against a Beta Attenuation Monitor,Galang Adira Prayoga; Puji Lestari; Emir Husni,2026,,posted-content,Copernicus GmbH,,,,,1,20,particulate_air_quality,"[""particulate_air_quality"", ""embedded_environmental_sensing""]",False,False,True,metadata_candidate,particulate_air_quality;embedded_environmental_sensing,"[""air"", ""calib"", ""sensor"", ""embedded""]",1,"[{""query_id"": ""Q04"", ""query_rank"": 235, ""api_score"": 23.984196, ""raw_file"": ""raw_crossref\\Q04_low_cost_particle_calibration.json"", ""raw_item_index"": 234}]"
,10.3390/su18031385,https://doi.org/10.3390/su18031385,Indoor–Outdoor Particulate Matter Monitoring in a University Building: A Pilot Study Using Low-Cost Sensors,Mare Srbinovska; Vesna Andova; Aleksandra Krkoleva Mateska; Maja Celeska Krstevska; Maksim Panovski; Ilija Mizhimakoski; Mia Darkovska,2026,Sustainability,journal-article,MDPI AG,18,3,1385,,0,20,particulate_air_quality,"[""particulate_air_quality"", ""embedded_environmental_sensing""]",False,False,True,metadata_candidate,particulate_air_quality;embedded_environmental_sensing,"[""env"", ""air"", ""sensor"", ""outdoor"", ""embedded""]",1,"[{""query_id"": ""Q04"", ""query_rank"": 427, ""api_score"": 21.96488, ""raw_file"": ""raw_crossref\\Q04_low_cost_particle_calibration.json"", ""raw_item_index"": 426}]"
,10.5194/egusphere-egu25-778,https://doi.org/10.5194/egusphere-egu25-778,"Calibrations and Performance Evaluations of Metal Oxide Low- Cost Air Sensor for NH3, CO and NO2 Detections: Case study for Laboratory and Field Calibration of across Dar es Salaam City",asinta manyele; Mbazingwa Mkiramweni,2025,,posted-content,Copernicus GmbH,,,,,0,20,particulate_air_quality,"[""particulate_air_quality"", ""gas_sensor_calibration"", ""embedded_environmental_sensing""]",False,False,True,metadata_candidate,particulate_air_quality;gas_sensor_calibration;embedded_environmental_sensing,"[""gas"", ""calib"", ""sensor""]",1,"[{""query_id"": ""Q04"", ""query_rank"": 296, ""api_score"": 23.106607, ""raw_file"": ""raw_crossref\\Q04_low_cost_particle_calibration.json"", ""raw_item_index"": 295}, {""query_id"": ""Q05"", ""query_rank"": 128, ""api_score"": 23.34709, ""raw_file"": ""raw_crossref\\Q05_gas_sensor_calibration.json"", ""raw_item_index"": 127}]"
,10.2139/ssrn.4266689,https://doi.org/10.2139/ssrn.4266689,Concentration Map Reconstruction for Gas Source Localization Using Nano Quadcopters: Metal Oxide Semiconductor Sensor Implementation and Indoor Experiments Validation,Abdelwahhab BOURAS; Agustín Gutiérrez-Gálvez; Javier Burgués; Yasser BOUZID; Antonio Pardo; Mohamed GUIATNI; Santiago Marco,2022,,posted-content,Elsevier BV,,,,,0,20,gas_olfaction_mapping,"[""robotic_environmental_monitoring"", ""gas_olfaction_mapping"", ""particulate_air_quality""]",False,False,True,metadata_candidate,robotic_environmental_monitoring;gas_olfaction_mapping;particulate_air_quality,"[""env"", ""gas"", ""sensor"", ""nav""]",1,"[{""query_id"": ""Q03"", ""query_rank"": 249, ""api_score"": 22.58719, ""raw_file"": ""raw_crossref\\Q03_robotic_gas_mapping.json"", ""raw_item_index"": 248}, {""query_id"": ""Q05"", ""query_rank"": 329, ""api_score"": 21.517149, ""raw_file"": ""raw_crossref\\Q05_gas_sensor_calibration.json"", ""raw_item_index"": 328}]"
,10.2139/ssrn.3994293,https://doi.org/10.2139/ssrn.3994293,Electrochemical Gas Sensing Module Combined with Unmanned Aerial Vehicles for Air Quality Monitoring,Patricia Arroyo; Jaime Gómez-Suárez; José Luis Herrero; Jesus Lozano,2021,,posted-content,Elsevier BV,,,,,0,20,particulate_air_quality,"[""particulate_air_quality"", ""gas_sensor_calibration"", ""embedded_environmental_sensing""]",False,False,True,metadata_candidate,particulate_air_quality;gas_sensor_calibration;embedded_environmental_sensing,"[""env"", ""air"", ""gas"", ""sensor""]",1,"[{""query_id"": ""Q02"", ""query_rank"": 57, ""api_score"": 26.508661, ""raw_file"": ""raw_crossref\\Q02_ground_rover_air_quality.json"", ""raw_item_index"": 56}]"
,10.1002/rob.22109,https://doi.org/10.1002/rob.22109,Gas source localization and mapping with mobile robots: A review,Adam Francis; Shuai Li; Christian Griffiths; Johann Sienz,2022,Journal of Field Robotics,journal-article,Wiley,39,8,1341-1373,,132,19,gas_olfaction_mapping,"[""robotic_environmental_monitoring"", ""gas_olfaction_mapping""]",True,False,True,metadata_candidate,robotic_environmental_monitoring;gas_olfaction_mapping,"[""robot"", ""env"", ""gas"", ""nav"", ""review""]",1,"[{""query_id"": ""Q03"", ""query_rank"": 34, ""api_score"": 28.586308, ""raw_file"": ""raw_crossref\\Q03_robotic_gas_mapping.json"", ""raw_item_index"": 33}]"
,10.5194/jsss-9-411-2020,https://doi.org/10.5194/jsss-9-411-2020,Random gas mixtures for efficient gas sensor calibration,Tobias Baur; Manuel Bastuck; Caroline Schultealbert; Tilman Sauerwald; Andreas Schütze,2020,Journal of Sensors and Sensor Systems,journal-article,Copernicus GmbH,9,2,411-424,,28,19,particulate_air_quality,"[""particulate_air_quality"", ""gas_sensor_calibration""]",False,False,True,metadata_candidate,particulate_air_quality;gas_sensor_calibration,"[""env"", ""gas"", ""calib"", ""sensor""]",1,"[{""query_id"": ""Q05"", ""query_rank"": 224, ""api_score"": 22.364113, ""raw_file"": ""raw_crossref\\Q05_gas_sensor_calibration.json"", ""raw_item_index"": 223}]"
,10.3390/s18124375,https://doi.org/10.3390/s18124375,An Application of the Gaussian Plume Model to Localization of an Indoor Gas Source with a Mobile Robot,Jorge Edwin Sánchez-Sosa; Juan Castillo-Mixcóatl; Georgina Beltrán-Pérez; Severino Muñoz-Aguirre,2018,Sensors,journal-article,MDPI AG,18,12,4375,,23,19,gas_olfaction_mapping,"[""robotic_environmental_monitoring"", ""gas_olfaction_mapping""]",False,False,True,metadata_candidate,robotic_environmental_monitoring;gas_olfaction_mapping,"[""robot"", ""env"", ""gas"", ""nav""]",1,"[{""query_id"": ""Q03"", ""query_rank"": 338, ""api_score"": 21.836258, ""raw_file"": ""raw_crossref\\Q03_robotic_gas_mapping.json"", ""raw_item_index"": 337}]"
,10.1371/journal.pone.0259745,https://doi.org/10.1371/journal.pone.0259745,Assessing the value of complex refractive index and particle density for calibration of low-cost particle matter sensor for size-resolved particle count and PM2.5 measurements,Ching-Hsuan Huang; Jiayang He; Elena Austin; Edmund Seto; Igor Novosselov,2021,PLOS ONE,journal-article,Public Library of Science (PLoS),16,11,e0259745,,20,19,particulate_air_quality,"[""particulate_air_quality"", ""embedded_environmental_sensing""]",False,False,True,metadata_candidate,particulate_air_quality;embedded_environmental_sensing,"[""air"", ""calib"", ""sensor"", ""embedded""]",1,"[{""query_id"": ""Q04"", ""query_rank"": 211, ""api_score"": 24.528553, ""raw_file"": ""raw_crossref\\Q04_low_cost_particle_calibration.json"", ""raw_item_index"": 210}]"
,10.3389/fenvs.2021.798485,https://doi.org/10.3389/fenvs.2021.798485,Field Calibration and Evaluation of an Internet-of-Things-Based Particulate Matter Sensor,Nicole Cowell; Lee Chapman; William Bloss; Francis Pope,2022,Frontiers in Environmental Science,journal-article,Frontiers Media SA,9,,,798485,19,19,particulate_air_quality,"[""particulate_air_quality"", ""embedded_environmental_sensing""]",False,False,True,metadata_candidate,particulate_air_quality;embedded_environmental_sensing,"[""env"", ""air"", ""calib"", ""sensor""]",1,"[{""query_id"": ""Q04"", ""query_rank"": 137, ""api_score"": 26.60718, ""raw_file"": ""raw_crossref\\Q04_low_cost_particle_calibration.json"", ""raw_item_index"": 136}]"
,10.3390/su11247220,https://doi.org/10.3390/su11247220,Reliability Validation of a Low-Cost Particulate Matter IoT Sensor in Indoor and Outdoor Environments Using a Reference Sampler,Sergio Trilles; Ana Belen Vicente; Pablo Juan; Francisco Ramos; Sergi Meseguer; Laura Serra,2019,Sustainability,journal-article,MDPI AG,11,24,7220,,18,19,particulate_air_quality,"[""particulate_air_quality"", ""embedded_environmental_sensing""]",False,False,True,metadata_candidate,particulate_air_quality;embedded_environmental_sensing,"[""env"", ""air"", ""sensor"", ""outdoor"", ""embedded""]",1,"[{""query_id"": ""Q04"", ""query_rank"": 110, ""api_score"": 27.392967, ""raw_file"": ""raw_crossref\\Q04_low_cost_particle_calibration.json"", ""raw_item_index"": 109}]"
,10.3390/s24072309,https://doi.org/10.3390/s24072309,Robotic Odor Source Localization via Vision and Olfaction Fusion Navigation Algorithm,Sunzid Hassan; Lingxiao Wang; Khan Raqib Mahmud,2024,Sensors,journal-article,MDPI AG,24,7,2309,,14,19,gas_olfaction_mapping,"[""robotic_environmental_monitoring"", ""gas_olfaction_mapping""]",False,False,True,metadata_candidate,robotic_environmental_monitoring;gas_olfaction_mapping,"[""robot"", ""env"", ""gas"", ""nav""]",2,"[{""query_id"": ""Q03"", ""query_rank"": 369, ""api_score"": 21.63423, ""raw_file"": ""raw_crossref\\Q03_robotic_gas_mapping.json"", ""raw_item_index"": 368}]"
,10.3390/atmos14071123,https://doi.org/10.3390/atmos14071123,Comparison of Transfer Learning and Established Calibration Transfer Methods for Metal Oxide Semiconductor Gas Sensors,Yannick Robin; Johannes Amann; Tizian Schneider; Andreas Schütze; Christian Bur,2023,Atmosphere,journal-article,MDPI AG,14,7,1123,,14,19,particulate_air_quality,"[""particulate_air_quality"", ""gas_sensor_calibration""]",False,False,True,metadata_candidate,particulate_air_quality;gas_sensor_calibration,"[""env"", ""gas"", ""calib"", ""sensor""]",2,"[{""query_id"": ""Q05"", ""query_rank"": 105, ""api_score"": 23.738605, ""raw_file"": ""raw_crossref\\Q05_gas_sensor_calibration.json"", ""raw_item_index"": 104}]"
,10.1155/2015/874532,https://doi.org/10.1155/2015/874532,A Gas Source Localization Algorithm Based on Particle Filter in Wireless Sensor Network,Qiuming Li; Zhigang Liu; Xianda Xiao,2015,International Journal of Distributed Sensor Networks,journal-article,SAGE Publications,11,11,874532,,14,19,gas_olfaction_mapping,"[""gas_olfaction_mapping"", ""embedded_environmental_sensing""]",False,False,True,metadata_candidate,gas_olfaction_mapping;embedded_environmental_sensing,"[""env"", ""gas"", ""sensor"", ""nav"", ""embedded""]",1,"[{""query_id"": ""Q03"", ""query_rank"": 381, ""api_score"": 21.570284, ""raw_file"": ""raw_crossref\\Q03_robotic_gas_mapping.json"", ""raw_item_index"": 380}]"
,10.3390/s23229232,https://doi.org/10.3390/s23229232,Exploration and Gas Source Localization in Advection–Diffusion Processes with Potential-Field-Controlled Robotic Swarms,Patrick Hinsen; Thomas Wiedemann; Dmitriy Shutin; Achim J. Lilienthal,2023,Sensors,journal-article,MDPI AG,23,22,9232,,12,19,gas_olfaction_mapping,"[""robotic_environmental_monitoring"", ""gas_olfaction_mapping""]",False,False,True,metadata_candidate,robotic_environmental_monitoring;gas_olfaction_mapping,"[""robot"", ""env"", ""gas"", ""nav""]",1,"[{""query_id"": ""Q03"", ""query_rank"": 18, ""api_score"": 30.925835, ""raw_file"": ""raw_crossref\\Q03_robotic_gas_mapping.json"", ""raw_item_index"": 17}]"
,10.1109/icit.2012.6209962,https://doi.org/10.1109/icit.2012.6209962,Wireless sensor network based localization and threat estimation of hazardous landfill gas source,S. Mitra; S. P. Duttagupta; K. Tuckley; S. Ekram,2012,2012 IEEE International Conference on Industrial Technology,proceedings-article,IEEE,,,349-355,,8,19,gas_olfaction_mapping,"[""gas_olfaction_mapping"", ""embedded_environmental_sensing""]",False,False,False,metadata_candidate,gas_olfaction_mapping;embedded_environmental_sensing,"[""env"", ""gas"", ""sensor"", ""nav"", ""embedded""]",1,"[{""query_id"": ""Q03"", ""query_rank"": 138, ""api_score"": 23.73235, ""raw_file"": ""raw_crossref\\Q03_robotic_gas_mapping.json"", ""raw_item_index"": 137}]"
,10.3390/s23125387,https://doi.org/10.3390/s23125387,Information-Driven Gas Distribution Mapping for Autonomous Mobile Robots,Andres Gongora; Javier Monroy; Faezeh Rahbar; Chiara Ercolani; Javier Gonzalez-Jimenez; Alcherio Martinoli,2023,Sensors,journal-article,MDPI AG,23,12,5387,,7,19,gas_olfaction_mapping,"[""robotic_environmental_monitoring"", ""gas_olfaction_mapping""]",False,False,True,metadata_candidate,robotic_environmental_monitoring;gas_olfaction_mapping,"[""robot"", ""env"", ""gas"", ""nav""]",1,"[{""query_id"": ""Q03"", ""query_rank"": 184, ""api_score"": 23.124422, ""raw_file"": ""raw_crossref\\Q03_robotic_gas_mapping.json"", ""raw_item_index"": 183}]"
83,10.1177/17298806221081325,https://doi.org/10.1177/17298806221081325,Configurable simulation strategies for testing pollutant plume source localization algorithms using autonomous multisensor mobile robots,Tyrell Lewis; Kiran Bhaganagar,2022,International Journal of Advanced Robotic Systems,journal-article,SAGE Publications,19,2,,17298806221081325,6,19,outdoor_navigation_fusion,"[""robotic_environmental_monitoring"", ""outdoor_navigation_fusion""]",False,False,True,metadata_candidate,robotic_environmental_monitoring;outdoor_navigation_fusion,"[""robot"", ""env"", ""sensor"", ""nav""]",1,"[{""query_id"": ""Q03"", ""query_rank"": 493, ""api_score"": 21.05238, ""raw_file"": ""raw_crossref\\Q03_robotic_gas_mapping.json"", ""raw_item_index"": 492}]"
,10.20944/preprints202402.1024.v1,https://doi.org/10.20944/preprints202402.1024.v1,Robotic Odor Source Localization via Vision and Olfaction Fusion Navigation Algorithm,Sunzid Hassan; Lingxiao Wang; Khan Raqib Mahmud,2024,,posted-content,MDPI AG,,,,,4,19,gas_olfaction_mapping,"[""robotic_environmental_monitoring"", ""gas_olfaction_mapping""]",False,False,True,metadata_candidate,robotic_environmental_monitoring;gas_olfaction_mapping,"[""robot"", ""env"", ""gas"", ""nav""]",2,"[{""query_id"": ""Q03"", ""query_rank"": 268, ""api_score"": 22.487457, ""raw_file"": ""raw_crossref\\Q03_robotic_gas_mapping.json"", ""raw_item_index"": 267}]"
,10.20944/preprints202306.1068.v1,https://doi.org/10.20944/preprints202306.1068.v1,Comparison of Transfer Learning and Established Calibration Transfer Methods for Metal Oxide Semiconductor Gas Sensors,Yannick Robin; Johannes Felix Amann; Tizian Schneider; Andreas Schütze; Christian Bur,2023,,posted-content,MDPI AG,,,,,4,19,particulate_air_quality,"[""particulate_air_quality"", ""gas_sensor_calibration""]",False,False,True,metadata_candidate,particulate_air_quality;gas_sensor_calibration,"[""env"", ""gas"", ""calib"", ""sensor""]",2,"[{""query_id"": ""Q05"", ""query_rank"": 74, ""api_score"": 24.293306, ""raw_file"": ""raw_crossref\\Q05_gas_sensor_calibration.json"", ""raw_item_index"": 73}]"
,10.3991/ijoe.v17i04.19215,https://doi.org/10.3991/ijoe.v17i04.19215,Calibration of Metal Oxide Semiconductor Gas Sensors by High School Students,Sebastian Höfner; Andreas Schütze; Michael Hirth; Jochen Kuhn; Benjamin Brück,2021,International Journal of Online and Biomedical Engineering (iJOE),journal-article,International Association of Online Engineering (IAOE),17,04,4-20,,4,19,particulate_air_quality,"[""particulate_air_quality"", ""gas_sensor_calibration""]",False,False,True,metadata_candidate,particulate_air_quality;gas_sensor_calibration,"[""env"", ""gas"", ""calib"", ""sensor""]",1,"[{""query_id"": ""Q05"", ""query_rank"": 279, ""api_score"": 21.82602, ""raw_file"": ""raw_crossref\\Q05_gas_sensor_calibration.json"", ""raw_item_index"": 278}]"
,10.1063/5.0260600,https://doi.org/10.1063/5.0260600,Enhanced gas source localization using distributed internet of things sensors and Bayesian inference,Leonardo Balocchi; Lorenzo Piro; Luca Biferale; Stefania Bonafoni; Massimo Cencini; Iacopo Nannipieri; Andrea Ria; Luca Roselli,2025,Physics of Fluids,journal-article,AIP Publishing,37,6,,065127,3,19,gas_olfaction_mapping,"[""gas_olfaction_mapping"", ""embedded_environmental_sensing""]",False,False,True,metadata_candidate,gas_olfaction_mapping;embedded_environmental_sensing,"[""env"", ""gas"", ""sensor"", ""nav"", ""embedded""]",1,"[{""query_id"": ""Q03"", ""query_rank"": 370, ""api_score"": 21.614176, ""raw_file"": ""raw_crossref\\Q03_robotic_gas_mapping.json"", ""raw_item_index"": 369}]"
,10.1109/wcica.2014.7053119,https://doi.org/10.1109/wcica.2014.7053119,A gas source localization algorithm based on wireless sensor network,Li Qiuming; Liu Zhigang; Wang Jinkuan; Xiao Xianda,2014,Proceeding of the 11th World Congress on Intelligent Control and Automation,proceedings-article,IEEE,,,2514-2518,,3,19,gas_olfaction_mapping,"[""gas_olfaction_mapping"", ""embedded_environmental_sensing""]",False,False,False,metadata_candidate,gas_olfaction_mapping;embedded_environmental_sensing,"[""env"", ""gas"", ""sensor"", ""nav"", ""embedded""]",1,"[{""query_id"": ""Q03"", ""query_rank"": 140, ""api_score"": 23.71978, ""raw_file"": ""raw_crossref\\Q03_robotic_gas_mapping.json"", ""raw_item_index"": 139}]"
84,10.3390/iot7020042,https://doi.org/10.3390/iot7020042,IoT-Based System for Real-Time Water Quality Monitoring and Advanced Turbidity and pH Sensor Calibration to Improve Accuracy and Reliability Using ThingSpeak,Mulhim Al Drees; Abbas E. Rahma; Samah Daffalla; Rawabi Alsudais; Naser Fathi Alsubaie; Mohammed Albrahim; Hassan Abdullah Alghanim; Mustafa I. Almaghasla,2026,IoT,journal-article,MDPI AG,7,2,42,,2,19,water_quality_monitoring,"[""water_quality_monitoring"", ""embedded_environmental_sensing""]",False,False,True,metadata_candidate,water_quality_monitoring;embedded_environmental_sensing,"[""env"", ""water"", ""calib"", ""sensor"", ""embedded""]",1,"[{""query_id"": ""Q06"", ""query_rank"": 20, ""api_score"": 25.463734, ""raw_file"": ""raw_crossref\\Q06_robotic_water_quality.json"", ""raw_item_index"": 19}]"
,10.1007/s11869-025-01787-4,https://doi.org/10.1007/s11869-025-01787-4,Citizen-operated low-cost sensors for estimating outdoor particulate matter infiltration,Vasileios Salamalikis; Amirhossein Hassani; Paweł Zawadzki; Sebastian Bykuć; Núria Castell,2025,"Air Quality, Atmosphere & Health",journal-article,Springer Science and Business Media LLC,18,9,2609-2624,,1,19,particulate_air_quality,"[""particulate_air_quality"", ""embedded_environmental_sensing""]",False,False,True,metadata_candidate,particulate_air_quality;embedded_environmental_sensing,"[""env"", ""air"", ""sensor"", ""outdoor"", ""embedded""]",2,"[{""query_id"": ""Q04"", ""query_rank"": 431, ""api_score"": 21.939724, ""raw_file"": ""raw_crossref\\Q04_low_cost_particle_calibration.json"", ""raw_item_index"": 430}]"
,10.1109/igarss53475.2024.10642252,https://doi.org/10.1109/igarss53475.2024.10642252,Fine-Scale Mapping of Particulate Matter Using Landsat Imagery and Low-Cost Sensor Data from Purpleair: A Case Study of Los Angeles,Shengjie Kris Liu; Siqin Wang,2024,IGARSS 2024 - 2024 IEEE International Geoscience and Remote Sensing Symposium,proceedings-article,IEEE,,,3850-3853,,1,19,particulate_air_quality,"[""particulate_air_quality"", ""embedded_environmental_sensing""]",False,False,False,metadata_candidate,particulate_air_quality;embedded_environmental_sensing,"[""env"", ""air"", ""sensor"", ""nav"", ""embedded""]",1,"[{""query_id"": ""Q04"", ""query_rank"": 116, ""api_score"": 27.34943, ""raw_file"": ""raw_crossref\\Q04_low_cost_particle_calibration.json"", ""raw_item_index"": 115}]"
85,10.1109/vts60656.2024.10538731,https://doi.org/10.1109/vts60656.2024.10538731,Calibration and Source Localization Using an Array of Resistive Metal Oxide Gas Sensors,Ishaan Bassi; Sule Ozev,2024,2024 IEEE 42nd VLSI Test Symposium (VTS),proceedings-article,IEEE,,,1-7,,1,19,gas_sensor_calibration,"[""gas_sensor_calibration""]",False,False,False,metadata_candidate,gas_sensor_calibration,"[""env"", ""gas"", ""calib"", ""sensor"", ""nav""]",1,"[{""query_id"": ""Q03"", ""query_rank"": 64, ""api_score"": 25.333298, ""raw_file"": ""raw_crossref\\Q03_robotic_gas_mapping.json"", ""raw_item_index"": 63}, {""query_id"": ""Q05"", ""query_rank"": 37, ""api_score"": 25.632027, ""raw_file"": ""raw_crossref\\Q05_gas_sensor_calibration.json"", ""raw_item_index"": 36}]"
,10.20944/preprints202410.1708.v1,https://doi.org/10.20944/preprints202410.1708.v1,Integrating Vision and Olfaction via Multi-Modal LLM for Robotic Odor Source Localization,Sunzid Hassan; Lingxiao Wang; Khan Raqib Mahmud,2024,,posted-content,MDPI AG,,,,,1,19,gas_olfaction_mapping,"[""robotic_environmental_monitoring"", ""gas_olfaction_mapping""]",False,False,True,metadata_candidate,robotic_environmental_monitoring;gas_olfaction_mapping,"[""robot"", ""env"", ""gas"", ""nav""]",1,"[{""query_id"": ""Q03"", ""query_rank"": 327, ""api_score"": 21.911453, ""raw_file"": ""raw_crossref\\Q03_robotic_gas_mapping.json"", ""raw_item_index"": 326}]"
,10.1002/env.70100,https://doi.org/10.1002/env.70100,"Unified Calibration and Spatial Mapping of Fine Particulate Matter Data From Multiple Low‐Cost Air Pollution Sensor Networks in Baltimore, Maryland",Claire Heffernan; Kirsten Koehler; Drew R. Gentner; Roger D. Peng; Abhirup Datta,2026,Environmetrics,journal-article,Wiley,37,4,,e70100,0,19,particulate_air_quality,"[""particulate_air_quality""]",False,False,True,metadata_candidate,particulate_air_quality,"[""env"", ""air"", ""calib"", ""sensor"", ""nav""]",1,"[{""query_id"": ""Q04"", ""query_rank"": 24, ""api_score"": 33.431362, ""raw_file"": ""raw_crossref\\Q04_low_cost_particle_calibration.json"", ""raw_item_index"": 23}]"
,10.1007/s44408-026-00094-6,https://doi.org/10.1007/s44408-026-00094-6,Exploring Environmental and Temporal Performances of Machine Learning Models for Calibration of a Low-Cost PM2.5 Sensor,Roshan Wathore; Sharvari Wanjari; Abhishek Chakraborty; Nitin Labhasetwar,2026,Aerosol and Air Quality Research,journal-article,Springer Science and Business Media LLC,26,2,,12,0,19,particulate_air_quality,"[""particulate_air_quality"", ""embedded_environmental_sensing""]",False,False,True,metadata_candidate,particulate_air_quality;embedded_environmental_sensing,"[""air"", ""calib"", ""sensor"", ""embedded""]",1,"[{""query_id"": ""Q04"", ""query_rank"": 465, ""api_score"": 21.509089, ""raw_file"": ""raw_crossref\\Q04_low_cost_particle_calibration.json"", ""raw_item_index"": 464}]"
,10.3390/chemosensors14020044,https://doi.org/10.3390/chemosensors14020044,Low-Cost Particulate Matter and Gas Sensor Systems for Roadside Environmental Monitoring: Mechanistic and Predictive Insights from One-Year Urban Measurements,Dan-Marius Mustață; Ioana Ionel; Daniel Bisorca; Venera-Stanca Nicolici,2026,Chemosensors,journal-article,MDPI AG,14,2,44,,0,19,particulate_air_quality,"[""particulate_air_quality"", ""embedded_environmental_sensing""]",False,False,True,metadata_candidate,particulate_air_quality;embedded_environmental_sensing,"[""env"", ""air"", ""gas"", ""sensor"", ""embedded""]",1,"[{""query_id"": ""Q04"", ""query_rank"": 102, ""api_score"": 27.59329, ""raw_file"": ""raw_crossref\\Q04_low_cost_particle_calibration.json"", ""raw_item_index"": 101}]"
86,10.36561/ing.30.11,https://doi.org/10.36561/ing.30.11,System-Level Design and Outdoor Validation of a Solar-Powered Mobile Robot for Autonomous Environmental Monitoring,Halar Mustafa; Sadiq Ur Rehman; Muhammad Ahsan Shaikh,2026,Memoria Investigaciones en Ingeniería,journal-article,Universidad de Montevideo,,30,164-176,,0,19,four_wheel_steering,"[""robotic_environmental_monitoring"", ""four_wheel_steering""]",False,False,True,metadata_candidate,robotic_environmental_monitoring;four_wheel_steering,"[""robot"", ""env"", ""sensor"", ""outdoor""]",1,"[{""query_id"": ""Q01"", ""query_rank"": 60, ""api_score"": 19.94741, ""raw_file"": ""raw_crossref\\Q01_mobile_robot_environment.json"", ""raw_item_index"": 59}, {""query_id"": ""Q08"", ""query_rank"": 348, ""api_score"": 22.435814, ""raw_file"": ""raw_crossref\\Q08_outdoor_mapping_fusion.json"", ""raw_item_index"": 347}]"
,10.21203/rs.3.rs-6048236/v1,https://doi.org/10.21203/rs.3.rs-6048236/v1,Dynamic Calibration of Low-Cost PM2.5 Sensors Using Trust-Based Consensus Mechanisms,Sachit Mahajan; Dirk Helbing,2025,,posted-content,Springer Science and Business Media LLC,,,,,0,19,particulate_air_quality,"[""particulate_air_quality"", ""embedded_environmental_sensing""]",False,False,True,metadata_candidate,particulate_air_quality;embedded_environmental_sensing,"[""air"", ""calib"", ""sensor"", ""embedded""]",2,"[{""query_id"": ""Q04"", ""query_rank"": 441, ""api_score"": 21.832159, ""raw_file"": ""raw_crossref\\Q04_low_cost_particle_calibration.json"", ""raw_item_index"": 440}]"
87,10.36922/ajwep.6564,https://doi.org/10.36922/ajwep.6564,Enhancing swimming pool hygiene: A robotic approach to debris removal and water quality monitoring,Hemalatha Senthilmahesh; Kiran Mayee Adavala; Thilagam Thangamariappan; Pullela S. V. V. S. R. Kumar; Ramesh Tumaati; Muthuvairavan Pillai Nagappan,2025,"Asian Journal of Water, Environment and Pollution",journal-article,AccScience Publishing,22,2,19,,0,19,water_quality_monitoring,"[""robotic_environmental_monitoring"", ""water_quality_monitoring""]",False,False,True,metadata_candidate,robotic_environmental_monitoring;water_quality_monitoring,"[""robot"", ""env"", ""water"", ""sensor""]",1,"[{""query_id"": ""Q06"", ""query_rank"": 315, ""api_score"": 20.145798, ""raw_file"": ""raw_crossref\\Q06_robotic_water_quality.json"", ""raw_item_index"": 314}]"
,10.1109/i2mtc60896.2024.10561189,https://doi.org/10.1109/i2mtc60896.2024.10561189,Selection and Aggregation of Low-cost Particle Sensors for Outdoor Particulate Matter Measurement,Jie Li; Zaheer Nasar; Valerio Ferracci; Neil Harris; Zhengjia Xu,2024,2024 IEEE International Instrumentation and Measurement Technology Conference (I2MTC),proceedings-article,IEEE,,,1-6,,0,19,particulate_air_quality,"[""particulate_air_quality"", ""embedded_environmental_sensing""]",False,False,False,metadata_candidate,particulate_air_quality;embedded_environmental_sensing,"[""env"", ""air"", ""sensor"", ""outdoor"", ""embedded""]",1,"[{""query_id"": ""Q04"", ""query_rank"": 281, ""api_score"": 23.23646, ""raw_file"": ""raw_crossref\\Q04_low_cost_particle_calibration.json"", ""raw_item_index"": 280}]"
88,10.1201/9781032664828-9,https://doi.org/10.1201/9781032664828-9,Calibrating the IoT-Based System for Monitoring Water Quality with Known pH and Turbidity,Hasifah Namatovu; Fiona Ssozi,2024,Interactive Media with Next-Gen Technologies and Their Usability Evaluation,book-chapter,Chapman and Hall/CRC,,,114-130,,0,19,water_quality_monitoring,"[""water_quality_monitoring"", ""embedded_environmental_sensing""]",False,False,False,metadata_candidate,water_quality_monitoring;embedded_environmental_sensing,"[""env"", ""water"", ""calib"", ""sensor"", ""embedded""]",1,"[{""query_id"": ""Q06"", ""query_rank"": 1, ""api_score"": 32.113297, ""raw_file"": ""raw_crossref\\Q06_robotic_water_quality.json"", ""raw_item_index"": 0}]"
,10.21203/rs.3.rs-4618450/v1,https://doi.org/10.21203/rs.3.rs-4618450/v1,Citizen-Operated Low-Cost Sensors for Estimating Outdoor Particulate Matter Infiltration,Vasileios Salamalikis; Amirhossein Hassani; Paweł Zawadzki; Sebastian Bykuć; Núria Castell,2024,,posted-content,Springer Science and Business Media LLC,,,,,0,19,particulate_air_quality,"[""particulate_air_quality"", ""embedded_environmental_sensing""]",False,False,True,metadata_candidate,particulate_air_quality;embedded_environmental_sensing,"[""env"", ""air"", ""sensor"", ""outdoor"", ""embedded""]",2,"[{""query_id"": ""Q04"", ""query_rank"": 132, ""api_score"": 26.764969, ""raw_file"": ""raw_crossref\\Q04_low_cost_particle_calibration.json"", ""raw_item_index"": 131}]"
,10.1109/apscon56343.2023.10100969,https://doi.org/10.1109/apscon56343.2023.10100969,Evaluation of low-cost particulate matter sensor in indoor and outdoor micro-environments,J Aswin Giri; Sm Shiva Nagendra,2023,2023 IEEE Applied Sensing Conference (APSCON),proceedings-article,IEEE,,,1-3,,0,19,particulate_air_quality,"[""particulate_air_quality"", ""embedded_environmental_sensing""]",False,False,False,metadata_candidate,particulate_air_quality;embedded_environmental_sensing,"[""env"", ""air"", ""sensor"", ""outdoor"", ""embedded""]",1,"[{""query_id"": ""Q04"", ""query_rank"": 36, ""api_score"": 31.570309, ""raw_file"": ""raw_crossref\\Q04_low_cost_particle_calibration.json"", ""raw_item_index"": 35}]"
,10.5194/egusphere-egu23-1011,https://doi.org/10.5194/egusphere-egu23-1011,Monitoring and apportioning sources of outdoor and indoor air quality using low-cost particulate matter sensors.,Dimitrios Bousiotis; Leah-Nani Alconcel; Roy M. Harrison; Davis C. S. Beddows; Francis Pope,2023,,posted-content,Copernicus GmbH,,,,,0,19,particulate_air_quality,"[""particulate_air_quality"", ""embedded_environmental_sensing""]",False,False,True,metadata_candidate,particulate_air_quality;embedded_environmental_sensing,"[""env"", ""air"", ""sensor"", ""outdoor"", ""embedded""]",1,"[{""query_id"": ""Q04"", ""query_rank"": 228, ""api_score"": 24.172762, ""raw_file"": ""raw_crossref\\Q04_low_cost_particle_calibration.json"", ""raw_item_index"": 227}]"
,10.5194/egusphere-egu23-4750,https://doi.org/10.5194/egusphere-egu23-4750,Performance of Low-Cost Sensors in Measuring Particulate Matter Concentrations in Indoor and Outdoor Environments,Rubal Rubal; Anirudha Ambekar; Thaseem Thajudeen,2023,,posted-content,Copernicus GmbH,,,,,0,19,particulate_air_quality,"[""particulate_air_quality"", ""embedded_environmental_sensing""]",False,False,True,metadata_candidate,particulate_air_quality;embedded_environmental_sensing,"[""env"", ""air"", ""sensor"", ""outdoor"", ""embedded""]",1,"[{""query_id"": ""Q04"", ""query_rank"": 120, ""api_score"": 27.230757, ""raw_file"": ""raw_crossref\\Q04_low_cost_particle_calibration.json"", ""raw_item_index"": 119}]"
89,10.1109/tmech.2017.2722009,https://doi.org/10.1109/tmech.2017.2722009,Development of a Novel Robotic Dolphin and Its Application to Water Quality Monitoring,Zhengxing Wu; Jincun Liu; Junzhi Yu; Hao Fang,2017,IEEE/ASME Transactions on Mechatronics,journal-article,Institute of Electrical and Electronics Engineers (IEEE),22,5,2130-2140,,81,18,water_quality_monitoring,"[""robotic_environmental_monitoring"", ""water_quality_monitoring""]",False,False,False,metadata_candidate,robotic_environmental_monitoring;water_quality_monitoring,"[""robot"", ""env"", ""water"", ""sensor""]",1,"[{""query_id"": ""Q06"", ""query_rank"": 271, ""api_score"": 20.366928, ""raw_file"": ""raw_crossref\\Q06_robotic_water_quality.json"", ""raw_item_index"": 270}]"
90,10.1007/s42235-022-00282-1,https://doi.org/10.1007/s42235-022-00282-1,Design and Realization of a Novel Hybrid-Drive Robotic Fish for Aquaculture Water Quality Monitoring,Yiting Ji; Yaoguang Wei; Jincun Liu; Dong An,2022,Journal of Bionic Engineering,journal-article,Springer Science and Business Media LLC,20,2,543-557,,32,18,water_quality_monitoring,"[""robotic_environmental_monitoring"", ""water_quality_monitoring""]",False,False,False,metadata_candidate,robotic_environmental_monitoring;water_quality_monitoring,"[""robot"", ""env"", ""water"", ""sensor""]",1,"[{""query_id"": ""Q06"", ""query_rank"": 313, ""api_score"": 20.148026, ""raw_file"": ""raw_crossref\\Q06_robotic_water_quality.json"", ""raw_item_index"": 312}]"
,10.1109/access.2021.3052024,https://doi.org/10.1109/access.2021.3052024,Robotic Information Gathering With Reinforcement Learning Assisted by Domain Knowledge: An Application to Gas Source Localization,Thomas Wiedemann; Cosmin Vlaicu; Josip Josifovski; Alberto Viseras,2021,IEEE Access,journal-article,Institute of Electrical and Electronics Engineers (IEEE),9,,13159-13172,,29,18,gas_olfaction_mapping,"[""robotic_environmental_monitoring"", ""gas_olfaction_mapping""]",False,False,False,metadata_candidate,robotic_environmental_monitoring;gas_olfaction_mapping,"[""robot"", ""env"", ""gas"", ""nav""]",1,"[{""query_id"": ""Q03"", ""query_rank"": 20, ""api_score"": 30.225157, ""raw_file"": ""raw_crossref\\Q03_robotic_gas_mapping.json"", ""raw_item_index"": 19}]"
,10.1016/j.inffus.2022.11.001,https://doi.org/10.1016/j.inffus.2022.11.001,Multi-gas source localization and mapping by flocking robots,Vu Phi Tran; Matthew A. Garratt; Kathryn Kasmarik; Sreenatha G. Anavatti; Alex S. Leong; Mohammad Zamani,2023,Information Fusion,journal-article,Elsevier BV,91,,665-680,,28,18,gas_olfaction_mapping,"[""robotic_environmental_monitoring"", ""gas_olfaction_mapping""]",False,False,False,metadata_candidate,robotic_environmental_monitoring;gas_olfaction_mapping,"[""robot"", ""env"", ""gas"", ""nav""]",1,"[{""query_id"": ""Q03"", ""query_rank"": 35, ""api_score"": 28.49746, ""raw_file"": ""raw_crossref\\Q03_robotic_gas_mapping.json"", ""raw_item_index"": 34}]"
,10.1109/tro.2024.3426368,https://doi.org/10.1109/tro.2024.3426368,Robotic Gas Source Localization With Probabilistic Mapping and Online Dispersion Simulation,Pepe Ojeda; Javier Monroy; Javier Gonzalez-Jimenez,2024,IEEE Transactions on Robotics,journal-article,Institute of Electrical and Electronics Engineers (IEEE),40,,3551-3564,,25,18,gas_olfaction_mapping,"[""robotic_environmental_monitoring"", ""gas_olfaction_mapping""]",False,False,False,metadata_candidate,robotic_environmental_monitoring;gas_olfaction_mapping,"[""robot"", ""env"", ""gas"", ""nav""]",1,"[{""query_id"": ""Q03"", ""query_rank"": 4, ""api_score"": 36.629192, ""raw_file"": ""raw_crossref\\Q03_robotic_gas_mapping.json"", ""raw_item_index"": 3}]"
,10.1108/01439910910924675,https://doi.org/10.1108/01439910910924675,An application of mobile robotics for olfactory monitoring of hazardous industrial sites,Cosimo Distante; Giovanni Indiveri; Giulio Reina,2009,Industrial Robot: An International Journal,journal-article,Emerald,36,1,51-59,,22,18,gas_olfaction_mapping,"[""robotic_environmental_monitoring"", ""gas_olfaction_mapping""]",False,False,True,metadata_candidate,robotic_environmental_monitoring;gas_olfaction_mapping,"[""robot"", ""env"", ""gas"", ""sensor""]",1,"[{""query_id"": ""Q01"", ""query_rank"": 231, ""api_score"": 17.597218, ""raw_file"": ""raw_crossref\\Q01_mobile_robot_environment.json"", ""raw_item_index"": 230}]"
,10.1063/1.3156627,https://doi.org/10.1063/1.3156627,Blimp Robot for Three-Dimensional Gas Distribution Mapping in Indoor Environment,Hiroshi Ishida; Matteo Pardo; Giorgio Sberveglieri,2009,AIP Conference Proceedings,proceedings-article,AIP,,,,,20,18,gas_olfaction_mapping,"[""robotic_environmental_monitoring"", ""gas_olfaction_mapping""]",False,False,False,metadata_candidate,robotic_environmental_monitoring;gas_olfaction_mapping,"[""robot"", ""env"", ""gas"", ""nav""]",1,"[{""query_id"": ""Q03"", ""query_rank"": 51, ""api_score"": 26.153423, ""raw_file"": ""raw_crossref\\Q03_robotic_gas_mapping.json"", ""raw_item_index"": 50}]"
,10.1109/ecmr.2017.8098707,https://doi.org/10.1109/ecmr.2017.8098707,Probabilistic modeling of gas diffusion with partial differential equations for multi-robot exploration and gas source localization,Thomas Wiedemann; Christoph Manss; Dmitriy Shutin; Achim J. Lilienthal; Valentina Karolj; Alberto Viseras,2017,2017 European Conference on Mobile Robots (ECMR),proceedings-article,IEEE,,,1-7,,17,18,gas_olfaction_mapping,"[""robotic_environmental_monitoring"", ""gas_olfaction_mapping""]",False,False,False,metadata_candidate,robotic_environmental_monitoring;gas_olfaction_mapping,"[""robot"", ""env"", ""gas"", ""nav""]",1,"[{""query_id"": ""Q03"", ""query_rank"": 60, ""api_score"": 25.649895, ""raw_file"": ""raw_crossref\\Q03_robotic_gas_mapping.json"", ""raw_item_index"": 59}]"
,10.1177/1729881417751505,https://doi.org/10.1177/1729881417751505,Path planning for coal mine robot to avoid obstacle in gas distribution area,Xiliang Ma; Ruiqing Mao,2018,International Journal of Advanced Robotic Systems,journal-article,SAGE Publications,15,1,,1729881417751505,13,18,gas_olfaction_mapping,"[""robotic_environmental_monitoring"", ""gas_olfaction_mapping""]",False,False,True,metadata_candidate,robotic_environmental_monitoring;gas_olfaction_mapping,"[""robot"", ""env"", ""gas"", ""nav""]",1,"[{""query_id"": ""Q03"", ""query_rank"": 85, ""api_score"": 24.766771, ""raw_file"": ""raw_crossref\\Q03_robotic_gas_mapping.json"", ""raw_item_index"": 84}]"
,10.1109/tase.2023.3249651,https://doi.org/10.1109/tase.2023.3249651,Structurally Aware 3D Gas Distribution Mapping Using Belief Propagation: A Real-Time Algorithm for Robotic Deployment,Callum Rhodes; Cunjia Liu; Wen-Hua Chen,2024,IEEE Transactions on Automation Science and Engineering,journal-article,Institute of Electrical and Electronics Engineers (IEEE),21,2,1623-1637,,12,18,gas_olfaction_mapping,"[""robotic_environmental_monitoring"", ""gas_olfaction_mapping""]",False,False,False,metadata_candidate,robotic_environmental_monitoring;gas_olfaction_mapping,"[""robot"", ""env"", ""gas"", ""nav""]",1,"[{""query_id"": ""Q03"", ""query_rank"": 55, ""api_score"": 25.838339, ""raw_file"": ""raw_crossref\\Q03_robotic_gas_mapping.json"", ""raw_item_index"": 54}]"
91,10.1109/aeeca49918.2020.9213466,https://doi.org/10.1109/aeeca49918.2020.9213466,Research on Mobile Water Quality Monitoring System Based on Underwater Bionic Robot Fish Platform,Chen Kai; Zhu Weiwei; Dou Lu,2020,2020 IEEE International Conference on Advances in Electrical Engineering and Computer Applications( AEECA),proceedings-article,IEEE,,,457-461,,12,18,water_quality_monitoring,"[""robotic_environmental_monitoring"", ""water_quality_monitoring""]",False,False,False,metadata_candidate,robotic_environmental_monitoring;water_quality_monitoring,"[""robot"", ""env"", ""water"", ""sensor""]",1,"[{""query_id"": ""Q01"", ""query_rank"": 298, ""api_score"": 17.187632, ""raw_file"": ""raw_crossref\\Q01_mobile_robot_environment.json"", ""raw_item_index"": 297}]"
,10.1299/jsmeicam.2010.5.183,https://doi.org/10.1299/jsmeicam.2010.5.183,Collecting a Database for Studying Gas Distribution Mapping and Gas Source Localization with Mobile Robots,Yuta Wada; Marco Trincavelli; Yuichiro Fukazawa; Hiroshi Ishida,2010,The Abstracts of the international conference on advanced mechatronics : toward evolutionary fusion of IT and mechatronics : ICAM,journal-article,Japan Society of Mechanical Engineers,2010.5,0,183-188,,11,18,gas_olfaction_mapping,"[""robotic_environmental_monitoring"", ""gas_olfaction_mapping""]",False,False,False,metadata_candidate,robotic_environmental_monitoring;gas_olfaction_mapping,"[""robot"", ""env"", ""gas"", ""nav""]",1,"[{""query_id"": ""Q03"", ""query_rank"": 2, ""api_score"": 41.948383, ""raw_file"": ""raw_crossref\\Q03_robotic_gas_mapping.json"", ""raw_item_index"": 1}]"
,10.1145/3378184.3378220,https://doi.org/10.1145/3378184.3378220,An Evaluation of Gas Source Localization Algorithms for Mobile Robots,Pepe Ojeda; Javier Monroy; Javier Gonzalez-Jimenez,2020,Proceedings of the 3rd International Conference on Applications of Intelligent Systems,proceedings-article,ACM,,,1-6,,10,18,gas_olfaction_mapping,"[""robotic_environmental_monitoring"", ""gas_olfaction_mapping""]",False,False,False,metadata_candidate,robotic_environmental_monitoring;gas_olfaction_mapping,"[""robot"", ""env"", ""gas"", ""nav""]",1,"[{""query_id"": ""Q03"", ""query_rank"": 130, ""api_score"": 23.758091, ""raw_file"": ""raw_crossref\\Q03_robotic_gas_mapping.json"", ""raw_item_index"": 129}]"
92,10.1080/07438140809354064,https://doi.org/10.1080/07438140809354064,Turbidity and temperature patterns in a reservoir and its primary tributary from robotic monitoring: Implications for managing the quality of withdrawals,Anthony R. Prestigiacomo; Steven W. Effler; David M. O'Donnell; David G. Smith; Donald Pierson,2008,Lake and Reservoir Management,journal-article,Informa UK Limited,24,3,231-243,,9,18,water_quality_monitoring,"[""robotic_environmental_monitoring"", ""water_quality_monitoring""]",False,False,False,metadata_candidate,robotic_environmental_monitoring;water_quality_monitoring,"[""robot"", ""env"", ""water"", ""sensor""]",1,"[{""query_id"": ""Q06"", ""query_rank"": 85, ""api_score"": 22.094048, ""raw_file"": ""raw_crossref\\Q06_robotic_water_quality.json"", ""raw_item_index"": 84}]"
,10.1177/17298806241255797,https://doi.org/10.1177/17298806241255797,Gas source localization using Dueling Deep Q-Network with an olfactory quadruped robot,Yu He; Lei Cheng; YaDuo Pan; DuanChu Wang; YuAo Li; Han Zheng,2024,International Journal of Advanced Robotic Systems,journal-article,SAGE Publications,21,3,,17298806241255797,8,18,gas_olfaction_mapping,"[""robotic_environmental_monitoring"", ""gas_olfaction_mapping""]",False,False,True,metadata_candidate,robotic_environmental_monitoring;gas_olfaction_mapping,"[""robot"", ""env"", ""gas"", ""nav""]",1,"[{""query_id"": ""Q03"", ""query_rank"": 24, ""api_score"": 29.484032, ""raw_file"": ""raw_crossref\\Q03_robotic_gas_mapping.json"", ""raw_item_index"": 23}]"
,10.1109/isoen.2017.7968884,https://doi.org/10.1109/isoen.2017.7968884,Bayesian gas source localization and exploration with a multi-robot system using partial differential equation based modeling,Thomas Wiedemann; Dmitriy Shutin; Victor Hernandez; Erik Schaffernicht; Achim J. Lilienthal,2017,2017 ISOCS/IEEE International Symposium on Olfaction and Electronic Nose (ISOEN),proceedings-article,IEEE,,,1-3,,8,18,gas_olfaction_mapping,"[""robotic_environmental_monitoring"", ""gas_olfaction_mapping""]",False,False,False,metadata_candidate,robotic_environmental_monitoring;gas_olfaction_mapping,"[""robot"", ""env"", ""gas"", ""nav""]",1,"[{""query_id"": ""Q03"", ""query_rank"": 477, ""api_score"": 21.099216, ""raw_file"": ""raw_crossref\\Q03_robotic_gas_mapping.json"", ""raw_item_index"": 476}]"
,10.1007/978-3-642-00644-9_21,https://doi.org/10.1007/978-3-642-00644-9_21,Understanding the Potential Impact of Multiple Robots in Odor Source Localization,Thomas Lochmatter; Alcherio Martinoli,2009,Distributed Autonomous Robotic Systems 8,book-chapter,Springer Berlin Heidelberg,,,239-250,,8,18,gas_olfaction_mapping,"[""robotic_environmental_monitoring"", ""gas_olfaction_mapping""]",False,False,False,metadata_candidate,robotic_environmental_monitoring;gas_olfaction_mapping,"[""robot"", ""env"", ""gas"", ""nav""]",1,"[{""query_id"": ""Q03"", ""query_rank"": 382, ""api_score"": 21.565842, ""raw_file"": ""raw_crossref\\Q03_robotic_gas_mapping.json"", ""raw_item_index"": 381}]"
,10.17762/itii.v9i1.113,https://doi.org/10.17762/itii.v9i1.113,AN ASSESSMENT - WATER QUALITY MONITORING PRACTICES AND SEWER ROBOTIC SYSTEMS,"Saniya Ansari, S. M. Khairnar, Ravindra R. Patil, Rupali S. Kokate",2021,INFORMATION TECHNOLOGY IN INDUSTRY,journal-article,"Auricle Technologies, Pvt., Ltd.",9,1,140-148,,7,18,water_quality_monitoring,"[""robotic_environmental_monitoring"", ""water_quality_monitoring""]",False,False,True,metadata_candidate,robotic_environmental_monitoring;water_quality_monitoring,"[""robot"", ""env"", ""water"", ""sensor""]",1,"[{""query_id"": ""Q06"", ""query_rank"": 100, ""api_score"": 21.842693, ""raw_file"": ""raw_crossref\\Q06_robotic_water_quality.json"", ""raw_item_index"": 99}]"
,10.1109/wcica.2010.5554527,https://doi.org/10.1109/wcica.2010.5554527,Mobile robot gas source localization via top-down visual attention mechanism and shape analysis,Ping Jiang; Qing-Hao Meng; Ming Zeng,2010,2010 8th World Congress on Intelligent Control and Automation,proceedings-article,IEEE,,,1818-1823,,7,18,gas_olfaction_mapping,"[""robotic_environmental_monitoring"", ""gas_olfaction_mapping""]",False,False,False,metadata_candidate,robotic_environmental_monitoring;gas_olfaction_mapping,"[""robot"", ""env"", ""gas"", ""nav""]",1,"[{""query_id"": ""Q03"", ""query_rank"": 168, ""api_score"": 23.40549, ""raw_file"": ""raw_crossref\\Q03_robotic_gas_mapping.json"", ""raw_item_index"": 167}]"
,10.1109/icca.2009.5410516,https://doi.org/10.1109/icca.2009.5410516,Swarm robotic odor source localization using ant colony algorithm,Yuhua Zou; Dehan Luo; Weihai Chen,2009,2009 IEEE International Conference on Control and Automation,proceedings-article,IEEE,,,792-796,,7,18,gas_olfaction_mapping,"[""robotic_environmental_monitoring"", ""gas_olfaction_mapping""]",False,False,False,metadata_candidate,robotic_environmental_monitoring;gas_olfaction_mapping,"[""robot"", ""env"", ""gas"", ""nav""]",1,"[{""query_id"": ""Q03"", ""query_rank"": 383, ""api_score"": 21.565842, ""raw_file"": ""raw_crossref\\Q03_robotic_gas_mapping.json"", ""raw_item_index"": 382}]"
,10.1080/07438140609353897,https://doi.org/10.1080/07438140609353897,"Use of Robotic Monitoring to Assess Turbidity Patterns in Onondaga Lake, NY",Steven W. Effler; David M. O'Donnell; Feng Peng; Anthony R. Prestigiacomo; MaryGail Perkins; Charles T. Driscoll,2006,Lake and Reservoir Management,journal-article,Informa UK Limited,22,3,199-212,,6,18,water_quality_monitoring,"[""robotic_environmental_monitoring"", ""water_quality_monitoring""]",False,False,False,metadata_candidate,robotic_environmental_monitoring;water_quality_monitoring,"[""robot"", ""env"", ""water"", ""sensor""]",1,"[{""query_id"": ""Q06"", ""query_rank"": 456, ""api_score"": 19.485195, ""raw_file"": ""raw_crossref\\Q06_robotic_water_quality.json"", ""raw_item_index"": 455}]"
,10.1109/access.2023.3336560,https://doi.org/10.1109/access.2023.3336560,Multi-Robot Gas Sources Localization and Mapping Using Adaptive Voronoi-PSO and Bayesian Inference,Yaqub A. Prabowo; Bambang R. Trilaksono; Egi M. I. Hidayat; Brian Yuliarto,2023,IEEE Access,journal-article,Institute of Electrical and Electronics Engineers (IEEE),11,,135738-135752,,5,18,gas_olfaction_mapping,"[""robotic_environmental_monitoring"", ""gas_olfaction_mapping""]",False,False,False,metadata_candidate,robotic_environmental_monitoring;gas_olfaction_mapping,"[""robot"", ""env"", ""gas"", ""nav""]",1,"[{""query_id"": ""Q03"", ""query_rank"": 219, ""api_score"": 22.820215, ""raw_file"": ""raw_crossref\\Q03_robotic_gas_mapping.json"", ""raw_item_index"": 218}]"
,10.1109/icccnt56998.2023.10308205,https://doi.org/10.1109/icccnt56998.2023.10308205,Internet of Farming Things and RTOS based Robotic System for Water Quality Monitoring and Fish Feeding in Freshwater Aquaculture,T. Veeramanikandasamy; P. Ramesh Babu; S. Devendiran; N. Aravind,2023,2023 14th International Conference on Computing Communication and Networking Technologies (ICCCNT),proceedings-article,IEEE,,,1-6,,5,18,water_quality_monitoring,"[""robotic_environmental_monitoring"", ""water_quality_monitoring""]",False,False,False,metadata_candidate,robotic_environmental_monitoring;water_quality_monitoring,"[""robot"", ""env"", ""water"", ""sensor""]",1,"[{""query_id"": ""Q06"", ""query_rank"": 422, ""api_score"": 19.671806, ""raw_file"": ""raw_crossref\\Q06_robotic_water_quality.json"", ""raw_item_index"": 421}]"
,10.1109/southeastcon51012.2023.10115175,https://doi.org/10.1109/southeastcon51012.2023.10115175,Learn to Trace Odors: Robotic Odor Source Localization via Deep Learning Methods with Real-world Experiments,Lingxiao Wang; Ziyu Yin; Shuo Pang,2023,SoutheastCon 2023,proceedings-article,IEEE,,,524-531,,5,18,gas_olfaction_mapping,"[""robotic_environmental_monitoring"", ""gas_olfaction_mapping""]",False,False,False,metadata_candidate,robotic_environmental_monitoring;gas_olfaction_mapping,"[""robot"", ""env"", ""gas"", ""nav""]",1,"[{""query_id"": ""Q03"", ""query_rank"": 420, ""api_score"": 21.346521, ""raw_file"": ""raw_crossref\\Q03_robotic_gas_mapping.json"", ""raw_item_index"": 419}]"
,10.1109/ecmr.2017.8098720,https://doi.org/10.1109/ecmr.2017.8098720,Gas source localization strategies for teleoperated mobile robots. An experimental analysis,Andres Gongora; Javier Monroy; Javier Gonzalez-Jimenez,2017,2017 European Conference on Mobile Robots (ECMR),proceedings-article,IEEE,,,1-6,,5,18,gas_olfaction_mapping,"[""robotic_environmental_monitoring"", ""gas_olfaction_mapping""]",False,False,False,metadata_candidate,robotic_environmental_monitoring;gas_olfaction_mapping,"[""robot"", ""env"", ""gas"", ""nav""]",1,"[{""query_id"": ""Q03"", ""query_rank"": 77, ""api_score"": 24.993841, ""raw_file"": ""raw_crossref\\Q03_robotic_gas_mapping.json"", ""raw_item_index"": 76}]"
,10.1109/wcica.2011.5970736,https://doi.org/10.1109/wcica.2011.5970736,Water quality monitoring system based on robotic dolphin,Fei Shen; Changming Wei; Zhiqiang Cao; Chao Zhou; De Xu; Weiyi Zhang,2011,2011 9th World Congress on Intelligent Control and Automation,proceedings-article,IEEE,,,243-247,,5,18,water_quality_monitoring,"[""robotic_environmental_monitoring"", ""water_quality_monitoring""]",False,False,False,metadata_candidate,robotic_environmental_monitoring;water_quality_monitoring,"[""robot"", ""env"", ""water"", ""sensor""]",1,"[{""query_id"": ""Q06"", ""query_rank"": 84, ""api_score"": 22.13295, ""raw_file"": ""raw_crossref\\Q06_robotic_water_quality.json"", ""raw_item_index"": 83}]"
,10.1109/icra57147.2024.10611440,https://doi.org/10.1109/icra57147.2024.10611440,Sense in Motion with Belief Clustering: Efficient Gas Source Localization with Mobile Robots,Wanting Jin; Alcherio Martinoli,2024,2024 IEEE International Conference on Robotics and Automation (ICRA),proceedings-article,IEEE,,,14909-14916,,4,18,gas_olfaction_mapping,"[""robotic_environmental_monitoring"", ""gas_olfaction_mapping""]",False,False,False,metadata_candidate,robotic_environmental_monitoring;gas_olfaction_mapping,"[""robot"", ""env"", ""gas"", ""nav""]",1,"[{""query_id"": ""Q03"", ""query_rank"": 88, ""api_score"": 24.667517, ""raw_file"": ""raw_crossref\\Q03_robotic_gas_mapping.json"", ""raw_item_index"": 87}]"
,10.1109/icra48891.2023.10161276,https://doi.org/10.1109/icra48891.2023.10161276,"Multi-Robot 3D Gas Distribution Mapping: Coordination, Information Sharing and Environmental Knowledge",Chiara Ercolani; Shashank Mahendra Deshmukh; Thomas Laurent Peeters; Alcherio Martinoli,2023,2023 IEEE International Conference on Robotics and Automation (ICRA),proceedings-article,IEEE,,,11418-11424,,4,18,gas_olfaction_mapping,"[""robotic_environmental_monitoring"", ""gas_olfaction_mapping""]",False,False,False,metadata_candidate,robotic_environmental_monitoring;gas_olfaction_mapping,"[""robot"", ""env"", ""gas"", ""nav""]",1,"[{""query_id"": ""Q03"", ""query_rank"": 318, ""api_score"": 21.984138, ""raw_file"": ""raw_crossref\\Q03_robotic_gas_mapping.json"", ""raw_item_index"": 317}]"
,10.1051/e3sconf/201910000004,https://doi.org/10.1051/e3sconf/201910000004,Preliminary research for low-cost particulate matter sensor network,Csongor Báthory; Márton L. Kiss; Attila Trohák; Zsolt Dobó; Árpád Bence Palotás,2019,E3S Web of Conferences,journal-article,EDP Sciences,100,,00004,,4,18,particulate_air_quality,"[""particulate_air_quality"", ""embedded_environmental_sensing""]",False,False,True,metadata_candidate,particulate_air_quality;embedded_environmental_sensing,"[""env"", ""air"", ""sensor"", ""embedded""]",1,"[{""query_id"": ""Q04"", ""query_rank"": 134, ""api_score"": 26.74501, ""raw_file"": ""raw_crossref\\Q04_low_cost_particle_calibration.json"", ""raw_item_index"": 133}]"
93,10.1109/cenim.2018.8711409,https://doi.org/10.1109/cenim.2018.8711409,Online Gas Mapping in Outdoor Environment using Solar-Powered Mobile Robot,Richa Watiasih; Muhammad Rivai; Ontoseno Penangsang; Fajar Budiman; Tukadi; Yusril Izza,2018,"2018 International Conference on Computer Engineering, Network and Intelligent Multimedia (CENIM)",proceedings-article,IEEE,,,245-250,,4,18,outdoor_navigation_fusion,"[""robotic_environmental_monitoring"", ""outdoor_navigation_fusion""]",False,False,False,metadata_candidate,robotic_environmental_monitoring;outdoor_navigation_fusion,"[""robot"", ""env"", ""nav"", ""outdoor""]",1,"[{""query_id"": ""Q08"", ""query_rank"": 95, ""api_score"": 25.904003, ""raw_file"": ""raw_crossref\\Q08_outdoor_mapping_fusion.json"", ""raw_item_index"": 94}]"
,10.1109/icsens.2015.7370630,https://doi.org/10.1109/icsens.2015.7370630,Robotic gas source localization assisted by active airflow generation,Ayano Murai; Kamon Yoshimoto; Ryuichi Takemura; Haruka Matsukura; Hiroshi Ishida,2015,2015 IEEE SENSORS,proceedings-article,IEEE,,,,,4,18,gas_olfaction_mapping,"[""robotic_environmental_monitoring"", ""gas_olfaction_mapping""]",False,False,False,metadata_candidate,robotic_environmental_monitoring;gas_olfaction_mapping,"[""robot"", ""env"", ""gas"", ""nav""]",1,"[{""query_id"": ""Q03"", ""query_rank"": 8, ""api_score"": 34.881927, ""raw_file"": ""raw_crossref\\Q03_robotic_gas_mapping.json"", ""raw_item_index"": 7}]"
,10.1109/iros.2011.6094656,https://doi.org/10.1109/iros.2011.6094656,Gas source localization in indoor environments using multiple inexpensive robots and stigmergy,M. Di Rocco; M. Reggente; A. Saffiotti,2011,2011 IEEE/RSJ International Conference on Intelligent Robots and Systems,proceedings-article,IEEE,,,5007-5014,,4,18,gas_olfaction_mapping,"[""robotic_environmental_monitoring"", ""gas_olfaction_mapping""]",False,False,False,metadata_candidate,robotic_environmental_monitoring;gas_olfaction_mapping,"[""robot"", ""env"", ""gas"", ""nav""]",2,"[{""query_id"": ""Q03"", ""query_rank"": 143, ""api_score"": 23.69126, ""raw_file"": ""raw_crossref\\Q03_robotic_gas_mapping.json"", ""raw_item_index"": 142}]"
,10.1109/icra57147.2024.10610044,https://doi.org/10.1109/icra57147.2024.10610044,Low-to-High Resolution Path Planner for Robotic Gas Distribution Mapping,Rohit V. Nanavati; Callum Rhodes; Matthew J. Coombes; Cunjia Liu,2024,2024 IEEE International Conference on Robotics and Automation (ICRA),proceedings-article,IEEE,,,8457-8463,,3,18,gas_olfaction_mapping,"[""robotic_environmental_monitoring"", ""gas_olfaction_mapping""]",False,False,False,metadata_candidate,robotic_environmental_monitoring;gas_olfaction_mapping,"[""robot"", ""env"", ""gas"", ""nav""]",1,"[{""query_id"": ""Q03"", ""query_rank"": 28, ""api_score"": 29.332878, ""raw_file"": ""raw_crossref\\Q03_robotic_gas_mapping.json"", ""raw_item_index"": 27}]"
,10.1109/ice3is56585.2022.10010251,https://doi.org/10.1109/ice3is56585.2022.10010251,Gas Source Localization via Mobile Robot with Gas Distribution Mapping and Deep Neural Network,Ahmad Shakaff Ali Yeon; Ammar Zakaria; Syed Muhammad Mamduh Syed Zakaria; Retnam Visvanathan; Kamarulzaman Kamarudin; Latifah Munirah Kamarudin,2022,2022 2nd International Conference on Electronic and Electrical Engineering and Intelligent System (ICE3IS),proceedings-article,IEEE,,,120-124,,3,18,gas_olfaction_mapping,"[""robotic_environmental_monitoring"", ""gas_olfaction_mapping""]",False,False,False,metadata_candidate,robotic_environmental_monitoring;gas_olfaction_mapping,"[""robot"", ""env"", ""gas"", ""nav""]",1,"[{""query_id"": ""Q03"", ""query_rank"": 9, ""api_score"": 33.495594, ""raw_file"": ""raw_crossref\\Q03_robotic_gas_mapping.json"", ""raw_item_index"": 8}]"
,10.1109/robio.2016.7866427,https://doi.org/10.1109/robio.2016.7866427,Design and implementation of a robotic dolphin for water quality monitoring,Jincun Liu; Zhengxing Wu; Junzhi Yu,2016,2016 IEEE International Conference on Robotics and Biomimetics (ROBIO),proceedings-article,IEEE,,,835-840,,3,18,water_quality_monitoring,"[""robotic_environmental_monitoring"", ""water_quality_monitoring""]",False,False,False,metadata_candidate,robotic_environmental_monitoring;water_quality_monitoring,"[""robot"", ""env"", ""water"", ""sensor""]",1,"[{""query_id"": ""Q06"", ""query_rank"": 60, ""api_score"": 22.97543, ""raw_file"": ""raw_crossref\\Q06_robotic_water_quality.json"", ""raw_item_index"": 59}]"
,10.1109/chicc.2014.6896392,https://doi.org/10.1109/chicc.2014.6896392,Mobile robot gas source localization based on behavior strategies,Ping Jiang; Xiao-fang Hong; Ai-dong Ge,2014,Proceedings of the 33rd Chinese Control Conference,proceedings-article,IEEE,,,8304-8308,,3,18,gas_olfaction_mapping,"[""robotic_environmental_monitoring"", ""gas_olfaction_mapping""]",False,False,False,metadata_candidate,robotic_environmental_monitoring;gas_olfaction_mapping,"[""robot"", ""env"", ""gas"", ""nav""]",1,"[{""query_id"": ""Q03"", ""query_rank"": 62, ""api_score"": 25.374542, ""raw_file"": ""raw_crossref\\Q03_robotic_gas_mapping.json"", ""raw_item_index"": 61}]"
,10.3182/20110828-6-it-1002.01532,https://doi.org/10.3182/20110828-6-it-1002.01532,A Comparative study of robotic gas source localization algorithms in industrial environments,Erik Persson; David A. Anisi,2011,IFAC Proceedings Volumes,journal-article,Elsevier BV,44,1,899-904,,3,18,gas_olfaction_mapping,"[""robotic_environmental_monitoring"", ""gas_olfaction_mapping""]",False,False,False,metadata_candidate,robotic_environmental_monitoring;gas_olfaction_mapping,"[""robot"", ""env"", ""gas"", ""nav""]",1,"[{""query_id"": ""Q03"", ""query_rank"": 17, ""api_score"": 31.29123, ""raw_file"": ""raw_crossref\\Q03_robotic_gas_mapping.json"", ""raw_item_index"": 16}]"
,10.1109/icmla58977.2023.00157,https://doi.org/10.1109/icmla58977.2023.00157,CNN-LSTM-Based Deep Recurrent Q-Learning for Robotic Gas Source Localization,Iliya Kulbaka; Ayan Dutta; Ladislau Bölöni; O. Patrick Kreidl; Swapnoneel Roy,2023,2023 International Conference on Machine Learning and Applications (ICMLA),proceedings-article,IEEE,,,1060-1065,,2,18,gas_olfaction_mapping,"[""robotic_environmental_monitoring"", ""gas_olfaction_mapping""]",False,False,False,metadata_candidate,robotic_environmental_monitoring;gas_olfaction_mapping,"[""robot"", ""env"", ""gas"", ""nav""]",1,"[{""query_id"": ""Q03"", ""query_rank"": 23, ""api_score"": 29.785536, ""raw_file"": ""raw_crossref\\Q03_robotic_gas_mapping.json"", ""raw_item_index"": 22}]"
,10.1109/irc59093.2023.00016,https://doi.org/10.1109/irc59093.2023.00016,Multi-Modal Robotic Platform Development for Odor Source Localization,Sunzid Hassan; Lingxiao Wang; Khan Raqib Mahmud,2023,2023 Seventh IEEE International Conference on Robotic Computing (IRC),proceedings-article,IEEE,,,59-62,,2,18,gas_olfaction_mapping,"[""robotic_environmental_monitoring"", ""gas_olfaction_mapping""]",False,False,False,metadata_candidate,robotic_environmental_monitoring;gas_olfaction_mapping,"[""robot"", ""env"", ""gas"", ""nav""]",1,"[{""query_id"": ""Q03"", ""query_rank"": 144, ""api_score"": 23.622877, ""raw_file"": ""raw_crossref\\Q03_robotic_gas_mapping.json"", ""raw_item_index"": 143}]"
,10.1109/sensors56945.2023.10325109,https://doi.org/10.1109/sensors56945.2023.10325109,Bout-based Gas Source Localization using Aerial Robot Swarms,Felix Häusler; Jan Stührenberg; Kay Smarsly; Patrick P. Neumann,2023,2023 IEEE SENSORS,proceedings-article,IEEE,,,1-4,,2,18,gas_olfaction_mapping,"[""robotic_environmental_monitoring"", ""gas_olfaction_mapping""]",False,False,False,metadata_candidate,robotic_environmental_monitoring;gas_olfaction_mapping,"[""robot"", ""env"", ""gas"", ""nav""]",1,"[{""query_id"": ""Q03"", ""query_rank"": 48, ""api_score"": 26.380396, ""raw_file"": ""raw_crossref\\Q03_robotic_gas_mapping.json"", ""raw_item_index"": 47}]"
,10.1061/(asce)wr.1943-5452.0000390,https://doi.org/10.1061/(asce)wr.1943-5452.0000390,Robotic Monitoring for Turbidity Management in Multiple Reservoir Water Supply,Steven W. Effler; David M. O’Donnell; Anthony R. Prestigiacomo; Donald C. Pierson; Mark S. Zion; Grantley W. Pyke; W. Josh Weiss,2014,Journal of Water Resources Planning and Management,journal-article,American Society of Civil Engineers (ASCE),140,7,,04014007,2,18,water_quality_monitoring,"[""robotic_environmental_monitoring"", ""water_quality_monitoring""]",False,False,False,metadata_candidate,robotic_environmental_monitoring;water_quality_monitoring,"[""robot"", ""env"", ""water"", ""sensor""]",1,"[{""query_id"": ""Q06"", ""query_rank"": 26, ""api_score"": 25.031923, ""raw_file"": ""raw_crossref\\Q06_robotic_water_quality.json"", ""raw_item_index"": 25}]"
,10.1109/iros60139.2025.11246224,https://doi.org/10.1109/iros60139.2025.11246224,Cumulative Informative Path Planning for Efficient Gas Source Localization with Mobile Robots,Wanting Jin; Hugo Leroy; Nicolaj Bösel-Schmid; Alcherio Martinoli,2025,2025 IEEE/RSJ International Conference on Intelligent Robots and Systems (IROS),proceedings-article,IEEE,,,18088-18094,,1,18,gas_olfaction_mapping,"[""robotic_environmental_monitoring"", ""gas_olfaction_mapping""]",False,False,False,metadata_candidate,robotic_environmental_monitoring;gas_olfaction_mapping,"[""robot"", ""env"", ""gas"", ""nav""]",1,"[{""query_id"": ""Q03"", ""query_rank"": 207, ""api_score"": 22.890347, ""raw_file"": ""raw_crossref\\Q03_robotic_gas_mapping.json"", ""raw_item_index"": 206}]"
,10.1109/icarm62033.2024.10715741,https://doi.org/10.1109/icarm62033.2024.10715741,A Fast-trained and Generalized Spiking Neural Network for Robotic Gas Source Localization,Chiyang Liu; Xinxing Chen; Jian Huang,2024,2024 International Conference on Advanced Robotics and Mechatronics (ICARM),proceedings-article,IEEE,,,490-495,,1,18,gas_olfaction_mapping,"[""robotic_environmental_monitoring"", ""gas_olfaction_mapping""]",False,False,False,metadata_candidate,robotic_environmental_monitoring;gas_olfaction_mapping,"[""robot"", ""env"", ""gas"", ""nav""]",1,"[{""query_id"": ""Q03"", ""query_rank"": 16, ""api_score"": 31.336903, ""raw_file"": ""raw_crossref\\Q03_robotic_gas_mapping.json"", ""raw_item_index"": 15}]"
,10.18495/comengapp.v9i3.343,https://doi.org/10.18495/comengapp.v9i3.343,Gas Source Localization Using Bio-inspired Algorithm for Mini Flying Sniffer Robot: Development and Experimental Investigation,Muhamad Rausyan Fikri,2020,Computer Engineering and Applications Journal,journal-article,"Department of Computer Engineering, Faculty of Computer Science, Universitas Sriwijaya",9,3,207-214,,1,18,gas_olfaction_mapping,"[""robotic_environmental_monitoring"", ""gas_olfaction_mapping""]",False,False,True,metadata_candidate,robotic_environmental_monitoring;gas_olfaction_mapping,"[""robot"", ""env"", ""gas"", ""nav""]",1,"[{""query_id"": ""Q03"", ""query_rank"": 182, ""api_score"": 23.127626, ""raw_file"": ""raw_crossref\\Q03_robotic_gas_mapping.json"", ""raw_item_index"": 181}]"
,10.1142/9789814415958_0016,https://doi.org/10.1142/9789814415958_0016,MOBILE ROBOT NAVIGATION VIA OLFACTION,S.M.ARMAN ULLAH; GURVINDER S. VIRK,2012,Adaptive Mobile Robotics,book-chapter,WORLD SCIENTIFIC,,,97-104,,1,18,gas_olfaction_mapping,"[""robotic_environmental_monitoring"", ""gas_olfaction_mapping""]",False,False,False,metadata_candidate,robotic_environmental_monitoring;gas_olfaction_mapping,"[""robot"", ""env"", ""gas"", ""nav""]",1,"[{""query_id"": ""Q01"", ""query_rank"": 320, ""api_score"": 17.03494, ""raw_file"": ""raw_crossref\\Q01_mobile_robot_environment.json"", ""raw_item_index"": 319}]"
,10.1109/iros.2011.6048334,https://doi.org/10.1109/iros.2011.6048334,Gas source localization in indoor environments using multiple inexpensive robots and stigmergy,Maurizio Di Rocco; Matteo Reggente; Alessandro Saffiotti,2011,2011 IEEE/RSJ International Conference on Intelligent Robots and Systems,proceedings-article,IEEE,,,,,1,18,gas_olfaction_mapping,"[""robotic_environmental_monitoring"", ""gas_olfaction_mapping""]",False,False,False,metadata_candidate,robotic_environmental_monitoring;gas_olfaction_mapping,"[""robot"", ""env"", ""gas"", ""nav""]",2,"[{""query_id"": ""Q03"", ""query_rank"": 102, ""api_score"": 24.354204, ""raw_file"": ""raw_crossref\\Q03_robotic_gas_mapping.json"", ""raw_item_index"": 101}]"
,10.1109/isitia71267.2026.11642215,https://doi.org/10.1109/isitia71267.2026.11642215,Indoor Gas Source Localization Using a Mobile Robot with Stereo Electronic Nose and Ultra-wideband Navigation,Basry A Sihotang; Muhammad Rivai; Muhammad Attamimi,2026,2026 International Seminar on Intelligent Technology and Its Applications (ISITIA),proceedings-article,IEEE,,,672-677,,0,18,gas_olfaction_mapping,"[""robotic_environmental_monitoring"", ""gas_olfaction_mapping""]",False,False,False,metadata_candidate,robotic_environmental_monitoring;gas_olfaction_mapping,"[""robot"", ""env"", ""gas"", ""nav""]",1,"[{""query_id"": ""Q03"", ""query_rank"": 250, ""api_score"": 22.58118, ""raw_file"": ""raw_crossref\\Q03_robotic_gas_mapping.json"", ""raw_item_index"": 249}]"
,10.3390/biomimetics11050350,https://doi.org/10.3390/biomimetics11050350,A Bumblebee-Inspired Spatial Memory Navigation Framework for Robotic Odor Source Localization,Tianyi Xu; Yizhu Guo; Zhigang Wu; Jianing Wu,2026,Biomimetics,journal-article,MDPI AG,11,5,350,,0,18,gas_olfaction_mapping,"[""robotic_environmental_monitoring"", ""gas_olfaction_mapping""]",False,False,True,metadata_candidate,robotic_environmental_monitoring;gas_olfaction_mapping,"[""robot"", ""env"", ""gas"", ""nav""]",1,"[{""query_id"": ""Q03"", ""query_rank"": 488, ""api_score"": 21.060032, ""raw_file"": ""raw_crossref\\Q03_robotic_gas_mapping.json"", ""raw_item_index"": 487}]"
94,10.3390/s26185729,https://doi.org/10.3390/s26185729,Real-to-Sim Calibration and Cross-Domain Trajectory Validation of a Low-Cost Multi-Sensor UGV Digital Twin,Carlos Villagomez Alfaro; Zandra Betzabe Rivera Chavez; Marco Claudio De Simone; Domenico Guida,2026,Sensors,journal-article,MDPI AG,26,18,5729,,0,18,outdoor_navigation_fusion,"[""outdoor_navigation_fusion""]",False,False,True,metadata_candidate,outdoor_navigation_fusion,"[""robot"", ""calib"", ""sensor"", ""outdoor"", ""embedded""]",1,"[{""query_id"": ""Q04"", ""query_rank"": 382, ""api_score"": 22.251707, ""raw_file"": ""raw_crossref\\Q04_low_cost_particle_calibration.json"", ""raw_item_index"": 381}]"
95,10.55248/gengpi.07.0526.c1330,https://doi.org/10.55248/gengpi.07.0526.c1330,"AI-Powered Smart Farming Robot for Insect Detection, Targeted Spraying, and IoT-Based Environmental Monitoring",Magesh Manickam M; Jaibalaji S; Harsh Bothra S; Ms. S. Shamili Shanmugapriya,2026,International Journal of Research Publication and Reviews,journal-article,Genesis Global Publication,7,5,9205-9216,,0,18,robotic_environmental_monitoring,"[""robotic_environmental_monitoring"", ""embedded_environmental_sensing""]",False,False,False,metadata_candidate,robotic_environmental_monitoring;embedded_environmental_sensing,"[""robot"", ""env"", ""sensor"", ""embedded""]",1,"[{""query_id"": ""Q01"", ""query_rank"": 166, ""api_score"": 18.202652, ""raw_file"": ""raw_crossref\\Q01_mobile_robot_environment.json"", ""raw_item_index"": 165}]"
96,10.1109/compas67506.2025.11381712,https://doi.org/10.1109/compas67506.2025.11381712,IoT-Enabled Mobile Robot for Environmental Monitoring with Multi-Modal Communication,Shahin M. Khan; Mumtahina Tasnim Mahi; Tajreen Ferdoush; Mirza Rasheduzzaman,2025,"2025 IEEE 2nd International Conference on Computing, Applications and Systems (COMPAS)",proceedings-article,IEEE,,,1-6,,0,18,robotic_environmental_monitoring,"[""robotic_environmental_monitoring"", ""embedded_environmental_sensing""]",False,False,False,metadata_candidate,robotic_environmental_monitoring;embedded_environmental_sensing,"[""robot"", ""env"", ""sensor"", ""embedded""]",1,"[{""query_id"": ""Q01"", ""query_rank"": 14, ""api_score"": 21.639486, ""raw_file"": ""raw_crossref\\Q01_mobile_robot_environment.json"", ""raw_item_index"": 13}]"
,10.1109/icomms66553.2025.11200196,https://doi.org/10.1109/icomms66553.2025.11200196,Implementing Efficient Gas Dispersion Simulation to Train Autonomous Mobile Robots for Gas Distribution Mapping,Nasr Abdalmanan; Kamarulzaman Kamarudin; Muqri Muazam Zainal; Muhammad Aizat Abu Bakar; Mohd Rizal Manan; Mohd Hafiz Fazalul Rahiman; Ahmad Shakaff Ali Yeon,2025,2025 9th International Conference on Man-Machine Systems (ICoMMS),proceedings-article,IEEE,,,362-367,,0,18,gas_olfaction_mapping,"[""robotic_environmental_monitoring"", ""gas_olfaction_mapping""]",False,False,False,metadata_candidate,robotic_environmental_monitoring;gas_olfaction_mapping,"[""robot"", ""env"", ""gas"", ""nav""]",1,"[{""query_id"": ""Q03"", ""query_rank"": 216, ""api_score"": 22.829807, ""raw_file"": ""raw_crossref\\Q03_robotic_gas_mapping.json"", ""raw_item_index"": 215}]"
,10.1109/icra55743.2025.11128134,https://doi.org/10.1109/icra55743.2025.11128134,Deep Learning Based Topography Aware Gas Source Localization with Mobile Robot,Changhao Tian; Annan Wang; Han Fan; Thomas Wiedemann; Yifei Luo; Le Yang; Weisi Lin; Achim J. Lilienthal; Xiaodong Chen,2025,2025 IEEE International Conference on Robotics and Automation (ICRA),proceedings-article,IEEE,,,4380-4386,,0,18,gas_olfaction_mapping,"[""robotic_environmental_monitoring"", ""gas_olfaction_mapping""]",False,False,False,metadata_candidate,robotic_environmental_monitoring;gas_olfaction_mapping,"[""robot"", ""env"", ""gas"", ""nav""]",1,"[{""query_id"": ""Q03"", ""query_rank"": 470, ""api_score"": 21.116016, ""raw_file"": ""raw_crossref\\Q03_robotic_gas_mapping.json"", ""raw_item_index"": 469}]"
,10.1201/9781003570882-18,https://doi.org/10.1201/9781003570882-18,Convolutional Recurrent Deep Q-Learning for Gas Source Localization with a Mobile Robot,Iliya Kulbaka; Ayan Dutta; Ladislau Bölöni; O. Patrick Kreidl; Swapnoneel Roy,2025,Recent Advances in Deep Learning Applications,book-chapter,Chapman and Hall/CRC,,,277-290,,0,18,gas_olfaction_mapping,"[""robotic_environmental_monitoring"", ""gas_olfaction_mapping""]",False,False,False,metadata_candidate,robotic_environmental_monitoring;gas_olfaction_mapping,"[""robot"", ""env"", ""gas"", ""nav""]",1,"[{""query_id"": ""Q03"", ""query_rank"": 335, ""api_score"": 21.842815, ""raw_file"": ""raw_crossref\\Q03_robotic_gas_mapping.json"", ""raw_item_index"": 334}]"
,10.5194/egusphere-egu25-881,https://doi.org/10.5194/egusphere-egu25-881,"A Multipollutant Low-Cost Sensor Network in Bengaluru, India: Long-Term Performance Evaluation and High-Resolution Mapping of Particulate and Gaseous Pollutants",Emil Varghese; Nirav Lekinwala; Kavyashree N Kalkura; Nidhi Malik; Vinod Shekar; Srinivas Sridharan; Yashwant Pratap S.Y.; Swagata Dey; Subramanian Ramachandran,2025,,posted-content,Copernicus GmbH,,,,,0,18,particulate_air_quality,"[""particulate_air_quality"", ""embedded_environmental_sensing""]",False,False,True,metadata_candidate,particulate_air_quality;embedded_environmental_sensing,"[""env"", ""sensor"", ""nav"", ""embedded""]",1,"[{""query_id"": ""Q04"", ""query_rank"": 452, ""api_score"": 21.594654, ""raw_file"": ""raw_crossref\\Q04_low_cost_particle_calibration.json"", ""raw_item_index"": 451}]"
,10.1109/icoris63540.2024.10903921,https://doi.org/10.1109/icoris63540.2024.10903921,Implementing Robotic Arm for Efficient and Reliable Water Quality Monitoring in Aquaculture,Iska Hazma Mulyadi; Billy Christiandinata; Rissa Rahmania; Muhammad Ikhsan Nurasid; Anissa Istiqomah Arrahmah,2024,2024 6th International Conference on Cybernetics and Intelligent System (ICORIS),proceedings-article,IEEE,,,1-6,,0,18,water_quality_monitoring,"[""robotic_environmental_monitoring"", ""water_quality_monitoring""]",False,False,False,metadata_candidate,robotic_environmental_monitoring;water_quality_monitoring,"[""robot"", ""env"", ""water"", ""sensor""]",1,"[{""query_id"": ""Q06"", ""query_rank"": 239, ""api_score"": 20.58563, ""raw_file"": ""raw_crossref\\Q06_robotic_water_quality.json"", ""raw_item_index"": 238}]"
,10.1109/irc59093.2023.00014,https://doi.org/10.1109/irc59093.2023.00014,Robotic Odor Source Localization via End-to-End Recurrent Deep Reinforcement Learning,Lingxiao Wang; Shuo Pang,2023,2023 Seventh IEEE International Conference on Robotic Computing (IRC),proceedings-article,IEEE,,,43-50,,0,18,gas_olfaction_mapping,"[""robotic_environmental_monitoring"", ""gas_olfaction_mapping""]",False,False,False,metadata_candidate,robotic_environmental_monitoring;gas_olfaction_mapping,"[""robot"", ""env"", ""gas"", ""nav""]",1,"[{""query_id"": ""Q03"", ""query_rank"": 145, ""api_score"": 23.60419, ""raw_file"": ""raw_crossref\\Q03_robotic_gas_mapping.json"", ""raw_item_index"": 144}]"
,10.25236/ajets.2023.060507,https://doi.org/10.25236/ajets.2023.060507,Mobile Robot for Air Quality Monitoring Based on Condensate Water Analysis,,2023,Academic Journal of Engineering and Technology Science,journal-article,Francis Academic Press Ltd.,6,5,,,0,18,particulate_air_quality,"[""robotic_environmental_monitoring"", ""particulate_air_quality""]",False,False,False,metadata_candidate,robotic_environmental_monitoring;particulate_air_quality,"[""robot"", ""env"", ""air"", ""sensor""]",1,"[{""query_id"": ""Q01"", ""query_rank"": 70, ""api_score"": 19.78061, ""raw_file"": ""raw_crossref\\Q01_mobile_robot_environment.json"", ""raw_item_index"": 69}]"
,10.1109/arace56528.2022.00027,https://doi.org/10.1109/arace56528.2022.00027,Multi-robot gas source localization based on conditional information entropy,Yu-Xiu Wu; Wei-Wei Shao; Ai-Min Zhang; Zheng-Lei Luo,2022,"2022 Asia Conference on Advanced Robotics, Automation, and Control Engineering (ARACE)",proceedings-article,IEEE,,,107-114,,0,18,gas_olfaction_mapping,"[""robotic_environmental_monitoring"", ""gas_olfaction_mapping""]",False,False,False,metadata_candidate,robotic_environmental_monitoring;gas_olfaction_mapping,"[""robot"", ""env"", ""gas"", ""nav""]",1,"[{""query_id"": ""Q03"", ""query_rank"": 244, ""api_score"": 22.616272, ""raw_file"": ""raw_crossref\\Q03_robotic_gas_mapping.json"", ""raw_item_index"": 243}]"
,10.1299/jsmekanto.2014.20._20711-1_,https://doi.org/10.1299/jsmekanto.2014.20._20711-1_,20711 Collecting Database for Development of Gas Source Localization Robots : Collecting Thermal Distribution Data,Tomoaki TAKEZAWA; Yuya MIKAMI; Haruka MATSUKURA; Hiroshi ISHIDA,2014,The Proceedings of Conference of Kanto Branch,journal-article,Japan Society of Mechanical Engineers,2014.20,0,_20711-1_-_20711-2_,,0,18,gas_olfaction_mapping,"[""robotic_environmental_monitoring"", ""gas_olfaction_mapping""]",False,False,False,metadata_candidate,robotic_environmental_monitoring;gas_olfaction_mapping,"[""robot"", ""env"", ""gas"", ""nav""]",1,"[{""query_id"": ""Q03"", ""query_rank"": 380, ""api_score"": 21.57407, ""raw_file"": ""raw_crossref\\Q03_robotic_gas_mapping.json"", ""raw_item_index"": 379}]"
,10.4304/jcp.8.10.2672-2677,https://doi.org/10.4304/jcp.8.10.2672-2677,Least Square Estimation Based Mobile Robot Gas Source Localization in Stable-Airflow Environment,Tao Gao; Ping Jiang,2013,Journal of Computers,journal-article,International Academy Publishing (IAP),8,10,,,0,18,gas_olfaction_mapping,"[""robotic_environmental_monitoring"", ""gas_olfaction_mapping""]",False,False,False,metadata_candidate,robotic_environmental_monitoring;gas_olfaction_mapping,"[""robot"", ""env"", ""gas"", ""nav""]",1,"[{""query_id"": ""Q03"", ""query_rank"": 58, ""api_score"": 25.667248, ""raw_file"": ""raw_crossref\\Q03_robotic_gas_mapping.json"", ""raw_item_index"": 57}]"
,10.1299/jsmermd.2012._2a1-j05_1,https://doi.org/10.1299/jsmermd.2012._2a1-j05_1,2A1-J05 Odor Source Intensity-based Localization Algorithm for Decentralized Swarm Robots(Robotic Systems Based on Autonomous Decentralized Architecture),Suwantaweekul Lalitta; Geunho Lee; Nak Young Chong,2012,The Proceedings of JSME annual Conference on Robotics and Mechatronics (Robomec),journal-article,Japan Society of Mechanical Engineers,2012,0,_2A1-J05_1-_2A1-J05_4,,0,18,gas_olfaction_mapping,"[""robotic_environmental_monitoring"", ""gas_olfaction_mapping""]",False,False,False,metadata_candidate,robotic_environmental_monitoring;gas_olfaction_mapping,"[""robot"", ""env"", ""gas"", ""nav""]",1,"[{""query_id"": ""Q03"", ""query_rank"": 399, ""api_score"": 21.447615, ""raw_file"": ""raw_crossref\\Q03_robotic_gas_mapping.json"", ""raw_item_index"": 398}]"
,10.2139/ssrn.7225340,https://doi.org/10.2139/ssrn.7225340,"Unmanned Aerial Vehicles for Odor Source Localization and Gas Distribution Mapping: A Systematic Review of Methods, Sensors, Platforms, Simulators, and Applications",Shoaib Ahsan Shah; Mah Jabeen; Patrick Neumann; Qinghao Meng,2026,,posted-content,Elsevier BV,,,,,0,17,gas_olfaction_mapping,"[""robotic_environmental_monitoring"", ""gas_olfaction_mapping""]",True,False,True,metadata_candidate,robotic_environmental_monitoring;gas_olfaction_mapping,"[""env"", ""gas"", ""sensor"", ""nav"", ""review""]",1,"[{""query_id"": ""Q03"", ""query_rank"": 7, ""api_score"": 35.340153, ""raw_file"": ""raw_crossref\\Q03_robotic_gas_mapping.json"", ""raw_item_index"": 6}]"
,10.63158/journalisi.v8i3.1630,https://doi.org/10.63158/journalisi.v8i3.1630,A Systematic Literature Review of Dissolved Oxygen and Turbidity Monitoring in Biofloc Aquaculture: IoT and Machine Learning for Water Quality Management,Candra Zulkarnain; Cucuk Wawan Budiyanto; Mohd Shafie Bakar,2026,Journal of Information Systems and Informatics,journal-article,Asosiasi Doktor Sistem Informasi Indonesia,8,3,2961-2983,,0,17,water_quality_monitoring,"[""water_quality_monitoring"", ""embedded_environmental_sensing""]",True,False,True,metadata_candidate,water_quality_monitoring;embedded_environmental_sensing,"[""env"", ""water"", ""sensor"", ""embedded"", ""review""]",1,"[{""query_id"": ""Q06"", ""query_rank"": 101, ""api_score"": 21.840885, ""raw_file"": ""raw_crossref\\Q06_robotic_water_quality.json"", ""raw_item_index"": 100}]"
,10.3390/atmos16020172,https://doi.org/10.3390/atmos16020172,Benchmarking Low-Cost Particulate Matter Sensors: Evaluating Performance Under Controlled Environmental Conditions Using Low-Cost Experimental Setups,Arianna Alvarez Cruz; Olivier Schalm; Luis Ernesto Morera Hernández; Alain Martínez Laguardia; Daniellys Alejo Sánchez; Mayra C. Morales Pérez; Rosa Amalia González Rivero; Yasser Morera Gómez,2025,Atmosphere,journal-article,MDPI AG,16,2,172,,3,17,particulate_air_quality,"[""particulate_air_quality"", ""embedded_environmental_sensing""]",False,True,True,metadata_candidate,particulate_air_quality;embedded_environmental_sensing,"[""env"", ""air"", ""sensor"", ""embedded"", ""dataset""]",1,"[{""query_id"": ""Q04"", ""query_rank"": 253, ""api_score"": 23.711834, ""raw_file"": ""raw_crossref\\Q04_low_cost_particle_calibration.json"", ""raw_item_index"": 252}]"
,10.3390/s18092790,https://doi.org/10.3390/s18092790,Developing a Relative Humidity Correction for Low-Cost Sensors Measuring Ambient Particulate Matter,Andrea Di Antonio; Olalekan A. M. Popoola; Bin Ouyang; John Saffell; Roderic L. Jones,2018,Sensors,journal-article,MDPI AG,18,9,2790,,143,17,particulate_air_quality,"[""particulate_air_quality"", ""embedded_environmental_sensing""]",False,False,True,metadata_candidate,particulate_air_quality;embedded_environmental_sensing,"[""env"", ""air"", ""sensor"", ""embedded""]",1,"[{""query_id"": ""Q04"", ""query_rank"": 279, ""api_score"": 23.293827, ""raw_file"": ""raw_crossref\\Q04_low_cost_particle_calibration.json"", ""raw_item_index"": 278}]"
,10.3390/s18124484,https://doi.org/10.3390/s18124484,Application of Convolutional Long Short-Term Memory Neural Networks to Signals Collected from a Sensor Network for Autonomous Gas Source Localization in Outdoor Environments,Christian Bilgera; Akifumi Yamamoto; Maki Sawano; Haruka Matsukura; Hiroshi Ishida,2018,Sensors,journal-article,MDPI AG,18,12,4484,,81,17,gas_olfaction_mapping,"[""gas_olfaction_mapping""]",False,False,True,metadata_candidate,gas_olfaction_mapping,"[""env"", ""gas"", ""sensor"", ""nav"", ""outdoor""]",1,"[{""query_id"": ""Q03"", ""query_rank"": 472, ""api_score"": 21.10986, ""raw_file"": ""raw_crossref\\Q03_robotic_gas_mapping.json"", ""raw_item_index"": 471}]"
,10.3390/atmos12080961,https://doi.org/10.3390/atmos12080961,Assessment of Low-Cost Particulate Matter Sensor Systems against Optical and Gravimetric Methods in a Field Co-Location in Norway,Matthias Vogt; Philipp Schneider; Nuria Castell; Paul Hamer,2021,Atmosphere,journal-article,MDPI AG,12,8,961,,54,17,particulate_air_quality,"[""particulate_air_quality"", ""embedded_environmental_sensing""]",False,False,True,metadata_candidate,particulate_air_quality;embedded_environmental_sensing,"[""env"", ""air"", ""sensor"", ""embedded""]",1,"[{""query_id"": ""Q04"", ""query_rank"": 78, ""api_score"": 28.559937, ""raw_file"": ""raw_crossref\\Q04_low_cost_particle_calibration.json"", ""raw_item_index"": 77}]"
,10.3390/s19204439,https://doi.org/10.3390/s19204439,Development of a Cost-Effective Optical Sensor for Continuous Monitoring of Turbidity and Suspended Particulate Matter in Marine Environment,T. Matos; C. L. Faria; M. S. Martins; Renato Henriques; P. A. Gomes; L. M. Goncalves,2019,Sensors,journal-article,MDPI AG,19,20,4439,,51,17,water_quality_monitoring,"[""particulate_air_quality"", ""water_quality_monitoring""]",False,False,True,metadata_candidate,particulate_air_quality;water_quality_monitoring,"[""env"", ""air"", ""water"", ""sensor""]",1,"[{""query_id"": ""Q04"", ""query_rank"": 368, ""api_score"": 22.390038, ""raw_file"": ""raw_crossref\\Q04_low_cost_particle_calibration.json"", ""raw_item_index"": 367}]"
,10.3390/s20113073,https://doi.org/10.3390/s20113073,How to Get the Best from Low-Cost Particulate Matter Sensors: Guidelines and Practical Recommendations,Erika Brattich; Alessandro Bracci; Alessandro Zappi; Pietro Morozzi; Silvana Di Sabatino; Federico Porcù; Francesca Di Nicola; Laura Tositti,2020,Sensors,journal-article,MDPI AG,20,11,3073,,47,17,particulate_air_quality,"[""particulate_air_quality"", ""embedded_environmental_sensing""]",False,False,True,metadata_candidate,particulate_air_quality;embedded_environmental_sensing,"[""env"", ""air"", ""sensor"", ""embedded""]",1,"[{""query_id"": ""Q04"", ""query_rank"": 423, ""api_score"": 21.985138, ""raw_file"": ""raw_crossref\\Q04_low_cost_particle_calibration.json"", ""raw_item_index"": 422}]"
,10.1039/d2ea00142j,https://doi.org/10.1039/d2ea00142j,An analysis of degradation in low-cost particulate matter sensors,Priyanka deSouza; Karoline Barkjohn; Andrea Clements; Jenny Lee; Ralph Kahn; Ben Crawford; Patrick Kinney,2023,Environmental Science: Atmospheres,journal-article,Royal Society of Chemistry (RSC),3,3,521-536,,29,17,particulate_air_quality,"[""particulate_air_quality"", ""embedded_environmental_sensing""]",False,False,True,metadata_candidate,particulate_air_quality;embedded_environmental_sensing,"[""env"", ""air"", ""sensor"", ""embedded""]",1,"[{""query_id"": ""Q04"", ""query_rank"": 337, ""api_score"": 22.693197, ""raw_file"": ""raw_crossref\\Q04_low_cost_particle_calibration.json"", ""raw_item_index"": 336}]"
97,10.3390/s21227456,https://doi.org/10.3390/s21227456,"A Portable Device for Methane Measurement Using a Low-Cost Semiconductor Sensor: Development, Calibration and Environmental Applications",Leonardo Furst; Manuel Feliciano; Laercio Frare; Getúlio Igrejas,2021,Sensors,journal-article,MDPI AG,21,22,7456,,28,17,gas_sensor_calibration,"[""gas_sensor_calibration"", ""embedded_environmental_sensing""]",False,False,True,metadata_candidate,gas_sensor_calibration;embedded_environmental_sensing,"[""env"", ""calib"", ""sensor"", ""embedded""]",1,"[{""query_id"": ""Q04"", ""query_rank"": 241, ""api_score"": 23.93868, ""raw_file"": ""raw_crossref\\Q04_low_cost_particle_calibration.json"", ""raw_item_index"": 240}]"
,10.3390/s18093008,https://doi.org/10.3390/s18093008,Sensor Selection to Improve Estimates of Particulate Matter Concentration from a Low-Cost Network,Sinan Sousan; Alyson Gray; Christopher Zuidema; Larissa Stebounova; Geb Thomas; Kirsten Koehler; Thomas Peters,2018,Sensors,journal-article,MDPI AG,18,9,3008,,20,17,particulate_air_quality,"[""particulate_air_quality"", ""embedded_environmental_sensing""]",False,False,True,metadata_candidate,particulate_air_quality;embedded_environmental_sensing,"[""env"", ""air"", ""sensor"", ""embedded""]",1,"[{""query_id"": ""Q04"", ""query_rank"": 76, ""api_score"": 28.6479, ""raw_file"": ""raw_crossref\\Q04_low_cost_particle_calibration.json"", ""raw_item_index"": 75}]"
,10.3390/ijerph20031934,https://doi.org/10.3390/ijerph20031934,Efficacy of Low-Cost Sensor Networks at Detecting Fine-Scale Variations in Particulate Matter in Urban Environments,Asrah Heintzelman; Gabriel M. Filippelli; Max J. Moreno-Madriñan; Jeffrey S. Wilson; Lixin Wang; Gregory K. Druschel; Vijay O. Lulla,2023,International Journal of Environmental Research and Public Health,journal-article,MDPI AG,20,3,1934,,19,17,particulate_air_quality,"[""particulate_air_quality"", ""embedded_environmental_sensing""]",False,False,True,metadata_candidate,particulate_air_quality;embedded_environmental_sensing,"[""env"", ""air"", ""sensor"", ""embedded""]",1,"[{""query_id"": ""Q04"", ""query_rank"": 232, ""api_score"": 24.067553, ""raw_file"": ""raw_crossref\\Q04_low_cost_particle_calibration.json"", ""raw_item_index"": 231}]"
,10.3390/s19030749,https://doi.org/10.3390/s19030749,FeinPhone: Low-cost Smartphone Camera-based 2D Particulate Matter Sensor,Matthias Budde; Simon Leiner; Marcel Köpke; Johannes Riesterer; Till Riedel; Michael Beigl,2019,Sensors,journal-article,MDPI AG,19,3,749,,15,17,particulate_air_quality,"[""particulate_air_quality"", ""embedded_environmental_sensing""]",False,False,True,metadata_candidate,particulate_air_quality;embedded_environmental_sensing,"[""env"", ""air"", ""sensor"", ""embedded""]",1,"[{""query_id"": ""Q04"", ""query_rank"": 43, ""api_score"": 30.832352, ""raw_file"": ""raw_crossref\\Q04_low_cost_particle_calibration.json"", ""raw_item_index"": 42}]"
,10.1049/wss2.12034,https://doi.org/10.1049/wss2.12034,Laboratory and field evaluation of three low‐cost particulate matter sensors,Mohammad Ghamari; Cinna Soltanpur; Pablo Rangel; William A. Groves; Vladislav Kecojevic,2022,IET Wireless Sensor Systems,journal-article,Institution of Engineering and Technology (IET),12,1,21-32,,12,17,particulate_air_quality,"[""particulate_air_quality""]",False,False,True,metadata_candidate,particulate_air_quality,"[""env"", ""air"", ""calib"", ""sensor""]",1,"[{""query_id"": ""Q04"", ""query_rank"": 59, ""api_score"": 29.60738, ""raw_file"": ""raw_crossref\\Q04_low_cost_particle_calibration.json"", ""raw_item_index"": 58}]"
,10.5194/amt-14-7369-2021,https://doi.org/10.5194/amt-14-7369-2021,Evaluation methods for low-cost particulate matter sensors,Jeffrey K. Bean,2021,Atmospheric Measurement Techniques,journal-article,Copernicus GmbH,14,11,7369-7379,,10,17,particulate_air_quality,"[""particulate_air_quality"", ""embedded_environmental_sensing""]",False,False,True,metadata_candidate,particulate_air_quality;embedded_environmental_sensing,"[""env"", ""air"", ""sensor"", ""embedded""]",2,"[{""query_id"": ""Q04"", ""query_rank"": 125, ""api_score"": 26.838005, ""raw_file"": ""raw_crossref\\Q04_low_cost_particle_calibration.json"", ""raw_item_index"": 124}]"
,10.3390/atmos12030300,https://doi.org/10.3390/atmos12030300,Assessment and Improvement of Two Low-Cost Particulate Matter Sensor Systems by Using Spatial Interpolation Data from Air Quality Monitoring Stations,Chen-Jui Liang; Pei-Rong Yu,2021,Atmosphere,journal-article,MDPI AG,12,3,300,,9,17,particulate_air_quality,"[""particulate_air_quality"", ""embedded_environmental_sensing""]",False,False,True,metadata_candidate,particulate_air_quality;embedded_environmental_sensing,"[""env"", ""air"", ""sensor"", ""embedded""]",1,"[{""query_id"": ""Q04"", ""query_rank"": 66, ""api_score"": 29.049854, ""raw_file"": ""raw_crossref\\Q04_low_cost_particle_calibration.json"", ""raw_item_index"": 65}]"
,10.3390/s24134052,https://doi.org/10.3390/s24134052,Data Evaluation of a Low-Cost Sensor Network for Atmospheric Particulate Matter Monitoring in 15 Municipalities in Serbia,Danka B. Stojanović; Duška Kleut; Miloš Davidović; Marija Živković; Uzahir Ramadani; Maja Jovanović; Ivan Lazović; Milena Jovašević-Stojanović,2024,Sensors,journal-article,MDPI AG,24,13,4052,,8,17,particulate_air_quality,"[""particulate_air_quality"", ""embedded_environmental_sensing""]",False,False,True,metadata_candidate,particulate_air_quality;embedded_environmental_sensing,"[""env"", ""air"", ""sensor"", ""embedded""]",1,"[{""query_id"": ""Q04"", ""query_rank"": 143, ""api_score"": 26.156324, ""raw_file"": ""raw_crossref\\Q04_low_cost_particle_calibration.json"", ""raw_item_index"": 142}]"
,10.3390/atmos15030336,https://doi.org/10.3390/atmos15030336,"Using a Low-Cost Sensor to Estimate Fine Particulate Matter: A Case Study in Samutprakarn, Thailand",Supichaya Roddee; Supachai Changphuek; Supet Jirakajohnkool; Panatda Tochaiyaphum; Worradorn Phairuang; Thaneeya Chetiyanukornkul; Yaowatat Boongla,2024,Atmosphere,journal-article,MDPI AG,15,3,336,,7,17,particulate_air_quality,"[""particulate_air_quality"", ""embedded_environmental_sensing""]",False,False,True,metadata_candidate,particulate_air_quality;embedded_environmental_sensing,"[""env"", ""air"", ""sensor"", ""embedded""]",1,"[{""query_id"": ""Q04"", ""query_rank"": 96, ""api_score"": 27.89496, ""raw_file"": ""raw_crossref\\Q04_low_cost_particle_calibration.json"", ""raw_item_index"": 95}]"
,10.3390/su162210108,https://doi.org/10.3390/su162210108,Low-Cost Solution for Air Quality Monitoring: Unmanned Aerial System and Data Transmission via LoRa Protocol,Francisco David Parra-Medina; Manuel Andrés Vélez-Guerrero; Mauro Callejas-Cuervo,2024,Sustainability,journal-article,MDPI AG,16,22,10108,,7,17,particulate_air_quality,"[""particulate_air_quality"", ""embedded_environmental_sensing""]",False,False,True,metadata_candidate,particulate_air_quality;embedded_environmental_sensing,"[""env"", ""air"", ""sensor"", ""embedded""]",1,"[{""query_id"": ""Q02"", ""query_rank"": 331, ""api_score"": 23.279446, ""raw_file"": ""raw_crossref\\Q02_ground_rover_air_quality.json"", ""raw_item_index"": 330}]"
98,10.3390/atmos15111313,https://doi.org/10.3390/atmos15111313,Addressing Low-Cost Methane Sensor Calibration Shortcomings with Machine Learning,Elijah Kiplimo; Stuart N. Riddick; Mercy Mbua; Aashish Upreti; Abhinav Anand; Daniel J. Zimmerle,2024,Atmosphere,journal-article,MDPI AG,15,11,1313,,4,17,gas_sensor_calibration,"[""gas_sensor_calibration"", ""embedded_environmental_sensing""]",False,False,True,metadata_candidate,gas_sensor_calibration;embedded_environmental_sensing,"[""env"", ""calib"", ""sensor"", ""embedded""]",2,"[{""query_id"": ""Q04"", ""query_rank"": 225, ""api_score"": 24.201365, ""raw_file"": ""raw_crossref\\Q04_low_cost_particle_calibration.json"", ""raw_item_index"": 224}]"
,10.3390/air1030015,https://doi.org/10.3390/air1030015,Using Low-Cost Sensing Technology to Assess Ambient and Indoor Fine Particulate Matter Concentrations in New York during the COVID-19 Lockdown,Justin Holder; Jamelia Jordan; Kera Johnson; Ayodele Akinremi; Dawn Roberts-Semple,2023,Air,journal-article,MDPI AG,1,3,196-206,,4,17,particulate_air_quality,"[""particulate_air_quality"", ""embedded_environmental_sensing""]",False,False,True,metadata_candidate,particulate_air_quality;embedded_environmental_sensing,"[""env"", ""air"", ""sensor"", ""embedded""]",1,"[{""query_id"": ""Q04"", ""query_rank"": 476, ""api_score"": 21.452263, ""raw_file"": ""raw_crossref\\Q04_low_cost_particle_calibration.json"", ""raw_item_index"": 475}]"
,10.1088/1755-1315/1123/1/012068,https://doi.org/10.1088/1755-1315/1123/1/012068,Barometric Pressure as a correction factor for low-cost particulate matter sensors,I. Christakis; K. Moutzouris; O. Tsakiridis; I. Stavrakas,2022,IOP Conference Series: Earth and Environmental Science,journal-article,IOP Publishing,1123,1,012068,,4,17,particulate_air_quality,"[""particulate_air_quality"", ""embedded_environmental_sensing""]",False,False,True,metadata_candidate,particulate_air_quality;embedded_environmental_sensing,"[""env"", ""air"", ""sensor"", ""embedded""]",1,"[{""query_id"": ""Q04"", ""query_rank"": 489, ""api_score"": 21.383488, ""raw_file"": ""raw_crossref\\Q04_low_cost_particle_calibration.json"", ""raw_item_index"": 488}]"
,10.3390/s25030692,https://doi.org/10.3390/s25030692,One-Point Calibration of Low-Cost Sensors for Particulate Air Matter (PM) Concentration Measurement,Luigi Russi; Paolo Guidorzi; Giovanni Semprini; Arianna Trentini; Beatrice Pulvirenti,2025,Sensors,journal-article,MDPI AG,25,3,692,,3,17,particulate_air_quality,"[""particulate_air_quality"", ""embedded_environmental_sensing""]",False,False,True,metadata_candidate,particulate_air_quality;embedded_environmental_sensing,"[""env"", ""calib"", ""sensor"", ""embedded""]",1,"[{""query_id"": ""Q04"", ""query_rank"": 38, ""api_score"": 31.56939, ""raw_file"": ""raw_crossref\\Q04_low_cost_particle_calibration.json"", ""raw_item_index"": 37}]"
,10.3390/atmos15080965,https://doi.org/10.3390/atmos15080965,Estimation of Particulate Matter Levels in City Center Pedestrian Routes with the Aid of Low-Cost Sensors,Dimos Dimitrios Plakotaris; Theodosios Kassandros; Evangelos Bagkis; Kostas Karatzas,2024,Atmosphere,journal-article,MDPI AG,15,8,965,,3,17,particulate_air_quality,"[""particulate_air_quality"", ""embedded_environmental_sensing""]",False,False,True,metadata_candidate,particulate_air_quality;embedded_environmental_sensing,"[""env"", ""air"", ""sensor"", ""embedded""]",1,"[{""query_id"": ""Q04"", ""query_rank"": 266, ""api_score"": 23.490622, ""raw_file"": ""raw_crossref\\Q04_low_cost_particle_calibration.json"", ""raw_item_index"": 265}]"
,10.33140/jmtcm.02.05.01,https://doi.org/10.33140/jmtcm.02.05.01,Benefits of Water Quality Monitoring,,2023,Journal of Mathematical Techniques and Computational Mathematics,journal-article,Opast Group LLC,2,5,175-179,,3,17,water_quality_monitoring,"[""particulate_air_quality"", ""water_quality_monitoring"", ""embedded_environmental_sensing""]",False,False,True,metadata_candidate,particulate_air_quality;water_quality_monitoring;embedded_environmental_sensing,"[""env"", ""water"", ""sensor""]",1,"[{""query_id"": ""Q06"", ""query_rank"": 171, ""api_score"": 20.99628, ""raw_file"": ""raw_crossref\\Q06_robotic_water_quality.json"", ""raw_item_index"": 170}]"
,10.21307/ijssis-2019-077,https://doi.org/10.21307/ijssis-2019-077,Overcoming Long Recovery Time of Metal-Oxide Gas Sensor With Certainty Factor Sensing Algorithm,Kok Seng Eu; Kian Meng Yap,2014,International Journal on Smart Sensing and Intelligent Systems,journal-article,Walter de Gruyter GmbH,7,5,1-6,,3,17,gas_olfaction_mapping,"[""robotic_environmental_monitoring"", ""gas_olfaction_mapping"", ""embedded_environmental_sensing""]",False,False,True,metadata_candidate,robotic_environmental_monitoring;gas_olfaction_mapping;embedded_environmental_sensing,"[""env"", ""gas"", ""sensor""]",1,"[{""query_id"": ""Q05"", ""query_rank"": 331, ""api_score"": 21.515171, ""raw_file"": ""raw_crossref\\Q05_gas_sensor_calibration.json"", ""raw_item_index"": 330}]"
,10.3390/environments13060351,https://doi.org/10.3390/environments13060351,"Building and Maintaining Low-Cost Particulate Matter Monitoring Networks in Sub-Saharan Africa: Lessons from Burkina Faso, Niger, and Republic of Guinea",Maurizio Bacci; Giovanni Gualtieri; Gaptia Lawan Katiellou; Bernard Nana; Luc Descroix; Alessandro Zaldei,2026,Environments,journal-article,MDPI AG,13,6,351,,1,17,particulate_air_quality,"[""particulate_air_quality"", ""embedded_environmental_sensing""]",False,False,True,metadata_candidate,particulate_air_quality;embedded_environmental_sensing,"[""env"", ""air"", ""sensor"", ""embedded""]",1,"[{""query_id"": ""Q04"", ""query_rank"": 483, ""api_score"": 21.423752, ""raw_file"": ""raw_crossref\\Q04_low_cost_particle_calibration.json"", ""raw_item_index"": 482}]"
,10.20944/preprints202408.2111.v1,https://doi.org/10.20944/preprints202408.2111.v1,Addressing Low-Cost Methane Sensor Calibration Shortcomings with Machine Learning,Elijah Kiplimo; Stuart N. Riddick; Mercy Mbua; Aashish Upreti; Abhinav Anand; Daniel J. Zimmerle,2024,,posted-content,MDPI AG,,,,,1,17,gas_sensor_calibration,"[""gas_sensor_calibration"", ""embedded_environmental_sensing""]",False,False,True,metadata_candidate,gas_sensor_calibration;embedded_environmental_sensing,"[""env"", ""calib"", ""sensor"", ""embedded""]",2,"[{""query_id"": ""Q04"", ""query_rank"": 181, ""api_score"": 25.12899, ""raw_file"": ""raw_crossref\\Q04_low_cost_particle_calibration.json"", ""raw_item_index"": 180}]"
,10.1149/1.2981135,https://doi.org/10.1149/1.2981135,Odor Source Localization for Early Fire Detection by using MOS-type Gas Sensor Array with Infrared Vision,Yoshinori Takei; Toru Fuma; Hiroyuki Kawai; Michio Uneda; Hidehito Nanto; Shin Koyama,2008,ECS Transactions,journal-article,The Electrochemical Society,16,11,325-329,,1,17,gas_olfaction_mapping,"[""robotic_environmental_monitoring"", ""gas_olfaction_mapping""]",False,False,True,metadata_candidate,robotic_environmental_monitoring;gas_olfaction_mapping,"[""env"", ""gas"", ""sensor"", ""nav""]",2,"[{""query_id"": ""Q03"", ""query_rank"": 455, ""api_score"": 21.162935, ""raw_file"": ""raw_crossref\\Q03_robotic_gas_mapping.json"", ""raw_item_index"": 454}]"
,10.1109/isoen68725.2026.11665229,https://doi.org/10.1109/isoen68725.2026.11665229,Gas Source Localization in Outdoor Environment Using Deep Learning and Stationary Sensor Network: Change in the Spacing Between Gas Sensors,Gao-Ju Zhao; Haruka Matsukura; Hiroshi Ishida,2026,2026 IEEE International Symposium on Olfaction and Electronic Nose (ISOEN),proceedings-article,IEEE,,,328-330,,0,17,gas_olfaction_mapping,"[""gas_olfaction_mapping""]",False,False,False,metadata_candidate,gas_olfaction_mapping,"[""env"", ""gas"", ""sensor"", ""nav"", ""outdoor""]",1,"[{""query_id"": ""Q03"", ""query_rank"": 57, ""api_score"": 25.672184, ""raw_file"": ""raw_crossref\\Q03_robotic_gas_mapping.json"", ""raw_item_index"": 56}]"
,10.22201/icat.24486736e.2026.24.4.3077,https://doi.org/10.22201/icat.24486736e.2026.24.4.3077,Assessing Fine Particulate Matter (PM(2.5)) Pedestrian Exposure in Urban Environments: Low-Cost Sensor Deployment and Preliminary Findings in Puebla’s Historic Center,Marco Antonio Mora-Ramírez; Tomás Carrasco Fuentes; Xóchitl Cruz Núñez; Carmen Cerón Garnica,2026,Journal of Applied Research and Technology,journal-article,Universidad Nacional Autonoma de Mexico,24,4,598-609,,0,17,particulate_air_quality,"[""particulate_air_quality"", ""embedded_environmental_sensing""]",False,False,True,metadata_candidate,particulate_air_quality;embedded_environmental_sensing,"[""env"", ""air"", ""sensor"", ""embedded""]",1,"[{""query_id"": ""Q04"", ""query_rank"": 207, ""api_score"": 24.57759, ""raw_file"": ""raw_crossref\\Q04_low_cost_particle_calibration.json"", ""raw_item_index"": 206}]"
,10.30744/brjac.2179-3425.ar-59-2025,https://doi.org/10.30744/brjac.2179-3425.ar-59-2025,Low-Cost Particulate Matter Sensor in Indoor and External Classroom Environments,Pontifícia Universidade Católica do Rio de Janeiro; José Henrique Fernandes; Leonardo Alves; Iêda Pastre; Cristina Oliveira; Fernando Fertonani,2026,Brazilian Journal of Analytical Chemistry,journal-article,Brazilian Journal of Analytical Chemistry,13,51,,,0,17,particulate_air_quality,"[""particulate_air_quality"", ""embedded_environmental_sensing""]",False,False,True,metadata_candidate,particulate_air_quality;embedded_environmental_sensing,"[""env"", ""air"", ""sensor"", ""embedded""]",1,"[{""query_id"": ""Q04"", ""query_rank"": 154, ""api_score"": 25.576664, ""raw_file"": ""raw_crossref\\Q04_low_cost_particle_calibration.json"", ""raw_item_index"": 153}]"
,10.3390/atmos17090855,https://doi.org/10.3390/atmos17090855,Short-Term Variability of Trace Gases and Particulate Matter in the Antarctic Peninsula Atmosphere Using a Low-Cost Air Sensor,Mohd Shahrul Mohd Nadzir; Justin Sentian; Haris Hafizal Abd. Hamid; Raul Cordero; Intan Suraya Razak; Chang Hee Kuan; Tengku Nilam Baizura Tengku Ibrahim,2026,Atmosphere,journal-article,MDPI AG,17,9,855,,0,17,particulate_air_quality,"[""particulate_air_quality"", ""embedded_environmental_sensing""]",False,False,True,metadata_candidate,particulate_air_quality;embedded_environmental_sensing,"[""env"", ""air"", ""sensor"", ""embedded""]",1,"[{""query_id"": ""Q04"", ""query_rank"": 210, ""api_score"": 24.54639, ""raw_file"": ""raw_crossref\\Q04_low_cost_particle_calibration.json"", ""raw_item_index"": 209}]"
,10.3390/s26154988,https://doi.org/10.3390/s26154988,Limitations of Environmental Extrapolation in Low-Cost Carbon Monoxide and Fine Particulate Matter Sensors,Sean Benjamin; Evan R. Coffey; Caroline Frischmon; Michael Hannigan,2026,Sensors,journal-article,MDPI AG,26,15,4988,,0,17,particulate_air_quality,"[""particulate_air_quality"", ""embedded_environmental_sensing""]",False,False,True,metadata_candidate,particulate_air_quality;embedded_environmental_sensing,"[""env"", ""air"", ""sensor"", ""embedded""]",1,"[{""query_id"": ""Q04"", ""query_rank"": 213, ""api_score"": 24.474394, ""raw_file"": ""raw_crossref\\Q04_low_cost_particle_calibration.json"", ""raw_item_index"": 212}]"
,10.37547/ajast/volume06issue05-25,https://doi.org/10.37547/ajast/volume06issue05-25,Effect Of Temperature And Humidity On Low-Cost Air Quality Sensor Readings,Kholmatov Oybek; Khakimov Akbar,2026,American Journal of Applied Science and Technology,journal-article,The USA Journals,06,05,152-156,,0,17,particulate_air_quality,"[""particulate_air_quality"", ""embedded_environmental_sensing""]",False,False,True,metadata_candidate,particulate_air_quality;embedded_environmental_sensing,"[""env"", ""air"", ""sensor"", ""embedded""]",1,"[{""query_id"": ""Q04"", ""query_rank"": 500, ""api_score"": 21.203104, ""raw_file"": ""raw_crossref\\Q04_low_cost_particle_calibration.json"", ""raw_item_index"": 499}]"
,10.38124/ijisrt/26aug448,https://doi.org/10.38124/ijisrt/26aug448,Assessment of Indoor Particulate Matter Concentrations Across Different Residential Microenvironments Using Portable Low-Cost Sensors,Shalini V.; Shilpa Kulkarni,2026,International Journal of Innovative Science and Research Technology,journal-article,International Journal of Innovative Science and Research Technology,,,1094,IJISRT26AUG448,0,17,particulate_air_quality,"[""particulate_air_quality"", ""embedded_environmental_sensing""]",False,False,True,metadata_candidate,particulate_air_quality;embedded_environmental_sensing,"[""env"", ""air"", ""sensor"", ""embedded""]",1,"[{""query_id"": ""Q04"", ""query_rank"": 440, ""api_score"": 21.8428, ""raw_file"": ""raw_crossref\\Q04_low_cost_particle_calibration.json"", ""raw_item_index"": 439}]"
99,10.1115/1.4071125,https://doi.org/10.1115/1.4071125,A Novel Unmanned Ground Vehicle-Based Soil Sampling System for High-Precision Soil Moisture Monitoring,Elias Small; Ilektra Tsimpidi; Ilias Tevetzidis; George Nikolakopoulos,2025,ASME Letters in Translational Robotics,journal-article,ASME International,1,4,,041004,0,17,robotic_sampling,"[""robotic_sampling""]",False,False,True,metadata_candidate,robotic_sampling,"[""robot"", ""sensor"", ""outdoor"", ""sampling""]",1,"[{""query_id"": ""Q02"", ""query_rank"": 104, ""api_score"": 25.488197, ""raw_file"": ""raw_crossref\\Q02_ground_rover_air_quality.json"", ""raw_item_index"": 103}]"
,10.22190/fuwlep241206013b,https://doi.org/10.22190/fuwlep241206013b,EVALUATION OF A LOW-COST-SENSOR-BASED PARTICULATE MATTER MONITOR: A COMPARATIVE STUDY,Aca Božilov,2024,"Facta Universitatis, Series: Working and Living Environmental Protection",journal-article,University of Nis,,,143,,0,17,particulate_air_quality,"[""particulate_air_quality"", ""embedded_environmental_sensing""]",False,False,True,metadata_candidate,particulate_air_quality;embedded_environmental_sensing,"[""env"", ""air"", ""sensor"", ""embedded""]",1,"[{""query_id"": ""Q04"", ""query_rank"": 63, ""api_score"": 29.353909, ""raw_file"": ""raw_crossref\\Q04_low_cost_particle_calibration.json"", ""raw_item_index"": 62}]"
,10.5194/egusphere-egu23-3805,https://doi.org/10.5194/egusphere-egu23-3805,"Monitoring the Diurnal and Seasonal Variation of Ambient of Ambient Particulate Matter (PM2.5) using Low-Cost Sensors in Juja, Kenya",Josephine Kanyeria Ndiang'ui; Paul Njogu; Daniel Westervelt,2023,,posted-content,Copernicus GmbH,,,,,0,17,particulate_air_quality,"[""particulate_air_quality"", ""embedded_environmental_sensing""]",False,False,True,metadata_candidate,particulate_air_quality;embedded_environmental_sensing,"[""env"", ""air"", ""sensor"", ""embedded""]",1,"[{""query_id"": ""Q04"", ""query_rank"": 185, ""api_score"": 25.0824, ""raw_file"": ""raw_crossref\\Q04_low_cost_particle_calibration.json"", ""raw_item_index"": 184}]"
,10.5194/amt-2021-154,https://doi.org/10.5194/amt-2021-154,Evaluation methods for low-cost particulate matter sensors,Jeffrey K. Bean,2021,,posted-content,Copernicus GmbH,,,,,0,17,particulate_air_quality,"[""particulate_air_quality"", ""embedded_environmental_sensing""]",False,False,True,metadata_candidate,particulate_air_quality;embedded_environmental_sensing,"[""env"", ""air"", ""sensor"", ""embedded""]",2,"[{""query_id"": ""Q04"", ""query_rank"": 68, ""api_score"": 28.861408, ""raw_file"": ""raw_crossref\\Q04_low_cost_particle_calibration.json"", ""raw_item_index"": 67}]"
,10.3390/earth4010009,https://doi.org/10.3390/earth4010009,A Review of Literature on the Usage of Low-Cost Sensors to Measure Particulate Matter,Amit U. Raysoni; Sai Deepak Pinakana; Esmeralda Mendez; Dawid Wladyka; Katarzyna Sepielak; Owen Temby,2023,Earth,journal-article,MDPI AG,4,1,168-186,,50,16,particulate_air_quality,"[""particulate_air_quality"", ""embedded_environmental_sensing""]",True,False,True,metadata_candidate,particulate_air_quality;embedded_environmental_sensing,"[""env"", ""air"", ""sensor"", ""embedded"", ""review""]",1,"[{""query_id"": ""Q04"", ""query_rank"": 357, ""api_score"": 22.485622, ""raw_file"": ""raw_crossref\\Q04_low_cost_particle_calibration.json"", ""raw_item_index"": 356}]"
100,10.1016/s0925-4005(00)00639-0,https://doi.org/10.1016/s0925-4005(00)00639-0,Micromachined metal oxide gas sensors: opportunities to improve sensor performance,Isolde Simon; Nicolae Bârsan; Michael Bauer; Udo Weimar,2001,Sensors and Actuators B: Chemical,journal-article,Elsevier BV,73,1,1-26,,582,16,gas_sensor_calibration,"[""gas_sensor_calibration""]",False,False,False,metadata_candidate,gas_sensor_calibration,"[""env"", ""gas"", ""calib"", ""sensor""]",1,"[{""query_id"": ""Q05"", ""query_rank"": 341, ""api_score"": 21.489288, ""raw_file"": ""raw_crossref\\Q05_gas_sensor_calibration.json"", ""raw_item_index"": 340}]"
,10.1109/tim.2019.2963515,https://doi.org/10.1109/tim.2019.2963515,A Low-Cost Unmanned Surface Vehicle for Pervasive Water Quality Monitoring,Dario Madeo; Alessandro Pozzebon; Chiara Mocenni; Duccio Bertoni,2020,IEEE Transactions on Instrumentation and Measurement,journal-article,Institute of Electrical and Electronics Engineers (IEEE),69,4,1433-1444,,124,16,water_quality_monitoring,"[""water_quality_monitoring"", ""embedded_environmental_sensing""]",False,False,False,metadata_candidate,water_quality_monitoring;embedded_environmental_sensing,"[""env"", ""water"", ""sensor"", ""embedded""]",1,"[{""query_id"": ""Q02"", ""query_rank"": 346, ""api_score"": 23.20602, ""raw_file"": ""raw_crossref\\Q02_ground_rover_air_quality.json"", ""raw_item_index"": 345}]"
,10.4209/aaqr.2018.12.0485,https://doi.org/10.4209/aaqr.2018.12.0485,Evaluation of Nine Low-cost-sensor-based Particulate Matter Monitors,Jiayu Li; Simar K. Mattewal; Sameer Patel; Pratim Biswas,2020,Aerosol and Air Quality Research,journal-article,Springer Science and Business Media LLC,20,2,254-270,,120,16,particulate_air_quality,"[""particulate_air_quality"", ""embedded_environmental_sensing""]",False,False,False,metadata_candidate,particulate_air_quality;embedded_environmental_sensing,"[""env"", ""air"", ""sensor"", ""embedded""]",1,"[{""query_id"": ""Q04"", ""query_rank"": 95, ""api_score"": 27.955856, ""raw_file"": ""raw_crossref\\Q04_low_cost_particle_calibration.json"", ""raw_item_index"": 94}]"
,10.3390/s17081805,https://doi.org/10.3390/s17081805,Assessing the Utility of Low-Cost Particulate Matter Sensors over a 12-Week Period in the Cuyama Valley of California,Anondo Mukherjee; Levi Stanton; Ashley Graham; Paul Roberts,2017,Sensors,journal-article,MDPI AG,17,8,1805,,120,16,particulate_air_quality,"[""particulate_air_quality"", ""embedded_environmental_sensing""]",False,False,True,metadata_candidate,particulate_air_quality;embedded_environmental_sensing,"[""env"", ""air"", ""sensor"", ""embedded""]",1,"[{""query_id"": ""Q04"", ""query_rank"": 308, ""api_score"": 22.971497, ""raw_file"": ""raw_crossref\\Q04_low_cost_particle_calibration.json"", ""raw_item_index"": 307}]"
,10.4209/aaqr.2017.10.0418,https://doi.org/10.4209/aaqr.2017.10.0418,Field Test of Several Low-Cost Particulate Matter Sensors in High and Low Concentration Urban Environments,Karoline K. Johnson; Michael H. Bergin; Armistead G. Russell; Gayle S.W. Hagler,2018,Aerosol and Air Quality Research,journal-article,Springer Science and Business Media LLC,18,3,565-578,,119,16,particulate_air_quality,"[""particulate_air_quality"", ""embedded_environmental_sensing""]",False,False,False,metadata_candidate,particulate_air_quality;embedded_environmental_sensing,"[""env"", ""air"", ""sensor"", ""embedded""]",1,"[{""query_id"": ""Q04"", ""query_rank"": 374, ""api_score"": 22.297646, ""raw_file"": ""raw_crossref\\Q04_low_cost_particle_calibration.json"", ""raw_item_index"": 373}]"
,10.1016/j.aquaeng.2018.01.004,https://doi.org/10.1016/j.aquaeng.2018.01.004,Design and development of low cost smart turbidity sensor for water quality monitoring in fish farms,Lorena Parra; Javier Rocher; Julia Escrivá; Jaime Lloret,2018,Aquacultural Engineering,journal-article,Elsevier BV,81,,10-18,,114,16,water_quality_monitoring,"[""water_quality_monitoring"", ""embedded_environmental_sensing""]",False,False,False,metadata_candidate,water_quality_monitoring;embedded_environmental_sensing,"[""env"", ""water"", ""sensor"", ""embedded""]",1,"[{""query_id"": ""Q06"", ""query_rank"": 37, ""api_score"": 24.148401, ""raw_file"": ""raw_crossref\\Q06_robotic_water_quality.json"", ""raw_item_index"": 36}]"
,10.1021/acs.estlett.3c00030,https://doi.org/10.1021/acs.estlett.3c00030,Size-Resolved Field Performance of Low-Cost Sensors for Particulate Matter Air Pollution,Emilio Molina Rueda; Ellison Carter; Christian L’Orange; Casey Quinn; John Volckens,2023,Environmental Science & Technology Letters,journal-article,American Chemical Society (ACS),10,3,247-253,,107,16,particulate_air_quality,"[""particulate_air_quality"", ""embedded_environmental_sensing""]",False,False,False,metadata_candidate,particulate_air_quality;embedded_environmental_sensing,"[""env"", ""air"", ""sensor"", ""embedded""]",1,"[{""query_id"": ""Q04"", ""query_rank"": 484, ""api_score"": 21.423752, ""raw_file"": ""raw_crossref\\Q04_low_cost_particle_calibration.json"", ""raw_item_index"": 483}]"
,10.1016/j.jaerosci.2021.105809,https://doi.org/10.1016/j.jaerosci.2021.105809,Evaluation of nine machine learning regression algorithms for calibration of low-cost PM2.5 sensor,Vikas Kumar; Manoranjan Sahu,2021,Journal of Aerosol Science,journal-article,Elsevier BV,157,,105809,105809,101,16,particulate_air_quality,"[""particulate_air_quality""]",False,False,False,metadata_candidate,particulate_air_quality,"[""air"", ""calib"", ""sensor"", ""embedded""]",1,"[{""query_id"": ""Q04"", ""query_rank"": 224, ""api_score"": 24.20847, ""raw_file"": ""raw_crossref\\Q04_low_cost_particle_calibration.json"", ""raw_item_index"": 223}]"
,10.1016/j.buildenv.2017.11.001,https://doi.org/10.1016/j.buildenv.2017.11.001,Spatiotemporal distribution of indoor particulate matter concentration with a low-cost sensor network,Jiayu Li; Haoran Li; Yehan Ma; Yang Wang; Ahmed A. Abokifa; Chenyang Lu; Pratim Biswas,2018,Building and Environment,journal-article,Elsevier BV,127,,138-147,,98,16,particulate_air_quality,"[""particulate_air_quality"", ""embedded_environmental_sensing""]",False,False,False,metadata_candidate,particulate_air_quality;embedded_environmental_sensing,"[""env"", ""air"", ""sensor"", ""embedded""]",1,"[{""query_id"": ""Q04"", ""query_rank"": 119, ""api_score"": 27.279493, ""raw_file"": ""raw_crossref\\Q04_low_cost_particle_calibration.json"", ""raw_item_index"": 118}]"
,10.1007/s10661-020-8118-4,https://doi.org/10.1007/s10661-020-8118-4,"Field performance of a low-cost sensor in the monitoring of particulate matter in Santiago, Chile",Matías Tagle; Francisca Rojas; Felipe Reyes; Yeanice Vásquez; Fredrik Hallgren; Jenny Lindén; Dimitar Kolev; Ågot K. Watne; Pedro Oyola,2020,Environmental Monitoring and Assessment,journal-article,Springer Science and Business Media LLC,192,3,,171,90,16,particulate_air_quality,"[""particulate_air_quality"", ""embedded_environmental_sensing""]",False,False,True,metadata_candidate,particulate_air_quality;embedded_environmental_sensing,"[""env"", ""air"", ""sensor"", ""embedded""]",1,"[{""query_id"": ""Q04"", ""query_rank"": 203, ""api_score"": 24.624924, ""raw_file"": ""raw_crossref\\Q04_low_cost_particle_calibration.json"", ""raw_item_index"": 202}]"
,10.1016/j.envint.2023.107907,https://doi.org/10.1016/j.envint.2023.107907,Monitoring and apportioning sources of indoor air quality using low-cost particulate matter sensors,Dimitrios Bousiotis; Leah-Nani S. Alconcel; David C.S. Beddows; Roy M. Harrison; Francis D. Pope,2023,Environment International,journal-article,Elsevier BV,174,,107907,107907,68,16,particulate_air_quality,"[""particulate_air_quality"", ""embedded_environmental_sensing""]",False,False,False,metadata_candidate,particulate_air_quality;embedded_environmental_sensing,"[""env"", ""air"", ""sensor"", ""embedded""]",1,"[{""query_id"": ""Q04"", ""query_rank"": 399, ""api_score"": 22.12141, ""raw_file"": ""raw_crossref\\Q04_low_cost_particle_calibration.json"", ""raw_item_index"": 398}]"
,10.1016/j.envres.2021.111352,https://doi.org/10.1016/j.envres.2021.111352,A land use regression model using machine learning and locally developed low cost particulate matter sensors in Uganda,Eric S. Coker; A. Kofi Amegah; Ernest Mwebaze; Joel Ssematimba; Engineer Bainomugisha,2021,Environmental Research,journal-article,Elsevier BV,199,,111352,111352,65,16,particulate_air_quality,"[""particulate_air_quality"", ""embedded_environmental_sensing""]",False,False,False,metadata_candidate,particulate_air_quality;embedded_environmental_sensing,"[""env"", ""air"", ""sensor"", ""embedded""]",1,"[{""query_id"": ""Q04"", ""query_rank"": 425, ""api_score"": 21.975422, ""raw_file"": ""raw_crossref\\Q04_low_cost_particle_calibration.json"", ""raw_item_index"": 424}]"
,10.3390/s18103318,https://doi.org/10.3390/s18103318,Design of Amphibious Vehicle for Unmanned Mission in Water Quality Monitoring Using Internet of Things,Balasubramanian Esakki; Surendar Ganesan; Silambarasan Mathiyazhagan; Kanagachidambaresan Ramasubramanian; Bhuvaneshwaran Gnanasekaran; Byungrak Son; Su Woo Park; Jae Sung Choi,2018,Sensors,journal-article,MDPI AG,18,10,3318,,62,16,water_quality_monitoring,"[""water_quality_monitoring"", ""embedded_environmental_sensing""]",False,False,True,metadata_candidate,water_quality_monitoring;embedded_environmental_sensing,"[""env"", ""water"", ""sensor"", ""embedded""]",1,"[{""query_id"": ""Q02"", ""query_rank"": 443, ""api_score"": 22.6684, ""raw_file"": ""raw_crossref\\Q02_ground_rover_air_quality.json"", ""raw_item_index"": 442}]"
,10.1145/2541831.2541859,https://doi.org/10.1145/2541831.2541859,Enabling low-cost particulate matter measurement for participatory sensing scenarios,Matthias Budde; Rayan El Masri; Till Riedel; Michael Beigl,2013,Proceedings of the 12th International Conference on Mobile and Ubiquitous Multimedia,proceedings-article,ACM,,,1-10,,60,16,particulate_air_quality,"[""particulate_air_quality"", ""embedded_environmental_sensing""]",False,False,False,metadata_candidate,particulate_air_quality;embedded_environmental_sensing,"[""env"", ""air"", ""sensor"", ""embedded""]",1,"[{""query_id"": ""Q04"", ""query_rank"": 262, ""api_score"": 23.511673, ""raw_file"": ""raw_crossref\\Q04_low_cost_particle_calibration.json"", ""raw_item_index"": 261}]"
,10.1016/j.envpol.2020.115833,https://doi.org/10.1016/j.envpol.2020.115833,Improving accuracy of air pollution exposure measurements: Statistical correction of a municipal low-cost airborne particulate matter sensor network,Ellen M. Considine; Colleen E. Reid; Michael R. Ogletree; Timothy Dye,2021,Environmental Pollution,journal-article,Elsevier BV,268,,115833,115833,54,16,particulate_air_quality,"[""particulate_air_quality"", ""embedded_environmental_sensing""]",False,False,False,metadata_candidate,particulate_air_quality;embedded_environmental_sensing,"[""env"", ""air"", ""sensor"", ""embedded""]",1,"[{""query_id"": ""Q04"", ""query_rank"": 107, ""api_score"": 27.427406, ""raw_file"": ""raw_crossref\\Q04_low_cost_particle_calibration.json"", ""raw_item_index"": 106}]"
,10.1016/j.ecoinf.2021.101421,https://doi.org/10.1016/j.ecoinf.2021.101421,An improved real-time water quality monitoring embedded system with IoT on unmanned surface vehicle,Shriram K. Vasudevan; Balraj Baskaran,2021,Ecological Informatics,journal-article,Elsevier BV,65,,101421,101421,53,16,water_quality_monitoring,"[""water_quality_monitoring"", ""embedded_environmental_sensing""]",False,False,False,metadata_candidate,water_quality_monitoring;embedded_environmental_sensing,"[""env"", ""water"", ""sensor"", ""embedded""]",1,"[{""query_id"": ""Q02"", ""query_rank"": 92, ""api_score"": 25.660866, ""raw_file"": ""raw_crossref\\Q02_ground_rover_air_quality.json"", ""raw_item_index"": 91}]"
,10.1016/j.scs.2020.102197,https://doi.org/10.1016/j.scs.2020.102197,Estimation of particulate matter exposure to construction workers using low-cost dust sensors,Daniel Cheriyan; Jae-ho Choi,2020,Sustainable Cities and Society,journal-article,Elsevier BV,59,,102197,102197,51,16,particulate_air_quality,"[""particulate_air_quality"", ""embedded_environmental_sensing""]",False,False,False,metadata_candidate,particulate_air_quality;embedded_environmental_sensing,"[""env"", ""air"", ""sensor"", ""embedded""]",1,"[{""query_id"": ""Q04"", ""query_rank"": 229, ""api_score"": 24.116852, ""raw_file"": ""raw_crossref\\Q04_low_cost_particle_calibration.json"", ""raw_item_index"": 228}]"
,10.1016/j.atmosenv.2022.119251,https://doi.org/10.1016/j.atmosenv.2022.119251,Can data reliability of low-cost sensor devices for indoor air particulate matter monitoring be improved? – An approach using machine learning,H. Chojer; P.T.B.S. Branco; F.G. Martins; M.C.M. Alvim-Ferraz; S.I.V. Sousa,2022,Atmospheric Environment,journal-article,Elsevier BV,286,,119251,119251,42,16,particulate_air_quality,"[""particulate_air_quality"", ""embedded_environmental_sensing""]",False,False,False,metadata_candidate,particulate_air_quality;embedded_environmental_sensing,"[""env"", ""air"", ""sensor"", ""embedded""]",1,"[{""query_id"": ""Q04"", ""query_rank"": 135, ""api_score"": 26.740936, ""raw_file"": ""raw_crossref\\Q04_low_cost_particle_calibration.json"", ""raw_item_index"": 134}]"
,10.3390/s20247290,https://doi.org/10.3390/s20247290,Comparison of Low-Cost Particulate Matter Sensors for Indoor Air Monitoring during COVID-19 Lockdown,Miron Kaliszewski; Maksymilian Włodarski; Jarosław Młyńczak; Krzysztof Kopczyński,2020,Sensors,journal-article,MDPI AG,20,24,7290,,39,16,particulate_air_quality,"[""particulate_air_quality"", ""embedded_environmental_sensing""]",False,False,True,metadata_candidate,particulate_air_quality;embedded_environmental_sensing,"[""env"", ""air"", ""sensor"", ""embedded""]",1,"[{""query_id"": ""Q04"", ""query_rank"": 217, ""api_score"": 24.401478, ""raw_file"": ""raw_crossref\\Q04_low_cost_particle_calibration.json"", ""raw_item_index"": 216}]"
101,10.3390/s130709160,https://doi.org/10.3390/s130709160,Metal Oxide Gas Sensor Drift Compensation Using a Dynamic Classifier Ensemble Based on Fitting,Hang Liu; Zhenan Tang,2013,Sensors,journal-article,MDPI AG,13,7,9160-9173,,38,16,gas_sensor_calibration,"[""gas_sensor_calibration""]",False,False,True,metadata_candidate,gas_sensor_calibration,"[""env"", ""gas"", ""calib"", ""sensor""]",1,"[{""query_id"": ""Q05"", ""query_rank"": 82, ""api_score"": 24.10106, ""raw_file"": ""raw_crossref\\Q05_gas_sensor_calibration.json"", ""raw_item_index"": 81}]"
102,10.1016/j.snb.2021.130769,https://doi.org/10.1016/j.snb.2021.130769,Global calibration models for temperature-modulated metal oxide gas sensors: A strategy to reduce calibration costs,Albert Miquel-Ibarz; Javier Burgués; Santiago Marco,2022,Sensors and Actuators B: Chemical,journal-article,Elsevier BV,350,,130769,130769,34,16,gas_sensor_calibration,"[""gas_sensor_calibration""]",False,False,False,metadata_candidate,gas_sensor_calibration,"[""env"", ""gas"", ""calib"", ""sensor""]",1,"[{""query_id"": ""Q05"", ""query_rank"": 60, ""api_score"": 24.813894, ""raw_file"": ""raw_crossref\\Q05_gas_sensor_calibration.json"", ""raw_item_index"": 59}]"
103,10.3390/s150510180,https://doi.org/10.3390/s150510180,Metal Oxide Gas Sensor Drift Compensation Using a Two-Dimensional Classifier Ensemble,Hang Liu; Renzhi Chu; Zhenan Tang,2015,Sensors,journal-article,MDPI AG,15,5,10180-10193,,34,16,gas_sensor_calibration,"[""gas_sensor_calibration""]",False,False,True,metadata_candidate,gas_sensor_calibration,"[""env"", ""gas"", ""calib"", ""sensor""]",1,"[{""query_id"": ""Q05"", ""query_rank"": 83, ""api_score"": 24.097927, ""raw_file"": ""raw_crossref\\Q05_gas_sensor_calibration.json"", ""raw_item_index"": 82}]"
104,10.1016/j.atmosenv.2023.119955,https://doi.org/10.1016/j.atmosenv.2023.119955,Long-term field calibration of low-cost metal oxide VOC sensor: Meteorological and interference gas effects,Gung-Hwa Hong; Thi-Cuc Le; Guan-Yu Lin; Hung-Wen Cheng; Jhih-Yuan Yu; Racha Dejchanchaiwong; Perapong Tekasakul; Chuen-Jinn Tsai,2023,Atmospheric Environment,journal-article,Elsevier BV,310,,119955,119955,29,16,gas_sensor_calibration,"[""gas_sensor_calibration""]",False,False,False,metadata_candidate,gas_sensor_calibration,"[""gas"", ""calib"", ""sensor"", ""embedded""]",1,"[{""query_id"": ""Q05"", ""query_rank"": 57, ""api_score"": 24.994198, ""raw_file"": ""raw_crossref\\Q05_gas_sensor_calibration.json"", ""raw_item_index"": 56}]"
105,10.1007/s00216-013-7502-0,https://doi.org/10.1007/s00216-013-7502-0,Grain shape influence on semiconducting metal oxide based gas sensor performance: modeling versus experiment,Julia Rebholz; Peter Bonanati; Udo Weimar; Nicolae Barsan,2013,Analytical and Bioanalytical Chemistry,journal-article,Springer Science and Business Media LLC,406,16,3977-3983,,28,16,gas_sensor_calibration,"[""gas_sensor_calibration""]",False,False,False,metadata_candidate,gas_sensor_calibration,"[""env"", ""gas"", ""calib"", ""sensor""]",1,"[{""query_id"": ""Q05"", ""query_rank"": 440, ""api_score"": 20.768353, ""raw_file"": ""raw_crossref\\Q05_gas_sensor_calibration.json"", ""raw_item_index"": 439}]"
,10.1109/coase.2013.6653970,https://doi.org/10.1109/coase.2013.6653970,Low-cost coarse airborne particulate matter sensing for indoor occupancy detection,Kevin Weekly; Donghyun Rim; Lin Zhang; Alexandre M. Bayen; William W. Nazaroff; Costas J. Spanos,2013,2013 IEEE International Conference on Automation Science and Engineering (CASE),proceedings-article,IEEE,,,32-37,,28,16,particulate_air_quality,"[""particulate_air_quality"", ""embedded_environmental_sensing""]",False,False,False,metadata_candidate,particulate_air_quality;embedded_environmental_sensing,"[""env"", ""air"", ""sensor"", ""embedded""]",1,"[{""query_id"": ""Q04"", ""query_rank"": 391, ""api_score"": 22.19624, ""raw_file"": ""raw_crossref\\Q04_low_cost_particle_calibration.json"", ""raw_item_index"": 390}]"
,10.1016/j.uclim.2023.101753,https://doi.org/10.1016/j.uclim.2023.101753,Effect of environmental conditions on the performance of a low-cost atmospheric particulate matter sensor,Bárbara A. Macías-Hernández; Edgar Tello-Leal; Oliver Barrios S.; Manuel A. Leiva-Guzmán; Richard Toro A.,2023,Urban Climate,journal-article,Elsevier BV,52,,101753,101753,27,16,particulate_air_quality,"[""particulate_air_quality"", ""embedded_environmental_sensing""]",False,False,False,metadata_candidate,particulate_air_quality;embedded_environmental_sensing,"[""env"", ""air"", ""sensor"", ""embedded""]",1,"[{""query_id"": ""Q04"", ""query_rank"": 129, ""api_score"": 26.79449, ""raw_file"": ""raw_crossref\\Q04_low_cost_particle_calibration.json"", ""raw_item_index"": 128}]"
,10.1016/j.ohx.2022.e00369,https://doi.org/10.1016/j.ohx.2022.e00369,Prototyping a low-cost open-source autonomous unmanned surface vehicle for real-time water quality monitoring and visualization,Jae Hyeon Ryu,2022,HardwareX,journal-article,Elsevier BV,12,,e00369,e00369,26,16,water_quality_monitoring,"[""water_quality_monitoring"", ""embedded_environmental_sensing""]",False,False,False,metadata_candidate,water_quality_monitoring;embedded_environmental_sensing,"[""env"", ""water"", ""sensor"", ""embedded""]",1,"[{""query_id"": ""Q02"", ""query_rank"": 77, ""api_score"": 25.916847, ""raw_file"": ""raw_crossref\\Q02_ground_rover_air_quality.json"", ""raw_item_index"": 76}]"
,10.1080/09593330.2017.1332106,https://doi.org/10.1080/09593330.2017.1332106,"Low-cost mobile air pollution monitoring in urban environments: a pilot study in Lubbock, Texas",Grant R. McKercher; Jennifer K. Vanos,2017,Environmental Technology,journal-article,Informa UK Limited,39,12,1505-1514,,26,16,particulate_air_quality,"[""particulate_air_quality"", ""embedded_environmental_sensing""]",False,False,False,metadata_candidate,particulate_air_quality;embedded_environmental_sensing,"[""env"", ""air"", ""sensor"", ""embedded""]",1,"[{""query_id"": ""Q01"", ""query_rank"": 339, ""api_score"": 16.981262, ""raw_file"": ""raw_crossref\\Q01_mobile_robot_environment.json"", ""raw_item_index"": 338}]"
,10.3390/atmos14020324,https://doi.org/10.3390/atmos14020324,Using Low-Cost Sensors for Measuring and Monitoring Particulate Matter with a Focus on Fine and Ultrafine Particles,Simona Kirešová; Milan Guzan; Branislav Sobota,2023,Atmosphere,journal-article,MDPI AG,14,2,324,,24,16,particulate_air_quality,"[""particulate_air_quality"", ""embedded_environmental_sensing""]",False,False,True,metadata_candidate,particulate_air_quality;embedded_environmental_sensing,"[""env"", ""air"", ""sensor"", ""embedded""]",1,"[{""query_id"": ""Q04"", ""query_rank"": 231, ""api_score"": 24.076832, ""raw_file"": ""raw_crossref\\Q04_low_cost_particle_calibration.json"", ""raw_item_index"": 230}]"
,10.3390/s23020794,https://doi.org/10.3390/s23020794,Low-Cost Sensor Node for Air Quality Monitoring: Field Tests and Validation of Particulate Matter Measurements,Ueli Schilt; Braulio Barahona; Roger Buck; Patrick Meyer; Prince Kappani; Yannis Möckli; Markus Meyer; Philipp Schuetz,2023,Sensors,journal-article,MDPI AG,23,2,794,,24,16,particulate_air_quality,"[""particulate_air_quality"", ""embedded_environmental_sensing""]",False,False,True,metadata_candidate,particulate_air_quality;embedded_environmental_sensing,"[""env"", ""air"", ""sensor"", ""embedded""]",1,"[{""query_id"": ""Q04"", ""query_rank"": 109, ""api_score"": 27.405542, ""raw_file"": ""raw_crossref\\Q04_low_cost_particle_calibration.json"", ""raw_item_index"": 108}]"
,10.1016/j.biosystemseng.2020.08.004,https://doi.org/10.1016/j.biosystemseng.2020.08.004,Model-based calibration of a gas sensor array for on-line monitoring of ethanol concentration in Saccharomyces cerevisiae batch cultivation,Abdolrahim Yousefi-Darani; Majharulislam Babor; Olivier Paquet-Durand; Bernd Hitzmann,2020,Biosystems Engineering,journal-article,Elsevier BV,198,,198-209,,24,16,gas_sensor_calibration,"[""gas_sensor_calibration""]",False,False,False,metadata_candidate,gas_sensor_calibration,"[""env"", ""gas"", ""calib"", ""sensor""]",2,"[{""query_id"": ""Q05"", ""query_rank"": 255, ""api_score"": 22.080112, ""raw_file"": ""raw_crossref\\Q05_gas_sensor_calibration.json"", ""raw_item_index"": 254}]"
,10.1109/i2cacis.2016.7885315,https://doi.org/10.1109/i2cacis.2016.7885315,A low cost nephelometric turbidity sensor for continual domestic water quality monitoring system,Ahmad Aftas Azman; Mohd Hezri Fazalul Rahiman; Mohd Nasir Taib; Norbaya Hj Sidek; Ilyani Akmar Abu Bakar; Mohd Fozi Ali,2016,2016 IEEE International Conference on Automatic Control and Intelligent Systems (I2CACIS),proceedings-article,IEEE,,,202-207,,24,16,water_quality_monitoring,"[""water_quality_monitoring"", ""embedded_environmental_sensing""]",False,False,False,metadata_candidate,water_quality_monitoring;embedded_environmental_sensing,"[""env"", ""water"", ""sensor"", ""embedded""]",1,"[{""query_id"": ""Q06"", ""query_rank"": 134, ""api_score"": 21.40418, ""raw_file"": ""raw_crossref\\Q06_robotic_water_quality.json"", ""raw_item_index"": 133}]"
,10.5194/amt-2015-331,https://doi.org/10.5194/amt-2015-331,Using Low Cost Sensors to Measure Ambient Particulate Matter Concentrations and On-Road Emissions Factors,Karoline K. Johnson; Michael H. Bergin; Armistead G. Russell; Gayle S. W. Hagler,2016,,posted-content,Copernicus GmbH,,,,,24,16,particulate_air_quality,"[""particulate_air_quality"", ""embedded_environmental_sensing""]",False,False,True,metadata_candidate,particulate_air_quality;embedded_environmental_sensing,"[""env"", ""air"", ""sensor"", ""embedded""]",1,"[{""query_id"": ""Q04"", ""query_rank"": 304, ""api_score"": 23.024632, ""raw_file"": ""raw_crossref\\Q04_low_cost_particle_calibration.json"", ""raw_item_index"": 303}]"
,10.3390/su13147797,https://doi.org/10.3390/su13147797,Environmental Particulate Matter (PM) Exposure Assessment of Construction Activities Using Low-Cost PM Sensor and Latin Hypercubic Technique,Muhammad Khan; Numan Khan; Miroslaw J. Skibniewski; Chansik Park,2021,Sustainability,journal-article,MDPI AG,13,14,7797,,23,16,particulate_air_quality,"[""particulate_air_quality"", ""embedded_environmental_sensing""]",False,False,True,metadata_candidate,particulate_air_quality;embedded_environmental_sensing,"[""env"", ""air"", ""sensor"", ""embedded""]",1,"[{""query_id"": ""Q04"", ""query_rank"": 65, ""api_score"": 29.10265, ""raw_file"": ""raw_crossref\\Q04_low_cost_particle_calibration.json"", ""raw_item_index"": 64}]"
,10.3390/atmos11101040,https://doi.org/10.3390/atmos11101040,Investigation of Low-Cost and Optical Particulate Matter Sensors for Ambient Monitoring,Mariusz Rogulski; Artur Badyda,2020,Atmosphere,journal-article,MDPI AG,11,10,1040,,22,16,particulate_air_quality,"[""particulate_air_quality"", ""embedded_environmental_sensing""]",False,False,True,metadata_candidate,particulate_air_quality;embedded_environmental_sensing,"[""env"", ""air"", ""sensor"", ""embedded""]",1,"[{""query_id"": ""Q04"", ""query_rank"": 123, ""api_score"": 26.854412, ""raw_file"": ""raw_crossref\\Q04_low_cost_particle_calibration.json"", ""raw_item_index"": 122}]"
,10.18280/isi.280403,https://doi.org/10.18280/isi.280403,"Real-Time Water Quality Assessment via IoT: Monitoring pH, TDS, Temperature, and Turbidity",Wibowo Harry Sugiharto; Heru Susanto; Agung Budi Prasetijo,2023,Ingénierie des systèmes d information,journal-article,International Information and Engineering Technology Association,28,4,823-831,,21,16,water_quality_monitoring,"[""water_quality_monitoring"", ""embedded_environmental_sensing""]",False,False,False,metadata_candidate,water_quality_monitoring;embedded_environmental_sensing,"[""env"", ""water"", ""sensor"", ""embedded""]",1,"[{""query_id"": ""Q06"", ""query_rank"": 2, ""api_score"": 30.135801, ""raw_file"": ""raw_crossref\\Q06_robotic_water_quality.json"", ""raw_item_index"": 1}]"
,10.3390/atmos12020251,https://doi.org/10.3390/atmos12020251,Analyzing and Improving the Performance of a Particulate Matter Low Cost Air Quality Monitoring Device,Evangelos Bagkis; Theodosios Kassandros; Marinos Karteris; Apostolos Karteris; Kostas Karatzas,2021,Atmosphere,journal-article,MDPI AG,12,2,251,,20,16,particulate_air_quality,"[""particulate_air_quality"", ""embedded_environmental_sensing""]",False,False,True,metadata_candidate,particulate_air_quality;embedded_environmental_sensing,"[""env"", ""air"", ""sensor"", ""embedded""]",1,"[{""query_id"": ""Q04"", ""query_rank"": 245, ""api_score"": 23.87116, ""raw_file"": ""raw_crossref\\Q04_low_cost_particle_calibration.json"", ""raw_item_index"": 244}]"
,10.3390/ijerph16081430,https://doi.org/10.3390/ijerph16081430,"Reliability of Low-Cost, Sensor-Based Fine Dust Measurement Devices for Monitoring Atmospheric Particulate Matter Concentrations",Eun-Min Cho; Hyung Jin Jeon; Dan Ki Yoon; Si Hyun Park; Hyung Jin Hong; Kil Yong Choi; Heun Woo Cho; Hyo Chang Cheon; Cheol Min Lee,2019,International Journal of Environmental Research and Public Health,journal-article,MDPI AG,16,8,1430,,20,16,particulate_air_quality,"[""particulate_air_quality"", ""embedded_environmental_sensing""]",False,False,True,metadata_candidate,particulate_air_quality;embedded_environmental_sensing,"[""env"", ""air"", ""sensor"", ""embedded""]",1,"[{""query_id"": ""Q04"", ""query_rank"": 292, ""api_score"": 23.145363, ""raw_file"": ""raw_crossref\\Q04_low_cost_particle_calibration.json"", ""raw_item_index"": 291}]"
,10.1109/icsens.2015.7370258,https://doi.org/10.1109/icsens.2015.7370258,Model-based rendezvous calibration of mobile sensor networks for monitoring air quality,Adrian Arfire; Ali Marjovi; Alcherio Martinoli,2015,2015 IEEE SENSORS,proceedings-article,IEEE,,,1-4,,20,16,particulate_air_quality,"[""particulate_air_quality""]",False,False,False,metadata_candidate,particulate_air_quality,"[""env"", ""air"", ""calib"", ""sensor""]",1,"[{""query_id"": ""Q05"", ""query_rank"": 412, ""api_score"": 20.947895, ""raw_file"": ""raw_crossref\\Q05_gas_sensor_calibration.json"", ""raw_item_index"": 411}]"
,10.20944/preprints201809.0326.v1,https://doi.org/10.20944/preprints201809.0326.v1,Design of Amphibious Vehicle for Unmanned Mission in Water Quality Monitoring Using IoT,Balasubramanian Esakki; Surendar Ganesan; Silambarasan Mathiyazhagan; G. R. Kanagachidambaresan; Bhuvaneshwaran Gnanasekaran; Byungrak Son; Su Woo Park; Jae Sung Choi,2018,,posted-content,MDPI AG,,,,,18,16,water_quality_monitoring,"[""water_quality_monitoring"", ""embedded_environmental_sensing""]",False,False,True,metadata_candidate,water_quality_monitoring;embedded_environmental_sensing,"[""env"", ""water"", ""sensor"", ""embedded""]",1,"[{""query_id"": ""Q02"", ""query_rank"": 182, ""api_score"": 24.417719, ""raw_file"": ""raw_crossref\\Q02_ground_rover_air_quality.json"", ""raw_item_index"": 181}]"
,10.1021/acs.est.3c03661,https://doi.org/10.1021/acs.est.3c03661,Low-Cost Particulate Matter Sensors for Monitoring Residential Wood Burning,Amirhossein Hassani; Philipp Schneider; Matthias Vogt; Núria Castell,2023,Environmental Science & Technology,journal-article,American Chemical Society (ACS),57,40,15162-15172,,17,16,particulate_air_quality,"[""particulate_air_quality"", ""embedded_environmental_sensing""]",False,False,False,metadata_candidate,particulate_air_quality;embedded_environmental_sensing,"[""env"", ""air"", ""sensor"", ""embedded""]",1,"[{""query_id"": ""Q04"", ""query_rank"": 278, ""api_score"": 23.306961, ""raw_file"": ""raw_crossref\\Q04_low_cost_particle_calibration.json"", ""raw_item_index"": 277}]"
,10.1016/j.jaerosci.2020.105644,https://doi.org/10.1016/j.jaerosci.2020.105644,Simultaneous measurement of spatially resolved particle emissions in a pilot plant scale baghouse filter applying distributed low-cost particulate matter sensors,P. Bächler; J. Szabadi; J. Meyer; A. Dittler,2020,Journal of Aerosol Science,journal-article,Elsevier BV,150,,105644,105644,16,16,particulate_air_quality,"[""particulate_air_quality"", ""embedded_environmental_sensing""]",False,False,False,metadata_candidate,particulate_air_quality;embedded_environmental_sensing,"[""env"", ""air"", ""sensor"", ""embedded""]",1,"[{""query_id"": ""Q04"", ""query_rank"": 474, ""api_score"": 21.475128, ""raw_file"": ""raw_crossref\\Q04_low_cost_particle_calibration.json"", ""raw_item_index"": 473}]"
,10.1007/s10661-019-7582-1,https://doi.org/10.1007/s10661-019-7582-1,Estimation of particulate matter and gaseous concentrations using low-cost sensors from broiler houses,Roheela Yasmeen; Zulfiqar Ali; Sean Tyrrel; Zaheer Ahmad Nasir,2019,Environmental Monitoring and Assessment,journal-article,Springer Science and Business Media LLC,191,7,,470,16,16,particulate_air_quality,"[""particulate_air_quality"", ""embedded_environmental_sensing""]",False,False,False,metadata_candidate,particulate_air_quality;embedded_environmental_sensing,"[""env"", ""air"", ""sensor"", ""embedded""]",1,"[{""query_id"": ""Q04"", ""query_rank"": 361, ""api_score"": 22.45462, ""raw_file"": ""raw_crossref\\Q04_low_cost_particle_calibration.json"", ""raw_item_index"": 360}]"
,10.31326/jisa.v4i2.965,https://doi.org/10.31326/jisa.v4i2.965,"Water Quality Monitoring System with Parameter of pH, Temperature, Turbidity, and Salinity Based on Internet of Things",Yazi Adityas; Muchromi Ahmad; Moh Khamim; Khalis Sofi; Sasmitoh Rahmad Riady,2021,JISA(Jurnal Informatika dan Sains),journal-article,Universitas Trilogi,4,2,138-143,,15,16,water_quality_monitoring,"[""water_quality_monitoring"", ""embedded_environmental_sensing""]",False,False,True,metadata_candidate,water_quality_monitoring;embedded_environmental_sensing,"[""env"", ""water"", ""sensor"", ""embedded""]",1,"[{""query_id"": ""Q06"", ""query_rank"": 4, ""api_score"": 28.517122, ""raw_file"": ""raw_crossref\\Q06_robotic_water_quality.json"", ""raw_item_index"": 3}]"
,10.12912/27197050/174412,https://doi.org/10.12912/27197050/174412,"Water Quality Monitoring System for Temperature, pH, Turbidity, DO, BOD, and COD Parameters Based on Internet of Things in Garang Watershed",Syafrudin Syafrudin; Anik Sarminingsih; Henny Juliani; Mochamad Arief Budihardjo; Annisa Sila Puspita; Shafa Auliya Arlin Mirhan,2024,Ecological Engineering & Environmental Technology,journal-article,WNGB Scientific Publishing House Sp. z o.o.,25,2,1-16,,14,16,water_quality_monitoring,"[""water_quality_monitoring"", ""embedded_environmental_sensing""]",False,False,False,metadata_candidate,water_quality_monitoring;embedded_environmental_sensing,"[""env"", ""water"", ""sensor"", ""embedded""]",1,"[{""query_id"": ""Q06"", ""query_rank"": 18, ""api_score"": 25.708818, ""raw_file"": ""raw_crossref\\Q06_robotic_water_quality.json"", ""raw_item_index"": 17}]"
,10.1080/02786826.2019.1678734,https://doi.org/10.1080/02786826.2019.1678734,Development of a new personal air filter test system using a low-cost particulate matter (PM) sensor,Dian Ahmad Hapidin; Muhammad Miftahul Munir; Suprijadi; Khairurrijal Khairurrijal,2020,Aerosol Science and Technology,journal-article,Informa UK Limited,54,2,203-216,,14,16,particulate_air_quality,"[""particulate_air_quality"", ""embedded_environmental_sensing""]",False,False,False,metadata_candidate,particulate_air_quality;embedded_environmental_sensing,"[""env"", ""air"", ""sensor"", ""embedded""]",1,"[{""query_id"": ""Q04"", ""query_rank"": 141, ""api_score"": 26.213333, ""raw_file"": ""raw_crossref\\Q04_low_cost_particle_calibration.json"", ""raw_item_index"": 140}]"
,10.1016/j.proeng.2015.08.601,https://doi.org/10.1016/j.proeng.2015.08.601,Evaluation of calibration transfer strategies between Metal Oxide gas sensor arrays,J. Fonollosa; E. Neftci; R. Huerta; S. Marco,2015,Procedia Engineering,journal-article,Elsevier BV,120,,261-264,,14,16,gas_sensor_calibration,"[""gas_sensor_calibration""]",False,False,False,metadata_candidate,gas_sensor_calibration,"[""env"", ""gas"", ""calib"", ""sensor""]",1,"[{""query_id"": ""Q05"", ""query_rank"": 3, ""api_score"": 30.749725, ""raw_file"": ""raw_crossref\\Q05_gas_sensor_calibration.json"", ""raw_item_index"": 2}]"
,10.3390/s20051406,https://doi.org/10.3390/s20051406,Comparing Airborne Particulate Matter Intake Dose Assessment Models Using Low-Cost Portable Sensor Data,Rok Novak; David Kocman; Johanna Amalia Robinson; Tjaša Kanduč; Dimosthenis Sarigiannis; Milena Horvat,2020,Sensors,journal-article,MDPI AG,20,5,1406,,13,16,particulate_air_quality,"[""particulate_air_quality"", ""embedded_environmental_sensing""]",False,False,True,metadata_candidate,particulate_air_quality;embedded_environmental_sensing,"[""env"", ""air"", ""sensor"", ""embedded""]",1,"[{""query_id"": ""Q04"", ""query_rank"": 67, ""api_score"": 29.030098, ""raw_file"": ""raw_crossref\\Q04_low_cost_particle_calibration.json"", ""raw_item_index"": 66}]"
,10.1016/j.knosys.2024.111879,https://doi.org/10.1016/j.knosys.2024.111879,Efficient calibration of cost-efficient particulate matter sensors using machine learning and time-series alignment,Slawomir Koziel; Anna Pietrenko-Dabrowska; Marek Wojcikowski; Bogdan Pankiewicz,2024,Knowledge-Based Systems,journal-article,Elsevier BV,295,,111879,111879,12,16,particulate_air_quality,"[""particulate_air_quality""]",False,False,False,metadata_candidate,particulate_air_quality,"[""env"", ""air"", ""calib"", ""sensor""]",1,"[{""query_id"": ""Q04"", ""query_rank"": 172, ""api_score"": 25.363537, ""raw_file"": ""raw_crossref\\Q04_low_cost_particle_calibration.json"", ""raw_item_index"": 171}]"
,10.1109/et.2017.8124367,https://doi.org/10.1109/et.2017.8124367,Performance evaluation of low-cost particulate matter sensors,Marin B. Marinov; Stefan Hensel; Borislav Ganev; Georgi Nikolov,2017,2017 XXVI International Scientific Conference Electronics (ET),proceedings-article,IEEE,,,1-4,,12,16,particulate_air_quality,"[""particulate_air_quality"", ""embedded_environmental_sensing""]",False,False,False,metadata_candidate,particulate_air_quality;embedded_environmental_sensing,"[""env"", ""air"", ""sensor"", ""embedded""]",1,"[{""query_id"": ""Q04"", ""query_rank"": 150, ""api_score"": 25.711742, ""raw_file"": ""raw_crossref\\Q04_low_cost_particle_calibration.json"", ""raw_item_index"": 149}]"
,10.1109/isse63315.2024.10741149,https://doi.org/10.1109/isse63315.2024.10741149,Machine Learning Calibration of Low-Cost Sensor PM 2.5 data,Irfan Yaqoob; Vijay Kumar; Shafique Ahmad Chaudhry,2024,2024 IEEE International Symposium on Systems Engineering (ISSE),proceedings-article,IEEE,,,1-8,,11,16,particulate_air_quality,"[""particulate_air_quality""]",False,False,False,metadata_candidate,particulate_air_quality,"[""air"", ""calib"", ""sensor"", ""embedded""]",1,"[{""query_id"": ""Q04"", ""query_rank"": 196, ""api_score"": 24.79062, ""raw_file"": ""raw_crossref\\Q04_low_cost_particle_calibration.json"", ""raw_item_index"": 195}]"
,10.1016/j.atmosenv.2023.120108,https://doi.org/10.1016/j.atmosenv.2023.120108,Low-cost sensors and Machine Learning aid in identifying environmental factors affecting particulate matter emitted by household heating,Amirhossein Hassani; Sebastian Bykuć; Philipp Schneider; Paweł Zawadzki; Patryk Chaja; Núria Castell,2023,Atmospheric Environment,journal-article,Elsevier BV,314,,120108,120108,11,16,particulate_air_quality,"[""particulate_air_quality"", ""embedded_environmental_sensing""]",False,False,False,metadata_candidate,particulate_air_quality;embedded_environmental_sensing,"[""env"", ""air"", ""sensor"", ""embedded""]",1,"[{""query_id"": ""Q04"", ""query_rank"": 434, ""api_score"": 21.917692, ""raw_file"": ""raw_crossref\\Q04_low_cost_particle_calibration.json"", ""raw_item_index"": 433}]"
,10.37544/0949-8036-2019-11-12-49,https://doi.org/10.37544/0949-8036-2019-11-12-49,Characterization of the emission behavior of pulse-jet cleaned filters using a low-cost particulate matter sensor/Charakterisierung der Emission von druckstoßgereinigten Oberflächenfiltern mit einem Low-Cost-Feinstaubsensor,P. Bächler; J. Meyer; A. Dittler,2019,Gefahrstoffe,journal-article,VDI Media GmbH,79,11-12,443-450,,11,16,particulate_air_quality,"[""particulate_air_quality"", ""embedded_environmental_sensing""]",False,False,True,metadata_candidate,particulate_air_quality;embedded_environmental_sensing,"[""env"", ""air"", ""sensor"", ""embedded""]",1,"[{""query_id"": ""Q04"", ""query_rank"": 52, ""api_score"": 30.15031, ""raw_file"": ""raw_crossref\\Q04_low_cost_particle_calibration.json"", ""raw_item_index"": 51}]"
,10.1166/sl.2011.1408,https://doi.org/10.1166/sl.2011.1408,ProSens—An Efficient Mathematical Procedure for Calibration and Evaluation of Tin Oxide Gas Sensor Data,R. Seifert; H. B. Keller; K. Frank; H. Kohler,2011,Sensor Letters,journal-article,American Scientific Publishers,9,1,7-10,,11,16,gas_sensor_calibration,"[""gas_sensor_calibration""]",False,False,False,metadata_candidate,gas_sensor_calibration,"[""env"", ""gas"", ""calib"", ""sensor""]",1,"[{""query_id"": ""Q05"", ""query_rank"": 30, ""api_score"": 25.951694, ""raw_file"": ""raw_crossref\\Q05_gas_sensor_calibration.json"", ""raw_item_index"": 29}]"
,10.1109/ficloud49777.2021.00035,https://doi.org/10.1109/ficloud49777.2021.00035,Comparative Evaluation of New Low-Cost Particulate Matter Sensors,Ishan Patwardhan; Spanddhana Sara; Sachin Chaudhari,2021,2021 8th International Conference on Future Internet of Things and Cloud (FiCloud),proceedings-article,IEEE,,,192-197,,10,16,particulate_air_quality,"[""particulate_air_quality"", ""embedded_environmental_sensing""]",False,False,False,metadata_candidate,particulate_air_quality;embedded_environmental_sensing,"[""env"", ""air"", ""sensor"", ""embedded""]",1,"[{""query_id"": ""Q04"", ""query_rank"": 201, ""api_score"": 24.734493, ""raw_file"": ""raw_crossref\\Q04_low_cost_particle_calibration.json"", ""raw_item_index"": 200}]"
,10.1016/j.jaerosci.2024.106335,https://doi.org/10.1016/j.jaerosci.2024.106335,Exploration of intra-city and inter-city PM2.5 regional calibration models to improve low-cost sensor performance,Sakshi Jain; Naomi Zimmerman,2024,Journal of Aerosol Science,journal-article,Elsevier BV,177,,106335,106335,9,16,particulate_air_quality,"[""particulate_air_quality""]",False,False,False,metadata_candidate,particulate_air_quality,"[""air"", ""calib"", ""sensor"", ""embedded""]",1,"[{""query_id"": ""Q04"", ""query_rank"": 273, ""api_score"": 23.36581, ""raw_file"": ""raw_crossref\\Q04_low_cost_particle_calibration.json"", ""raw_item_index"": 272}]"
,10.3390/atmos14121796,https://doi.org/10.3390/atmos14121796,"Use of Low-Cost Sensors for Environmental Health Surveillance: Wildfire-Related Particulate Matter Detection in Brasília, Brazil",Patrick Connerton; Thiago Nogueira; Prashant Kumar; Helena Ribeiro,2023,Atmosphere,journal-article,MDPI AG,14,12,1796,,9,16,particulate_air_quality,"[""particulate_air_quality"", ""embedded_environmental_sensing""]",False,False,True,metadata_candidate,particulate_air_quality;embedded_environmental_sensing,"[""env"", ""air"", ""sensor"", ""embedded""]",1,"[{""query_id"": ""Q04"", ""query_rank"": 250, ""api_score"": 23.826153, ""raw_file"": ""raw_crossref\\Q04_low_cost_particle_calibration.json"", ""raw_item_index"": 249}]"
,10.2139/ssrn.3904842,https://doi.org/10.2139/ssrn.3904842,IoT Based Smart Water Quality Monitoring System,Sai Bhatt Keshipeddi,2021,,posted-content,Elsevier BV,,,,,9,16,water_quality_monitoring,"[""water_quality_monitoring"", ""embedded_environmental_sensing""]",False,False,True,metadata_candidate,water_quality_monitoring;embedded_environmental_sensing,"[""env"", ""water"", ""sensor"", ""embedded""]",1,"[{""query_id"": ""Q06"", ""query_rank"": 362, ""api_score"": 19.940754, ""raw_file"": ""raw_crossref\\Q06_robotic_water_quality.json"", ""raw_item_index"": 361}]"
,10.1007/s44408-025-00019-9,https://doi.org/10.1007/s44408-025-00019-9,Performance Evaluation of Five Different Low-Cost Particulate Matter Sensors for Monodisperse Test Aerosols,Martin Nothhelfer; Ana Maria Todea; Dieter Bathen; Christof Asbach,2025,Aerosol and Air Quality Research,journal-article,Springer Science and Business Media LLC,25,5,,17,8,16,particulate_air_quality,"[""particulate_air_quality"", ""embedded_environmental_sensing""]",False,False,True,metadata_candidate,particulate_air_quality;embedded_environmental_sensing,"[""env"", ""air"", ""sensor"", ""embedded""]",1,"[{""query_id"": ""Q04"", ""query_rank"": 412, ""api_score"": 22.016853, ""raw_file"": ""raw_crossref\\Q04_low_cost_particle_calibration.json"", ""raw_item_index"": 411}]"
,10.1016/j.procs.2022.12.099,https://doi.org/10.1016/j.procs.2022.12.099,"Towards air quality particulate-matter monitoring using low-cost sensor data and visual exploration techniques: case study of Kisumu, Kenya",Stéphane C.K. Tékouabou; Jerôme Chenal; Rida Azmi; El Bachir Diop; Hamza Toulni; Antoine de Padoue Nsegbe,2022,Procedia Computer Science,journal-article,Elsevier BV,215,,963-972,,8,16,particulate_air_quality,"[""particulate_air_quality"", ""embedded_environmental_sensing""]",False,False,False,metadata_candidate,particulate_air_quality;embedded_environmental_sensing,"[""env"", ""air"", ""sensor"", ""embedded""]",1,"[{""query_id"": ""Q04"", ""query_rank"": 180, ""api_score"": 25.137323, ""raw_file"": ""raw_crossref\\Q04_low_cost_particle_calibration.json"", ""raw_item_index"": 179}]"
,10.3390/atmos15080897,https://doi.org/10.3390/atmos15080897,"Particulate Matter Emissions at Different Microenvironments Using Low-Cost Sensors in Megacity Dhaka, Bangladesh",Md. Asif Iqbal Nayeem; Shatabdi Roy; Shahid Uz Zaman; Abdus Salam,2024,Atmosphere,journal-article,MDPI AG,15,8,897,,7,16,particulate_air_quality,"[""particulate_air_quality"", ""embedded_environmental_sensing""]",False,False,True,metadata_candidate,particulate_air_quality;embedded_environmental_sensing,"[""env"", ""air"", ""sensor"", ""embedded""]",1,"[{""query_id"": ""Q04"", ""query_rank"": 249, ""api_score"": 23.826508, ""raw_file"": ""raw_crossref\\Q04_low_cost_particle_calibration.json"", ""raw_item_index"": 248}]"
,10.1016/j.measurement.2022.111601,https://doi.org/10.1016/j.measurement.2022.111601,A surrogate-assisted measurement correction method for accurate and low-cost monitoring of particulate matter pollutants,Marek Wojcikowski; Bogdan Pankiewicz; Adrian Bekasiewicz; Tuan-Vu Cao; Jean-Marie Lepioufle; Islen Vallejo; Rune Odegard; Hoai Phuong Ha,2022,Measurement,journal-article,Elsevier BV,200,,111601,111601,7,16,particulate_air_quality,"[""particulate_air_quality"", ""embedded_environmental_sensing""]",False,False,False,metadata_candidate,particulate_air_quality;embedded_environmental_sensing,"[""env"", ""air"", ""sensor"", ""embedded""]",1,"[{""query_id"": ""Q04"", ""query_rank"": 473, ""api_score"": 21.48786, ""raw_file"": ""raw_crossref\\Q04_low_cost_particle_calibration.json"", ""raw_item_index"": 472}]"
,10.1049/wss2.12043,https://doi.org/10.1049/wss2.12043,Evaluation and calibration of low‐cost off‐the‐shelf particulate matter sensors using machine learning techniques,Mohammad Ghamari; Hamid Kamangir; Keyvan Arezoo; Khalil Alipour,2022,IET Wireless Sensor Systems,journal-article,Institution of Engineering and Technology (IET),12,5-6,134-148,,7,16,particulate_air_quality,"[""particulate_air_quality""]",False,False,True,metadata_candidate,particulate_air_quality,"[""env"", ""air"", ""calib"", ""sensor""]",1,"[{""query_id"": ""Q04"", ""query_rank"": 14, ""api_score"": 35.566845, ""raw_file"": ""raw_crossref\\Q04_low_cost_particle_calibration.json"", ""raw_item_index"": 13}]"
,10.1016/j.rineng.2024.103116,https://doi.org/10.1016/j.rineng.2024.103116,"A smart, multi-configuration, and low-cost system for water turbidity monitoring",Alessio Vecchio; Monica Bini; Marco Lazzarotti; Marco Luppichini; Maurizio Palmieri,2024,Results in Engineering,journal-article,Elsevier BV,24,,103116,103116,6,16,water_quality_monitoring,"[""water_quality_monitoring"", ""embedded_environmental_sensing""]",False,False,False,metadata_candidate,water_quality_monitoring;embedded_environmental_sensing,"[""env"", ""water"", ""sensor"", ""embedded""]",1,"[{""query_id"": ""Q06"", ""query_rank"": 400, ""api_score"": 19.765747, ""raw_file"": ""raw_crossref\\Q06_robotic_water_quality.json"", ""raw_item_index"": 399}]"
,10.1088/1748-0221/19/05/p05036,https://doi.org/10.1088/1748-0221/19/05/p05036,Real-time air quality monitoring based on locally developed unmanned aerial vehicle and low-cost smart electronic device,"Jacob Mbarndouka Taamté; Michaux Kountchou Noube; Vitrice Ruben Folifack Signing; Yerima Abba Hamadou; Hosoda Masahiro; Sa\""{\i}dou; Shinji Tokonami",2024,Journal of Instrumentation,journal-article,IOP Publishing,19,05,P05036,,6,16,particulate_air_quality,"[""particulate_air_quality"", ""embedded_environmental_sensing""]",False,False,True,metadata_candidate,particulate_air_quality;embedded_environmental_sensing,"[""env"", ""air"", ""sensor"", ""embedded""]",1,"[{""query_id"": ""Q02"", ""query_rank"": 127, ""api_score"": 25.088934, ""raw_file"": ""raw_crossref\\Q02_ground_rover_air_quality.json"", ""raw_item_index"": 126}]"
,10.1109/icoris52787.2021.9649627,https://doi.org/10.1109/icoris52787.2021.9649627,Air Quality Monitoring and Detection System in Vehicle Cabin Based on Internet of Things,Jacquline Waworundeng; Priana Sari Adrian,2021,2021 3rd International Conference on Cybernetics and Intelligent System (ICORIS),proceedings-article,IEEE,,,1-6,,6,16,particulate_air_quality,"[""particulate_air_quality"", ""embedded_environmental_sensing""]",False,False,False,metadata_candidate,particulate_air_quality;embedded_environmental_sensing,"[""env"", ""air"", ""sensor"", ""embedded""]",1,"[{""query_id"": ""Q02"", ""query_rank"": 462, ""api_score"": 22.596563, ""raw_file"": ""raw_crossref\\Q02_ground_rover_air_quality.json"", ""raw_item_index"": 461}]"
,10.1007/s12517-025-12239-9,https://doi.org/10.1007/s12517-025-12239-9,"Assessment of particulate matter (PM10, PM5, PM2.5, and PM1) concentrations at significant intersections in Douala-Cameroon city using low-cost sensors",Yannick Cédric Ngangmo; Cyrille Mezoue Adiang,2025,Arabian Journal of Geosciences,journal-article,Springer Science and Business Media LLC,18,4,,94,5,16,particulate_air_quality,"[""particulate_air_quality"", ""embedded_environmental_sensing""]",False,False,False,metadata_candidate,particulate_air_quality;embedded_environmental_sensing,"[""env"", ""air"", ""sensor"", ""embedded""]",1,"[{""query_id"": ""Q04"", ""query_rank"": 468, ""api_score"": 21.50253, ""raw_file"": ""raw_crossref\\Q04_low_cost_particle_calibration.json"", ""raw_item_index"": 467}]"
,10.3390/s24206621,https://doi.org/10.3390/s24206621,"Use of Low-Cost Sensors to Study Atmospheric Particulate Matter Concentrations: Limitations and Benefits Discussed through the Analysis of Three Case Studies in Palermo, Sicily",Filippo Brugnone; Luciana Randazzo; Sergio Calabrese,2024,Sensors,journal-article,MDPI AG,24,20,6621,,5,16,particulate_air_quality,"[""particulate_air_quality"", ""embedded_environmental_sensing""]",False,False,True,metadata_candidate,particulate_air_quality;embedded_environmental_sensing,"[""env"", ""air"", ""sensor"", ""embedded""]",1,"[{""query_id"": ""Q04"", ""query_rank"": 392, ""api_score"": 22.19624, ""raw_file"": ""raw_crossref\\Q04_low_cost_particle_calibration.json"", ""raw_item_index"": 391}]"
,10.1155/2022/7221157,https://doi.org/10.1155/2022/7221157,Air Quality Prediction Model Using Deep Learning in Internet of Things Environmental Monitoring System,Yongliang Feng,2022,Mobile Information Systems,journal-article,Wiley,2022,,1-9,,5,16,particulate_air_quality,"[""particulate_air_quality"", ""embedded_environmental_sensing""]",False,False,True,metadata_candidate,particulate_air_quality;embedded_environmental_sensing,"[""env"", ""air"", ""sensor"", ""embedded""]",1,"[{""query_id"": ""Q01"", ""query_rank"": 196, ""api_score"": 17.92317, ""raw_file"": ""raw_crossref\\Q01_mobile_robot_environment.json"", ""raw_item_index"": 195}]"
106,10.1109/rose.2012.6402609,https://doi.org/10.1109/rose.2012.6402609,Automated odometry self-calibration for car-like robots with four-wheel-steering,Karsten Bohlmann; Henrik Marks; Andreas Zell,2012,2012 IEEE International Symposium on Robotic and Sensors Environments Proceedings,proceedings-article,IEEE,,,168-173,,5,16,four_wheel_steering,"[""four_wheel_steering""]",False,False,False,metadata_candidate,four_wheel_steering,"[""robot"", ""calib"", ""steer"", ""nav""]",1,"[{""query_id"": ""Q07"", ""query_rank"": 464, ""api_score"": 23.840519, ""raw_file"": ""raw_crossref\\Q07_four_wheel_steering.json"", ""raw_item_index"": 463}]"
,10.1016/j.apr.2025.102581,https://doi.org/10.1016/j.apr.2025.102581,Coincidence effect of a low-cost particulate matter sensor: Observations from environmental chamber tests at diverse particle concentrations,Keun Taek Kim; Horim Kim; Sangjae Jeong; Young Su Lee; Xin Zhao; Jae Young Kim,2025,Atmospheric Pollution Research,journal-article,Elsevier BV,16,9,102581,102581,4,16,particulate_air_quality,"[""particulate_air_quality"", ""embedded_environmental_sensing""]",False,False,False,metadata_candidate,particulate_air_quality;embedded_environmental_sensing,"[""env"", ""air"", ""sensor"", ""embedded""]",1,"[{""query_id"": ""Q04"", ""query_rank"": 153, ""api_score"": 25.604675, ""raw_file"": ""raw_crossref\\Q04_low_cost_particle_calibration.json"", ""raw_item_index"": 152}]"
,10.1016/j.buildenv.2023.110330,https://doi.org/10.1016/j.buildenv.2023.110330,"The impact of COVID-19 public health restrictions on particulate matter pollution measured by a validated low-cost sensor network in Oxford, UK",Tony Bush; Suzanne Bartington; Francis D. Pope; Ajit Singh; G. Neil Thomas; Brian Stacey; George Economides; Ruth Anderson; Stuart Cole; Pedro Abreu; Felix C.P. Leach,2023,Building and Environment,journal-article,Elsevier BV,237,,110330,110330,4,16,particulate_air_quality,"[""particulate_air_quality"", ""embedded_environmental_sensing""]",False,False,False,metadata_candidate,particulate_air_quality;embedded_environmental_sensing,"[""env"", ""air"", ""sensor"", ""embedded""]",1,"[{""query_id"": ""Q04"", ""query_rank"": 381, ""api_score"": 22.255457, ""raw_file"": ""raw_crossref\\Q04_low_cost_particle_calibration.json"", ""raw_item_index"": 380}]"
,10.1016/j.dib.2023.109323,https://doi.org/10.1016/j.dib.2023.109323,"Particulate matter 10 µm (PM10), 2.5 µm (PM2.5) datasets gathered by direct measurement, low-cost sensor and by public air quality stations in Fontibón, Bogotá D.C., Colombia",Karen Yulied Alfonso Albarracín; Astrid Altamar Consuegra; Jaime Aguilar-Arias,2023,Data in Brief,journal-article,Elsevier BV,49,,109323,109323,4,16,particulate_air_quality,"[""particulate_air_quality"", ""embedded_environmental_sensing""]",False,False,False,metadata_candidate,particulate_air_quality;embedded_environmental_sensing,"[""env"", ""air"", ""sensor"", ""embedded""]",1,"[{""query_id"": ""Q04"", ""query_rank"": 184, ""api_score"": 25.11094, ""raw_file"": ""raw_crossref\\Q04_low_cost_particle_calibration.json"", ""raw_item_index"": 183}]"
,10.3390/ecsa-10-16025,https://doi.org/10.3390/ecsa-10-16025,Development of a Low-Cost Particulate Matter Optical Sensor for Real-Time Monitoring,Martín Aarón Sánchez-Barajas; Daniel Cuevas-González; Marco A. Reyna; Juan C. Delgado-Torres; Eladio Altamira-Colado; Roberto López-Avitia,2023,ECSA 2023,proceedings-article,MDPI,,,41,,4,16,particulate_air_quality,"[""particulate_air_quality"", ""embedded_environmental_sensing""]",False,False,False,metadata_candidate,particulate_air_quality;embedded_environmental_sensing,"[""env"", ""air"", ""sensor"", ""embedded""]",1,"[{""query_id"": ""Q04"", ""query_rank"": 86, ""api_score"": 28.357151, ""raw_file"": ""raw_crossref\\Q04_low_cost_particle_calibration.json"", ""raw_item_index"": 85}]"
,10.1007/s10661-021-09715-6,https://doi.org/10.1007/s10661-021-09715-6,Effects of aerosol particle size on the measurement of airborne PM2.5 with a low-cost particulate matter sensor (LCPMS) in a laboratory chamber,Temitope Oluwadairo; Lawrence Whitehead; Elaine Symanski; Cici Bauer; Arch Carson; Inkyu Han,2022,Environmental Monitoring and Assessment,journal-article,Springer Science and Business Media LLC,194,2,,56,4,16,particulate_air_quality,"[""particulate_air_quality"", ""embedded_environmental_sensing""]",False,False,False,metadata_candidate,particulate_air_quality;embedded_environmental_sensing,"[""env"", ""air"", ""sensor"", ""embedded""]",1,"[{""query_id"": ""Q04"", ""query_rank"": 205, ""api_score"": 24.585962, ""raw_file"": ""raw_crossref\\Q04_low_cost_particle_calibration.json"", ""raw_item_index"": 204}]"
,10.33003/fjs-2022-0604-1066,https://doi.org/10.33003/fjs-2022-0604-1066,"COMPARATIVE ASSESSMENT OF PARTICULATE MATTER USING LOW COST SENSOR: A CASE STUDY OF ABUJA AND KANO, NIGERIA",N. O. Meseke; D. O. Akpootu; O. A. Falaiye; T. V. Targema,2022,FUDMA JOURNAL OF SCIENCES,journal-article,Federal University Dutsin-Ma,6,4,203-211,,4,16,particulate_air_quality,"[""particulate_air_quality"", ""embedded_environmental_sensing""]",False,False,True,metadata_candidate,particulate_air_quality;embedded_environmental_sensing,"[""env"", ""air"", ""sensor"", ""embedded""]",1,"[{""query_id"": ""Q04"", ""query_rank"": 127, ""api_score"": 26.820204, ""raw_file"": ""raw_crossref\\Q04_low_cost_particle_calibration.json"", ""raw_item_index"": 126}]"
,10.3390/ijerph19031086,https://doi.org/10.3390/ijerph19031086,"Effects of Road Traffic on the Accuracy and Bias of Low-Cost Particulate Matter Sensor Measurements in Houston, Texas",Temitope Oluwadairo; Lawrence Whitehead; Elaine Symanski; Cici Bauer; Arch Carson; Inkyu Han,2022,International Journal of Environmental Research and Public Health,journal-article,MDPI AG,19,3,1086,,4,16,particulate_air_quality,"[""particulate_air_quality"", ""embedded_environmental_sensing""]",False,False,True,metadata_candidate,particulate_air_quality;embedded_environmental_sensing,"[""env"", ""air"", ""sensor"", ""embedded""]",1,"[{""query_id"": ""Q04"", ""query_rank"": 151, ""api_score"": 25.604675, ""raw_file"": ""raw_crossref\\Q04_low_cost_particle_calibration.json"", ""raw_item_index"": 150}]"
,10.1109/ccai50917.2021.9447517,https://doi.org/10.1109/ccai50917.2021.9447517,Frequency Analysis of Particulate Matter in Urban Environments under Low-cost Sensors,Gustavo Ramirez Espinosa; Bartolomeo Montrucchio; Filippo Gandino; Maurizio Rebaudengo,2021,2021 International Conference on Computer Communication and Artificial Intelligence (CCAI),proceedings-article,IEEE,,,97-105,,4,16,particulate_air_quality,"[""particulate_air_quality"", ""embedded_environmental_sensing""]",False,False,False,metadata_candidate,particulate_air_quality;embedded_environmental_sensing,"[""env"", ""air"", ""sensor"", ""embedded""]",1,"[{""query_id"": ""Q04"", ""query_rank"": 265, ""api_score"": 23.490622, ""raw_file"": ""raw_crossref\\Q04_low_cost_particle_calibration.json"", ""raw_item_index"": 264}]"
,10.1117/12.2603014,https://doi.org/10.1117/12.2603014,Study of NB-IoT-based unmanned surface vehicle system for water quality monitoring of aquaculture ponds,Qiyuan Zhang; Yicheng Lan; Li Chen; Xiao Yu; Lieshan Zhang,2021,International Conference on Sensors and Instruments (ICSI 2021),proceedings-article,SPIE,,,61,,4,16,water_quality_monitoring,"[""water_quality_monitoring"", ""embedded_environmental_sensing""]",False,False,False,metadata_candidate,water_quality_monitoring;embedded_environmental_sensing,"[""env"", ""water"", ""sensor"", ""embedded""]",1,"[{""query_id"": ""Q02"", ""query_rank"": 431, ""api_score"": 22.711067, ""raw_file"": ""raw_crossref\\Q02_ground_rover_air_quality.json"", ""raw_item_index"": 430}]"
,10.2139/ssrn.3769765,https://doi.org/10.2139/ssrn.3769765,An IoT Based System for Water Quality Monitoring,Pranita Mahajan; Prachi Shahane,2021,,posted-content,Elsevier BV,,,,,4,16,water_quality_monitoring,"[""water_quality_monitoring"", ""embedded_environmental_sensing""]",False,False,True,metadata_candidate,water_quality_monitoring;embedded_environmental_sensing,"[""env"", ""water"", ""sensor"", ""embedded""]",1,"[{""query_id"": ""Q06"", ""query_rank"": 495, ""api_score"": 19.291239, ""raw_file"": ""raw_crossref\\Q06_robotic_water_quality.json"", ""raw_item_index"": 494}]"
,10.3390/atmos12020126,https://doi.org/10.3390/atmos12020126,Particulate Matter Profiles along the Rack Railway Route Using Low-Cost Sensor,Abdul Samad; Anas Maali; Bernd Laquai; Ulrich Vogt,2021,Atmosphere,journal-article,MDPI AG,12,2,126,,4,16,particulate_air_quality,"[""particulate_air_quality"", ""embedded_environmental_sensing""]",False,False,True,metadata_candidate,particulate_air_quality;embedded_environmental_sensing,"[""env"", ""air"", ""sensor"", ""embedded""]",1,"[{""query_id"": ""Q04"", ""query_rank"": 34, ""api_score"": 31.697697, ""raw_file"": ""raw_crossref\\Q04_low_cost_particle_calibration.json"", ""raw_item_index"": 33}]"
,10.1016/b978-0-12-811330-1.00002-8,https://doi.org/10.1016/b978-0-12-811330-1.00002-8,Wireless Sensor Networks in Water Quality Monitoring,Daoliang Li; Shuangyin Liu,2019,Water Quality Monitoring and Management,book-chapter,Elsevier,,,55-100,,4,16,water_quality_monitoring,"[""water_quality_monitoring"", ""embedded_environmental_sensing""]",False,False,False,metadata_candidate,water_quality_monitoring;embedded_environmental_sensing,"[""env"", ""water"", ""sensor"", ""embedded""]",1,"[{""query_id"": ""Q06"", ""query_rank"": 72, ""api_score"": 22.576988, ""raw_file"": ""raw_crossref\\Q06_robotic_water_quality.json"", ""raw_item_index"": 71}]"
,10.23883/ijrter.2018.4222.qpp1z,https://doi.org/10.23883/ijrter.2018.4222.qpp1z,Iot Based System for Water Quality Monitoring,,2018,International Journal of Recent Trends in Engineering and Research,journal-article,International Journal of Recent Trends in Engineering and Research,4,4,162-164,,4,16,water_quality_monitoring,"[""water_quality_monitoring"", ""embedded_environmental_sensing""]",False,False,False,metadata_candidate,water_quality_monitoring;embedded_environmental_sensing,"[""env"", ""water"", ""sensor"", ""embedded""]",1,"[{""query_id"": ""Q06"", ""query_rank"": 235, ""api_score"": 20.612871, ""raw_file"": ""raw_crossref\\Q06_robotic_water_quality.json"", ""raw_item_index"": 234}]"
,10.1016/j.measurement.2025.118392,https://doi.org/10.1016/j.measurement.2025.118392,Assessment of vertical distribution of respirable particulate matter at a large-scale surface chromite mine using low-cost sensors and unmanned aerial vehicle,Abhishek Penchala; Aditya Kumar Patra; Namrata Mishra; Prakash Ajay Taksal,2025,Measurement,journal-article,Elsevier BV,256,,118392,118392,3,16,particulate_air_quality,"[""particulate_air_quality"", ""embedded_environmental_sensing""]",False,False,False,metadata_candidate,particulate_air_quality;embedded_environmental_sensing,"[""env"", ""air"", ""sensor"", ""embedded""]",1,"[{""query_id"": ""Q04"", ""query_rank"": 421, ""api_score"": 21.991508, ""raw_file"": ""raw_crossref\\Q04_low_cost_particle_calibration.json"", ""raw_item_index"": 420}]"
,10.1051/e3sconf/202449604001,https://doi.org/10.1051/e3sconf/202449604001,Particulate Matter Monitoring and Forecast with Integrated Low-cost Sensor Networks and Air-quality Monitoring Stations,Huynh A. D. Nguyen; Trung H. Le; Quang P. Ha; Hiep Duc; Merched Azzi,2024,E3S Web of Conferences,journal-article,EDP Sciences,496,,04001,,3,16,particulate_air_quality,"[""particulate_air_quality"", ""embedded_environmental_sensing""]",False,False,True,metadata_candidate,particulate_air_quality;embedded_environmental_sensing,"[""env"", ""air"", ""sensor"", ""embedded""]",1,"[{""query_id"": ""Q04"", ""query_rank"": 156, ""api_score"": 25.573914, ""raw_file"": ""raw_crossref\\Q04_low_cost_particle_calibration.json"", ""raw_item_index"": 155}]"
,10.4236/jamp.2024.121020,https://doi.org/10.4236/jamp.2024.121020,Modeling and Characterization of Fine Particulate Matter Dynamics in Bujumbura Using Low-Cost Sensors,Egide Ndamuzi; Rachel Akimana; Paterne Gahungu; Elie Bimenyimana,2024,Journal of Applied Mathematics and Physics,journal-article,"Scientific Research Publishing, Inc.",12,01,256-267,,3,16,particulate_air_quality,"[""particulate_air_quality"", ""embedded_environmental_sensing""]",False,False,False,metadata_candidate,particulate_air_quality;embedded_environmental_sensing,"[""env"", ""air"", ""sensor"", ""embedded""]",1,"[{""query_id"": ""Q04"", ""query_rank"": 393, ""api_score"": 22.1782, ""raw_file"": ""raw_crossref\\Q04_low_cost_particle_calibration.json"", ""raw_item_index"": 392}]"
,10.5220/0011747600003399,https://doi.org/10.5220/0011747600003399,A Low-Cost Sensors Study Measuring Exposure to Particulate Matter in Mobility Situations,Marie-Laure Aix; Mélaine Claitte; Dominique Bicout,2023,Proceedings of the 12th International Conference on Sensor Networks,proceedings-article,SCITEPRESS - Science and Technology Publications,,,,,3,16,particulate_air_quality,"[""particulate_air_quality"", ""embedded_environmental_sensing""]",False,False,False,metadata_candidate,particulate_air_quality;embedded_environmental_sensing,"[""env"", ""air"", ""sensor"", ""embedded""]",1,"[{""query_id"": ""Q04"", ""query_rank"": 11, ""api_score"": 35.80299, ""raw_file"": ""raw_crossref\\Q04_low_cost_particle_calibration.json"", ""raw_item_index"": 10}]"
,10.1063/1.5080038,https://doi.org/10.1063/1.5080038,Wireless sensor network for pH and turbidity of river water monitoring,Octarina Nur Samijayani; Fitria Gani Sulistya; Mayriska Tri Wulansari; Anwar Mujadin; Suci Rahmatia,2018,AIP Conference Proceedings,proceedings-article,Author(s),2043,,020019,,3,16,water_quality_monitoring,"[""water_quality_monitoring"", ""embedded_environmental_sensing""]",False,False,False,metadata_candidate,water_quality_monitoring;embedded_environmental_sensing,"[""env"", ""water"", ""sensor"", ""embedded""]",1,"[{""query_id"": ""Q06"", ""query_rank"": 6, ""api_score"": 27.63214, ""raw_file"": ""raw_crossref\\Q06_robotic_water_quality.json"", ""raw_item_index"": 5}]"
107,10.1109/icra.2013.6630701,https://doi.org/10.1109/icra.2013.6630701,"Estimation-informed, resource-aware robot navigation for environmental monitoring applications",Lonnie T. Parker; Richard A. Coogle; Ayanna M. Howard,2013,2013 IEEE International Conference on Robotics and Automation,proceedings-article,IEEE,,,1041-1046,,3,16,robotic_environmental_monitoring,"[""robotic_environmental_monitoring""]",False,False,False,metadata_candidate,robotic_environmental_monitoring,"[""robot"", ""env"", ""sensor"", ""nav""]",1,"[{""query_id"": ""Q01"", ""query_rank"": 366, ""api_score"": 16.869785, ""raw_file"": ""raw_crossref\\Q01_mobile_robot_environment.json"", ""raw_item_index"": 365}, {""query_id"": ""Q10"", ""query_rank"": 241, ""api_score"": 16.775389, ""raw_file"": ""raw_crossref\\Q10_environmental_robotics_datasets.json"", ""raw_item_index"": 240}]"
,10.1166/sl.2011.1576,https://doi.org/10.1166/sl.2011.1576,Batch-Wise Mathematical Calibration of Thermo-Cyclically Operated Tin Oxide Gas Sensors,R. Seifert; H. B. Keller; K. Frank; H. Kohler,2011,Sensor Letters,journal-article,American Scientific Publishers,9,2,621-624,,3,16,gas_sensor_calibration,"[""gas_sensor_calibration""]",False,False,False,metadata_candidate,gas_sensor_calibration,"[""env"", ""gas"", ""calib"", ""sensor""]",1,"[{""query_id"": ""Q05"", ""query_rank"": 90, ""api_score"": 24.00277, ""raw_file"": ""raw_crossref\\Q05_gas_sensor_calibration.json"", ""raw_item_index"": 89}]"
,10.1016/j.apr.2025.102630,https://doi.org/10.1016/j.apr.2025.102630,"Seasonal multisite low-cost sensor measurements to estimate spatial and temporal variability of particulate matter pollution in Nairobi, Kenya",Ezekiel W. Nyaga; Michael R. Giordano; Matthias Beekmann; Daniel M. Westervelt; Michael Gatari; John Mungai; Godwin Opinde; Albert A. Presto; Emilia Tjernström; V. Faye McNeill; R. Subramanian,2025,Atmospheric Pollution Research,journal-article,Elsevier BV,16,10,102630,102630,2,16,particulate_air_quality,"[""particulate_air_quality"", ""embedded_environmental_sensing""]",False,False,False,metadata_candidate,particulate_air_quality;embedded_environmental_sensing,"[""env"", ""air"", ""sensor"", ""embedded""]",1,"[{""query_id"": ""Q04"", ""query_rank"": 282, ""api_score"": 23.234695, ""raw_file"": ""raw_crossref\\Q04_low_cost_particle_calibration.json"", ""raw_item_index"": 281}]"
,10.1016/j.atmosenv.2024.120460,https://doi.org/10.1016/j.atmosenv.2024.120460,Calibration method of particulate matter sensor based on density peaks clustering combined with stacking algorithm,Jiazhen Lu; Junjie Liu; Xiaoxia Han; Yue Liu; Bo Xu; Ji Xiao,2024,Atmospheric Environment,journal-article,Elsevier BV,326,,120460,120460,2,16,particulate_air_quality,"[""particulate_air_quality""]",False,False,False,metadata_candidate,particulate_air_quality,"[""env"", ""air"", ""calib"", ""sensor""]",1,"[{""query_id"": ""Q04"", ""query_rank"": 190, ""api_score"": 24.975945, ""raw_file"": ""raw_crossref\\Q04_low_cost_particle_calibration.json"", ""raw_item_index"": 189}]"
,10.1080/15459624.2024.2389279,https://doi.org/10.1080/15459624.2024.2389279,Spatiotemporal modeling of occupational particulate matter using personal low-cost sensor and indoor location tracking data,Sander Ruiter; Remy Franken; Tanja Krone; Maaike Le Feber; Jan Gunnink; Eelco Kuijpers; Susan Peters; Roel Vermeulen; Anjoeka Pronk,2024,Journal of Occupational and Environmental Hygiene,journal-article,Informa UK Limited,21,10,696-708,,2,16,particulate_air_quality,"[""particulate_air_quality"", ""embedded_environmental_sensing""]",False,False,False,metadata_candidate,particulate_air_quality;embedded_environmental_sensing,"[""env"", ""air"", ""sensor"", ""embedded""]",1,"[{""query_id"": ""Q04"", ""query_rank"": 291, ""api_score"": 23.15063, ""raw_file"": ""raw_crossref\\Q04_low_cost_particle_calibration.json"", ""raw_item_index"": 290}]"
,10.1117/12.3014098,https://doi.org/10.1117/12.3014098,Utilizing low-cost optical sensor for the measurement of particulate matter and calculating Pearson's correlation coefficient,Simona Kirešová; Volodymyr Rusyn; Milan Guzan; George Vorobets; Branislav Sobota; Oleksandr Vorobets,2024,Sixteenth International Conference on Correlation Optics,proceedings-article,SPIE,,,62,,2,16,particulate_air_quality,"[""particulate_air_quality"", ""embedded_environmental_sensing""]",False,False,False,metadata_candidate,particulate_air_quality;embedded_environmental_sensing,"[""env"", ""air"", ""sensor"", ""embedded""]",1,"[{""query_id"": ""Q04"", ""query_rank"": 126, ""api_score"": 26.820204, ""raw_file"": ""raw_crossref\\Q04_low_cost_particle_calibration.json"", ""raw_item_index"": 125}]"
,10.13189/eer.2024.120409,https://doi.org/10.13189/eer.2024.120409,Influence of Wind Speed and Direction on the Performance of Low-Cost Particulate Matter Sensors,Agus Purnomo; Asep Andang; Siti Badriah; Ervan Paryono; Aceng Sambas; Roslan Umar,2024,Environment and Ecology Research,journal-article,"Horizon Research Publishing Co., Ltd.",12,4,446-455,,2,16,particulate_air_quality,"[""particulate_air_quality"", ""embedded_environmental_sensing""]",False,False,False,metadata_candidate,particulate_air_quality;embedded_environmental_sensing,"[""env"", ""air"", ""sensor"", ""embedded""]",1,"[{""query_id"": ""Q04"", ""query_rank"": 413, ""api_score"": 22.015072, ""raw_file"": ""raw_crossref\\Q04_low_cost_particle_calibration.json"", ""raw_item_index"": 412}]"
,10.1201/9781003429241-29,https://doi.org/10.1201/9781003429241-29,Accuracy of low-cost particulate matter sensor in measuring coal mine dust- a wind tunnel evaluation,Mirza Muhammad Zaid; Guang Xu; N.A. Amoah,2023,Underground Ventilation,book-chapter,CRC Press,,,274-284,,2,16,particulate_air_quality,"[""particulate_air_quality"", ""embedded_environmental_sensing""]",False,False,False,metadata_candidate,particulate_air_quality;embedded_environmental_sensing,"[""env"", ""air"", ""sensor"", ""embedded""]",1,"[{""query_id"": ""Q04"", ""query_rank"": 186, ""api_score"": 25.075813, ""raw_file"": ""raw_crossref\\Q04_low_cost_particle_calibration.json"", ""raw_item_index"": 185}]"
,10.5120/ijca2022922450,https://doi.org/10.5120/ijca2022922450,Measuring Water Quality using Arduino and Turbidity Sensor,Daneshwari N. Kori; Rajashekarappa R,2022,International Journal of Computer Applications,journal-article,Foundation of Computer Science,184,36,1-4,,2,16,water_quality_monitoring,"[""water_quality_monitoring"", ""embedded_environmental_sensing""]",False,False,False,metadata_candidate,water_quality_monitoring;embedded_environmental_sensing,"[""env"", ""water"", ""sensor"", ""embedded""]",1,"[{""query_id"": ""Q06"", ""query_rank"": 149, ""api_score"": 21.219547, ""raw_file"": ""raw_crossref\\Q06_robotic_water_quality.json"", ""raw_item_index"": 148}]"
,10.1109/sensors47125.2020.9278753,https://doi.org/10.1109/sensors47125.2020.9278753,Belief Function Fusion based Self-calibration for Non-dispersive Infrared Gas Sensor,Yang You; Anran Xu; Tobias J. Oechtering,2020,2020 IEEE SENSORS,proceedings-article,IEEE,,,1-4,,2,16,gas_sensor_calibration,"[""gas_sensor_calibration""]",False,False,False,metadata_candidate,gas_sensor_calibration,"[""env"", ""gas"", ""calib"", ""sensor""]",1,"[{""query_id"": ""Q05"", ""query_rank"": 459, ""api_score"": 20.65291, ""raw_file"": ""raw_crossref\\Q05_gas_sensor_calibration.json"", ""raw_item_index"": 458}]"
,10.1088/1755-1315/391/1/012078,https://doi.org/10.1088/1755-1315/391/1/012078,Developing A Low Cost Particulate Matter Measurement System,A Y P Wardoyo; H A Dharmawan; M Nurhuda; E T P Adi,2019,IOP Conference Series: Earth and Environmental Science,journal-article,IOP Publishing,391,1,012078,,2,16,particulate_air_quality,"[""particulate_air_quality"", ""embedded_environmental_sensing""]",False,False,True,metadata_candidate,particulate_air_quality;embedded_environmental_sensing,"[""env"", ""air"", ""sensor"", ""embedded""]",1,"[{""query_id"": ""Q04"", ""query_rank"": 470, ""api_score"": 21.490917, ""raw_file"": ""raw_crossref\\Q04_low_cost_particle_calibration.json"", ""raw_item_index"": 469}]"
,10.1109/expat.2019.8876519,https://doi.org/10.1109/expat.2019.8876519,Field Assessment of Low-cost Particulate Matter Sensors against Reference Methods,Elias Diaz Ramiro; Begona Artinano; Alejandro Rubio; Ibai Figuero; Marcos Barreiro; Javier Fernandez,2019,2019 5th Experiment International Conference (exp.at'19),proceedings-article,IEEE,,,444-448,,2,16,particulate_air_quality,"[""particulate_air_quality"", ""embedded_environmental_sensing""]",False,False,False,metadata_candidate,particulate_air_quality;embedded_environmental_sensing,"[""env"", ""air"", ""sensor"", ""embedded""]",1,"[{""query_id"": ""Q04"", ""query_rank"": 260, ""api_score"": 23.574593, ""raw_file"": ""raw_crossref\\Q04_low_cost_particle_calibration.json"", ""raw_item_index"": 259}]"
,10.15199/13.2015.3.12,https://doi.org/10.15199/13.2015.3.12,A calibration model for gas sensor array in varying environmental conditions,Pawe� Kalinowski,2015,"ELEKTRONIKA - KONSTRUKCJE, TECHNOLOGIE, ZASTOSOWANIA",journal-article,"Wydawnictwo SIGMA-NOT, sp. z.o.o.",1,3,45-47,,2,16,gas_sensor_calibration,"[""gas_sensor_calibration""]",False,False,False,metadata_candidate,gas_sensor_calibration,"[""env"", ""gas"", ""calib"", ""sensor""]",1,"[{""query_id"": ""Q05"", ""query_rank"": 78, ""api_score"": 24.16069, ""raw_file"": ""raw_crossref\\Q05_gas_sensor_calibration.json"", ""raw_item_index"": 77}]"
,10.5220/0006164600280047,https://doi.org/10.5220/0006164600280047,Wireless Sensor Network for Water Quality Monitoring,Ákos Milánkovich; Krisztina Klincsek,2015,European Project Space on Information and Communication Systems,proceedings-article,SCITEPRESS - Science and and Technology Publications,,,28-47,,2,16,water_quality_monitoring,"[""water_quality_monitoring"", ""embedded_environmental_sensing""]",False,False,False,metadata_candidate,water_quality_monitoring;embedded_environmental_sensing,"[""env"", ""water"", ""sensor"", ""embedded""]",1,"[{""query_id"": ""Q06"", ""query_rank"": 180, ""api_score"": 20.967741, ""raw_file"": ""raw_crossref\\Q06_robotic_water_quality.json"", ""raw_item_index"": 179}]"
,10.1016/b978-0-443-33973-8.00015-1,https://doi.org/10.1016/b978-0-443-33973-8.00015-1,"Revolutionizing air quality monitoring: advanced sensors, IoT integration, and public engagement",Swapnila Roy,2026,Air Quality Monitoring and Management Using Sensors,book-chapter,Elsevier,,,273-292,,1,16,particulate_air_quality,"[""particulate_air_quality"", ""embedded_environmental_sensing""]",False,False,False,metadata_candidate,particulate_air_quality;embedded_environmental_sensing,"[""env"", ""air"", ""sensor"", ""embedded""]",1,"[{""query_id"": ""Q02"", ""query_rank"": 315, ""api_score"": 23.398445, ""raw_file"": ""raw_crossref\\Q02_ground_rover_air_quality.json"", ""raw_item_index"": 314}]"
,10.1016/j.uclim.2026.102931,https://doi.org/10.1016/j.uclim.2026.102931,"Neighborhood-scale relationships between urban land-cover patterns and fine particulate matter revealed by dense low-cost sensor networks in Santiago, Chile",Ignacio C. Fernández; Sebastián Diez; Andrés González,2026,Urban Climate,journal-article,Elsevier BV,67,,102931,102931,1,16,particulate_air_quality,"[""particulate_air_quality"", ""embedded_environmental_sensing""]",False,False,False,metadata_candidate,particulate_air_quality;embedded_environmental_sensing,"[""env"", ""air"", ""sensor"", ""embedded""]",1,"[{""query_id"": ""Q04"", ""query_rank"": 98, ""api_score"": 27.671656, ""raw_file"": ""raw_crossref\\Q04_low_cost_particle_calibration.json"", ""raw_item_index"": 97}]"
,10.1109/access.2026.3651996,https://doi.org/10.1109/access.2026.3651996,An IoT–Machine Learning Proof-of-Concept Framework for Real-Time Urban Particulate Matter Prediction Using Low-Cost Sensors,Aryan Mohapatra; Abhishek Narayan Tripathi; Umar Khan; Rohan Kumar; Indrasen Singh,2026,IEEE Access,journal-article,Institute of Electrical and Electronics Engineers (IEEE),14,,6683-6697,,1,16,particulate_air_quality,"[""particulate_air_quality"", ""embedded_environmental_sensing""]",False,False,False,metadata_candidate,particulate_air_quality;embedded_environmental_sensing,"[""env"", ""air"", ""sensor"", ""embedded""]",1,"[{""query_id"": ""Q04"", ""query_rank"": 428, ""api_score"": 21.96276, ""raw_file"": ""raw_crossref\\Q04_low_cost_particle_calibration.json"", ""raw_item_index"": 427}]"
,10.1016/j.indenv.2025.100126,https://doi.org/10.1016/j.indenv.2025.100126,Investigating transport of particulate matter from cooking emissions in a multi-story house using low-cost sensor measurements and different modeling approaches,Andrew B. Martin; Stephen M. Zimmerman; Liora E. Mael; Dustin Poppendieck; Delphine K. Farmer; Marina E. Vance,2025,Indoor Environments,journal-article,Elsevier BV,2,4,100126,100126,1,16,particulate_air_quality,"[""particulate_air_quality"", ""embedded_environmental_sensing""]",False,False,False,metadata_candidate,particulate_air_quality;embedded_environmental_sensing,"[""env"", ""air"", ""sensor"", ""embedded""]",1,"[{""query_id"": ""Q04"", ""query_rank"": 208, ""api_score"": 24.566105, ""raw_file"": ""raw_crossref\\Q04_low_cost_particle_calibration.json"", ""raw_item_index"": 207}]"
,10.1016/j.jaerosci.2024.106476,https://doi.org/10.1016/j.jaerosci.2024.106476,Investigation of the potential of in-line particle concentration measurements in gas particle separation processes by using low-cost particulate matter sensors,Felix Reinke; Jörg Meyer; Achim Dittler,2025,Journal of Aerosol Science,journal-article,Elsevier BV,183,,106476,106476,1,16,particulate_air_quality,"[""particulate_air_quality"", ""embedded_environmental_sensing""]",False,False,False,metadata_candidate,particulate_air_quality;embedded_environmental_sensing,"[""env"", ""air"", ""sensor"", ""embedded""]",1,"[{""query_id"": ""Q04"", ""query_rank"": 480, ""api_score"": 21.428005, ""raw_file"": ""raw_crossref\\Q04_low_cost_particle_calibration.json"", ""raw_item_index"": 479}]"
,10.1109/jsen.2025.3616214,https://doi.org/10.1109/jsen.2025.3616214,A Wide Dynamic Range Optical Particulate Matter Sensor With On-Chip Machine Learning Calibration,Wooyoung Kim; Soungchul Park; Jinho Yang; Jaehoon Jun; Suhwan Kim; Jooyeol Rhee,2025,IEEE Sensors Journal,journal-article,Institute of Electrical and Electronics Engineers (IEEE),25,22,42018-42028,,1,16,particulate_air_quality,"[""particulate_air_quality""]",False,False,False,metadata_candidate,particulate_air_quality,"[""env"", ""air"", ""calib"", ""sensor""]",1,"[{""query_id"": ""Q04"", ""query_rank"": 254, ""api_score"": 23.69671, ""raw_file"": ""raw_crossref\\Q04_low_cost_particle_calibration.json"", ""raw_item_index"": 253}]"
,10.26434/chemrxiv-2025-3x72f,https://doi.org/10.26434/chemrxiv-2025-3x72f,Investigating fine particulate matter transport in a multi-story house using low-cost sensor measurements and different modeling approaches,Andrew B. Martin; Stephen M. Zimmerman; Liora Mael; Dustin Poppendieck; Delphine K. Farmer; Marina E. Vance,2025,,posted-content,American Chemical Society (ACS),,,,,1,16,particulate_air_quality,"[""particulate_air_quality"", ""embedded_environmental_sensing""]",False,False,True,metadata_candidate,particulate_air_quality;embedded_environmental_sensing,"[""env"", ""air"", ""sensor"", ""embedded""]",1,"[{""query_id"": ""Q04"", ""query_rank"": 77, ""api_score"": 28.621632, ""raw_file"": ""raw_crossref\\Q04_low_cost_particle_calibration.json"", ""raw_item_index"": 76}]"
,10.52661/jict.v6i2.344,https://doi.org/10.52661/jict.v6i2.344,RANCANG BANGUN ALAT MONITORING DAN PENANGANAN KUALITAS (pH dan TURBIDITY) AIR PADA AKUARIUM IKAN KOI BERBASIS INTERNET OF THINGS (IOT),Siti Mariam Manis; Imam Yunianto; Didik Setiyadi; Slamet Raharjo,2025,Journal of Informatics and Communication Technology (JICT),journal-article,Institut Teknologi Telkom Jakarta,6,2,146-157,,1,16,water_quality_monitoring,"[""water_quality_monitoring"", ""embedded_environmental_sensing""]",False,False,True,metadata_candidate,water_quality_monitoring;embedded_environmental_sensing,"[""env"", ""water"", ""sensor"", ""embedded""]",1,"[{""query_id"": ""Q06"", ""query_rank"": 488, ""api_score"": 19.307486, ""raw_file"": ""raw_crossref\\Q06_robotic_water_quality.json"", ""raw_item_index"": 487}]"
,10.55041/ijsrem41064,https://doi.org/10.55041/ijsrem41064,Water Quality Monitoring Using Arduino and Turbidity Sensor,"ECE & IARE; V SIVA NAGARAJU,",2025,INTERANTIONAL JOURNAL OF SCIENTIFIC RESEARCH IN ENGINEERING AND MANAGEMENT,journal-article,Edtech Publishers (OPC) Private Limited,09,01,1-9,,1,16,water_quality_monitoring,"[""water_quality_monitoring"", ""embedded_environmental_sensing""]",False,False,True,metadata_candidate,water_quality_monitoring;embedded_environmental_sensing,"[""env"", ""water"", ""sensor"", ""embedded""]",1,"[{""query_id"": ""Q06"", ""query_rank"": 17, ""api_score"": 25.808094, ""raw_file"": ""raw_crossref\\Q06_robotic_water_quality.json"", ""raw_item_index"": 16}]"
,10.1063/5.0193261,https://doi.org/10.1063/5.0193261,Preliminary assessment of a low-cost particulate matter sensor by verification of filter-based method,Muhayatun Santoso; Syukria Kurniawati; Endah Damastuti; Diah Dwiana Lestiani; Woro Yatu Niken Syahfitri; Djoko Prakoso Dwi Atmodjo; Feni Fernita Nurhaini; Indah Kusmartini; Moch Faizal Ramadhani; Dyah Kumala Sari,2024,"AIP Conference Proceedings INTERNATIONAL CONFERENCE ON NUCLEAR SCIENCE, TECHNOLOGY, AND APPLICATIONS – ICONSTA 2022",proceedings-article,AIP Publishing,2967,,070003,,1,16,particulate_air_quality,"[""particulate_air_quality"", ""embedded_environmental_sensing""]",False,False,False,metadata_candidate,particulate_air_quality;embedded_environmental_sensing,"[""env"", ""air"", ""sensor"", ""embedded""]",1,"[{""query_id"": ""Q04"", ""query_rank"": 375, ""api_score"": 22.294252, ""raw_file"": ""raw_crossref\\Q04_low_cost_particle_calibration.json"", ""raw_item_index"": 374}]"
,10.1109/i2mtc60896.2024.10560531,https://doi.org/10.1109/i2mtc60896.2024.10560531,Performance Evaluation of Particulate Matter Low-Cost Sensors Under Power Supply Variations,Davide Sitzia; Paolo Castello; Carlo Muscas; Paolo Attilio Pegoraro; Sara Sulis; Serif Yildiz,2024,2024 IEEE International Instrumentation and Measurement Technology Conference (I2MTC),proceedings-article,IEEE,,,1-6,,1,16,particulate_air_quality,"[""particulate_air_quality"", ""embedded_environmental_sensing""]",False,False,False,metadata_candidate,particulate_air_quality;embedded_environmental_sensing,"[""env"", ""air"", ""sensor"", ""embedded""]",1,"[{""query_id"": ""Q04"", ""query_rank"": 338, ""api_score"": 22.642317, ""raw_file"": ""raw_crossref\\Q04_low_cost_particle_calibration.json"", ""raw_item_index"": 337}]"
,10.1109/sensors60989.2024.10785217,https://doi.org/10.1109/sensors60989.2024.10785217,Enhancing Ozone Gas Sensor Performance with Polypyrrole-Coated Metal-Oxide Semiconductors,Chiu-Hsien Wu; Wan-Yu Lin; Utkarsh Kumar; Zu-Yin Deng; Kuang Yao Lo; Kuen-Lin Chen,2024,2024 IEEE SENSORS,proceedings-article,IEEE,,,1-4,,1,16,gas_sensor_calibration,"[""gas_sensor_calibration""]",False,False,False,metadata_candidate,gas_sensor_calibration,"[""env"", ""gas"", ""calib"", ""sensor""]",1,"[{""query_id"": ""Q05"", ""query_rank"": 267, ""api_score"": 22.020828, ""raw_file"": ""raw_crossref\\Q05_gas_sensor_calibration.json"", ""raw_item_index"": 266}]"
,10.1002/9781119775843.ch12,https://doi.org/10.1002/9781119775843.ch12,Toward Real‐Time Water Quality Monitoring Using Wireless Sensor Networks,Sohail Sarang; Goran M. Stojanović; Stevan Stankovski,2023,Sensing Technologies for Real Time Monitoring of Water Quality,other,Wiley,,,283-303,,1,16,water_quality_monitoring,"[""water_quality_monitoring"", ""embedded_environmental_sensing""]",False,False,False,metadata_candidate,water_quality_monitoring;embedded_environmental_sensing,"[""env"", ""water"", ""sensor"", ""embedded""]",1,"[{""query_id"": ""Q06"", ""query_rank"": 249, ""api_score"": 20.487179, ""raw_file"": ""raw_crossref\\Q06_robotic_water_quality.json"", ""raw_item_index"": 248}]"
,10.1002/9781119775843.ch13,https://doi.org/10.1002/9781119775843.ch13,An Internet of Things‐Enabled System for Monitoring Multiple Water Quality Parameters,Fowzia Akhter; H. R. Siddiquei; Md. E. E. Alahi; S. C. Mukhopadhyay,2023,Sensing Technologies for Real Time Monitoring of Water Quality,other,Wiley,,,305-338,,1,16,water_quality_monitoring,"[""water_quality_monitoring"", ""embedded_environmental_sensing""]",False,False,False,metadata_candidate,water_quality_monitoring;embedded_environmental_sensing,"[""env"", ""water"", ""sensor"", ""embedded""]",1,"[{""query_id"": ""Q06"", ""query_rank"": 484, ""api_score"": 19.318048, ""raw_file"": ""raw_crossref\\Q06_robotic_water_quality.json"", ""raw_item_index"": 483}]"
,10.1109/sbesc60926.2023.10324290,https://doi.org/10.1109/sbesc60926.2023.10324290,Calibration of a metal oxide sensor for ammonia detection targeting IoT solutions,Lucas Fischer Mulling; Cleber Lindino; Marcio Seiji Oyamada,2023,2023 XIII Brazilian Symposium on Computing Systems Engineering (SBESC),proceedings-article,IEEE,,,1-6,,1,16,gas_sensor_calibration,"[""gas_sensor_calibration""]",False,False,False,metadata_candidate,gas_sensor_calibration,"[""gas"", ""calib"", ""sensor"", ""embedded""]",1,"[{""query_id"": ""Q05"", ""query_rank"": 70, ""api_score"": 24.507853, ""raw_file"": ""raw_crossref\\Q05_gas_sensor_calibration.json"", ""raw_item_index"": 69}]"
,10.2139/ssrn.4524135,https://doi.org/10.2139/ssrn.4524135,Iot And ML Based Real-time water Quality Monitoring System,Atin Kushwaha,2023,,posted-content,Elsevier BV,,,,,1,16,water_quality_monitoring,"[""water_quality_monitoring"", ""embedded_environmental_sensing""]",False,False,True,metadata_candidate,water_quality_monitoring;embedded_environmental_sensing,"[""env"", ""water"", ""sensor"", ""embedded""]",1,"[{""query_id"": ""Q06"", ""query_rank"": 486, ""api_score"": 19.311657, ""raw_file"": ""raw_crossref\\Q06_robotic_water_quality.json"", ""raw_item_index"": 485}]"
,10.1109/casap54985.2021.9703377,https://doi.org/10.1109/casap54985.2021.9703377,Evaluation of particulate matter microsensors to build the low-cost sensors collaborative network of Bogotá,Fredy Escobar-Diaz; Camila Buitrago; Leonardo Quinones; Freddy Grajales; Tatiana Mejia,2021,2021 Congreso Colombiano y Conferencia Internacional de Calidad de Aire y Salud Pública (CASAP),proceedings-article,IEEE,,,1-5,,1,16,particulate_air_quality,"[""particulate_air_quality"", ""embedded_environmental_sensing""]",False,False,False,metadata_candidate,particulate_air_quality;embedded_environmental_sensing,"[""env"", ""air"", ""sensor"", ""embedded""]",2,"[{""query_id"": ""Q04"", ""query_rank"": 479, ""api_score"": 21.432743, ""raw_file"": ""raw_crossref\\Q04_low_cost_particle_calibration.json"", ""raw_item_index"": 478}]"
,10.1149/ma2021-01541323mtgabs,https://doi.org/10.1149/ma2021-01541323mtgabs,Statistical Shape Mapping Pre-Processing of Metal Oxide Gas Sensor Response for Machine Learning Detection Improvement,Matvei Andreev; Alexander Efitorov; Valeriy Krivetskiy,2021,ECS Meeting Abstracts,journal-article,The Electrochemical Society,MA2021-01,54,1323-1323,,1,16,particulate_air_quality,"[""particulate_air_quality""]",False,False,True,metadata_candidate,particulate_air_quality,"[""env"", ""gas"", ""sensor"", ""nav""]",1,"[{""query_id"": ""Q05"", ""query_rank"": 338, ""api_score"": 21.499163, ""raw_file"": ""raw_crossref\\Q05_gas_sensor_calibration.json"", ""raw_item_index"": 337}]"
,10.14569/ijacsa.2021.01212103,https://doi.org/10.14569/ijacsa.2021.01212103,Framework and Method for Measurement of Particulate Matter Concentration using Low Cost Sensors,Shree Vidya Gurudath; Krishna Raj P M; Srinivasa K G,2021,International Journal of Advanced Computer Science and Applications,journal-article,The Science and Information Organization,12,12,,,1,16,particulate_air_quality,"[""particulate_air_quality"", ""embedded_environmental_sensing""]",False,False,False,metadata_candidate,particulate_air_quality;embedded_environmental_sensing,"[""env"", ""air"", ""sensor"", ""embedded""]",1,"[{""query_id"": ""Q04"", ""query_rank"": 395, ""api_score"": 22.171635, ""raw_file"": ""raw_crossref\\Q04_low_cost_particle_calibration.json"", ""raw_item_index"": 394}]"
,10.17758/eirai10.f1021210,https://doi.org/10.17758/eirai10.f1021210,"Investigation of Vertical Particulate Matter Distribution using Low-cost Sensors in Istanbul, Turkey",,2021,"BL2ES2-21, BABES-21 & BISET-21 Oct. 13-15, 2021 Barcelona (Spain)",proceedings-article,Excellence in Research & Innovation (EIRAI),,,,,1,16,particulate_air_quality,"[""particulate_air_quality"", ""embedded_environmental_sensing""]",False,False,False,metadata_candidate,particulate_air_quality;embedded_environmental_sensing,"[""env"", ""air"", ""sensor"", ""embedded""]",1,"[{""query_id"": ""Q04"", ""query_rank"": 168, ""api_score"": 25.384825, ""raw_file"": ""raw_crossref\\Q04_low_cost_particle_calibration.json"", ""raw_item_index"": 167}]"
,10.17770/etr2021vol1.6595,https://doi.org/10.17770/etr2021vol1.6595,"APPLICATION OF LOW-COST OPTICAL PM SENSOR FOR MONITORING OF PARTICULATE MATTER AIR POLLUTION IN THE URBAN ENVIRONMENT: A CASE STUDY IN ESPLANĀDE HOUSING ESTATE, DAUGAVPILS CITY",Juris Soms; Haralds Soms,2021,ENVIRONMENT. TECHNOLOGIES. RESOURCES. Proceedings of the International Scientific and Practical Conference,journal-article,Riga Technical University,1,,223-229,,1,16,particulate_air_quality,"[""particulate_air_quality"", ""embedded_environmental_sensing""]",False,False,True,metadata_candidate,particulate_air_quality;embedded_environmental_sensing,"[""env"", ""air"", ""sensor"", ""embedded""]",1,"[{""query_id"": ""Q04"", ""query_rank"": 209, ""api_score"": 24.564775, ""raw_file"": ""raw_crossref\\Q04_low_cost_particle_calibration.json"", ""raw_item_index"": 208}]"
,10.33557/jurnalmatrik.v23i1.1290,https://doi.org/10.33557/jurnalmatrik.v23i1.1290,DESIGNING MEASUREMENT OF PH AND WATER TURBIDITY LEVEL BASED ON IOT,Nursobah Nursobah; Asep Nurhuda; Ahmad Fahrijal Pukeng,2021,Jurnal Ilmiah Matrik,journal-article,Universitas Bina Darma,23,1,34-45,,1,16,water_quality_monitoring,"[""water_quality_monitoring"", ""embedded_environmental_sensing""]",False,False,True,metadata_candidate,water_quality_monitoring;embedded_environmental_sensing,"[""env"", ""water"", ""sensor"", ""embedded""]",1,"[{""query_id"": ""Q06"", ""query_rank"": 94, ""api_score"": 21.925499, ""raw_file"": ""raw_crossref\\Q06_robotic_water_quality.json"", ""raw_item_index"": 93}]"
,10.35784/iapgos.2853,https://doi.org/10.35784/iapgos.2853,APPLICATION OF LOW-COST PARTICULATE MATTER SENSORS FOR MEASUREMENT OF POLLUTANTS GENERATED DURING 3D PRINTING,Jarosław Tatarczak,2021,"Informatyka, Automatyka, Pomiary w Gospodarce i Ochronie Środowiska",journal-article,Politechnika Lubelska,11,4,75-77,,1,16,particulate_air_quality,"[""particulate_air_quality"", ""embedded_environmental_sensing""]",False,False,True,metadata_candidate,particulate_air_quality;embedded_environmental_sensing,"[""env"", ""air"", ""sensor"", ""embedded""]",1,"[{""query_id"": ""Q04"", ""query_rank"": 285, ""api_score"": 23.210323, ""raw_file"": ""raw_crossref\\Q04_low_cost_particle_calibration.json"", ""raw_item_index"": 284}]"
,10.1007/s11869-026-01993-8,https://doi.org/10.1007/s11869-026-01993-8,Comparative assessment of the vertical distribution of respirable particulate matter in surface coal and metal mines using unmanned aerial vehicle mounted low-cost sensor,Abhishek Penchala; Aditya Kumar Patra; Namrata Mishra; Dhruti Sundar Pradhan; Bhanuprakash Thota,2026,"Air Quality, Atmosphere & Health",journal-article,Springer Science and Business Media LLC,19,5,,108,0,16,particulate_air_quality,"[""particulate_air_quality"", ""embedded_environmental_sensing""]",False,False,False,metadata_candidate,particulate_air_quality;embedded_environmental_sensing,"[""env"", ""air"", ""sensor"", ""embedded""]",1,"[{""query_id"": ""Q04"", ""query_rank"": 233, ""api_score"": 24.055202, ""raw_file"": ""raw_crossref\\Q04_low_cost_particle_calibration.json"", ""raw_item_index"": 232}]"
,10.1007/s44408-026-00159-6,https://doi.org/10.1007/s44408-026-00159-6,Low-Cost Particulate Matter Sensors Performance in Northeast China Polluted Conditions,Yuliia Yukhymchuk; Gennadi Milinevsky; Xuanyi Wei; Yu Shi; Andrew Klekociuk; Peng Chen; Xuhui Gao,2026,Aerosol and Air Quality Research,journal-article,Springer Science and Business Media LLC,,,,,0,16,particulate_air_quality,"[""particulate_air_quality"", ""embedded_environmental_sensing""]",False,False,False,metadata_candidate,particulate_air_quality;embedded_environmental_sensing,"[""env"", ""air"", ""sensor"", ""embedded""]",1,"[{""query_id"": ""Q04"", ""query_rank"": 388, ""api_score"": 22.214977, ""raw_file"": ""raw_crossref\\Q04_low_cost_particle_calibration.json"", ""raw_item_index"": 387}]"
,10.1016/j.ejpb.2026.115069,https://doi.org/10.1016/j.ejpb.2026.115069,Low-cost particulate matter sensors for real-time spatiotemporal detection of pharmaceutical dust in containment,Hendrik Küllmar; Martin Schöler; Kai U. Braunschweig; Claudia S. Leopold,2026,European Journal of Pharmaceutics and Biopharmaceutics,journal-article,Elsevier BV,223,,115069,115069,0,16,particulate_air_quality,"[""particulate_air_quality"", ""embedded_environmental_sensing""]",False,False,False,metadata_candidate,particulate_air_quality;embedded_environmental_sensing,"[""env"", ""air"", ""sensor"", ""embedded""]",1,"[{""query_id"": ""Q04"", ""query_rank"": 469, ""api_score"": 21.50253, ""raw_file"": ""raw_crossref\\Q04_low_cost_particle_calibration.json"", ""raw_item_index"": 468}]"
,10.1080/03067319.2026.2722667,https://doi.org/10.1080/03067319.2026.2722667,"A portable electrical conductivity sensor for real-time measurement of particulate matter in diesel vehicle exhaust: design, calibration, and on-road application in Chiang Mai, Thailand",Wisanapat Rattanachan; Panich Intra,2026,International Journal of Environmental Analytical Chemistry,journal-article,Informa UK Limited,,,1-37,,0,16,particulate_air_quality,"[""particulate_air_quality""]",False,False,False,metadata_candidate,particulate_air_quality,"[""env"", ""air"", ""calib"", ""sensor""]",1,"[{""query_id"": ""Q04"", ""query_rank"": 384, ""api_score"": 22.232285, ""raw_file"": ""raw_crossref\\Q04_low_cost_particle_calibration.json"", ""raw_item_index"": 383}]"
,10.1093/annweh/wxag024.109,https://doi.org/10.1093/annweh/wxag024.109,84 The future of particulate matter low-cost sensor devices for emission and exposure measurements in occupational settings,Delphine Bard; Graeme Hunwin; Samantha Hall; Jackie Morton; John Saunders,2026,Annals of Work Exposures and Health,journal-article,Oxford University Press (OUP),70,Supplement_1,,wxag024.109,0,16,particulate_air_quality,"[""particulate_air_quality"", ""embedded_environmental_sensing""]",False,False,True,metadata_candidate,particulate_air_quality;embedded_environmental_sensing,"[""env"", ""air"", ""sensor"", ""embedded""]",1,"[{""query_id"": ""Q04"", ""query_rank"": 131, ""api_score"": 26.771786, ""raw_file"": ""raw_crossref\\Q04_low_cost_particle_calibration.json"", ""raw_item_index"": 130}]"
108,10.1109/access.2026.3712023,https://doi.org/10.1109/access.2026.3712023,Robust Offline Coverage Path Planning for Multi-Robot Environmental Monitoring in Structured Grid Domains,Ignas Sablinskas; Vishnu G. Nair,2026,IEEE Access,journal-article,Institute of Electrical and Electronics Engineers (IEEE),14,,107492-107510,,0,16,robotic_environmental_monitoring,"[""robotic_environmental_monitoring""]",False,False,False,metadata_candidate,robotic_environmental_monitoring,"[""robot"", ""env"", ""sensor"", ""nav""]",1,"[{""query_id"": ""Q01"", ""query_rank"": 314, ""api_score"": 17.109175, ""raw_file"": ""raw_crossref\\Q01_mobile_robot_environment.json"", ""raw_item_index"": 313}]"
,10.1109/iccar69571.2026.11549626,https://doi.org/10.1109/iccar69571.2026.11549626,Architecture of an IoT–AI Digital Ecosystem for Air Quality Monitoring and Environmental Assessment,Ali Abbasov; Elchin Aliyev; Ramin Rzayev; Asgar Almasov,2026,"2026 12th International Conference on Control, Automation and Robotics (ICCAR)",proceedings-article,IEEE,,,291-296,,0,16,particulate_air_quality,"[""particulate_air_quality"", ""embedded_environmental_sensing""]",False,False,False,metadata_candidate,particulate_air_quality;embedded_environmental_sensing,"[""env"", ""air"", ""sensor"", ""embedded""]",1,"[{""query_id"": ""Q10"", ""query_rank"": 434, ""api_score"": 15.794543, ""raw_file"": ""raw_crossref\\Q10_environmental_robotics_datasets.json"", ""raw_item_index"": 433}]"
,10.1109/isoen68725.2026.11665436,https://doi.org/10.1109/isoen68725.2026.11665436,CELiS: A Calibration-Efficient Lightweight Surrogate Model for Metal-Oxide Gas Sensors in Open Sampling Systems,Han Fan; Kevin Klug; Yuxin Xing; Achim J. Lilienthal,2026,2026 IEEE International Symposium on Olfaction and Electronic Nose (ISOEN),proceedings-article,IEEE,,,334-337,,0,16,gas_sensor_calibration,"[""gas_sensor_calibration""]",False,False,False,metadata_candidate,gas_sensor_calibration,"[""env"", ""gas"", ""calib"", ""sensor""]",1,"[{""query_id"": ""Q05"", ""query_rank"": 223, ""api_score"": 22.370571, ""raw_file"": ""raw_crossref\\Q05_gas_sensor_calibration.json"", ""raw_item_index"": 222}]"
,10.1201/9781779647283-11,https://doi.org/10.1201/9781779647283-11,Turbidimeter: Design and Development of a Cost-Effective Greywater Turbidity Monitoring System Using Arduino Uno to Monitor Water Quality for Irrigation and Reuse,Deepa Abin; Paras Sarode; Kushal Kurkure; Omar Khan; Samarth Khadse; Shrikant Kole; Sarvesh Mali,2026,Smart Farm Management Systems,book-chapter,Apple Academic Press,,,161-173,,0,16,water_quality_monitoring,"[""water_quality_monitoring"", ""embedded_environmental_sensing""]",False,False,False,metadata_candidate,water_quality_monitoring;embedded_environmental_sensing,"[""env"", ""water"", ""sensor"", ""embedded""]",1,"[{""query_id"": ""Q06"", ""query_rank"": 251, ""api_score"": 20.475027, ""raw_file"": ""raw_crossref\\Q06_robotic_water_quality.json"", ""raw_item_index"": 250}]"
,10.17159/caj/2026/36/1.24186,https://doi.org/10.17159/caj/2026/36/1.24186,Particulate matter source identification and triangulation using a low-cost sensor network in Nigeria,Johanna Rehbein; Dimitrios Bousiotis; Olalekan Popoola; Arunik Baruah; Olusegun Fawole; Oyediran Owoade; Francis Pope,2026,Clean Air Journal,journal-article,Academy of Science of South Africa,36,1,,,0,16,particulate_air_quality,"[""particulate_air_quality"", ""embedded_environmental_sensing""]",False,False,True,metadata_candidate,particulate_air_quality;embedded_environmental_sensing,"[""env"", ""air"", ""sensor"", ""embedded""]",1,"[{""query_id"": ""Q04"", ""query_rank"": 115, ""api_score"": 27.357536, ""raw_file"": ""raw_crossref\\Q04_low_cost_particle_calibration.json"", ""raw_item_index"": 114}]"
,10.2139/ssrn.6685510,https://doi.org/10.2139/ssrn.6685510,IoT-Enabled Spatio-Temporal Analysis of Turbidity Dynamics in the Ganga River for Real-Time Water Quality Monitoring,Deepak Bhatt; Amit Dixit; Mahendra Swain,2026,,posted-content,Elsevier BV,,,,,0,16,water_quality_monitoring,"[""water_quality_monitoring"", ""embedded_environmental_sensing""]",False,False,True,metadata_candidate,water_quality_monitoring;embedded_environmental_sensing,"[""env"", ""water"", ""sensor"", ""embedded""]",1,"[{""query_id"": ""Q06"", ""query_rank"": 8, ""api_score"": 27.25745, ""raw_file"": ""raw_crossref\\Q06_robotic_water_quality.json"", ""raw_item_index"": 7}]"
,10.22541/essoar.176729326.68962776/v1,https://doi.org/10.22541/essoar.176729326.68962776/v1,"Using Indian-made low-cost particulate matter sensors to characterize air quality in rural Tamil Nadu, India",Rashmi Krishnan,2026,,posted-content,Wiley,,,,,0,16,particulate_air_quality,"[""particulate_air_quality"", ""embedded_environmental_sensing""]",False,False,False,metadata_candidate,particulate_air_quality;embedded_environmental_sensing,"[""env"", ""air"", ""sensor"", ""embedded""]",1,"[{""query_id"": ""Q04"", ""query_rank"": 82, ""api_score"": 28.431906, ""raw_file"": ""raw_crossref\\Q04_low_cost_particle_calibration.json"", ""raw_item_index"": 81}]"
,10.31153/instrumentasi.v49i2.738,https://doi.org/10.31153/instrumentasi.v49i2.738,IMPLEMENTATION OF LED-PHOTODIODE SENSOR AS ONE OF THE INDICATORS OF TURBIDITY MEASUREMENT IN IOT-BASED UTILITY WATER QUALITY MONITORING SYSTEM,Rizal Maulana; Muhammad Dhany Wahyudi Saputra; Suyatno Suyatno; Iim Fatimah,2026,Instrumentasi,journal-article,Center for Research and Development of Standardization and Conformity Assessment,49,2,121,,0,16,water_quality_monitoring,"[""water_quality_monitoring"", ""embedded_environmental_sensing""]",False,False,False,metadata_candidate,water_quality_monitoring;embedded_environmental_sensing,"[""env"", ""water"", ""sensor"", ""embedded""]",1,"[{""query_id"": ""Q06"", ""query_rank"": 62, ""api_score"": 22.878963, ""raw_file"": ""raw_crossref\\Q06_robotic_water_quality.json"", ""raw_item_index"": 61}]"
,10.37676/jmcs.v5i1.9633,https://doi.org/10.37676/jmcs.v5i1.9633,IoT-Based Monitoring And Control Of Water Turbidity And Automatic Fish Feeding,Nanda Eka Juniawan; Riska Riska; Yessi Mardiana,2026,Jurnal Media Computer Science,journal-article,Unived Press,5,1,587-598,,0,16,water_quality_monitoring,"[""water_quality_monitoring"", ""embedded_environmental_sensing""]",False,False,True,metadata_candidate,water_quality_monitoring;embedded_environmental_sensing,"[""env"", ""water"", ""sensor"", ""embedded""]",1,"[{""query_id"": ""Q06"", ""query_rank"": 240, ""api_score"": 20.545897, ""raw_file"": ""raw_crossref\\Q06_robotic_water_quality.json"", ""raw_item_index"": 239}]"
,10.46431/mejast.2026.9208,https://doi.org/10.46431/mejast.2026.9208,"Short-term Monitoring of Indoor Particulate Matter (PM) Using Low-cost Sensors in a Residential Environment in Bengaluru, India",Shalini V; Shilpa Kulkarni,2026,Middle East Journal of Applied Science & Technology,journal-article,Nemeth Publishers,09,02,117-124,,0,16,particulate_air_quality,"[""particulate_air_quality"", ""embedded_environmental_sensing""]",False,False,True,metadata_candidate,particulate_air_quality;embedded_environmental_sensing,"[""env"", ""air"", ""sensor"", ""embedded""]",1,"[{""query_id"": ""Q04"", ""query_rank"": 432, ""api_score"": 21.939724, ""raw_file"": ""raw_crossref\\Q04_low_cost_particle_calibration.json"", ""raw_item_index"": 431}]"
,10.5121/csit.2026.1601204,https://doi.org/10.5121/csit.2026.1601204,"STORMVAULT: A SMART IOT SYSTEM FOR REAL-TIME RAIN BARREL WATER LEVEL AND QUALITY MONITORING USING TIME-OFFLIGHT SENSING, TURBIDITY ANALYSIS, AND CLOUD-BACKED MOBILE VISUALIZATION",Huanyu Chen; Jonathan Sahagun,2026,"Computer Science, Engineering and Applications",proceedings-article,Academy and Industry Research Collaboration Center (AIRCC),,,47-57,,0,16,water_quality_monitoring,"[""water_quality_monitoring"", ""embedded_environmental_sensing""]",False,False,True,metadata_candidate,water_quality_monitoring;embedded_environmental_sensing,"[""env"", ""water"", ""sensor"", ""embedded""]",1,"[{""query_id"": ""Q06"", ""query_rank"": 54, ""api_score"": 23.081415, ""raw_file"": ""raw_crossref\\Q06_robotic_water_quality.json"", ""raw_item_index"": 53}]"
,10.5194/egusphere-egu26-20134,https://doi.org/10.5194/egusphere-egu26-20134,Building a low-cost monitoring network to track vertical transport of particulate matter along valley slope: the benefits of low-tech in mountainous environment,Pierre Couëtoux; Philippe Fanget; Christine Piot; Chantal Staquet,2026,,posted-content,Copernicus GmbH,,,,,0,16,particulate_air_quality,"[""particulate_air_quality"", ""embedded_environmental_sensing""]",False,False,True,metadata_candidate,particulate_air_quality;embedded_environmental_sensing,"[""env"", ""air"", ""sensor"", ""embedded""]",1,"[{""query_id"": ""Q04"", ""query_rank"": 169, ""api_score"": 25.378887, ""raw_file"": ""raw_crossref\\Q04_low_cost_particle_calibration.json"", ""raw_item_index"": 168}]"
,10.5194/egusphere-egu26-6264,https://doi.org/10.5194/egusphere-egu26-6264,Estimating Size-Resolved Lung Deposition Doses of Particulate Matter (PM) Using Low-Cost Sensor Data in Rural India,Karthiga Devi Sai Ganesan; Naveen Puttaswamy; Saritha Sendhil; Durairaj Natesan; Rengaraj Ramasami; Manish Desai; Ajay Pillarisetti; Sreekanth Vakacherla; Rashmi Krishnan; Sankar Sambandam; Padmavathi Ramaswamy; Kalpana Balakrishnan,2026,,posted-content,Copernicus GmbH,,,,,0,16,particulate_air_quality,"[""particulate_air_quality"", ""embedded_environmental_sensing""]",False,False,True,metadata_candidate,particulate_air_quality;embedded_environmental_sensing,"[""env"", ""air"", ""sensor"", ""embedded""]",1,"[{""query_id"": ""Q04"", ""query_rank"": 152, ""api_score"": 25.604675, ""raw_file"": ""raw_crossref\\Q04_low_cost_particle_calibration.json"", ""raw_item_index"": 151}]"
,10.5220/0015072900004091,https://doi.org/10.5220/0015072900004091,Outlier Detection in Low-Cost Air Quality Sensor Networks: Distinguishing Sensor Errors from Environmental Events,Victoria Beltran; Daniel Fernandez-Garcia; Jose Santa,2026,"Proceedings of the 15th International Conference on Data Science, Technology and Applications",proceedings-article,SCITEPRESS - Science and Technology Publications,,,488-499,,0,16,particulate_air_quality,"[""particulate_air_quality"", ""embedded_environmental_sensing""]",False,False,False,metadata_candidate,particulate_air_quality;embedded_environmental_sensing,"[""env"", ""air"", ""sensor"", ""embedded""]",1,"[{""query_id"": ""Q04"", ""query_rank"": 447, ""api_score"": 21.728931, ""raw_file"": ""raw_crossref\\Q04_low_cost_particle_calibration.json"", ""raw_item_index"": 446}]"
,10.65890/dmp.lnmr.impact26.65,https://doi.org/10.65890/dmp.lnmr.impact26.65,An ESP32 And Turbidity Sensor Network-Based Intelligent Internet of Things Water Quality Monitoring System,Sasidhar Babu Suvanam; Hrishikesh Karthikeya S; Inchara CR; Pallavi G; Yuvaraj Chavhan; Vijayalakshmi Yellepeddi,2026,DMPedia Lecture Notes in Multidisciplinary Research,journal-article,Digital Manuscriptpedia,,,1045-1057,,0,16,water_quality_monitoring,"[""water_quality_monitoring"", ""embedded_environmental_sensing""]",False,False,True,metadata_candidate,water_quality_monitoring;embedded_environmental_sensing,"[""env"", ""water"", ""sensor"", ""embedded""]",1,"[{""query_id"": ""Q06"", ""query_rank"": 63, ""api_score"": 22.878963, ""raw_file"": ""raw_crossref\\Q06_robotic_water_quality.json"", ""raw_item_index"": 62}]"
,10.1016/j.jobe.2025.113021,https://doi.org/10.1016/j.jobe.2025.113021,Characteristic of real-time airborne bacteria measurement and the response of low-cost particulate matter sensor: a pilot study,H.H. Zhang; A.C.K. Lai,2025,Journal of Building Engineering,journal-article,Elsevier BV,110,,113021,113021,0,16,particulate_air_quality,"[""particulate_air_quality"", ""embedded_environmental_sensing""]",False,False,False,metadata_candidate,particulate_air_quality;embedded_environmental_sensing,"[""env"", ""air"", ""sensor"", ""embedded""]",1,"[{""query_id"": ""Q04"", ""query_rank"": 88, ""api_score"": 28.315727, ""raw_file"": ""raw_crossref\\Q04_low_cost_particle_calibration.json"", ""raw_item_index"": 87}]"
,10.1051/e3sconf/202566907001,https://doi.org/10.1051/e3sconf/202566907001,Spatiotemporal Monitoring of Particulate Matter in Amman With Low-Cost Sensor Network,Khaled Hazaymeh; Muheeb Awawdeh; Murad Al-Jarrah,2025,E3S Web of Conferences,journal-article,EDP Sciences,669,,07001,,0,16,particulate_air_quality,"[""particulate_air_quality"", ""embedded_environmental_sensing""]",False,False,True,metadata_candidate,particulate_air_quality;embedded_environmental_sensing,"[""env"", ""air"", ""sensor"", ""embedded""]",1,"[{""query_id"": ""Q04"", ""query_rank"": 73, ""api_score"": 28.728199, ""raw_file"": ""raw_crossref\\Q04_low_cost_particle_calibration.json"", ""raw_item_index"": 72}]"
,10.1063/5.0262412,https://doi.org/10.1063/5.0262412,WATERNET – Water quality monitoring using turbidity sensor with arduino,Pasam Thanusha; Polepally Sukeerthi; Bobbili Varsha; Nadimenti Praveen; Rambabu Mudusu; Kathi Chandra Mouli,2025,AIP Conference Proceedings 16TH INTERNATIONAL CONFERENCE ON MATERIALS PROCESSING AND CHARACTERIZATION 2024,proceedings-article,AIP Publishing,3263,,140009,,0,16,water_quality_monitoring,"[""water_quality_monitoring"", ""embedded_environmental_sensing""]",False,False,False,metadata_candidate,water_quality_monitoring;embedded_environmental_sensing,"[""env"", ""water"", ""sensor"", ""embedded""]",1,"[{""query_id"": ""Q06"", ""query_rank"": 50, ""api_score"": 23.39492, ""raw_file"": ""raw_crossref\\Q06_robotic_water_quality.json"", ""raw_item_index"": 49}]"
,10.1080/10739149.2025.2504478,https://doi.org/10.1080/10739149.2025.2504478,Optimized calibration for metal oxide gas sensor arrays to overcome tool variability,Budi Sumanto; Kuwat Triyana; Ahmad Kusumaatmaja,2025,Instrumentation Science & Technology,journal-article,Informa UK Limited,54,1,118-135,,0,16,gas_sensor_calibration,"[""gas_sensor_calibration""]",False,False,False,metadata_candidate,gas_sensor_calibration,"[""env"", ""gas"", ""calib"", ""sensor""]",1,"[{""query_id"": ""Q05"", ""query_rank"": 13, ""api_score"": 28.522636, ""raw_file"": ""raw_crossref\\Q05_gas_sensor_calibration.json"", ""raw_item_index"": 12}]"
,10.1093/eurpub/ckaf161.1307,https://doi.org/10.1093/eurpub/ckaf161.1307,A low-cost approach to ambient fine particulate matter monitoring - the case of Grenada,K Mitchell; NKH Yang; N Dirienzo; S Compton; P Villenueve; M Forde,2025,European Journal of Public Health,journal-article,Oxford University Press (OUP),35,Supplement_4,,ckaf161.1307,0,16,particulate_air_quality,"[""particulate_air_quality"", ""embedded_environmental_sensing""]",False,False,True,metadata_candidate,particulate_air_quality;embedded_environmental_sensing,"[""env"", ""air"", ""sensor"", ""embedded""]",1,"[{""query_id"": ""Q04"", ""query_rank"": 387, ""api_score"": 22.222397, ""raw_file"": ""raw_crossref\\Q04_low_cost_particle_calibration.json"", ""raw_item_index"": 386}]"
,10.1109/chilecon66915.2025.11476582,https://doi.org/10.1109/chilecon66915.2025.11476582,Low-Cost Autonomous Station for Particulate Matter Monitoring with Solar Energy,Silvia Barreto Cristaldo; Diego Stalder; Carolina Recalde; Angel Rincon; Luis Bernal,2025,"2025 IEEE CHILEAN Conference on Electrical, Electronics Engineering, Information and Communication Technologies (CHILECON)",proceedings-article,IEEE,,,1-6,,0,16,particulate_air_quality,"[""particulate_air_quality"", ""embedded_environmental_sensing""]",False,False,False,metadata_candidate,particulate_air_quality;embedded_environmental_sensing,"[""env"", ""air"", ""sensor"", ""embedded""]",1,"[{""query_id"": ""Q04"", ""query_rank"": 364, ""api_score"": 22.421244, ""raw_file"": ""raw_crossref\\Q04_low_cost_particle_calibration.json"", ""raw_item_index"": 363}]"
109,10.1109/mhtc65808.2025.11086438,https://doi.org/10.1109/mhtc65808.2025.11086438,Wireless Environmental Monitoring with a Mobile Rover: A Multi-Sensor Approach,Andres Rojano Martínez; Mariana N. Ibarra Bonilla,2025,2025 IEEE Mexican Humanitarian Technology Conference (MHTC),proceedings-article,IEEE,,,144-149,,0,16,robotic_environmental_monitoring,"[""robotic_environmental_monitoring""]",False,False,False,metadata_candidate,robotic_environmental_monitoring,"[""robot"", ""env"", ""sensor"", ""outdoor""]",1,"[{""query_id"": ""Q01"", ""query_rank"": 400, ""api_score"": 16.738857, ""raw_file"": ""raw_crossref\\Q01_mobile_robot_environment.json"", ""raw_item_index"": 399}]"
,10.18196/jet.v9i1.27301,https://doi.org/10.18196/jet.v9i1.27301,"Monitoring Detergent Waste Using pH, Temperature, and Turbidity Sensor Based on the Internet of Things",Liya Yusrina Sabila; M. Fadhilatul Ramadhan; Shinta Amelia,2025,Journal of Electrical Technology UMY,journal-article,Universitas Muhammadiyah Yogyakarta,9,1,1-9,,0,16,water_quality_monitoring,"[""water_quality_monitoring"", ""embedded_environmental_sensing""]",False,False,True,metadata_candidate,water_quality_monitoring;embedded_environmental_sensing,"[""env"", ""water"", ""sensor"", ""embedded""]",1,"[{""query_id"": ""Q06"", ""query_rank"": 166, ""api_score"": 21.00658, ""raw_file"": ""raw_crossref\\Q06_robotic_water_quality.json"", ""raw_item_index"": 165}]"
,10.2139/ssrn.5150345,https://doi.org/10.2139/ssrn.5150345,Dynamic Calibration of Low-Cost PM 2.5 Sensors Using Trust-Based Consensus Mechanisms,Sachit Mahajan; Dirk Helbing,2025,,posted-content,Elsevier BV,,,,,0,16,particulate_air_quality,"[""particulate_air_quality""]",False,False,False,metadata_candidate,particulate_air_quality,"[""air"", ""calib"", ""sensor"", ""embedded""]",2,"[{""query_id"": ""Q04"", ""query_rank"": 437, ""api_score"": 21.85543, ""raw_file"": ""raw_crossref\\Q04_low_cost_particle_calibration.json"", ""raw_item_index"": 436}]"
,10.26486/jisai.v6i2.219,https://doi.org/10.26486/jisai.v6i2.219,Internet Of Things (Iot)-Based Prototype For Monitoring Water Level And Turbidity In Water Tanks,INSANUDIN INSANUDIN,2025,Journal Of Information System And Artificial Intelligence,journal-article,Universitas Mercu Buana Yogyakarta,5,2,342-351,,0,16,water_quality_monitoring,"[""water_quality_monitoring"", ""embedded_environmental_sensing""]",False,False,True,metadata_candidate,water_quality_monitoring;embedded_environmental_sensing,"[""env"", ""water"", ""sensor"", ""embedded""]",1,"[{""query_id"": ""Q06"", ""query_rank"": 90, ""api_score"": 22.000458, ""raw_file"": ""raw_crossref\\Q06_robotic_water_quality.json"", ""raw_item_index"": 89}]"
,10.5194/egusphere-egu24-19279,https://doi.org/10.5194/egusphere-egu24-19279,Derivation of aerosol optical properties from satellite AOD data and low-cost Particulate Matter sensors,Giorgia Proietti Pelliccia; Tiziano Maestri; Erika Brattich; Federico Porcù; Silvana Di Sabatino; Francesco Barbano,2025,,posted-content,Copernicus GmbH,,,,,0,16,particulate_air_quality,"[""particulate_air_quality"", ""embedded_environmental_sensing""]",False,False,True,metadata_candidate,particulate_air_quality;embedded_environmental_sensing,"[""env"", ""air"", ""sensor"", ""embedded""]",1,"[{""query_id"": ""Q04"", ""query_rank"": 215, ""api_score"": 24.440065, ""raw_file"": ""raw_crossref\\Q04_low_cost_particle_calibration.json"", ""raw_item_index"": 214}]"
,10.5194/egusphere-egu24-295,https://doi.org/10.5194/egusphere-egu24-295,Trends of Particulate Matter PM2.5 and PM10 Concentrations in Dar Es Salaam City Between 2021 and 2022 as measured by Low cost Sensors.,asinta manyele; Mbazingwa Mkiramweni,2025,,posted-content,Copernicus GmbH,,,,,0,16,particulate_air_quality,"[""particulate_air_quality"", ""embedded_environmental_sensing""]",False,False,True,metadata_candidate,particulate_air_quality;embedded_environmental_sensing,"[""env"", ""air"", ""sensor"", ""embedded""]",1,"[{""query_id"": ""Q04"", ""query_rank"": 182, ""api_score"": 25.123322, ""raw_file"": ""raw_crossref\\Q04_low_cost_particle_calibration.json"", ""raw_item_index"": 181}]"
,10.1007/978-981-97-8824-8_7,https://doi.org/10.1007/978-981-97-8824-8_7,Calibration of SPS30 Particulate Matter Sensor Using Feedforward Neural Networks,Kai Bodemann; Lin Zhang; Jörg Hoffmann,2024,Lecture Notes in Electrical Engineering The Proceedings of the 11th Frontier Academic Forum of Electrical Engineering (FAFEE2024),book-chapter,Springer Nature Singapore,,,55-63,,0,16,particulate_air_quality,"[""particulate_air_quality""]",False,False,False,metadata_candidate,particulate_air_quality,"[""env"", ""air"", ""calib"", ""sensor""]",1,"[{""query_id"": ""Q04"", ""query_rank"": 290, ""api_score"": 23.175247, ""raw_file"": ""raw_crossref\\Q04_low_cost_particle_calibration.json"", ""raw_item_index"": 289}]"
,10.1063/5.0218127,https://doi.org/10.1063/5.0218127,"Clean water quality monitoring system at PAMSIMAS based on conductivity, alkaline acidity and turbidity level using the internet of things",Budi Cahyo Wibowo; Aldi Budiawan; Budi Gunawan,2024,"AIP Conference Proceedings 2ND INTERNATIONAL CONFERENCE SERIES ON SCIENCE, ENGINEERING, AND TECHNOLOGY (ICSSET) 2022",proceedings-article,AIP Publishing,3167,,050008,,0,16,water_quality_monitoring,"[""water_quality_monitoring"", ""embedded_environmental_sensing""]",False,False,False,metadata_candidate,water_quality_monitoring;embedded_environmental_sensing,"[""env"", ""water"", ""sensor"", ""embedded""]",1,"[{""query_id"": ""Q06"", ""query_rank"": 104, ""api_score"": 21.826681, ""raw_file"": ""raw_crossref\\Q06_robotic_water_quality.json"", ""raw_item_index"": 103}]"
,10.1109/metroind4.0iot61288.2024.10584157,https://doi.org/10.1109/metroind4.0iot61288.2024.10584157,Influence of Apparent Wind on Particulate Matter Monitoring through Low-Cost Sensors,Paolo Castello; Carlo Muscas; Paolo Attilio Pegoraro; Davide Sitzia; Sara Sulis,2024,2024 IEEE International Workshop on Metrology for Industry 4.0 & IoT (MetroInd4.0 & IoT),proceedings-article,IEEE,,,530-535,,0,16,particulate_air_quality,"[""particulate_air_quality"", ""embedded_environmental_sensing""]",False,False,False,metadata_candidate,particulate_air_quality;embedded_environmental_sensing,"[""env"", ""air"", ""sensor"", ""embedded""]",1,"[{""query_id"": ""Q04"", ""query_rank"": 478, ""api_score"": 21.432922, ""raw_file"": ""raw_crossref\\Q04_low_cost_particle_calibration.json"", ""raw_item_index"": 477}]"
,10.1145/3718391.3718428,https://doi.org/10.1145/3718391.3718428,"IoT Based Wastewater Temperature, pH And Turbidity Monitoring with Data Analytics and Visualisation",Lillian Yee Kiaw Wang; Joseph Chun Hoe Loo; Yi Xiong Wong; Ying Ying Lai,2024,Proceedings of the 2024 the 12th International Conference on Information Technology (ICIT),proceedings-article,ACM,,,213-218,,0,16,water_quality_monitoring,"[""water_quality_monitoring"", ""embedded_environmental_sensing""]",False,False,False,metadata_candidate,water_quality_monitoring;embedded_environmental_sensing,"[""env"", ""water"", ""sensor"", ""embedded""]",1,"[{""query_id"": ""Q06"", ""query_rank"": 335, ""api_score"": 20.044472, ""raw_file"": ""raw_crossref\\Q06_robotic_water_quality.json"", ""raw_item_index"": 334}]"
,10.14445/23488379/ijeee-v11i12p102,https://doi.org/10.14445/23488379/ijeee-v11i12p102,A Low-Cost Particulate Matter Sensor System Using Optical Sensors for Efficient Air Pollution Monitoring,Kalali Das; Sagnik Ghosh; Himadri Sekhar Dutta,2024,International Journal of Electrical and Electronics Engineering,journal-article,Seventh Sense Research Group Journals,11,12,11-25,,0,16,particulate_air_quality,"[""particulate_air_quality"", ""embedded_environmental_sensing""]",False,False,False,metadata_candidate,particulate_air_quality;embedded_environmental_sensing,"[""env"", ""air"", ""sensor"", ""embedded""]",1,"[{""query_id"": ""Q04"", ""query_rank"": 99, ""api_score"": 27.663502, ""raw_file"": ""raw_crossref\\Q04_low_cost_particle_calibration.json"", ""raw_item_index"": 98}]"
,10.2139/ssrn.4820935,https://doi.org/10.2139/ssrn.4820935,Performance Evaluation and Utility of Low-Cost Particulate Matter Sensor,Angel Lopez-Encuentra; Esther Gil Cid; Víctor Abraira; Luis Miguel Pozo Coronado,2024,,posted-content,Elsevier BV,,,,,0,16,particulate_air_quality,"[""particulate_air_quality"", ""embedded_environmental_sensing""]",False,False,False,metadata_candidate,particulate_air_quality;embedded_environmental_sensing,"[""env"", ""air"", ""sensor"", ""embedded""]",1,"[{""query_id"": ""Q04"", ""query_rank"": 23, ""api_score"": 33.46628, ""raw_file"": ""raw_crossref\\Q04_low_cost_particle_calibration.json"", ""raw_item_index"": 22}]"
,10.23919/splitech61897.2024.10612672,https://doi.org/10.23919/splitech61897.2024.10612672,A Low-Cost Image Sensor for Particulate Matter Detection to Streamline Citizen Science Campaigns on Air Quality Monitoring,Syed Mohsin Ali Shah; Diego Casado-Mansilla; Diego López-de-Ipiña; Eduardo Illueca Fernández; AmirHossein Hassani; Alejandro Pujante Pérez,2024,2024 9th International Conference on Smart and Sustainable Technologies (SpliTech),proceedings-article,IEEE,,,1-6,,0,16,particulate_air_quality,"[""particulate_air_quality"", ""embedded_environmental_sensing""]",False,False,False,metadata_candidate,particulate_air_quality;embedded_environmental_sensing,"[""env"", ""air"", ""sensor"", ""embedded""]",1,"[{""query_id"": ""Q04"", ""query_rank"": 204, ""api_score"": 24.600029, ""raw_file"": ""raw_crossref\\Q04_low_cost_particle_calibration.json"", ""raw_item_index"": 203}]"
,10.2514/6.2024-4293,https://doi.org/10.2514/6.2024-4293,Multi-Modal Atmospheric Data Collection Using Low-Cost Particulate Matter Sensors,Kaleb Nails; Erik Liebergall; Leah Smith; Marc D. Compere; Marwa El-Sayed; Kevin Adkins,2024,AIAA AVIATION FORUM AND ASCEND 2024,proceedings-article,American Institute of Aeronautics and Astronautics,,,,,0,16,particulate_air_quality,"[""particulate_air_quality"", ""embedded_environmental_sensing""]",False,False,False,metadata_candidate,particulate_air_quality;embedded_environmental_sensing,"[""env"", ""air"", ""sensor"", ""embedded""]",1,"[{""query_id"": ""Q04"", ""query_rank"": 248, ""api_score"": 23.83762, ""raw_file"": ""raw_crossref\\Q04_low_cost_particle_calibration.json"", ""raw_item_index"": 247}]"
,10.4028/p-wwl5jw,https://doi.org/10.4028/p-wwl5jw,Development of Low-Cost Particulate Matter Monitoring Drone System,Danutawat Tipayarom; Tiwat Santisophonkul; Aungsiri Tipayarom,2024,"Advances in Science and Technology Total Art and Science, and Engineering and Industrial Technology (2nd SICTAS and 3rd ICEIT)",proceedings-article,Trans Tech Publications Ltd,150,,47-53,,0,16,particulate_air_quality,"[""particulate_air_quality"", ""embedded_environmental_sensing""]",False,False,True,metadata_candidate,particulate_air_quality;embedded_environmental_sensing,"[""env"", ""air"", ""sensor"", ""embedded""]",1,"[{""query_id"": ""Q04"", ""query_rank"": 385, ""api_score"": 22.228334, ""raw_file"": ""raw_crossref\\Q04_low_cost_particle_calibration.json"", ""raw_item_index"": 384}]"
,10.1016/b978-0-323-99204-6.00013-3,https://doi.org/10.1016/b978-0-323-99204-6.00013-3,System reliability in IoT-based data collecting systems using low-cost particulate matter sensors,Mario José Diván; María Laura Sánchez Reynoso,2023,Reliability Modeling in Industry 4.0,book-chapter,Elsevier,,,15-34,,0,16,particulate_air_quality,"[""particulate_air_quality"", ""embedded_environmental_sensing""]",False,False,False,metadata_candidate,particulate_air_quality;embedded_environmental_sensing,"[""env"", ""air"", ""sensor"", ""embedded""]",1,"[{""query_id"": ""Q04"", ""query_rank"": 216, ""api_score"": 24.42182, ""raw_file"": ""raw_crossref\\Q04_low_cost_particle_calibration.json"", ""raw_item_index"": 215}]"
,10.1016/j.rechem.2023.101188,https://doi.org/10.1016/j.rechem.2023.101188,Accuracy calibration transfer between multi-sensor systems based on metal-oxide gas sensors used for analysis of exhaled air,Alexander Kononov; Alexander Ganeev; Igor Jahatspanian; Victoria Chuchina; Anna Gubal; Denis Kravtsov; Han Jin; Alexey Vasiliev,2023,Results in Chemistry,journal-article,Elsevier BV,6,,101188,101188,0,16,gas_sensor_calibration,"[""gas_sensor_calibration""]",False,False,False,metadata_candidate,gas_sensor_calibration,"[""env"", ""gas"", ""calib"", ""sensor""]",1,"[{""query_id"": ""Q05"", ""query_rank"": 40, ""api_score"": 25.554558, ""raw_file"": ""raw_crossref\\Q05_gas_sensor_calibration.json"", ""raw_item_index"": 39}]"
,10.1063/5.0150389,https://doi.org/10.1063/5.0150389,Design and implementation of water quality innovative monitoring system using temperature and turbidity data comparison with arduino,Bukya Tejesh Naik; N. P. G. Bhavani,2023,AIP Conference Proceedings CONTEMPORARY INNOVATIONS IN ENGINEERING AND MANAGEMENT,proceedings-article,AIP Publishing,2821,,070010,,0,16,water_quality_monitoring,"[""water_quality_monitoring"", ""embedded_environmental_sensing""]",False,False,False,metadata_candidate,water_quality_monitoring;embedded_environmental_sensing,"[""env"", ""water"", ""sensor"", ""embedded""]",1,"[{""query_id"": ""Q06"", ""query_rank"": 43, ""api_score"": 23.670866, ""raw_file"": ""raw_crossref\\Q06_robotic_water_quality.json"", ""raw_item_index"": 42}]"
,10.1109/cw58918.2023.00085,https://doi.org/10.1109/cw58918.2023.00085,Water turbidity monitoring application combining IoT and computer vision tools,Rabaa Youssef Douss; Sofiene Chaabouni; Amel Benazza-Benyahia,2023,2023 International Conference on Cyberworlds (CW),proceedings-article,IEEE,,,498-499,,0,16,water_quality_monitoring,"[""water_quality_monitoring"", ""embedded_environmental_sensing""]",False,False,False,metadata_candidate,water_quality_monitoring;embedded_environmental_sensing,"[""env"", ""water"", ""sensor"", ""embedded""]",1,"[{""query_id"": ""Q06"", ""query_rank"": 112, ""api_score"": 21.667944, ""raw_file"": ""raw_crossref\\Q06_robotic_water_quality.json"", ""raw_item_index"": 111}]"
,10.1109/icscna58489.2023.10370145,https://doi.org/10.1109/icscna58489.2023.10370145,AI-Navigated Fog Computing based Portable Ambient Particulate Matter Sensor Calibration,Sahaya Sakila V; Manohar S,2023,2023 International Conference on Sustainable Communication Networks and Application (ICSCNA),proceedings-article,IEEE,,,1108-1112,,0,16,particulate_air_quality,"[""particulate_air_quality""]",False,False,False,metadata_candidate,particulate_air_quality,"[""env"", ""air"", ""calib"", ""sensor""]",1,"[{""query_id"": ""Q04"", ""query_rank"": 101, ""api_score"": 27.601091, ""raw_file"": ""raw_crossref\\Q04_low_cost_particle_calibration.json"", ""raw_item_index"": 100}]"
,10.18196/umygrace.v3i2.587,https://doi.org/10.18196/umygrace.v3i2.587,WAQUAL: IoT-Based Integrated Water Turbidity Detection and Monitoring System to Improve Water Quality in Semarang,Galih Ridho Utomo; Yang Ratu Okta; Maulana Dzaki Munawar; Fatimatuzzahro Fatimatuzzahro; Muhammad Fuad Hasyim,2023,Proceedings University of Muhammadiyah Yogyakarta Undergraduate Conference,journal-article,Universitas Muhammadiyah Yogyakarta,3,2,14-22,,0,16,water_quality_monitoring,"[""water_quality_monitoring"", ""embedded_environmental_sensing""]",False,False,True,metadata_candidate,water_quality_monitoring;embedded_environmental_sensing,"[""env"", ""water"", ""sensor"", ""embedded""]",1,"[{""query_id"": ""Q06"", ""query_rank"": 45, ""api_score"": 23.4552, ""raw_file"": ""raw_crossref\\Q06_robotic_water_quality.json"", ""raw_item_index"": 44}]"
,10.5194/egusphere-egu23-12910,https://doi.org/10.5194/egusphere-egu23-12910,Suitability of Particulate matter low-cost sensor data for land-use-based modeling,Janani Venkatraman Jagatha; Tobias Sauter; Christoph Schneider,2023,,posted-content,Copernicus GmbH,,,,,0,16,particulate_air_quality,"[""particulate_air_quality"", ""embedded_environmental_sensing""]",False,False,True,metadata_candidate,particulate_air_quality;embedded_environmental_sensing,"[""env"", ""air"", ""sensor"", ""embedded""]",1,"[{""query_id"": ""Q04"", ""query_rank"": 19, ""api_score"": 34.402416, ""raw_file"": ""raw_crossref\\Q04_low_cost_particle_calibration.json"", ""raw_item_index"": 18}]"
,10.55003/eth.400301,https://doi.org/10.55003/eth.400301,Performance Evaluation of Low-Cost Particulate Matter Sensors for PM2.5 and PM10 Measurement,"Department of Electronics Technology, Faculty of Science, Ramkhamhaeng University; Vissavavit Rachnarong",2023,Engineering and Technology Horizons,journal-article,King Mongkut's Institute of Technology Ladkrabang,40,3,,,0,16,particulate_air_quality,"[""particulate_air_quality"", ""embedded_environmental_sensing""]",False,False,True,metadata_candidate,particulate_air_quality;embedded_environmental_sensing,"[""env"", ""air"", ""sensor"", ""embedded""]",1,"[{""query_id"": ""Q04"", ""query_rank"": 335, ""api_score"": 22.70181, ""raw_file"": ""raw_crossref\\Q04_low_cost_particle_calibration.json"", ""raw_item_index"": 334}]"
,10.1289/isee.2022.p-0855,https://doi.org/10.1289/isee.2022.p-0855,"Application of low-cost, commercially available, wearable particulate matter sensors: a comparison",Maartje Brouwer; Jan Vonk; Gerjo Verhagen; Edith van Putten; Wouter Hendricx; Douwe Siegersma; Arjan van Dijk; John Bolte,2022,ISEE Conference Abstracts,journal-article,Environmental Health Perspectives,2022,1,,isee.2022.P-0855,0,16,particulate_air_quality,"[""particulate_air_quality"", ""embedded_environmental_sensing""]",False,False,False,metadata_candidate,particulate_air_quality;embedded_environmental_sensing,"[""env"", ""air"", ""sensor"", ""embedded""]",1,"[{""query_id"": ""Q04"", ""query_rank"": 475, ""api_score"": 21.463774, ""raw_file"": ""raw_crossref\\Q04_low_cost_particle_calibration.json"", ""raw_item_index"": 474}]"
,10.20944/preprints202202.0283.v1,https://doi.org/10.20944/preprints202202.0283.v1,Particulate Matter Measurement with Low-Cost Sensors—Investigation of Data Quality and the Benefit of Data Correction Approaches,Tobias von Kuyck-Studzinski; Thoralf Buller; Alexander Conrad,2022,,posted-content,MDPI AG,,,,,0,16,particulate_air_quality,"[""particulate_air_quality"", ""embedded_environmental_sensing""]",False,False,True,metadata_candidate,particulate_air_quality;embedded_environmental_sensing,"[""env"", ""air"", ""sensor"", ""embedded""]",1,"[{""query_id"": ""Q04"", ""query_rank"": 183, ""api_score"": 25.115765, ""raw_file"": ""raw_crossref\\Q04_low_cost_particle_calibration.json"", ""raw_item_index"": 182}]"
,10.3390/app122412934,https://doi.org/10.3390/app122412934,Clustering-Based Segmented Regression for Particulate Matter Sensor Calibration,Sijie Liu; Xinyu Liu; Pei Lu,2022,Applied Sciences,journal-article,MDPI AG,12,24,12934,,0,16,particulate_air_quality,"[""particulate_air_quality""]",False,False,True,metadata_candidate,particulate_air_quality,"[""env"", ""air"", ""calib"", ""sensor""]",1,"[{""query_id"": ""Q04"", ""query_rank"": 64, ""api_score"": 29.148157, ""raw_file"": ""raw_crossref\\Q04_low_cost_particle_calibration.json"", ""raw_item_index"": 63}]"
,10.59122/134080d,https://doi.org/10.59122/134080d,"Evaluation of Three Low-Cost Particulate Matter (PM2.5) Sensors for Ambient and High Exposure Conditions in Arba Minch, Ethiopia",Johannes Dirk Dingemanse,2022,Ethiopian Journal of Water Science and Technology,journal-article,Arba Minch University,4,,31-61,,0,16,particulate_air_quality,"[""particulate_air_quality"", ""embedded_environmental_sensing""]",False,False,True,metadata_candidate,particulate_air_quality;embedded_environmental_sensing,"[""env"", ""air"", ""sensor"", ""embedded""]",2,"[{""query_id"": ""Q04"", ""query_rank"": 306, ""api_score"": 22.984642, ""raw_file"": ""raw_crossref\\Q04_low_cost_particle_calibration.json"", ""raw_item_index"": 305}]"
,10.1021/scimeetings.1c00437,https://doi.org/10.1021/scimeetings.1c00437,Citizen science in action : water quality monitoring using Arduino sensors,Alandra Kahl,2021,,posted-content,American Chemical Society (ACS),,,,,0,16,water_quality_monitoring,"[""water_quality_monitoring"", ""embedded_environmental_sensing""]",False,False,False,metadata_candidate,water_quality_monitoring;embedded_environmental_sensing,"[""env"", ""water"", ""sensor"", ""embedded""]",1,"[{""query_id"": ""Q06"", ""query_rank"": 441, ""api_score"": 19.577759, ""raw_file"": ""raw_crossref\\Q06_robotic_water_quality.json"", ""raw_item_index"": 440}]"
,10.1109/casap54985.2021.9703397,https://doi.org/10.1109/casap54985.2021.9703397,Evaluation of particulate matter microsensors to build the low-cost sensors collaborative network of Bogotá,Fredy Escobar-Diaz; Camila Buitrago; Leonardo Quinones; Freddy Grajales; Tatiana Mejia,2021,2021 Congreso Colombiano y Conferencia Internacional de Calidad de Aire y Salud Pública (CASAP),proceedings-article,IEEE,,,1-5,,0,16,particulate_air_quality,"[""particulate_air_quality"", ""embedded_environmental_sensing""]",False,False,False,metadata_candidate,particulate_air_quality;embedded_environmental_sensing,"[""env"", ""air"", ""sensor"", ""embedded""]",2,"[{""query_id"": ""Q04"", ""query_rank"": 482, ""api_score"": 21.42452, ""raw_file"": ""raw_crossref\\Q04_low_cost_particle_calibration.json"", ""raw_item_index"": 481}]"
,10.1289/isee.2021.p-641,https://doi.org/10.1289/isee.2021.p-641,"Particulate Matter Air Pollution in Kolkata, India: Trends and application of Low Cost Sensors",V. Faye Mcneill; Anindita Dutta; Sandhya Sethuraman; Daniel M. Westervelt,2021,ISEE Conference Abstracts,journal-article,Environmental Health Perspectives,2021,1,,isee.2021.P-641,0,16,particulate_air_quality,"[""particulate_air_quality"", ""embedded_environmental_sensing""]",False,False,False,metadata_candidate,particulate_air_quality;embedded_environmental_sensing,"[""env"", ""air"", ""sensor"", ""embedded""]",1,"[{""query_id"": ""Q04"", ""query_rank"": 307, ""api_score"": 22.984276, ""raw_file"": ""raw_crossref\\Q04_low_cost_particle_calibration.json"", ""raw_item_index"": 306}]"
,10.31274/jhab.13030,https://doi.org/10.31274/jhab.13030,Tropospheric Sounding with Low-Cost Particulate Matter Sensors,Mark J. Potosnak; Aarti Mistry; Bernhard Beck-Winchatz; Paul Ritter,2021,Journal of High Altitude Ballooning,journal-article,Iowa State University,1,1,,,0,16,particulate_air_quality,"[""particulate_air_quality"", ""embedded_environmental_sensing""]",False,False,True,metadata_candidate,particulate_air_quality;embedded_environmental_sensing,"[""env"", ""air"", ""sensor"", ""embedded""]",2,"[{""query_id"": ""Q04"", ""query_rank"": 246, ""api_score"": 23.84468, ""raw_file"": ""raw_crossref\\Q04_low_cost_particle_calibration.json"", ""raw_item_index"": 245}]"
,10.34288/jri.v3i4.277,https://doi.org/10.34288/jri.v3i4.277,IDENTIFICATION OF WATER TURBIDITY WITH TURBIDITY SENSOR BASED ON ARDUINO,Hafdiarsya Saiyar; Mohammad Noviansyah,2021,Jurnal Riset Informatika,journal-article,Kresnamedia Publisher,3,4,395-400,,0,16,water_quality_monitoring,"[""water_quality_monitoring"", ""embedded_environmental_sensing""]",False,False,True,metadata_candidate,water_quality_monitoring;embedded_environmental_sensing,"[""env"", ""water"", ""sensor"", ""embedded""]",1,"[{""query_id"": ""Q06"", ""query_rank"": 462, ""api_score"": 19.453568, ""raw_file"": ""raw_crossref\\Q06_robotic_water_quality.json"", ""raw_item_index"": 461}]"
,10.59122/xec844310,https://doi.org/10.59122/xec844310,"Evaluation of Three Low-Cost Particulate Matter (PM2.5) Sensors for Ambient and High Exposure Conditions in Arba Minch, Ethiopia",Johannes Dirk Dingemanse,2021,Ethiopian Journal of Water Science and Technology,journal-article,Arba Minch University,4,,31-61,,0,16,particulate_air_quality,"[""particulate_air_quality"", ""embedded_environmental_sensing""]",False,False,True,metadata_candidate,particulate_air_quality;embedded_environmental_sensing,"[""env"", ""air"", ""sensor"", ""embedded""]",2,"[{""query_id"": ""Q04"", ""query_rank"": 312, ""api_score"": 22.934568, ""raw_file"": ""raw_crossref\\Q04_low_cost_particle_calibration.json"", ""raw_item_index"": 311}]"
,10.1145/3408308.3431120,https://doi.org/10.1145/3408308.3431120,"Viability of a Dense, Low-Cost Particulate Matter Sensor Network",Hagen Fritz; Calvin Lin; Zoltan Nagy,2020,"Proceedings of the 7th ACM International Conference on Systems for Energy-Efficient Buildings, Cities, and Transportation",proceedings-article,ACM,,,316-317,,0,16,particulate_air_quality,"[""particulate_air_quality"", ""embedded_environmental_sensing""]",False,False,False,metadata_candidate,particulate_air_quality;embedded_environmental_sensing,"[""env"", ""air"", ""sensor"", ""embedded""]",1,"[{""query_id"": ""Q04"", ""query_rank"": 75, ""api_score"": 28.723427, ""raw_file"": ""raw_crossref\\Q04_low_cost_particle_calibration.json"", ""raw_item_index"": 74}]"
,10.20944/preprints202006.0158.v1,https://doi.org/10.20944/preprints202006.0158.v1,Using a Network of Locally Developed Low Cost Particulate Matter Sensors for Land Use Regression Modeling of PM2.5 in Urban Uganda,Eric S. Coker; Ssematimba Joel; Engineer Bainomugisha,2020,,posted-content,MDPI AG,,,,,0,16,particulate_air_quality,"[""particulate_air_quality"", ""embedded_environmental_sensing""]",False,False,True,metadata_candidate,particulate_air_quality;embedded_environmental_sensing,"[""env"", ""air"", ""sensor"", ""embedded""]",1,"[{""query_id"": ""Q04"", ""query_rank"": 214, ""api_score"": 24.46387, ""raw_file"": ""raw_crossref\\Q04_low_cost_particle_calibration.json"", ""raw_item_index"": 213}]"
,10.22541/au.158765874.49797055,https://doi.org/10.22541/au.158765874.49797055,Model-based calibration of a gas sensor array for on-line monitoring of ethanol concentration in Saccharomyces cerevisiae batch cultivation,Abdolrahim Yousefi-Darani; Majharul Islam Babor; Olivier Paquet-Durand; Bernd Hitzmann,2020,,posted-content,Wiley,,,,,0,16,gas_sensor_calibration,"[""gas_sensor_calibration""]",False,False,True,metadata_candidate,gas_sensor_calibration,"[""env"", ""gas"", ""calib"", ""sensor""]",2,"[{""query_id"": ""Q05"", ""query_rank"": 73, ""api_score"": 24.346207, ""raw_file"": ""raw_crossref\\Q05_gas_sensor_calibration.json"", ""raw_item_index"": 72}]"
,10.1136/oem-2019-epi.217,https://doi.org/10.1136/oem-2019-epi.217,P.1.12 Particulate matter measurement system using low cost sensor and internet of things,Seunghon Ham; Seong-Kyu Kang,2019,Occupational and Environmental Medicine,journal-article,BMJ,76,Suppl 1,A80.3-A81,,0,16,particulate_air_quality,"[""particulate_air_quality"", ""embedded_environmental_sensing""]",False,False,True,metadata_candidate,particulate_air_quality;embedded_environmental_sensing,"[""env"", ""air"", ""sensor"", ""embedded""]",1,"[{""query_id"": ""Q04"", ""query_rank"": 87, ""api_score"": 28.317827, ""raw_file"": ""raw_crossref\\Q04_low_cost_particle_calibration.json"", ""raw_item_index"": 86}]"
,10.21742/ijcmdi.2019.5.1.01,https://doi.org/10.21742/ijcmdi.2019.5.1.01,A Study on the Improvement of the Accuracy of Low-Cost Light Scattering Method Particulate Matter Sensors,,2019,International Journal of Computer-aided Mechanical Design and Implementation,journal-article,Global Vision Press,5,1,,,0,16,particulate_air_quality,"[""particulate_air_quality"", ""embedded_environmental_sensing""]",False,False,False,metadata_candidate,particulate_air_quality;embedded_environmental_sensing,"[""env"", ""air"", ""sensor"", ""embedded""]",1,"[{""query_id"": ""Q04"", ""query_rank"": 276, ""api_score"": 23.340754, ""raw_file"": ""raw_crossref\\Q04_low_cost_particle_calibration.json"", ""raw_item_index"": 275}]"
,10.1289/isesisee.2018.p03.0690,https://doi.org/10.1289/isesisee.2018.p03.0690,Applying Low-Cost Sensors for Personal Particulate Matter and Noise Exposure Assessment,Eelco Kuijpers; Dora Cserbik; Jan Vonk; Anjoeka Pronk; John Bolte,2018,ISEE Conference Abstracts,journal-article,Environmental Health Perspectives,2018,1,,isesisee.2018.P03.0690,0,16,particulate_air_quality,"[""particulate_air_quality"", ""embedded_environmental_sensing""]",False,False,False,metadata_candidate,particulate_air_quality;embedded_environmental_sensing,"[""env"", ""air"", ""sensor"", ""embedded""]",1,"[{""query_id"": ""Q04"", ""query_rank"": 259, ""api_score"": 23.574593, ""raw_file"": ""raw_crossref\\Q04_low_cost_particle_calibration.json"", ""raw_item_index"": 258}]"
,10.31274/ahac.3459,https://doi.org/10.31274/ahac.3459,Tropospheric Sounding with Low-Cost Particulate Matter Sensors,Aarti Mistry; Bernhard Beck-Winchatz; Mark J. Potosnak,2017,2017 Academic High Altitude Conference,proceedings-article,Iowa State University Digital Press,,,,,0,16,particulate_air_quality,"[""particulate_air_quality"", ""embedded_environmental_sensing""]",False,False,False,metadata_candidate,particulate_air_quality;embedded_environmental_sensing,"[""env"", ""air"", ""sensor"", ""embedded""]",2,"[{""query_id"": ""Q04"", ""query_rank"": 100, ""api_score"": 27.618593, ""raw_file"": ""raw_crossref\\Q04_low_cost_particle_calibration.json"", ""raw_item_index"": 99}]"
,10.2478/mecdc-2013-0009,https://doi.org/10.2478/mecdc-2013-0009,Assessment of a Low-Cost Portable Proportional Exhaust Sampling System for Gravimetric Particulate Matter Emissions Measurement,Michal Vojtíšek; Martin Pechout,2013,Journal of Middle European Construction and Design of Cars,journal-article,Czech Technical University in Prague - Central Library,11,2,22-28,,0,16,particulate_air_quality,"[""particulate_air_quality"", ""embedded_environmental_sensing""]",False,False,True,metadata_candidate,particulate_air_quality;embedded_environmental_sensing,"[""env"", ""air"", ""sensor"", ""embedded""]",1,"[{""query_id"": ""Q04"", ""query_rank"": 365, ""api_score"": 22.419167, ""raw_file"": ""raw_crossref\\Q04_low_cost_particle_calibration.json"", ""raw_item_index"": 364}]"
,10.5772/19328,https://doi.org/10.5772/19328,"A Photodiode-Based, Low-Cost Telemetric- Lidar for the Continuous Monitoring of Urban Particulate Matter",Massimo Del; Massimo Baldi; Francesco Castagnoli,2011,"Photodiodes - Communications, Bio-Sensings, Measurements and High-Energy Physics",book-chapter,InTech,,,,,0,16,particulate_air_quality,"[""particulate_air_quality"", ""embedded_environmental_sensing""]",False,False,False,metadata_candidate,particulate_air_quality;embedded_environmental_sensing,"[""env"", ""air"", ""sensor"", ""embedded""]",1,"[{""query_id"": ""Q04"", ""query_rank"": 230, ""api_score"": 24.103258, ""raw_file"": ""raw_crossref\\Q04_low_cost_particle_calibration.json"", ""raw_item_index"": 229}]"
,10.5162/sensor09/v2/p5.3,https://doi.org/10.5162/sensor09/v2/p5.3,P5.3 - Efficient Calibration and Recalibration of Metal Oxide Gas Sensors by a New Mathematical Procedure,Rolf Seifert; Hubert B. Keller; Kevin Frank; Heinz Kohler,2009,"Proceedings SENSOR 2009, Volume II",proceedings-article,"AMA Service GmbH, Von-Münchhausen-Str. 49, 31515 Wunstorf, Germany",,,393-397,,0,16,gas_sensor_calibration,"[""gas_sensor_calibration""]",False,False,False,metadata_candidate,gas_sensor_calibration,"[""env"", ""gas"", ""calib"", ""sensor""]",1,"[{""query_id"": ""Q05"", ""query_rank"": 4, ""api_score"": 30.01852, ""raw_file"": ""raw_crossref\\Q05_gas_sensor_calibration.json"", ""raw_item_index"": 3}]"
,10.1088/2399-1984/ade6b6,https://doi.org/10.1088/2399-1984/ade6b6,Nanoscale metal oxide heterojunction chemiresistive gas sensor: a review,S Giri; J W Gardner; P K Guha; A Ghosh; S Santra,2025,Nano Futures,journal-article,IOP Publishing,9,3,032001,,7,15,gas_sensor_calibration,"[""gas_sensor_calibration"", ""embedded_environmental_sensing""]",True,False,True,metadata_candidate,gas_sensor_calibration;embedded_environmental_sensing,"[""env"", ""gas"", ""sensor"", ""review""]",1,"[{""query_id"": ""Q05"", ""query_rank"": 204, ""api_score"": 22.59466, ""raw_file"": ""raw_crossref\\Q05_gas_sensor_calibration.json"", ""raw_item_index"": 203}]"
,10.34198/ejcs.4220.199208,https://doi.org/10.34198/ejcs.4220.199208,Semiconductor Metal Oxide Nanoparticles: A Review for the Potential of H2S Gas Sensor Application,Zaid Hameed Mahmoud; Omar Dhaa Abdalstar; Noor Sabah,2020,Earthline Journal of Chemical Sciences,journal-article,Earthline Publishers,,,199-208,,6,15,particulate_air_quality,"[""particulate_air_quality"", ""embedded_environmental_sensing""]",True,False,True,metadata_candidate,particulate_air_quality;embedded_environmental_sensing,"[""env"", ""gas"", ""sensor"", ""review""]",1,"[{""query_id"": ""Q05"", ""query_rank"": 240, ""api_score"": 22.29212, ""raw_file"": ""raw_crossref\\Q05_gas_sensor_calibration.json"", ""raw_item_index"": 239}]"
,10.3390/s19030478,https://doi.org/10.3390/s19030478,Smelling Nano Aerial Vehicle for Gas Source Localization and Mapping,Javier Burgués; Victor Hernández; Achim Lilienthal; Santiago Marco,2019,Sensors,journal-article,MDPI AG,19,3,478,,131,15,gas_olfaction_mapping,"[""robotic_environmental_monitoring"", ""gas_olfaction_mapping""]",False,False,True,metadata_candidate,robotic_environmental_monitoring;gas_olfaction_mapping,"[""env"", ""gas"", ""nav""]",1,"[{""query_id"": ""Q03"", ""query_rank"": 11, ""api_score"": 32.36282, ""raw_file"": ""raw_crossref\\Q03_robotic_gas_mapping.json"", ""raw_item_index"": 10}]"
,10.3390/mi9110557,https://doi.org/10.3390/mi9110557,Microhotplates for Metal Oxide Semiconductor Gas Sensor Applications—Towards the CMOS-MEMS Monolithic Approach,Haotian Liu; Li Zhang; King Ho Holden Li; Ooi Kiang Tan,2018,Micromachines,journal-article,MDPI AG,9,11,557,,121,15,particulate_air_quality,"[""particulate_air_quality"", ""embedded_environmental_sensing""]",False,False,True,metadata_candidate,particulate_air_quality;embedded_environmental_sensing,"[""env"", ""gas"", ""sensor""]",1,"[{""query_id"": ""Q05"", ""query_rank"": 230, ""api_score"": 22.321812, ""raw_file"": ""raw_crossref\\Q05_gas_sensor_calibration.json"", ""raw_item_index"": 229}]"
,10.5194/amt-13-1693-2020,https://doi.org/10.5194/amt-13-1693-2020,Evaluation and calibration of a low-cost particle sensor in ambient conditions using machine-learning methods,Minxing Si; Ying Xiong; Shan Du; Ke Du,2020,Atmospheric Measurement Techniques,journal-article,Copernicus GmbH,13,4,1693-1707,,117,15,particulate_air_quality,"[""particulate_air_quality"", ""embedded_environmental_sensing""]",False,False,True,metadata_candidate,particulate_air_quality;embedded_environmental_sensing,"[""calib"", ""sensor"", ""embedded""]",1,"[{""query_id"": ""Q04"", ""query_rank"": 319, ""api_score"": 22.81604, ""raw_file"": ""raw_crossref\\Q04_low_cost_particle_calibration.json"", ""raw_item_index"": 318}]"
,10.3390/atmos12050647,https://doi.org/10.3390/atmos12050647,Field Study of Metal Oxide Semiconductor Gas Sensors in Temperature Cycled Operation for Selective VOC Monitoring in Indoor Air,Tobias Baur; Johannes Amann; Caroline Schultealbert; Andreas Schütze,2021,Atmosphere,journal-article,MDPI AG,12,5,647,,60,15,particulate_air_quality,"[""particulate_air_quality"", ""gas_sensor_calibration""]",False,False,True,metadata_candidate,particulate_air_quality;gas_sensor_calibration,"[""env"", ""gas"", ""sensor""]",1,"[{""query_id"": ""Q05"", ""query_rank"": 356, ""api_score"": 21.322369, ""raw_file"": ""raw_crossref\\Q05_gas_sensor_calibration.json"", ""raw_item_index"": 355}]"
,10.5194/amt-11-1087-2018,https://doi.org/10.5194/amt-11-1087-2018,A low-cost particulate matter (PM 2.5 ) monitor for wildland fire smoke,Scott Kelleher; Casey Quinn; Daniel Miller-Lionberg; John Volckens,2018,Atmospheric Measurement Techniques,journal-article,Copernicus GmbH,11,2,1087-1097,,42,15,particulate_air_quality,"[""particulate_air_quality"", ""embedded_environmental_sensing""]",False,False,True,metadata_candidate,particulate_air_quality;embedded_environmental_sensing,"[""env"", ""air"", ""embedded""]",1,"[{""query_id"": ""Q04"", ""query_rank"": 300, ""api_score"": 23.061964, ""raw_file"": ""raw_crossref\\Q04_low_cost_particle_calibration.json"", ""raw_item_index"": 299}]"
,10.3390/s19112503,https://doi.org/10.3390/s19112503,Distributed Multi-Scale Calibration of Low-Cost Ozone Sensors in Wireless Sensor Networks,Jose M. Barcelo-Ordinas; Pau Ferrer-Cid; Jorge Garcia-Vidal; Anna Ripoll; Mar Viana,2019,Sensors,journal-article,MDPI AG,19,11,2503,,32,15,particulate_air_quality,"[""particulate_air_quality"", ""embedded_environmental_sensing""]",False,False,True,metadata_candidate,particulate_air_quality;embedded_environmental_sensing,"[""calib"", ""sensor"", ""embedded""]",1,"[{""query_id"": ""Q04"", ""query_rank"": 271, ""api_score"": 23.36922, ""raw_file"": ""raw_crossref\\Q04_low_cost_particle_calibration.json"", ""raw_item_index"": 270}]"
,10.48084/etasr.2661,https://doi.org/10.48084/etasr.2661,Real-Time Water Quality Monitoring For Small Aquatic Area Using Unmanned Surface Vehicle,A. T. Demetillo; E. B. Taboada,2019,"Engineering, Technology & Applied Science Research",journal-article,"Engineering, Technology & Applied Science Research",9,2,3959-3964,,28,15,water_quality_monitoring,"[""water_quality_monitoring"", ""embedded_environmental_sensing""]",False,False,True,metadata_candidate,water_quality_monitoring;embedded_environmental_sensing,"[""env"", ""water"", ""sensor""]",1,"[{""query_id"": ""Q02"", ""query_rank"": 377, ""api_score"": 22.971375, ""raw_file"": ""raw_crossref\\Q02_ground_rover_air_quality.json"", ""raw_item_index"": 376}]"
,10.3390/s23020854,https://doi.org/10.3390/s23020854,Low-Cost CO Sensor Calibration Using One Dimensional Convolutional Neural Network,Sharafat Ali; Fakhrul Alam; Khalid Mahmood Arif; Johan Potgieter,2023,Sensors,journal-article,MDPI AG,23,2,854,,22,15,gas_sensor_calibration,"[""gas_sensor_calibration"", ""embedded_environmental_sensing""]",False,False,True,metadata_candidate,gas_sensor_calibration;embedded_environmental_sensing,"[""calib"", ""sensor"", ""embedded""]",1,"[{""query_id"": ""Q04"", ""query_rank"": 158, ""api_score"": 25.528522, ""raw_file"": ""raw_crossref\\Q04_low_cost_particle_calibration.json"", ""raw_item_index"": 157}]"
110,10.3390/agriengineering4040053,https://doi.org/10.3390/agriengineering4040053,Autonomous Vineyard Tracking Using a Four-Wheel-Steering Mobile Robot and a 2D LiDAR,Dimia Iberraken; Florian Gaurier; Jean-Christophe Roux; Colin Chaballier; Roland Lenain,2022,AgriEngineering,journal-article,MDPI AG,4,4,826-846,,22,15,four_wheel_steering,"[""four_wheel_steering"", ""outdoor_navigation_fusion""]",False,False,True,metadata_candidate,four_wheel_steering;outdoor_navigation_fusion,"[""robot"", ""steer""]",1,"[{""query_id"": ""Q07"", ""query_rank"": 25, ""api_score"": 35.10904, ""raw_file"": ""raw_crossref\\Q07_four_wheel_steering.json"", ""raw_item_index"": 24}]"
,10.1007/s10514-006-7536-7,https://doi.org/10.1007/s10514-006-7536-7,Mobile robot olfaction,Lino Marques; Aníbal de Almeida,2006,Autonomous Robots,journal-article,Springer Science and Business Media LLC,20,3,183-184,,20,15,gas_olfaction_mapping,"[""robotic_environmental_monitoring"", ""gas_olfaction_mapping""]",False,False,False,metadata_candidate,robotic_environmental_monitoring;gas_olfaction_mapping,"[""robot"", ""env"", ""gas""]",1,"[{""query_id"": ""Q01"", ""query_rank"": 425, ""api_score"": 16.63525, ""raw_file"": ""raw_crossref\\Q01_mobile_robot_environment.json"", ""raw_item_index"": 424}]"
,10.3390/s19030520,https://doi.org/10.3390/s19030520,Analysis of Model Mismatch Effects for a Model-Based Gas Source Localization Strategy Incorporating Advection Knowledge,Thomas Wiedemann; Achim J. Lilienthal; Dmitriy Shutin,2019,Sensors,journal-article,MDPI AG,19,3,520,,19,15,gas_olfaction_mapping,"[""robotic_environmental_monitoring"", ""gas_olfaction_mapping""]",False,False,True,metadata_candidate,robotic_environmental_monitoring;gas_olfaction_mapping,"[""env"", ""gas"", ""nav""]",1,"[{""query_id"": ""Q03"", ""query_rank"": 114, ""api_score"": 24.052084, ""raw_file"": ""raw_crossref\\Q03_robotic_gas_mapping.json"", ""raw_item_index"": 113}]"
,10.1108/sr-05-2013-673,https://doi.org/10.1108/sr-05-2013-673,Concentration estimation of formaldehyde using metal oxide semiconductor gas sensor array-based e-noses,Lei Zhang; Fengchun Tian; Xiongwei Peng; Xin Yin; Guorui Li; Lijun Dang,2014,Sensor Review,journal-article,Emerald,34,3,284-290,,13,15,gas_sensor_calibration,"[""gas_sensor_calibration"", ""embedded_environmental_sensing""]",False,False,True,metadata_candidate,gas_sensor_calibration;embedded_environmental_sensing,"[""env"", ""gas"", ""sensor""]",1,"[{""query_id"": ""Q05"", ""query_rank"": 103, ""api_score"": 23.744625, ""raw_file"": ""raw_crossref\\Q05_gas_sensor_calibration.json"", ""raw_item_index"": 102}]"
,10.3390/atmos13040587,https://doi.org/10.3390/atmos13040587,Significance of Meteorological Feature Selection and Seasonal Variation on Performance and Calibration of a Low-Cost Particle Sensor,Vikas Kumar; Vasudev Malyan; Manoranjan Sahu,2022,Atmosphere,journal-article,MDPI AG,13,4,587,,11,15,particulate_air_quality,"[""particulate_air_quality"", ""embedded_environmental_sensing""]",False,False,True,metadata_candidate,particulate_air_quality;embedded_environmental_sensing,"[""calib"", ""sensor"", ""embedded""]",1,"[{""query_id"": ""Q04"", ""query_rank"": 219, ""api_score"": 24.280891, ""raw_file"": ""raw_crossref\\Q04_low_cost_particle_calibration.json"", ""raw_item_index"": 218}]"
111,10.3390/s24041066,https://doi.org/10.3390/s24041066,Calibration of a Low-Cost Methane Sensor Using Machine Learning,Hazel Louise Mitchell; Simon J. Cox; Hugh G. Lewis,2024,Sensors,journal-article,MDPI AG,24,4,1066,,10,15,embedded_environmental_sensing,"[""embedded_environmental_sensing""]",False,False,True,metadata_candidate,embedded_environmental_sensing,"[""env"", ""calib"", ""sensor"", ""embedded""]",1,"[{""query_id"": ""Q04"", ""query_rank"": 146, ""api_score"": 25.898046, ""raw_file"": ""raw_crossref\\Q04_low_cost_particle_calibration.json"", ""raw_item_index"": 145}]"
,10.52465/joscex.v5i3.376,https://doi.org/10.52465/joscex.v5i3.376,Classification of water quality based on dissolved solids and turbidity parameters with the utilization of total dissolved solids sensor and turbidity sensor,Elmi Hidayana; Edy Setiawan; Anda Iviana Juniani,2024,Journal of Soft Computing Exploration,journal-article,Surya Hijau Manfaat,5,3,231-239,,6,15,water_quality_monitoring,"[""water_quality_monitoring"", ""embedded_environmental_sensing""]",False,False,True,metadata_candidate,water_quality_monitoring;embedded_environmental_sensing,"[""env"", ""water"", ""sensor""]",1,"[{""query_id"": ""Q06"", ""query_rank"": 237, ""api_score"": 20.601429, ""raw_file"": ""raw_crossref\\Q06_robotic_water_quality.json"", ""raw_item_index"": 236}]"
,10.1038/s41598-024-59993-6,https://doi.org/10.1038/s41598-024-59993-6,Statistical data pre-processing and time series incorporation for high-efficacy calibration of low-cost NO2 sensor using machine learning,Slawomir Koziel; Anna Pietrenko-Dabrowska; Marek Wojcikowski; Bogdan Pankiewicz,2024,Scientific Reports,journal-article,Springer Science and Business Media LLC,14,1,,9152,5,15,particulate_air_quality,"[""particulate_air_quality"", ""embedded_environmental_sensing""]",False,False,True,metadata_candidate,particulate_air_quality;embedded_environmental_sensing,"[""calib"", ""sensor"", ""embedded""]",1,"[{""query_id"": ""Q04"", ""query_rank"": 341, ""api_score"": 22.588558, ""raw_file"": ""raw_crossref\\Q04_low_cost_particle_calibration.json"", ""raw_item_index"": 340}]"
,10.1088/1742-6596/1572/1/012016,https://doi.org/10.1088/1742-6596/1572/1/012016,Development of a robust mobile robot for volcano monitoring application,M Evita; A Zakiyyatuddin; S Seno; R Kumalasari; H Lukado; M Djamal,2020,Journal of Physics: Conference Series,journal-article,IOP Publishing,1572,1,012016,,5,15,gas_olfaction_mapping,"[""robotic_environmental_monitoring"", ""gas_olfaction_mapping"", ""four_wheel_steering""]",False,False,True,metadata_candidate,robotic_environmental_monitoring;gas_olfaction_mapping;four_wheel_steering,"[""robot"", ""sensor""]",1,"[{""query_id"": ""Q01"", ""query_rank"": 482, ""api_score"": 16.433002, ""raw_file"": ""raw_crossref\\Q01_mobile_robot_environment.json"", ""raw_item_index"": 481}]"
,10.5194/amt-2019-393,https://doi.org/10.5194/amt-2019-393,Evaluation and Calibration of a Low-cost Particle Sensor in Ambient Conditions Using Machine Learning Technologies,Minxing Si; Ying Xiong; Shan Du; Ke Du,2019,,posted-content,Copernicus GmbH,,,,,4,15,particulate_air_quality,"[""particulate_air_quality"", ""embedded_environmental_sensing""]",False,False,True,metadata_candidate,particulate_air_quality;embedded_environmental_sensing,"[""calib"", ""sensor"", ""embedded""]",1,"[{""query_id"": ""Q04"", ""query_rank"": 223, ""api_score"": 24.21506, ""raw_file"": ""raw_crossref\\Q04_low_cost_particle_calibration.json"", ""raw_item_index"": 222}]"
,10.3390/s25041065,https://doi.org/10.3390/s25041065,pH Sensing Properties of Co3O4-RuO2-Based Electrodes and Their Application in Baltic Sea Water Quality Monitoring,Kiranmai Uppuluri; Dorota Szwagierczak; Krzysztof Zaraska; Piotr Zachariasz; Marcin Stokowski; Beata Synkiewicz-Musialska; Paweł Krzyściak,2025,Sensors,journal-article,MDPI AG,25,4,1065,,3,15,water_quality_monitoring,"[""water_quality_monitoring"", ""embedded_environmental_sensing""]",False,False,True,metadata_candidate,water_quality_monitoring;embedded_environmental_sensing,"[""env"", ""water"", ""sensor""]",1,"[{""query_id"": ""Q06"", ""query_rank"": 375, ""api_score"": 19.872984, ""raw_file"": ""raw_crossref\\Q06_robotic_water_quality.json"", ""raw_item_index"": 374}]"
,10.3390/s25082352,https://doi.org/10.3390/s25082352,Nitrogen Dioxide Monitoring by Means of a Low-Cost Autonomous Platform and Sensor Calibration via Machine Learning with Global Data Correlation Enhancement,Slawomir Koziel; Anna Pietrenko-Dabrowska; Marek Wójcikowski; Bogdan Pankiewicz,2025,Sensors,journal-article,MDPI AG,25,8,2352,,3,15,particulate_air_quality,"[""particulate_air_quality"", ""embedded_environmental_sensing""]",False,False,True,metadata_candidate,particulate_air_quality;embedded_environmental_sensing,"[""calib"", ""sensor"", ""embedded""]",1,"[{""query_id"": ""Q04"", ""query_rank"": 376, ""api_score"": 22.290712, ""raw_file"": ""raw_crossref\\Q04_low_cost_particle_calibration.json"", ""raw_item_index"": 375}]"
,10.3390/rs17203413,https://doi.org/10.3390/rs17203413,Method for Obtaining Water-Leaving Reflectance from Unmanned Aerial Vehicle Hyperspectral Remote Sensing Based on Air–Ground Collaborative Calibration for Water Quality Monitoring,Hong Liu; Xingsong Hou; Bingliang Hu; Tao Yu; Zhoufeng Zhang; Xiao Liu; Xueji Wang; Zhengxuan Tan,2025,Remote Sensing,journal-article,MDPI AG,17,20,3413,,1,15,water_quality_monitoring,"[""water_quality_monitoring""]",False,False,True,metadata_candidate,water_quality_monitoring,"[""env"", ""water"", ""calib"", ""sensor""]",1,"[{""query_id"": ""Q02"", ""query_rank"": 8, ""api_score"": 31.101543, ""raw_file"": ""raw_crossref\\Q02_ground_rover_air_quality.json"", ""raw_item_index"": 7}]"
,10.2172/948010,https://doi.org/10.2172/948010,Explorer-II: Wireless Self-Powered Visual and NDE Robotic Inspection System for Live Gas Distribution Mains,Carnegie Mellon University; Carnegie Mellon University,2008,,report,Office of Scientific and Technical Information (OSTI),,,,,1,15,gas_olfaction_mapping,"[""robotic_environmental_monitoring"", ""gas_olfaction_mapping""]",False,False,False,metadata_candidate,robotic_environmental_monitoring;gas_olfaction_mapping,"[""robot"", ""env"", ""gas""]",1,"[{""query_id"": ""Q03"", ""query_rank"": 47, ""api_score"": 26.46428, ""raw_file"": ""raw_crossref\\Q03_robotic_gas_mapping.json"", ""raw_item_index"": 46}]"
,10.2172/876616,https://doi.org/10.2172/876616,Wireless Self-powered Visual and NDE Robotic Inspection System for Live Gas Distribution Mains,Susan Burkett; Hagen Schempf,2006,,report,Office of Scientific and Technical Information (OSTI),,,,,1,15,gas_olfaction_mapping,"[""robotic_environmental_monitoring"", ""gas_olfaction_mapping""]",False,False,False,metadata_candidate,robotic_environmental_monitoring;gas_olfaction_mapping,"[""robot"", ""env"", ""gas""]",1,"[{""query_id"": ""Q03"", ""query_rank"": 36, ""api_score"": 28.062363, ""raw_file"": ""raw_crossref\\Q03_robotic_gas_mapping.json"", ""raw_item_index"": 35}]"
,10.1109/icca69928.2026.11618018,https://doi.org/10.1109/icca69928.2026.11618018,Adaptive Exploration-Exploitation Balancing for Robotic Gas Source Seeking via Time Progress and Spatial Dispersion,Miao Wang; Bin Xin; Yun Qu,2026,2026 IEEE 20th International Conference on Control and Automation (ICCA),proceedings-article,IEEE,,,822-827,,0,15,gas_olfaction_mapping,"[""robotic_environmental_monitoring"", ""gas_olfaction_mapping""]",False,False,False,metadata_candidate,robotic_environmental_monitoring;gas_olfaction_mapping,"[""robot"", ""env"", ""gas""]",1,"[{""query_id"": ""Q03"", ""query_rank"": 147, ""api_score"": 23.515625, ""raw_file"": ""raw_crossref\\Q03_robotic_gas_mapping.json"", ""raw_item_index"": 146}]"
,10.3390/app16031209,https://doi.org/10.3390/app16031209,Design and Implementation of the AquaMIB Unmanned Surface Vehicle for Real-Time GIS-Based Spatial Interpolation and Autonomous Water Quality Monitoring,Huseyin Duran; Namık Kemal Sonmez,2026,Applied Sciences,journal-article,MDPI AG,16,3,1209,,0,15,water_quality_monitoring,"[""water_quality_monitoring"", ""embedded_environmental_sensing""]",False,False,True,metadata_candidate,water_quality_monitoring;embedded_environmental_sensing,"[""env"", ""water"", ""sensor""]",1,"[{""query_id"": ""Q02"", ""query_rank"": 256, ""api_score"": 23.717884, ""raw_file"": ""raw_crossref\\Q02_ground_rover_air_quality.json"", ""raw_item_index"": 255}]"
,10.3390/s26123671,https://doi.org/10.3390/s26123671,Comparative Evaluation of Machine Learning and Hyperparameter Optimization Methods for Low-Cost CO2 Sensor Calibration in Terms of Performance and Computational Cost,Eren Cihan Karsu Asal; Mehmet Taştan; Hayrettin Gökozan; Müge Erel-Özçevik; Yusuf Özçevik,2026,Sensors,journal-article,MDPI AG,26,12,3671,,0,15,particulate_air_quality,"[""particulate_air_quality"", ""embedded_environmental_sensing""]",False,False,True,metadata_candidate,particulate_air_quality;embedded_environmental_sensing,"[""calib"", ""sensor"", ""embedded""]",1,"[{""query_id"": ""Q04"", ""query_rank"": 251, ""api_score"": 23.810688, ""raw_file"": ""raw_crossref\\Q04_low_cost_particle_calibration.json"", ""raw_item_index"": 250}]"
112,10.1115/1.4070719,https://doi.org/10.1115/1.4070719,Intelligent Flying Chemical Sensor Network for Gas-Leak Localization and Mapping,Joseph R. Bourne; Kam K. Leang,2025,ASME Letters in Translational Robotics,journal-article,ASME International,1,3,,031003,0,15,outdoor_navigation_fusion,"[""robotic_environmental_monitoring"", ""outdoor_navigation_fusion""]",False,False,True,metadata_candidate,robotic_environmental_monitoring;outdoor_navigation_fusion,"[""env"", ""sensor"", ""nav""]",1,"[{""query_id"": ""Q03"", ""query_rank"": 95, ""api_score"": 24.572174, ""raw_file"": ""raw_crossref\\Q03_robotic_gas_mapping.json"", ""raw_item_index"": 94}]"
,10.2139/ssrn.5257156,https://doi.org/10.2139/ssrn.5257156,Wireless Sensor Networks for Environmental Monitoring,Addel V. Poniado,2025,,posted-content,Elsevier BV,,,,,0,15,particulate_air_quality,"[""particulate_air_quality"", ""embedded_environmental_sensing""]",False,False,True,metadata_candidate,particulate_air_quality;embedded_environmental_sensing,"[""env"", ""sensor"", ""embedded""]",1,"[{""query_id"": ""Q05"", ""query_rank"": 342, ""api_score"": 21.488808, ""raw_file"": ""raw_crossref\\Q05_gas_sensor_calibration.json"", ""raw_item_index"": 341}]"
,10.5194/egusphere-egu24-12349,https://doi.org/10.5194/egusphere-egu24-12349,Urban network of cost-efficient particulate matter measurement devices: Performance against reference observations and scientific benefit,Roland Schrödner; Honey Alas; Jens Voigtländer,2025,,posted-content,Copernicus GmbH,,,,,0,15,particulate_air_quality,"[""particulate_air_quality"", ""embedded_environmental_sensing""]",False,False,True,metadata_candidate,particulate_air_quality;embedded_environmental_sensing,"[""env"", ""air"", ""sensor""]",1,"[{""query_id"": ""Q04"", ""query_rank"": 472, ""api_score"": 21.488377, ""raw_file"": ""raw_crossref\\Q04_low_cost_particle_calibration.json"", ""raw_item_index"": 471}]"
,10.5194/ems2023-354,https://doi.org/10.5194/ems2023-354,PurpleAir-II sensor correction factors and its use in measuring neighborhood-scale temperature and particulate matter anomalies,Evan Couzo; Christopher Godfrey,2023,,posted-content,Copernicus GmbH,,,,,0,15,particulate_air_quality,"[""particulate_air_quality"", ""embedded_environmental_sensing""]",False,False,True,metadata_candidate,particulate_air_quality;embedded_environmental_sensing,"[""env"", ""air"", ""sensor""]",1,"[{""query_id"": ""Q04"", ""query_rank"": 448, ""api_score"": 21.724113, ""raw_file"": ""raw_crossref\\Q04_low_cost_particle_calibration.json"", ""raw_item_index"": 447}]"
,10.1088/1757-899x/705/1/012034,https://doi.org/10.1088/1757-899x/705/1/012034,"Gas source localization accuracy: A comparison between conventional, weighted arithmetic mean and kernel-based gas distribution mapping methods in small indoor area",A S A Yeon; R Visvanathan; K Kamarudin; S M Mamduh; A Zakaria; L M Kamarudin,2019,IOP Conference Series: Materials Science and Engineering,journal-article,IOP Publishing,705,1,012034,,0,15,gas_olfaction_mapping,"[""robotic_environmental_monitoring"", ""gas_olfaction_mapping""]",False,False,True,metadata_candidate,robotic_environmental_monitoring;gas_olfaction_mapping,"[""env"", ""gas"", ""nav""]",1,"[{""query_id"": ""Q03"", ""query_rank"": 22, ""api_score"": 30.15332, ""raw_file"": ""raw_crossref\\Q03_robotic_gas_mapping.json"", ""raw_item_index"": 21}]"
113,10.1561/2300000073,https://doi.org/10.1561/2300000073,A Survey of Decision-Theoretic Approaches for Robotic Environmental Monitoring,Yoonchang Sung; Zhiang Chen; Jnaneshwar Das; Pratap Tokekar,2023,Foundations and Trends® in Robotics,journal-article,Emerald,11,4,225-315,,10,14,robotic_environmental_monitoring,"[""robotic_environmental_monitoring""]",True,False,True,metadata_candidate,robotic_environmental_monitoring,"[""robot"", ""env"", ""sensor"", ""review""]",1,"[{""query_id"": ""Q10"", ""query_rank"": 384, ""api_score"": 15.978862, ""raw_file"": ""raw_crossref\\Q10_environmental_robotics_datasets.json"", ""raw_item_index"": 383}]"
,10.1016/0924-4247(94)00829-9,https://doi.org/10.1016/0924-4247(94)00829-9,Study of autonomous mobile sensing system for localization of odor source using gas sensors and anemometric sensors,H. Ishida; K. Suetsugu; T. Nakamoto; T. Moriizumi,1994,Sensors and Actuators A: Physical,journal-article,Elsevier BV,45,2,153-157,,228,14,gas_olfaction_mapping,"[""gas_olfaction_mapping""]",False,False,False,metadata_candidate,gas_olfaction_mapping,"[""env"", ""gas"", ""sensor"", ""nav""]",1,"[{""query_id"": ""Q03"", ""query_rank"": 476, ""api_score"": 21.102558, ""raw_file"": ""raw_crossref\\Q03_robotic_gas_mapping.json"", ""raw_item_index"": 475}]"
,10.1016/j.jenvman.2015.12.012,https://doi.org/10.1016/j.jenvman.2015.12.012,Mapping real-time air pollution health risk for environmental management: Combining mobile and stationary air pollution monitoring with neural network models,Matthew D. Adams; Pavlos S. Kanaroglou,2016,Journal of Environmental Management,journal-article,Elsevier BV,168,,133-141,,147,14,particulate_air_quality,"[""particulate_air_quality""]",False,False,False,metadata_candidate,particulate_air_quality,"[""env"", ""air"", ""sensor"", ""nav""]",1,"[{""query_id"": ""Q01"", ""query_rank"": 406, ""api_score"": 16.710094, ""raw_file"": ""raw_crossref\\Q01_mobile_robot_environment.json"", ""raw_item_index"": 405}]"
114,10.1016/j.atmosenv.2020.117440,https://doi.org/10.1016/j.atmosenv.2020.117440,The calibration and deployment of a low-cost methane sensor,Stuart N. Riddick; Denise L. Mauzerall; Michael Celia; Grant Allen; Joseph Pitt; Mary Kang; John C. Riddick,2020,Atmospheric Environment,journal-article,Elsevier BV,230,,117440,117440,43,14,embedded_environmental_sensing,"[""embedded_environmental_sensing""]",False,False,False,metadata_candidate,embedded_environmental_sensing,"[""env"", ""calib"", ""sensor"", ""embedded""]",1,"[{""query_id"": ""Q04"", ""query_rank"": 327, ""api_score"": 22.788202, ""raw_file"": ""raw_crossref\\Q04_low_cost_particle_calibration.json"", ""raw_item_index"": 326}]"
,10.3390/atmos13050663,https://doi.org/10.3390/atmos13050663,Concept of Using an Unmanned Aerial Vehicle (UAV) for 3D Investigation of Air Quality in the Atmosphere—Example of Measurements Near a Roadside,Abdul Samad; Diego Alvarez Florez; Ioannis Chourdakis; Ulrich Vogt,2022,Atmosphere,journal-article,MDPI AG,13,5,663,,39,14,particulate_air_quality,"[""particulate_air_quality"", ""embedded_environmental_sensing""]",False,False,True,metadata_candidate,particulate_air_quality;embedded_environmental_sensing,"[""env"", ""air"", ""sensor""]",1,"[{""query_id"": ""Q02"", ""query_rank"": 406, ""api_score"": 22.88885, ""raw_file"": ""raw_crossref\\Q02_ground_rover_air_quality.json"", ""raw_item_index"": 405}]"
,10.1016/j.snb.2019.127309,https://doi.org/10.1016/j.snb.2019.127309,Gas distribution mapping and source localization using a 3D grid of metal oxide semiconductor sensors,Javier Burgués; Victor Hernández; Achim J. Lilienthal; Santiago Marco,2020,Sensors and Actuators B: Chemical,journal-article,Elsevier BV,304,,127309,127309,37,14,gas_olfaction_mapping,"[""gas_olfaction_mapping""]",False,False,False,metadata_candidate,gas_olfaction_mapping,"[""env"", ""gas"", ""sensor"", ""nav""]",1,"[{""query_id"": ""Q03"", ""query_rank"": 14, ""api_score"": 32.133766, ""raw_file"": ""raw_crossref\\Q03_robotic_gas_mapping.json"", ""raw_item_index"": 13}]"
115,10.3390/s131014133,https://doi.org/10.3390/s131014133,Multi Sensor Fusion Framework for Indoor-Outdoor Localization of Limited Resource Mobile Robots,Leonardo Marín; Marina Vallés; Ángel Soriano; Ángel Valera; Pedro Albertos,2013,Sensors,journal-article,MDPI AG,13,10,14133-14160,,36,14,outdoor_navigation_fusion,"[""outdoor_navigation_fusion""]",False,False,True,metadata_candidate,outdoor_navigation_fusion,"[""robot"", ""sensor"", ""nav"", ""outdoor""]",1,"[{""query_id"": ""Q08"", ""query_rank"": 73, ""api_score"": 26.553478, ""raw_file"": ""raw_crossref\\Q08_outdoor_mapping_fusion.json"", ""raw_item_index"": 72}]"
116,10.1109/tro.2008.2004887,https://doi.org/10.1109/tro.2008.2004887,Gaussian Process Models for Indoor and Outdoor Sensor-Centric Robot Localization,A. Brooks; A. Makarenko; B. Upcroft,2008,IEEE Transactions on Robotics,journal-article,Institute of Electrical and Electronics Engineers (IEEE),24,6,1341-1351,,28,14,outdoor_navigation_fusion,"[""outdoor_navigation_fusion""]",False,False,False,metadata_candidate,outdoor_navigation_fusion,"[""robot"", ""sensor"", ""nav"", ""outdoor""]",1,"[{""query_id"": ""Q08"", ""query_rank"": 268, ""api_score"": 23.015314, ""raw_file"": ""raw_crossref\\Q08_outdoor_mapping_fusion.json"", ""raw_item_index"": 267}]"
,10.5194/amt-15-3315-2022,https://doi.org/10.5194/amt-15-3315-2022,Development and evaluation of correction models for a low-cost fine particulate matter monitor,Brayden Nilson; Peter L. Jackson; Corinne L. Schiller; Matthew T. Parsons,2022,Atmospheric Measurement Techniques,journal-article,Copernicus GmbH,15,11,3315-3328,,22,14,particulate_air_quality,"[""particulate_air_quality"", ""embedded_environmental_sensing""]",False,False,True,metadata_candidate,particulate_air_quality;embedded_environmental_sensing,"[""env"", ""air"", ""embedded""]",2,"[{""query_id"": ""Q04"", ""query_rank"": 362, ""api_score"": 22.429384, ""raw_file"": ""raw_crossref\\Q04_low_cost_particle_calibration.json"", ""raw_item_index"": 361}]"
117,10.3390/s16081255,https://doi.org/10.3390/s16081255,A Novel Cloud-Based Service Robotics Application to Data Center Environmental Monitoring,Ludovico Russo; Stefano Rosa; Marcello Maggiora; Basilio Bona,2016,Sensors,journal-article,MDPI AG,16,8,1255,,19,14,robotic_environmental_monitoring,"[""robotic_environmental_monitoring""]",False,False,True,metadata_candidate,robotic_environmental_monitoring,"[""robot"", ""env"", ""sensor""]",1,"[{""query_id"": ""Q10"", ""query_rank"": 164, ""api_score"": 17.185436, ""raw_file"": ""raw_crossref\\Q10_environmental_robotics_datasets.json"", ""raw_item_index"": 163}]"
118,10.3390/s24237482,https://doi.org/10.3390/s24237482,Resilient Multi-Robot Coverage Path Redistribution Using Boustrophedon Decomposition for Environmental Monitoring,Junghwan Gong; Hyunbin Kim; Seunghwan Lee,2024,Sensors,journal-article,MDPI AG,24,23,7482,,15,14,robotic_environmental_monitoring,"[""robotic_environmental_monitoring""]",False,False,True,metadata_candidate,robotic_environmental_monitoring,"[""robot"", ""env"", ""sensor""]",1,"[{""query_id"": ""Q01"", ""query_rank"": 215, ""api_score"": 17.769588, ""raw_file"": ""raw_crossref\\Q01_mobile_robot_environment.json"", ""raw_item_index"": 214}]"
,10.1016/j.comcom.2020.02.060,https://doi.org/10.1016/j.comcom.2020.02.060,Joint variational Bayesian based localization estimation algorithm on distributed gas source sensor network,Yong Zhang; Tong Wang; Yu Shi; Liyi Zhang,2020,Computer Communications,journal-article,Elsevier BV,154,,262-268,,11,14,gas_olfaction_mapping,"[""gas_olfaction_mapping""]",False,False,False,metadata_candidate,gas_olfaction_mapping,"[""env"", ""gas"", ""sensor"", ""nav""]",1,"[{""query_id"": ""Q03"", ""query_rank"": 127, ""api_score"": 23.782364, ""raw_file"": ""raw_crossref\\Q03_robotic_gas_mapping.json"", ""raw_item_index"": 126}]"
,10.1504/ijnt.2014.060580,https://doi.org/10.1504/ijnt.2014.060580,Application of nanocrystalline metal oxide gas sensors for air quality monitoring,D.G. Rickerby; A.N. Skouloudis,2014,International Journal of Nanotechnology,journal-article,Inderscience Publishers,11,5/6/7/8,583,60580,10,14,particulate_air_quality,"[""particulate_air_quality""]",False,False,False,metadata_candidate,particulate_air_quality,"[""env"", ""air"", ""gas"", ""sensor""]",1,"[{""query_id"": ""Q05"", ""query_rank"": 251, ""api_score"": 22.15265, ""raw_file"": ""raw_crossref\\Q05_gas_sensor_calibration.json"", ""raw_item_index"": 250}]"
119,10.1007/978-94-017-2376-3_3,https://doi.org/10.1007/978-94-017-2376-3_3,"Distributed Heterogeneous Sensing for Outdoor Multi-Robot Localization, Mapping, and Path Planning",Lynne E. Parker; Kingsley Fregene; Yi Guo; Raj Madhavan,2002,Multi-Robot Systems: From Swarms to Intelligent Automata,book-chapter,Springer Netherlands,,,21-30,,10,14,outdoor_navigation_fusion,"[""outdoor_navigation_fusion""]",False,False,False,metadata_candidate,outdoor_navigation_fusion,"[""robot"", ""sensor"", ""nav"", ""outdoor""]",1,"[{""query_id"": ""Q08"", ""query_rank"": 298, ""api_score"": 22.783073, ""raw_file"": ""raw_crossref\\Q08_outdoor_mapping_fusion.json"", ""raw_item_index"": 297}]"
120,10.1039/d2ea00100d,https://doi.org/10.1039/d2ea00100d,Laboratory and field evaluation of a low-cost methane sensor and key environmental factors for sensor calibration,Joyce J. Y. Lin; Colby Buehler; Abhirup Datta; Drew R. Gentner; Kirsten Koehler; Misti Levy Zamora,2023,Environmental Science: Atmospheres,journal-article,Royal Society of Chemistry (RSC),3,4,683-694,,9,14,embedded_environmental_sensing,"[""embedded_environmental_sensing""]",False,False,True,metadata_candidate,embedded_environmental_sensing,"[""env"", ""calib"", ""sensor"", ""embedded""]",1,"[{""query_id"": ""Q04"", ""query_rank"": 315, ""api_score"": 22.862411, ""raw_file"": ""raw_crossref\\Q04_low_cost_particle_calibration.json"", ""raw_item_index"": 314}]"
,10.1109/isoen.2019.8823396,https://doi.org/10.1109/isoen.2019.8823396,Development of 3D gas source localization using multi-copter with gas sensor array,Yoshinori Takei; Yukitaka Kanazawa; Kazuki Hirasawa; Hidehito Nanto,2019,2019 IEEE International Symposium on Olfaction and Electronic Nose (ISOEN),proceedings-article,IEEE,,,1-4,,9,14,gas_olfaction_mapping,"[""gas_olfaction_mapping""]",False,False,False,metadata_candidate,gas_olfaction_mapping,"[""env"", ""gas"", ""sensor"", ""nav""]",1,"[{""query_id"": ""Q03"", ""query_rank"": 42, ""api_score"": 27.172926, ""raw_file"": ""raw_crossref\\Q03_robotic_gas_mapping.json"", ""raw_item_index"": 41}]"
,10.1109/icmla.2008.101,https://doi.org/10.1109/icmla.2008.101,Active Stereo Olfactory Sensing System for Localization of Gas/Odor Source,Atsushi Kohnotoh; Hiroshi Ishida,2008,2008 Seventh International Conference on Machine Learning and Applications,proceedings-article,IEEE,,,476-481,,9,14,gas_olfaction_mapping,"[""gas_olfaction_mapping""]",False,False,False,metadata_candidate,gas_olfaction_mapping,"[""env"", ""gas"", ""sensor"", ""nav""]",1,"[{""query_id"": ""Q03"", ""query_rank"": 67, ""api_score"": 25.319431, ""raw_file"": ""raw_crossref\\Q03_robotic_gas_mapping.json"", ""raw_item_index"": 66}]"
121,10.1109/icet.2018.8603597,https://doi.org/10.1109/icet.2018.8603597,Robot Localization in Indoor and Outdoor Environments by Multi-sensor Fusion,Sofia Yousuf; Muhammad Bilal Kadri,2018,2018 14th International Conference on Emerging Technologies (ICET),proceedings-article,IEEE,,,1-6,,8,14,outdoor_navigation_fusion,"[""outdoor_navigation_fusion""]",False,False,False,metadata_candidate,outdoor_navigation_fusion,"[""robot"", ""sensor"", ""nav"", ""outdoor""]",1,"[{""query_id"": ""Q08"", ""query_rank"": 35, ""api_score"": 28.930918, ""raw_file"": ""raw_crossref\\Q08_outdoor_mapping_fusion.json"", ""raw_item_index"": 34}]"
122,10.1109/iros.2010.5649693,https://doi.org/10.1109/iros.2010.5649693,Autonomous navigation of mobile robot based on DGPS/INS sensor fusion by EKF in semi-outdoor structured environment,Heesung Chae; Christiand; Sunglok Choi; Wonpil Yu; Jaeil Cho,2010,2010 IEEE/RSJ International Conference on Intelligent Robots and Systems,proceedings-article,IEEE,,,1222-1227,,8,14,outdoor_navigation_fusion,"[""outdoor_navigation_fusion""]",False,False,False,metadata_candidate,outdoor_navigation_fusion,"[""robot"", ""sensor"", ""nav"", ""outdoor""]",1,"[{""query_id"": ""Q08"", ""query_rank"": 21, ""api_score"": 30.074564, ""raw_file"": ""raw_crossref\\Q08_outdoor_mapping_fusion.json"", ""raw_item_index"": 20}]"
123,10.3389/frobt.2025.1492526,https://doi.org/10.3389/frobt.2025.1492526,Reinforcement learning-based dynamic field exploration and reconstruction using multi-robot systems for environmental monitoring,Thinh Lu; Divyam Sobti; Deepak Talwar; Wencen Wu,2025,Frontiers in Robotics and AI,journal-article,Frontiers Media SA,12,,,1492526,6,14,robotic_environmental_monitoring,"[""robotic_environmental_monitoring""]",False,False,True,metadata_candidate,robotic_environmental_monitoring,"[""robot"", ""env"", ""sensor""]",1,"[{""query_id"": ""Q01"", ""query_rank"": 157, ""api_score"": 18.317709, ""raw_file"": ""raw_crossref\\Q01_mobile_robot_environment.json"", ""raw_item_index"": 156}, {""query_id"": ""Q10"", ""query_rank"": 443, ""api_score"": 15.778685, ""raw_file"": ""raw_crossref\\Q10_environmental_robotics_datasets.json"", ""raw_item_index"": 442}]"
124,10.21236/ada607968,https://doi.org/10.21236/ada607968,Infrared Stereo Calibration for Unmanned Ground Vehicle Navigation,Josh Harguess; Shawn Strange,2014,,report,Defense Technical Information Center,,,,,6,14,outdoor_navigation_fusion,"[""outdoor_navigation_fusion""]",False,False,False,metadata_candidate,outdoor_navigation_fusion,"[""robot"", ""calib"", ""nav"", ""outdoor""]",2,"[{""query_id"": ""Q02"", ""query_rank"": 37, ""api_score"": 27.822342, ""raw_file"": ""raw_crossref\\Q02_ground_rover_air_quality.json"", ""raw_item_index"": 36}]"
125,10.3390/electronics14050867,https://doi.org/10.3390/electronics14050867,Multi-Sensor Information Fusion for Mobile Robot Indoor-Outdoor Localization: A Zonotopic Set-Membership Estimation Approach,Yanfei Zhu; Xuanyu Fang; Chuanjiang Li,2025,Electronics,journal-article,MDPI AG,14,5,867,,5,14,outdoor_navigation_fusion,"[""outdoor_navigation_fusion""]",False,False,True,metadata_candidate,outdoor_navigation_fusion,"[""robot"", ""sensor"", ""nav"", ""outdoor""]",1,"[{""query_id"": ""Q08"", ""query_rank"": 7, ""api_score"": 33.871517, ""raw_file"": ""raw_crossref\\Q08_outdoor_mapping_fusion.json"", ""raw_item_index"": 6}]"
,10.1007/978-3-031-21062-4_9,https://doi.org/10.1007/978-3-031-21062-4_9,Simulating a Gas Source Localization Algorithm with Gas Dispersion Produced by Recorded Outdoor Wind,Takumi Haratsu; Motoki Sakaue; Haruka Matsukura; Patrick P. Neumann; Hiroshi Ishida,2022,Lecture Notes in Networks and Systems ROBOT2022: Fifth Iberian Robotics Conference,book-chapter,Springer International Publishing,,,105-116,,5,14,gas_olfaction_mapping,"[""gas_olfaction_mapping""]",False,False,False,metadata_candidate,gas_olfaction_mapping,"[""env"", ""gas"", ""nav"", ""outdoor""]",1,"[{""query_id"": ""Q03"", ""query_rank"": 159, ""api_score"": 23.45464, ""raw_file"": ""raw_crossref\\Q03_robotic_gas_mapping.json"", ""raw_item_index"": 158}]"
,10.1109/isoen54820.2022.9789553,https://doi.org/10.1109/isoen54820.2022.9789553,Gas Source Localization Based on Binary Sensing with a UAV,Thomas Wiedemann; Marius Schaab; Juan Marchal Gomez; Dmitriy Shutin; Monika Scheibe; Achim J. Lilienthal,2022,2022 IEEE International Symposium on Olfaction and Electronic Nose (ISOEN),proceedings-article,IEEE,,,1-3,,5,14,gas_olfaction_mapping,"[""gas_olfaction_mapping""]",False,False,False,metadata_candidate,gas_olfaction_mapping,"[""env"", ""gas"", ""sensor"", ""nav""]",1,"[{""query_id"": ""Q03"", ""query_rank"": 274, ""api_score"": 22.350769, ""raw_file"": ""raw_crossref\\Q03_robotic_gas_mapping.json"", ""raw_item_index"": 273}]"
,10.1109/syscon53536.2022.9773827,https://doi.org/10.1109/syscon53536.2022.9773827,Sensor Fusion for Octagon – an Indoor and Outdoor Autonomous Mobile Robot,Kaiqiao Tian; Khalid Mirza,2022,2022 IEEE International Systems Conference (SysCon),proceedings-article,IEEE,,,1-5,,5,14,outdoor_navigation_fusion,"[""outdoor_navigation_fusion""]",False,False,False,metadata_candidate,outdoor_navigation_fusion,"[""robot"", ""sensor"", ""nav"", ""outdoor""]",1,"[{""query_id"": ""Q08"", ""query_rank"": 2, ""api_score"": 36.794285, ""raw_file"": ""raw_crossref\\Q08_outdoor_mapping_fusion.json"", ""raw_item_index"": 1}]"
,10.1109/icuas48674.2020.9214013,https://doi.org/10.1109/icuas48674.2020.9214013,An Adaptive Informative Path Planning Algorithm for Real-time Air Quality Monitoring Using UAVs,Omar Velasco; Joao Valente; Abeje Y. Mersha,2020,2020 International Conference on Unmanned Aircraft Systems (ICUAS),proceedings-article,IEEE,,,1121-1130,,5,14,particulate_air_quality,"[""particulate_air_quality""]",False,False,False,metadata_candidate,particulate_air_quality,"[""env"", ""air"", ""sensor"", ""nav""]",1,"[{""query_id"": ""Q02"", ""query_rank"": 214, ""api_score"": 24.158543, ""raw_file"": ""raw_crossref\\Q02_ground_rover_air_quality.json"", ""raw_item_index"": 213}]"
,10.1109/icar.2005.1507409,https://doi.org/10.1109/icar.2005.1507409,Visual and laser sensory data fusion for outdoor robot localisation and navigation,S. Pagnottelli; S. Taraglio; P. Valigi; A. Zanela,2005,"ICAR '05. Proceedings., 12th International Conference on Advanced Robotics, 2005.",proceedings-article,IEEE,,,,,5,14,outdoor_navigation_fusion,"[""outdoor_navigation_fusion""]",False,False,False,metadata_candidate,outdoor_navigation_fusion,"[""robot"", ""sensor"", ""nav"", ""outdoor""]",1,"[{""query_id"": ""Q08"", ""query_rank"": 486, ""api_score"": 21.383839, ""raw_file"": ""raw_crossref\\Q08_outdoor_mapping_fusion.json"", ""raw_item_index"": 485}]"
,10.20944/preprints201703.0064.v1,https://doi.org/10.20944/preprints201703.0064.v1,Moss Bag Preparation: A Low-Cost Technique in Monitoring Airborne Particulate and Toxic Elements,Francis Olawale Abulude; Jamok Jacob Elisha,2017,,posted-content,MDPI AG,,,,,4,14,particulate_air_quality,"[""particulate_air_quality"", ""embedded_environmental_sensing""]",False,False,True,metadata_candidate,particulate_air_quality;embedded_environmental_sensing,"[""env"", ""sensor"", ""embedded""]",1,"[{""query_id"": ""Q04"", ""query_rank"": 497, ""api_score"": 21.263767, ""raw_file"": ""raw_crossref\\Q04_low_cost_particle_calibration.json"", ""raw_item_index"": 496}]"
,10.1117/12.2050401,https://doi.org/10.1117/12.2050401,Integrated multi-sensor fusion for mapping and localization in outdoor environments for mobile robots,Thomas Emter; Janko Petereit,2014,"SPIE Proceedings Multisensor, Multisource Information Fusion: Architectures, Algorithms, and Applications 2014",proceedings-article,SPIE,9121,,91210O,,4,14,outdoor_navigation_fusion,"[""outdoor_navigation_fusion""]",False,False,False,metadata_candidate,outdoor_navigation_fusion,"[""robot"", ""sensor"", ""nav"", ""outdoor""]",1,"[{""query_id"": ""Q08"", ""query_rank"": 10, ""api_score"": 33.157433, ""raw_file"": ""raw_crossref\\Q08_outdoor_mapping_fusion.json"", ""raw_item_index"": 9}]"
126,10.1109/aics60730.2023.10470795,https://doi.org/10.1109/aics60730.2023.10470795,Extreme Learning Machines for Calibration and Prediction in Wireless Sensor Networks: Advancing Environmental Monitoring Efficiency,Asif Yar; Shagufta Henna; Marion McAfee; Salem S. Gharbia,2023,2023 31st Irish Conference on Artificial Intelligence and Cognitive Science (AICS),proceedings-article,IEEE,,,1-4,,3,14,embedded_environmental_sensing,"[""embedded_environmental_sensing""]",False,False,False,metadata_candidate,embedded_environmental_sensing,"[""env"", ""calib"", ""sensor"", ""embedded""]",1,"[{""query_id"": ""Q05"", ""query_rank"": 307, ""api_score"": 21.667545, ""raw_file"": ""raw_crossref\\Q05_gas_sensor_calibration.json"", ""raw_item_index"": 306}]"
,10.1109/sensors56945.2023.10325081,https://doi.org/10.1109/sensors56945.2023.10325081,2D SERS Gas Sensor for Visualization and Localization of the Odor Source,Lin Chen; Cong Wang; Hao Guo; Fumihiro Sassa; Kenshi Hayashi,2023,2023 IEEE SENSORS,proceedings-article,IEEE,,,01-04,,3,14,gas_olfaction_mapping,"[""gas_olfaction_mapping""]",False,False,False,metadata_candidate,gas_olfaction_mapping,"[""env"", ""gas"", ""sensor"", ""nav""]",1,"[{""query_id"": ""Q03"", ""query_rank"": 75, ""api_score"": 24.996569, ""raw_file"": ""raw_crossref\\Q03_robotic_gas_mapping.json"", ""raw_item_index"": 74}]"
,10.1088/1742-6596/1453/1/012042,https://doi.org/10.1088/1742-6596/1453/1/012042,Multi-sensor fusion localization algorithm for outdoor mobile robot,Chang Li; Hanxu Sun; Ping Ye,2020,Journal of Physics: Conference Series,journal-article,IOP Publishing,1453,1,012042,,3,14,outdoor_navigation_fusion,"[""outdoor_navigation_fusion""]",False,False,True,metadata_candidate,outdoor_navigation_fusion,"[""robot"", ""sensor"", ""nav"", ""outdoor""]",1,"[{""query_id"": ""Q08"", ""query_rank"": 12, ""api_score"": 32.658085, ""raw_file"": ""raw_crossref\\Q08_outdoor_mapping_fusion.json"", ""raw_item_index"": 11}]"
,10.5302/j.icros.2008.14.8.800,https://doi.org/10.5302/j.icros.2008.14.8.800,Localization of Outdoor Wheeled Mobile Robots using Indirect Kalman Filter Based Sensor fusion,,2008,"Journal of Institute of Control, Robotics and Systems",journal-article,"Institute of Control, Robotics and Systems",14,8,800-808,,3,14,outdoor_navigation_fusion,"[""outdoor_navigation_fusion""]",False,False,False,metadata_candidate,outdoor_navigation_fusion,"[""robot"", ""sensor"", ""nav"", ""outdoor""]",1,"[{""query_id"": ""Q08"", ""query_rank"": 374, ""api_score"": 22.09851, ""raw_file"": ""raw_crossref\\Q08_outdoor_mapping_fusion.json"", ""raw_item_index"": 373}]"
,10.3233/idt-230225,https://doi.org/10.3233/idt-230225,Fuzzy based self-tuned move lengths for enhanced performance of gas source localization algorithm,Kumar Gaurav,2023,Intelligent Decision Technologies,journal-article,SAGE Publications,17,4,1115-1134,,2,14,gas_olfaction_mapping,"[""robotic_environmental_monitoring"", ""gas_olfaction_mapping""]",False,False,True,metadata_candidate,robotic_environmental_monitoring;gas_olfaction_mapping,"[""env"", ""gas"", ""nav""]",1,"[{""query_id"": ""Q03"", ""query_rank"": 90, ""api_score"": 24.655415, ""raw_file"": ""raw_crossref\\Q03_robotic_gas_mapping.json"", ""raw_item_index"": 89}]"
,10.23919/iccas55662.2022.10003948,https://doi.org/10.23919/iccas55662.2022.10003948,UWB/GPS Sensor Fusion Using Kalman Filter for Outdoor Autonomous Robot,Junhyeok Shin; Hoeryoung Jung,2022,"2022 22nd International Conference on Control, Automation and Systems (ICCAS)",proceedings-article,IEEE,,,448-451,,2,14,outdoor_navigation_fusion,"[""outdoor_navigation_fusion""]",False,False,False,metadata_candidate,outdoor_navigation_fusion,"[""robot"", ""sensor"", ""nav"", ""outdoor""]",1,"[{""query_id"": ""Q08"", ""query_rank"": 39, ""api_score"": 28.550287, ""raw_file"": ""raw_crossref\\Q08_outdoor_mapping_fusion.json"", ""raw_item_index"": 38}]"
127,10.3389/frobt.2018.00052,https://doi.org/10.3389/frobt.2018.00052,Simulating Fine-Scale Marine Pollution Plumes for Autonomous Robotic Environmental Monitoring,Muhammad Fahad; Yi Guo; Brian Bingham,2018,Frontiers in Robotics and AI,journal-article,Frontiers Media SA,5,,,52,2,14,robotic_environmental_monitoring,"[""robotic_environmental_monitoring""]",False,False,True,metadata_candidate,robotic_environmental_monitoring,"[""robot"", ""env"", ""sensor""]",1,"[{""query_id"": ""Q01"", ""query_rank"": 313, ""api_score"": 17.11057, ""raw_file"": ""raw_crossref\\Q01_mobile_robot_environment.json"", ""raw_item_index"": 312}, {""query_id"": ""Q10"", ""query_rank"": 192, ""api_score"": 17.013144, ""raw_file"": ""raw_crossref\\Q10_environmental_robotics_datasets.json"", ""raw_item_index"": 191}]"
,10.1117/12.2053537,https://doi.org/10.1117/12.2053537,Infrared stereo calibration for unmanned ground vehicle navigation,Josh Harguess; Shawn Strange,2014,SPIE Proceedings Unmanned Systems Technology XVI,proceedings-article,SPIE,9084,,90840S,,2,14,outdoor_navigation_fusion,"[""outdoor_navigation_fusion""]",False,False,False,metadata_candidate,outdoor_navigation_fusion,"[""robot"", ""calib"", ""nav"", ""outdoor""]",2,"[{""query_id"": ""Q02"", ""query_rank"": 308, ""api_score"": 23.426983, ""raw_file"": ""raw_crossref\\Q02_ground_rover_air_quality.json"", ""raw_item_index"": 307}]"
,10.1109/icmtma.2011.5767266,https://doi.org/10.1109/icmtma.2011.5767266,Experimental study on odor source localization system based on metal oxide gas sensors,Chen Liwei; Yang Jianhua; Hafid Oussaadi,2011,2011 Third International Conference on Measuring Technology and Mechatronics Automation,proceedings-article,IEEE,,,1-4,,2,14,gas_olfaction_mapping,"[""gas_olfaction_mapping""]",False,False,False,metadata_candidate,gas_olfaction_mapping,"[""env"", ""gas"", ""sensor"", ""nav""]",1,"[{""query_id"": ""Q03"", ""query_rank"": 132, ""api_score"": 23.74719, ""raw_file"": ""raw_crossref\\Q03_robotic_gas_mapping.json"", ""raw_item_index"": 131}]"
,10.5369/jsst.2010.19.3.246,https://doi.org/10.5369/jsst.2010.19.3.246,Implementation of a sensor fusion system for autonomous guided robot navigation in outdoor environments,Seung-H. Lee; Heon-C. Lee; Beom-H. Lee,2010,Journal of Sensor Science and Technology,journal-article,The Korean Sensors Society,19,3,246-257,,2,14,outdoor_navigation_fusion,"[""outdoor_navigation_fusion""]",False,False,False,metadata_candidate,outdoor_navigation_fusion,"[""robot"", ""sensor"", ""nav"", ""outdoor""]",1,"[{""query_id"": ""Q08"", ""query_rank"": 125, ""api_score"": 25.115128, ""raw_file"": ""raw_crossref\\Q08_outdoor_mapping_fusion.json"", ""raw_item_index"": 124}]"
,10.1117/12.299562,https://doi.org/10.1117/12.299562,Outdoor navigation of a mobile robot with multiple sensors,Huosheng Hu; Dongbing Gu; J. Michael Brady,1998,SPIE Proceedings Mobile Robots XII,proceedings-article,SPIE,3210,,13-24,,2,14,outdoor_navigation_fusion,"[""outdoor_navigation_fusion""]",False,False,False,metadata_candidate,outdoor_navigation_fusion,"[""robot"", ""sensor"", ""nav"", ""outdoor""]",1,"[{""query_id"": ""Q08"", ""query_rank"": 370, ""api_score"": 22.16068, ""raw_file"": ""raw_crossref\\Q08_outdoor_mapping_fusion.json"", ""raw_item_index"": 369}]"
,10.1017/s0263574724001620,https://doi.org/10.1017/s0263574724001620,A novel hybrid information-based PF-WOA algorithm for gas source localization in 3D space,Li Wang; Ziyu Ren; Shurui Fan; Yong Zhang,2024,Robotica,journal-article,Cambridge University Press (CUP),42,11,3748-3767,,1,14,gas_olfaction_mapping,"[""robotic_environmental_monitoring"", ""gas_olfaction_mapping""]",False,False,True,metadata_candidate,robotic_environmental_monitoring;gas_olfaction_mapping,"[""env"", ""gas"", ""nav""]",1,"[{""query_id"": ""Q03"", ""query_rank"": 206, ""api_score"": 22.891628, ""raw_file"": ""raw_crossref\\Q03_robotic_gas_mapping.json"", ""raw_item_index"": 205}]"
,10.1109/isoen61239.2024.10556037,https://doi.org/10.1109/isoen61239.2024.10556037,Gas Source Localization in Outdoor Environment Using Deep Learning: Data Augmentation by Gas Dispersion Simulator,Gao-Ju Zhao; Haruka Matsukura; Motoki Sakaue; Takumi Haratsu; Hiroshi Ishida,2024,2024 IEEE International Symposium on Olfaction and Electronic Nose (ISOEN),proceedings-article,IEEE,,,1-3,,1,14,gas_olfaction_mapping,"[""gas_olfaction_mapping""]",False,False,False,metadata_candidate,gas_olfaction_mapping,"[""env"", ""gas"", ""nav"", ""outdoor""]",1,"[{""query_id"": ""Q03"", ""query_rank"": 54, ""api_score"": 25.886087, ""raw_file"": ""raw_crossref\\Q03_robotic_gas_mapping.json"", ""raw_item_index"": 53}]"
128,10.1109/issc61953.2024.10603082,https://doi.org/10.1109/issc61953.2024.10603082,Accelerating Deep Learning for Self-Calibration in Large-Scale Uncontrolled Wireless Sensor Networks for Environmental Monitoring,Asif Yar; Shagufta Henna; Marion McAfee; Salem S. Gharbia,2024,2024 35th Irish Signals and Systems Conference (ISSC),proceedings-article,IEEE,,,01-06,,1,14,embedded_environmental_sensing,"[""embedded_environmental_sensing""]",False,False,False,metadata_candidate,embedded_environmental_sensing,"[""env"", ""calib"", ""sensor"", ""embedded""]",1,"[{""query_id"": ""Q05"", ""query_rank"": 248, ""api_score"": 22.214056, ""raw_file"": ""raw_crossref\\Q05_gas_sensor_calibration.json"", ""raw_item_index"": 247}]"
,10.1117/12.3011556,https://doi.org/10.1117/12.3011556,Outdoor positioning and navigation algorithm of inspection robot dog based on multi-sensor fusion,Kelong Luo; Jianyong Zhao; Chaosheng Huang; Dongchang Liu; Jiafeng Chen,2023,"International Conference on Algorithms, High Performance Computing, and Artificial Intelligence (AHPCAI 2023)",proceedings-article,SPIE,,,74,,1,14,outdoor_navigation_fusion,"[""outdoor_navigation_fusion""]",False,False,False,metadata_candidate,outdoor_navigation_fusion,"[""robot"", ""sensor"", ""nav"", ""outdoor""]",1,"[{""query_id"": ""Q08"", ""query_rank"": 190, ""api_score"": 24.084751, ""raw_file"": ""raw_crossref\\Q08_outdoor_mapping_fusion.json"", ""raw_item_index"": 189}]"
,10.30587/ivrj.v2i2.5656,https://doi.org/10.30587/ivrj.v2i2.5656,Design of Water PH Quality Monitoring System in PT SIER Industrial Area Based on Internet of Things at Waste Water Treatment Plant,Fajar Mei Dialaksito; Pressa Perdana Surya,2023,Indonesian Vocational Research Journal,journal-article,Universitas Muhammadiyah Gresik,2,2,7,,1,14,water_quality_monitoring,"[""water_quality_monitoring"", ""embedded_environmental_sensing""]",False,False,True,metadata_candidate,water_quality_monitoring;embedded_environmental_sensing,"[""water"", ""sensor"", ""embedded""]",1,"[{""query_id"": ""Q06"", ""query_rank"": 117, ""api_score"": 21.617073, ""raw_file"": ""raw_crossref\\Q06_robotic_water_quality.json"", ""raw_item_index"": 116}]"
,10.5194/amt-2021-425,https://doi.org/10.5194/amt-2021-425,Development and Evaluation of Correction Models for a Low-Cost Fine Particulate Matter Monitor,Brayden Nilson; Peter L. Jackson; Corinne L. Schiller; Matthew T. Parsons,2022,,posted-content,Copernicus GmbH,,,,,1,14,particulate_air_quality,"[""particulate_air_quality"", ""embedded_environmental_sensing""]",False,False,True,metadata_candidate,particulate_air_quality;embedded_environmental_sensing,"[""env"", ""air"", ""embedded""]",2,"[{""query_id"": ""Q04"", ""query_rank"": 252, ""api_score"": 23.805063, ""raw_file"": ""raw_crossref\\Q04_low_cost_particle_calibration.json"", ""raw_item_index"": 251}]"
,10.3390/app11198857,https://doi.org/10.3390/app11198857,Automatic Outdoor Patrol Robot Based on Sensor Fusion and Face Recognition Methods,Wu-Chiang Chang; Jih-Gau Juang,2021,Applied Sciences,journal-article,MDPI AG,11,19,8857,,1,14,outdoor_navigation_fusion,"[""outdoor_navigation_fusion""]",False,False,True,metadata_candidate,outdoor_navigation_fusion,"[""robot"", ""sensor"", ""nav"", ""outdoor""]",1,"[{""query_id"": ""Q08"", ""query_rank"": 41, ""api_score"": 28.4682, ""raw_file"": ""raw_crossref\\Q08_outdoor_mapping_fusion.json"", ""raw_item_index"": 40}]"
,10.1109/isoen.2019.8823503,https://doi.org/10.1109/isoen.2019.8823503,Feature extraction of gas sensor signals for gas source localization,Javier Burgues; Santiago Marco,2019,2019 IEEE International Symposium on Olfaction and Electronic Nose (ISOEN),proceedings-article,IEEE,,,1-3,,1,14,gas_olfaction_mapping,"[""gas_olfaction_mapping""]",False,False,False,metadata_candidate,gas_olfaction_mapping,"[""env"", ""gas"", ""sensor"", ""nav""]",1,"[{""query_id"": ""Q03"", ""query_rank"": 29, ""api_score"": 29.268005, ""raw_file"": ""raw_crossref\\Q03_robotic_gas_mapping.json"", ""raw_item_index"": 28}]"
,10.22581/muet1982.1901.10,https://doi.org/10.22581/muet1982.1901.10,Sensor-Fusion Based Navigation for Mobile Robot in Outdoor Environment,Muhammad Yousaf Ali Khan; Ehtasham Mustafa; Aamir Nawaz; Nasir Saleem; Usman Illahi,2019,Mehran University Research Journal of Engineering and Technology,journal-article,Mehran University of Engineering and Technology,38,1,113-128,,1,14,outdoor_navigation_fusion,"[""outdoor_navigation_fusion""]",False,False,True,metadata_candidate,outdoor_navigation_fusion,"[""robot"", ""sensor"", ""nav"", ""outdoor""]",1,"[{""query_id"": ""Q08"", ""query_rank"": 52, ""api_score"": 27.556993, ""raw_file"": ""raw_crossref\\Q08_outdoor_mapping_fusion.json"", ""raw_item_index"": 51}]"
,10.4271/2013-24-0168,https://doi.org/10.4271/2013-24-0168,Assessment of Low Levels of Particulate Matter Exhaust Emissions Using Low-Cost Ionization-Type Smoke Detectors,Michal Vojtisek-Lom,2013,SAE Technical Paper Series,proceedings-article,SAE International,1,,,2013-24-0168,1,14,particulate_air_quality,"[""particulate_air_quality"", ""embedded_environmental_sensing""]",False,False,True,metadata_candidate,particulate_air_quality;embedded_environmental_sensing,"[""env"", ""air"", ""embedded""]",1,"[{""query_id"": ""Q04"", ""query_rank"": 145, ""api_score"": 25.941565, ""raw_file"": ""raw_crossref\\Q04_low_cost_particle_calibration.json"", ""raw_item_index"": 144}]"
,10.1109/icmsao.2011.5775552,https://doi.org/10.1109/icmsao.2011.5775552,Local/global frame switching in sensor-based outdoor navigation in a wheeled mobile robot,Yu Yu Lwin; Daisuke Takahashi; Yoshio Yamamoto,2011,"2011 Fourth International Conference on Modeling, Simulation and Applied Optimization",proceedings-article,IEEE,,,1-6,,1,14,outdoor_navigation_fusion,"[""outdoor_navigation_fusion""]",False,False,False,metadata_candidate,outdoor_navigation_fusion,"[""robot"", ""sensor"", ""nav"", ""outdoor""]",1,"[{""query_id"": ""Q08"", ""query_rank"": 84, ""api_score"": 26.215431, ""raw_file"": ""raw_crossref\\Q08_outdoor_mapping_fusion.json"", ""raw_item_index"": 83}]"
,10.1299/jsmeicam.2010.5.177,https://doi.org/10.1299/jsmeicam.2010.5.177,Single Gas Source Localization Using A Mobile Sensor Network,Yu-Xiu Wu; Qing-Hao Meng; Yong Zhang; Ming Zeng,2010,The Abstracts of the international conference on advanced mechatronics : toward evolutionary fusion of IT and mechatronics : ICAM,journal-article,Japan Society of Mechanical Engineers,2010.5,0,177-182,,1,14,gas_olfaction_mapping,"[""gas_olfaction_mapping""]",False,False,False,metadata_candidate,gas_olfaction_mapping,"[""env"", ""gas"", ""sensor"", ""nav""]",1,"[{""query_id"": ""Q03"", ""query_rank"": 40, ""api_score"": 27.3139, ""raw_file"": ""raw_crossref\\Q03_robotic_gas_mapping.json"", ""raw_item_index"": 39}]"
,10.1524/teme.71.5.305.33121,https://doi.org/10.1524/teme.71.5.305.33121,Metalloxidgassensor-Array für die Qualifizierung der Luftgüte (Metal Oxide Gas Sensor Array for Air Quality Monitoring),Jürgen Wöllenstein; Harald Böttner,2004,tm - Technisches Messen,journal-article,Walter de Gruyter GmbH,71,5,305-310,,1,14,particulate_air_quality,"[""particulate_air_quality""]",False,False,True,metadata_candidate,particulate_air_quality,"[""env"", ""air"", ""gas"", ""sensor""]",1,"[{""query_id"": ""Q05"", ""query_rank"": 17, ""api_score"": 27.732544, ""raw_file"": ""raw_crossref\\Q05_gas_sensor_calibration.json"", ""raw_item_index"": 16}]"
129,10.1016/j.array.2026.100813,https://doi.org/10.1016/j.array.2026.100813,Accelerating graph-based deep learning for self-calibration in large-scale uncontrolled wireless sensor networks for environmental monitoring,Asif Yar; Shagufta Henna; Marion McAfee,2026,Array,journal-article,Elsevier BV,30,,100813,100813,0,14,embedded_environmental_sensing,"[""embedded_environmental_sensing""]",False,False,False,metadata_candidate,embedded_environmental_sensing,"[""env"", ""calib"", ""sensor"", ""embedded""]",1,"[{""query_id"": ""Q05"", ""query_rank"": 133, ""api_score"": 23.293598, ""raw_file"": ""raw_crossref\\Q05_gas_sensor_calibration.json"", ""raw_item_index"": 132}]"
,10.1109/jiot.2026.3696546,https://doi.org/10.1109/jiot.2026.3696546,Indoor and Outdoor Integrated Localization Scheme for Mobile Robot Using Multisensor Fusion and Graph Optimization,Liyang Zhang; Kai Cheng; Zhiyou Pan; Lei Pan; Yang Liu; Lixia Guo; Yan He,2026,IEEE Internet of Things Journal,journal-article,Institute of Electrical and Electronics Engineers (IEEE),13,15,34646-34660,,0,14,outdoor_navigation_fusion,"[""outdoor_navigation_fusion""]",False,False,False,metadata_candidate,outdoor_navigation_fusion,"[""robot"", ""sensor"", ""nav"", ""outdoor""]",1,"[{""query_id"": ""Q08"", ""query_rank"": 258, ""api_score"": 23.145313, ""raw_file"": ""raw_crossref\\Q08_outdoor_mapping_fusion.json"", ""raw_item_index"": 257}]"
,10.1109/mems64181.2026.11419396,https://doi.org/10.1109/mems64181.2026.11419396,Sensor System for Gas Source Localization Integrating A Compact 3D Wind Vector Sensor and Gas Sensor,Ryusei Ando; Hidetoshi Takahashi,2026,2026 IEEE 39th International Conference on Micro Electro Mechanical Systems (MEMS),proceedings-article,IEEE,,,1-4,,0,14,gas_olfaction_mapping,"[""gas_olfaction_mapping""]",False,False,False,metadata_candidate,gas_olfaction_mapping,"[""env"", ""gas"", ""sensor"", ""nav""]",1,"[{""query_id"": ""Q03"", ""query_rank"": 41, ""api_score"": 27.207413, ""raw_file"": ""raw_crossref\\Q03_robotic_gas_mapping.json"", ""raw_item_index"": 40}]"
,10.1109/smartiot70864.2026.00009,https://doi.org/10.1109/smartiot70864.2026.00009,UGAS: Epistemic Uncertainty-Guided Adaptive Sampling for Gas Source Localization in Hybrid Sensor Networks,Mingkun Guo; Jiuwu Ma; Zhiqiao Gao; Teng Ma,2026,2026 IEEE International Conference on Smart Internet of Things (SmartIoT),proceedings-article,IEEE,,,1-8,,0,14,gas_olfaction_mapping,"[""gas_olfaction_mapping""]",False,False,False,metadata_candidate,gas_olfaction_mapping,"[""env"", ""gas"", ""sensor"", ""nav""]",1,"[{""query_id"": ""Q03"", ""query_rank"": 211, ""api_score"": 22.866625, ""raw_file"": ""raw_crossref\\Q03_robotic_gas_mapping.json"", ""raw_item_index"": 210}]"
,10.21203/rs.3.rs-8979025/v1,https://doi.org/10.21203/rs.3.rs-8979025/v1,Enhanced NTU Measurement by Modified Turbidity Sensor: A Cost-Effective Approach for Household Water Quality Monitoring,Rajendrra Yashavant Lelle¹; Nitin Madhukar Kulkarni; Arvind Digamber Shaligram; Kailash Baliram Sapnar,2026,,posted-content,Springer Science and Business Media LLC,,,,,0,14,water_quality_monitoring,"[""water_quality_monitoring"", ""embedded_environmental_sensing""]",False,False,True,metadata_candidate,water_quality_monitoring;embedded_environmental_sensing,"[""env"", ""water"", ""sensor""]",1,"[{""query_id"": ""Q06"", ""query_rank"": 21, ""api_score"": 25.417976, ""raw_file"": ""raw_crossref\\Q06_robotic_water_quality.json"", ""raw_item_index"": 20}]"
130,10.30564/jees.v8i4.13213,https://doi.org/10.30564/jees.v8i4.13213,Autonomous Multi-Robot Systems for Real-Time Environmental Monitoring and Disaster Response,Xiaolan Li; Xinrong Ma; Yanwei Xu,2026,Journal of Environmental & Earth Sciences,journal-article,Bilingual Publishing Group,,,184-202,,0,14,robotic_environmental_monitoring,"[""robotic_environmental_monitoring""]",False,False,True,metadata_candidate,robotic_environmental_monitoring,"[""robot"", ""env"", ""sensor""]",1,"[{""query_id"": ""Q01"", ""query_rank"": 239, ""api_score"": 17.510736, ""raw_file"": ""raw_crossref\\Q01_mobile_robot_environment.json"", ""raw_item_index"": 238}]"
131,10.3390/app16157524,https://doi.org/10.3390/app16157524,Environmental Monitoring for Smart Logistics: A Hybrid Mobile–Fixed Sensor Fusion Framework,Elvezia Maria Cepolina; Pardis Ahmadi; Luca Tavanti; Lucanos Strambini,2026,Applied Sciences,journal-article,MDPI AG,16,15,7524,,0,14,embedded_environmental_sensing,"[""embedded_environmental_sensing""]",False,False,True,metadata_candidate,embedded_environmental_sensing,"[""env"", ""sensor"", ""nav""]",1,"[{""query_id"": ""Q08"", ""query_rank"": 362, ""api_score"": 22.29893, ""raw_file"": ""raw_crossref\\Q08_outdoor_mapping_fusion.json"", ""raw_item_index"": 361}]"
132,10.3390/s26061761,https://doi.org/10.3390/s26061761,Reinforcement Learning-Based Control of a 4-Wheel Independent Steering Mobile Robot for Robust Path Tracking in Outdoor Environments,Hyoseok Lee; Hyun-Min Joe,2026,Sensors,journal-article,MDPI AG,26,6,1761,,0,14,four_wheel_steering,"[""four_wheel_steering""]",False,False,True,metadata_candidate,four_wheel_steering,"[""robot"", ""steer"", ""outdoor""]",1,"[{""query_id"": ""Q07"", ""query_rank"": 18, ""api_score"": 36.343872, ""raw_file"": ""raw_crossref\\Q07_four_wheel_steering.json"", ""raw_item_index"": 17}]"
,10.3390/w18101219,https://doi.org/10.3390/w18101219,"Water Quality Monitoring and Spatiotemporal Mapping of Water Quality in the Mae Kha Canal, Chiang Mai, Thailand",Vongkot Owatsakul; Suttipong Kawilapat; Phonpat Hemwan; Damrongsak Rinchumphu,2026,Water,journal-article,MDPI AG,18,10,1219,,0,14,water_quality_monitoring,"[""water_quality_monitoring""]",False,False,True,metadata_candidate,water_quality_monitoring,"[""env"", ""water"", ""sensor"", ""nav""]",1,"[{""query_id"": ""Q06"", ""query_rank"": 411, ""api_score"": 19.716297, ""raw_file"": ""raw_crossref\\Q06_robotic_water_quality.json"", ""raw_item_index"": 410}]"
,10.1109/i2mtc62753.2025.11079147,https://doi.org/10.1109/i2mtc62753.2025.11079147,GVIR: A GNSS-Visual-Inertial-Range Sensor Fusion Approach for Seamless Indoor-Outdoor Robot Localization,Mingyang Qi; Ping Huang; Chao Hu; Fansong Zeng; Wei Wang,2025,2025 IEEE International Instrumentation and Measurement Technology Conference (I2MTC),proceedings-article,IEEE,,,1-6,,0,14,outdoor_navigation_fusion,"[""outdoor_navigation_fusion""]",False,False,False,metadata_candidate,outdoor_navigation_fusion,"[""robot"", ""sensor"", ""nav"", ""outdoor""]",1,"[{""query_id"": ""Q08"", ""query_rank"": 111, ""api_score"": 25.48552, ""raw_file"": ""raw_crossref\\Q08_outdoor_mapping_fusion.json"", ""raw_item_index"": 110}]"
,10.5194/egusphere-egu24-813,https://doi.org/10.5194/egusphere-egu24-813,"Low cost, rapid method for ambient particulate matter speciation in specific environments",George K Varghese; Anson Regi; Prem Mohan; Jijo Ponnachan,2025,,posted-content,Copernicus GmbH,,,,,0,14,particulate_air_quality,"[""particulate_air_quality"", ""embedded_environmental_sensing""]",False,False,True,metadata_candidate,particulate_air_quality;embedded_environmental_sensing,"[""env"", ""air"", ""embedded""]",1,"[{""query_id"": ""Q04"", ""query_rank"": 121, ""api_score"": 27.188604, ""raw_file"": ""raw_crossref\\Q04_low_cost_particle_calibration.json"", ""raw_item_index"": 120}]"
,10.5194/egusphere-egu25-5687,https://doi.org/10.5194/egusphere-egu25-5687,Improving Zimbabwe’s capacity for air quality monitoring from the ground and by TROPOMI,Marloes Penning de Vries; Martin de Graaf; Munyaradzi Davis Shekede; Ntandokamlimu Nondo,2025,,posted-content,Copernicus GmbH,,,,,0,14,particulate_air_quality,"[""particulate_air_quality"", ""embedded_environmental_sensing""]",False,False,True,metadata_candidate,particulate_air_quality;embedded_environmental_sensing,"[""env"", ""air"", ""sensor""]",1,"[{""query_id"": ""Q02"", ""query_rank"": 438, ""api_score"": 22.689121, ""raw_file"": ""raw_crossref\\Q02_ground_rover_air_quality.json"", ""raw_item_index"": 437}]"
,10.5539/mas.v19n2p126,https://doi.org/10.5539/mas.v19n2p126,Unmanned Surface Vehicle for Water Quality Monitoring,Fauzal Naim Zohedi; Tan Shin Nee; Mohd Shahrieel Mohd Aras; Hairol Nizam Mohd Shah; Zainah Md Zain,2025,Modern Applied Science,journal-article,Canadian Center of Science and Education,19,2,126,,0,14,water_quality_monitoring,"[""water_quality_monitoring"", ""embedded_environmental_sensing""]",False,False,True,metadata_candidate,water_quality_monitoring;embedded_environmental_sensing,"[""env"", ""water"", ""sensor""]",1,"[{""query_id"": ""Q02"", ""query_rank"": 253, ""api_score"": 23.739285, ""raw_file"": ""raw_crossref\\Q02_ground_rover_air_quality.json"", ""raw_item_index"": 252}]"
133,10.63056/ijair.1.1.2025.88,https://doi.org/10.63056/ijair.1.1.2025.88,Sustainable Robotics: Leveraging AI for Energy Efficiency and Environmental Monitoring,Zainab Nisar,2025,International Journal of Advanced and Innovative Research (IJAIR),journal-article,Academia (Private) Limited,1,1,27-32,,0,14,robotic_environmental_monitoring,"[""robotic_environmental_monitoring""]",False,False,True,metadata_candidate,robotic_environmental_monitoring,"[""robot"", ""env"", ""sensor""]",1,"[{""query_id"": ""Q10"", ""query_rank"": 242, ""api_score"": 16.770075, ""raw_file"": ""raw_crossref\\Q10_environmental_robotics_datasets.json"", ""raw_item_index"": 241}]"
,10.64336/001c.146444,https://doi.org/10.64336/001c.146444,Translating CO 2 decay into ventilation and occupancy guidance using a low-cost IAQ monitor: Particulate matter and air quality in a university weight room,Layla Shihadeh,2025,Journal of High School Science,journal-article,Journal of High School Science,9,4,,,0,14,particulate_air_quality,"[""particulate_air_quality"", ""embedded_environmental_sensing""]",False,False,True,metadata_candidate,particulate_air_quality;embedded_environmental_sensing,"[""env"", ""air"", ""embedded""]",1,"[{""query_id"": ""Q04"", ""query_rank"": 390, ""api_score"": 22.200277, ""raw_file"": ""raw_crossref\\Q04_low_cost_particle_calibration.json"", ""raw_item_index"": 389}]"
,10.54554/jacta.2024.06.02.001,https://doi.org/10.54554/jacta.2024.06.02.001,Implementation of ESP8266 and Turbidity Sensor in Water Turbidity Monitoring Model Using Fuzzy Tsukamoto,April Firman Daru; Alauddin Maulana Hirzan; Ferry Bagus Saputra; Paminto Agung Christianto,2024,Journal of Advanced Computing Technology and Application (JACTA),journal-article,Penerbit Universiti Teknikal Malaysia Melaka Press,6,2,1-13,,0,14,water_quality_monitoring,"[""water_quality_monitoring"", ""embedded_environmental_sensing""]",False,False,True,metadata_candidate,water_quality_monitoring;embedded_environmental_sensing,"[""env"", ""water"", ""sensor""]",1,"[{""query_id"": ""Q06"", ""query_rank"": 129, ""api_score"": 21.448095, ""raw_file"": ""raw_crossref\\Q06_robotic_water_quality.json"", ""raw_item_index"": 128}]"
,10.1109/iaecst60924.2023.10503155,https://doi.org/10.1109/iaecst60924.2023.10503155,Research on Outdoor Mobile Robot Localization and Mapping Algorithm Based on Multi-Sensor Fusion,Biao Liu; Shuqin Xiang,2023,2023 5th International Academic Exchange Conference on Science and Technology Innovation (IAECST),proceedings-article,IEEE,,,1585-1588,,0,14,outdoor_navigation_fusion,"[""outdoor_navigation_fusion""]",False,False,False,metadata_candidate,outdoor_navigation_fusion,"[""robot"", ""sensor"", ""nav"", ""outdoor""]",1,"[{""query_id"": ""Q08"", ""query_rank"": 1, ""api_score"": 38.738373, ""raw_file"": ""raw_crossref\\Q08_outdoor_mapping_fusion.json"", ""raw_item_index"": 0}]"
,10.5194/egusphere-gc8-hydro-107,https://doi.org/10.5194/egusphere-gc8-hydro-107,Monitoring water turbidity with camera: a real scale experiment,Domenico Miglino; Khim Cathleen Saddi; Francesco Isgrò; Seifeddine Jomaa; Michael Rode; Salvatore Manfreda,2023,,posted-content,Copernicus GmbH,,,,,0,14,water_quality_monitoring,"[""water_quality_monitoring"", ""embedded_environmental_sensing""]",False,False,True,metadata_candidate,water_quality_monitoring;embedded_environmental_sensing,"[""env"", ""water"", ""sensor""]",1,"[{""query_id"": ""Q06"", ""query_rank"": 74, ""api_score"": 22.564346, ""raw_file"": ""raw_crossref\\Q06_robotic_water_quality.json"", ""raw_item_index"": 73}]"
,10.21070/pels.v2i2.1244,https://doi.org/10.21070/pels.v2i2.1244,Air Quality Monitoring System using Unmanned Aerial Vehicle (UAV) Quadcopter Type,Fariz Zulfiryansyah; Syamsudduha Syahrorini; M. Nizar Habibi,2022,Procedia of Engineering and Life Science,journal-article,Universitas Muhammadiyah Sidoarjo,2,2,,,0,14,particulate_air_quality,"[""particulate_air_quality"", ""embedded_environmental_sensing""]",False,False,True,metadata_candidate,particulate_air_quality;embedded_environmental_sensing,"[""env"", ""air"", ""sensor""]",1,"[{""query_id"": ""Q02"", ""query_rank"": 4, ""api_score"": 31.518373, ""raw_file"": ""raw_crossref\\Q02_ground_rover_air_quality.json"", ""raw_item_index"": 3}]"
,10.25791/esip.04.2020.1146,https://doi.org/10.25791/esip.04.2020.1146,ENVIRONMENTAL MONITORING PIPELINES OF USING MOBILE ROBOTS,И.В. Пожидаев,2020,Экологические системы и приборы,journal-article,The Publishing House &quot;NAUCHTEHLITIZDAT&quot;,,4,,,0,14,robotic_environmental_monitoring,"[""robotic_environmental_monitoring""]",False,False,True,metadata_candidate,robotic_environmental_monitoring,"[""robot"", ""env"", ""sensor""]",1,"[{""query_id"": ""Q01"", ""query_rank"": 218, ""api_score"": 17.700987, ""raw_file"": ""raw_crossref\\Q01_mobile_robot_environment.json"", ""raw_item_index"": 217}]"
,10.5194/egusphere-egu2020-3032,https://doi.org/10.5194/egusphere-egu2020-3032,Microcontrollers beyond Arduino: a stationary and a mobile environmental monitoring system,Daniel Beiter; Tobias Vetter; Markus Morgner; Carlo Seehaus; Stephan Schröder; Theresa Blume,2020,,posted-content,Copernicus GmbH,,,,,0,14,water_quality_monitoring,"[""water_quality_monitoring"", ""embedded_environmental_sensing""]",False,False,True,metadata_candidate,water_quality_monitoring;embedded_environmental_sensing,"[""env"", ""sensor"", ""embedded""]",1,"[{""query_id"": ""Q01"", ""query_rank"": 251, ""api_score"": 17.430593, ""raw_file"": ""raw_crossref\\Q01_mobile_robot_environment.json"", ""raw_item_index"": 250}]"
,10.1007/978-981-13-9217-7_16,https://doi.org/10.1007/978-981-13-9217-7_16,An Autonomous Vision System Based Sensor-Motor Coordination for Mobile Robot Navigation in an Outdoor Environment,Xiaochun Wang; Xiali Wang; Don Mitchell Wilkes,2019,Machine Learning-based Natural Scene Recognition for Mobile Robot Localization in An Unknown Environment,book-chapter,Springer Singapore,,,311-328,,0,14,outdoor_navigation_fusion,"[""outdoor_navigation_fusion""]",False,False,False,metadata_candidate,outdoor_navigation_fusion,"[""robot"", ""sensor"", ""nav"", ""outdoor""]",1,"[{""query_id"": ""Q08"", ""query_rank"": 40, ""api_score"": 28.525942, ""raw_file"": ""raw_crossref\\Q08_outdoor_mapping_fusion.json"", ""raw_item_index"": 39}]"
,10.1299/jsmermd.2019.1p1-r09,https://doi.org/10.1299/jsmermd.2019.1p1-r09,Integration of Look-Ahead Control and Multi-Sensor Fusion Capability for an Autonomous Mobile Robot under Outdoor Environment,Matthew Timothy PUA; Yoshio YAMAMOTO,2019,The Proceedings of JSME annual Conference on Robotics and Mechatronics (Robomec),journal-article,Japan Society of Mechanical Engineers,2019,0,1P1-R09,,0,14,outdoor_navigation_fusion,"[""outdoor_navigation_fusion""]",False,False,False,metadata_candidate,outdoor_navigation_fusion,"[""robot"", ""sensor"", ""nav"", ""outdoor""]",1,"[{""query_id"": ""Q08"", ""query_rank"": 27, ""api_score"": 29.413275, ""raw_file"": ""raw_crossref\\Q08_outdoor_mapping_fusion.json"", ""raw_item_index"": 26}]"
,10.33795/jartel.v8i1.164,https://doi.org/10.33795/jartel.v8i1.164,Design of Monitoring of Turbidity and Dissolved Solids in River Water,Pambudi Prasetyo,2019,Jurnal Jartel: Jurnal Jaringan Telekomunikasi,journal-article,Politeknik Negeri Malang,8,1,41-47,,0,14,water_quality_monitoring,"[""water_quality_monitoring"", ""embedded_environmental_sensing""]",False,False,True,metadata_candidate,water_quality_monitoring;embedded_environmental_sensing,"[""env"", ""water"", ""sensor""]",1,"[{""query_id"": ""Q06"", ""query_rank"": 145, ""api_score"": 21.311674, ""raw_file"": ""raw_crossref\\Q06_robotic_water_quality.json"", ""raw_item_index"": 144}]"
,10.32486/jeecae.v1i1.10,https://doi.org/10.32486/jeecae.v1i1.10,"Monitoring Perbandingan Kualitas Air Danau dan PDAM Menggunakan Sensor Turbidity, pH, dan Suhu berbasis Web",Sukamto Sukamto,2017,"JEECAE (Journal of Electrical, Electronics, Control, and Automotive Engineering)",journal-article,Politeknik Negeri Madiun,1,1,,,0,14,water_quality_monitoring,"[""water_quality_monitoring"", ""embedded_environmental_sensing""]",False,False,True,metadata_candidate,water_quality_monitoring;embedded_environmental_sensing,"[""env"", ""water"", ""sensor""]",1,"[{""query_id"": ""Q06"", ""query_rank"": 200, ""api_score"": 20.802889, ""raw_file"": ""raw_crossref\\Q06_robotic_water_quality.json"", ""raw_item_index"": 199}]"
,10.5220/0004711303600364,https://doi.org/10.5220/0004711303600364,Multiple Gas Sensors System for Environmental and Air Quality Assessments - A Way to Perform Environmental Monitoring in Smart Cities,,2014,Proceedings of the 3rd International Conference on Sensor Networks,proceedings-article,SCITEPRESS - Science and and Technology Publications,,,360-364,,0,14,particulate_air_quality,"[""particulate_air_quality""]",False,False,False,metadata_candidate,particulate_air_quality,"[""env"", ""air"", ""gas"", ""sensor""]",1,"[{""query_id"": ""Q05"", ""query_rank"": 167, ""api_score"": 22.97728, ""raw_file"": ""raw_crossref\\Q05_gas_sensor_calibration.json"", ""raw_item_index"": 166}]"
,10.1364/n3.2013.nsu1a.4,https://doi.org/10.1364/n3.2013.nsu1a.4,Tin oxide based gas sensor for in-door air quality monitoring,Lianfeng Zhu; Guosheng Gai; Changyue Zhang; Xuewen Ji; Youwei Yao,2013,International Photonics and Optoelectronics Meetings (POEM),proceedings-article,OSA,,,NSu1A.4,,0,14,particulate_air_quality,"[""particulate_air_quality""]",False,False,False,metadata_candidate,particulate_air_quality,"[""env"", ""air"", ""gas"", ""sensor""]",1,"[{""query_id"": ""Q05"", ""query_rank"": 127, ""api_score"": 23.348598, ""raw_file"": ""raw_crossref\\Q05_gas_sensor_calibration.json"", ""raw_item_index"": 126}]"
134,10.1109/idaacs-sws.2012.6377642,https://doi.org/10.1109/idaacs-sws.2012.6377642,A mobile wireless sensor network simulation framework for outdoor environmental monitoring applications,Mircea Ionel Strutu; Dan Popescu,2012,2012 IEEE 1st International Symposium on Wireless Systems (IDAACS-SWS),proceedings-article,IEEE,,,96-101,,0,14,embedded_environmental_sensing,"[""embedded_environmental_sensing""]",False,False,False,metadata_candidate,embedded_environmental_sensing,"[""env"", ""sensor"", ""outdoor"", ""embedded""]",1,"[{""query_id"": ""Q08"", ""query_rank"": 116, ""api_score"": 25.351336, ""raw_file"": ""raw_crossref\\Q08_outdoor_mapping_fusion.json"", ""raw_item_index"": 115}]"
,10.1109/navitec.2010.5708060,https://doi.org/10.1109/navitec.2010.5708060,Analysis of a sensor fusion hybrid solution for indoor/outdoor robot navigation,E. Marti; J. Garcia; J. M. Molina,2010,2010 5th ESA Workshop on Satellite Navigation Technologies and European Workshop on GNSS Signals and Signal Processing (NAVITEC),proceedings-article,IEEE,,,1-8,,0,14,outdoor_navigation_fusion,"[""outdoor_navigation_fusion""]",False,False,False,metadata_candidate,outdoor_navigation_fusion,"[""robot"", ""sensor"", ""nav"", ""outdoor""]",1,"[{""query_id"": ""Q08"", ""query_rank"": 156, ""api_score"": 24.56639, ""raw_file"": ""raw_crossref\\Q08_outdoor_mapping_fusion.json"", ""raw_item_index"": 155}]"
,10.1149/ma2008-02/50/3110,https://doi.org/10.1149/ma2008-02/50/3110,Odor Source Localization for Early Fire Detection by using MOS-type Gas Sensor Array with Infrared Vision,Yoshinori Takei; Toru Fuma; Hiroyuki Kawai; Michio Uneda; Hidehito Nanto; Shin Koyama,2008,ECS Meeting Abstracts,journal-article,The Electrochemical Society,MA2008-02,50,3110-3110,,0,14,gas_olfaction_mapping,"[""gas_olfaction_mapping""]",False,False,True,metadata_candidate,gas_olfaction_mapping,"[""env"", ""gas"", ""sensor"", ""nav""]",2,"[{""query_id"": ""Q03"", ""query_rank"": 475, ""api_score"": 21.106163, ""raw_file"": ""raw_crossref\\Q03_robotic_gas_mapping.json"", ""raw_item_index"": 474}]"
,10.1109/mra.2011.2181683,https://doi.org/10.1109/mra.2011.2181683,Robots for Environmental Monitoring: Significant Advancements and Applications,Matthew Dunbabin; Lino Marques,2012,IEEE Robotics & Automation Magazine,journal-article,Institute of Electrical and Electronics Engineers (IEEE),19,1,24-39,,633,13,robotic_environmental_monitoring,"[""robotic_environmental_monitoring""]",False,False,False,metadata_candidate,robotic_environmental_monitoring,"[""robot"", ""env"", ""sensor""]",1,"[{""query_id"": ""Q01"", ""query_rank"": 274, ""api_score"": 17.326946, ""raw_file"": ""raw_crossref\\Q01_mobile_robot_environment.json"", ""raw_item_index"": 273}, {""query_id"": ""Q10"", ""query_rank"": 160, ""api_score"": 17.211468, ""raw_file"": ""raw_crossref\\Q10_environmental_robotics_datasets.json"", ""raw_item_index"": 159}]"
,10.1109/robot.2004.1308026,https://doi.org/10.1109/robot.2004.1308026,Bacterium-inspired robots for environmental monitoring,A. Dhariwal; G.S. Sukhatme; A.A.G. Requicha,2004,"IEEE International Conference on Robotics and Automation, 2004. Proceedings. ICRA '04. 2004",proceedings-article,IEEE,,,1436-1443 Vol.2,,131,13,robotic_environmental_monitoring,"[""robotic_environmental_monitoring""]",False,False,False,metadata_candidate,robotic_environmental_monitoring,"[""robot"", ""env"", ""sensor""]",1,"[{""query_id"": ""Q10"", ""query_rank"": 197, ""api_score"": 16.986097, ""raw_file"": ""raw_crossref\\Q10_environmental_robotics_datasets.json"", ""raw_item_index"": 196}]"
135,10.1016/j.compag.2022.107410,https://doi.org/10.1016/j.compag.2022.107410,Navigation and control development for a four-wheel-steered mobile orchard robot using model-based design,Satyam Raikwar; Jens Fehrmann; Thomas Herlitzius,2022,Computers and Electronics in Agriculture,journal-article,Elsevier BV,202,,107410,107410,79,13,four_wheel_steering,"[""four_wheel_steering""]",False,False,False,metadata_candidate,four_wheel_steering,"[""robot"", ""steer"", ""nav""]",1,"[{""query_id"": ""Q07"", ""query_rank"": 308, ""api_score"": 25.440487, ""raw_file"": ""raw_crossref\\Q07_four_wheel_steering.json"", ""raw_item_index"": 307}]"
,10.1177/0278364919844575,https://doi.org/10.1177/0278364919844575,Sampling-based incremental information gathering with applications to robotic exploration and environmental monitoring,Maani Ghaffari Jadidi; Jaime Valls Miro; Gamini Dissanayake,2019,The International Journal of Robotics Research,journal-article,SAGE Publications,38,6,658-685,,61,13,robotic_environmental_monitoring,"[""robotic_environmental_monitoring""]",False,False,True,metadata_candidate,robotic_environmental_monitoring,"[""robot"", ""env"", ""sensor""]",1,"[{""query_id"": ""Q10"", ""query_rank"": 204, ""api_score"": 16.925123, ""raw_file"": ""raw_crossref\\Q10_environmental_robotics_datasets.json"", ""raw_item_index"": 203}]"
,10.1109/tcyb.2018.2879905,https://doi.org/10.1109/tcyb.2018.2879905,Mobile Robot Networks for Environmental Monitoring: A Cooperative Receding Horizon Temporal Logic Control Approach,Qiang Lu; Qing-Long Han,2019,IEEE Transactions on Cybernetics,journal-article,Institute of Electrical and Electronics Engineers (IEEE),49,2,698-711,,43,13,robotic_environmental_monitoring,"[""robotic_environmental_monitoring""]",False,False,False,metadata_candidate,robotic_environmental_monitoring,"[""robot"", ""env"", ""sensor""]",1,"[{""query_id"": ""Q01"", ""query_rank"": 13, ""api_score"": 21.660902, ""raw_file"": ""raw_crossref\\Q01_mobile_robot_environment.json"", ""raw_item_index"": 12}]"
,10.1016/j.envpol.2020.115363,https://doi.org/10.1016/j.envpol.2020.115363,Long-term calibration models to estimate ozone concentrations with a metal oxide sensor,Tofigh Sayahi; Alicia Garff; Timothy Quah; Katrina Lê; Thomas Becnel; Kody M. Powell; Pierre-Emmanuel Gaillardon; Anthony E. Butterfield; Kerry E. Kelly,2020,Environmental Pollution,journal-article,Elsevier BV,267,,115363,115363,28,13,gas_sensor_calibration,"[""gas_sensor_calibration""]",False,False,False,metadata_candidate,gas_sensor_calibration,"[""gas"", ""calib"", ""sensor""]",1,"[{""query_id"": ""Q05"", ""query_rank"": 25, ""api_score"": 26.773115, ""raw_file"": ""raw_crossref\\Q05_gas_sensor_calibration.json"", ""raw_item_index"": 24}]"
,10.1108/ir-12-2022-0316,https://doi.org/10.1108/ir-12-2022-0316,The role of robots in environmental monitoring,Robert Bogue,2023,Industrial Robot: the international journal of robotics research and application,journal-article,Emerald,50,3,369-375,,27,13,robotic_environmental_monitoring,"[""robotic_environmental_monitoring""]",False,False,True,metadata_candidate,robotic_environmental_monitoring,"[""robot"", ""env"", ""sensor""]",1,"[{""query_id"": ""Q01"", ""query_rank"": 361, ""api_score"": 16.921377, ""raw_file"": ""raw_crossref\\Q01_mobile_robot_environment.json"", ""raw_item_index"": 360}, {""query_id"": ""Q10"", ""query_rank"": 230, ""api_score"": 16.824253, ""raw_file"": ""raw_crossref\\Q10_environmental_robotics_datasets.json"", ""raw_item_index"": 229}]"
136,10.1088/1361-6501/ac17fb,https://doi.org/10.1088/1361-6501/ac17fb,GNSS/INS/ODO/wheel angle integrated navigation algorithm for an all-wheel steering robot,Zaixing Zhang; Xiaoji Niu; Hailiang Tang; Qijin Chen; Tisheng Zhang,2021,Measurement Science and Technology,journal-article,IOP Publishing,32,11,115122,,27,13,four_wheel_steering,"[""four_wheel_steering""]",False,False,True,metadata_candidate,four_wheel_steering,"[""robot"", ""steer"", ""nav""]",1,"[{""query_id"": ""Q07"", ""query_rank"": 385, ""api_score"": 24.632, ""raw_file"": ""raw_crossref\\Q07_four_wheel_steering.json"", ""raw_item_index"": 384}]"
,10.1109/icma.2016.7558636,https://doi.org/10.1109/icma.2016.7558636,Autonomous environmental monitoring by self-powered biohybrid robot,Kan Shoji; Keisuke Morishima; Yoshitake Akiyama; Nobuhumi Nakamura; Hiroyuki Ohno,2016,2016 IEEE International Conference on Mechatronics and Automation,proceedings-article,IEEE,,,629-634,,24,13,robotic_environmental_monitoring,"[""robotic_environmental_monitoring""]",False,False,False,metadata_candidate,robotic_environmental_monitoring,"[""robot"", ""env"", ""sensor""]",1,"[{""query_id"": ""Q01"", ""query_rank"": 309, ""api_score"": 17.141052, ""raw_file"": ""raw_crossref\\Q01_mobile_robot_environment.json"", ""raw_item_index"": 308}]"
,10.1109/mra.2012.2186482,https://doi.org/10.1109/mra.2012.2186482,Robotics for Environmental Monitoring [From the Guest Editors],Matthew Dunbabin; Lino Marques,2012,IEEE Robotics & Automation Magazine,journal-article,Institute of Electrical and Electronics Engineers (IEEE),19,1,20-23,,24,13,robotic_environmental_monitoring,"[""robotic_environmental_monitoring""]",False,False,False,metadata_candidate,robotic_environmental_monitoring,"[""robot"", ""env"", ""sensor""]",1,"[{""query_id"": ""Q01"", ""query_rank"": 273, ""api_score"": 17.33136, ""raw_file"": ""raw_crossref\\Q01_mobile_robot_environment.json"", ""raw_item_index"": 272}, {""query_id"": ""Q10"", ""query_rank"": 37, ""api_score"": 19.561733, ""raw_file"": ""raw_crossref\\Q10_environmental_robotics_datasets.json"", ""raw_item_index"": 36}]"
,10.1109/iros.2005.1545133,https://doi.org/10.1109/iros.2005.1545133,Environmental monitoring with mobile robots,L. Marques; A. Martins; A.T. de Almeida,2005,2005 IEEE/RSJ International Conference on Intelligent Robots and Systems,proceedings-article,IEEE,,,3624-3629,,23,13,robotic_environmental_monitoring,"[""robotic_environmental_monitoring""]",False,False,False,metadata_candidate,robotic_environmental_monitoring,"[""robot"", ""env"", ""sensor""]",1,"[{""query_id"": ""Q01"", ""query_rank"": 252, ""api_score"": 17.430593, ""raw_file"": ""raw_crossref\\Q01_mobile_robot_environment.json"", ""raw_item_index"": 251}]"
,10.1109/tro.2019.2936747,https://doi.org/10.1109/tro.2019.2936747,Distributed Environmental Monitoring With Finite Element Robots,Matthew L. Elwin; Randy A. Freeman; Kevin M. Lynch,2020,IEEE Transactions on Robotics,journal-article,Institute of Electrical and Electronics Engineers (IEEE),36,2,380-398,,15,13,robotic_environmental_monitoring,"[""robotic_environmental_monitoring""]",False,False,False,metadata_candidate,robotic_environmental_monitoring,"[""robot"", ""env"", ""sensor""]",1,"[{""query_id"": ""Q01"", ""query_rank"": 459, ""api_score"": 16.467073, ""raw_file"": ""raw_crossref\\Q01_mobile_robot_environment.json"", ""raw_item_index"": 458}, {""query_id"": ""Q10"", ""query_rank"": 310, ""api_score"": 16.373253, ""raw_file"": ""raw_crossref\\Q10_environmental_robotics_datasets.json"", ""raw_item_index"": 309}]"
,10.1109/icra46639.2022.9811673,https://doi.org/10.1109/icra46639.2022.9811673,Multi-Robot Persistent Environmental Monitoring Based on Constraint-Driven Execution of Learned Robot Tasks,Gennaro Notomista; Claudio Pacchierotti; Paolo Robuffo Giordano,2022,2022 International Conference on Robotics and Automation (ICRA),proceedings-article,IEEE,,,6853-6859,,14,13,robotic_environmental_monitoring,"[""robotic_environmental_monitoring""]",False,False,False,metadata_candidate,robotic_environmental_monitoring,"[""robot"", ""env"", ""sensor""]",1,"[{""query_id"": ""Q01"", ""query_rank"": 117, ""api_score"": 18.87944, ""raw_file"": ""raw_crossref\\Q01_mobile_robot_environment.json"", ""raw_item_index"": 116}, {""query_id"": ""Q10"", ""query_rank"": 305, ""api_score"": 16.389265, ""raw_file"": ""raw_crossref\\Q10_environmental_robotics_datasets.json"", ""raw_item_index"": 304}]"
,10.1139/juvs-2020-0036,https://doi.org/10.1139/juvs-2020-0036,Design and development of autonomous amphibious unmanned aerial vehicle for in situ water quality assessment and water sampling,Dinesh Manoharan; C. Gajendran; M.K. Padmanabhan; S. Vignesh; S. Rajesh; G.D. Bhuvaneshwaran,2021,Journal of Unmanned Vehicle Systems,journal-article,Canadian Science Publishing,9,3,182-204,,14,13,water_quality_monitoring,"[""water_quality_monitoring""]",False,False,True,metadata_candidate,water_quality_monitoring,"[""env"", ""water"", ""sampling""]",1,"[{""query_id"": ""Q02"", ""query_rank"": 265, ""api_score"": 23.645517, ""raw_file"": ""raw_crossref\\Q02_ground_rover_air_quality.json"", ""raw_item_index"": 264}]"
,10.1002/adfm.202303745,https://doi.org/10.1002/adfm.202303745,Scarab Beetle‐Inspired Embodied‐Energy Membranous‐Wing Robot with Flapping‐Collision Piezo‐Mechanoreception and Mobile Environmental Monitoring,Kaiyu Hou; Ting Tan; Zhemin Wang; Benlong Wang; Zhimiao Yan,2023,Advanced Functional Materials,journal-article,Wiley,34,10,,2303745,13,13,robotic_environmental_monitoring,"[""robotic_environmental_monitoring""]",False,False,True,metadata_candidate,robotic_environmental_monitoring,"[""robot"", ""env"", ""sensor""]",1,"[{""query_id"": ""Q01"", ""query_rank"": 40, ""api_score"": 20.42009, ""raw_file"": ""raw_crossref\\Q01_mobile_robot_environment.json"", ""raw_item_index"": 39}]"
137,10.3182/20130410-3-cn-2034.00092,https://doi.org/10.3182/20130410-3-cn-2034.00092,Mechatronic Design of a Four Wheel Steering Mobile Robot with Fault-Tolerant Odometry Feedback,Reza Oftadeh; Mohammad M. Aref; Reza Ghabcheloo; Jouni Mattila,2013,IFAC Proceedings Volumes,journal-article,Elsevier BV,46,5,663-669,,13,13,four_wheel_steering,"[""four_wheel_steering""]",False,False,False,metadata_candidate,four_wheel_steering,"[""robot"", ""steer"", ""nav""]",1,"[{""query_id"": ""Q07"", ""query_rank"": 33, ""api_score"": 33.937645, ""raw_file"": ""raw_crossref\\Q07_four_wheel_steering.json"", ""raw_item_index"": 32}]"
,10.1109/robio.2014.7090590,https://doi.org/10.1109/robio.2014.7090590,Design of operating software and electrical system of mobile robot for environmental monitoring,Katsuaki Tanaka; Hiroyuki Ishii; Shinichi Kinoshita; Qing Shi; Hikaru Sugita; Satoshi Okabayashi; Yusuke Sugahara; Atsuo Takanishi,2014,2014 IEEE International Conference on Robotics and Biomimetics (ROBIO 2014),proceedings-article,IEEE,,,1763-1768,,12,13,robotic_environmental_monitoring,"[""robotic_environmental_monitoring""]",False,False,False,metadata_candidate,robotic_environmental_monitoring,"[""robot"", ""env"", ""sensor""]",1,"[{""query_id"": ""Q01"", ""query_rank"": 56, ""api_score"": 19.981226, ""raw_file"": ""raw_crossref\\Q01_mobile_robot_environment.json"", ""raw_item_index"": 55}]"
,10.1109/robio.2011.6181275,https://doi.org/10.1109/robio.2011.6181275,An intelligent environmental monitoring system based on autonomous mobile robot,Junjun Wu; Zhonghui Huang; Yisheng Guan; Chuanwu Cai; Qinghui Wang; Zhiguang Xiao; Zhifang Zheng; Hong Zhang; Xianmin Zhang,2011,2011 IEEE International Conference on Robotics and Biomimetics,proceedings-article,IEEE,,,138-143,,9,13,robotic_environmental_monitoring,"[""robotic_environmental_monitoring""]",False,False,False,metadata_candidate,robotic_environmental_monitoring,"[""robot"", ""env"", ""sensor""]",1,"[{""query_id"": ""Q01"", ""query_rank"": 32, ""api_score"": 20.648933, ""raw_file"": ""raw_crossref\\Q01_mobile_robot_environment.json"", ""raw_item_index"": 31}]"
,10.1109/lcsys.2021.3110940,https://doi.org/10.1109/lcsys.2021.3110940,Online Robot Trajectory Optimization for Persistent Environmental Monitoring,Gennaro Notomista; Claudio Pacchierotti; Paolo Robuffo Giordano,2022,IEEE Control Systems Letters,journal-article,Institute of Electrical and Electronics Engineers (IEEE),6,,1472-1477,,8,13,robotic_environmental_monitoring,"[""robotic_environmental_monitoring""]",False,False,False,metadata_candidate,robotic_environmental_monitoring,"[""robot"", ""env"", ""sensor""]",1,"[{""query_id"": ""Q01"", ""query_rank"": 312, ""api_score"": 17.118063, ""raw_file"": ""raw_crossref\\Q01_mobile_robot_environment.json"", ""raw_item_index"": 311}]"
,10.1007/978-3-030-36150-1_28,https://doi.org/10.1007/978-3-030-36150-1_28,Indoor Environment Monitoring in Search of Gas Leakage by Mobile Robot,João Braun; Luis Piardi; Thadeu Brito; José Lima; Ana Pereira; Paulo Costa; Alberto Nakano,2019,Advances in Intelligent Systems and Computing Robot 2019: Fourth Iberian Robotics Conference,book-chapter,Springer International Publishing,,,339-350,,7,13,robotic_environmental_monitoring,"[""robotic_environmental_monitoring""]",False,False,False,metadata_candidate,robotic_environmental_monitoring,"[""robot"", ""env"", ""sensor""]",1,"[{""query_id"": ""Q01"", ""query_rank"": 369, ""api_score"": 16.85975, ""raw_file"": ""raw_crossref\\Q01_mobile_robot_environment.json"", ""raw_item_index"": 368}]"
138,10.22616/erdev2018.17.n503,https://doi.org/10.22616/erdev2018.17.n503,Soil sampling automation case-study using unmanned ground vehicle,Eero Vaeljaots; Henri Lehiste; Meelik Kiik; Tonu Leemet,2018,Engineering for Rural Development,proceedings-article,Latvia University of Agriculture,,,,,7,13,robotic_sampling,"[""robotic_sampling""]",False,False,False,metadata_candidate,robotic_sampling,"[""robot"", ""outdoor"", ""sampling""]",1,"[{""query_id"": ""Q02"", ""query_rank"": 336, ""api_score"": 23.255608, ""raw_file"": ""raw_crossref\\Q02_ground_rover_air_quality.json"", ""raw_item_index"": 335}]"
,10.18494/sam.2020.2413,https://doi.org/10.18494/sam.2020.2413,Indoor Environmental Monitoring System Using a Robot Vacuum Cleaner,Kazutoshi Noda; Hidenobu Aizawa,2020,Sensors and Materials,journal-article,MYU K.K.,32,3,1133,,6,13,robotic_environmental_monitoring,"[""robotic_environmental_monitoring""]",False,False,False,metadata_candidate,robotic_environmental_monitoring,"[""robot"", ""env"", ""sensor""]",1,"[{""query_id"": ""Q01"", ""query_rank"": 139, ""api_score"": 18.565058, ""raw_file"": ""raw_crossref\\Q01_mobile_robot_environment.json"", ""raw_item_index"": 138}]"
,10.1109/oceansap.2016.7485333,https://doi.org/10.1109/oceansap.2016.7485333,MARS: A simulation environment for marine swarm robotics and environmental monitoring,Thomas Tosik; Jasper Schwinghammer; Mandy Jane Feldvos; John Paul Jonte; Arne Brech; Erik Maehle,2016,OCEANS 2016 - Shanghai,proceedings-article,IEEE,,,1-6,,6,13,robotic_environmental_monitoring,"[""robotic_environmental_monitoring""]",False,False,False,metadata_candidate,robotic_environmental_monitoring,"[""robot"", ""env"", ""sensor""]",1,"[{""query_id"": ""Q10"", ""query_rank"": 281, ""api_score"": 16.533918, ""raw_file"": ""raw_crossref\\Q10_environmental_robotics_datasets.json"", ""raw_item_index"": 280}]"
139,10.2316/j.2021.206-0368,https://doi.org/10.2316/j.2021.206-0368,NAVIGATION MODEL FOR FOUR-WHEEL MOBILE ROBOT: A BOND GRAPH AND ROBOT OPERATING SYSTEM APPROACH,Rajmeet Singh∗; Tarun K. Bera∗,2021,International Journal of Robotics and Automation,journal-article,ACTA Press,36,5,,,5,13,four_wheel_steering,"[""four_wheel_steering""]",False,False,False,metadata_candidate,four_wheel_steering,"[""robot"", ""steer"", ""nav""]",1,"[{""query_id"": ""Q07"", ""query_rank"": 109, ""api_score"": 29.763535, ""raw_file"": ""raw_crossref\\Q07_four_wheel_steering.json"", ""raw_item_index"": 108}]"
,10.1145/2783449.2783458,https://doi.org/10.1145/2783449.2783458,Design and development of a mobile robot for environment monitoring in underground coal mines,Dip N. Ray; S. Majumder; Atanu Maity; Biplab Roy; Sankar Karmakar,2015,Proceedings of the 2015 Conference on Advances In Robotics,proceedings-article,ACM,,,1-7,,5,13,robotic_environmental_monitoring,"[""robotic_environmental_monitoring""]",False,False,False,metadata_candidate,robotic_environmental_monitoring,"[""robot"", ""env"", ""sensor""]",1,"[{""query_id"": ""Q01"", ""query_rank"": 387, ""api_score"": 16.773819, ""raw_file"": ""raw_crossref\\Q01_mobile_robot_environment.json"", ""raw_item_index"": 386}]"
,10.1109/icra55743.2025.11127963,https://doi.org/10.1109/icra55743.2025.11127963,RaccoonBot: An Autonomous Wire-Traversing Solar-Tracking Robot for Persistent Environmental Monitoring,Efrain Mendez-Flores; Agaton Pourshahidi; Magnus Egerstedt,2025,2025 IEEE International Conference on Robotics and Automation (ICRA),proceedings-article,IEEE,,,15299-15305,,4,13,robotic_environmental_monitoring,"[""robotic_environmental_monitoring""]",False,False,False,metadata_candidate,robotic_environmental_monitoring,"[""robot"", ""env"", ""sensor""]",1,"[{""query_id"": ""Q01"", ""query_rank"": 415, ""api_score"": 16.64607, ""raw_file"": ""raw_crossref\\Q01_mobile_robot_environment.json"", ""raw_item_index"": 414}, {""query_id"": ""Q10"", ""query_rank"": 280, ""api_score"": 16.55536, ""raw_file"": ""raw_crossref\\Q10_environmental_robotics_datasets.json"", ""raw_item_index"": 279}]"
,10.1109/cac.2017.8243287,https://doi.org/10.1109/cac.2017.8243287,Dynamic pollutant plume front tracking and monitoring by a single mobile robot,Jun-Wei Wang; Yi Guo; Lan Zhang,2017,2017 Chinese Automation Congress (CAC),proceedings-article,IEEE,,,2987-2992,,4,13,robotic_environmental_monitoring,"[""robotic_environmental_monitoring""]",False,False,False,metadata_candidate,robotic_environmental_monitoring,"[""robot"", ""env"", ""sensor""]",1,"[{""query_id"": ""Q01"", ""query_rank"": 95, ""api_score"": 19.244183, ""raw_file"": ""raw_crossref\\Q01_mobile_robot_environment.json"", ""raw_item_index"": 94}]"
,10.1163/156855302320535827,https://doi.org/10.1163/156855302320535827,Environmental monitoring robots for nuclear emergencies,Masato Otaki,2002,Advanced Robotics,journal-article,Informa UK Limited,16,6,501-504,,4,13,robotic_environmental_monitoring,"[""robotic_environmental_monitoring""]",False,False,False,metadata_candidate,robotic_environmental_monitoring,"[""robot"", ""env"", ""sensor""]",1,"[{""query_id"": ""Q10"", ""query_rank"": 12, ""api_score"": 20.956165, ""raw_file"": ""raw_crossref\\Q10_environmental_robotics_datasets.json"", ""raw_item_index"": 11}]"
,10.1016/j.rineng.2025.107796,https://doi.org/10.1016/j.rineng.2025.107796,RobôFrango: Proof of concept of a mobile biosensor robot for environmental monitoring in broiler houses,Glauber da Rocha Balthazar; Robson Mateus Freitas Silveira; Thauane Cordeiro Soares; Iran José Oliveira da Silva,2025,Results in Engineering,journal-article,Elsevier BV,28,,107796,107796,3,13,robotic_environmental_monitoring,"[""robotic_environmental_monitoring""]",False,False,False,metadata_candidate,robotic_environmental_monitoring,"[""robot"", ""env"", ""sensor""]",1,"[{""query_id"": ""Q01"", ""query_rank"": 61, ""api_score"": 19.94171, ""raw_file"": ""raw_crossref\\Q01_mobile_robot_environment.json"", ""raw_item_index"": 60}]"
,10.1115/imece2007-41385,https://doi.org/10.1115/imece2007-41385,Using a 2D Laser Range Finder for Environment Monitoring by an Autonomous Mobile Robot,Claudio Marotta; Annalisa Milella; Grazia Cicirelli; Arcangelo Distante,2007,"Volume 9: Mechanical Systems and Control, Parts A, B, and C",proceedings-article,ASMEDC,,,799-806,,3,13,robotic_environmental_monitoring,"[""robotic_environmental_monitoring""]",False,False,True,metadata_candidate,robotic_environmental_monitoring,"[""robot"", ""env"", ""sensor""]",1,"[{""query_id"": ""Q01"", ""query_rank"": 337, ""api_score"": 16.984627, ""raw_file"": ""raw_crossref\\Q01_mobile_robot_environment.json"", ""raw_item_index"": 336}]"
140,10.1016/j.ifacol.2025.10.252,https://doi.org/10.1016/j.ifacol.2025.10.252,Integrated-Kinematic Modeling and Autonomous Navigation Performance Analysis of Four-Wheel Independent Steering Mobile Robot,Seungmin Kim; Youngeun Song,2025,IFAC-PapersOnLine,journal-article,Elsevier BV,59,18,391-396,,2,13,four_wheel_steering,"[""four_wheel_steering""]",False,False,False,metadata_candidate,four_wheel_steering,"[""robot"", ""steer"", ""nav""]",1,"[{""query_id"": ""Q07"", ""query_rank"": 2, ""api_score"": 43.23964, ""raw_file"": ""raw_crossref\\Q07_four_wheel_steering.json"", ""raw_item_index"": 1}]"
,10.1109/icinfa.2015.7279382,https://doi.org/10.1109/icinfa.2015.7279382,Development of a remote-controlled mobile robot with binocular vision for environment monitoring,Hao Li; Bing Li; Wenfu Xu,2015,2015 IEEE International Conference on Information and Automation,proceedings-article,IEEE,,,737-742,,2,13,robotic_environmental_monitoring,"[""robotic_environmental_monitoring""]",False,False,False,metadata_candidate,robotic_environmental_monitoring,"[""robot"", ""env"", ""sensor""]",1,"[{""query_id"": ""Q01"", ""query_rank"": 151, ""api_score"": 18.477982, ""raw_file"": ""raw_crossref\\Q01_mobile_robot_environment.json"", ""raw_item_index"": 150}]"
,10.1109/iccar64901.2025.11073028,https://doi.org/10.1109/iccar64901.2025.11073028,Optimal Sampling Patterns for Robotic Environmental Monitoring,Ivar-Kristian Waarum; Ann E. A. Blomberg; Thomas R. Krogstad; Marius Dewar; Kai Olav Ellefsen,2025,"2025 11th International Conference on Control, Automation and Robotics (ICCAR)",proceedings-article,IEEE,,,163-169,,1,13,robotic_environmental_monitoring,"[""robotic_environmental_monitoring""]",False,False,False,metadata_candidate,robotic_environmental_monitoring,"[""robot"", ""env"", ""sensor""]",1,"[{""query_id"": ""Q10"", ""query_rank"": 432, ""api_score"": 15.795257, ""raw_file"": ""raw_crossref\\Q10_environmental_robotics_datasets.json"", ""raw_item_index"": 431}]"
,10.1201/9781003490210-80,https://doi.org/10.1201/9781003490210-80,Smart Environmental Monitoring System Using Enhanced Bayes Bayesian Optimized Platform Robotics,Aashim Dhawan,2024,Advancing Sustainable Science and Technology for a Resilient Future,book-chapter,CRC Press,,,335-338,,1,13,robotic_environmental_monitoring,"[""robotic_environmental_monitoring""]",False,False,False,metadata_candidate,robotic_environmental_monitoring,"[""robot"", ""env"", ""sensor""]",1,"[{""query_id"": ""Q10"", ""query_rank"": 125, ""api_score"": 17.681087, ""raw_file"": ""raw_crossref\\Q10_environmental_robotics_datasets.json"", ""raw_item_index"": 124}]"
,10.1115/imece2022-96093,https://doi.org/10.1115/imece2022-96093,Design of a Low-Cost Autonomous Mobile Robot for Outdoor Applications,Cameron Morris; Vedang Chauhan,2022,"Volume 5: Dynamics, Vibration, and Control",proceedings-article,American Society of Mechanical Engineers,,,,V005T07A075,1,13,outdoor_navigation_fusion,"[""outdoor_navigation_fusion""]",False,False,True,metadata_candidate,outdoor_navigation_fusion,"[""robot"", ""outdoor"", ""embedded""]",1,"[{""query_id"": ""Q08"", ""query_rank"": 233, ""api_score"": 23.515759, ""raw_file"": ""raw_crossref\\Q08_outdoor_mapping_fusion.json"", ""raw_item_index"": 232}]"
,10.1145/1957656.1957696,https://doi.org/10.1145/1957656.1957696,Designing interruptive behaviors of a public environmental monitoring robot,Vanessa Evers; Roelof de Vries; Paulo Alvito,2011,Proceedings of the 6th international conference on Human-robot interaction,proceedings-article,ACM,,,131-132,,1,13,robotic_environmental_monitoring,"[""robotic_environmental_monitoring""]",False,False,False,metadata_candidate,robotic_environmental_monitoring,"[""robot"", ""env"", ""sensor""]",1,"[{""query_id"": ""Q01"", ""query_rank"": 94, ""api_score"": 19.266483, ""raw_file"": ""raw_crossref\\Q01_mobile_robot_environment.json"", ""raw_item_index"": 93}]"
,10.1007/978-3-032-34384-0_22,https://doi.org/10.1007/978-3-032-34384-0_22,Robotics in Environmental Monitoring of Surface Water Bodies,Vladimir Malyshev; Rosa Mikhailenko; Alexey Martynov; Nikita Zatsepin; Georgy Piskunov,2026,Lecture Notes in Computer Science Interactive Collaborative Robotics,book-chapter,Springer Nature Switzerland,,,284-294,,0,13,robotic_environmental_monitoring,"[""robotic_environmental_monitoring""]",False,False,False,metadata_candidate,robotic_environmental_monitoring,"[""robot"", ""env"", ""sensor""]",1,"[{""query_id"": ""Q10"", ""query_rank"": 457, ""api_score"": 15.748102, ""raw_file"": ""raw_crossref\\Q10_environmental_robotics_datasets.json"", ""raw_item_index"": 456}]"
141,10.1109/rap.2026.3676941,https://doi.org/10.1109/rap.2026.3676941,Design and Integration of a Compact Mobile Outdoor Soil Sampling Agricultural Robot,Christopher Masuo; Peter Wang; Andrzej Nycz; Udaya C Kalluri,2026,IEEE Robotics and Automation Practice,journal-article,Institute of Electrical and Electronics Engineers (IEEE),1,,71-75,,0,13,robotic_sampling,"[""robotic_sampling""]",False,False,False,metadata_candidate,robotic_sampling,"[""robot"", ""outdoor"", ""sampling""]",1,"[{""query_id"": ""Q08"", ""query_rank"": 352, ""api_score"": 22.351772, ""raw_file"": ""raw_crossref\\Q08_outdoor_mapping_fusion.json"", ""raw_item_index"": 351}, {""query_id"": ""Q09"", ""query_rank"": 243, ""api_score"": 21.104288, ""raw_file"": ""raw_crossref\\Q09_robotic_sampling.json"", ""raw_item_index"": 242}]"
,10.14419/ykbvzx77,https://doi.org/10.14419/ykbvzx77,Integrated MOS Sensor Arrays: Multi-Gas Detection onA Single ‎Chip for Environmental Monitoring,Amrutha Sampath,2026,International Journal of Basic and Applied Sciences,journal-article,Science Publishing Corporation,14,8,676-684,,0,13,particulate_air_quality,"[""particulate_air_quality"", ""gas_sensor_calibration""]",False,False,True,metadata_candidate,particulate_air_quality;gas_sensor_calibration,"[""env"", ""sensor""]",1,"[{""query_id"": ""Q05"", ""query_rank"": 273, ""api_score"": 21.888817, ""raw_file"": ""raw_crossref\\Q05_gas_sensor_calibration.json"", ""raw_item_index"": 272}]"
,10.15302/j-fase-2026674,https://doi.org/10.15302/j-fase-2026674,A hybrid prediction model based on decomposition algorithm and sample entropy-weighted attention mechanism for mobile robot agricultural environment monitoring,,2026,ENGINEERING Agriculture,journal-article,China Engineering Science Press Co. Ltd.,13,4,26674,,0,13,robotic_environmental_monitoring,"[""robotic_environmental_monitoring""]",False,False,False,metadata_candidate,robotic_environmental_monitoring,"[""robot"", ""env"", ""sensor""]",1,"[{""query_id"": ""Q01"", ""query_rank"": 126, ""api_score"": 18.777431, ""raw_file"": ""raw_crossref\\Q01_mobile_robot_environment.json"", ""raw_item_index"": 125}]"
,10.4018/979-8-2600-0701-3.ch003,https://doi.org/10.4018/979-8-2600-0701-3.ch003,ROS-Based Mobile Robot for Environmental Monitoring and Data Analysis,Ka Chung Lai; Aquil Mirza Mohammed; Hewa Majeed Zangana,2026,Advances in Computational Intelligence and Robotics Real-Time Robotics With IoT and Edge AI,book-chapter,IGI Global Scientific Publishing,,,59-92,,0,13,robotic_environmental_monitoring,"[""robotic_environmental_monitoring""]",False,False,True,metadata_candidate,robotic_environmental_monitoring,"[""robot"", ""env"", ""sensor""]",1,"[{""query_id"": ""Q01"", ""query_rank"": 102, ""api_score"": 19.126408, ""raw_file"": ""raw_crossref\\Q01_mobile_robot_environment.json"", ""raw_item_index"": 101}, {""query_id"": ""Q10"", ""query_rank"": 313, ""api_score"": 16.365465, ""raw_file"": ""raw_crossref\\Q10_environmental_robotics_datasets.json"", ""raw_item_index"": 312}]"
,10.56726/irjmets90333,https://doi.org/10.56726/irjmets90333,Smart Environmental Monitoring Robot,,2026,International Research Journal of Modernization in Engineering Technology & Science,journal-article,International Research Journal of Modernization in Engineering Technology and Science,,,,,0,13,robotic_environmental_monitoring,"[""robotic_environmental_monitoring""]",False,False,False,metadata_candidate,robotic_environmental_monitoring,"[""robot"", ""env"", ""sensor""]",1,"[{""query_id"": ""Q01"", ""query_rank"": 58, ""api_score"": 19.96388, ""raw_file"": ""raw_crossref\\Q01_mobile_robot_environment.json"", ""raw_item_index"": 57}]"
,10.56726/irjmets98535,https://doi.org/10.56726/irjmets98535,AI-Enabled Smart Assistant Robot Using Raspberry Pi for Accident Detection And Environmental Monitoring,,2026,International Research Journal of Modernization in Engineering Technology & Science,journal-article,International Research Journal of Modernization in Engineering Technology and Science,,,,,0,13,robotic_environmental_monitoring,"[""robotic_environmental_monitoring""]",False,False,False,metadata_candidate,robotic_environmental_monitoring,"[""robot"", ""env"", ""sensor""]",1,"[{""query_id"": ""Q01"", ""query_rank"": 275, ""api_score"": 17.318535, ""raw_file"": ""raw_crossref\\Q01_mobile_robot_environment.json"", ""raw_item_index"": 274}]"
142,10.1109/ccdc65474.2025.11090895,https://doi.org/10.1109/ccdc65474.2025.11090895,A Path Planning Method for the Four-Wheel Steering Mobile Robot,Ming Huang; Yu Wen; Ze Liu; Ting Lan,2025,2025 37th Chinese Control and Decision Conference (CCDC),proceedings-article,IEEE,,,5293-5298,,0,13,four_wheel_steering,"[""four_wheel_steering""]",False,False,False,metadata_candidate,four_wheel_steering,"[""robot"", ""steer"", ""nav""]",1,"[{""query_id"": ""Q07"", ""query_rank"": 15, ""api_score"": 36.93957, ""raw_file"": ""raw_crossref\\Q07_four_wheel_steering.json"", ""raw_item_index"": 14}]"
,10.1109/icirca65293.2025.11089905,https://doi.org/10.1109/icirca65293.2025.11089905,Enviro Guard: A Bluetooth-Controlled Sensing Robot for Environmental Monitoring and Human-Robot Interaction,R. Brindha; A. Bharath; VKSM. Sanjeevi; V John Sukumar; Akash Kasagani; U. Ganesh Naidu,2025,2025 6th International Conference on Inventive Research in Computing Applications (ICIRCA),proceedings-article,IEEE,,,304-312,,0,13,robotic_environmental_monitoring,"[""robotic_environmental_monitoring""]",False,False,False,metadata_candidate,robotic_environmental_monitoring,"[""robot"", ""env"", ""sensor""]",1,"[{""query_id"": ""Q01"", ""query_rank"": 315, ""api_score"": 17.089437, ""raw_file"": ""raw_crossref\\Q01_mobile_robot_environment.json"", ""raw_item_index"": 314}]"
143,10.1109/icras65818.2025.11108938,https://doi.org/10.1109/icras65818.2025.11108938,Visual Servoing Control Algorithms for a Crop Row Navigation of a Four-Wheel Steering Robot,Carlos Avila; Celso De-La-Cruz; Joaquin Gonzalez; Erik Vilcarromero; Miguel Cataño,2025,2025 9th International Conference on Robotics and Automation Sciences (ICRAS),proceedings-article,IEEE,,,1-6,,0,13,four_wheel_steering,"[""four_wheel_steering""]",False,False,False,metadata_candidate,four_wheel_steering,"[""robot"", ""steer"", ""nav""]",1,"[{""query_id"": ""Q07"", ""query_rank"": 208, ""api_score"": 27.258465, ""raw_file"": ""raw_crossref\\Q07_four_wheel_steering.json"", ""raw_item_index"": 207}]"
144,10.29327/9786527215080.1295033,https://doi.org/10.29327/9786527215080.1295033,Steering Controller and Odometry for Four-Wheel-Steering Robots,Walter Fetter Lages,2025,Proceedings of the VI Brazilian Humanoid Robot Workshop (BRAHUR) and the VII Brazilian Workshop on Service Robotics (BRASERO),proceedings-article,Even3,,,,,0,13,four_wheel_steering,"[""four_wheel_steering""]",False,False,False,metadata_candidate,four_wheel_steering,"[""robot"", ""steer"", ""nav""]",1,"[{""query_id"": ""Q07"", ""query_rank"": 38, ""api_score"": 33.5933, ""raw_file"": ""raw_crossref\\Q07_four_wheel_steering.json"", ""raw_item_index"": 37}]"
,10.1109/access.2024.3372403,https://doi.org/10.1109/access.2024.3372403,Non-Destructive Calibration Scheme for Online Monitoring Device of Metal Oxide Arrester,Xingang Wang; Wenjuan Dong; Yang Ding; Chunwei Song,2024,IEEE Access,journal-article,Institute of Electrical and Electronics Engineers (IEEE),12,,33536-33543,,0,13,gas_sensor_calibration,"[""gas_sensor_calibration""]",False,False,False,metadata_candidate,gas_sensor_calibration,"[""gas"", ""calib"", ""sensor""]",1,"[{""query_id"": ""Q05"", ""query_rank"": 64, ""api_score"": 24.67823, ""raw_file"": ""raw_crossref\\Q05_gas_sensor_calibration.json"", ""raw_item_index"": 63}]"
,10.1016/c2018-0-01886-1,https://doi.org/10.1016/c2018-0-01886-1,Multi-robot Exploration for Environmental Monitoring,,2020,,edited-book,Elsevier,,,,,0,13,robotic_environmental_monitoring,"[""robotic_environmental_monitoring""]",False,False,False,metadata_candidate,robotic_environmental_monitoring,"[""robot"", ""env"", ""sensor""]",1,"[{""query_id"": ""Q01"", ""query_rank"": 1, ""api_score"": 23.082207, ""raw_file"": ""raw_crossref\\Q01_mobile_robot_environment.json"", ""raw_item_index"": 0}]"
,10.7210/jrsj.36.23,https://doi.org/10.7210/jrsj.36.23,Autonomous Mobile Robot for Environmental Monitoring,Hiroyuki Ishii; Katsuaki Tanaka; Atsuo Takanishi,2018,Journal of the Robotics Society of Japan,journal-article,The Robotics Society of Japan,36,1,23-26,,0,13,robotic_environmental_monitoring,"[""robotic_environmental_monitoring""]",False,False,False,metadata_candidate,robotic_environmental_monitoring,"[""robot"", ""env"", ""sensor""]",1,"[{""query_id"": ""Q01"", ""query_rank"": 26, ""api_score"": 21.150953, ""raw_file"": ""raw_crossref\\Q01_mobile_robot_environment.json"", ""raw_item_index"": 25}, {""query_id"": ""Q10"", ""query_rank"": 119, ""api_score"": 17.802532, ""raw_file"": ""raw_crossref\\Q10_environmental_robotics_datasets.json"", ""raw_item_index"": 118}]"
,10.1109/eit.2016.7535301,https://doi.org/10.1109/eit.2016.7535301,Using Boolean networks for consensus in multi-robot environmental monitoring tasks,Hanzhong Zheng; Janyl Jumadinova,2016,2016 IEEE International Conference on Electro Information Technology (EIT),proceedings-article,IEEE,,,0565-0570,,0,13,robotic_environmental_monitoring,"[""robotic_environmental_monitoring""]",False,False,False,metadata_candidate,robotic_environmental_monitoring,"[""robot"", ""env"", ""sensor""]",1,"[{""query_id"": ""Q01"", ""query_rank"": 236, ""api_score"": 17.552637, ""raw_file"": ""raw_crossref\\Q01_mobile_robot_environment.json"", ""raw_item_index"": 235}]"
,10.3850/978-981-11-0783-2_308,https://doi.org/10.3850/978-981-11-0783-2_308,CloudBot1: Real Time Environmental Monitoring Internet of Robot (IoR),Anand Nayyar; Vikram Puri; Zdzislaw Polowski,2016,Proceedings of the 2016 Sixth International Conference on Advanced Computing & Communication Technologies,proceedings-article,Research Publishing Services,,,123-131,,0,13,robotic_environmental_monitoring,"[""robotic_environmental_monitoring""]",False,False,False,metadata_candidate,robotic_environmental_monitoring,"[""robot"", ""env"", ""sensor""]",1,"[{""query_id"": ""Q01"", ""query_rank"": 409, ""api_score"": 16.691898, ""raw_file"": ""raw_crossref\\Q01_mobile_robot_environment.json"", ""raw_item_index"": 408}]"
,10.1109/mra.2011.941109,https://doi.org/10.1109/mra.2011.941109,Special Issue on Robotics for Environmental Monitoring,,2011,IEEE Robotics & Automation Magazine,journal-article,Institute of Electrical and Electronics Engineers (IEEE),18,1,103-103,,0,13,robotic_environmental_monitoring,"[""robotic_environmental_monitoring""]",False,False,False,metadata_candidate,robotic_environmental_monitoring,"[""robot"", ""env"", ""sensor""]",1,"[{""query_id"": ""Q01"", ""query_rank"": 140, ""api_score"": 18.556482, ""raw_file"": ""raw_crossref\\Q01_mobile_robot_environment.json"", ""raw_item_index"": 139}, {""query_id"": ""Q10"", ""query_rank"": 15, ""api_score"": 20.767126, ""raw_file"": ""raw_crossref\\Q10_environmental_robotics_datasets.json"", ""raw_item_index"": 14}]"
,10.1109/icarcv.2010.5707942,https://doi.org/10.1109/icarcv.2010.5707942,Navigation of four-wheel-steering mobile robots using robust fault-tolerant sliding mode control,Madushanka Nishan Dharmaweera; Sui Yang Khoo; Zhihong Man,2010,2010 11th International Conference on Control Automation Robotics & Vision,proceedings-article,IEEE,,,1375-1380,,0,13,four_wheel_steering,"[""four_wheel_steering""]",False,False,False,metadata_candidate,four_wheel_steering,"[""robot"", ""steer"", ""nav""]",1,"[{""query_id"": ""Q07"", ""query_rank"": 153, ""api_score"": 28.407158, ""raw_file"": ""raw_crossref\\Q07_four_wheel_steering.json"", ""raw_item_index"": 152}]"
,10.1109/mra.2010.939741,https://doi.org/10.1109/mra.2010.939741,Robotics for Environmental Monitoring,,2010,IEEE Robotics & Automation Magazine,journal-article,Institute of Electrical and Electronics Engineers (IEEE),17,4,118-118,,0,13,robotic_environmental_monitoring,"[""robotic_environmental_monitoring""]",False,False,False,metadata_candidate,robotic_environmental_monitoring,"[""robot"", ""env"", ""sensor""]",1,"[{""query_id"": ""Q01"", ""query_rank"": 92, ""api_score"": 19.375628, ""raw_file"": ""raw_crossref\\Q01_mobile_robot_environment.json"", ""raw_item_index"": 91}, {""query_id"": ""Q10"", ""query_rank"": 6, ""api_score"": 21.507341, ""raw_file"": ""raw_crossref\\Q10_environmental_robotics_datasets.json"", ""raw_item_index"": 5}]"
145,10.1088/1361-6439/ac5b98,https://doi.org/10.1088/1361-6439/ac5b98,A review of MEMS-based metal oxide semiconductors gas sensor in Mainland China,Gaoqiang Niu; Fei Wang,2022,Journal of Micromechanics and Microengineering,journal-article,IOP Publishing,32,5,054003,,55,12,embedded_environmental_sensing,"[""embedded_environmental_sensing""]",True,False,True,metadata_candidate,embedded_environmental_sensing,"[""env"", ""gas"", ""sensor"", ""review""]",1,"[{""query_id"": ""Q05"", ""query_rank"": 263, ""api_score"": 22.030556, ""raw_file"": ""raw_crossref\\Q05_gas_sensor_calibration.json"", ""raw_item_index"": 262}]"
,10.3390/chemosensors14060143,https://doi.org/10.3390/chemosensors14060143,A Comprehensive Review of Algorithms for Drift Compensation in Metal Oxide Semiconductor Gas Sensor Arrays,Renbo Li; Zequn Li; Bundi Alfred Kofi; Juan Sun; Yaoyi He; Mingzhi Jiao,2026,Chemosensors,journal-article,MDPI AG,14,6,143,,5,12,gas_sensor_calibration,"[""gas_sensor_calibration""]",True,False,True,metadata_candidate,gas_sensor_calibration,"[""env"", ""gas"", ""sensor"", ""review""]",1,"[{""query_id"": ""Q05"", ""query_rank"": 337, ""api_score"": 21.499977, ""raw_file"": ""raw_crossref\\Q05_gas_sensor_calibration.json"", ""raw_item_index"": 336}]"
,10.3390/chemosensors14010016,https://doi.org/10.3390/chemosensors14010016,In-Vehicle Gas Sensing and Monitoring Using Electronic Noses Based on Metal Oxide Semiconductor MEMS Sensor Arrays: A Critical Review,Xu Lin; Ruiqin Tan; Wenfeng Shen; Dawu Lv; Weijie Song,2026,Chemosensors,journal-article,MDPI AG,14,1,16,,3,12,particulate_air_quality,"[""particulate_air_quality""]",True,False,True,metadata_candidate,particulate_air_quality,"[""env"", ""gas"", ""sensor"", ""review""]",1,"[{""query_id"": ""Q05"", ""query_rank"": 29, ""api_score"": 26.146736, ""raw_file"": ""raw_crossref\\Q05_gas_sensor_calibration.json"", ""raw_item_index"": 28}]"
,10.1108/sr-08-2025-0639,https://doi.org/10.1108/sr-08-2025-0639,Machine learning-enhanced metal oxide gas sensor arrays: a review of selectivity and performance improvements,Feng Liu; Zhen Liu; Xiang Zhang; Zongchen Liu; Yuan Liu,2025,Sensor Review,journal-article,Emerald,46,4,629-647,,3,12,gas_sensor_calibration,"[""gas_sensor_calibration""]",True,False,True,metadata_candidate,gas_sensor_calibration,"[""env"", ""gas"", ""sensor"", ""review""]",1,"[{""query_id"": ""Q05"", ""query_rank"": 116, ""api_score"": 23.462318, ""raw_file"": ""raw_crossref\\Q05_gas_sensor_calibration.json"", ""raw_item_index"": 115}]"
,10.5614/itb.ijp.2021.32.1.1,https://doi.org/10.5614/itb.ijp.2021.32.1.1,A Review of Mobile Robot Navigation System for Volcano Monitoring Application,Maria Evita,2021,Indonesian Journal of Physics,journal-article,The Institute for Research and Community Services (LPPM) ITB,32,1,1-11,,3,12,outdoor_navigation_fusion,"[""outdoor_navigation_fusion""]",True,False,True,metadata_candidate,outdoor_navigation_fusion,"[""robot"", ""sensor"", ""nav"", ""review""]",2,"[{""query_id"": ""Q01"", ""query_rank"": 71, ""api_score"": 19.78061, ""raw_file"": ""raw_crossref\\Q01_mobile_robot_environment.json"", ""raw_item_index"": 70}]"
,10.5614/ijp.v32i1.300,https://doi.org/10.5614/ijp.v32i1.300,A Review of Mobile Robot Navigation System for Volcano Monitoring Application,Maria Evita,2021,Indonesian Journal of Physics,journal-article,The Institute for Research and Community Services (LPPM) ITB,32,1,1-11,,0,12,outdoor_navigation_fusion,"[""outdoor_navigation_fusion""]",True,False,True,metadata_candidate,outdoor_navigation_fusion,"[""robot"", ""sensor"", ""nav"", ""review""]",2,"[{""query_id"": ""Q01"", ""query_rank"": 72, ""api_score"": 19.772133, ""raw_file"": ""raw_crossref\\Q01_mobile_robot_environment.json"", ""raw_item_index"": 71}]"
,10.1038/s41597-025-05993-8,https://doi.org/10.1038/s41597-025-05993-8,Long-term drift behavior in metal oxide gas sensor arrays: a one-year dataset from an electronic nose,Julius Wörner; Jonas Eimler; Miriam Pein-Hackelbusch,2025,Scientific Data,journal-article,Springer Science and Business Media LLC,12,1,,1628,34,12,gas_sensor_calibration,"[""gas_sensor_calibration""]",False,True,True,metadata_candidate,gas_sensor_calibration,"[""env"", ""gas"", ""sensor"", ""dataset""]",1,"[{""query_id"": ""Q05"", ""query_rank"": 259, ""api_score"": 22.041721, ""raw_file"": ""raw_crossref\\Q05_gas_sensor_calibration.json"", ""raw_item_index"": 258}]"
146,10.3390/su18136867,https://doi.org/10.3390/su18136867,From Benchmark Accuracy to Field Performance: Hybrid Deep Learning-Based Plant Disease Classification with IoT-Enabled Environmental Monitoring,Jalampelli Thirupathi; Nandagopal Malarvizhi; Potula Sree Brahmanandam,2026,Sustainability,journal-article,MDPI AG,18,13,6867,,0,12,embedded_environmental_sensing,"[""embedded_environmental_sensing""]",False,True,True,metadata_candidate,embedded_environmental_sensing,"[""env"", ""sensor"", ""embedded"", ""dataset""]",1,"[{""query_id"": ""Q10"", ""query_rank"": 90, ""api_score"": 18.24784, ""raw_file"": ""raw_crossref\\Q10_environmental_robotics_datasets.json"", ""raw_item_index"": 89}]"
147,10.3390/chemosensors5020017,https://doi.org/10.3390/chemosensors5020017,Two-Dimensional Zinc Oxide Nanostructures for Gas Sensor Applications,Salvatore Leonardi,2017,Chemosensors,journal-article,MDPI AG,5,2,17,,176,12,embedded_environmental_sensing,"[""embedded_environmental_sensing""]",False,False,True,metadata_candidate,embedded_environmental_sensing,"[""env"", ""gas"", ""sensor""]",1,"[{""query_id"": ""Q05"", ""query_rank"": 462, ""api_score"": 20.608402, ""raw_file"": ""raw_crossref\\Q05_gas_sensor_calibration.json"", ""raw_item_index"": 461}]"
,10.1002/rob.21722,https://doi.org/10.1002/rob.21722,Adaptive continuous‐space informative path planning for online environmental monitoring,Gregory Hitz; Enric Galceran; Marie‐Ève Garneau; François Pomerleau; Roland Siegwart,2017,Journal of Field Robotics,journal-article,Wiley,34,8,1427-1449,,119,12,robotic_environmental_monitoring,"[""robotic_environmental_monitoring""]",False,False,True,metadata_candidate,robotic_environmental_monitoring,"[""env"", ""sensor"", ""nav""]",1,"[{""query_id"": ""Q10"", ""query_rank"": 130, ""api_score"": 17.628002, ""raw_file"": ""raw_crossref\\Q10_environmental_robotics_datasets.json"", ""raw_item_index"": 129}]"
,10.3390/s21041102,https://doi.org/10.3390/s21041102,Autonomous Water Quality Monitoring and Water Surface Cleaning for Unmanned Surface Vehicle,Hsing-Cheng Chang; Yu-Liang Hsu; San-Shan Hung; Guan-Ru Ou; Jia-Ron Wu; Chuan Hsu,2021,Sensors,journal-article,MDPI AG,21,4,1102,,109,12,water_quality_monitoring,"[""water_quality_monitoring""]",False,False,True,metadata_candidate,water_quality_monitoring,"[""env"", ""water"", ""sensor""]",1,"[{""query_id"": ""Q02"", ""query_rank"": 301, ""api_score"": 23.467522, ""raw_file"": ""raw_crossref\\Q02_ground_rover_air_quality.json"", ""raw_item_index"": 300}]"
,10.3390/s141222670,https://doi.org/10.3390/s141222670,Hyperspectral Sensing for Turbid Water Quality Monitoring in Freshwater Rivers: Empirical Relationship between Reflectance and Turbidity and Total Solids,Jiunn-Lin Wu; Chung-Ru Ho; Chia-Ching Huang; Arun Srivastav; Jing-Hua Tzeng; Yao-Tung Lin,2014,Sensors,journal-article,MDPI AG,14,12,22670-22688,,85,12,water_quality_monitoring,"[""water_quality_monitoring""]",False,False,True,metadata_candidate,water_quality_monitoring,"[""env"", ""water"", ""sensor""]",1,"[{""query_id"": ""Q06"", ""query_rank"": 98, ""api_score"": 21.870113, ""raw_file"": ""raw_crossref\\Q06_robotic_water_quality.json"", ""raw_item_index"": 97}]"
148,10.3390/s150101252,https://doi.org/10.3390/s150101252,A Customized Metal Oxide Semiconductor-Based Gas Sensor Array for Onion Quality Evaluation: System Development and Characterization,Tharun Konduru; Glen Rains; Changying Li,2015,Sensors,journal-article,MDPI AG,15,1,1252-1273,,63,12,embedded_environmental_sensing,"[""embedded_environmental_sensing""]",False,False,True,metadata_candidate,embedded_environmental_sensing,"[""env"", ""gas"", ""sensor""]",1,"[{""query_id"": ""Q05"", ""query_rank"": 202, ""api_score"": 22.60942, ""raw_file"": ""raw_crossref\\Q05_gas_sensor_calibration.json"", ""raw_item_index"": 201}]"
,10.1177/1729881417750787,https://doi.org/10.1177/1729881417750787,Cooperation between an unmanned aerial vehicle and an unmanned ground vehicle in highly accurate localization of gamma radiation hotspots,Tomas Lazna; Petr Gabrlik; Tomas Jilek; Ludek Zalud,2018,International Journal of Advanced Robotic Systems,journal-article,SAGE Publications,15,1,,1729881417750787,60,12,outdoor_navigation_fusion,"[""outdoor_navigation_fusion""]",False,False,True,metadata_candidate,outdoor_navigation_fusion,"[""robot"", ""nav"", ""outdoor""]",1,"[{""query_id"": ""Q02"", ""query_rank"": 310, ""api_score"": 23.424057, ""raw_file"": ""raw_crossref\\Q02_ground_rover_air_quality.json"", ""raw_item_index"": 309}]"
,10.3390/drones8100537,https://doi.org/10.3390/drones8100537,A Fault-Tolerant Multi-Agent Reinforcement Learning Framework for Unmanned Aerial Vehicles–Unmanned Ground Vehicle Coverage Path Planning,Mahya Ramezani; M. A. Amiri Atashgah; Alireza Rezaee,2024,Drones,journal-article,MDPI AG,8,10,537,,33,12,outdoor_navigation_fusion,"[""outdoor_navigation_fusion""]",False,False,True,metadata_candidate,outdoor_navigation_fusion,"[""robot"", ""nav"", ""outdoor""]",1,"[{""query_id"": ""Q02"", ""query_rank"": 260, ""api_score"": 23.677305, ""raw_file"": ""raw_crossref\\Q02_ground_rover_air_quality.json"", ""raw_item_index"": 259}]"
,10.3390/w11112376,https://doi.org/10.3390/w11112376,Principal Component Weighted Index for Wastewater Quality Monitoring,Petr Praus,2019,Water,journal-article,MDPI AG,11,11,2376,,31,12,water_quality_monitoring,"[""water_quality_monitoring""]",False,False,True,metadata_candidate,water_quality_monitoring,"[""env"", ""water"", ""sensor""]",1,"[{""query_id"": ""Q06"", ""query_rank"": 415, ""api_score"": 19.699913, ""raw_file"": ""raw_crossref\\Q06_robotic_water_quality.json"", ""raw_item_index"": 414}]"
,10.3390/s21103403,https://doi.org/10.3390/s21103403,Balanced Distribution Adaptation for Metal Oxide Semiconductor Gas Sensor Array Drift Compensation,Zongze Jiang; Peng Xu; Yongbin Du; Feng Yuan; Kai Song,2021,Sensors,journal-article,MDPI AG,21,10,3403,,29,12,gas_sensor_calibration,"[""gas_sensor_calibration""]",False,False,True,metadata_candidate,gas_sensor_calibration,"[""env"", ""gas"", ""sensor""]",1,"[{""query_id"": ""Q05"", ""query_rank"": 145, ""api_score"": 23.178595, ""raw_file"": ""raw_crossref\\Q05_gas_sensor_calibration.json"", ""raw_item_index"": 144}]"
,10.1049/iet-rsn.2020.0260,https://doi.org/10.1049/iet-rsn.2020.0260,Multi‐sensor fusion SLAM approach for the mobile robot with a bio‐inspired polarised skylight sensor,Tao Du; Yun Hao Zeng; Jian Yang; Chang Zheng Tian; Peng Fei Bai,2020,"IET Radar, Sonar & Navigation",journal-article,Institution of Engineering and Technology (IET),14,12,1950-1957,,24,12,outdoor_navigation_fusion,"[""outdoor_navigation_fusion""]",False,False,True,metadata_candidate,outdoor_navigation_fusion,"[""robot"", ""sensor"", ""nav""]",1,"[{""query_id"": ""Q08"", ""query_rank"": 299, ""api_score"": 22.772524, ""raw_file"": ""raw_crossref\\Q08_outdoor_mapping_fusion.json"", ""raw_item_index"": 298}]"
,10.5194/jsss-3-213-2014,https://doi.org/10.5194/jsss-3-213-2014,Metal oxide semiconductor gas sensor self-test using Fourier-based impedance spectroscopy,M. Schüler; T. Sauerwald; A. Schütze,2014,Journal of Sensors and Sensor Systems,journal-article,Copernicus GmbH,3,2,213-221,,15,12,embedded_environmental_sensing,"[""embedded_environmental_sensing""]",False,False,True,metadata_candidate,embedded_environmental_sensing,"[""env"", ""gas"", ""sensor""]",1,"[{""query_id"": ""Q05"", ""query_rank"": 91, ""api_score"": 23.993046, ""raw_file"": ""raw_crossref\\Q05_gas_sensor_calibration.json"", ""raw_item_index"": 90}]"
,10.3390/nano10112168,https://doi.org/10.3390/nano10112168,Metal Oxide Nanolayer-Decorated Epitaxial Graphene: A Gas Sensor Study,Marius Rodner; Adam Icardi; Margus Kodu; Raivo Jaaniso; Andreas Schütze; Jens Eriksson,2020,Nanomaterials,journal-article,MDPI AG,10,11,2168,,14,12,particulate_air_quality,"[""particulate_air_quality""]",False,False,True,metadata_candidate,particulate_air_quality,"[""env"", ""gas"", ""sensor""]",1,"[{""query_id"": ""Q05"", ""query_rank"": 140, ""api_score"": 23.198801, ""raw_file"": ""raw_crossref\\Q05_gas_sensor_calibration.json"", ""raw_item_index"": 139}]"
,10.3390/s22228959,https://doi.org/10.3390/s22228959,Methodology for Quantifying Volatile Compounds in a Liquid Mixture Using an Algorithm Combining B-Splines and Artificial Neural Networks to Process Responses of a Thermally Modulated Metal-Oxide Semiconductor Gas Sensor,Jolanta Wawrzyniak,2022,Sensors,journal-article,MDPI AG,22,22,8959,,13,12,gas_sensor_calibration,"[""gas_sensor_calibration""]",False,False,True,metadata_candidate,gas_sensor_calibration,"[""env"", ""gas"", ""sensor""]",1,"[{""query_id"": ""Q05"", ""query_rank"": 488, ""api_score"": 20.526407, ""raw_file"": ""raw_crossref\\Q05_gas_sensor_calibration.json"", ""raw_item_index"": 487}]"
,10.5772/intechopen.97372,https://doi.org/10.5772/intechopen.97372,Water Quality Parameters and Monitoring Soft Surface Water Quality Using Statistical Approaches,Romana Drasovean; Gabriel Murariu,2021,Promising Techniques for Wastewater Treatment and Water Quality Assessment,book-chapter,IntechOpen,,,,,12,12,water_quality_monitoring,"[""water_quality_monitoring""]",False,False,True,metadata_candidate,water_quality_monitoring,"[""env"", ""water"", ""sensor""]",1,"[{""query_id"": ""Q06"", ""query_rank"": 185, ""api_score"": 20.920614, ""raw_file"": ""raw_crossref\\Q06_robotic_water_quality.json"", ""raw_item_index"": 184}]"
,10.3390/s23167271,https://doi.org/10.3390/s23167271,A Glass-Fiber-Optic Turbidity Sensor for Real-Time In Situ Water Quality Monitoring,Chi Thanh Vu; Amir Ahmadi Zahrani; Lingze Duan; Tingting Wu,2023,Sensors,journal-article,MDPI AG,23,16,7271,,10,12,water_quality_monitoring,"[""water_quality_monitoring""]",False,False,True,metadata_candidate,water_quality_monitoring,"[""env"", ""water"", ""sensor""]",2,"[{""query_id"": ""Q06"", ""query_rank"": 24, ""api_score"": 25.052551, ""raw_file"": ""raw_crossref\\Q06_robotic_water_quality.json"", ""raw_item_index"": 23}]"
,10.1063/5.0083061,https://doi.org/10.1063/5.0083061,Selectivity enhancement for metal oxide (MOX) based gas sensor using thermally modulated datasets coupled with golden section optimization and chemometric techniques,Navjot Kumar; Rahul Prajesh,2022,Review of Scientific Instruments,journal-article,AIP Publishing,93,6,,064702,10,12,embedded_environmental_sensing,"[""embedded_environmental_sensing""]",False,False,True,metadata_candidate,embedded_environmental_sensing,"[""env"", ""gas"", ""sensor""]",1,"[{""query_id"": ""Q05"", ""query_rank"": 369, ""api_score"": 21.24518, ""raw_file"": ""raw_crossref\\Q05_gas_sensor_calibration.json"", ""raw_item_index"": 368}]"
,10.3390/s24216979,https://doi.org/10.3390/s24216979,Real-Time and Long-Term Monitoring of Coastal Water Turbidity Using an Ocean Buoy Equipped with an ADCP,Jia-Wei Bian; Ching-Jer Huang,2024,Sensors,journal-article,MDPI AG,24,21,6979,,9,12,water_quality_monitoring,"[""water_quality_monitoring""]",False,False,True,metadata_candidate,water_quality_monitoring,"[""env"", ""water"", ""sensor""]",1,"[{""query_id"": ""Q06"", ""query_rank"": 301, ""api_score"": 20.220377, ""raw_file"": ""raw_crossref\\Q06_robotic_water_quality.json"", ""raw_item_index"": 300}]"
,10.5772/intechopen.108971,https://doi.org/10.5772/intechopen.108971,Optical Gas Sensors,Vivekanand Mishra; Rashmi; Sukriti,2023,Metal-Oxide Gas Sensors,book-chapter,IntechOpen,,,,,9,12,embedded_environmental_sensing,"[""embedded_environmental_sensing""]",False,False,True,metadata_candidate,embedded_environmental_sensing,"[""env"", ""gas"", ""sensor""]",1,"[{""query_id"": ""Q05"", ""query_rank"": 137, ""api_score"": 23.249842, ""raw_file"": ""raw_crossref\\Q05_gas_sensor_calibration.json"", ""raw_item_index"": 136}]"
,10.1049/smt2.12141,https://doi.org/10.1049/smt2.12141,Unmanned ground vehicle‐unmanned aerial vehicle relative navigation robust adaptive localization algorithm,Jun Dai; Songlin Liu; Hao Xiangyang; Zongbin Ren; Xiao Yang; Yunzhu Lv,2023,"IET Science, Measurement & Technology",journal-article,Institution of Engineering and Technology (IET),17,5,183-194,,7,12,outdoor_navigation_fusion,"[""outdoor_navigation_fusion""]",False,False,True,metadata_candidate,outdoor_navigation_fusion,"[""robot"", ""nav"", ""outdoor""]",1,"[{""query_id"": ""Q02"", ""query_rank"": 239, ""api_score"": 23.904104, ""raw_file"": ""raw_crossref\\Q02_ground_rover_air_quality.json"", ""raw_item_index"": 238}]"
,10.2166/washdev.2011.058,https://doi.org/10.2166/washdev.2011.058,Turbidity tubes for drinking water quality assessments,Caetano C. Dorea; Murray R. Simpson,2011,"Journal of Water, Sanitation and Hygiene for Development",journal-article,IWA Publishing,1,4,233-241,,7,12,water_quality_monitoring,"[""water_quality_monitoring"", ""embedded_environmental_sensing""]",False,False,True,metadata_candidate,water_quality_monitoring;embedded_environmental_sensing,"[""env"", ""water""]",1,"[{""query_id"": ""Q06"", ""query_rank"": 113, ""api_score"": 21.653023, ""raw_file"": ""raw_crossref\\Q06_robotic_water_quality.json"", ""raw_item_index"": 112}]"
,10.3390/app14167266,https://doi.org/10.3390/app14167266,Surveillance Unmanned Ground Vehicle Path Planning with Path Smoothing and Vehicle Breakdown Recovery,Tyler Parsons; Farhad Baghyari; Jaho Seo; Byeongjin Kim; Mingeuk Kim; Hanmin Lee,2024,Applied Sciences,journal-article,MDPI AG,14,16,7266,,6,12,outdoor_navigation_fusion,"[""outdoor_navigation_fusion""]",False,False,True,metadata_candidate,outdoor_navigation_fusion,"[""robot"", ""nav"", ""outdoor""]",1,"[{""query_id"": ""Q02"", ""query_rank"": 416, ""api_score"": 22.833813, ""raw_file"": ""raw_crossref\\Q02_ground_rover_air_quality.json"", ""raw_item_index"": 415}]"
,10.3390/s23083914,https://doi.org/10.3390/s23083914,"Resistive, Temperature-Independent Metal Oxide Gas Sensor for Detecting the Oxygen Stoichiometry (Air-Fuel Ratio) of Lean Engine Exhaust Gases",Carsten Steiner; Simon Püls; Murat Bektas; Andreas Müller; Gunter Hagen; Ralf Moos,2023,Sensors,journal-article,MDPI AG,23,8,3914,,6,12,gas_sensor_calibration,"[""gas_sensor_calibration""]",False,False,True,metadata_candidate,gas_sensor_calibration,"[""env"", ""gas"", ""sensor""]",1,"[{""query_id"": ""Q05"", ""query_rank"": 490, ""api_score"": 20.526407, ""raw_file"": ""raw_crossref\\Q05_gas_sensor_calibration.json"", ""raw_item_index"": 489}]"
,10.30723/ijp.v18i47.579,https://doi.org/10.30723/ijp.v18i47.579,Enhancement of functionalized carbon nanotubes gas sensor by adding metal oxide nanoparticles,Sally K. Abbas; Asama Natik Naje,2020,Iraqi Journal of Physics,journal-article,Iraqi Journal of Physics,18,47,62-72,,6,12,gas_sensor_calibration,"[""gas_sensor_calibration""]",False,False,True,metadata_candidate,gas_sensor_calibration,"[""env"", ""gas"", ""sensor""]",1,"[{""query_id"": ""Q05"", ""query_rank"": 211, ""api_score"": 22.572916, ""raw_file"": ""raw_crossref\\Q05_gas_sensor_calibration.json"", ""raw_item_index"": 210}]"
,10.3390/drones9060424,https://doi.org/10.3390/drones9060424,Unmanned Aerial Vehicle–Unmanned Ground Vehicle Centric Visual Semantic Simultaneous Localization and Mapping Framework with Remote Interaction for Dynamic Scenarios,Chang Liu; Yang Zhang; Liqun Ma; Yong Huang; Keyan Liu; Guangwei Wang,2025,Drones,journal-article,MDPI AG,9,6,424,,5,12,outdoor_navigation_fusion,"[""outdoor_navigation_fusion""]",False,False,True,metadata_candidate,outdoor_navigation_fusion,"[""robot"", ""nav"", ""outdoor""]",1,"[{""query_id"": ""Q02"", ""query_rank"": 151, ""api_score"": 24.735806, ""raw_file"": ""raw_crossref\\Q02_ground_rover_air_quality.json"", ""raw_item_index"": 150}]"
,10.1371/journal.pone.0296969,https://doi.org/10.1371/journal.pone.0296969,Gas concentration mapping and source localization for environmental monitoring through unmanned aerial systems using model-free reinforcement learning agents,Anees ul Husnain; Norrima Mokhtar; Noraisyah Binti Mohamed Shah; Mahidzal Bin Dahari; Amirul Asyhraff Azmi; Masahiro Iwahashi,2024,PLOS ONE,journal-article,Public Library of Science (PLoS),19,2,e0296969,,5,12,gas_olfaction_mapping,"[""gas_olfaction_mapping""]",False,False,True,metadata_candidate,gas_olfaction_mapping,"[""env"", ""sensor"", ""nav""]",1,"[{""query_id"": ""Q03"", ""query_rank"": 74, ""api_score"": 25.005768, ""raw_file"": ""raw_crossref\\Q03_robotic_gas_mapping.json"", ""raw_item_index"": 73}]"
,10.3390/su14116502,https://doi.org/10.3390/su14116502,A Vision-Based Motion Control Framework for Water Quality Monitoring Using an Unmanned Aerial Vehicle,Fotis Panetsos; Panagiotis Rousseas; George Karras; Charalampos Bechlioulis; Kostas J. Kyriakopoulos,2022,Sustainability,journal-article,MDPI AG,14,11,6502,,5,12,water_quality_monitoring,"[""water_quality_monitoring""]",False,False,True,metadata_candidate,water_quality_monitoring,"[""env"", ""water"", ""sensor""]",1,"[{""query_id"": ""Q02"", ""query_rank"": 195, ""api_score"": 24.308126, ""raw_file"": ""raw_crossref\\Q02_ground_rover_air_quality.json"", ""raw_item_index"": 194}]"
,10.20944/preprints202307.0598.v1,https://doi.org/10.20944/preprints202307.0598.v1,A Glass-Fiber Optic Turbidity Sensor for Real-Time In-Situ Water Quality Monitoring,Chi-Thanh Vu; Amir Ahmadi Zahrani; Lingze Duan; Tingting Wu,2023,,posted-content,MDPI AG,,,,,4,12,water_quality_monitoring,"[""water_quality_monitoring""]",False,False,True,metadata_candidate,water_quality_monitoring,"[""env"", ""water"", ""sensor""]",2,"[{""query_id"": ""Q06"", ""query_rank"": 36, ""api_score"": 24.179668, ""raw_file"": ""raw_crossref\\Q06_robotic_water_quality.json"", ""raw_item_index"": 35}]"
,10.1088/1755-1315/366/1/012027,https://doi.org/10.1088/1755-1315/366/1/012027,Affordable Metal Oxide Gas Sensor as Environmental Friendly Method for Ammonia Gas Measurement,J A Fatkhurrahman; I R J Sari,2019,IOP Conference Series: Earth and Environmental Science,journal-article,IOP Publishing,366,1,012027,,4,12,embedded_environmental_sensing,"[""embedded_environmental_sensing""]",False,False,True,metadata_candidate,embedded_environmental_sensing,"[""env"", ""gas"", ""sensor""]",1,"[{""query_id"": ""Q05"", ""query_rank"": 18, ""api_score"": 27.688883, ""raw_file"": ""raw_crossref\\Q05_gas_sensor_calibration.json"", ""raw_item_index"": 17}]"
,10.1515/pjct-2017-0018,https://doi.org/10.1515/pjct-2017-0018,Localization of fugitive methane emission from natural gas distribution network of Titas Gas,Pradip C. Mandal; Syed Monjur Morshed,2017,Polish Journal of Chemical Technology,journal-article,Walter de Gruyter GmbH,19,1,127-131,,4,12,gas_olfaction_mapping,"[""gas_olfaction_mapping""]",False,False,True,metadata_candidate,gas_olfaction_mapping,"[""env"", ""gas"", ""nav""]",1,"[{""query_id"": ""Q03"", ""query_rank"": 43, ""api_score"": 27.130478, ""raw_file"": ""raw_crossref\\Q03_robotic_gas_mapping.json"", ""raw_item_index"": 42}]"
,10.11113/jurnalteknologi.v86.20186,https://doi.org/10.11113/jurnalteknologi.v86.20186,GAS SOURCE LOCALIZATION THROUGH DEEP LEARNING METHOD BASED ON GAS DISTRIBUTION MAP DATABASE,Zaffry Hadi Mohd Juffry; Kamarulzaman Kamarudin; Abdul Hamid Adom; Muhammad Fahmi Miskon; Ahmad Shakaff Ali Yeon; Abdulnasser Nabil Abdullah,2024,Jurnal Teknologi,journal-article,Penerbit UTM Press,86,2,199-208,,3,12,gas_olfaction_mapping,"[""gas_olfaction_mapping""]",False,False,True,metadata_candidate,gas_olfaction_mapping,"[""env"", ""gas"", ""nav""]",1,"[{""query_id"": ""Q03"", ""query_rank"": 27, ""api_score"": 29.380754, ""raw_file"": ""raw_crossref\\Q03_robotic_gas_mapping.json"", ""raw_item_index"": 26}]"
,10.1088/1755-1315/1223/1/012020,https://doi.org/10.1088/1755-1315/1223/1/012020,Monitoring the Water Quality of the Tigris River and Producing Maps to Determine the Locations of Turbidity in the Water for the Year 2022 in Baghdad Governorate,Fouad K. Mashee Al-Ramahi; Samaa B. Mohammed; Mazin H. Hasan,2023,IOP Conference Series: Earth and Environmental Science,journal-article,IOP Publishing,1223,1,012020,,3,12,water_quality_monitoring,"[""water_quality_monitoring""]",False,False,True,metadata_candidate,water_quality_monitoring,"[""env"", ""water"", ""sensor""]",1,"[{""query_id"": ""Q06"", ""query_rank"": 306, ""api_score"": 20.215855, ""raw_file"": ""raw_crossref\\Q06_robotic_water_quality.json"", ""raw_item_index"": 305}]"
,10.26418/elkha.v15i1.62095,https://doi.org/10.26418/elkha.v15i1.62095,Differential Drive Mobile Robot Motion Accuracy Improvement with Odometry-Compass Sensor Fusion Implementation,Sungkono Sungkono; Gillang Al Azhar; Adi Candra Kusuma; Syarifatul Izza,2023,ELKHA,journal-article,Tanjungpura University,15,1,24,,2,12,outdoor_navigation_fusion,"[""outdoor_navigation_fusion""]",False,False,True,metadata_candidate,outdoor_navigation_fusion,"[""robot"", ""sensor"", ""nav""]",1,"[{""query_id"": ""Q08"", ""query_rank"": 164, ""api_score"": 24.416796, ""raw_file"": ""raw_crossref\\Q08_outdoor_mapping_fusion.json"", ""raw_item_index"": 163}]"
,10.23939/istcmtm2022.04.018,https://doi.org/10.23939/istcmtm2022.04.018,SMART SYSTEM FOR MONITORING WATER QUALITY PARAMETERS,Lviv Polytechnic National University; Oksana Gonsor,2022,Measuring Equipment and Metrology,journal-article,Lviv Polytechnic National University,83,4,18-23,,2,12,water_quality_monitoring,"[""water_quality_monitoring""]",False,False,True,metadata_candidate,water_quality_monitoring,"[""env"", ""water"", ""sensor""]",1,"[{""query_id"": ""Q06"", ""query_rank"": 361, ""api_score"": 19.94262, ""raw_file"": ""raw_crossref\\Q06_robotic_water_quality.json"", ""raw_item_index"": 360}]"
,10.31223/x52k8x,https://doi.org/10.31223/x52k8x,Camera-Based Intelligent Stream Stage Sensing for Decentralized Environmental Monitoring,Yusuf Sermet; Ibrahim Demir,2022,,posted-content,California Digital Library (CDL),,,,,2,12,water_quality_monitoring,"[""water_quality_monitoring"", ""embedded_environmental_sensing""]",False,False,True,metadata_candidate,water_quality_monitoring;embedded_environmental_sensing,"[""env"", ""sensor""]",1,"[{""query_id"": ""Q10"", ""query_rank"": 39, ""api_score"": 19.546122, ""raw_file"": ""raw_crossref\\Q10_environmental_robotics_datasets.json"", ""raw_item_index"": 38}]"
,10.3390/mi12111355,https://doi.org/10.3390/mi12111355,A New Miniaturized Gas Sensor Based on Zener Diode Network Covered by Metal Oxide,Vignesh Gunasekaran; Soffian Yjjou; Eve Hennequin; Thierry Camps; Nicolas Mauran; Lionel Presmanes; Philippe Menini,2021,Micromachines,journal-article,MDPI AG,12,11,1355,,2,12,embedded_environmental_sensing,"[""embedded_environmental_sensing""]",False,False,True,metadata_candidate,embedded_environmental_sensing,"[""env"", ""gas"", ""sensor""]",1,"[{""query_id"": ""Q05"", ""query_rank"": 336, ""api_score"": 21.502787, ""raw_file"": ""raw_crossref\\Q05_gas_sensor_calibration.json"", ""raw_item_index"": 335}]"
,10.22541/essoar.175767288.85280924/v1,https://doi.org/10.22541/essoar.175767288.85280924/v1,Real-Time Turbidity Monitoring Using Machine Learning and Environmental Parameter Integration for Scalable Water Quality Management,Hong Peng; Ning Dong; Yinwei Liao; Yunjian Tang; Xiaoli Hu,2025,,posted-content,Wiley,,,,,1,12,water_quality_monitoring,"[""water_quality_monitoring""]",False,False,True,metadata_candidate,water_quality_monitoring,"[""env"", ""water"", ""sensor""]",2,"[{""query_id"": ""Q06"", ""query_rank"": 11, ""api_score"": 26.786531, ""raw_file"": ""raw_crossref\\Q06_robotic_water_quality.json"", ""raw_item_index"": 10}]"
,10.3390/app152412948,https://doi.org/10.3390/app152412948,Improved Gaussian Puff Model and Grey Wolf Optimization Algorithm for Gas Source Localization,Xiangjin Zeng; Song Feng; Hengyu Zhou,2025,Applied Sciences,journal-article,MDPI AG,15,24,12948,,1,12,gas_olfaction_mapping,"[""gas_olfaction_mapping""]",False,False,True,metadata_candidate,gas_olfaction_mapping,"[""env"", ""gas"", ""nav""]",1,"[{""query_id"": ""Q03"", ""query_rank"": 92, ""api_score"": 24.62231, ""raw_file"": ""raw_crossref\\Q03_robotic_gas_mapping.json"", ""raw_item_index"": 91}]"
,10.1002/tee.23988,https://doi.org/10.1002/tee.23988,Visualization of the Gas Spatial Distribution of the Odor Source by SERS Gas Sensor,Lin Chen; Hao Guo; Takuya Matsuo; Fumihiro Sassa; Kenshi Hayashi,2024,IEEJ Transactions on Electrical and Electronic Engineering,journal-article,Wiley,19,5,876-881,,1,12,gas_olfaction_mapping,"[""gas_olfaction_mapping""]",False,False,True,metadata_candidate,gas_olfaction_mapping,"[""env"", ""gas"", ""sensor""]",1,"[{""query_id"": ""Q03"", ""query_rank"": 162, ""api_score"": 23.450157, ""raw_file"": ""raw_crossref\\Q03_robotic_gas_mapping.json"", ""raw_item_index"": 161}]"
,10.1108/sr-05-2024-0420,https://doi.org/10.1108/sr-05-2024-0420,Simulation of electrostatic particulate matter sensor regeneration based on the particulate deposition patterns,Jinxin Liu; Huanqin Wang; Qiang Sun; Chufan Jiang; Jitong Zhou; Gehang Huang; Fajun Yu; Baolin Feng,2024,Sensor Review,journal-article,Emerald,44,6,783-793,,1,12,particulate_air_quality,"[""particulate_air_quality""]",False,False,True,metadata_candidate,particulate_air_quality,"[""env"", ""air"", ""sensor""]",1,"[{""query_id"": ""Q04"", ""query_rank"": 372, ""api_score"": 22.313581, ""raw_file"": ""raw_crossref\\Q04_low_cost_particle_calibration.json"", ""raw_item_index"": 371}]"
,10.21079/11681/47459,https://doi.org/10.21079/11681/47459,Unmanned ground vehicle (UGV) path planning in 2.5D and 3D,Osama Ennasr; Charles Ellison; Anton Netchaev; Ahmet Soylemezoglu; Garry Glaspell,2023,,report,Engineer Research and Development Center (U.S.),,,,,1,12,outdoor_navigation_fusion,"[""outdoor_navigation_fusion""]",False,False,True,metadata_candidate,outdoor_navigation_fusion,"[""robot"", ""nav"", ""outdoor""]",1,"[{""query_id"": ""Q02"", ""query_rank"": 178, ""api_score"": 24.510117, ""raw_file"": ""raw_crossref\\Q02_ground_rover_air_quality.json"", ""raw_item_index"": 177}]"
,10.22541/au.165856861.19641373/v1,https://doi.org/10.22541/au.165856861.19641373/v1,Metal Oxide nanostructures-based Gas Sensors,Neeraj Goel; Kishor Kunal; Aditya Kushwaha; Mahesh Kumar,2022,,posted-content,Wiley,,,,,1,12,embedded_environmental_sensing,"[""embedded_environmental_sensing""]",False,False,True,metadata_candidate,embedded_environmental_sensing,"[""env"", ""gas"", ""sensor""]",1,"[{""query_id"": ""Q05"", ""query_rank"": 386, ""api_score"": 21.117596, ""raw_file"": ""raw_crossref\\Q05_gas_sensor_calibration.json"", ""raw_item_index"": 385}]"
149,10.36227/techrxiv.17050970,https://doi.org/10.36227/techrxiv.17050970,A Mobile Semi-Autonomous Robot For Soil Sampling,Vistasp Edulji; Sumedh Soman; Atharva Pradhan; Jay Shah,2021,,posted-content,Institute of Electrical and Electronics Engineers (IEEE),,,,,1,12,robotic_sampling,"[""robotic_sampling""]",False,False,True,metadata_candidate,robotic_sampling,"[""robot"", ""sampling""]",2,"[{""query_id"": ""Q09"", ""query_rank"": 38, ""api_score"": 24.17142, ""raw_file"": ""raw_crossref\\Q09_robotic_sampling.json"", ""raw_item_index"": 37}]"
,10.1149/ma2020-01282123mtgabs,https://doi.org/10.1149/ma2020-01282123mtgabs,Suspended Heater Embedded Metal Oxide Nanowire Based Gas Sensor Platform,Taejung Kim; Seungwook Lee; Beomsang Kim; Wootaek Cho; Jongmin Lee; Heungjoo Shin,2020,ECS Meeting Abstracts,journal-article,The Electrochemical Society,MA2020-01,28,2123-2123,,1,12,embedded_environmental_sensing,"[""embedded_environmental_sensing""]",False,False,True,metadata_candidate,embedded_environmental_sensing,"[""env"", ""gas"", ""sensor""]",2,"[{""query_id"": ""Q05"", ""query_rank"": 328, ""api_score"": 21.517149, ""raw_file"": ""raw_crossref\\Q05_gas_sensor_calibration.json"", ""raw_item_index"": 327}]"
,10.5194/egusphere-egu2020-20175,https://doi.org/10.5194/egusphere-egu2020-20175,Low Cost Sensor Node for Monitoring River Floods,Evangelos Skoubris; George Hloupis,2020,,posted-content,Copernicus GmbH,,,,,1,12,water_quality_monitoring,"[""water_quality_monitoring"", ""embedded_environmental_sensing""]",False,False,True,metadata_candidate,water_quality_monitoring;embedded_environmental_sensing,"[""sensor"", ""embedded""]",1,"[{""query_id"": ""Q04"", ""query_rank"": 446, ""api_score"": 21.757294, ""raw_file"": ""raw_crossref\\Q04_low_cost_particle_calibration.json"", ""raw_item_index"": 445}]"
,10.1021/acsaelm.6c00976,https://doi.org/10.1021/acsaelm.6c00976,Recent Advances in Wearable Gas Sensor Material Modules for Real-Time Environmental Gas Monitoring,Akanksha Pathak; Devendra Singh; Prerna Tripathi; Amit Kumar Verma; Atul Sharma; Shikha Singh,2026,ACS Applied Electronic Materials,journal-article,American Chemical Society (ACS),8,17,7227-7270,,0,12,embedded_environmental_sensing,"[""embedded_environmental_sensing""]",False,False,True,metadata_candidate,embedded_environmental_sensing,"[""env"", ""gas"", ""sensor""]",1,"[{""query_id"": ""Q05"", ""query_rank"": 304, ""api_score"": 21.680805, ""raw_file"": ""raw_crossref\\Q05_gas_sensor_calibration.json"", ""raw_item_index"": 303}]"
,10.2139/ssrn.6435081,https://doi.org/10.2139/ssrn.6435081,Development of Autonomous Unmanned Ground Vehicle for Harvesting and Inspection Automation at Small Scale Strawberry Farms,Joel George; Aishwarya Tripathi; Daksh Sharma; Anil Shukla,2026,,posted-content,Elsevier BV,,,,,0,12,outdoor_navigation_fusion,"[""outdoor_navigation_fusion""]",False,False,True,metadata_candidate,outdoor_navigation_fusion,"[""robot"", ""outdoor""]",1,"[{""query_id"": ""Q02"", ""query_rank"": 369, ""api_score"": 23.009718, ""raw_file"": ""raw_crossref\\Q02_ground_rover_air_quality.json"", ""raw_item_index"": 368}]"
,10.2139/ssrn.7176068,https://doi.org/10.2139/ssrn.7176068,Ppb level acetone gas sensor based on cube (Cu0.2Ni0.2Zn0.2Co0.2Cd0.2)SnO3 amorphous high entropy metal oxide,Hongmin Zhu; Hongwei Shi; Yilin Du; Ru Wang; Hongyang Zhong; Renze Zhang; Yong Zhao; Fanli Meng,2026,,posted-content,Elsevier BV,,,,,0,12,embedded_environmental_sensing,"[""embedded_environmental_sensing""]",False,False,True,metadata_candidate,embedded_environmental_sensing,"[""env"", ""gas"", ""sensor""]",1,"[{""query_id"": ""Q05"", ""query_rank"": 234, ""api_score"": 22.305069, ""raw_file"": ""raw_crossref\\Q05_gas_sensor_calibration.json"", ""raw_item_index"": 233}]"
,10.3390/electronics15132768,https://doi.org/10.3390/electronics15132768,Adaptive Multi-Sensor Fusion for Robust Outdoor Localization and Path Tracking Under Weak GNSS Conditions,Yanyan Dai; Subin Park; Kidong Lee,2026,Electronics,journal-article,MDPI AG,15,13,2768,,0,12,outdoor_navigation_fusion,"[""outdoor_navigation_fusion""]",False,False,True,metadata_candidate,outdoor_navigation_fusion,"[""sensor"", ""nav"", ""outdoor""]",1,"[{""query_id"": ""Q08"", ""query_rank"": 491, ""api_score"": 21.3701, ""raw_file"": ""raw_crossref\\Q08_outdoor_mapping_fusion.json"", ""raw_item_index"": 490}]"
,10.22541/essoar.175674608.88310773/v1,https://doi.org/10.22541/essoar.175674608.88310773/v1,Real-Time Turbidity Monitoring Using Machine Learning and Environmental Parameter Integration for Scalable Water Quality Management,Hong Peng; Ning Dong; Yinwei Liao; Yunjian Tang; Xiaoli Hu,2025,,posted-content,Wiley,,,,,0,12,water_quality_monitoring,"[""water_quality_monitoring""]",False,False,True,metadata_candidate,water_quality_monitoring,"[""env"", ""water"", ""sensor""]",2,"[{""query_id"": ""Q06"", ""query_rank"": 12, ""api_score"": 26.719933, ""raw_file"": ""raw_crossref\\Q06_robotic_water_quality.json"", ""raw_item_index"": 11}]"
,10.3390/app152010900,https://doi.org/10.3390/app152010900,Visual Mamba-Inspired Directionally Gated State-Space Backtracking for Chemical Gas Source Localization,Jooyoung Park; Daehong Min; Sungjin Cho; Donghee Kang; Hyunwoo Nam,2025,Applied Sciences,journal-article,MDPI AG,15,20,10900,,0,12,gas_olfaction_mapping,"[""gas_olfaction_mapping""]",False,False,True,metadata_candidate,gas_olfaction_mapping,"[""env"", ""gas"", ""nav""]",1,"[{""query_id"": ""Q03"", ""query_rank"": 151, ""api_score"": 23.489109, ""raw_file"": ""raw_crossref\\Q03_robotic_gas_mapping.json"", ""raw_item_index"": 150}]"
,10.59689/bio.v4i3.233,https://doi.org/10.59689/bio.v4i3.233,Water Quality Monitoring using ONLIMO Automatic Water Monitoring Device in Water Pollution Monitoring Efforts,Nurlaila Nurlaila; Asiah Asiah; Dewi Elfidasari,2024,Journal of Tropical Biodiversity,journal-article,Safeerana Publisher,4,3,133-141,,0,12,water_quality_monitoring,"[""water_quality_monitoring""]",False,False,True,metadata_candidate,water_quality_monitoring,"[""env"", ""water"", ""sensor""]",1,"[{""query_id"": ""Q06"", ""query_rank"": 229, ""api_score"": 20.621428, ""raw_file"": ""raw_crossref\\Q06_robotic_water_quality.json"", ""raw_item_index"": 228}]"
,10.31613/ceramist.2023.26.3.05,https://doi.org/10.31613/ceramist.2023.26.3.05,Recent progresses in metal oxide gas sensors for food freshness monitoring,Young Kook Moon,2023,Ceramist,journal-article,Ceramist,26,3,281-289,,0,12,embedded_environmental_sensing,"[""embedded_environmental_sensing""]",False,False,True,metadata_candidate,embedded_environmental_sensing,"[""env"", ""gas"", ""sensor""]",1,"[{""query_id"": ""Q05"", ""query_rank"": 92, ""api_score"": 23.938469, ""raw_file"": ""raw_crossref\\Q05_gas_sensor_calibration.json"", ""raw_item_index"": 91}]"
,10.36001/phmconf.2023.v15i1.3539,https://doi.org/10.36001/phmconf.2023.v15i1.3539,Vehicle State Monitoring and Fault Detection System for Unmanned Ground Vehicles (UGV) using Markov Models,Kalpit Vadnerkar; Pierluigi Pisu,2023,Annual Conference of the PHM Society,journal-article,PHM Society,15,1,,,0,12,outdoor_navigation_fusion,"[""outdoor_navigation_fusion""]",False,False,True,metadata_candidate,outdoor_navigation_fusion,"[""robot"", ""sensor"", ""outdoor""]",1,"[{""query_id"": ""Q02"", ""query_rank"": 63, ""api_score"": 26.336355, ""raw_file"": ""raw_crossref\\Q02_ground_rover_air_quality.json"", ""raw_item_index"": 62}]"
,10.21203/rs.3.rs-1412923/v1,https://doi.org/10.21203/rs.3.rs-1412923/v1,Impact of CeO2 doped ZnO binary metal oxide nanocomposites as clad modified fiber optic VOC gas sensor for exhaled breath analysis,Renganathan Balusamy; Subha Krishna Rao; Ganesan A.R; Deepak Arun Annamalai,2022,,posted-content,Springer Science and Business Media LLC,,,,,0,12,embedded_environmental_sensing,"[""embedded_environmental_sensing""]",False,False,True,metadata_candidate,embedded_environmental_sensing,"[""env"", ""gas"", ""sensor""]",1,"[{""query_id"": ""Q05"", ""query_rank"": 268, ""api_score"": 22.019205, ""raw_file"": ""raw_crossref\\Q05_gas_sensor_calibration.json"", ""raw_item_index"": 267}]"
,10.2139/ssrn.4188442,https://doi.org/10.2139/ssrn.4188442,Copper Doped Tungsten Oxide Nanoporous Thin Films for Gas Sensor Application,sivasankarreddy akepati; Adilakshmi G,2022,,posted-content,Elsevier BV,,,,,0,12,gas_sensor_calibration,"[""gas_sensor_calibration""]",False,False,True,metadata_candidate,gas_sensor_calibration,"[""env"", ""gas"", ""sensor""]",1,"[{""query_id"": ""Q05"", ""query_rank"": 371, ""api_score"": 21.230574, ""raw_file"": ""raw_crossref\\Q05_gas_sensor_calibration.json"", ""raw_item_index"": 370}]"
,10.2139/ssrn.4201065,https://doi.org/10.2139/ssrn.4201065,High-Performance N-Butanol Gas Sensor Based on Iron-Doped Metal-Organic Framework-Derived Nickel Oxide,Hongyan Liu; Junkai Shao; Caixuan Sun; Mengjie Wang; Junyi Dong; Guofeng Pan; Xueli Yang; Mengya Zhu,2022,,posted-content,Elsevier BV,,,,,0,12,gas_sensor_calibration,"[""gas_sensor_calibration""]",False,False,True,metadata_candidate,gas_sensor_calibration,"[""env"", ""gas"", ""sensor""]",1,"[{""query_id"": ""Q05"", ""query_rank"": 265, ""api_score"": 22.024792, ""raw_file"": ""raw_crossref\\Q05_gas_sensor_calibration.json"", ""raw_item_index"": 264}]"
,10.1149/ma2021-01561468mtgabs,https://doi.org/10.1149/ma2021-01561468mtgabs,Suspended Heater Embedded Metal Oxide Nanowire Based Gas Sensor Platform,Taejung Kim; Wootaek Cho; Beomsang Kim; Jongmin Lee; Heungjoo Shin,2021,ECS Meeting Abstracts,journal-article,The Electrochemical Society,MA2021-01,56,1468-1468,,0,12,embedded_environmental_sensing,"[""embedded_environmental_sensing""]",False,False,True,metadata_candidate,embedded_environmental_sensing,"[""env"", ""gas"", ""sensor""]",2,"[{""query_id"": ""Q05"", ""query_rank"": 262, ""api_score"": 22.03235, ""raw_file"": ""raw_crossref\\Q05_gas_sensor_calibration.json"", ""raw_item_index"": 261}]"
,10.17762/converter.303,https://doi.org/10.17762/converter.303,Outdoor SLAM Using Monocular Vision-Based Localization with LIDAR-Aided Mapping for service robot in Highway,"Shuwen Pan, Yuanyuan Li, Pengying Du, Yan Liu",2021,CONVERTER,journal-article,"Auricle Technologies, Pvt., Ltd.",,,397-406,,0,12,outdoor_navigation_fusion,"[""outdoor_navigation_fusion""]",False,False,True,metadata_candidate,outdoor_navigation_fusion,"[""robot"", ""nav"", ""outdoor""]",1,"[{""query_id"": ""Q08"", ""query_rank"": 477, ""api_score"": 21.43496, ""raw_file"": ""raw_crossref\\Q08_outdoor_mapping_fusion.json"", ""raw_item_index"": 476}]"
,10.36227/techrxiv.17050970.v1,https://doi.org/10.36227/techrxiv.17050970.v1,A Mobile Semi-Autonomous Robot For Soil Sampling,Vistasp Edulji; Sumedh Soman; Atharva Pradhan; Jay Shah,2021,,posted-content,Institute of Electrical and Electronics Engineers (IEEE),,,,,0,12,robotic_sampling,"[""robotic_sampling""]",False,False,True,metadata_candidate,robotic_sampling,"[""robot"", ""sampling""]",2,"[{""query_id"": ""Q09"", ""query_rank"": 42, ""api_score"": 24.128311, ""raw_file"": ""raw_crossref\\Q09_robotic_sampling.json"", ""raw_item_index"": 41}]"
,10.70228/cbj2024058,https://doi.org/10.70228/cbj2024058,SWATER: Solid waste and water quality monitoring system using smart unmanned aerial vehicle,Marie Fe Novia,2021,"Journal of Engineering, Food Science, & Computing Technologies",journal-article,University of St. La Salle,2,,114-137,,0,12,water_quality_monitoring,"[""water_quality_monitoring""]",False,False,True,metadata_candidate,water_quality_monitoring,"[""env"", ""water"", ""sensor""]",1,"[{""query_id"": ""Q02"", ""query_rank"": 118, ""api_score"": 25.212679, ""raw_file"": ""raw_crossref\\Q02_ground_rover_air_quality.json"", ""raw_item_index"": 117}]"
,10.1149/ma2020-01282134mtgabs,https://doi.org/10.1149/ma2020-01282134mtgabs,In Situ Resistance Monitoring during Flame-Aerosol Deposition of Metal Oxide Gas Sensing Layers,Ines C. Weber; Andreas T. Güntner; Sotiris E. Pratsinis,2020,ECS Meeting Abstracts,journal-article,The Electrochemical Society,MA2020-01,28,2134-2134,,0,12,particulate_air_quality,"[""particulate_air_quality""]",False,False,True,metadata_candidate,particulate_air_quality,"[""env"", ""gas"", ""sensor""]",1,"[{""query_id"": ""Q05"", ""query_rank"": 430, ""api_score"": 20.820549, ""raw_file"": ""raw_crossref\\Q05_gas_sensor_calibration.json"", ""raw_item_index"": 429}]"
,10.5194/egusphere-egu2020-13652,https://doi.org/10.5194/egusphere-egu2020-13652,Influences of Season and Geography on Urban Air Quality Monitoring Stations (AQMS) Representativeness Areas by High Resolution Air Quality Monitoring,Tilman Leo Hohenberger,2020,,posted-content,Copernicus GmbH,,,,,0,12,particulate_air_quality,"[""particulate_air_quality""]",False,False,True,metadata_candidate,particulate_air_quality,"[""env"", ""air"", ""sensor""]",1,"[{""query_id"": ""Q02"", ""query_rank"": 312, ""api_score"": 23.422003, ""raw_file"": ""raw_crossref\\Q02_ground_rover_air_quality.json"", ""raw_item_index"": 311}]"
,10.20965/jrm.2018.p0106,https://doi.org/10.20965/jrm.2018.p0106,Sensor Data Fusion of a Redundant Dual-Platform Robot for Elevation Mapping,"Avi Turgeman; Shraga Shoval; Amir Degani; Technion Autonomous Systems Program (TASP), Technion Haifa 32000, Israel; Department of Industrial Engineering and Management, Ariel University Ariel 40700, Israel; Faculty of Civil and Environmental Engineering, Technion Haifa 32000, Israel",2018,Journal of Robotics and Mechatronics,journal-article,Fuji Technology Press Ltd.,30,1,106-116,,0,12,outdoor_navigation_fusion,"[""outdoor_navigation_fusion""]",False,False,True,metadata_candidate,outdoor_navigation_fusion,"[""robot"", ""sensor"", ""nav""]",1,"[{""query_id"": ""Q08"", ""query_rank"": 237, ""api_score"": 23.358944, ""raw_file"": ""raw_crossref\\Q08_outdoor_mapping_fusion.json"", ""raw_item_index"": 236}]"
,10.1007/s11270-020-04973-5,https://doi.org/10.1007/s11270-020-04973-5,A Review on Air Quality Measurement Using an Unmanned Aerial Vehicle,Vinit Lambey; A. D. Prasad,2021,"Water, Air, & Soil Pollution",journal-article,Springer Science and Business Media LLC,232,3,,109,89,11,particulate_air_quality,"[""particulate_air_quality""]",True,False,False,metadata_candidate,particulate_air_quality,"[""env"", ""air"", ""sensor"", ""review""]",1,"[{""query_id"": ""Q02"", ""query_rank"": 32, ""api_score"": 28.022873, ""raw_file"": ""raw_crossref\\Q02_ground_rover_air_quality.json"", ""raw_item_index"": 31}]"
,10.2166/wqrj.2024.049,https://doi.org/10.2166/wqrj.2024.049,Artificial intelligence in water quality monitoring: A review of water quality assessment applications,Rodica Mihaela Frincu,2024,Water Quality Research Journal,journal-article,IWA Publishing,60,1,164-176,,74,11,water_quality_monitoring,"[""water_quality_monitoring""]",True,False,True,metadata_candidate,water_quality_monitoring,"[""env"", ""water"", ""sensor"", ""review""]",1,"[{""query_id"": ""Q06"", ""query_rank"": 238, ""api_score"": 20.599886, ""raw_file"": ""raw_crossref\\Q06_robotic_water_quality.json"", ""raw_item_index"": 237}]"
,10.1016/j.chemosphere.2023.140198,https://doi.org/10.1016/j.chemosphere.2023.140198,Advancements of remote data acquisition and processing in unmanned vehicle technologies for water quality monitoring: An extensive review,Da Yun Kwon; Jungbin Kim; Seongyeol Park; Seungkwan Hong,2023,Chemosphere,journal-article,Elsevier BV,343,,140198,140198,27,11,water_quality_monitoring,"[""water_quality_monitoring""]",True,False,False,metadata_candidate,water_quality_monitoring,"[""env"", ""water"", ""sensor"", ""review""]",1,"[{""query_id"": ""Q02"", ""query_rank"": 227, ""api_score"": 23.986305, ""raw_file"": ""raw_crossref\\Q02_ground_rover_air_quality.json"", ""raw_item_index"": 226}]"
,10.46670/jsst.2023.32.2.75,https://doi.org/10.46670/jsst.2023.32.2.75,Gas Distribution Mapping and Source Localization: A Mini-Review,Taehwan Kim; Inkyu Park,2023,JOURNAL OF SENSOR SCIENCE AND TECHNOLOGY,journal-article,The Korean Sensors Society,32,2,75-81,,4,11,gas_olfaction_mapping,"[""gas_olfaction_mapping""]",True,False,False,metadata_candidate,gas_olfaction_mapping,"[""env"", ""gas"", ""nav"", ""review""]",1,"[{""query_id"": ""Q03"", ""query_rank"": 6, ""api_score"": 36.301132, ""raw_file"": ""raw_crossref\\Q03_robotic_gas_mapping.json"", ""raw_item_index"": 5}]"
,10.21236/ada294573,https://doi.org/10.21236/ada294573,Review of Water Quality Monitoring and Recommendations for Water Quality Modeling of the Lower St. Johns River.,Thomas M. Cole,1995,,report,Defense Technical Information Center,,,,,0,11,water_quality_monitoring,"[""water_quality_monitoring""]",True,False,False,metadata_candidate,water_quality_monitoring,"[""env"", ""water"", ""sensor"", ""review""]",1,"[{""query_id"": ""Q06"", ""query_rank"": 212, ""api_score"": 20.670872, ""raw_file"": ""raw_crossref\\Q06_robotic_water_quality.json"", ""raw_item_index"": 211}]"
,10.1002/ieam.4068,https://doi.org/10.1002/ieam.4068,Application of a Fixed Monitoring Benchmark Approach to Evaluate Attainment of Time-Variable Water Quality Criteria: Copper Biotic Ligand Model as a Case Study,Adam Ryan; Robert Santore; Charles Delos,2018,Integrated Environmental Assessment and Management,journal-article,Oxford University Press (OUP),14,6,722-735,,9,11,water_quality_monitoring,"[""water_quality_monitoring""]",False,True,True,metadata_candidate,water_quality_monitoring,"[""env"", ""water"", ""sensor"", ""dataset""]",1,"[{""query_id"": ""Q10"", ""query_rank"": 362, ""api_score"": 16.12044, ""raw_file"": ""raw_crossref\\Q10_environmental_robotics_datasets.json"", ""raw_item_index"": 361}]"
,10.1109/icra57147.2024.10610755,https://doi.org/10.1109/icra57147.2024.10610755,GSL-Bench: High Fidelity Gas Source Localization Benchmarking Tool,Hajo H. Erwich; Bardienus P. Duisterhof; Guido C.H.E. de Croon,2024,2024 IEEE International Conference on Robotics and Automation (ICRA),proceedings-article,IEEE,,,17672-17678,,1,11,gas_olfaction_mapping,"[""gas_olfaction_mapping""]",False,True,False,metadata_candidate,gas_olfaction_mapping,"[""env"", ""gas"", ""nav"", ""dataset""]",1,"[{""query_id"": ""Q03"", ""query_rank"": 113, ""api_score"": 24.052084, ""raw_file"": ""raw_crossref\\Q03_robotic_gas_mapping.json"", ""raw_item_index"": 112}]"
,10.1109/isitia56226.2022.9855336,https://doi.org/10.1109/isitia56226.2022.9855336,A Micro Quadrotor Gas Source Localization Benchmark in a Low-Computational Controller,Muhamad Rausyan Fikri; Nurrizal Alqindi; Djati Wibowo Djamari; Amartya Natayu,2022,2022 International Seminar on Intelligent Technology and Its Applications (ISITIA),proceedings-article,IEEE,,,279-284,,0,11,gas_olfaction_mapping,"[""gas_olfaction_mapping""]",False,True,False,metadata_candidate,gas_olfaction_mapping,"[""env"", ""gas"", ""nav"", ""dataset""]",1,"[{""query_id"": ""Q03"", ""query_rank"": 208, ""api_score"": 22.889156, ""raw_file"": ""raw_crossref\\Q03_robotic_gas_mapping.json"", ""raw_item_index"": 207}]"
,10.4324/9780203476796,https://doi.org/10.4324/9780203476796,Water Quality Monitoring,,1996,,reference-book,CRC Press,,,,,286,11,water_quality_monitoring,"[""water_quality_monitoring""]",False,False,False,metadata_candidate,water_quality_monitoring,"[""env"", ""water"", ""sensor""]",4,"[{""query_id"": ""Q06"", ""query_rank"": 183, ""api_score"": 20.965223, ""raw_file"": ""raw_crossref\\Q06_robotic_water_quality.json"", ""raw_item_index"": 182}]"
,10.1109/tvt.2016.2623666,https://doi.org/10.1109/tvt.2016.2623666,A Hybrid Path Planning Method in Unmanned Air/Ground Vehicle (UAV/UGV) Cooperative Systems,Jianqiang Li; Genqiang Deng; Chengwen Luo; Qiuzhen Lin; Qiao Yan; Zhong Ming,2016,IEEE Transactions on Vehicular Technology,journal-article,Institute of Electrical and Electronics Engineers (IEEE),65,12,9585-9596,,278,11,outdoor_navigation_fusion,"[""outdoor_navigation_fusion""]",False,False,False,metadata_candidate,outdoor_navigation_fusion,"[""robot"", ""nav"", ""outdoor""]",1,"[{""query_id"": ""Q02"", ""query_rank"": 298, ""api_score"": 23.481024, ""raw_file"": ""raw_crossref\\Q02_ground_rover_air_quality.json"", ""raw_item_index"": 297}]"
,10.1080/01691864.2013.779052,https://doi.org/10.1080/01691864.2013.779052,Gas source localization with a micro-drone using bio-inspired and particle filter-based algorithms,Patrick P. Neumann; Victor Hernandez Bennetts; Achim J. Lilienthal; Matthias Bartholmai; Jochen H. Schiller,2013,Advanced Robotics,journal-article,Informa UK Limited,27,9,725-738,,202,11,gas_olfaction_mapping,"[""gas_olfaction_mapping""]",False,False,False,metadata_candidate,gas_olfaction_mapping,"[""env"", ""gas"", ""nav""]",1,"[{""query_id"": ""Q03"", ""query_rank"": 473, ""api_score"": 21.109455, ""raw_file"": ""raw_crossref\\Q03_robotic_gas_mapping.json"", ""raw_item_index"": 472}]"
,10.1039/c5ra11291e,https://doi.org/10.1039/c5ra11291e,Microfabricated electrochemical pH and free chlorine sensors for water quality monitoring: recent advances and research challenges,Yiheng Qin; Hyuck-Jin Kwon; Matiar M. R. Howlader; M. Jamal Deen,2015,RSC Advances,journal-article,Royal Society of Chemistry (RSC),5,85,69086-69109,,184,11,water_quality_monitoring,"[""water_quality_monitoring""]",False,False,True,metadata_candidate,water_quality_monitoring,"[""env"", ""water"", ""sensor""]",1,"[{""query_id"": ""Q06"", ""query_rank"": 322, ""api_score"": 20.117104, ""raw_file"": ""raw_crossref\\Q06_robotic_water_quality.json"", ""raw_item_index"": 321}]"
,10.1109/mra.2012.2184671,https://doi.org/10.1109/mra.2012.2184671,Autonomous Gas-Sensitive Microdrone: Wind Vector Estimation and Gas Distribution Mapping,Patrick Neumann; Sahar Asadi; Achim Lilienthal; Matthias Bartholmai; Jochen Schiller,2012,IEEE Robotics & Automation Magazine,journal-article,Institute of Electrical and Electronics Engineers (IEEE),19,1,50-61,,133,11,gas_olfaction_mapping,"[""gas_olfaction_mapping""]",False,False,False,metadata_candidate,gas_olfaction_mapping,"[""env"", ""gas"", ""nav""]",1,"[{""query_id"": ""Q03"", ""query_rank"": 69, ""api_score"": 25.264431, ""raw_file"": ""raw_crossref\\Q03_robotic_gas_mapping.json"", ""raw_item_index"": 68}]"
,10.1016/j.watres.2007.05.018,https://doi.org/10.1016/j.watres.2007.05.018,Concurrent monitoring of vessels and water turbidity enhances the strength of evidence in remotely sensed dredging impact assessment,Guofeng Wu; Jan de Leeuw; Andrew K. Skidmore; Herbert H.T. Prins; Yaolin Liu,2007,Water Research,journal-article,Elsevier BV,41,15,3271-3280,,119,11,water_quality_monitoring,"[""water_quality_monitoring""]",False,False,False,metadata_candidate,water_quality_monitoring,"[""env"", ""water"", ""sensor""]",1,"[{""query_id"": ""Q06"", ""query_rank"": 205, ""api_score"": 20.72198, ""raw_file"": ""raw_crossref\\Q06_robotic_water_quality.json"", ""raw_item_index"": 204}]"
,10.1109/tmc.2007.1041,https://doi.org/10.1109/tmc.2007.1041,Mathematical Evaluation of Environmental Monitoring Estimation Error through Energy-Efficient Wireless Sensor Networks,Davide Dardari; Andrea Conti; Chiara Buratti; Roberto Verdone,2007,IEEE Transactions on Mobile Computing,journal-article,Institute of Electrical and Electronics Engineers (IEEE),6,7,790-802,,119,11,embedded_environmental_sensing,"[""embedded_environmental_sensing""]",False,False,False,metadata_candidate,embedded_environmental_sensing,"[""env"", ""sensor"", ""embedded""]",1,"[{""query_id"": ""Q01"", ""query_rank"": 321, ""api_score"": 17.026588, ""raw_file"": ""raw_crossref\\Q01_mobile_robot_environment.json"", ""raw_item_index"": 320}]"
,10.1016/j.snb.2013.12.002,https://doi.org/10.1016/j.snb.2013.12.002,Miniaturized water quality monitoring pH and conductivity sensors,Muinul H. Banna; Homayoun Najjaran; Rehan Sadiq; Syed A. Imran; Manuel J. Rodriguez; Mina Hoorfar,2014,Sensors and Actuators B: Chemical,journal-article,Elsevier BV,193,,434-441,,87,11,water_quality_monitoring,"[""water_quality_monitoring""]",False,False,False,metadata_candidate,water_quality_monitoring,"[""env"", ""water"", ""sensor""]",1,"[{""query_id"": ""Q06"", ""query_rank"": 369, ""api_score"": 19.911518, ""raw_file"": ""raw_crossref\\Q06_robotic_water_quality.json"", ""raw_item_index"": 368}]"
,10.1016/j.enmm.2020.100375,https://doi.org/10.1016/j.enmm.2020.100375,"Monitoring water quality of River Ganga using multivariate techniques and WQI (Water Quality Index) in Western Himalayan region of Uttarakhand, India",Deepika Dimri; Achlesh Daverey; Ambika Kumar; Archana Sharma,2021,"Environmental Nanotechnology, Monitoring & Management",journal-article,Elsevier BV,15,,100375,100375,74,11,water_quality_monitoring,"[""water_quality_monitoring""]",False,False,False,metadata_candidate,water_quality_monitoring,"[""env"", ""water"", ""sensor""]",1,"[{""query_id"": ""Q06"", ""query_rank"": 414, ""api_score"": 19.702013, ""raw_file"": ""raw_crossref\\Q06_robotic_water_quality.json"", ""raw_item_index"": 413}]"
,10.1016/j.robot.2019.103346,https://doi.org/10.1016/j.robot.2019.103346,Waterline and obstacle detection in images from low-cost autonomous boats for environmental monitoring,L. Steccanella; D.D. Bloisi; A. Castellini; A. Farinelli,2020,Robotics and Autonomous Systems,journal-article,Elsevier BV,124,,103346,103346,71,11,embedded_environmental_sensing,"[""embedded_environmental_sensing""]",False,False,False,metadata_candidate,embedded_environmental_sensing,"[""env"", ""sensor"", ""embedded""]",1,"[{""query_id"": ""Q10"", ""query_rank"": 107, ""api_score"": 17.987455, ""raw_file"": ""raw_crossref\\Q10_environmental_robotics_datasets.json"", ""raw_item_index"": 106}]"
,10.1007/s10514-015-9437-0,https://doi.org/10.1007/s10514-015-9437-0,Time-variant gas distribution mapping with obstacle information,Javier G. Monroy; Jose-Luis Blanco; Javier Gonzalez-Jimenez,2015,Autonomous Robots,journal-article,Springer Science and Business Media LLC,40,1,1-16,,69,11,gas_olfaction_mapping,"[""gas_olfaction_mapping""]",False,False,False,metadata_candidate,gas_olfaction_mapping,"[""env"", ""gas"", ""nav""]",1,"[{""query_id"": ""Q03"", ""query_rank"": 213, ""api_score"": 22.837215, ""raw_file"": ""raw_crossref\\Q03_robotic_gas_mapping.json"", ""raw_item_index"": 212}]"
,10.3390/w8060257,https://doi.org/10.3390/w8060257,Automated Method for Monitoring Water Quality Using Landsat Imagery,D. Barrett; Amy Frazier,2016,Water,journal-article,MDPI AG,8,6,257,,60,11,water_quality_monitoring,"[""water_quality_monitoring""]",False,False,True,metadata_candidate,water_quality_monitoring,"[""env"", ""water"", ""sensor""]",1,"[{""query_id"": ""Q06"", ""query_rank"": 398, ""api_score"": 19.766697, ""raw_file"": ""raw_crossref\\Q06_robotic_water_quality.json"", ""raw_item_index"": 397}]"
,10.1109/wicom.2007.584,https://doi.org/10.1109/wicom.2007.584,A Wireless Sensor Network Prototype for Environmental Monitoring in Greenhouses,Hui Liu; Zhijun Meng; Shuanghu Cui,2007,"2007 International Conference on Wireless Communications, Networking and Mobile Computing",proceedings-article,IEEE,,,2344-2347,,60,11,embedded_environmental_sensing,"[""embedded_environmental_sensing""]",False,False,False,metadata_candidate,embedded_environmental_sensing,"[""env"", ""sensor"", ""embedded""]",1,"[{""query_id"": ""Q01"", ""query_rank"": 454, ""api_score"": 16.505419, ""raw_file"": ""raw_crossref\\Q01_mobile_robot_environment.json"", ""raw_item_index"": 453}]"
,10.1063/1.4921835,https://doi.org/10.1063/1.4921835,Ground and river water quality monitoring using a smartphone-based pH sensor,Sibasish Dutta; Dhrubajyoti Sarma; Pabitra Nath,2015,AIP Advances,journal-article,AIP Publishing,5,5,,057151,59,11,water_quality_monitoring,"[""water_quality_monitoring""]",False,False,True,metadata_candidate,water_quality_monitoring,"[""env"", ""water"", ""sensor""]",1,"[{""query_id"": ""Q06"", ""query_rank"": 42, ""api_score"": 23.6816, ""raw_file"": ""raw_crossref\\Q06_robotic_water_quality.json"", ""raw_item_index"": 41}]"
,10.1039/b818477a,https://doi.org/10.1039/b818477a,"Mobile monitoring of air pollution in cities: the case of Hamilton, Ontario, Canada",Julie Wallace; Denis Corr; Patrick Deluca; Pavlos Kanaroglou; Brian McCarry,2009,Journal of Environmental Monitoring,journal-article,Royal Society of Chemistry (RSC),11,5,998,,56,11,particulate_air_quality,"[""particulate_air_quality""]",False,False,False,metadata_candidate,particulate_air_quality,"[""env"", ""air"", ""sensor""]",1,"[{""query_id"": ""Q01"", ""query_rank"": 410, ""api_score"": 16.689646, ""raw_file"": ""raw_crossref\\Q01_mobile_robot_environment.json"", ""raw_item_index"": 409}]"
,10.3390/en15010327,https://doi.org/10.3390/en15010327,A Mobile Robot-Based System for Automatic Inspection of Belt Conveyors in Mining Industry,Jarosław Szrek; Janusz Jakubiak; Radoslaw Zimroz,2022,Energies,journal-article,MDPI AG,15,1,327,,53,11,gas_olfaction_mapping,"[""robotic_environmental_monitoring"", ""gas_olfaction_mapping""]",False,False,True,metadata_candidate,robotic_environmental_monitoring;gas_olfaction_mapping,"[""robot""]",1,"[{""query_id"": ""Q09"", ""query_rank"": 205, ""api_score"": 21.4443, ""raw_file"": ""raw_crossref\\Q09_robotic_sampling.json"", ""raw_item_index"": 204}]"
,10.1016/j.envpol.2017.06.071,https://doi.org/10.1016/j.envpol.2017.06.071,Capturing the sensitivity of land-use regression models to short-term mobile monitoring campaigns using air pollution micro-sensors,L. Minet; R. Gehr; M. Hatzopoulou,2017,Environmental Pollution,journal-article,Elsevier BV,230,,280-290,,49,11,particulate_air_quality,"[""particulate_air_quality""]",False,False,False,metadata_candidate,particulate_air_quality,"[""env"", ""air"", ""sensor""]",1,"[{""query_id"": ""Q01"", ""query_rank"": 381, ""api_score"": 16.791626, ""raw_file"": ""raw_crossref\\Q01_mobile_robot_environment.json"", ""raw_item_index"": 380}]"
,10.3390/machines7020025,https://doi.org/10.3390/machines7020025,Deep Learning-Based Landmark Detection for Mobile Robot Outdoor Localization,Sivapong Nilwong; Delowar Hossain; Shin-ichiro Kaneko; Genci Capi,2019,Machines,journal-article,MDPI AG,7,2,25,,46,11,outdoor_navigation_fusion,"[""outdoor_navigation_fusion""]",False,False,True,metadata_candidate,outdoor_navigation_fusion,"[""robot"", ""nav"", ""outdoor""]",1,"[{""query_id"": ""Q08"", ""query_rank"": 360, ""api_score"": 22.312372, ""raw_file"": ""raw_crossref\\Q08_outdoor_mapping_fusion.json"", ""raw_item_index"": 359}]"
,10.3390/s121216404,https://doi.org/10.3390/s121216404,Detecting Changes of a Distant Gas Source with an Array of MOX Gas Sensors,Sepideh Pashami; Achim Lilienthal; Marco Trincavelli,2012,Sensors,journal-article,MDPI AG,12,12,16404-16419,,43,11,gas_olfaction_mapping,"[""gas_olfaction_mapping""]",False,False,True,metadata_candidate,gas_olfaction_mapping,"[""env"", ""gas"", ""sensor""]",1,"[{""query_id"": ""Q03"", ""query_rank"": 372, ""api_score"": 21.610748, ""raw_file"": ""raw_crossref\\Q03_robotic_gas_mapping.json"", ""raw_item_index"": 371}]"
,10.3390/s22051706,https://doi.org/10.3390/s22051706,Smart Multi-Sensor System for Remote Air Quality Monitoring Using Unmanned Aerial Vehicle and LoRaWAN,Rosa Camarillo-Escobedo; Jorge L. Flores; Pedro Marin-Montoya; Guillermo García-Torales; Juana M. Camarillo-Escobedo,2022,Sensors,journal-article,MDPI AG,22,5,1706,,40,11,particulate_air_quality,"[""particulate_air_quality""]",False,False,True,metadata_candidate,particulate_air_quality,"[""env"", ""air"", ""sensor""]",1,"[{""query_id"": ""Q02"", ""query_rank"": 30, ""api_score"": 28.185272, ""raw_file"": ""raw_crossref\\Q02_ground_rover_air_quality.json"", ""raw_item_index"": 29}]"
,10.1016/b978-0-12-811330-1.00012-0,https://doi.org/10.1016/b978-0-12-811330-1.00012-0,Water Quality Monitoring in Aquaculture,Daoliang Li; Shuangyin Liu,2019,Water Quality Monitoring and Management,book-chapter,Elsevier,,,303-328,,40,11,water_quality_monitoring,"[""water_quality_monitoring""]",False,False,False,metadata_candidate,water_quality_monitoring,"[""env"", ""water"", ""sensor""]",1,"[{""query_id"": ""Q06"", ""query_rank"": 57, ""api_score"": 23.009449, ""raw_file"": ""raw_crossref\\Q06_robotic_water_quality.json"", ""raw_item_index"": 56}]"
,10.2514/6.2014-2272,https://doi.org/10.2514/6.2014-2272,Development of an unmanned aerial vehicle UAV for air quality measurement in urban areas,Patrick Y. Haas; Christophe Balistreri; Piero Pontelandolfo; Gilles Triscone; Hasret Pekoz; Antonio Pignatiello,2014,32nd AIAA Applied Aerodynamics Conference,proceedings-article,American Institute of Aeronautics and Astronautics,,,,,33,11,particulate_air_quality,"[""particulate_air_quality""]",False,False,False,metadata_candidate,particulate_air_quality,"[""env"", ""air"", ""sensor""]",1,"[{""query_id"": ""Q02"", ""query_rank"": 166, ""api_score"": 24.606922, ""raw_file"": ""raw_crossref\\Q02_ground_rover_air_quality.json"", ""raw_item_index"": 165}]"
,10.1016/j.agwat.2009.01.011,https://doi.org/10.1016/j.agwat.2009.01.011,Temporal variability in water quality of agricultural tailwaters: Implications for water quality monitoring,N. Brauer; A.T. O’Geen; R.A. Dahlgren,2009,Agricultural Water Management,journal-article,Elsevier BV,96,6,1001-1009,,33,11,water_quality_monitoring,"[""water_quality_monitoring""]",False,False,False,metadata_candidate,water_quality_monitoring,"[""env"", ""water"", ""sensor""]",1,"[{""query_id"": ""Q06"", ""query_rank"": 420, ""api_score"": 19.677132, ""raw_file"": ""raw_crossref\\Q06_robotic_water_quality.json"", ""raw_item_index"": 419}]"
,10.1142/s2301385017500042,https://doi.org/10.1142/s2301385017500042,Experimental Test of Unmanned Ground Vehicle Delivering Goods Using RRT Path Planning Algorithm,Yiqun Dong; Youmin Zhang; Jianliang Ai,2017,Unmanned Systems,journal-article,World Scientific Pub Co Pte Lt,05,01,45-57,,32,11,outdoor_navigation_fusion,"[""outdoor_navigation_fusion""]",False,False,True,metadata_candidate,outdoor_navigation_fusion,"[""robot"", ""nav"", ""outdoor""]",1,"[{""query_id"": ""Q02"", ""query_rank"": 224, ""api_score"": 24.015614, ""raw_file"": ""raw_crossref\\Q02_ground_rover_air_quality.json"", ""raw_item_index"": 223}]"
,10.1080/01691864.2018.1516568,https://doi.org/10.1080/01691864.2018.1516568,Integrating SLAM and gas distribution mapping (SLAM-GDM) for real-time gas source localization,Kamarulzaman Kamarudin; Ali Yeon Md Shakaff; Victor Hernandez Bennetts; Syed Muhammad Mamduh; Ammar Zakaria; Retnam Visvanathan; Ahmad Shakaff Ali Yeon; Latifah Munirah Kamarudin,2018,Advanced Robotics,journal-article,Informa UK Limited,32,17,903-917,,30,11,gas_olfaction_mapping,"[""gas_olfaction_mapping""]",False,False,False,metadata_candidate,gas_olfaction_mapping,"[""env"", ""gas"", ""nav""]",1,"[{""query_id"": ""Q03"", ""query_rank"": 10, ""api_score"": 32.885498, ""raw_file"": ""raw_crossref\\Q03_robotic_gas_mapping.json"", ""raw_item_index"": 9}]"
,10.1038/s41545-020-0062-x,https://doi.org/10.1038/s41545-020-0062-x,Including water quality monitoring in rural water services: why safe water requires challenging the quantity versus quality dichotomy,Saskia Nowicki; Johanna Koehler; Katrina J. Charles,2020,npj Clean Water,journal-article,Springer Science and Business Media LLC,3,1,,14,29,11,water_quality_monitoring,"[""water_quality_monitoring""]",False,False,True,metadata_candidate,water_quality_monitoring,"[""env"", ""water"", ""sensor""]",1,"[{""query_id"": ""Q06"", ""query_rank"": 428, ""api_score"": 19.631039, ""raw_file"": ""raw_crossref\\Q06_robotic_water_quality.json"", ""raw_item_index"": 427}]"
,10.32614/cran.package.wql,https://doi.org/10.32614/cran.package.wql,wql: Exploring Water Quality Monitoring Data,Alan Jassby,2017,CRAN: Contributed Packages,dataset,The R Foundation,,,,,25,11,water_quality_monitoring,"[""water_quality_monitoring""]",False,False,False,metadata_candidate,water_quality_monitoring,"[""env"", ""water"", ""sensor""]",1,"[{""query_id"": ""Q06"", ""query_rank"": 366, ""api_score"": 19.927254, ""raw_file"": ""raw_crossref\\Q06_robotic_water_quality.json"", ""raw_item_index"": 365}]"
,10.3390/w9090704,https://doi.org/10.3390/w9090704,Optimization of a Water Quality Monitoring Network Using a Spatially Referenced Water Quality Model and a Genetic Algorithm,Deepti Puri; Kyna Borel; Cherish Vance; Raghupathy Karthikeyan,2017,Water,journal-article,MDPI AG,9,9,704,,25,11,water_quality_monitoring,"[""water_quality_monitoring""]",False,False,True,metadata_candidate,water_quality_monitoring,"[""env"", ""water"", ""sensor""]",1,"[{""query_id"": ""Q06"", ""query_rank"": 452, ""api_score"": 19.534937, ""raw_file"": ""raw_crossref\\Q06_robotic_water_quality.json"", ""raw_item_index"": 451}]"
,10.1109/icces.2009.5383296,https://doi.org/10.1109/icces.2009.5383296,Enhanced mobile robot outdoor localization using INS/GPS integration,Eric North; Jacques Georgy; Mohammed Tarbouchi; Umar Iqbal; Aboelmagd Noureldin,2009,2009 International Conference on Computer Engineering & Systems,proceedings-article,IEEE,,,127-132,,25,11,outdoor_navigation_fusion,"[""outdoor_navigation_fusion""]",False,False,False,metadata_candidate,outdoor_navigation_fusion,"[""robot"", ""nav"", ""outdoor""]",1,"[{""query_id"": ""Q08"", ""query_rank"": 481, ""api_score"": 21.419014, ""raw_file"": ""raw_crossref\\Q08_outdoor_mapping_fusion.json"", ""raw_item_index"": 480}]"
,10.1109/access.2022.3216563,https://doi.org/10.1109/access.2022.3216563,Hybrid Control Architecture of an Unmanned Surface Vehicle Used for Water Quality Monitoring,Jorch Mendoza-Chok; Juan Carlos Cutipa Luque; Niel Franck Salas-Cueva; Daniel Yanyachi; Pablo Raul Yanyachi,2022,IEEE Access,journal-article,Institute of Electrical and Electronics Engineers (IEEE),10,,112789-112798,,24,11,water_quality_monitoring,"[""water_quality_monitoring""]",False,False,False,metadata_candidate,water_quality_monitoring,"[""env"", ""water"", ""sensor""]",1,"[{""query_id"": ""Q02"", ""query_rank"": 407, ""api_score"": 22.885666, ""raw_file"": ""raw_crossref\\Q02_ground_rover_air_quality.json"", ""raw_item_index"": 406}]"
,10.3390/electronics12163511,https://doi.org/10.3390/electronics12163511,Design of a Four-Wheel Steering Mobile Robot Platform and Adaptive Steering Control for Manual Operation,Beomsu Bae; Dong-Hyun Lee,2023,Electronics,journal-article,MDPI AG,12,16,3511,,23,11,four_wheel_steering,"[""four_wheel_steering""]",False,False,True,metadata_candidate,four_wheel_steering,"[""robot"", ""steer""]",1,"[{""query_id"": ""Q07"", ""query_rank"": 6, ""api_score"": 40.626053, ""raw_file"": ""raw_crossref\\Q07_four_wheel_steering.json"", ""raw_item_index"": 5}]"
,10.1016/b978-0-444-59395-5.00001-7,https://doi.org/10.1016/b978-0-444-59395-5.00001-7,"Monitoring Water Quality, Pollution Assessment, and Remediation to Assure Sustainability",Satinder (Sut) Ahuja,2013,Monitoring Water Quality,book-chapter,Elsevier,,,1-18,,23,11,water_quality_monitoring,"[""water_quality_monitoring""]",False,False,False,metadata_candidate,water_quality_monitoring,"[""env"", ""water"", ""sensor""]",1,"[{""query_id"": ""Q06"", ""query_rank"": 68, ""api_score"": 22.784445, ""raw_file"": ""raw_crossref\\Q06_robotic_water_quality.json"", ""raw_item_index"": 67}]"
,10.1080/08982112.2019.1578974,https://doi.org/10.1080/08982112.2019.1578974,Some simplified Shewhart-type distribution-free joint monitoring schemes and its application in monitoring drinking water turbidity,Z. L. Chong; A. Mukherjee; Michael B. C. Khoo,2019,Quality Engineering,journal-article,Informa UK Limited,32,1,91-110,,22,11,water_quality_monitoring,"[""water_quality_monitoring""]",False,False,False,metadata_candidate,water_quality_monitoring,"[""env"", ""water"", ""sensor""]",1,"[{""query_id"": ""Q06"", ""query_rank"": 13, ""api_score"": 26.702263, ""raw_file"": ""raw_crossref\\Q06_robotic_water_quality.json"", ""raw_item_index"": 12}]"
,10.1145/2480362.2480409,https://doi.org/10.1145/2480362.2480409,A Kalman filter based approach to probabilistic gas distribution mapping,Jose Luis Blanco; Javier G. Monroy; Achim Lilienthal; Javier Gonzalez-Jimenez,2013,Proceedings of the 28th Annual ACM Symposium on Applied Computing,proceedings-article,ACM,,,217-222,,22,11,gas_olfaction_mapping,"[""gas_olfaction_mapping""]",False,False,False,metadata_candidate,gas_olfaction_mapping,"[""env"", ""gas"", ""nav""]",1,"[{""query_id"": ""Q03"", ""query_rank"": 359, ""api_score"": 21.739212, ""raw_file"": ""raw_crossref\\Q03_robotic_gas_mapping.json"", ""raw_item_index"": 358}]"
,10.1007/s11269-025-04135-4,https://doi.org/10.1007/s11269-025-04135-4,Transforming Complex Water Quality Monitoring Data into Water Quality Indices,Nashwa A. Shaaban; David K. Stevens,2025,Water Resources Management,journal-article,Springer Science and Business Media LLC,39,8,3883-3899,,20,11,water_quality_monitoring,"[""water_quality_monitoring""]",False,False,True,metadata_candidate,water_quality_monitoring,"[""env"", ""water"", ""sensor""]",1,"[{""query_id"": ""Q06"", ""query_rank"": 374, ""api_score"": 19.880487, ""raw_file"": ""raw_crossref\\Q06_robotic_water_quality.json"", ""raw_item_index"": 373}]"
,10.1080/02508060.2017.1344818,https://doi.org/10.1080/02508060.2017.1344818,Quality matters: incorporating water quality into water access monitoring in rural Malawi,Sarah L. Smiley,2017,Water International,journal-article,Informa UK Limited,42,5,585-598,,20,11,water_quality_monitoring,"[""water_quality_monitoring""]",False,False,False,metadata_candidate,water_quality_monitoring,"[""env"", ""water"", ""sensor""]",2,"[{""query_id"": ""Q06"", ""query_rank"": 268, ""api_score"": 20.385195, ""raw_file"": ""raw_crossref\\Q06_robotic_water_quality.json"", ""raw_item_index"": 267}]"
,10.1016/j.sna.2025.116348,https://doi.org/10.1016/j.sna.2025.116348,Enhancing dust concentration monitoring in high particulate matter environments: A dual-light source particulate matter sensor approach based on Mie scattering,Changwei Xu; Wen Nie; Huitian Peng; Huaitong Li; Junchao Wan,2025,Sensors and Actuators A: Physical,journal-article,Elsevier BV,387,,116348,116348,19,11,particulate_air_quality,"[""particulate_air_quality""]",False,False,False,metadata_candidate,particulate_air_quality,"[""env"", ""air"", ""sensor""]",1,"[{""query_id"": ""Q04"", ""query_rank"": 495, ""api_score"": 21.322659, ""raw_file"": ""raw_crossref\\Q04_low_cost_particle_calibration.json"", ""raw_item_index"": 494}]"
,10.1109/iros45743.2020.9341781,https://doi.org/10.1109/iros45743.2020.9341781,Informative Path Planning for Gas Distribution Mapping in Cluttered Environments,Callum Rhodes; Cunjia Liu; Wen-Hua Chen,2020,2020 IEEE/RSJ International Conference on Intelligent Robots and Systems (IROS),proceedings-article,IEEE,,,6726-6732,,19,11,gas_olfaction_mapping,"[""gas_olfaction_mapping""]",False,False,False,metadata_candidate,gas_olfaction_mapping,"[""env"", ""gas"", ""nav""]",1,"[{""query_id"": ""Q03"", ""query_rank"": 220, ""api_score"": 22.8169, ""raw_file"": ""raw_crossref\\Q03_robotic_gas_mapping.json"", ""raw_item_index"": 219}]"
,10.5772/33720,https://doi.org/10.5772/33720,Surface Water Quality Monitoring in Nigeria: Situational Analysis and Future Management Strategy,A.M. Taiwo; O.O. Olujimi; O. Bamgbose; T.A. Arowolo,2012,Water Quality Monitoring and Assessment,book-chapter,InTech,,,,,19,11,water_quality_monitoring,"[""water_quality_monitoring""]",False,False,False,metadata_candidate,water_quality_monitoring,"[""env"", ""water"", ""sensor""]",1,"[{""query_id"": ""Q06"", ""query_rank"": 140, ""api_score"": 21.371403, ""raw_file"": ""raw_crossref\\Q06_robotic_water_quality.json"", ""raw_item_index"": 139}]"
,10.1109/iros.2005.1545152,https://doi.org/10.1109/iros.2005.1545152,Towards geometric 3D mapping of outdoor environments using mobile robots,D. Wolf; A. Howard; G.S. Sukhatme,2005,2005 IEEE/RSJ International Conference on Intelligent Robots and Systems,proceedings-article,IEEE,,,1507-1512,,19,11,outdoor_navigation_fusion,"[""outdoor_navigation_fusion""]",False,False,False,metadata_candidate,outdoor_navigation_fusion,"[""robot"", ""nav"", ""outdoor""]",1,"[{""query_id"": ""Q08"", ""query_rank"": 480, ""api_score"": 21.423662, ""raw_file"": ""raw_crossref\\Q08_outdoor_mapping_fusion.json"", ""raw_item_index"": 479}]"
,10.1016/j.swevo.2024.101615,https://doi.org/10.1016/j.swevo.2024.101615,Collaborative gas source localization strategy with networked nano-drones in unknown cluttered environments,Vu Phi Tran; Matthew A. Garratt; Sreenatha G. Anavatti; Sridhar Ravi,2024,Swarm and Evolutionary Computation,journal-article,Elsevier BV,89,,101615,101615,18,11,gas_olfaction_mapping,"[""gas_olfaction_mapping""]",False,False,False,metadata_candidate,gas_olfaction_mapping,"[""env"", ""gas"", ""nav""]",1,"[{""query_id"": ""Q03"", ""query_rank"": 304, ""api_score"": 22.075626, ""raw_file"": ""raw_crossref\\Q03_robotic_gas_mapping.json"", ""raw_item_index"": 303}]"
,10.1016/b978-0-12-811330-1.00001-6,https://doi.org/10.1016/b978-0-12-811330-1.00001-6,Sensors in Water Quality Monitoring,Daoliang Li; Shuangyin Liu,2019,Water Quality Monitoring and Management,book-chapter,Elsevier,,,1-54,,18,11,water_quality_monitoring,"[""water_quality_monitoring""]",False,False,False,metadata_candidate,water_quality_monitoring,"[""env"", ""water"", ""sensor""]",1,"[{""query_id"": ""Q06"", ""query_rank"": 55, ""api_score"": 23.011887, ""raw_file"": ""raw_crossref\\Q06_robotic_water_quality.json"", ""raw_item_index"": 54}]"
,10.1080/09064710.2014.966751,https://doi.org/10.1080/09064710.2014.966751,"Use of sensor data for turbidity, pH and conductivity as an alternative to conventional water quality monitoring in four Norwegian case studies",Eva Skarbøvik; Roger Roseth,2014,"Acta Agriculturae Scandinavica, Section B — Soil & Plant Science",journal-article,Informa UK Limited,65,1,63-73,,18,11,water_quality_monitoring,"[""water_quality_monitoring""]",False,False,False,metadata_candidate,water_quality_monitoring,"[""env"", ""water"", ""sensor""]",1,"[{""query_id"": ""Q06"", ""query_rank"": 22, ""api_score"": 25.120245, ""raw_file"": ""raw_crossref\\Q06_robotic_water_quality.json"", ""raw_item_index"": 21}]"
,10.5772/2411,https://doi.org/10.5772/2411,Water Quality Monitoring and Assessment,,2012,,edited-book,InTech,,,,,18,11,water_quality_monitoring,"[""water_quality_monitoring""]",False,False,False,metadata_candidate,water_quality_monitoring,"[""env"", ""water"", ""sensor""]",1,"[{""query_id"": ""Q06"", ""query_rank"": 278, ""api_score"": 20.291445, ""raw_file"": ""raw_crossref\\Q06_robotic_water_quality.json"", ""raw_item_index"": 277}]"
,10.1109/jsen.2023.3326550,https://doi.org/10.1109/jsen.2023.3326550,High-Precision Monitoring System for Turbidity of Drinking Water by Using Scattering Method,Kai Chen; Xiaoli Wang; Chengyou Wang,2023,IEEE Sensors Journal,journal-article,Institute of Electrical and Electronics Engineers (IEEE),23,23,29525-29535,,17,11,water_quality_monitoring,"[""water_quality_monitoring""]",False,False,False,metadata_candidate,water_quality_monitoring,"[""env"", ""water"", ""sensor""]",1,"[{""query_id"": ""Q06"", ""query_rank"": 480, ""api_score"": 19.333817, ""raw_file"": ""raw_crossref\\Q06_robotic_water_quality.json"", ""raw_item_index"": 479}]"
,10.1109/access.2019.2940936,https://doi.org/10.1109/access.2019.2940936,Wind-Independent Estimation of Gas Source Distance From Transient Features of Metal Oxide Sensor Signals,Javier Burgues; Santiago Marco,2019,IEEE Access,journal-article,Institute of Electrical and Electronics Engineers (IEEE),7,,140460-140469,,17,11,gas_olfaction_mapping,"[""gas_olfaction_mapping""]",False,False,False,metadata_candidate,gas_olfaction_mapping,"[""env"", ""gas"", ""sensor""]",1,"[{""query_id"": ""Q05"", ""query_rank"": 115, ""api_score"": 23.48037, ""raw_file"": ""raw_crossref\\Q05_gas_sensor_calibration.json"", ""raw_item_index"": 114}]"
,10.1109/indicon.2016.7839099,https://doi.org/10.1109/indicon.2016.7839099,Real time in-vehicle air quality monitoring using mobile sensing,Divya Lohani; Debopam Acharya,2016,2016 IEEE Annual India Conference (INDICON),proceedings-article,IEEE,,,1-6,,17,11,particulate_air_quality,"[""particulate_air_quality""]",False,False,False,metadata_candidate,particulate_air_quality,"[""env"", ""air"", ""sensor""]",1,"[{""query_id"": ""Q02"", ""query_rank"": 111, ""api_score"": 25.410433, ""raw_file"": ""raw_crossref\\Q02_ground_rover_air_quality.json"", ""raw_item_index"": 110}]"
,10.1002/wrcr.20509,https://doi.org/10.1002/wrcr.20509,Optimizing an estuarine water quality monitoring program through an entropy-based hierarchical spatiotemporal Bayesian framework,Ibrahim Alameddine; Subhankar Karmakar; Song S. Qian; Hans W. Paerl; Kenneth H. Reckhow,2013,Water Resources Research,journal-article,American Geophysical Union (AGU),49,10,6933-6945,,17,11,water_quality_monitoring,"[""water_quality_monitoring""]",False,False,False,metadata_candidate,water_quality_monitoring,"[""env"", ""water"", ""sensor""]",1,"[{""query_id"": ""Q06"", ""query_rank"": 381, ""api_score"": 19.837315, ""raw_file"": ""raw_crossref\\Q06_robotic_water_quality.json"", ""raw_item_index"": 380}]"
,10.1002/0471473332.ch24,https://doi.org/10.1002/0471473332.ch24,Turbidity Monitoring,John Downing,2004,Environmental Instrumentation and Analysis Handbook,other,Wiley,,,511-546,,17,11,water_quality_monitoring,"[""water_quality_monitoring""]",False,False,False,metadata_candidate,water_quality_monitoring,"[""env"", ""water"", ""sensor""]",1,"[{""query_id"": ""Q06"", ""query_rank"": 367, ""api_score"": 19.919476, ""raw_file"": ""raw_crossref\\Q06_robotic_water_quality.json"", ""raw_item_index"": 366}]"
,10.1007/978-3-031-45300-7_9,https://doi.org/10.1007/978-3-031-45300-7_9,"Urban Air Quality Monitoring and Modelling Using Ground Monitoring, Remote Sensing, and GIS",Sunita Verma; Tanu Gangwar; Janhavi Singh; Divya Prakash; Swagata Payra,2023,Geospatial Analytics for Environmental Pollution Modeling,book-chapter,Springer Nature Switzerland,,,213-247,,16,11,particulate_air_quality,"[""particulate_air_quality""]",False,False,False,metadata_candidate,particulate_air_quality,"[""env"", ""air"", ""sensor""]",1,"[{""query_id"": ""Q02"", ""query_rank"": 393, ""api_score"": 22.909367, ""raw_file"": ""raw_crossref\\Q02_ground_rover_air_quality.json"", ""raw_item_index"": 392}]"
,10.1088/1757-899x/384/1/012052,https://doi.org/10.1088/1757-899x/384/1/012052,Prototype of Water Turbidity Monitoring System,Y Mulyana; D L Hakim,2018,IOP Conference Series: Materials Science and Engineering,journal-article,IOP Publishing,384,,012052,,16,11,water_quality_monitoring,"[""water_quality_monitoring""]",False,False,False,metadata_candidate,water_quality_monitoring,"[""env"", ""water"", ""sensor""]",1,"[{""query_id"": ""Q06"", ""query_rank"": 272, ""api_score"": 20.351397, ""raw_file"": ""raw_crossref\\Q06_robotic_water_quality.json"", ""raw_item_index"": 271}]"
,10.1007/s10661-020-8112-x,https://doi.org/10.1007/s10661-020-8112-x,Synergistic effects of quenching agents and pH on the stability of regulated and unregulated disinfection by-products for drinking water quality monitoring,Jianan Gao; Francois Proulx; Manuel J. Rodriguez,2020,Environmental Monitoring and Assessment,journal-article,Springer Science and Business Media LLC,192,2,,143,15,11,water_quality_monitoring,"[""water_quality_monitoring""]",False,False,False,metadata_candidate,water_quality_monitoring,"[""env"", ""water"", ""sensor""]",1,"[{""query_id"": ""Q06"", ""query_rank"": 162, ""api_score"": 21.072124, ""raw_file"": ""raw_crossref\\Q06_robotic_water_quality.json"", ""raw_item_index"": 161}]"
,10.1002/ceat.201800209,https://doi.org/10.1002/ceat.201800209,Opportunities for Low‐Cost Particulate Matter Sensors in Filter Emission Measurements,Almuth D. Schwarz; Jörg Meyer; Achim Dittler,2018,Chemical Engineering & Technology,journal-article,Wiley,41,9,1826-1832,,15,11,particulate_air_quality,"[""particulate_air_quality""]",False,False,True,metadata_candidate,particulate_air_quality,"[""env"", ""air"", ""sensor""]",1,"[{""query_id"": ""Q04"", ""query_rank"": 311, ""api_score"": 22.952389, ""raw_file"": ""raw_crossref\\Q04_low_cost_particle_calibration.json"", ""raw_item_index"": 310}]"
,10.23919/oceans.2015.7404447,https://doi.org/10.23919/oceans.2015.7404447,An open-source watertight unmanned aerial vehicle for water quality monitoring,Paulo Rodrigues; Francisco Marques; Eduardo Pinto; Ricardo Pombeiro; Andre Lourenco; Ricardo Mendonca; Pedro Santana; Jose Barata,2015,OCEANS 2015 - MTS/IEEE Washington,proceedings-article,IEEE,,,1-6,,15,11,water_quality_monitoring,"[""water_quality_monitoring""]",False,False,False,metadata_candidate,water_quality_monitoring,"[""env"", ""water"", ""sensor""]",1,"[{""query_id"": ""Q02"", ""query_rank"": 221, ""api_score"": 24.079714, ""raw_file"": ""raw_crossref\\Q02_ground_rover_air_quality.json"", ""raw_item_index"": 220}]"
,10.1109/crv.2009.6,https://doi.org/10.1109/crv.2009.6,Environment Classification for Indoor/Outdoor Robotic Mapping,Jack Collier; Alejandro Ramirez-Serrano,2009,2009 Canadian Conference on Computer and Robot Vision,proceedings-article,IEEE,,,276-283,,15,11,outdoor_navigation_fusion,"[""outdoor_navigation_fusion""]",False,False,False,metadata_candidate,outdoor_navigation_fusion,"[""robot"", ""nav"", ""outdoor""]",1,"[{""query_id"": ""Q08"", ""query_rank"": 201, ""api_score"": 23.838144, ""raw_file"": ""raw_crossref\\Q08_outdoor_mapping_fusion.json"", ""raw_item_index"": 200}]"
,10.1016/j.envsoft.2022.105600,https://doi.org/10.1016/j.envsoft.2022.105600,PLUME Dashboard: A free and open-source mobile air quality monitoring dashboard,Chris Kelly; Julian Fawkes; Rachel Habermehl; Davi de Ferreyro Monticelli; Naomi Zimmerman,2023,Environmental Modelling & Software,journal-article,Elsevier BV,160,,105600,105600,14,11,particulate_air_quality,"[""particulate_air_quality""]",False,False,False,metadata_candidate,particulate_air_quality,"[""env"", ""air"", ""sensor""]",1,"[{""query_id"": ""Q01"", ""query_rank"": 461, ""api_score"": 16.465017, ""raw_file"": ""raw_crossref\\Q01_mobile_robot_environment.json"", ""raw_item_index"": 460}]"
,10.1016/j.measurement.2021.109989,https://doi.org/10.1016/j.measurement.2021.109989,Chirp modulation enabled turbidity measurement for large scale monitoring of fresh water,Junxuan Wei; Fei Qin; Gang Li; Xujie Li; Xiaobo Liu; Xuewu Dai,2021,Measurement,journal-article,Elsevier BV,184,,109989,109989,14,11,water_quality_monitoring,"[""water_quality_monitoring""]",False,False,False,metadata_candidate,water_quality_monitoring,"[""env"", ""water"", ""sensor""]",1,"[{""query_id"": ""Q06"", ""query_rank"": 302, ""api_score"": 20.220377, ""raw_file"": ""raw_crossref\\Q06_robotic_water_quality.json"", ""raw_item_index"": 301}]"
,10.3390/agronomy12112655,https://doi.org/10.3390/agronomy12112655,Performance Analysis and Optimization for Steering Motion Mode Switching of an Agricultural Four-Wheel-Steering Mobile Robot,Jiwei Qu; Hongji Li; Zhe Zhang; Xiaobo Xi; Ruihong Zhang; Kangquan Guo,2022,Agronomy,journal-article,MDPI AG,12,11,2655,,13,11,four_wheel_steering,"[""four_wheel_steering""]",False,False,True,metadata_candidate,four_wheel_steering,"[""robot"", ""steer""]",1,"[{""query_id"": ""Q07"", ""query_rank"": 14, ""api_score"": 37.164402, ""raw_file"": ""raw_crossref\\Q07_four_wheel_steering.json"", ""raw_item_index"": 13}]"
,10.1039/b311137g,https://doi.org/10.1039/b311137g,Water toxicity monitoring using Vibrio fischeri: a method free of interferences from colour and turbidity,Elsa Correia Faria; Bernard J. Treves Brown; Richard D. Snook,2004,Journal of Environmental Monitoring,journal-article,Royal Society of Chemistry (RSC),6,2,97,,13,11,water_quality_monitoring,"[""water_quality_monitoring""]",False,False,False,metadata_candidate,water_quality_monitoring,"[""env"", ""water"", ""sensor""]",1,"[{""query_id"": ""Q06"", ""query_rank"": 248, ""api_score"": 20.489624, ""raw_file"": ""raw_crossref\\Q06_robotic_water_quality.json"", ""raw_item_index"": 247}]"
,10.1016/j.ohx.2023.e00482,https://doi.org/10.1016/j.ohx.2023.e00482,AirQo sensor kit: A particulate matter air quality sensing kit custom designed for low-resource settings,Engineer Bainomugisha; Joel Ssematimba; Deogratius Okedi; Anold Nsubuga; Marvin Banda; George William Settala; Gideon Lubisia,2023,HardwareX,journal-article,Elsevier BV,16,,e00482,e00482,12,11,particulate_air_quality,"[""particulate_air_quality""]",False,False,False,metadata_candidate,particulate_air_quality,"[""env"", ""air"", ""sensor""]",1,"[{""query_id"": ""Q04"", ""query_rank"": 406, ""api_score"": 22.05688, ""raw_file"": ""raw_crossref\\Q04_low_cost_particle_calibration.json"", ""raw_item_index"": 405}]"
,10.1109/iros47612.2022.9981976,https://doi.org/10.1109/iros47612.2022.9981976,GaSLAM: An Algorithm for Simultaneous Gas Source Localization and Gas Distribution Mapping in 3D,Chiara Ercolani; Lixuan Tang; Alcherio Martinoli,2022,2022 IEEE/RSJ International Conference on Intelligent Robots and Systems (IROS),proceedings-article,IEEE,,,333-340,,12,11,gas_olfaction_mapping,"[""gas_olfaction_mapping""]",False,False,False,metadata_candidate,gas_olfaction_mapping,"[""env"", ""gas"", ""nav""]",1,"[{""query_id"": ""Q03"", ""query_rank"": 3, ""api_score"": 38.546356, ""raw_file"": ""raw_crossref\\Q03_robotic_gas_mapping.json"", ""raw_item_index"": 2}]"
,10.1108/ir-09-2019-0203,https://doi.org/10.1108/ir-09-2019-0203,Robust motion control for multi-split transmission line four-wheel driven mobile operation robot in extreme power environment,Hong Jun Li; Wei Jiang; Dehua Zou; Yu Yan; An Zhang; Wei Chen,2020,Industrial Robot: the international journal of robotics research and application,journal-article,Emerald,47,2,219-229,,12,11,four_wheel_steering,"[""four_wheel_steering""]",False,False,True,metadata_candidate,four_wheel_steering,"[""robot"", ""steer""]",1,"[{""query_id"": ""Q07"", ""query_rank"": 417, ""api_score"": 24.342068, ""raw_file"": ""raw_crossref\\Q07_four_wheel_steering.json"", ""raw_item_index"": 416}]"
,10.3390/w11040713,https://doi.org/10.3390/w11040713,Designing an Optimized Water Quality Monitoring Network with Reserved Monitoring Locations,Xiaohui Zhu; Yong Yue; Prudence W.H. Wong; Yixin Zhang; Hao Ding,2019,Water,journal-article,MDPI AG,11,4,713,,12,11,water_quality_monitoring,"[""water_quality_monitoring""]",False,False,True,metadata_candidate,water_quality_monitoring,"[""env"", ""water"", ""sensor""]",1,"[{""query_id"": ""Q06"", ""query_rank"": 370, ""api_score"": 19.910107, ""raw_file"": ""raw_crossref\\Q06_robotic_water_quality.json"", ""raw_item_index"": 369}]"
,10.1109/chicc.2015.7260580,https://doi.org/10.1109/chicc.2015.7260580,Three-dimensional gas distribution mapping with a micro-drone,Luo Bing; Meng Qing-Hao; Wang Jia-Ying; Sun Biao; Wang Ying,2015,2015 34th Chinese Control Conference (CCC),proceedings-article,IEEE,,,6011-6015,,12,11,gas_olfaction_mapping,"[""gas_olfaction_mapping""]",False,False,False,metadata_candidate,gas_olfaction_mapping,"[""env"", ""gas"", ""nav""]",1,"[{""query_id"": ""Q03"", ""query_rank"": 187, ""api_score"": 23.119656, ""raw_file"": ""raw_crossref\\Q03_robotic_gas_mapping.json"", ""raw_item_index"": 186}]"
,10.7763/ijesd.2012.v3.240,https://doi.org/10.7763/ijesd.2012.v3.240,"Urban Mobile Air Quality Monitoring Using GIS, GPS, Sensors and Internet",H. Prasad Raju; P. Partheeban; R. Rani Hemamalini,2012,International Journal of Environmental Science and Development,journal-article,EJournal Publishing,,,323-327,,12,11,particulate_air_quality,"[""particulate_air_quality""]",False,False,False,metadata_candidate,particulate_air_quality,"[""env"", ""air"", ""sensor""]",1,"[{""query_id"": ""Q01"", ""query_rank"": 152, ""api_score"": 18.433224, ""raw_file"": ""raw_crossref\\Q01_mobile_robot_environment.json"", ""raw_item_index"": 151}]"
,10.1063/1.3156484,https://doi.org/10.1063/1.3156484,Three-Dimensional Statistical Gas Distribution Mapping in an Uncontrolled Indoor Environment,Matteo Reggente; Achim J. Lilienthal; Matteo Pardo; Giorgio Sberveglieri,2009,AIP Conference Proceedings,proceedings-article,AIP,,,109-112,,12,11,gas_olfaction_mapping,"[""gas_olfaction_mapping""]",False,False,False,metadata_candidate,gas_olfaction_mapping,"[""env"", ""gas"", ""nav""]",1,"[{""query_id"": ""Q03"", ""query_rank"": 104, ""api_score"": 24.337837, ""raw_file"": ""raw_crossref\\Q03_robotic_gas_mapping.json"", ""raw_item_index"": 103}]"
,10.1016/j.hydres.2023.06.001,https://doi.org/10.1016/j.hydres.2023.06.001,"Variations of groundwater turbidity in the Bandung regency, Indonesia: From community-used water quality monitoring data",Nurul Fahimah; Indah Rachmatiah Siti Salami; Katharina Oginawati; Yutika Nadira Thaher,2023,HydroResearch,journal-article,Elsevier BV,6,,216-227,,11,11,water_quality_monitoring,"[""water_quality_monitoring""]",False,False,False,metadata_candidate,water_quality_monitoring,"[""env"", ""water"", ""sensor""]",2,"[{""query_id"": ""Q06"", ""query_rank"": 40, ""api_score"": 23.950243, ""raw_file"": ""raw_crossref\\Q06_robotic_water_quality.json"", ""raw_item_index"": 39}]"
,10.1109/icrest51555.2021.9331020,https://doi.org/10.1109/icrest51555.2021.9331020,Microcontroller Based Environmental Pollution Monitoring System though IoT Implementation,Nadia Nowshin; Md. Shajedul Hasan,2021,"2021 2nd International Conference on Robotics, Electrical and Signal Processing Techniques (ICREST)",proceedings-article,IEEE,,,493-498,,11,11,embedded_environmental_sensing,"[""embedded_environmental_sensing""]",False,False,False,metadata_candidate,embedded_environmental_sensing,"[""env"", ""sensor"", ""embedded""]",1,"[{""query_id"": ""Q10"", ""query_rank"": 194, ""api_score"": 16.996534, ""raw_file"": ""raw_crossref\\Q10_environmental_robotics_datasets.json"", ""raw_item_index"": 193}]"
,10.1145/3102304.3102339,https://doi.org/10.1145/3102304.3102339,Air Quality Monitoring Platform based on Remote Unmanned Aerial Vehicle with Wireless Communication,S. D. Zhi; Y. B. Wei; Z. H. Yu,2017,Proceedings of the International Conference on Future Networks and Distributed Systems,proceedings-article,ACM,,,1-7,,11,11,particulate_air_quality,"[""particulate_air_quality""]",False,False,False,metadata_candidate,particulate_air_quality,"[""env"", ""air"", ""sensor""]",1,"[{""query_id"": ""Q02"", ""query_rank"": 21, ""api_score"": 28.865086, ""raw_file"": ""raw_crossref\\Q02_ground_rover_air_quality.json"", ""raw_item_index"": 20}]"
,10.1127/1863-9135/2014/0565,https://doi.org/10.1127/1863-9135/2014/0565,Temporal variability in groundwater and surface water quality in humid agricultural catchments; driving processes and consequences for regional water quality monitoring,Joachim Rozemeijer; Ype van der Velde,2014,Fundamental and Applied Limnology,journal-article,Schweizerbart,184,3,195-209,,11,11,water_quality_monitoring,"[""water_quality_monitoring""]",False,False,False,metadata_candidate,water_quality_monitoring,"[""env"", ""water"", ""sensor""]",1,"[{""query_id"": ""Q06"", ""query_rank"": 372, ""api_score"": 19.900763, ""raw_file"": ""raw_crossref\\Q06_robotic_water_quality.json"", ""raw_item_index"": 371}]"
,10.1109/robio.2007.4522272,https://doi.org/10.1109/robio.2007.4522272,Explorative Particle Swarm Optimization Method for Gas/Odor Source Localization in an Indoor Environment with no Strong Airflow,Gabriele Ferri; Emanuele Caselli; Virgilio Mattoli; Alessio Mondini; Barbara Mazzolai; Paolo Dario,2007,2007 IEEE International Conference on Robotics and Biomimetics (ROBIO),proceedings-article,IEEE,,,841-846,,11,11,gas_olfaction_mapping,"[""gas_olfaction_mapping""]",False,False,False,metadata_candidate,gas_olfaction_mapping,"[""env"", ""gas"", ""nav""]",1,"[{""query_id"": ""Q03"", ""query_rank"": 482, ""api_score"": 21.075893, ""raw_file"": ""raw_crossref\\Q03_robotic_gas_mapping.json"", ""raw_item_index"": 481}]"
,10.3390/app15010485,https://doi.org/10.3390/app15010485,Trajectory Tracking for 3-Wheeled Independent Drive and Steering Mobile Robot Based on Dynamic Model Predictive Control,Chaobin Xu; Xingyu Zhou; Rupeng Chen; Bazhou Li; Wenhao He; Yang Li; Fangping Ye,2025,Applied Sciences,journal-article,MDPI AG,15,1,485,,10,11,four_wheel_steering,"[""four_wheel_steering""]",False,False,True,metadata_candidate,four_wheel_steering,"[""robot"", ""steer""]",1,"[{""query_id"": ""Q07"", ""query_rank"": 316, ""api_score"": 25.343481, ""raw_file"": ""raw_crossref\\Q07_four_wheel_steering.json"", ""raw_item_index"": 315}]"
,10.1109/ies55876.2022.9888466,https://doi.org/10.1109/ies55876.2022.9888466,Air Purification System for Air Quality Monitoring In-Vehicle,Kyle Vonmar T. Agullo; John Patric A Sasis; Julius T. Sese,2022,2022 International Electronics Symposium (IES),proceedings-article,IEEE,,,136-141,,10,11,particulate_air_quality,"[""particulate_air_quality""]",False,False,False,metadata_candidate,particulate_air_quality,"[""env"", ""air"", ""sensor""]",1,"[{""query_id"": ""Q02"", ""query_rank"": 78, ""api_score"": 25.909082, ""raw_file"": ""raw_crossref\\Q02_ground_rover_air_quality.json"", ""raw_item_index"": 77}]"
,10.3389/fenvs.2022.986913,https://doi.org/10.3389/fenvs.2022.986913,Deep learning–based turbidity compensation for ultraviolet-visible spectrum correction in monitoring water parameters,Hongming Zhang; Xiang Zhou; Zui Tao; Tingting Lv; Jin Wang,2022,Frontiers in Environmental Science,journal-article,Frontiers Media SA,10,,,986913,10,11,water_quality_monitoring,"[""water_quality_monitoring""]",False,False,True,metadata_candidate,water_quality_monitoring,"[""env"", ""water"", ""sensor""]",1,"[{""query_id"": ""Q06"", ""query_rank"": 442, ""api_score"": 19.577393, ""raw_file"": ""raw_crossref\\Q06_robotic_water_quality.json"", ""raw_item_index"": 441}]"
,10.3389/frwa.2022.917595,https://doi.org/10.3389/frwa.2022.917595,Perspectives on Water Quality Monitoring Approaches for Behavioral Change Research,Phil Jordan; Rachel Cassidy,2022,Frontiers in Water,journal-article,Frontiers Media SA,4,,,917595,10,11,water_quality_monitoring,"[""water_quality_monitoring""]",False,False,True,metadata_candidate,water_quality_monitoring,"[""env"", ""water"", ""sensor""]",1,"[{""query_id"": ""Q06"", ""query_rank"": 492, ""api_score"": 19.29535, ""raw_file"": ""raw_crossref\\Q06_robotic_water_quality.json"", ""raw_item_index"": 491}]"
,10.1007/978-3-642-37006-9_10,https://doi.org/10.1007/978-3-642-37006-9_10,Remote Monitoring of Water Quality for Intensive Fish Culture,D. Li; S. Liu,2013,"Smart Sensors, Measurement and Instrumentation Smart Sensors for Real-Time Water Quality Monitoring",book-chapter,Springer Berlin Heidelberg,,,217-238,,10,11,water_quality_monitoring,"[""water_quality_monitoring""]",False,False,False,metadata_candidate,water_quality_monitoring,"[""env"", ""water"", ""sensor""]",1,"[{""query_id"": ""Q06"", ""query_rank"": 386, ""api_score"": 19.809752, ""raw_file"": ""raw_crossref\\Q06_robotic_water_quality.json"", ""raw_item_index"": 385}]"
,10.3390/w13111523,https://doi.org/10.3390/w13111523,"Monitoring, Modeling and Management of Water Quality",Matthias Zessner,2021,Water,journal-article,MDPI AG,13,11,1523,,9,11,water_quality_monitoring,"[""water_quality_monitoring""]",False,False,True,metadata_candidate,water_quality_monitoring,"[""env"", ""water"", ""sensor""]",1,"[{""query_id"": ""Q06"", ""query_rank"": 207, ""api_score"": 20.69758, ""raw_file"": ""raw_crossref\\Q06_robotic_water_quality.json"", ""raw_item_index"": 206}]"
,10.1109/aucc.2016.7868190,https://doi.org/10.1109/aucc.2016.7868190,Extended Kalman Filter for indoor and outdoor localization of a wheeled mobile robot,Anna Skobeleva; Valeri Ugrinovskii; Ian Petersen,2016,2016 Australian Control Conference (AuCC),proceedings-article,IEEE,,,212-216,,9,11,outdoor_navigation_fusion,"[""outdoor_navigation_fusion""]",False,False,False,metadata_candidate,outdoor_navigation_fusion,"[""robot"", ""nav"", ""outdoor""]",1,"[{""query_id"": ""Q08"", ""query_rank"": 361, ""api_score"": 22.305794, ""raw_file"": ""raw_crossref\\Q08_outdoor_mapping_fusion.json"", ""raw_item_index"": 360}]"
,10.1016/j.wsj.2013.12.005,https://doi.org/10.1016/j.wsj.2013.12.005,Identifying uncertainty of the mean of some water quality variables along water quality monitoring network of Bahr El Baqar drain,Hussein G. Karaman,2013,Water Science,journal-article,Springer Science and Business Media LLC,27,54,48-56,,9,11,water_quality_monitoring,"[""water_quality_monitoring""]",False,False,False,metadata_candidate,water_quality_monitoring,"[""env"", ""water"", ""sensor""]",1,"[{""query_id"": ""Q06"", ""query_rank"": 473, ""api_score"": 19.37232, ""raw_file"": ""raw_crossref\\Q06_robotic_water_quality.json"", ""raw_item_index"": 472}]"
,10.3133/wri034166,https://doi.org/10.3133/wri034166,Framework for a ground-water quality monitoring and assessment program for California,,2003,,report,US Geological Survey,,,,,9,11,water_quality_monitoring,"[""water_quality_monitoring""]",False,False,False,metadata_candidate,water_quality_monitoring,"[""env"", ""water"", ""sensor""]",1,"[{""query_id"": ""Q06"", ""query_rank"": 437, ""api_score"": 19.594103, ""raw_file"": ""raw_crossref\\Q06_robotic_water_quality.json"", ""raw_item_index"": 436}]"
,10.1021/acsestwater.3c00596,https://doi.org/10.1021/acsestwater.3c00596,An Approach Based on Video Image Intelligent Recognition for Water Turbidity Monitoring in River,Nie Zhou; Hua Chen; Na Chen; Bingyi Liu,2024,ACS ES&T Water,journal-article,American Chemical Society (ACS),4,2,543-554,,8,11,water_quality_monitoring,"[""water_quality_monitoring""]",False,False,False,metadata_candidate,water_quality_monitoring,"[""env"", ""water"", ""sensor""]",1,"[{""query_id"": ""Q06"", ""query_rank"": 163, ""api_score"": 21.061464, ""raw_file"": ""raw_crossref\\Q06_robotic_water_quality.json"", ""raw_item_index"": 162}]"
,10.3390/environsciproc2022021063,https://doi.org/10.3390/environsciproc2022021063,Monitoring Water Turbidity Using Remote Sensing Techniques,Domenico Miglino; Seifeddine Jomaa; Michael Rode; Francesco Isgro; Salvatore Manfreda,2022,EWaS5 International Conference: “Water Security and Safety Management: Emerging Threats or New Challenges? Moving from Therapy and Restoration to Prognosis and Prevention”,proceedings-article,MDPI,,,63,,8,11,water_quality_monitoring,"[""water_quality_monitoring""]",False,False,False,metadata_candidate,water_quality_monitoring,"[""env"", ""water"", ""sensor""]",1,"[{""query_id"": ""Q06"", ""query_rank"": 479, ""api_score"": 19.333916, ""raw_file"": ""raw_crossref\\Q06_robotic_water_quality.json"", ""raw_item_index"": 478}]"
,10.1109/iaeac.2018.8577260,https://doi.org/10.1109/iaeac.2018.8577260,Design and Implementation of Unmanned Surface Vehicle for Water Quality Monitoring,Huiru Cao; Zhongwei Guo; Yucheng Gu; Jiaxin Zhou,2018,"2018 IEEE 3rd Advanced Information Technology, Electronic and Automation Control Conference (IAEAC)",proceedings-article,IEEE,,,1574-1577,,8,11,water_quality_monitoring,"[""water_quality_monitoring""]",False,False,False,metadata_candidate,water_quality_monitoring,"[""env"", ""water"", ""sensor""]",1,"[{""query_id"": ""Q02"", ""query_rank"": 194, ""api_score"": 24.309788, ""raw_file"": ""raw_crossref\\Q02_ground_rover_air_quality.json"", ""raw_item_index"": 193}]"
,10.5772/65703,https://doi.org/10.5772/65703,Integrated Approaches in Water Quality Monitoring for River Health Assessment: Scenario of Malaysian River,Salmiati; Nor Zaiha Arman; Mohd Razman Salim,2017,Water Quality,book-chapter,InTech,,,,,8,11,water_quality_monitoring,"[""water_quality_monitoring""]",False,False,False,metadata_candidate,water_quality_monitoring,"[""env"", ""water"", ""sensor""]",1,"[{""query_id"": ""Q06"", ""query_rank"": 445, ""api_score"": 19.567554, ""raw_file"": ""raw_crossref\\Q06_robotic_water_quality.json"", ""raw_item_index"": 444}]"
,10.1109/isms.2013.76,https://doi.org/10.1109/isms.2013.76,A Low-Cost Mobile Urban Environmental Monitoring System,K. Abraham; S. Pandian,2013,"2013 4th International Conference on Intelligent Systems, Modelling and Simulation",proceedings-article,IEEE,,,659-664,,8,11,embedded_environmental_sensing,"[""embedded_environmental_sensing""]",False,False,False,metadata_candidate,embedded_environmental_sensing,"[""env"", ""sensor"", ""embedded""]",1,"[{""query_id"": ""Q01"", ""query_rank"": 250, ""api_score"": 17.432755, ""raw_file"": ""raw_crossref\\Q01_mobile_robot_environment.json"", ""raw_item_index"": 249}]"
,10.4155/ebo.13.208,https://doi.org/10.4155/ebo.13.208,Emerging sensor technologies for monitoring water quality,Ashok Vaseashta,2013,Applications of Nanomaterials for Water Quality,other,Future Science Ltd,,,66-84,,8,11,water_quality_monitoring,"[""water_quality_monitoring""]",False,False,False,metadata_candidate,water_quality_monitoring,"[""env"", ""water"", ""sensor""]",1,"[{""query_id"": ""Q06"", ""query_rank"": 188, ""api_score"": 20.890968, ""raw_file"": ""raw_crossref\\Q06_robotic_water_quality.json"", ""raw_item_index"": 187}]"
,10.5772/32159,https://doi.org/10.5772/32159,Water Quality Monitoring and Associated Distributed Measurement Systems: An Overview,Octavian Postolache; Pedro Silva; Jos Miguel Dias Pereir,2012,Water Quality Monitoring and Assessment,book-chapter,InTech,,,,,8,11,water_quality_monitoring,"[""water_quality_monitoring""]",False,False,False,metadata_candidate,water_quality_monitoring,"[""env"", ""water"", ""sensor""]",1,"[{""query_id"": ""Q06"", ""query_rank"": 106, ""api_score"": 21.758993, ""raw_file"": ""raw_crossref\\Q06_robotic_water_quality.json"", ""raw_item_index"": 105}]"
,10.1002/9780470511121.ch20,https://doi.org/10.1002/9780470511121.ch20,Remote Sensing as a Tool For Monitoring Lake Water Quality,Kari Kallio,2000,Water Quality Measurements Water Quality Measurements Series,other,Wiley,,,237-245,,8,11,water_quality_monitoring,"[""water_quality_monitoring""]",False,False,False,metadata_candidate,water_quality_monitoring,"[""env"", ""water"", ""sensor""]",1,"[{""query_id"": ""Q06"", ""query_rank"": 93, ""api_score"": 21.928726, ""raw_file"": ""raw_crossref\\Q06_robotic_water_quality.json"", ""raw_item_index"": 92}]"
,10.1186/s13104-021-05578-9,https://doi.org/10.1186/s13104-021-05578-9,"Design and assembly of a domestic water temperature, pH and turbidity monitoring system",Diana Rita Nanyanzi; Gilbert Gilibrays Ocen; Timothy Omara; Felix Bwire; Davis Matovu; Twaibu Semwogerere,2021,BMC Research Notes,journal-article,Springer Science and Business Media LLC,14,1,,161,7,11,water_quality_monitoring,"[""water_quality_monitoring""]",False,False,True,metadata_candidate,water_quality_monitoring,"[""env"", ""water"", ""sensor""]",1,"[{""query_id"": ""Q06"", ""query_rank"": 25, ""api_score"": 25.034412, ""raw_file"": ""raw_crossref\\Q06_robotic_water_quality.json"", ""raw_item_index"": 24}]"
,10.1088/1757-899x/732/1/012106,https://doi.org/10.1088/1757-899x/732/1/012106,"Monitoring system water pH rate, turbidity, and temperature of river water",F A Aziz; M Sarosa; E Rohadi,2020,IOP Conference Series: Materials Science and Engineering,journal-article,IOP Publishing,732,1,012106,,7,11,water_quality_monitoring,"[""water_quality_monitoring""]",False,False,True,metadata_candidate,water_quality_monitoring,"[""env"", ""water"", ""sensor""]",1,"[{""query_id"": ""Q06"", ""query_rank"": 14, ""api_score"": 26.348074, ""raw_file"": ""raw_crossref\\Q06_robotic_water_quality.json"", ""raw_item_index"": 13}]"
,10.35627/2219-5238/2020-331-10-4-8,https://doi.org/10.35627/2219-5238/2020-331-10-4-8,Methodological Approaches to Organization of Drinking Water Quality Monitoring Programs,Yu.A. Novikova; I.O. Myasnikov; A.A. Kovshov; N.A. Tikhonova; N.S. Bashketova,2020,ЗДОРОВЬЕ НАСЕЛЕНИЯ И СРЕДА ОБИТАНИЯ - ЗНиСО / PUBLIC HEALTH AND LIFE ENVIRONMENT,journal-article,Federal Center for Hygiene and Epidemiology,,,4-8,2020; (10(331)),7,11,water_quality_monitoring,"[""water_quality_monitoring""]",False,False,True,metadata_candidate,water_quality_monitoring,"[""env"", ""water"", ""sensor""]",1,"[{""query_id"": ""Q06"", ""query_rank"": 465, ""api_score"": 19.43846, ""raw_file"": ""raw_crossref\\Q06_robotic_water_quality.json"", ""raw_item_index"": 464}]"
,10.1109/codit.2018.8394901,https://doi.org/10.1109/codit.2018.8394901,Path planning for Unmanned Ground Vehicle,Fethi Demim; Kahina Louadj; Abdelkrim Nemra,2018,"2018 5th International Conference on Control, Decision and Information Technologies (CoDIT)",proceedings-article,IEEE,,,748-750,,7,11,outdoor_navigation_fusion,"[""outdoor_navigation_fusion""]",False,False,False,metadata_candidate,outdoor_navigation_fusion,"[""robot"", ""nav"", ""outdoor""]",1,"[{""query_id"": ""Q02"", ""query_rank"": 401, ""api_score"": 22.905373, ""raw_file"": ""raw_crossref\\Q02_ground_rover_air_quality.json"", ""raw_item_index"": 400}]"
150,10.1108/ir-11-2016-0305,https://doi.org/10.1108/ir-11-2016-0305,Research on a mobile manipulator for biochemical sampling tasks,Weidong Wang; Wenrui Gao; DongMei Wu; Zhijiang Du,2017,Industrial Robot: An International Journal,journal-article,Emerald,44,4,467-478,,7,11,robotic_sampling,"[""robotic_sampling""]",False,False,True,metadata_candidate,robotic_sampling,"[""robot"", ""sampling""]",1,"[{""query_id"": ""Q09"", ""query_rank"": 2, ""api_score"": 28.926157, ""raw_file"": ""raw_crossref\\Q09_robotic_sampling.json"", ""raw_item_index"": 1}]"
,10.1109/icsens.2015.7370456,https://doi.org/10.1109/icsens.2015.7370456,Turbidity monitoring of lake water by transmittance measuresment with a simple optical setup,Ryohei Komiyama; Tomoaki Kageyama; Masashi Miura; Hidetoshi Miyashita; Sang-Seok Lee,2015,2015 IEEE SENSORS,proceedings-article,IEEE,,,1-4,,7,11,water_quality_monitoring,"[""water_quality_monitoring""]",False,False,False,metadata_candidate,water_quality_monitoring,"[""env"", ""water"", ""sensor""]",1,"[{""query_id"": ""Q06"", ""query_rank"": 202, ""api_score"": 20.775969, ""raw_file"": ""raw_crossref\\Q06_robotic_water_quality.json"", ""raw_item_index"": 201}]"
,10.1109/miltechs.2015.7153755,https://doi.org/10.1109/miltechs.2015.7153755,Radiation intensity mapping in outdoor environments using a mobile robot with RTK GNSS,Tomas Jilek,2015,International Conference on Military Technologies (ICMT) 2015,proceedings-article,IEEE,,,1-7,,7,11,outdoor_navigation_fusion,"[""outdoor_navigation_fusion""]",False,False,False,metadata_candidate,outdoor_navigation_fusion,"[""robot"", ""nav"", ""outdoor""]",1,"[{""query_id"": ""Q08"", ""query_rank"": 24, ""api_score"": 29.720335, ""raw_file"": ""raw_crossref\\Q08_outdoor_mapping_fusion.json"", ""raw_item_index"": 23}]"
,10.5162/sensoren2012/p5.4,https://doi.org/10.5162/sensoren2012/p5.4,P5.4 Adaptive Gas Source Localization Strategies and Gas Distribution Mapping using a Gas-sensitive Micro-Drone,P. Neumann; M. Bartholmai; V. H. Bennetts,2012,Tagungsband,proceedings-article,"AMA Service GmbH, Von-Münchhausen-Str. 49, 31515 Wunstorf, Germany",,,800-809,,7,11,gas_olfaction_mapping,"[""gas_olfaction_mapping""]",False,False,False,metadata_candidate,gas_olfaction_mapping,"[""env"", ""gas"", ""nav""]",1,"[{""query_id"": ""Q03"", ""query_rank"": 1, ""api_score"": 43.740166, ""raw_file"": ""raw_crossref\\Q03_robotic_gas_mapping.json"", ""raw_item_index"": 0}]"
,10.2166/wst.2004.0685,https://doi.org/10.2166/wst.2004.0685,Turbidity-based monitoring of particle concentrations and flocculant requirement in wastewater pre-treatment,A.R. Mels; H. Spanjers; A. Klapwijk,2004,Water Science and Technology,journal-article,IWA Publishing,50,11,173-178,,7,11,water_quality_monitoring,"[""water_quality_monitoring""]",False,False,True,metadata_candidate,water_quality_monitoring,"[""env"", ""water"", ""sensor""]",1,"[{""query_id"": ""Q06"", ""query_rank"": 334, ""api_score"": 20.044846, ""raw_file"": ""raw_crossref\\Q06_robotic_water_quality.json"", ""raw_item_index"": 333}]"
,10.3390/su18031200,https://doi.org/10.3390/su18031200,Ensemble Machine Learning for Operational Water Quality Monitoring Using Weighted Model Fusion for pH Forecasting,Wenwen Chen; Yinzi Shao; Zhicheng Xu; Bing Zhou; Shuhe Cui; Zhenxiang Dai; Shuai Yin; Yuewen Gao; Lili Liu,2026,Sustainability,journal-article,MDPI AG,18,3,1200,,6,11,water_quality_monitoring,"[""water_quality_monitoring""]",False,False,True,metadata_candidate,water_quality_monitoring,"[""env"", ""water"", ""sensor""]",1,"[{""query_id"": ""Q06"", ""query_rank"": 376, ""api_score"": 19.863422, ""raw_file"": ""raw_crossref\\Q06_robotic_water_quality.json"", ""raw_item_index"": 375}]"
,10.3390/s21093136,https://doi.org/10.3390/s21093136,Comparison of Time Resolved Optical Turbidity Measurements for Water Monitoring to Standard Real-Time Techniques,Anne Pallarès; Philippe Schmitt; Wilfried Uhring,2021,Sensors,journal-article,MDPI AG,21,9,3136,,6,11,water_quality_monitoring,"[""water_quality_monitoring""]",False,False,True,metadata_candidate,water_quality_monitoring,"[""env"", ""water"", ""sensor""]",1,"[{""query_id"": ""Q06"", ""query_rank"": 153, ""api_score"": 21.128937, ""raw_file"": ""raw_crossref\\Q06_robotic_water_quality.json"", ""raw_item_index"": 152}]"
,10.1109/iros45743.2020.9341747,https://doi.org/10.1109/iros45743.2020.9341747,A Bayesian approach for gas source localization in large indoor environments,Yaqub Aris Prabowo; Ravindra Ranasinghe; Gamini Dissanayake; Bambang Riyanto; Brian Yuliarto,2020,2020 IEEE/RSJ International Conference on Intelligent Robots and Systems (IROS),proceedings-article,IEEE,,,4432-4437,,6,11,gas_olfaction_mapping,"[""gas_olfaction_mapping""]",False,False,False,metadata_candidate,gas_olfaction_mapping,"[""env"", ""gas"", ""nav""]",1,"[{""query_id"": ""Q03"", ""query_rank"": 245, ""api_score"": 22.607296, ""raw_file"": ""raw_crossref\\Q03_robotic_gas_mapping.json"", ""raw_item_index"": 244}]"
,10.1007/s10661-019-7374-7,https://doi.org/10.1007/s10661-019-7374-7,Automatic real-time uncertainty estimation for online measurements: a case study on water turbidity,Joonas Kahiluoto; Jukka Hirvonen; Teemu Näykki,2019,Environmental Monitoring and Assessment,journal-article,Springer Science and Business Media LLC,191,5,,259,6,11,water_quality_monitoring,"[""water_quality_monitoring""]",False,False,False,metadata_candidate,water_quality_monitoring,"[""env"", ""water"", ""sensor""]",1,"[{""query_id"": ""Q06"", ""query_rank"": 450, ""api_score"": 19.552507, ""raw_file"": ""raw_crossref\\Q06_robotic_water_quality.json"", ""raw_item_index"": 449}]"
,10.1088/1742-6596/1317/1/012060,https://doi.org/10.1088/1742-6596/1317/1/012060,"Measurement of water polluted quality based on turbidity, pH, magnetic property, and dissolved solid",Widyaningrum Indrasari; Esmar Budi; Umiatin; Siti Rizqy Alayya; Ramli Ramli,2019,Journal of Physics: Conference Series,journal-article,IOP Publishing,1317,1,012060,,6,11,water_quality_monitoring,"[""water_quality_monitoring""]",False,False,False,metadata_candidate,water_quality_monitoring,"[""env"", ""water"", ""sensor""]",1,"[{""query_id"": ""Q06"", ""query_rank"": 44, ""api_score"": 23.592844, ""raw_file"": ""raw_crossref\\Q06_robotic_water_quality.json"", ""raw_item_index"": 43}]"
,10.1016/b978-0-12-382182-9.00038-4,https://doi.org/10.1016/b978-0-12-382182-9.00038-4,On-line Water Quality Monitoring for Drinking Water Contamination,J. Szabo; J. Hall,2014,Comprehensive Water Quality and Purification,book-chapter,Elsevier,,,266-282,,6,11,water_quality_monitoring,"[""water_quality_monitoring""]",False,False,False,metadata_candidate,water_quality_monitoring,"[""env"", ""water"", ""sensor""]",1,"[{""query_id"": ""Q06"", ""query_rank"": 170, ""api_score"": 20.998678, ""raw_file"": ""raw_crossref\\Q06_robotic_water_quality.json"", ""raw_item_index"": 169}]"
,10.5772/54957,https://doi.org/10.5772/54957,Terrain Inclination Aided Three-Dimensional Localization and Mapping for an Outdoor Mobile Robot,Xiaorui Zhu; Chunxin Qiu; Mark A. Minor,2013,International Journal of Advanced Robotic Systems,journal-article,SAGE Publications,10,1,,76,6,11,outdoor_navigation_fusion,"[""outdoor_navigation_fusion""]",False,False,True,metadata_candidate,outdoor_navigation_fusion,"[""robot"", ""nav"", ""outdoor""]",1,"[{""query_id"": ""Q03"", ""query_rank"": 486, ""api_score"": 21.066172, ""raw_file"": ""raw_crossref\\Q03_robotic_gas_mapping.json"", ""raw_item_index"": 485}, {""query_id"": ""Q08"", ""query_rank"": 152, ""api_score"": 24.651426, ""raw_file"": ""raw_crossref\\Q08_outdoor_mapping_fusion.json"", ""raw_item_index"": 151}]"
,10.1109/tencon.2012.6412308,https://doi.org/10.1109/tencon.2012.6412308,Maximum likelihood estimation of ground truth for air quality monitoring using vehicular sensor networks,Marc Caesar R. Talampas; Kay-Soon Low,2012,TENCON 2012 IEEE Region 10 Conference,proceedings-article,IEEE,,,1-6,,6,11,particulate_air_quality,"[""particulate_air_quality""]",False,False,False,metadata_candidate,particulate_air_quality,"[""env"", ""air"", ""sensor""]",1,"[{""query_id"": ""Q02"", ""query_rank"": 335, ""api_score"": 23.257406, ""raw_file"": ""raw_crossref\\Q02_ground_rover_air_quality.json"", ""raw_item_index"": 334}]"
,10.1109/cerma.2009.12,https://doi.org/10.1109/cerma.2009.12,Outdoor Mapping Using Mobile Robots and Laser Range Finders,Alberto Yukinobu Hata; Denis Fernando Wolf,2009,"2009 Electronics, Robotics and Automotive Mechanics Conference (CERMA)",proceedings-article,IEEE,,,209-214,,6,11,outdoor_navigation_fusion,"[""outdoor_navigation_fusion""]",False,False,False,metadata_candidate,outdoor_navigation_fusion,"[""robot"", ""nav"", ""outdoor""]",1,"[{""query_id"": ""Q08"", ""query_rank"": 367, ""api_score"": 22.215584, ""raw_file"": ""raw_crossref\\Q08_outdoor_mapping_fusion.json"", ""raw_item_index"": 366}]"
,10.1109/iros47612.2022.9981901,https://doi.org/10.1109/iros47612.2022.9981901,Scalable probabilistic gas distribution mapping using Gaussian belief propagation,Callum Rhodes; Cunjia Liu; Wen-Hua Chen,2022,2022 IEEE/RSJ International Conference on Intelligent Robots and Systems (IROS),proceedings-article,IEEE,,,9459-9466,,5,11,gas_olfaction_mapping,"[""gas_olfaction_mapping""]",False,False,False,metadata_candidate,gas_olfaction_mapping,"[""env"", ""gas"", ""nav""]",1,"[{""query_id"": ""Q03"", ""query_rank"": 189, ""api_score"": 23.116512, ""raw_file"": ""raw_crossref\\Q03_robotic_gas_mapping.json"", ""raw_item_index"": 188}]"
,10.1109/isoen54820.2022.9789554,https://doi.org/10.1109/isoen54820.2022.9789554,Gas Dispersion Simulator with Strong Fluctuations for Developing Gas Source Localization Systems,Motoki Sakaue; Yusuke Takahashi; Haruka Matsukura; Hiroshi Ishida,2022,2022 IEEE International Symposium on Olfaction and Electronic Nose (ISOEN),proceedings-article,IEEE,,,1-4,,5,11,gas_olfaction_mapping,"[""gas_olfaction_mapping""]",False,False,False,metadata_candidate,gas_olfaction_mapping,"[""env"", ""gas"", ""nav""]",1,"[{""query_id"": ""Q03"", ""query_rank"": 39, ""api_score"": 27.493351, ""raw_file"": ""raw_crossref\\Q03_robotic_gas_mapping.json"", ""raw_item_index"": 38}]"
,10.1016/b978-0-12-811330-1.00003-x,https://doi.org/10.1016/b978-0-12-811330-1.00003-x,System and Platform for Water Quality Monitoring,Daoliang Li; Shuangyin Liu,2019,Water Quality Monitoring and Management,book-chapter,Elsevier,,,101-112,,5,11,water_quality_monitoring,"[""water_quality_monitoring""]",False,False,False,metadata_candidate,water_quality_monitoring,"[""env"", ""water"", ""sensor""]",1,"[{""query_id"": ""Q06"", ""query_rank"": 71, ""api_score"": 22.583397, ""raw_file"": ""raw_crossref\\Q06_robotic_water_quality.json"", ""raw_item_index"": 70}]"
,10.1109/icmic.2018.8529963,https://doi.org/10.1109/icmic.2018.8529963,Research on Multiple Unmanned Aerial Vehicles Area Coverage for Gas Distribution Mapping,Qiuyue Yu; Lei Cheng; Xin Wang; Pengxiang Bao; Quanmin Zhu,2018,"2018 10th International Conference on Modelling, Identification and Control (ICMIC)",proceedings-article,IEEE,,,1-5,,5,11,gas_olfaction_mapping,"[""gas_olfaction_mapping""]",False,False,False,metadata_candidate,gas_olfaction_mapping,"[""env"", ""gas"", ""nav""]",1,"[{""query_id"": ""Q03"", ""query_rank"": 361, ""api_score"": 21.733591, ""raw_file"": ""raw_crossref\\Q03_robotic_gas_mapping.json"", ""raw_item_index"": 360}]"
,10.1201/9781351076418,https://doi.org/10.1201/9781351076418,River Water Quality Monitoring,Larry W. Canter,2018,,book,CRC Press,,,,,5,11,water_quality_monitoring,"[""water_quality_monitoring""]",False,False,False,metadata_candidate,water_quality_monitoring,"[""env"", ""water"", ""sensor""]",1,"[{""query_id"": ""Q06"", ""query_rank"": 174, ""api_score"": 20.992266, ""raw_file"": ""raw_crossref\\Q06_robotic_water_quality.json"", ""raw_item_index"": 173}]"
,10.1109/mva.2015.7153196,https://doi.org/10.1109/mva.2015.7153196,Semantic mapping for mobile outdoor robots,Dagmar Lang; Susanne Friedmann; Jens Hedrich; Dietrich Paulus,2015,2015 14th IAPR International Conference on Machine Vision Applications (MVA),proceedings-article,IEEE,,,325-328,,5,11,outdoor_navigation_fusion,"[""outdoor_navigation_fusion""]",False,False,False,metadata_candidate,outdoor_navigation_fusion,"[""robot"", ""nav"", ""outdoor""]",1,"[{""query_id"": ""Q08"", ""query_rank"": 396, ""api_score"": 21.96104, ""raw_file"": ""raw_crossref\\Q08_outdoor_mapping_fusion.json"", ""raw_item_index"": 395}]"
,10.1680/wama.2010.163.2.89,https://doi.org/10.1680/wama.2010.163.2.89,Comparison of three coagulants by online turbidity monitoring,W. P. Cheng; Y. P. Kao; R. F. Yu,2010,Proceedings of the Institution of Civil Engineers - Water Management,journal-article,Emerald,163,2,89-94,,5,11,water_quality_monitoring,"[""water_quality_monitoring""]",False,False,True,metadata_candidate,water_quality_monitoring,"[""env"", ""water"", ""sensor""]",1,"[{""query_id"": ""Q06"", ""query_rank"": 482, ""api_score"": 19.321365, ""raw_file"": ""raw_crossref\\Q06_robotic_water_quality.json"", ""raw_item_index"": 481}]"
,10.3133/ofr95742,https://doi.org/10.3133/ofr95742,The strategy for improving water-quality monitoring in the United States; final report of the Intergovernmental Task Force on Monitoring Water Quality; technical appendices,Intergovernmental Task Force on Monitoring Water Quality,1995,Open-File Report,report-component,US Geological Survey,,,,,5,11,water_quality_monitoring,"[""water_quality_monitoring""]",False,False,False,metadata_candidate,water_quality_monitoring,"[""env"", ""water"", ""sensor""]",1,"[{""query_id"": ""Q06"", ""query_rank"": 82, ""api_score"": 22.15892, ""raw_file"": ""raw_crossref\\Q06_robotic_water_quality.json"", ""raw_item_index"": 81}]"
,10.1109/isoen61239.2024.10556061,https://doi.org/10.1109/isoen61239.2024.10556061,Gas Source Localization Using Physics-Guided Neural Networks,Victor Prieto Ruiz; Patrick Hinsen; Thomas Wiedemann; Dmitriy Shutin; Constantin Christof,2024,2024 IEEE International Symposium on Olfaction and Electronic Nose (ISOEN),proceedings-article,IEEE,,,1-3,,4,11,gas_olfaction_mapping,"[""gas_olfaction_mapping""]",False,False,False,metadata_candidate,gas_olfaction_mapping,"[""env"", ""gas"", ""nav""]",1,"[{""query_id"": ""Q03"", ""query_rank"": 133, ""api_score"": 23.74719, ""raw_file"": ""raw_crossref\\Q03_robotic_gas_mapping.json"", ""raw_item_index"": 132}]"
,10.1201/9781032683805-14,https://doi.org/10.1201/9781032683805-14,A Comparative Evaluation of AI-Based Methods and Traditional Approaches for Air Quality Monitoring,Nzeyimana Bahati Shabani,2024,Artificial Intelligence for Air Quality Monitoring and Prediction,book-chapter,CRC Press,,,247-266,,4,11,particulate_air_quality,"[""particulate_air_quality""]",False,False,False,metadata_candidate,particulate_air_quality,"[""env"", ""air"", ""sensor""]",1,"[{""query_id"": ""Q02"", ""query_rank"": 472, ""api_score"": 22.578726, ""raw_file"": ""raw_crossref\\Q02_ground_rover_air_quality.json"", ""raw_item_index"": 471}]"
,10.1201/9781032683805-6,https://doi.org/10.1201/9781032683805-6,Integrating AI into Air Quality Monitoring,Rakesh Kumar; Ayushi Sharma; Siddharth Swami,2024,Artificial Intelligence for Air Quality Monitoring and Prediction,book-chapter,CRC Press,,,96-111,,4,11,particulate_air_quality,"[""particulate_air_quality""]",False,False,False,metadata_candidate,particulate_air_quality,"[""env"", ""air"", ""sensor""]",1,"[{""query_id"": ""Q02"", ""query_rank"": 270, ""api_score"": 23.615911, ""raw_file"": ""raw_crossref\\Q02_ground_rover_air_quality.json"", ""raw_item_index"": 269}]"
,10.3390/app14114451,https://doi.org/10.3390/app14114451,Chemical Gas Source Localization with Synthetic Time Series Diffusion Data Using Video Vision Transformer,Hee-Deok Jang; Seokjoon Kwon; Hyunwoo Nam; Dong Eui Chang,2024,Applied Sciences,journal-article,MDPI AG,14,11,4451,,4,11,gas_olfaction_mapping,"[""gas_olfaction_mapping""]",False,False,True,metadata_candidate,gas_olfaction_mapping,"[""env"", ""gas"", ""nav""]",1,"[{""query_id"": ""Q03"", ""query_rank"": 186, ""api_score"": 23.119848, ""raw_file"": ""raw_crossref\\Q03_robotic_gas_mapping.json"", ""raw_item_index"": 185}]"
,10.23919/ccc55666.2022.9901638,https://doi.org/10.23919/ccc55666.2022.9901638,SE-EDSR: A Deep Learning Method for Gas Distribution Mapping,Ya-Jie Zhang; Qing-Hao Meng; Tao Jing; Yun-Kai Li; Tian-Shu Song; Zhen-Yu Deng,2022,2022 41st Chinese Control Conference (CCC),proceedings-article,IEEE,,,7076-7081,,4,11,gas_olfaction_mapping,"[""gas_olfaction_mapping""]",False,False,False,metadata_candidate,gas_olfaction_mapping,"[""env"", ""gas"", ""nav""]",1,"[{""query_id"": ""Q03"", ""query_rank"": 392, ""api_score"": 21.51269, ""raw_file"": ""raw_crossref\\Q03_robotic_gas_mapping.json"", ""raw_item_index"": 391}]"
,10.1109/fleps51544.2021.9469778,https://doi.org/10.1109/fleps51544.2021.9469778,Flexible and Printed Potentiometric pH Sensor for Water Quality Monitoring,Ensieh S. Hosseini; Libu Manjakkal; Ravinder Dahiya,2021,2021 IEEE International Conference on Flexible and Printable Sensors and Systems (FLEPS),proceedings-article,IEEE,,,1-4,,4,11,water_quality_monitoring,"[""water_quality_monitoring""]",False,False,False,metadata_candidate,water_quality_monitoring,"[""env"", ""water"", ""sensor""]",1,"[{""query_id"": ""Q06"", ""query_rank"": 96, ""api_score"": 21.890846, ""raw_file"": ""raw_crossref\\Q06_robotic_water_quality.json"", ""raw_item_index"": 95}]"
,10.1109/cac51589.2020.9327850,https://doi.org/10.1109/cac51589.2020.9327850,Gas Source Localization using Improved Multi-Agent Reinforcement Learning,Zhi-Pu Wang; Huai-Ning Wu,2020,2020 Chinese Automation Congress (CAC),proceedings-article,IEEE,,,6696-6701,,4,11,gas_olfaction_mapping,"[""gas_olfaction_mapping""]",False,False,False,metadata_candidate,gas_olfaction_mapping,"[""env"", ""gas"", ""nav""]",1,"[{""query_id"": ""Q03"", ""query_rank"": 44, ""api_score"": 26.720707, ""raw_file"": ""raw_crossref\\Q03_robotic_gas_mapping.json"", ""raw_item_index"": 43}]"
,10.1201/9781003062110,https://doi.org/10.1201/9781003062110,Water Quality Monitoring,,2020,,reference-book,CRC Press,,,,,4,11,water_quality_monitoring,"[""water_quality_monitoring""]",False,False,False,metadata_candidate,water_quality_monitoring,"[""env"", ""water"", ""sensor""]",4,"[{""query_id"": ""Q06"", ""query_rank"": 164, ""api_score"": 21.011124, ""raw_file"": ""raw_crossref\\Q06_robotic_water_quality.json"", ""raw_item_index"": 163}]"
,10.1166/sl.2014.3168,https://doi.org/10.1166/sl.2014.3168,A Probabilistic Gas Patch Path Prediction Approach for Airborne Gas Source Localization in Non-Uniform Wind Fields,Patrick P. Neumann; Michael Schnürmacher; Victor Hernandez Bennetts; Achim J. Lilienthal; Matthias Bartholmai; Jochen H. Schiller,2014,Sensor Letters,journal-article,American Scientific Publishers,12,6,1113-1118,,4,11,gas_olfaction_mapping,"[""gas_olfaction_mapping""]",False,False,False,metadata_candidate,gas_olfaction_mapping,"[""env"", ""gas"", ""nav""]",1,"[{""query_id"": ""Q03"", ""query_rank"": 87, ""api_score"": 24.711502, ""raw_file"": ""raw_crossref\\Q03_robotic_gas_mapping.json"", ""raw_item_index"": 86}]"
,10.1016/b978-0-444-59395-5.00008-x,https://doi.org/10.1016/b978-0-444-59395-5.00008-x,Real-Time and Near Real-Time Monitoring Options for Water Quality,Natalie Linklater; Banu Örmeci,2013,Monitoring Water Quality,book-chapter,Elsevier,,,189-225,,4,11,water_quality_monitoring,"[""water_quality_monitoring""]",False,False,False,metadata_candidate,water_quality_monitoring,"[""env"", ""water"", ""sensor""]",1,"[{""query_id"": ""Q06"", ""query_rank"": 79, ""api_score"": 22.186028, ""raw_file"": ""raw_crossref\\Q06_robotic_water_quality.json"", ""raw_item_index"": 78}]"
,10.5772/50546,https://doi.org/10.5772/50546,Bioassays with Plants in the Monitoring of Water Quality,Agnes Barberio,2013,Water Treatment,book-chapter,InTech,,,,,4,11,water_quality_monitoring,"[""water_quality_monitoring""]",False,False,False,metadata_candidate,water_quality_monitoring,"[""env"", ""water"", ""sensor""]",1,"[{""query_id"": ""Q06"", ""query_rank"": 246, ""api_score"": 20.502016, ""raw_file"": ""raw_crossref\\Q06_robotic_water_quality.json"", ""raw_item_index"": 245}]"
,10.5772/16716,https://doi.org/10.5772/16716,Design of Urban Air Quality Monitoring Network: Fuzzy Based Multi-Criteria Decision Making Approach,Abdullah Mofarrah; Tahir; Badr H.,2011,"Air Quality Monitoring, Assessment and Management",book-chapter,InTech,,,,,4,11,particulate_air_quality,"[""particulate_air_quality""]",False,False,False,metadata_candidate,particulate_air_quality,"[""env"", ""air"", ""sensor""]",1,"[{""query_id"": ""Q02"", ""query_rank"": 370, ""api_score"": 23.005596, ""raw_file"": ""raw_crossref\\Q02_ground_rover_air_quality.json"", ""raw_item_index"": 369}]"
,10.1109/aqtr.2010.5520681,https://doi.org/10.1109/aqtr.2010.5520681,Environmental Monitoring Services and wireless sensor networks applied on Urban spaces,Carlos Oliveira; Gil Goncalves,2010,"2010 IEEE International Conference on Automation, Quality and Testing, Robotics (AQTR)",proceedings-article,IEEE,,,1-6,,4,11,embedded_environmental_sensing,"[""embedded_environmental_sensing""]",False,False,False,metadata_candidate,embedded_environmental_sensing,"[""env"", ""sensor"", ""embedded""]",1,"[{""query_id"": ""Q10"", ""query_rank"": 196, ""api_score"": 16.987972, ""raw_file"": ""raw_crossref\\Q10_environmental_robotics_datasets.json"", ""raw_item_index"": 195}]"
,10.3724/sp.j.1218.2010.00097,https://doi.org/10.3724/sp.j.1218.2010.00097,Mobile Robot Localization in Outdoor Environments Based on Near-infrared Vision,Jingchuan WANG; Weidong CHEN; Shiyu HU; Xu ZHANG,2010,ROBOT,journal-article,China Science Publishing & Media Ltd.,32,1,97-103,,4,11,outdoor_navigation_fusion,"[""outdoor_navigation_fusion""]",False,False,False,metadata_candidate,outdoor_navigation_fusion,"[""robot"", ""nav"", ""outdoor""]",1,"[{""query_id"": ""Q01"", ""query_rank"": 169, ""api_score"": 18.180138, ""raw_file"": ""raw_crossref\\Q01_mobile_robot_environment.json"", ""raw_item_index"": 168}, {""query_id"": ""Q08"", ""query_rank"": 34, ""api_score"": 28.960308, ""raw_file"": ""raw_crossref\\Q08_outdoor_mapping_fusion.json"", ""raw_item_index"": 33}]"
,10.1109/access.2025.3626685,https://doi.org/10.1109/access.2025.3626685,Multi-Objective Optimization of Unmanned Aerial Vehicle Three-Dimensional Paths for Air Quality Monitoring and Environmental Sensing,Andrea Augello; Salvatore Gaglio; Giuseppe Lo Re; Daniele Peri,2025,IEEE Access,journal-article,Institute of Electrical and Electronics Engineers (IEEE),13,,187504-187517,,3,11,particulate_air_quality,"[""particulate_air_quality""]",False,False,False,metadata_candidate,particulate_air_quality,"[""env"", ""air"", ""sensor""]",1,"[{""query_id"": ""Q02"", ""query_rank"": 20, ""api_score"": 29.190659, ""raw_file"": ""raw_crossref\\Q02_ground_rover_air_quality.json"", ""raw_item_index"": 19}]"
,10.1109/icus61736.2024.10839913,https://doi.org/10.1109/icus61736.2024.10839913,A Hierarchical Graph Search Method for Path Planning of Unmanned Ground Vehicle for Freight Transportation,Jianing Hu; Zhen Li; Sen Guo; Weiran Yao,2024,2024 IEEE International Conference on Unmanned Systems (ICUS),proceedings-article,IEEE,,,1266-1271,,3,11,outdoor_navigation_fusion,"[""outdoor_navigation_fusion""]",False,False,False,metadata_candidate,outdoor_navigation_fusion,"[""robot"", ""nav"", ""outdoor""]",1,"[{""query_id"": ""Q02"", ""query_rank"": 261, ""api_score"": 23.672497, ""raw_file"": ""raw_crossref\\Q02_ground_rover_air_quality.json"", ""raw_item_index"": 260}]"
,10.1016/b978-0-323-90266-3.00005-4,https://doi.org/10.1016/b978-0-323-90266-3.00005-4,Emerging air quality monitoring methods,Yongjie Li; Ka In Hoi; Kai Meng Mok; Ka Veng Yuen,2023,Air Quality Monitoring and Advanced Bayesian Modeling,book-chapter,Elsevier,,,105-172,,3,11,particulate_air_quality,"[""particulate_air_quality""]",False,False,False,metadata_candidate,particulate_air_quality,"[""env"", ""air"", ""sensor""]",1,"[{""query_id"": ""Q02"", ""query_rank"": 419, ""api_score"": 22.801401, ""raw_file"": ""raw_crossref\\Q02_ground_rover_air_quality.json"", ""raw_item_index"": 418}]"
,10.1002/9781394152636.ch15,https://doi.org/10.1002/9781394152636.ch15,Implementation of Veco‐Taxis in Turbulent Environment for Gas Source Localization,Kumar Gaurav,2022,Autonomous Vehicles Volume 2,other,Wiley,,,303-316,,3,11,gas_olfaction_mapping,"[""gas_olfaction_mapping""]",False,False,False,metadata_candidate,gas_olfaction_mapping,"[""env"", ""gas"", ""nav""]",1,"[{""query_id"": ""Q03"", ""query_rank"": 53, ""api_score"": 26.013208, ""raw_file"": ""raw_crossref\\Q03_robotic_gas_mapping.json"", ""raw_item_index"": 52}]"
,10.5220/0010916700003118,https://doi.org/10.5220/0010916700003118,Wireless Sensor Network for Environmental Monitoring of Cultural Heritage,Adrián Hinostroza; Jimmy Tarrillo,2022,Proceedings of the 11th International Conference on Sensor Networks,proceedings-article,SCITEPRESS - Science and Technology Publications,,,,,3,11,embedded_environmental_sensing,"[""embedded_environmental_sensing""]",False,False,False,metadata_candidate,embedded_environmental_sensing,"[""env"", ""sensor"", ""embedded""]",1,"[{""query_id"": ""Q05"", ""query_rank"": 188, ""api_score"": 22.831537, ""raw_file"": ""raw_crossref\\Q05_gas_sensor_calibration.json"", ""raw_item_index"": 187}]"
,10.23919/ccc50068.2020.9188643,https://doi.org/10.23919/ccc50068.2020.9188643,An Aero-olfactory-Effect Elimination Algorithm for Rotor UAV based Gas Distribution Mapping,Tao Jing; Jia-Ying Wang; Qing-Hao Meng,2020,2020 39th Chinese Control Conference (CCC),proceedings-article,IEEE,,,3822-3827,,3,11,gas_olfaction_mapping,"[""gas_olfaction_mapping""]",False,False,False,metadata_candidate,gas_olfaction_mapping,"[""env"", ""gas"", ""nav""]",1,"[{""query_id"": ""Q03"", ""query_rank"": 190, ""api_score"": 23.112045, ""raw_file"": ""raw_crossref\\Q03_robotic_gas_mapping.json"", ""raw_item_index"": 189}]"
,10.1109/isoen.2019.8823147,https://doi.org/10.1109/isoen.2019.8823147,An Evaluation of Plume Tracking as a Strategy for Gas Source Localization in Turbulent Wind Flows,Javier Monroy; Jose-Raul Ruiz-Sarmiento; Javier Gonzalez-Jimenez,2019,2019 IEEE International Symposium on Olfaction and Electronic Nose (ISOEN),proceedings-article,IEEE,,,,,3,11,gas_olfaction_mapping,"[""gas_olfaction_mapping""]",False,False,False,metadata_candidate,gas_olfaction_mapping,"[""env"", ""gas"", ""nav""]",1,"[{""query_id"": ""Q03"", ""query_rank"": 242, ""api_score"": 22.61766, ""raw_file"": ""raw_crossref\\Q03_robotic_gas_mapping.json"", ""raw_item_index"": 241}]"
,10.13052/1550-4646.15122,https://doi.org/10.13052/1550-4646.15122,An Intelligent Internet of Things (IoT) Sensor System for Building Environmental Monitoring,Qian Huang; Kyle Kieffer,2019,Journal of Mobile Multimedia,journal-article,River Publishers,,,,,3,11,embedded_environmental_sensing,"[""embedded_environmental_sensing""]",False,False,True,metadata_candidate,embedded_environmental_sensing,"[""env"", ""sensor"", ""embedded""]",1,"[{""query_id"": ""Q01"", ""query_rank"": 292, ""api_score"": 17.205421, ""raw_file"": ""raw_crossref\\Q01_mobile_robot_environment.json"", ""raw_item_index"": 291}]"
,10.4271/2014-01-1550,https://doi.org/10.4271/2014-01-1550,Diagnostics Development for Cost-Effective Temperature Sensor based Particulate Matter OBD Method,Robert Cloudt,2014,SAE International Journal of Passenger Cars - Electronic and Electrical Systems,journal-article,SAE International,07,2,573-582,2014-01-1550,3,11,particulate_air_quality,"[""particulate_air_quality""]",False,False,True,metadata_candidate,particulate_air_quality,"[""env"", ""air"", ""sensor""]",1,"[{""query_id"": ""Q04"", ""query_rank"": 309, ""api_score"": 22.967625, ""raw_file"": ""raw_crossref\\Q04_low_cost_particle_calibration.json"", ""raw_item_index"": 308}]"
,10.1007/978-3-642-37006-9_5,https://doi.org/10.1007/978-3-642-37006-9_5,Automatic Water and Wastewater Quality Monitoring Systems,V. Cerdà; J. Avivar; L. Ferrer; L. O. Leal,2013,"Smart Sensors, Measurement and Instrumentation Smart Sensors for Real-Time Water Quality Monitoring",book-chapter,Springer Berlin Heidelberg,,,105-123,,3,11,water_quality_monitoring,"[""water_quality_monitoring""]",False,False,False,metadata_candidate,water_quality_monitoring,"[""env"", ""water"", ""sensor""]",1,"[{""query_id"": ""Q06"", ""query_rank"": 494, ""api_score"": 19.291904, ""raw_file"": ""raw_crossref\\Q06_robotic_water_quality.json"", ""raw_item_index"": 493}]"
,10.5772/1792,https://doi.org/10.5772/1792,Air Quality - Monitoring and Modeling,,2012,,edited-book,InTech,,,,,3,11,particulate_air_quality,"[""particulate_air_quality""]",False,False,False,metadata_candidate,particulate_air_quality,"[""env"", ""air"", ""sensor""]",1,"[{""query_id"": ""Q02"", ""query_rank"": 479, ""api_score"": 22.556286, ""raw_file"": ""raw_crossref\\Q02_ground_rover_air_quality.json"", ""raw_item_index"": 478}]"
,10.1016/s0967-0661(98)00159-2,https://doi.org/10.1016/s0967-0661(98)00159-2,6 DOF dynamic localization of an outdoor mobile robot,Ph. Bonnifait; G. Garcia,1999,Control Engineering Practice,journal-article,Elsevier BV,7,3,383-390,,3,11,outdoor_navigation_fusion,"[""outdoor_navigation_fusion""]",False,False,False,metadata_candidate,outdoor_navigation_fusion,"[""robot"", ""nav"", ""outdoor""]",1,"[{""query_id"": ""Q08"", ""query_rank"": 357, ""api_score"": 22.32766, ""raw_file"": ""raw_crossref\\Q08_outdoor_mapping_fusion.json"", ""raw_item_index"": 356}]"
,10.1016/b978-008043340-0/50004-7,https://doi.org/10.1016/b978-008043340-0/50004-7,Microbiological sensors for the monitoring of water quality,D. Osbild; P. Vasseur,1998,Monitoring of Water Quality,book-chapter,Elsevier,,,37-48,,3,11,water_quality_monitoring,"[""water_quality_monitoring""]",False,False,False,metadata_candidate,water_quality_monitoring,"[""env"", ""water"", ""sensor""]",1,"[{""query_id"": ""Q06"", ""query_rank"": 70, ""api_score"": 22.613792, ""raw_file"": ""raw_crossref\\Q06_robotic_water_quality.json"", ""raw_item_index"": 69}]"
,10.1016/j.clwat.2025.100077,https://doi.org/10.1016/j.clwat.2025.100077,"Implications of dissolved organic carbon, turbidity and salinity on detection and monitoring of cyanobacteria using UV–VIS derivative spectrophotometry",Amitesh Malhotra; Banu Örmeci,2025,Cleaner Water,journal-article,Elsevier BV,3,,100077,100077,2,11,water_quality_monitoring,"[""water_quality_monitoring""]",False,False,False,metadata_candidate,water_quality_monitoring,"[""env"", ""water"", ""sensor""]",1,"[{""query_id"": ""Q06"", ""query_rank"": 108, ""api_score"": 21.753147, ""raw_file"": ""raw_crossref\\Q06_robotic_water_quality.json"", ""raw_item_index"": 107}]"
,10.3390/automation6040050,https://doi.org/10.3390/automation6040050,Intelligent Terrain Mapping with a Quadruped Spider Robot: A Bluetooth-Enabled Mobile Platform for Environmental Reconnaissance,Sandeep Gupta; Shamim Kaiser; Kanad Ray,2025,Automation,journal-article,MDPI AG,6,4,50,,2,11,outdoor_navigation_fusion,"[""outdoor_navigation_fusion""]",False,False,True,metadata_candidate,outdoor_navigation_fusion,"[""robot"", ""nav""]",1,"[{""query_id"": ""Q01"", ""query_rank"": 263, ""api_score"": 17.401043, ""raw_file"": ""raw_crossref\\Q01_mobile_robot_environment.json"", ""raw_item_index"": 262}, {""query_id"": ""Q08"", ""query_rank"": 204, ""api_score"": 23.809513, ""raw_file"": ""raw_crossref\\Q08_outdoor_mapping_fusion.json"", ""raw_item_index"": 203}]"
,10.1504/ijnt.2024.137414,https://doi.org/10.1504/ijnt.2024.137414,In-situ turbidity sensor system for residential water quality monitoring,Joohyun Lee; Ji Hwan Kwon; Joohan Kim; Junemo Koo; Sooheyong Lee,2024,International Journal of Nanotechnology,journal-article,Inderscience Publishers,21,3,157-164,137414,2,11,water_quality_monitoring,"[""water_quality_monitoring""]",False,False,False,metadata_candidate,water_quality_monitoring,"[""env"", ""water"", ""sensor""]",1,"[{""query_id"": ""Q06"", ""query_rank"": 39, ""api_score"": 24.035942, ""raw_file"": ""raw_crossref\\Q06_robotic_water_quality.json"", ""raw_item_index"": 38}]"
,10.23919/eusipco63174.2024.10715286,https://doi.org/10.23919/eusipco63174.2024.10715286,Physics-Guided Neural Networks for Distributed Sparse Gas Source Localization Using Poisson's Equation and Green's Function Method,Victor Scott Prieto Ruiz; Dmitriy Shutin; Thomas Wiedemann; Patrick Hinsen,2024,2024 32nd European Signal Processing Conference (EUSIPCO),proceedings-article,IEEE,,,2237-2241,,2,11,gas_olfaction_mapping,"[""gas_olfaction_mapping""]",False,False,False,metadata_candidate,gas_olfaction_mapping,"[""env"", ""gas"", ""nav""]",1,"[{""query_id"": ""Q03"", ""query_rank"": 278, ""api_score"": 22.324167, ""raw_file"": ""raw_crossref\\Q03_robotic_gas_mapping.json"", ""raw_item_index"": 277}]"
,10.1002/9781119775843.ch2,https://doi.org/10.1002/9781119775843.ch2,Dissolved Heavy Metal Ions Monitoring Sensors for Water Quality Analysis,Tarun Narayan; Pierre Lovera; Alan O'Riordan,2023,Sensing Technologies for Real Time Monitoring of Water Quality,other,Wiley,,,25-50,,2,11,water_quality_monitoring,"[""water_quality_monitoring""]",False,False,False,metadata_candidate,water_quality_monitoring,"[""env"", ""water"", ""sensor""]",1,"[{""query_id"": ""Q06"", ""query_rank"": 233, ""api_score"": 20.617771, ""raw_file"": ""raw_crossref\\Q06_robotic_water_quality.json"", ""raw_item_index"": 232}]"
,10.1109/camsap58249.2023.10403503,https://doi.org/10.1109/camsap58249.2023.10403503,Distributed Superresolution Gas Source Localization Based on Poisson Equation,Dmitriy Shutin; Thomas Wiedemann; Patrick Hinsen,2023,2023 IEEE 9th International Workshop on Computational Advances in Multi-Sensor Adaptive Processing (CAMSAP),proceedings-article,IEEE,,,371-375,,2,11,gas_olfaction_mapping,"[""gas_olfaction_mapping""]",False,False,False,metadata_candidate,gas_olfaction_mapping,"[""env"", ""gas"", ""nav""]",1,"[{""query_id"": ""Q03"", ""query_rank"": 131, ""api_score"": 23.75108, ""raw_file"": ""raw_crossref\\Q03_robotic_gas_mapping.json"", ""raw_item_index"": 130}]"
,10.19101/ijatee.2021.875446,https://doi.org/10.19101/ijatee.2021.875446,Strategic report on MEMS based carbon monoxide sensor technology for environmental air quality monitoring using unmanned aerial vehicle,,2022,International Journal of Advanced Technology and Engineering Exploration,journal-article,ACCENTS,9,93,,,2,11,particulate_air_quality,"[""particulate_air_quality""]",False,False,False,metadata_candidate,particulate_air_quality,"[""env"", ""air"", ""sensor""]",1,"[{""query_id"": ""Q02"", ""query_rank"": 17, ""api_score"": 29.56126, ""raw_file"": ""raw_crossref\\Q02_ground_rover_air_quality.json"", ""raw_item_index"": 16}]"
,10.35627/2219-5238/2020-331-10-9-14,https://doi.org/10.35627/2219-5238/2020-331-10-9-14,Production Control as a Component of Drinking Water Quality Monitoring,IO Myasnikov; YuA Novikova; OS Alenteva; GB Yeremin; PA Ganichev,2020,ЗДОРОВЬЕ НАСЕЛЕНИЯ И СРЕДА ОБИТАНИЯ - ЗНиСО / PUBLIC HEALTH AND LIFE ENVIRONMENT,journal-article,Federal Center for Hygiene and Epidemiology,,,9-14,2020; (10(331),2,11,water_quality_monitoring,"[""water_quality_monitoring""]",False,False,True,metadata_candidate,water_quality_monitoring,"[""env"", ""water"", ""sensor""]",1,"[{""query_id"": ""Q06"", ""query_rank"": 464, ""api_score"": 19.444584, ""raw_file"": ""raw_crossref\\Q06_robotic_water_quality.json"", ""raw_item_index"": 463}]"
,10.1007/978-981-13-9217-7_15,https://doi.org/10.1007/978-981-13-9217-7_15,An Automatic Scene Recognition Using TD-Learning for Mobile Robot Localization in an Outdoor Environment,Xiaochun Wang; Xiali Wang; Don Mitchell Wilkes,2019,Machine Learning-based Natural Scene Recognition for Mobile Robot Localization in An Unknown Environment,book-chapter,Springer Singapore,,,293-310,,2,11,outdoor_navigation_fusion,"[""outdoor_navigation_fusion""]",False,False,False,metadata_candidate,outdoor_navigation_fusion,"[""robot"", ""nav"", ""outdoor""]",1,"[{""query_id"": ""Q08"", ""query_rank"": 251, ""api_score"": 23.235222, ""raw_file"": ""raw_crossref\\Q08_outdoor_mapping_fusion.json"", ""raw_item_index"": 250}]"
,10.37200/ijpr/v23i4/pr190465,https://doi.org/10.37200/ijpr/v23i4/pr190465,Water Quality Monitoring by Implementing ZigBee Network Wireless Sensors,Munara Moldobaeva,2019,International Journal of Psychosocial Rehabilitation,journal-article,Hampstead Psychological Associates,23,4,1403-1413,,2,11,water_quality_monitoring,"[""water_quality_monitoring""]",False,False,False,metadata_candidate,water_quality_monitoring,"[""env"", ""water"", ""sensor""]",1,"[{""query_id"": ""Q06"", ""query_rank"": 321, ""api_score"": 20.118233, ""raw_file"": ""raw_crossref\\Q06_robotic_water_quality.json"", ""raw_item_index"": 320}]"
,10.1007/s12065-018-0191-z,https://doi.org/10.1007/s12065-018-0191-z,A gas source localization algorithm based on NLS initial optimization of particle filtering,Jianyun Ni; Zihao Li; Yong Qi; Hainan Wang; Kim wan Shua,2018,Evolutionary Intelligence,journal-article,Springer Science and Business Media LLC,12,3,357-365,,2,11,gas_olfaction_mapping,"[""gas_olfaction_mapping""]",False,False,False,metadata_candidate,gas_olfaction_mapping,"[""env"", ""gas"", ""nav""]",1,"[{""query_id"": ""Q03"", ""query_rank"": 302, ""api_score"": 22.109186, ""raw_file"": ""raw_crossref\\Q03_robotic_gas_mapping.json"", ""raw_item_index"": 301}]"
,10.1063/1.5066535,https://doi.org/10.1063/1.5066535,Unmanned aerial vehicle application for air pollution monitoring,Sławomir Szymocha; Dawid Piwowarski; Stanisław Anweiler,2018,AIP Conference Proceedings,proceedings-article,Author(s),2026,,020073,,2,11,particulate_air_quality,"[""particulate_air_quality""]",False,False,False,metadata_candidate,particulate_air_quality,"[""env"", ""air"", ""sensor""]",1,"[{""query_id"": ""Q02"", ""query_rank"": 14, ""api_score"": 29.932198, ""raw_file"": ""raw_crossref\\Q02_ground_rover_air_quality.json"", ""raw_item_index"": 13}]"
,10.4314/wsa.v44i4.23,https://doi.org/10.4314/wsa.v44i4.23,Technical note: An anomaly in pH data in South Africa’s national water quality monitoring database – implications for future use,Carla-Louise Ramjukadh; Michael Silberbauer; Susan Taljaard,2018,Water SA,journal-article,Academy of Science of South Africa,44,4 October,,,2,11,water_quality_monitoring,"[""water_quality_monitoring""]",False,False,True,metadata_candidate,water_quality_monitoring,"[""env"", ""water"", ""sensor""]",1,"[{""query_id"": ""Q06"", ""query_rank"": 69, ""api_score"": 22.784178, ""raw_file"": ""raw_crossref\\Q06_robotic_water_quality.json"", ""raw_item_index"": 68}]"
,10.21771/jrtppi.2017.v8.no1.p35-42,https://doi.org/10.21771/jrtppi.2017.v8.no1.p35-42,Low cost particulate sensor sebagai unit kontrol untuk meningkatkan efisiensi penggunaan air proses wet scrubber,Januar Arif Fatkhurrahman; Ikha Rasti Julia Sari; Nur Zen,2017,Jurnal Riset Teknologi Pencegahan Pencemaran Industri,journal-article,Center of Industrial Pollution Prevention Technology,8,1,35-42,,2,11,embedded_environmental_sensing,"[""embedded_environmental_sensing""]",False,False,False,metadata_candidate,embedded_environmental_sensing,"[""env"", ""sensor"", ""embedded""]",2,"[{""query_id"": ""Q04"", ""query_rank"": 352, ""api_score"": 22.51403, ""raw_file"": ""raw_crossref\\Q04_low_cost_particle_calibration.json"", ""raw_item_index"": 351}]"
,10.1109/chicc.2016.7554691,https://doi.org/10.1109/chicc.2016.7554691,Extended set-membership filter for indoor gas source localization,Huayun Shi; Yi Chai; Shanbi Wei; Youtian Xia,2016,2016 35th Chinese Control Conference (CCC),proceedings-article,IEEE,,,8372-8376,,2,11,gas_olfaction_mapping,"[""gas_olfaction_mapping""]",False,False,False,metadata_candidate,gas_olfaction_mapping,"[""env"", ""gas"", ""nav""]",1,"[{""query_id"": ""Q03"", ""query_rank"": 59, ""api_score"": 25.664728, ""raw_file"": ""raw_crossref\\Q03_robotic_gas_mapping.json"", ""raw_item_index"": 58}]"
,10.1109/iceeot.2016.7755422,https://doi.org/10.1109/iceeot.2016.7755422,Cloud computing for autonomous navigation of unmanned ground vehicle,R.S. Ponmagal; K. Sujatha; T. Godhavari,2016,"2016 International Conference on Electrical, Electronics, and Optimization Techniques (ICEEOT)",proceedings-article,IEEE,,,3790-3795,,2,11,outdoor_navigation_fusion,"[""outdoor_navigation_fusion""]",False,False,False,metadata_candidate,outdoor_navigation_fusion,"[""robot"", ""nav"", ""outdoor""]",1,"[{""query_id"": ""Q02"", ""query_rank"": 492, ""api_score"": 22.378605, ""raw_file"": ""raw_crossref\\Q02_ground_rover_air_quality.json"", ""raw_item_index"": 491}]"
,10.1007/978-3-662-44725-3_2,https://doi.org/10.1007/978-3-662-44725-3_2,Selection of Water Quality Monitoring Stations,Gholamreza Asadollahfardi,2014,SpringerBriefs in Water Science and Technology Water Quality Management,book-chapter,Springer Berlin Heidelberg,,,5-20,,2,11,water_quality_monitoring,"[""water_quality_monitoring""]",False,False,False,metadata_candidate,water_quality_monitoring,"[""env"", ""water"", ""sensor""]",1,"[{""query_id"": ""Q06"", ""query_rank"": 413, ""api_score"": 19.706764, ""raw_file"": ""raw_crossref\\Q06_robotic_water_quality.json"", ""raw_item_index"": 412}]"
,10.1016/c2011-0-05798-8,https://doi.org/10.1016/c2011-0-05798-8,Monitoring Water Quality,,2013,,edited-book,Elsevier,,,,,2,11,water_quality_monitoring,"[""water_quality_monitoring""]",False,False,False,metadata_candidate,water_quality_monitoring,"[""env"", ""water"", ""sensor""]",1,"[{""query_id"": ""Q06"", ""query_rank"": 81, ""api_score"": 22.160849, ""raw_file"": ""raw_crossref\\Q06_robotic_water_quality.json"", ""raw_item_index"": 80}]"
,10.4028/www.scientific.net/amm.411-414.1445,https://doi.org/10.4028/www.scientific.net/amm.411-414.1445,Analysis and Solution on the Correlation between Dissolved Oxygen Sensor and pH Sensor for Water Quality Monitoring,Li Ya Liu; Dean Zhao; Yun Qin,2013,Applied Mechanics and Materials,journal-article,"Trans Tech Publications, Ltd.",411-414,,1445-1450,,2,11,water_quality_monitoring,"[""water_quality_monitoring""]",False,False,True,metadata_candidate,water_quality_monitoring,"[""env"", ""water"", ""sensor""]",1,"[{""query_id"": ""Q06"", ""query_rank"": 191, ""api_score"": 20.853127, ""raw_file"": ""raw_crossref\\Q06_robotic_water_quality.json"", ""raw_item_index"": 190}]"
,10.5772/32976,https://doi.org/10.5772/32976,Water Quality Monitoring and Assessment in a Developing Country,O.A.A. Eletta,2012,Water Quality Monitoring and Assessment,book-chapter,InTech,,,,,2,11,water_quality_monitoring,"[""water_quality_monitoring""]",False,False,False,metadata_candidate,water_quality_monitoring,"[""env"", ""water"", ""sensor""]",1,"[{""query_id"": ""Q06"", ""query_rank"": 52, ""api_score"": 23.221142, ""raw_file"": ""raw_crossref\\Q06_robotic_water_quality.json"", ""raw_item_index"": 51}]"
,10.1109/aim.2011.6027041,https://doi.org/10.1109/aim.2011.6027041,Mobile robot localization using place recognition in outdoor environments with similar scenes,Masahito Mitsuhashi; Yoji Kuroda,2011,2011 IEEE/ASME International Conference on Advanced Intelligent Mechatronics (AIM),proceedings-article,IEEE,,,930-935,,2,11,outdoor_navigation_fusion,"[""outdoor_navigation_fusion""]",False,False,False,metadata_candidate,outdoor_navigation_fusion,"[""robot"", ""nav"", ""outdoor""]",1,"[{""query_id"": ""Q08"", ""query_rank"": 422, ""api_score"": 21.737104, ""raw_file"": ""raw_crossref\\Q08_outdoor_mapping_fusion.json"", ""raw_item_index"": 421}]"
,10.1109/icra.2011.5979873,https://doi.org/10.1109/icra.2011.5979873,Play-back navigation for outdoor mobile robot using trajectory tracking based on environmental magnetic field,Sam Ann Rahok; Koichi Ozaki,2011,2011 IEEE International Conference on Robotics and Automation,proceedings-article,IEEE,,,625-630,,2,11,outdoor_navigation_fusion,"[""outdoor_navigation_fusion""]",False,False,False,metadata_candidate,outdoor_navigation_fusion,"[""robot"", ""nav"", ""outdoor""]",1,"[{""query_id"": ""Q01"", ""query_rank"": 303, ""api_score"": 17.171684, ""raw_file"": ""raw_crossref\\Q01_mobile_robot_environment.json"", ""raw_item_index"": 302}, {""query_id"": ""Q08"", ""query_rank"": 101, ""api_score"": 25.663658, ""raw_file"": ""raw_crossref\\Q08_outdoor_mapping_fusion.json"", ""raw_item_index"": 100}]"
,10.5772/16904,https://doi.org/10.5772/16904,Application of Remote Sensing Instrument in Air Quality Monitoring,Chuen Meei; Barry Gross; YongHua Wu; Fred Moshary,2011,"Air Quality Monitoring, Assessment and Management",book-chapter,InTech,,,,,2,11,particulate_air_quality,"[""particulate_air_quality""]",False,False,False,metadata_candidate,particulate_air_quality,"[""env"", ""air"", ""sensor""]",1,"[{""query_id"": ""Q02"", ""query_rank"": 313, ""api_score"": 23.418953, ""raw_file"": ""raw_crossref\\Q02_ground_rover_air_quality.json"", ""raw_item_index"": 312}]"
,10.1201/b10157-12,https://doi.org/10.1201/b10157-12,Laboratory Qualifications for Water Quality Monitoring,,2010,"Water Quality Concepts, Sampling, and Analyses",book-chapter,CRC Press,,,147-166,,2,11,water_quality_monitoring,"[""water_quality_monitoring""]",False,False,False,metadata_candidate,water_quality_monitoring,"[""env"", ""water"", ""sensor""]",1,"[{""query_id"": ""Q06"", ""query_rank"": 99, ""api_score"": 21.847717, ""raw_file"": ""raw_crossref\\Q06_robotic_water_quality.json"", ""raw_item_index"": 98}]"
,10.5772/5992,https://doi.org/10.5772/5992,A Novel Feature Extraction Algorithm for Outdoor Mobile Robot Localization,Sen Zhang; Wendong Xiao; Lihua Xie,2008,Motion Planning,book-chapter,InTech,,,,,2,11,outdoor_navigation_fusion,"[""outdoor_navigation_fusion""]",False,False,False,metadata_candidate,outdoor_navigation_fusion,"[""robot"", ""nav"", ""outdoor""]",1,"[{""query_id"": ""Q08"", ""query_rank"": 153, ""api_score"": 24.598804, ""raw_file"": ""raw_crossref\\Q08_outdoor_mapping_fusion.json"", ""raw_item_index"": 152}]"
,10.1109/icarcv.2006.345411,https://doi.org/10.1109/icarcv.2006.345411,Performance Analysis of an Autonomous Mobile Robot Mapping System for Outdoor Environments,R. Bostelman; T. Hong; R. Madhavan; T. Chang; H. Scott,2006,"2006 9th International Conference on Control, Automation, Robotics and Vision",proceedings-article,IEEE,,,1-6,,2,11,outdoor_navigation_fusion,"[""outdoor_navigation_fusion""]",False,False,False,metadata_candidate,outdoor_navigation_fusion,"[""robot"", ""nav"", ""outdoor""]",1,"[{""query_id"": ""Q08"", ""query_rank"": 85, ""api_score"": 26.18666, ""raw_file"": ""raw_crossref\\Q08_outdoor_mapping_fusion.json"", ""raw_item_index"": 84}]"
,10.1163/156855306778960608,https://doi.org/10.1163/156855306778960608,Intelligent unmanned ground vehicle navigation via information evaluation,R. Madhavan; E. Messina,2006,Advanced Robotics,journal-article,Informa UK Limited,20,12,1375-1400,,2,11,outdoor_navigation_fusion,"[""outdoor_navigation_fusion""]",False,False,False,metadata_candidate,outdoor_navigation_fusion,"[""robot"", ""nav"", ""outdoor""]",1,"[{""query_id"": ""Q02"", ""query_rank"": 396, ""api_score"": 22.908737, ""raw_file"": ""raw_crossref\\Q02_ground_rover_air_quality.json"", ""raw_item_index"": 395}]"
,10.2166/wqrj.2002.014,https://doi.org/10.2166/wqrj.2002.014,"Effluent Characterization, Water Quality Monitoring and Sediment Monitoring in the Metal Mining EEM Program",Roy Parker; Charles Dumaresq,2002,Water Quality Research Journal,journal-article,IWA Publishing,37,1,219-228,,2,11,water_quality_monitoring,"[""water_quality_monitoring""]",False,False,True,metadata_candidate,water_quality_monitoring,"[""env"", ""water"", ""sensor""]",1,"[{""query_id"": ""Q06"", ""query_rank"": 259, ""api_score"": 20.437334, ""raw_file"": ""raw_crossref\\Q06_robotic_water_quality.json"", ""raw_item_index"": 258}]"
,10.1016/b978-008043340-0/50010-2,https://doi.org/10.1016/b978-008043340-0/50010-2,Optochemical sensors in water monitoring,W. Trettnak; F. Reininger,1998,Monitoring of Water Quality,book-chapter,Elsevier,,,117-136,,2,11,water_quality_monitoring,"[""water_quality_monitoring""]",False,False,False,metadata_candidate,water_quality_monitoring,"[""env"", ""water"", ""sensor""]",1,"[{""query_id"": ""Q06"", ""query_rank"": 124, ""api_score"": 21.569225, ""raw_file"": ""raw_crossref\\Q06_robotic_water_quality.json"", ""raw_item_index"": 123}]"
,10.1007/978-3-642-75413-5_1,https://doi.org/10.1007/978-3-642-75413-5_1,"Estuarine Water Quality Management: Planning, Organizing, Monitoring and Modelling",Neil S. Grigg,1990,Estuarine Water Quality Management,book-chapter,Springer Berlin Heidelberg,,,3-10,,2,11,water_quality_monitoring,"[""water_quality_monitoring""]",False,False,False,metadata_candidate,water_quality_monitoring,"[""env"", ""water"", ""sensor""]",2,"[{""query_id"": ""Q06"", ""query_rank"": 267, ""api_score"": 20.410463, ""raw_file"": ""raw_crossref\\Q06_robotic_water_quality.json"", ""raw_item_index"": 266}]"
,10.1109/isoen68725.2026.11665044,https://doi.org/10.1109/isoen68725.2026.11665044,When Does Modern AI Add Value to Gas Distribution Mapping?,Nicolas P. Winkler; Patrick P. Neumann,2026,2026 IEEE International Symposium on Olfaction and Electronic Nose (ISOEN),proceedings-article,IEEE,,,311-313,,1,11,gas_olfaction_mapping,"[""gas_olfaction_mapping""]",False,False,False,metadata_candidate,gas_olfaction_mapping,"[""env"", ""gas"", ""nav""]",1,"[{""query_id"": ""Q03"", ""query_rank"": 165, ""api_score"": 23.433197, ""raw_file"": ""raw_crossref\\Q03_robotic_gas_mapping.json"", ""raw_item_index"": 164}]"
,10.1109/southeastcon56624.2025.10971643,https://doi.org/10.1109/southeastcon56624.2025.10971643,Lidar Based Autonomous Navigation of an Unmanned Ground Vehicle Using Statistical and AI Based Steering,Onur Toker; Rawa Adla,2025,SoutheastCon 2025,proceedings-article,IEEE,,,958-963,,1,11,outdoor_navigation_fusion,"[""outdoor_navigation_fusion""]",False,False,False,metadata_candidate,outdoor_navigation_fusion,"[""robot"", ""nav"", ""outdoor""]",1,"[{""query_id"": ""Q02"", ""query_rank"": 288, ""api_score"": 23.543985, ""raw_file"": ""raw_crossref\\Q02_ground_rover_air_quality.json"", ""raw_item_index"": 287}]"
,10.2139/ssrn.5441836,https://doi.org/10.2139/ssrn.5441836,Path planning for a novel Cooperative system: Unmanned Ground Effect Vehicle (UGEV) and Folding-Wing Unmanned Aerial Vehicle (FUAV) for Maritime Detection Mission,Jianing Deng; Mingying Huo; Zheng Li; Naiming Qi; Ze Yu; Yongcheng Wu,2025,,posted-content,Elsevier BV,,,,,1,11,outdoor_navigation_fusion,"[""outdoor_navigation_fusion""]",False,False,False,metadata_candidate,outdoor_navigation_fusion,"[""robot"", ""nav"", ""outdoor""]",1,"[{""query_id"": ""Q02"", ""query_rank"": 113, ""api_score"": 25.359386, ""raw_file"": ""raw_crossref\\Q02_ground_rover_air_quality.json"", ""raw_item_index"": 112}]"
,10.1109/icocsim65098.2024.00017,https://doi.org/10.1109/icocsim65098.2024.00017,"Development of a Smart Water pH, Temperature, and Turbidity Detection and Monitoring System (Smart WTT) for Freshwater Fish Farming",Roslina Roslina; Purwa Hasan Putra; Jasni Bt Mohamad Zain; Saiful Farik Mat Yatin; Bakti Viyata Sundawa; Afritha Amelia; Arridina Susan Silitonga; Islam Md Rizwanul Fattah,2024,2024 5th International Conference on Computational Science & Information Management (ICoCSIM),proceedings-article,IEEE,,,48-53,,1,11,water_quality_monitoring,"[""water_quality_monitoring""]",False,False,False,metadata_candidate,water_quality_monitoring,"[""env"", ""water"", ""sensor""]",1,"[{""query_id"": ""Q06"", ""query_rank"": 186, ""api_score"": 20.904821, ""raw_file"": ""raw_crossref\\Q06_robotic_water_quality.json"", ""raw_item_index"": 185}]"
,10.1109/isoen61239.2024.10556309,https://doi.org/10.1109/isoen61239.2024.10556309,"Gas Distribution Mapping With Radius-Based, Bi-directional Graph Neural Networks (RABI-GNN)",Nicolas P. Winkler; Patrick P. Neumann; Erik Schaffernicht; Achim J. Lilienthal,2024,2024 IEEE International Symposium on Olfaction and Electronic Nose (ISOEN),proceedings-article,IEEE,,,1-3,,1,11,gas_olfaction_mapping,"[""gas_olfaction_mapping""]",False,False,False,metadata_candidate,gas_olfaction_mapping,"[""env"", ""gas"", ""nav""]",1,"[{""query_id"": ""Q03"", ""query_rank"": 440, ""api_score"": 21.238447, ""raw_file"": ""raw_crossref\\Q03_robotic_gas_mapping.json"", ""raw_item_index"": 439}]"
,10.1109/tim.2024.3472798,https://doi.org/10.1109/tim.2024.3472798,AWED: Asymmetric Wavelet Encoder–Decoder Framework for Simultaneous Gas Distribution Mapping and Gas Source Localization,Shutong Zhong; Ming Zeng; Liang Mao,2024,IEEE Transactions on Instrumentation and Measurement,journal-article,Institute of Electrical and Electronics Engineers (IEEE),73,,1-10,,1,11,gas_olfaction_mapping,"[""gas_olfaction_mapping""]",False,False,False,metadata_candidate,gas_olfaction_mapping,"[""env"", ""gas"", ""nav""]",1,"[{""query_id"": ""Q03"", ""query_rank"": 5, ""api_score"": 36.535286, ""raw_file"": ""raw_crossref\\Q03_robotic_gas_mapping.json"", ""raw_item_index"": 4}]"
,10.3390/ecsa-11-20509,https://doi.org/10.3390/ecsa-11-20509,IMU Sensor for In-Situ 3D Movement Monitoring of Particulate Matter,Barbora Černilová; Jiří Kuře,2024,ECSA-11,proceedings-article,MDPI,,,57,,1,11,particulate_air_quality,"[""particulate_air_quality""]",False,False,False,metadata_candidate,particulate_air_quality,"[""env"", ""air"", ""sensor""]",1,"[{""query_id"": ""Q04"", ""query_rank"": 305, ""api_score"": 23.006138, ""raw_file"": ""raw_crossref\\Q04_low_cost_particle_calibration.json"", ""raw_item_index"": 304}]"
,10.36278/jeaht.27.4.249,https://doi.org/10.36278/jeaht.27.4.249,Selection of the best fitted Machine Learning Algorithms for Turbidity Prediction using Water Quality Parameters in Non-point Source Pollution Monitoring Network,Je-Won Hyun; Chang-Gyun Kim,2024,"Journal of Environmental Analysis, Health and Toxicology",journal-article,Korea Society of Environmental Analysis,27,4,249-256,,1,11,water_quality_monitoring,"[""water_quality_monitoring""]",False,False,True,metadata_candidate,water_quality_monitoring,"[""env"", ""water"", ""sensor""]",1,"[{""query_id"": ""Q06"", ""query_rank"": 273, ""api_score"": 20.34731, ""raw_file"": ""raw_crossref\\Q06_robotic_water_quality.json"", ""raw_item_index"": 272}]"
,10.3808/jeil.202400120,https://doi.org/10.3808/jeil.202400120,Sensor Based Air Pollutants Monitoring Using Unmanned Aerial Vehicle in Raipur City,"Civil Engineering Department, National Institute of Technology Raipur, Raipur, Chhattisgarh 492010, India; V. Lambey; A. D. Prasad",2024,Journal of Environmental Informatics Letters,journal-article,International Society for Environmental Information Science (ISEIS),,,,,1,11,particulate_air_quality,"[""particulate_air_quality""]",False,False,True,metadata_candidate,particulate_air_quality,"[""env"", ""air"", ""sensor""]",1,"[{""query_id"": ""Q02"", ""query_rank"": 487, ""api_score"": 22.456322, ""raw_file"": ""raw_crossref\\Q02_ground_rover_air_quality.json"", ""raw_item_index"": 486}]"
,10.1007/978-3-031-08476-8_8,https://doi.org/10.1007/978-3-031-08476-8_8,Analysis and Modelling of an Optical Particulate Matter Sensor Data Towards Its Performance Improvement,Dimitrios Nikolis; Kostas Karatzas; Joel Kuula; Hilkka Timonen,2023,Environmental Informatics and Modeling Air Quality Networks,book-chapter,Springer International Publishing,,,163-178,,1,11,particulate_air_quality,"[""particulate_air_quality""]",False,False,False,metadata_candidate,particulate_air_quality,"[""env"", ""air"", ""sensor""]",1,"[{""query_id"": ""Q04"", ""query_rank"": 295, ""api_score"": 23.109646, ""raw_file"": ""raw_crossref\\Q04_low_cost_particle_calibration.json"", ""raw_item_index"": 294}]"
,10.2139/ssrn.4501395,https://doi.org/10.2139/ssrn.4501395,Super-Resolution for Gas Distribution Mapping,Nicolas Winkler; Oleksandr Kotlyar; Erik Schaffernicht; Haruka Matsukura; Hiroshi Ishida; Patrick Neumann; Achim Lilienthal,2023,,posted-content,Elsevier BV,,,,,1,11,gas_olfaction_mapping,"[""gas_olfaction_mapping""]",False,False,False,metadata_candidate,gas_olfaction_mapping,"[""env"", ""gas"", ""nav""]",1,"[{""query_id"": ""Q03"", ""query_rank"": 56, ""api_score"": 25.76429, ""raw_file"": ""raw_crossref\\Q03_robotic_gas_mapping.json"", ""raw_item_index"": 55}]"
,10.3390/w15183216,https://doi.org/10.3390/w15183216,Water Quality Modeling and Monitoring,Xing Fang; Jiangyong Hu; Suresh Sharma,2023,Water,journal-article,MDPI AG,15,18,3216,,1,11,water_quality_monitoring,"[""water_quality_monitoring""]",False,False,True,metadata_candidate,water_quality_monitoring,"[""env"", ""water"", ""sensor""]",1,"[{""query_id"": ""Q06"", ""query_rank"": 299, ""api_score"": 20.238346, ""raw_file"": ""raw_crossref\\Q06_robotic_water_quality.json"", ""raw_item_index"": 298}]"
,10.1109/siitme56728.2022.9988528,https://doi.org/10.1109/siitme56728.2022.9988528,Air Quality Monitoring System Inside and Outside a Vehicle,Liviu-Marian Dragomir; Mihaela Pantazica,2022,2022 IEEE 28th International Symposium for Design and Technology in Electronic Packaging (SIITME),proceedings-article,IEEE,,,218-222,,1,11,particulate_air_quality,"[""particulate_air_quality""]",False,False,False,metadata_candidate,particulate_air_quality,"[""env"", ""air"", ""sensor""]",1,"[{""query_id"": ""Q02"", ""query_rank"": 356, ""api_score"": 23.160393, ""raw_file"": ""raw_crossref\\Q02_ground_rover_air_quality.json"", ""raw_item_index"": 355}]"
,10.1088/978-0-7503-3047-3ch2,https://doi.org/10.1088/978-0-7503-3047-3ch2,Fluorescence spectroscopy and applications in water quality monitoring,Cong Wang; Daoliang Li,2021,Spectroscopy and Machine Learning for Water Quality Analysis,book-chapter,IOP Publishing,,,,,1,11,water_quality_monitoring,"[""water_quality_monitoring""]",False,False,False,metadata_candidate,water_quality_monitoring,"[""env"", ""water"", ""sensor""]",1,"[{""query_id"": ""Q06"", ""query_rank"": 222, ""api_score"": 20.645576, ""raw_file"": ""raw_crossref\\Q06_robotic_water_quality.json"", ""raw_item_index"": 221}]"
,10.1109/icracos53680.2021.9702015,https://doi.org/10.1109/icracos53680.2021.9702015,"Schematics Monitoring System Temperature, PH and Turbidity Based on LORA (Long Range) to Improve the Quality of the Harvest",Murry Raditya; Purwardi Agus Darwito; Anton S.R Ansori; Bintang Kalahari; Pandu Galih Saputro; Hasna Mufidah,2021,2021 3rd International Conference on Research and Academic Community Services (ICRACOS),proceedings-article,IEEE,,,7-11,,1,11,water_quality_monitoring,"[""water_quality_monitoring""]",False,False,False,metadata_candidate,water_quality_monitoring,"[""env"", ""water"", ""sensor""]",1,"[{""query_id"": ""Q06"", ""query_rank"": 64, ""api_score"": 22.871456, ""raw_file"": ""raw_crossref\\Q06_robotic_water_quality.json"", ""raw_item_index"": 63}]"
,10.24425/bpasts.2021.139205,https://doi.org/10.24425/bpasts.2021.139205,Experimental studies and modeling of four-wheeled mobile robot motion taking into account wheel slippage,Anna Jaskot; Bogdan Posiadała,2021,Bulletin of the Polish Academy of Sciences Technical Sciences,journal-article,Polish Academy of Sciences Chancellery,,,139205-139205,,1,11,four_wheel_steering,"[""four_wheel_steering""]",False,False,True,metadata_candidate,four_wheel_steering,"[""robot"", ""steer""]",1,"[{""query_id"": ""Q07"", ""query_rank"": 213, ""api_score"": 27.046448, ""raw_file"": ""raw_crossref\\Q07_four_wheel_steering.json"", ""raw_item_index"": 212}]"
,10.34010/telekontran.v8i1.3070,https://doi.org/10.34010/telekontran.v8i1.3070,Sistem Monitoring Kualitas Air Menggunakan Sensor Turbidity Metode Nephelometri Berbasis Raspberry PI 3 Monitoring Water Quality Using Turbidity Sensor Metode Nephelometric Base on Raspberry PI 3,Goib Wiranto; Tri Rahajoeningroem; Al Fatin Fernanda,2020,"Telekontran : Jurnal Ilmiah Telekomunikasi, Kendali dan Elektronika Terapan",journal-article,Universitas Komputer Indonesia,8,1,23-29,,1,11,water_quality_monitoring,"[""water_quality_monitoring""]",False,False,True,metadata_candidate,water_quality_monitoring,"[""env"", ""water"", ""sensor""]",1,"[{""query_id"": ""Q06"", ""query_rank"": 23, ""api_score"": 25.059849, ""raw_file"": ""raw_crossref\\Q06_robotic_water_quality.json"", ""raw_item_index"": 22}]"
,10.35429/jtd.2020.14.4.20.27,https://doi.org/10.35429/jtd.2020.14.4.20.27,"Turbidity, dissolved Oxygen and pH measurement system for grey water treatment process by electrocoagulation",Luis Alberto Cantera-Cantera; Andrés Calvillo-Téllez; Yair Lozano-Hernández,2020,Revista del Desarrollo Tecnologico,journal-article,ECORFAN,,,20-27,,1,11,water_quality_monitoring,"[""water_quality_monitoring""]",False,False,True,metadata_candidate,water_quality_monitoring,"[""env"", ""water"", ""sensor""]",1,"[{""query_id"": ""Q06"", ""query_rank"": 148, ""api_score"": 21.222939, ""raw_file"": ""raw_crossref\\Q06_robotic_water_quality.json"", ""raw_item_index"": 147}]"
,10.1145/3230876.3230894,https://doi.org/10.1145/3230876.3230894,Application Of Unmanned Aerial Vehicle Network Control To Coastal Water Quality Monitoring,Yongcan Yu; Feifei Yu; Yajie Zhang; Zhennan Chen,2018,Proceedings of the 2018 International Conference on Mechatronic Systems and Robots,proceedings-article,ACM,,,115-118,,1,11,water_quality_monitoring,"[""water_quality_monitoring""]",False,False,False,metadata_candidate,water_quality_monitoring,"[""env"", ""water"", ""sensor""]",1,"[{""query_id"": ""Q02"", ""query_rank"": 223, ""api_score"": 24.04081, ""raw_file"": ""raw_crossref\\Q02_ground_rover_air_quality.json"", ""raw_item_index"": 222}]"
,10.23883/ijrter.conf.02180328.035.higz5,https://doi.org/10.23883/ijrter.conf.02180328.035.higz5,Smart Aquaculture Fish Feeding and Water Quality Monitoring,,2018,International Journal of Recent Trends in Engineering and Research,journal-article,International Journal of Recent Trends in Engineering and Research,,,210-213,,1,11,water_quality_monitoring,"[""water_quality_monitoring""]",False,False,False,metadata_candidate,water_quality_monitoring,"[""env"", ""water"", ""sensor""]",1,"[{""query_id"": ""Q06"", ""query_rank"": 227, ""api_score"": 20.625042, ""raw_file"": ""raw_crossref\\Q06_robotic_water_quality.json"", ""raw_item_index"": 226}]"
,10.3390/proceedings2130995,https://doi.org/10.3390/proceedings2130995,Characterization of a Capacitive Sensor for Particulate Matter,Paul Maierhofer; Marco Carminati; Giorgio Ferrari; Georg Röhrer; Marco Sampietro; Alexander Bergmann,2018,EUROSENSORS 2018,proceedings-article,MDPI,,,995,,1,11,particulate_air_quality,"[""particulate_air_quality""]",False,False,False,metadata_candidate,particulate_air_quality,"[""env"", ""air"", ""sensor""]",1,"[{""query_id"": ""Q04"", ""query_rank"": 487, ""api_score"": 21.422483, ""raw_file"": ""raw_crossref\\Q04_low_cost_particle_calibration.json"", ""raw_item_index"": 486}]"
,10.1109/wmnc.2017.8248854,https://doi.org/10.1109/wmnc.2017.8248854,Design and deployment of a WSN for water turbidity monitoring in fish farms,Javier Rocher; Miran Taha; Lorena Parra; Jaime Lloret,2017,2017 10th IFIP Wireless and Mobile Networking Conference (WMNC),proceedings-article,IEEE,,,1-7,,1,11,water_quality_monitoring,"[""water_quality_monitoring""]",False,False,False,metadata_candidate,water_quality_monitoring,"[""env"", ""water"", ""sensor""]",1,"[{""query_id"": ""Q06"", ""query_rank"": 328, ""api_score"": 20.078362, ""raw_file"": ""raw_crossref\\Q06_robotic_water_quality.json"", ""raw_item_index"": 327}]"
,10.1007/978-3-658-13255-2_116,https://doi.org/10.1007/978-3-658-13255-2_116,Concept for Diesel Particulate Filter monitoring based on BOSCH Particulate Matter Sensor (PMS),Jörg Linke; D. Konrad,2016,Proceedings 16. Internationales Stuttgarter Symposium,book-chapter,Springer Fachmedien Wiesbaden,,,1595-1603,,1,11,particulate_air_quality,"[""particulate_air_quality""]",False,False,False,metadata_candidate,particulate_air_quality,"[""env"", ""air"", ""sensor""]",1,"[{""query_id"": ""Q04"", ""query_rank"": 389, ""api_score"": 22.212803, ""raw_file"": ""raw_crossref\\Q04_low_cost_particle_calibration.json"", ""raw_item_index"": 388}]"
,10.1109/ccdc.2016.7531270,https://doi.org/10.1109/ccdc.2016.7531270,Non steady gas source localization algorithm for indoor environment using WSN,Li Qiuming; Liu Zhigang; Wang Jinkuan,2016,2016 Chinese Control and Decision Conference (CCDC),proceedings-article,IEEE,,,1782-1786,,1,11,gas_olfaction_mapping,"[""gas_olfaction_mapping""]",False,False,False,metadata_candidate,gas_olfaction_mapping,"[""env"", ""gas"", ""nav""]",1,"[{""query_id"": ""Q03"", ""query_rank"": 65, ""api_score"": 25.323, ""raw_file"": ""raw_crossref\\Q03_robotic_gas_mapping.json"", ""raw_item_index"": 64}]"
,10.21771/jrtppi.2016.v7.no1.p31-38,https://doi.org/10.21771/jrtppi.2016.v7.no1.p31-38,VERIFIKASI LOW COST PARTICULATE SENSOR SEBAGAI SENSOR PARTIKULAT PADA MODIFIKASI TEKNOLOGI WET SCRUBBER,Januar Arif Fatkhurrahman; Ikha Rasti Julia Sari; Nur Zen,2016,Jurnal Riset Teknologi Pencegahan Pencemaran Industri,journal-article,Center of Industrial Pollution Prevention Technology,7,1,31-38,,1,11,embedded_environmental_sensing,"[""embedded_environmental_sensing""]",False,False,False,metadata_candidate,embedded_environmental_sensing,"[""env"", ""sensor"", ""embedded""]",2,"[{""query_id"": ""Q04"", ""query_rank"": 173, ""api_score"": 25.348602, ""raw_file"": ""raw_crossref\\Q04_low_cost_particle_calibration.json"", ""raw_item_index"": 172}]"
,10.1016/j.swaqe.2015.02.001,https://doi.org/10.1016/j.swaqe.2015.02.001,Monitoring and assessment of water quality and ecology,Hongming He; Yang Cheng; Jie Zhou; Samnang Keo; Peter Goethals,2014,Sustainability of Water Quality and Ecology,journal-article,Elsevier BV,3-4,,1-2,,1,11,water_quality_monitoring,"[""water_quality_monitoring""]",False,False,False,metadata_candidate,water_quality_monitoring,"[""env"", ""water"", ""sensor""]",1,"[{""query_id"": ""Q06"", ""query_rank"": 490, ""api_score"": 19.302544, ""raw_file"": ""raw_crossref\\Q06_robotic_water_quality.json"", ""raw_item_index"": 489}]"
,10.1109/chicc.2014.6896647,https://doi.org/10.1109/chicc.2014.6896647,Gas source localization based on maximum likelihood with arbitrary deployment WSN,Shinian Wang; Yi Chai; Zhimin Yang,2014,Proceedings of the 33rd Chinese Control Conference,proceedings-article,IEEE,,,349-352,,1,11,gas_olfaction_mapping,"[""gas_olfaction_mapping""]",False,False,False,metadata_candidate,gas_olfaction_mapping,"[""env"", ""gas"", ""nav""]",1,"[{""query_id"": ""Q03"", ""query_rank"": 63, ""api_score"": 25.365807, ""raw_file"": ""raw_crossref\\Q03_robotic_gas_mapping.json"", ""raw_item_index"": 62}]"
,10.21236/ada607907,https://doi.org/10.21236/ada607907,"Counter Tunnel Exploration, Mapping, and Localization with an Unmanned Ground Vehicle",Jacoby Larson; Brian Okorn; Tracy Pastore; David Hooper; Jim Edwards,2014,,report,Defense Technical Information Center,,,,,1,11,outdoor_navigation_fusion,"[""outdoor_navigation_fusion""]",False,False,False,metadata_candidate,outdoor_navigation_fusion,"[""robot"", ""nav"", ""outdoor""]",1,"[{""query_id"": ""Q02"", ""query_rank"": 206, ""api_score"": 24.267834, ""raw_file"": ""raw_crossref\\Q02_ground_rover_air_quality.json"", ""raw_item_index"": 205}]"
,10.4028/www.scientific.net/amr.905.443,https://doi.org/10.4028/www.scientific.net/amr.905.443,Unmanned Ground Vehicle SysML Navigation Model Conducted by Energy Efficiency,Eero Väljaots; Raivo Sell,2014,Advanced Materials Research,journal-article,"Trans Tech Publications, Ltd.",905,,443-447,,1,11,outdoor_navigation_fusion,"[""outdoor_navigation_fusion""]",False,False,True,metadata_candidate,outdoor_navigation_fusion,"[""robot"", ""nav"", ""outdoor""]",1,"[{""query_id"": ""Q02"", ""query_rank"": 269, ""api_score"": 23.619379, ""raw_file"": ""raw_crossref\\Q02_ground_rover_air_quality.json"", ""raw_item_index"": 268}]"
,10.1016/b978-0-444-59395-5.00006-6,https://doi.org/10.1016/b978-0-444-59395-5.00006-6,"Water Quality Monitoring and Environmental Risk Assessment in a Developing Coastal Region, Southeastern North Carolina",Lawrence B. Cahoon; Michael A. Mallin,2013,Monitoring Water Quality,book-chapter,Elsevier,,,149-169,,1,11,water_quality_monitoring,"[""water_quality_monitoring""]",False,False,False,metadata_candidate,water_quality_monitoring,"[""env"", ""water"", ""sensor""]",1,"[{""query_id"": ""Q06"", ""query_rank"": 168, ""api_score"": 21.002323, ""raw_file"": ""raw_crossref\\Q06_robotic_water_quality.json"", ""raw_item_index"": 167}]"
,10.5220/0004047304850488,https://doi.org/10.5220/0004047304850488,Autonomous Navigation of an Outdoor Mobile Robot in a Cluttered Environment,,2012,"Proceedings of the 9th International Conference on Informatics in Control, Automation and Robotics",proceedings-article,SciTePress - Science and and Technology Publications,,,485-488,,1,11,outdoor_navigation_fusion,"[""outdoor_navigation_fusion""]",False,False,False,metadata_candidate,outdoor_navigation_fusion,"[""robot"", ""nav"", ""outdoor""]",1,"[{""query_id"": ""Q08"", ""query_rank"": 401, ""api_score"": 21.950449, ""raw_file"": ""raw_crossref\\Q08_outdoor_mapping_fusion.json"", ""raw_item_index"": 400}]"
,10.5772/33867,https://doi.org/10.5772/33867,Combining Statistical Methodologies in Water Quality Monitoring in a Hydrological Basin - Space and Time Approaches,Marco Costa; A. Manuela,2012,Water Quality Monitoring and Assessment,book-chapter,InTech,,,,,1,11,water_quality_monitoring,"[""water_quality_monitoring""]",False,False,False,metadata_candidate,water_quality_monitoring,"[""env"", ""water"", ""sensor""]",1,"[{""query_id"": ""Q06"", ""query_rank"": 125, ""api_score"": 21.558964, ""raw_file"": ""raw_crossref\\Q06_robotic_water_quality.json"", ""raw_item_index"": 124}]"
,10.5772/45772,https://doi.org/10.5772/45772,Information Systems for Air Quality Monitoring,Silvije Davila; Ivan Beli; Kreimir eg,2012,Air Quality - New Perspective,book-chapter,InTech,,,,,1,11,particulate_air_quality,"[""particulate_air_quality""]",False,False,False,metadata_candidate,particulate_air_quality,"[""env"", ""air"", ""sensor""]",1,"[{""query_id"": ""Q02"", ""query_rank"": 361, ""api_score"": 23.08665, ""raw_file"": ""raw_crossref\\Q02_ground_rover_air_quality.json"", ""raw_item_index"": 360}]"
,10.5772/10582,https://doi.org/10.5772/10582,Optical Measurements of Atmospheric Aerosols in Air Quality Monitoring,Jolanta Kusmierczyk-Michulec,2011,Air Quality-Models and Applications,book-chapter,InTech,,,,,1,11,particulate_air_quality,"[""particulate_air_quality""]",False,False,False,metadata_candidate,particulate_air_quality,"[""env"", ""air"", ""sensor""]",1,"[{""query_id"": ""Q02"", ""query_rank"": 418, ""api_score"": 22.83055, ""raw_file"": ""raw_crossref\\Q02_ground_rover_air_quality.json"", ""raw_item_index"": 417}]"
,10.5772/29089,https://doi.org/10.5772/29089,Collaborative Environmental Monitoring with Hierarchical Wireless Sensor Networks,Qing Ling; Gang Wu; Zhi Ti,2011,Environmental Monitoring,book-chapter,InTech,,,,,1,11,embedded_environmental_sensing,"[""embedded_environmental_sensing""]",False,False,False,metadata_candidate,embedded_environmental_sensing,"[""env"", ""sensor"", ""embedded""]",1,"[{""query_id"": ""Q05"", ""query_rank"": 199, ""api_score"": 22.645493, ""raw_file"": ""raw_crossref\\Q05_gas_sensor_calibration.json"", ""raw_item_index"": 198}]"
,10.1109/icarcv.2010.5707327,https://doi.org/10.1109/icarcv.2010.5707327,Environmental monitoring and air-conditioning automatic control with intelligent building wireless sensor network,Zheng Tao; Qin Yajuan; Gao Deyun; Zhang Hongke,2010,2010 11th International Conference on Control Automation Robotics & Vision,proceedings-article,IEEE,,,2431-2436,,1,11,embedded_environmental_sensing,"[""embedded_environmental_sensing""]",False,False,False,metadata_candidate,embedded_environmental_sensing,"[""env"", ""sensor"", ""embedded""]",1,"[{""query_id"": ""Q10"", ""query_rank"": 383, ""api_score"": 15.978862, ""raw_file"": ""raw_crossref\\Q10_environmental_robotics_datasets.json"", ""raw_item_index"": 382}]"
,10.1299/jsmemovic.2010._2c11-1_,https://doi.org/10.1299/jsmemovic.2010._2c11-1_,2C11 Autonomous control and Simultaneous Localization and Mapping (SLAM) of Unmanned Ground Vehicle,DuyHinh NGUYEN; Xiqian WU; Daisuke IWAKURA; Kenzo NONAMI,2010,The Proceedings of the Symposium on the Motion and Vibration Control,journal-article,Japan Society of Mechanical Engineers,2010,0,_2C11-1_-_2C11-9_,,1,11,outdoor_navigation_fusion,"[""outdoor_navigation_fusion""]",False,False,False,metadata_candidate,outdoor_navigation_fusion,"[""robot"", ""nav"", ""outdoor""]",1,"[{""query_id"": ""Q02"", ""query_rank"": 218, ""api_score"": 24.133615, ""raw_file"": ""raw_crossref\\Q02_ground_rover_air_quality.json"", ""raw_item_index"": 217}]"
,10.1002/9780470716090.ch13,https://doi.org/10.1002/9780470716090.ch13,Contribution of Hydrogeological Mapping to Water Monitoring Programmes,Wilhelm F. Struckmeier,2008,Water Quality Measurements The Water Framework Directive,other,Wiley,,,215-227,,1,11,water_quality_monitoring,"[""water_quality_monitoring""]",False,False,False,metadata_candidate,water_quality_monitoring,"[""water"", ""sensor"", ""nav""]",1,"[{""query_id"": ""Q06"", ""query_rank"": 404, ""api_score"": 19.755692, ""raw_file"": ""raw_crossref\\Q06_robotic_water_quality.json"", ""raw_item_index"": 403}]"
,10.1002/9780470518328.ch2,https://doi.org/10.1002/9780470518328.ch2,A Management Context for the Statistical Design of Recreational Contact Water Quality Monitoring Programs,Stephen B. Weisberg,2007,Statistical Framework for Recreational Water Quality Criteria and Monitoring,other,Wiley,,,13-17,,1,11,water_quality_monitoring,"[""water_quality_monitoring""]",False,False,False,metadata_candidate,water_quality_monitoring,"[""env"", ""water"", ""sensor""]",1,"[{""query_id"": ""Q06"", ""query_rank"": 254, ""api_score"": 20.453781, ""raw_file"": ""raw_crossref\\Q06_robotic_water_quality.json"", ""raw_item_index"": 253}]"
,10.1109/icma.2007.4303630,https://doi.org/10.1109/icma.2007.4303630,Localization of Outdoor Mobile Robot with Multi-Path Bias Detection,Yong-Shik Kim; Bong Keun Kim; Kohtaro Ohba; Akihisa Ohya,2007,2007 International Conference on Mechatronics and Automation,proceedings-article,IEEE,,,705-710,,1,11,outdoor_navigation_fusion,"[""outdoor_navigation_fusion""]",False,False,False,metadata_candidate,outdoor_navigation_fusion,"[""robot"", ""nav"", ""outdoor""]",1,"[{""query_id"": ""Q08"", ""query_rank"": 475, ""api_score"": 21.436497, ""raw_file"": ""raw_crossref\\Q08_outdoor_mapping_fusion.json"", ""raw_item_index"": 474}]"
,10.1002/9780470058725.ch15,https://doi.org/10.1002/9780470058725.ch15,Industrial Wastewater Quality Monitoring,Olivier Thomas; Marie‐Florence Pouet,2006,Water Quality Measurements Wastewater Quality Monitoring and Treatment,other,Wiley,,,265-273,,1,11,water_quality_monitoring,"[""water_quality_monitoring""]",False,False,False,metadata_candidate,water_quality_monitoring,"[""env"", ""water"", ""sensor""]",1,"[{""query_id"": ""Q06"", ""query_rank"": 150, ""api_score"": 21.146917, ""raw_file"": ""raw_crossref\\Q06_robotic_water_quality.json"", ""raw_item_index"": 149}]"
,10.1201/9781420037616.ch4,https://doi.org/10.1201/9781420037616.ch4,Applications of water quality products to environmental monitoring,,2005,Satellite Monitoring of Inland and Coastal Water Quality,book-chapter,CRC Press,,,,,1,11,water_quality_monitoring,"[""water_quality_monitoring""]",False,False,False,metadata_candidate,water_quality_monitoring,"[""env"", ""water"", ""sensor""]",3,"[{""query_id"": ""Q06"", ""query_rank"": 92, ""api_score"": 21.954386, ""raw_file"": ""raw_crossref\\Q06_robotic_water_quality.json"", ""raw_item_index"": 91}]"
,10.1201/9780203495476.ch7,https://doi.org/10.1201/9780203495476.ch7,Opportunities and Challenges in Surface Water Quality Monitoring,J Messer; S Cormier,2004,Environmental Monitoring,book-chapter,CRC Press,,,217-238,,1,11,water_quality_monitoring,"[""water_quality_monitoring""]",False,False,False,metadata_candidate,water_quality_monitoring,"[""env"", ""water"", ""sensor""]",2,"[{""query_id"": ""Q06"", ""query_rank"": 455, ""api_score"": 19.505962, ""raw_file"": ""raw_crossref\\Q06_robotic_water_quality.json"", ""raw_item_index"": 454}]"
,10.1007/978-94-010-0231-8_9,https://doi.org/10.1007/978-94-010-0231-8_9,Automated Water Quality Monitoring In Water Distribution Networks,Y A PAPADIMITRAKIS,2003,Integrated Technologies for Environmental Monitoring and Information Production,book-chapter,Springer Netherlands,,,103-118,,1,11,water_quality_monitoring,"[""water_quality_monitoring""]",False,False,False,metadata_candidate,water_quality_monitoring,"[""env"", ""water"", ""sensor""]",1,"[{""query_id"": ""Q06"", ""query_rank"": 331, ""api_score"": 20.052662, ""raw_file"": ""raw_crossref\\Q06_robotic_water_quality.json"", ""raw_item_index"": 330}]"
,10.1007/978-94-011-5127-6_7,https://doi.org/10.1007/978-94-011-5127-6_7,"Air Quality and Monitoring Strategy in the Helsinki Metropolitan Area, Finland",K. Hämekoski; T. Koskentalo,1998,Urban Air Quality: Monitoring and Modelling,book-chapter,Springer Netherlands,,,83-96,,1,11,particulate_air_quality,"[""particulate_air_quality""]",False,False,False,metadata_candidate,particulate_air_quality,"[""env"", ""air"", ""sensor""]",1,"[{""query_id"": ""Q02"", ""query_rank"": 374, ""api_score"": 22.979713, ""raw_file"": ""raw_crossref\\Q02_ground_rover_air_quality.json"", ""raw_item_index"": 373}]"
,10.1016/b978-0-08-043340-0.x5000-0,https://doi.org/10.1016/b978-0-08-043340-0.x5000-0,Monitoring of Water Quality,,1998,,edited-book,Elsevier,,,,,1,11,water_quality_monitoring,"[""water_quality_monitoring""]",False,False,False,metadata_candidate,water_quality_monitoring,"[""env"", ""water"", ""sensor""]",1,"[{""query_id"": ""Q06"", ""query_rank"": 107, ""api_score"": 21.756124, ""raw_file"": ""raw_crossref\\Q06_robotic_water_quality.json"", ""raw_item_index"": 106}]"
,10.1109/southc.1994.498151,https://doi.org/10.1109/southc.1994.498151,Water quality monitoring,W.S. Davidson,1994,Conference Record Southcon,proceedings-article,IEEE,,,478-480,,1,11,water_quality_monitoring,"[""water_quality_monitoring""]",False,False,False,metadata_candidate,water_quality_monitoring,"[""env"", ""water"", ""sensor""]",4,"[{""query_id"": ""Q06"", ""query_rank"": 282, ""api_score"": 20.283056, ""raw_file"": ""raw_crossref\\Q06_robotic_water_quality.json"", ""raw_item_index"": 281}]"
,10.1007/bf00475511,https://doi.org/10.1007/bf00475511,Techniques for pollution monitoring in remote sites: III. Near real-time monitoring of cloud water conductivity and pH,Mark T. Hemmerlein; Timothy D. Perkins,1993,"Water, Air, & Soil Pollution",journal-article,Springer Science and Business Media LLC,71,1-2,43-50,,1,11,water_quality_monitoring,"[""water_quality_monitoring""]",False,False,False,metadata_candidate,water_quality_monitoring,"[""env"", ""water"", ""sensor""]",1,"[{""query_id"": ""Q06"", ""query_rank"": 453, ""api_score"": 19.523746, ""raw_file"": ""raw_crossref\\Q06_robotic_water_quality.json"", ""raw_item_index"": 452}]"
,10.1007/978-3-032-03049-8_7,https://doi.org/10.1007/978-3-032-03049-8_7,Smart Sensors for Water Quality Monitoring in Aquaculture Systems,María del Valle Zurita-Lozano; Ángela Écija-Arenas; María Paz Aguilar-Caballos,2026,Smart Water Quality Monitoring,book-chapter,Springer Nature Switzerland,,,183-209,,0,11,water_quality_monitoring,"[""water_quality_monitoring""]",False,False,False,metadata_candidate,water_quality_monitoring,"[""env"", ""water"", ""sensor""]",1,"[{""query_id"": ""Q06"", ""query_rank"": 433, ""api_score"": 19.612957, ""raw_file"": ""raw_crossref\\Q06_robotic_water_quality.json"", ""raw_item_index"": 432}]"
,10.1016/j.csite.2025.107537,https://doi.org/10.1016/j.csite.2025.107537,Characteristic gas distribution-based algorithm for conveyor belt fire source localization in mine tunnels,Peiyang Su; Jiayong Zhang; Liwen Guo,2026,Case Studies in Thermal Engineering,journal-article,Elsevier BV,77,,107537,107537,0,11,gas_olfaction_mapping,"[""gas_olfaction_mapping""]",False,False,False,metadata_candidate,gas_olfaction_mapping,"[""env"", ""gas"", ""nav""]",1,"[{""query_id"": ""Q03"", ""query_rank"": 38, ""api_score"": 27.677938, ""raw_file"": ""raw_crossref\\Q03_robotic_gas_mapping.json"", ""raw_item_index"": 37}]"
,10.1016/j.measurement.2026.121852,https://doi.org/10.1016/j.measurement.2026.121852,Model-free Zigzag-Spiral search for gas source localization in uncertain environments,Tian Xu; Xinmiao Sun; Chuandong Wu; Dawei Ding,2026,Measurement,journal-article,Elsevier BV,281,,121852,121852,0,11,gas_olfaction_mapping,"[""gas_olfaction_mapping""]",False,False,False,metadata_candidate,gas_olfaction_mapping,"[""env"", ""gas"", ""nav""]",1,"[{""query_id"": ""Q03"", ""query_rank"": 72, ""api_score"": 25.041971, ""raw_file"": ""raw_crossref\\Q03_robotic_gas_mapping.json"", ""raw_item_index"": 71}]"
,10.1038/s41598-026-62977-3,https://doi.org/10.1038/s41598-026-62977-3,Hyperparameter-optimized deep learning for next-day pH forecasting in distributed water quality monitoring systems,El-Sayed Kenawy; Shady Y. El-mashad; Ebrahim A. Mattar; Amal H. Alharbi; Marwa Radwan,2026,Scientific Reports,journal-article,Springer Science and Business Media LLC,16,1,,23727,0,11,water_quality_monitoring,"[""water_quality_monitoring""]",False,False,False,metadata_candidate,water_quality_monitoring,"[""env"", ""water"", ""sensor""]",1,"[{""query_id"": ""Q06"", ""query_rank"": 314, ""api_score"": 20.147678, ""raw_file"": ""raw_crossref\\Q06_robotic_water_quality.json"", ""raw_item_index"": 313}]"
,10.1088/2631-8695/ae310a,https://doi.org/10.1088/2631-8695/ae310a,Smart water quality monitoring: thermal variation on turbidity & TDS sensing with machine learning classification of liquid solutions,Mainakh Das; Nabaneeta Banerjee; Prakash Kumar; Ritika Ranjan; Abir Mitra,2026,Engineering Research Express,journal-article,IOP Publishing,8,1,015218,,0,11,water_quality_monitoring,"[""water_quality_monitoring""]",False,False,True,metadata_candidate,water_quality_monitoring,"[""env"", ""water"", ""sensor""]",1,"[{""query_id"": ""Q06"", ""query_rank"": 67, ""api_score"": 22.819206, ""raw_file"": ""raw_crossref\\Q06_robotic_water_quality.json"", ""raw_item_index"": 66}]"
,10.1109/ccdc69976.2026.11559963,https://doi.org/10.1109/ccdc69976.2026.11559963,Gas Source Localization via Adaptive Entrotaxis Driven by the Whale Optimization Algorithm,Miaozhou Gong; Lei Cheng,2026,2026 38th Chinese Control and Decision Conference (CCDC),proceedings-article,IEEE,,,3841-3846,,0,11,gas_olfaction_mapping,"[""gas_olfaction_mapping""]",False,False,False,metadata_candidate,gas_olfaction_mapping,"[""env"", ""gas"", ""nav""]",1,"[{""query_id"": ""Q03"", ""query_rank"": 66, ""api_score"": 25.323, ""raw_file"": ""raw_crossref\\Q03_robotic_gas_mapping.json"", ""raw_item_index"": 65}]"
,10.1109/imcet69180.2026.11503761,https://doi.org/10.1109/imcet69180.2026.11503761,Adaptive Neuro-Fuzzy Inference System with Hybrid Learning for Next-Day pH Prediction in Water Quality Monitoring,Anthony Ayli; Karim Daou; Hadi Kanaan,2026,2026 IEEE 5th International Multidisciplinary Conference on Engineering Technology (IMCET),proceedings-article,IEEE,,,1-7,,0,11,water_quality_monitoring,"[""water_quality_monitoring""]",False,False,False,metadata_candidate,water_quality_monitoring,"[""env"", ""water"", ""sensor""]",1,"[{""query_id"": ""Q06"", ""query_rank"": 192, ""api_score"": 20.847792, ""raw_file"": ""raw_crossref\\Q06_robotic_water_quality.json"", ""raw_item_index"": 191}]"
,10.1109/isoen68725.2026.11665194,https://doi.org/10.1109/isoen68725.2026.11665194,From Simulation to Reality: Deep Learning for Gas Source Localization with Nano-Drones,Nicolas P. Winkler; Bener Özel; Patrick P. Neumann,2026,2026 IEEE International Symposium on Olfaction and Electronic Nose (ISOEN),proceedings-article,IEEE,,,338-340,,0,11,gas_olfaction_mapping,"[""gas_olfaction_mapping""]",False,False,False,metadata_candidate,gas_olfaction_mapping,"[""env"", ""gas"", ""nav""]",1,"[{""query_id"": ""Q03"", ""query_rank"": 185, ""api_score"": 23.119848, ""raw_file"": ""raw_crossref\\Q03_robotic_gas_mapping.json"", ""raw_item_index"": 184}]"
,10.1109/isoen68725.2026.11665201,https://doi.org/10.1109/isoen68725.2026.11665201,Evaluation of Robotic Gas-Source Localization in Simulations Under Outdoor Wind Fluctuations,Hisayoshi Ando; Nana Yokoyama; Takumi Haratsu; Motoki Sakaue; Hiroshi Ishida; Haruka Matsukura,2026,2026 IEEE International Symposium on Olfaction and Electronic Nose (ISOEN),proceedings-article,IEEE,,,345-347,,0,11,outdoor_navigation_fusion,"[""outdoor_navigation_fusion""]",False,False,False,metadata_candidate,outdoor_navigation_fusion,"[""robot"", ""nav"", ""outdoor""]",1,"[{""query_id"": ""Q03"", ""query_rank"": 30, ""api_score"": 29.129957, ""raw_file"": ""raw_crossref\\Q03_robotic_gas_mapping.json"", ""raw_item_index"": 29}]"
,10.1109/southeastcon63549.2026.11476159,https://doi.org/10.1109/southeastcon63549.2026.11476159,3-Dimensional Gas Source Localization via Chemotaxis Using Uncrewed Aircraft Systems,Jiahao Li; Lingxiao Wang,2026,SoutheastCon 2026,proceedings-article,IEEE,,,1-6,,0,11,gas_olfaction_mapping,"[""gas_olfaction_mapping""]",False,False,False,metadata_candidate,gas_olfaction_mapping,"[""env"", ""gas"", ""nav""]",1,"[{""query_id"": ""Q03"", ""query_rank"": 37, ""api_score"": 27.920235, ""raw_file"": ""raw_crossref\\Q03_robotic_gas_mapping.json"", ""raw_item_index"": 36}]"
,10.21070/ups.10657,https://doi.org/10.21070/ups.10657,Automatic Temperature Control System for Caridina Ornamental Shrimp Aquascape Ecosystem and IoT-Based Water pH Monitoring Using Blynk,Awaludin Khafidz Afrizal; Akhmad Ahfas,2026,,posted-content,Universitas Muhammadiyah Sidoarjo,,,,,0,11,water_quality_monitoring,"[""water_quality_monitoring""]",False,False,False,metadata_candidate,water_quality_monitoring,"[""water"", ""sensor"", ""embedded""]",1,"[{""query_id"": ""Q06"", ""query_rank"": 409, ""api_score"": 19.729368, ""raw_file"": ""raw_crossref\\Q06_robotic_water_quality.json"", ""raw_item_index"": 408}]"
,10.2139/ssrn.6581461,https://doi.org/10.2139/ssrn.6581461,Solar Powered Floating Monitoring Device for Continuous Water Quality Monitoring (AgriFloat),John Rex Trinidad,2026,,posted-content,Elsevier BV,,,,,0,11,water_quality_monitoring,"[""water_quality_monitoring""]",False,False,True,metadata_candidate,water_quality_monitoring,"[""env"", ""water"", ""sensor""]",1,"[{""query_id"": ""Q06"", ""query_rank"": 243, ""api_score"": 20.531174, ""raw_file"": ""raw_crossref\\Q06_robotic_water_quality.json"", ""raw_item_index"": 242}]"
,10.52107/mrc.cr4exc,https://doi.org/10.52107/mrc.cr4exc,2024 Lower Mekong Water Quality Monitoring Report,Author MRC,2026,,posted-content,Mekong River Commission,,,,,0,11,water_quality_monitoring,"[""water_quality_monitoring""]",False,False,False,metadata_candidate,water_quality_monitoring,"[""env"", ""water"", ""sensor""]",1,"[{""query_id"": ""Q06"", ""query_rank"": 236, ""api_score"": 20.612734, ""raw_file"": ""raw_crossref\\Q06_robotic_water_quality.json"", ""raw_item_index"": 235}]"
,10.5220/0015075700004094,https://doi.org/10.5220/0015075700004094,Swarm Intelligence Algorithms for Robust 3D Gas Source Localization Using UAV Swarms,Cherifi Youcef; Guiatni Mohamed; Bouzid Yasser,2026,"Proceedings of the 16th International Conference on Simulation and Modeling Methodologies, Technologies and Applications",proceedings-article,SCITEPRESS - Science and Technology Publications,,,366-373,,0,11,gas_olfaction_mapping,"[""gas_olfaction_mapping""]",False,False,False,metadata_candidate,gas_olfaction_mapping,"[""env"", ""gas"", ""nav""]",1,"[{""query_id"": ""Q03"", ""query_rank"": 32, ""api_score"": 28.988333, ""raw_file"": ""raw_crossref\\Q03_robotic_gas_mapping.json"", ""raw_item_index"": 31}]"
,10.1002/9781394312276.ch3,https://doi.org/10.1002/9781394312276.ch3,Nanotechnology and Water Quality Monitoring: Nanosensors,,2025,Nanotechnology in Water Research,other,Wiley,,,43-61,,0,11,water_quality_monitoring,"[""water_quality_monitoring""]",False,False,False,metadata_candidate,water_quality_monitoring,"[""env"", ""water"", ""sensor""]",1,"[{""query_id"": ""Q06"", ""query_rank"": 198, ""api_score"": 20.812548, ""raw_file"": ""raw_crossref\\Q06_robotic_water_quality.json"", ""raw_item_index"": 197}]"
,10.1109/aixset65682.2025.00014,https://doi.org/10.1109/aixset65682.2025.00014,Smartphone-Based CNN Approach for Real-Time Water Quality Monitoring of Low Turbidity Samples,Sowparnika Nair; Suni Vasudevan; Shynu S. V.,2025,"2025 Conference on AI, Science, Engineering, and Technology (AIxSET)",proceedings-article,IEEE,,,54-57,,0,11,water_quality_monitoring,"[""water_quality_monitoring""]",False,False,False,metadata_candidate,water_quality_monitoring,"[""env"", ""water"", ""sensor""]",1,"[{""query_id"": ""Q06"", ""query_rank"": 27, ""api_score"": 24.833176, ""raw_file"": ""raw_crossref\\Q06_robotic_water_quality.json"", ""raw_item_index"": 26}]"
,10.1109/icaiccit68829.2025.11434476,https://doi.org/10.1109/icaiccit68829.2025.11434476,pH and Turbidity: Multi-Parameter Water Quality Monitoring Using Edge-Integrated Sensing Platforms,Mothe Suneetha; Katari Thanmai; Karanam Madhavi; Alajangi Keerthi Sree; Sonti Vineela; Reedygari Pallavi Reddy,2025,"2025 3rd International Conference on Advances in Computation, Communication and Information Technology (ICAICCIT)",proceedings-article,IEEE,,,662-667,,0,11,water_quality_monitoring,"[""water_quality_monitoring""]",False,False,False,metadata_candidate,water_quality_monitoring,"[""env"", ""water"", ""sensor""]",1,"[{""query_id"": ""Q06"", ""query_rank"": 5, ""api_score"": 28.456423, ""raw_file"": ""raw_crossref\\Q06_robotic_water_quality.json"", ""raw_item_index"": 4}]"
,10.1109/iscait64916.2025.11010598,https://doi.org/10.1109/iscait64916.2025.11010598,A 3D Simulation Platform for Gas Source Localization with Quadrotor,Jing Yang; Fancai Li; Shujian Yan; Jigong Li,2025,2025 4th International Symposium on Computer Applications and Information Technology (ISCAIT),proceedings-article,IEEE,,,1125-1128,,0,11,gas_olfaction_mapping,"[""gas_olfaction_mapping""]",False,False,False,metadata_candidate,gas_olfaction_mapping,"[""env"", ""gas"", ""nav""]",1,"[{""query_id"": ""Q03"", ""query_rank"": 141, ""api_score"": 23.710136, ""raw_file"": ""raw_crossref\\Q03_robotic_gas_mapping.json"", ""raw_item_index"": 140}]"
,10.1109/isiea65768.2025.11138248,https://doi.org/10.1109/isiea65768.2025.11138248,"Integration of Temperature, TDS, and Turbidity Sensors for Water Quality Monitoring and Machine Learning Application",June Mar Bae; Angelica Dalisay; John Ray De Guzman; Edcel Torralba,2025,2025 IEEE Symposium on Industrial Electronics & Applications (ISIEA),proceedings-article,IEEE,,,1-6,,0,11,water_quality_monitoring,"[""water_quality_monitoring""]",False,False,False,metadata_candidate,water_quality_monitoring,"[""env"", ""water"", ""sensor""]",1,"[{""query_id"": ""Q06"", ""query_rank"": 59, ""api_score"": 22.989388, ""raw_file"": ""raw_crossref\\Q06_robotic_water_quality.json"", ""raw_item_index"": 58}]"
,10.1109/maris64137.2025.11139641,https://doi.org/10.1109/maris64137.2025.11139641,Development of a Low-Cost Environmental Monitoring Buoy: a Case Study from the SeaTecHub Project,Barbara Arbanas Ferreira; Martin Oreč; Juraj Obradović; Nikola Mišković,2025,2025 Symposium on Maritime Informatics and Robotics (MARIS),proceedings-article,IEEE,,,1-4,,0,11,embedded_environmental_sensing,"[""embedded_environmental_sensing""]",False,False,False,metadata_candidate,embedded_environmental_sensing,"[""env"", ""sensor"", ""embedded""]",1,"[{""query_id"": ""Q10"", ""query_rank"": 441, ""api_score"": 15.781267, ""raw_file"": ""raw_crossref\\Q10_environmental_robotics_datasets.json"", ""raw_item_index"": 440}]"
,10.1109/sensors59705.2025.11331182,https://doi.org/10.1109/sensors59705.2025.11331182,Feed Forward Neural Network Based Automated Gas Source Localization Using Uav: a Case Study on $\text{CO}_{2}$ Source Tracking,Harshit Kumar Sahu; Pritika Marik; Chiranjib Ghosh; Soumajit Pramanik; Kaushik Bandyopadhyay; Avishek Adhikary,2025,2025 IEEE SENSORS,proceedings-article,IEEE,,,1-4,,0,11,gas_olfaction_mapping,"[""gas_olfaction_mapping""]",False,False,False,metadata_candidate,gas_olfaction_mapping,"[""env"", ""gas"", ""nav""]",1,"[{""query_id"": ""Q03"", ""query_rank"": 115, ""api_score"": 24.047215, ""raw_file"": ""raw_crossref\\Q03_robotic_gas_mapping.json"", ""raw_item_index"": 114}]"
,10.1142/9789819813384_0006,https://doi.org/10.1142/9789819813384_0006,The Role of Ground-based Mobile Monitoring in Air Quality Evaluation,Yu Ting Yu; Shaojun Zhang; Sheng Xiang; Pan Yang; Hui Wang; Tie Zheng; Ye Wu,2025,Urban and Regional Air Quality,book-chapter,WORLD SCIENTIFIC,,,267-323,,0,11,particulate_air_quality,"[""particulate_air_quality""]",False,False,False,metadata_candidate,particulate_air_quality,"[""env"", ""air"", ""sensor""]",1,"[{""query_id"": ""Q02"", ""query_rank"": 176, ""api_score"": 24.5199, ""raw_file"": ""raw_crossref\\Q02_ground_rover_air_quality.json"", ""raw_item_index"": 175}]"
,10.1145/3787370.3787414,https://doi.org/10.1145/3787370.3787414,Design and Development of a Cost-Effective Unmanned Surface Vehicle for Water Quality Monitoring in Shallow Aquaculture Environments,Yogang Singh; Aiyelari Temilolorun,2025,Proceedings of the 2025 7th International Conference on Advances in Robotics,proceedings-article,ACM,,,1-6,,0,11,water_quality_monitoring,"[""water_quality_monitoring""]",False,False,False,metadata_candidate,water_quality_monitoring,"[""env"", ""water"", ""sensor""]",1,"[{""query_id"": ""Q02"", ""query_rank"": 300, ""api_score"": 23.468317, ""raw_file"": ""raw_crossref\\Q02_ground_rover_air_quality.json"", ""raw_item_index"": 299}]"
,10.15236/ijcpd.2025.21.3.78,https://doi.org/10.15236/ijcpd.2025.21.3.78,Real-Time Water Quality Monitoring in Dental Units: Temporal Trends in Turbidity as a Rapid Indicator,Yerim Song; Jongbin Kim; Jongsoo Kim; Joonhaeng Lee; Miran Han; Jisun Shin,2025,International Journal of Clinical Preventive Dentistry,journal-article,Korean Academy of Preventive Dentistry,21,3,78-85,,0,11,water_quality_monitoring,"[""water_quality_monitoring""]",False,False,False,metadata_candidate,water_quality_monitoring,"[""env"", ""water"", ""sensor""]",1,"[{""query_id"": ""Q06"", ""query_rank"": 177, ""api_score"": 20.978134, ""raw_file"": ""raw_crossref\\Q06_robotic_water_quality.json"", ""raw_item_index"": 176}]"
,10.21203/rs.3.rs-7175167/v1,https://doi.org/10.21203/rs.3.rs-7175167/v1,Mapping Earth's Crustal Structure of the Eastern Vietnam Continental Margin from Gravity Anomalies: Implication for oil and gas distribution,Trung Nhu Nguyen; Giau Manh Lai; Phach Van Phung; Nam Van Bui,2025,,posted-content,Springer Science and Business Media LLC,,,,,0,11,gas_olfaction_mapping,"[""gas_olfaction_mapping""]",False,False,True,metadata_candidate,gas_olfaction_mapping,"[""env"", ""gas"", ""nav""]",1,"[{""query_id"": ""Q03"", ""query_rank"": 321, ""api_score"": 21.96999, ""raw_file"": ""raw_crossref\\Q03_robotic_gas_mapping.json"", ""raw_item_index"": 320}]"
,10.23919/ccc64809.2025.11178808,https://doi.org/10.23919/ccc64809.2025.11178808,FC-GDD: A Deep Learning Method with Large Receptive Fields for Gas Distribution Mapping,Jun-Chi Mo; Ji-Gong Li; Qing-Hao Meng,2025,2025 44th Chinese Control Conference (CCC),proceedings-article,IEEE,,,8813-8818,,0,11,gas_olfaction_mapping,"[""gas_olfaction_mapping""]",False,False,False,metadata_candidate,gas_olfaction_mapping,"[""env"", ""gas"", ""nav""]",1,"[{""query_id"": ""Q03"", ""query_rank"": 256, ""api_score"": 22.535898, ""raw_file"": ""raw_crossref\\Q03_robotic_gas_mapping.json"", ""raw_item_index"": 255}]"
,10.24425/cpe.2025.155540,https://doi.org/10.24425/cpe.2025.155540,The use of turbidity and particle number measurements in monitoring filtrate quality in conventional water treatment with polyaluminium chloride,Jolanta Gumińska; Marcin Kłos,2025,Chemical and Process Engineering: New Frontiers,journal-article,Polish Academy of Sciences Chancellery,,,102-102,,0,11,water_quality_monitoring,"[""water_quality_monitoring""]",False,False,True,metadata_candidate,water_quality_monitoring,"[""env"", ""water"", ""sensor""]",1,"[{""query_id"": ""Q06"", ""query_rank"": 34, ""api_score"": 24.47319, ""raw_file"": ""raw_crossref\\Q06_robotic_water_quality.json"", ""raw_item_index"": 33}]"
,10.4018/979-8-3373-1892-9.ch002,https://doi.org/10.4018/979-8-3373-1892-9.ch002,AI in Air Pollution Monitoring and Its Implementation in Developing Countries,Shiblee Noman; Taskia Haq Lyric,2025,"Advances in Computational Intelligence and Robotics Addressing Environmental Challenges With AI, Robotics, and Augmented Reality",book-chapter,IGI Global Scientific Publishing,,,21-46,,0,11,particulate_air_quality,"[""particulate_air_quality""]",False,False,True,metadata_candidate,particulate_air_quality,"[""env"", ""air"", ""sensor""]",1,"[{""query_id"": ""Q10"", ""query_rank"": 158, ""api_score"": 17.255117, ""raw_file"": ""raw_crossref\\Q10_environmental_robotics_datasets.json"", ""raw_item_index"": 157}]"
,10.5194/egusphere-egu25-19335,https://doi.org/10.5194/egusphere-egu25-19335,"Engaging high school students in air quality monitoring and issues related to the impact of air quality on health, using CAMS (Copernicus Atmosphere Monitoring Service) data.",Piotr Drzewiecki,2025,,posted-content,Copernicus GmbH,,,,,0,11,particulate_air_quality,"[""particulate_air_quality""]",False,False,True,metadata_candidate,particulate_air_quality,"[""env"", ""air"", ""sensor""]",1,"[{""query_id"": ""Q02"", ""query_rank"": 494, ""api_score"": 22.376049, ""raw_file"": ""raw_crossref\\Q02_ground_rover_air_quality.json"", ""raw_item_index"": 493}]"
,10.58445/rars.2969,https://doi.org/10.58445/rars.2969,EVALUATING WATER RESILIENCE AND SUSTAINABILITY IN URBAN GOLF COURSES THROUGH WATER QUALITY MONITORING,Xiaozi Pan,2025,,posted-content,Polygence,,,,,0,11,water_quality_monitoring,"[""water_quality_monitoring""]",False,False,False,metadata_candidate,water_quality_monitoring,"[""env"", ""water"", ""sensor""]",1,"[{""query_id"": ""Q06"", ""query_rank"": 297, ""api_score"": 20.241909, ""raw_file"": ""raw_crossref\\Q06_robotic_water_quality.json"", ""raw_item_index"": 296}]"
,10.7203/cguv.114-15.32257,https://doi.org/10.7203/cguv.114-15.32257,Monitoring and quantifying of water turbidity in the Albufera of Valencia during the 2024 flood using a machine learning model,Masuma Chowdhury; Ana Belén Ruescas Orient; Ignacio De la Calle; Irene Laiz,2025,Cuadernos de Geografía de la Universitat de València,journal-article,Universitat de Valencia,,114-15,303-318,,0,11,water_quality_monitoring,"[""water_quality_monitoring""]",False,False,True,metadata_candidate,water_quality_monitoring,"[""env"", ""water"", ""sensor""]",1,"[{""query_id"": ""Q06"", ""query_rank"": 147, ""api_score"": 21.272324, ""raw_file"": ""raw_crossref\\Q06_robotic_water_quality.json"", ""raw_item_index"": 146}]"
,10.9734/ijecc/2025/v15i54859,https://doi.org/10.9734/ijecc/2025/v15i54859,Real Time Water Quality Monitoring System (RTWQMS) for Surface Water Quality: Water Quality of River Ganga and Variation Analysis of Important Water Quality Parameters,Brajesh K. Shrivastava,2025,International Journal of Environment and Climate Change,journal-article,Sciencedomain International,15,5,375-388,,0,11,water_quality_monitoring,"[""water_quality_monitoring""]",False,False,True,metadata_candidate,water_quality_monitoring,"[""env"", ""water"", ""sensor""]",1,"[{""query_id"": ""Q06"", ""query_rank"": 416, ""api_score"": 19.693588, ""raw_file"": ""raw_crossref\\Q06_robotic_water_quality.json"", ""raw_item_index"": 415}]"
,10.1109/igarss53475.2024.10640943,https://doi.org/10.1109/igarss53475.2024.10640943,High Resolution Data-Driven Short-Term Forecast of Turbidity in a Real Case Water Quality Monitoring Application,Regniers O; Beguet B; Débonnaire N; Budin R; Soula B; Briges A; Kervella S; Brasselet S; Lafon V,2024,IGARSS 2024 - 2024 IEEE International Geoscience and Remote Sensing Symposium,proceedings-article,IEEE,,,5860-5864,,0,11,water_quality_monitoring,"[""water_quality_monitoring""]",False,False,False,metadata_candidate,water_quality_monitoring,"[""env"", ""water"", ""sensor""]",1,"[{""query_id"": ""Q06"", ""query_rank"": 176, ""api_score"": 20.978134, ""raw_file"": ""raw_crossref\\Q06_robotic_water_quality.json"", ""raw_item_index"": 175}]"
,10.1109/sips62058.2024.00022,https://doi.org/10.1109/sips62058.2024.00022,Cramer-Rao Lower Bound for a Gas Source Localization Based on Poisson's Equation,Dmitriy Shutin; Victor Scott Prieto Ruiz; Thomas Wiedemann; Patrick Hinsen; Armin Dammann,2024,2024 IEEE Workshop on Signal Processing Systems (SiPS),proceedings-article,IEEE,,,77-82,,0,11,gas_olfaction_mapping,"[""gas_olfaction_mapping""]",False,False,False,metadata_candidate,gas_olfaction_mapping,"[""env"", ""gas"", ""nav""]",1,"[{""query_id"": ""Q03"", ""query_rank"": 240, ""api_score"": 22.63448, ""raw_file"": ""raw_crossref\\Q03_robotic_gas_mapping.json"", ""raw_item_index"": 239}]"
,10.21139/wej.2024.020,https://doi.org/10.21139/wej.2024.020,Real-time water quality monitoring for Homeland communities,Raymond Fielden,2024,Water e-Journal,journal-article,Australian Water Association,10,4,1-3,,0,11,water_quality_monitoring,"[""water_quality_monitoring""]",False,False,True,metadata_candidate,water_quality_monitoring,"[""env"", ""water"", ""sensor""]",1,"[{""query_id"": ""Q06"", ""query_rank"": 499, ""api_score"": 19.285856, ""raw_file"": ""raw_crossref\\Q06_robotic_water_quality.json"", ""raw_item_index"": 498}]"
,10.21275/sr24027114805,https://doi.org/10.21275/sr24027114805,Machine Learning - Based TDS Prediction and Water Quality Monitoring,Omkar Reddy Polu,2024,International Journal of Science and Research (IJSR),journal-article,International Journal of Science and Research,13,2,1911-1916,,0,11,water_quality_monitoring,"[""water_quality_monitoring""]",False,False,False,metadata_candidate,water_quality_monitoring,"[""env"", ""water"", ""sensor""]",1,"[{""query_id"": ""Q06"", ""query_rank"": 424, ""api_score"": 19.639011, ""raw_file"": ""raw_crossref\\Q06_robotic_water_quality.json"", ""raw_item_index"": 423}]"
,10.22214/ijraset.2024.62456,https://doi.org/10.22214/ijraset.2024.62456,Design and Implementation of Water PH Level and Turbidity Monitoring System,Busari Olukayode Ayodeji; Oni Adekunle Akeem; Fakunle Ayobami Olawale; Afenifere Yusuf Babatunde,2024,International Journal for Research in Applied Science and Engineering Technology,journal-article,International Journal for Research in Applied Science and Engineering Technology,12,5,4861-4867,,0,11,water_quality_monitoring,"[""water_quality_monitoring""]",False,False,True,metadata_candidate,water_quality_monitoring,"[""env"", ""water"", ""sensor""]",1,"[{""query_id"": ""Q06"", ""query_rank"": 28, ""api_score"": 24.715162, ""raw_file"": ""raw_crossref\\Q06_robotic_water_quality.json"", ""raw_item_index"": 27}]"
,10.23919/ccc63176.2024.10662172,https://doi.org/10.23919/ccc63176.2024.10662172,Gas Source Localization for UAV Using Infotaxis-Based Three-Dimensional Algorithm and Particle Filtering,Duan He; Cheng Lei; Wang Rong; Zhang Yu,2024,2024 43rd Chinese Control Conference (CCC),proceedings-article,IEEE,,,4284-4289,,0,11,gas_olfaction_mapping,"[""gas_olfaction_mapping""]",False,False,False,metadata_candidate,gas_olfaction_mapping,"[""env"", ""gas"", ""nav""]",1,"[{""query_id"": ""Q03"", ""query_rank"": 120, ""api_score"": 24.010239, ""raw_file"": ""raw_crossref\\Q03_robotic_gas_mapping.json"", ""raw_item_index"": 119}]"
,10.33795/jartel.v14i2.5284,https://doi.org/10.33795/jartel.v14i2.5284,"Automation of Water Treatment System with pH Sensors, Conductivity Sensors and Turbidity Sensors Based on Microcontroller",Mitsal Iqbal Fadhlurrahman; Farida Arinie Soelistianto; Ahmad Wahyu Purwandi,2024,JURNAL JARTEL: Jurnal Jaringan Telekomunikasi,journal-article,Politeknik Negeri Malang,14,2,191-195,,0,11,water_quality_monitoring,"[""water_quality_monitoring""]",False,False,True,metadata_candidate,water_quality_monitoring,"[""env"", ""water"", ""sensor""]",1,"[{""query_id"": ""Q06"", ""query_rank"": 388, ""api_score"": 19.80834, ""raw_file"": ""raw_crossref\\Q06_robotic_water_quality.json"", ""raw_item_index"": 387}]"
,10.35694/yarcx.2024.65.1.018,https://doi.org/10.35694/yarcx.2024.65.1.018,COMPUTER SIMULATION OF THE FOUR-WHEEL MOBILE ROBOT CONTROL SYSTEM IN THE SIMULINK PACKAGE,А.С. Угловский; Н.Ю. Семеренко,2024,Vestnik APK Verhnevolzh`ia,journal-article,Yaroslavl State Agricultural Academy,,1(65),128-135,,0,11,four_wheel_steering,"[""four_wheel_steering""]",False,False,True,metadata_candidate,four_wheel_steering,"[""robot"", ""steer""]",1,"[{""query_id"": ""Q07"", ""query_rank"": 361, ""api_score"": 24.861168, ""raw_file"": ""raw_crossref\\Q07_four_wheel_steering.json"", ""raw_item_index"": 360}]"
,10.38043/telsinas.v7i2.5615,https://doi.org/10.38043/telsinas.v7i2.5615,Sistem Monitoring Water Turbidity Aquaculture Pada Budidaya Ikan Lele Bebasis PLTS,Eva Jamiyanti; Eka Herlina Agustini; Indra Fata,2024,"Jurnal Ilmiah Telsinas Elektro, Sipil dan Teknik Informasi",journal-article,Universitas Pendidikan Nasional,7,2,190-198,,0,11,water_quality_monitoring,"[""water_quality_monitoring""]",False,False,True,metadata_candidate,water_quality_monitoring,"[""env"", ""water"", ""sensor""]",1,"[{""query_id"": ""Q06"", ""query_rank"": 434, ""api_score"": 19.605495, ""raw_file"": ""raw_crossref\\Q06_robotic_water_quality.json"", ""raw_item_index"": 433}]"
,10.4211/hs.55478a4db09c4ade8882cc5d738487c5,https://doi.org/10.4211/hs.55478a4db09c4ade8882cc5d738487c5,Black Hawk Lake - Water Quality Monitoring data,Areba Syed,2024,HydroShare Resources,dataset,HydroShare,,,,,0,11,water_quality_monitoring,"[""water_quality_monitoring""]",False,False,False,metadata_candidate,water_quality_monitoring,"[""env"", ""water"", ""sensor""]",1,"[{""query_id"": ""Q06"", ""query_rank"": 364, ""api_score"": 19.928728, ""raw_file"": ""raw_crossref\\Q06_robotic_water_quality.json"", ""raw_item_index"": 363}]"
,10.52107/mrc.cjcxf8,https://doi.org/10.52107/mrc.cjcxf8,2023 Lower Mekong Water Quality Monitoring Report,,2024,,report,Mekong River Commission,,,,,0,11,water_quality_monitoring,"[""water_quality_monitoring""]",False,False,False,metadata_candidate,water_quality_monitoring,"[""env"", ""water"", ""sensor""]",1,"[{""query_id"": ""Q06"", ""query_rank"": 178, ""api_score"": 20.972654, ""raw_file"": ""raw_crossref\\Q06_robotic_water_quality.json"", ""raw_item_index"": 177}]"
,10.53555/jaz.v45is4.4147,https://doi.org/10.53555/jaz.v45is4.4147,Design And Development Of Aerial Vehicle For Air Quality Monitoring,Dr. Janardan Pawar; Madhavi Avhankar; Sarika Thakare,2024,Journal of Advanced Zoology,journal-article,Green Publication,,,43-49,,0,11,particulate_air_quality,"[""particulate_air_quality""]",False,False,False,metadata_candidate,particulate_air_quality,"[""env"", ""air"", ""sensor""]",1,"[{""query_id"": ""Q02"", ""query_rank"": 154, ""api_score"": 24.724688, ""raw_file"": ""raw_crossref\\Q02_ground_rover_air_quality.json"", ""raw_item_index"": 153}]"
,10.5593/sgem2024v/4.2/s18.29,https://doi.org/10.5593/sgem2024v/4.2/s18.29,MOBILE TETHERED UNMANNED AERIAL VEHICLE (UAS) FOR CONSTANT AIR QUALITY MONITORING,Stefan-Mircea Mustata; Cristian Vidan; Daniel Mariuta; Ionut-Mihai Nac,2024,"SGEM International Multidisciplinary Scientific GeoConference� EXPO Proceedings 24th International Multidisciplinary Scientific GeoConference Proceedings SGEM 2024, Energy and Clean Technologies, Vol 24, Issue 4.2",proceedings-article,STEF92 Technology,24,,209-216,,0,11,particulate_air_quality,"[""particulate_air_quality""]",False,False,True,metadata_candidate,particulate_air_quality,"[""env"", ""air"", ""sensor""]",1,"[{""query_id"": ""Q02"", ""query_rank"": 123, ""api_score"": 25.122875, ""raw_file"": ""raw_crossref\\Q02_ground_rover_air_quality.json"", ""raw_item_index"": 122}]"
,10.59837/jpmm.v1i4.21,https://doi.org/10.59837/jpmm.v1i4.21,PKM Pelatihan dan Sosialisasi Penggunaan Alat Monitoring Water Turbidity Berbasis PLTS,Eva Jamiyanti; Suci Handayani; Lutvi Masruroh,2024,Jurnal Pengabdian Masyarakat Mentari,journal-article,PT. Amirul Bangun Bangsa,1,4,87-93,,0,11,water_quality_monitoring,"[""water_quality_monitoring""]",False,False,True,metadata_candidate,water_quality_monitoring,"[""env"", ""water"", ""sensor""]",1,"[{""query_id"": ""Q06"", ""query_rank"": 270, ""api_score"": 20.371317, ""raw_file"": ""raw_crossref\\Q06_robotic_water_quality.json"", ""raw_item_index"": 269}]"
,10.1002/9781119775843.ch11,https://doi.org/10.1002/9781119775843.ch11,Sensors for Water Quality Assessment in Extreme Environmental Conditions,Priyanka Ganguly,2023,Sensing Technologies for Real Time Monitoring of Water Quality,other,Wiley,,,253-282,,0,11,water_quality_monitoring,"[""water_quality_monitoring""]",False,False,False,metadata_candidate,water_quality_monitoring,"[""env"", ""water"", ""sensor""]",1,"[{""query_id"": ""Q06"", ""query_rank"": 448, ""api_score"": 19.561554, ""raw_file"": ""raw_crossref\\Q06_robotic_water_quality.json"", ""raw_item_index"": 447}]"
,10.1016/b978-0-323-90266-3.00002-9,https://doi.org/10.1016/b978-0-323-90266-3.00002-9,Current air quality monitoring methods,Yongjie Li; Ka In Hoi; Kai Meng Mok; Ka Veng Yuen,2023,Air Quality Monitoring and Advanced Bayesian Modeling,book-chapter,Elsevier,,,13-103,,0,11,particulate_air_quality,"[""particulate_air_quality""]",False,False,False,metadata_candidate,particulate_air_quality,"[""env"", ""air"", ""sensor""]",1,"[{""query_id"": ""Q02"", ""query_rank"": 425, ""api_score"": 22.753891, ""raw_file"": ""raw_crossref\\Q02_ground_rover_air_quality.json"", ""raw_item_index"": 424}]"
,10.21070/ups.1972,https://doi.org/10.21070/ups.1972,"Monitoring of Water Salinity (Tds), PH and Aquarium Temperature Control System Based on Internet of Things Axolotl (Ambystoma Mexicanum)",Mochammad Ari Wibowo; Indah Sulistiyowati,2023,,posted-content,Universitas Muhammadiyah Sidoarjo,,,,,0,11,water_quality_monitoring,"[""water_quality_monitoring""]",False,False,False,metadata_candidate,water_quality_monitoring,"[""water"", ""sensor"", ""embedded""]",1,"[{""query_id"": ""Q06"", ""query_rank"": 403, ""api_score"": 19.758873, ""raw_file"": ""raw_crossref\\Q06_robotic_water_quality.json"", ""raw_item_index"": 402}]"
,10.2139/ssrn.4390690,https://doi.org/10.2139/ssrn.4390690,"Variations of Groundwater Turbidity in the Bandung Regency, Indonesia: From Community-Used Water Quality Monitoring Data",Fahimah Nurul; Indah Rachmatiah Siti Salami; Katharina Oginawati; Yutika Nadira Thaher,2023,,posted-content,Elsevier BV,,,,,0,11,water_quality_monitoring,"[""water_quality_monitoring""]",False,False,False,metadata_candidate,water_quality_monitoring,"[""env"", ""water"", ""sensor""]",2,"[{""query_id"": ""Q06"", ""query_rank"": 16, ""api_score"": 26.057026, ""raw_file"": ""raw_crossref\\Q06_robotic_water_quality.json"", ""raw_item_index"": 15}]"
,10.2139/ssrn.4515391,https://doi.org/10.2139/ssrn.4515391,Identifying a Performance Change in the Plantower Pms 5003 Particulate Matter Sensor,Nathan Searle; Kamaljeet Kaur; Kerry  E. Kelly,2023,,posted-content,Elsevier BV,,,,,0,11,particulate_air_quality,"[""particulate_air_quality""]",False,False,False,metadata_candidate,particulate_air_quality,"[""env"", ""air"", ""sensor""]",1,"[{""query_id"": ""Q04"", ""query_rank"": 371, ""api_score"": 22.318977, ""raw_file"": ""raw_crossref\\Q04_low_cost_particle_calibration.json"", ""raw_item_index"": 370}]"
,10.30540/sae-2023-006,https://doi.org/10.30540/sae-2023-006,USING SATELLITE IMAGES TO RETRIEVE THE RIVER TURBIDITY AND WATER FLOW VELOCITY FOR MONITORING THEIR INFLUENCES ON BRIDGE SUBSTRUCTURES,LUONG MINH CHINH,2023,Structure and Environment,journal-article,Kielce University of Technology,15,2,63-72,,0,11,water_quality_monitoring,"[""water_quality_monitoring""]",False,False,True,metadata_candidate,water_quality_monitoring,"[""env"", ""water"", ""sensor""]",1,"[{""query_id"": ""Q06"", ""query_rank"": 389, ""api_score"": 19.803822, ""raw_file"": ""raw_crossref\\Q06_robotic_water_quality.json"", ""raw_item_index"": 388}]"
,10.32604/jbd.2022.030908,https://doi.org/10.32604/jbd.2022.030908,Correlation Analysis of Turbidity and Total Phosphorus in Water Quality Monitoring Data,Wenwu Tan; Jianjun Zhang; Xing Liu; Jiang Wu; Yifu Sheng; Ke Xiao; Li Wang; Haijun Lin; Guang Sun; Peng Guo,2023,Journal on Big Data,journal-article,Tech Science Press,5,0,85-97,,0,11,water_quality_monitoring,"[""water_quality_monitoring""]",False,False,False,metadata_candidate,water_quality_monitoring,"[""env"", ""water"", ""sensor""]",1,"[{""query_id"": ""Q06"", ""query_rank"": 103, ""api_score"": 21.827356, ""raw_file"": ""raw_crossref\\Q06_robotic_water_quality.json"", ""raw_item_index"": 102}]"
,10.36967/2300648,https://doi.org/10.36967/2300648,Quality assurance plan for water quality monitoring in the Pacific Island Network,David Raikow; Kelly Kozar,2023,,report,National Park Service,,,,,0,11,water_quality_monitoring,"[""water_quality_monitoring""]",False,False,True,metadata_candidate,water_quality_monitoring,"[""env"", ""water"", ""sensor""]",2,"[{""query_id"": ""Q06"", ""query_rank"": 343, ""api_score"": 20.02161, ""raw_file"": ""raw_crossref\\Q06_robotic_water_quality.json"", ""raw_item_index"": 342}]"
,10.36967/2300662,https://doi.org/10.36967/2300662,Quality assurance plan for water quality monitoring in the Pacific Island Network,David Raikow; Kelly Kozar,2023,,report,National Park Service,,,,,0,11,water_quality_monitoring,"[""water_quality_monitoring""]",False,False,True,metadata_candidate,water_quality_monitoring,"[""env"", ""water"", ""sensor""]",2,"[{""query_id"": ""Q06"", ""query_rank"": 332, ""api_score"": 20.051517, ""raw_file"": ""raw_crossref\\Q06_robotic_water_quality.json"", ""raw_item_index"": 331}]"
,10.5194/egusphere-egu23-12542,https://doi.org/10.5194/egusphere-egu23-12542,Comparison of Mobile Environmental Sensors for Citizen Science Based Climate Monitoring,Felix Schmidt; Claudia Schütze; Uta Ködel; Fabian Schütze; Christine Liang; David Schäfer; Peter Dietrich,2023,,posted-content,Copernicus GmbH,,,,,0,11,particulate_air_quality,"[""particulate_air_quality"", ""embedded_environmental_sensing""]",False,False,True,metadata_candidate,particulate_air_quality;embedded_environmental_sensing,"[""sensor""]",1,"[{""query_id"": ""Q01"", ""query_rank"": 353, ""api_score"": 16.95367, ""raw_file"": ""raw_crossref\\Q01_mobile_robot_environment.json"", ""raw_item_index"": 352}]"
,10.5220/0012187100003543,https://doi.org/10.5220/0012187100003543,A Linear Regression Based-Approach to Collective Gas Source Localization,Ronnier Rohrich; Luis Messias; Jose Lima; Andre Schneider de Oliveira,2023,"Proceedings of the 20th International Conference on Informatics in Control, Automation and Robotics",proceedings-article,SCITEPRESS - Science and Technology Publications,,,657-664,,0,11,gas_olfaction_mapping,"[""gas_olfaction_mapping""]",False,False,False,metadata_candidate,gas_olfaction_mapping,"[""env"", ""gas"", ""nav""]",1,"[{""query_id"": ""Q03"", ""query_rank"": 33, ""api_score"": 28.975746, ""raw_file"": ""raw_crossref\\Q03_robotic_gas_mapping.json"", ""raw_item_index"": 32}]"
,10.1109/tssa56819.2022.10063905,https://doi.org/10.1109/tssa56819.2022.10063905,Design of Monitoring System for Water Levels and Turbidity Water Canals Based on Nodemcu,Ayu Rosyida Zain; Maria Agustin; Prihatin Oktivasari; Nur Fauzi Soelaiman; Muhammad Fatih Fahroji,2022,"2022 16th International Conference on Telecommunication Systems, Services, and Applications (TSSA)",proceedings-article,IEEE,,,1-4,,0,11,water_quality_monitoring,"[""water_quality_monitoring""]",False,False,False,metadata_candidate,water_quality_monitoring,"[""env"", ""water"", ""sensor""]",1,"[{""query_id"": ""Q06"", ""query_rank"": 319, ""api_score"": 20.122307, ""raw_file"": ""raw_crossref\\Q06_robotic_water_quality.json"", ""raw_item_index"": 318}]"
,10.1117/12.2639226,https://doi.org/10.1117/12.2639226,Research on spectral turbidity compensation for water quality monitoring based on UV-Vis spectroscopy,Zhengguo Huang; Caixia Wang,2022,"International Conference on Neural Networks, Information, and Communication Engineering (NNICE 2022)",proceedings-article,SPIE,,,47,,0,11,water_quality_monitoring,"[""water_quality_monitoring""]",False,False,False,metadata_candidate,water_quality_monitoring,"[""env"", ""water"", ""sensor""]",1,"[{""query_id"": ""Q06"", ""query_rank"": 30, ""api_score"": 24.690453, ""raw_file"": ""raw_crossref\\Q06_robotic_water_quality.json"", ""raw_item_index"": 29}]"
,10.36967/2294095,https://doi.org/10.36967/2294095,Water quality monitoring for Devils Tower National Monument: 2019 data report,Anine Rosse,2022,,report,National Park Service,,,,,0,11,water_quality_monitoring,"[""water_quality_monitoring""]",False,False,False,metadata_candidate,water_quality_monitoring,"[""env"", ""water"", ""sensor""]",1,"[{""query_id"": ""Q06"", ""query_rank"": 483, ""api_score"": 19.319736, ""raw_file"": ""raw_crossref\\Q06_robotic_water_quality.json"", ""raw_item_index"": 482}]"
,10.4324/9781003331438-14,https://doi.org/10.4324/9781003331438-14,Quality matters: incorporating water quality into water access monitoring in rural Malawi,Sarah L. Smiley,2022,Wicked Problems of Water Quality Governance,book-chapter,Routledge,,,215-228,,0,11,water_quality_monitoring,"[""water_quality_monitoring""]",False,False,False,metadata_candidate,water_quality_monitoring,"[""env"", ""water"", ""sensor""]",2,"[{""query_id"": ""Q06"", ""query_rank"": 127, ""api_score"": 21.464241, ""raw_file"": ""raw_crossref\\Q06_robotic_water_quality.json"", ""raw_item_index"": 126}]"
,10.1007/978-3-030-64892-3_11,https://doi.org/10.1007/978-3-030-64892-3_11,Monitoring of Groundwater Quality in Poland,Izabela Jamorska,2021,Springer Water Quality of Water Resources in Poland,book-chapter,Springer International Publishing,,,231-261,,0,11,water_quality_monitoring,"[""water_quality_monitoring""]",False,False,False,metadata_candidate,water_quality_monitoring,"[""env"", ""water"", ""sensor""]",1,"[{""query_id"": ""Q06"", ""query_rank"": 444, ""api_score"": 19.57484, ""raw_file"": ""raw_crossref\\Q06_robotic_water_quality.json"", ""raw_item_index"": 443}]"
,10.18258/23354,https://doi.org/10.18258/23354,"Water quality monitoring in Sampson County, NC",Sherri White Williamson Sherri White Williamson,2021,,report,Experiment,,,,,0,11,water_quality_monitoring,"[""water_quality_monitoring""]",False,False,False,metadata_candidate,water_quality_monitoring,"[""env"", ""water"", ""sensor""]",1,"[{""query_id"": ""Q06"", ""query_rank"": 491, ""api_score"": 19.30126, ""raw_file"": ""raw_crossref\\Q06_robotic_water_quality.json"", ""raw_item_index"": 490}]"
,10.20944/preprints202104.0588.v2,https://doi.org/10.20944/preprints202104.0588.v2,Predicting Citywide Distribution of Air Pollution Using Mobile Monitoring and Three-dimensional Urban Structure,Lucas Cummings; Justin Stewart; Peleg Kremer; Kabindra Shakya,2021,,posted-content,MDPI AG,,,,,0,11,particulate_air_quality,"[""particulate_air_quality""]",False,False,True,metadata_candidate,particulate_air_quality,"[""env"", ""air"", ""sensor""]",1,"[{""query_id"": ""Q01"", ""query_rank"": 352, ""api_score"": 16.960882, ""raw_file"": ""raw_crossref\\Q01_mobile_robot_environment.json"", ""raw_item_index"": 351}]"
,10.3390/books978-3-0365-1547-2,https://doi.org/10.3390/books978-3-0365-1547-2,"Monitoring, Modelling and Management of Water Quality",,2021,,edited-book,MDPI,,,,,0,11,water_quality_monitoring,"[""water_quality_monitoring""]",False,False,False,metadata_candidate,water_quality_monitoring,"[""env"", ""water"", ""sensor""]",1,"[{""query_id"": ""Q06"", ""query_rank"": 226, ""api_score"": 20.630772, ""raw_file"": ""raw_crossref\\Q06_robotic_water_quality.json"", ""raw_item_index"": 225}]"
,10.5194/egusphere-egu21-13197,https://doi.org/10.5194/egusphere-egu21-13197,The representativeness of ground-based air quality monitoring stations: observation and recommendation from Indian cities,Arindam Roy; Satoshi Takahama; Athanasios Nenes; Sumit Sharma; Anju Goel,2021,,posted-content,Copernicus GmbH,,,,,0,11,particulate_air_quality,"[""particulate_air_quality""]",False,False,True,metadata_candidate,particulate_air_quality,"[""env"", ""air"", ""sensor""]",1,"[{""query_id"": ""Q02"", ""query_rank"": 267, ""api_score"": 23.632278, ""raw_file"": ""raw_crossref\\Q02_ground_rover_air_quality.json"", ""raw_item_index"": 266}]"
,10.52107/mrc.qx5ynz,https://doi.org/10.52107/mrc.qx5ynz,2018 Lower Mekong Water Quality Monitoring Report,,2021,,report,Mekong River Commission Secretariat,,,,,0,11,water_quality_monitoring,"[""water_quality_monitoring""]",False,False,True,metadata_candidate,water_quality_monitoring,"[""env"", ""water"", ""sensor""]",1,"[{""query_id"": ""Q06"", ""query_rank"": 139, ""api_score"": 21.373262, ""raw_file"": ""raw_crossref\\Q06_robotic_water_quality.json"", ""raw_item_index"": 138}]"
,10.7176/jiea/11-2-03,https://doi.org/10.7176/jiea/11-2-03,Application of Water Quality of pH and TSS Monitoring Using Online Monitoring at Settling Pond of Coal Mining Company PT XY,,2021,Journal of Information Engineering and Applications,journal-article,"International Institute for Science, Technology and Education",,,,,0,11,water_quality_monitoring,"[""water_quality_monitoring""]",False,False,False,metadata_candidate,water_quality_monitoring,"[""env"", ""water"", ""sensor""]",1,"[{""query_id"": ""Q06"", ""query_rank"": 35, ""api_score"": 24.46353, ""raw_file"": ""raw_crossref\\Q06_robotic_water_quality.json"", ""raw_item_index"": 34}]"
,10.1021/scimeetings.0c01560,https://doi.org/10.1021/scimeetings.0c01560,Monitoring water quality activity implemented in the ACS student chapter,Laura I. Santiago,2020,,posted-content,American Chemical Society (ACS),,,,,0,11,water_quality_monitoring,"[""water_quality_monitoring""]",False,False,False,metadata_candidate,water_quality_monitoring,"[""env"", ""water"", ""sensor""]",1,"[{""query_id"": ""Q06"", ""query_rank"": 489, ""api_score"": 19.30284, ""raw_file"": ""raw_crossref\\Q06_robotic_water_quality.json"", ""raw_item_index"": 488}]"
,10.1109/mems46641.2020.9056230,https://doi.org/10.1109/mems46641.2020.9056230,Integrated Phosphate and pH Sensing System for Water Quality Monitoring,Renuka Bowrothu; Todd Schumann; Haein Kim; Kyoung Tae Kim; Sunghyun Hwang; Yoonseok Lee; Yong Kyu Yoon,2020,2020 IEEE 33rd International Conference on Micro Electro Mechanical Systems (MEMS),proceedings-article,IEEE,,,713-716,,0,11,water_quality_monitoring,"[""water_quality_monitoring""]",False,False,False,metadata_candidate,water_quality_monitoring,"[""env"", ""water"", ""sensor""]",1,"[{""query_id"": ""Q06"", ""query_rank"": 365, ""api_score"": 19.927782, ""raw_file"": ""raw_crossref\\Q06_robotic_water_quality.json"", ""raw_item_index"": 364}]"
,10.1117/12.2558324,https://doi.org/10.1117/12.2558324,Autonomous crop height estimation and navigation using an unmanned ground vehicle in row-based farmlands (Conference Presentation),Tianshu Xu; Song Li; Pratap Tokekar,2020,Autonomous Air and Ground Sensing Systems for Agricultural Optimization and Phenotyping V,proceedings-article,SPIE,,,19,,0,11,outdoor_navigation_fusion,"[""outdoor_navigation_fusion""]",False,False,False,metadata_candidate,outdoor_navigation_fusion,"[""robot"", ""nav"", ""outdoor""]",1,"[{""query_id"": ""Q02"", ""query_rank"": 75, ""api_score"": 25.96655, ""raw_file"": ""raw_crossref\\Q02_ground_rover_air_quality.json"", ""raw_item_index"": 74}]"
,10.1201/9780429441042-36,https://doi.org/10.1201/9780429441042-36,Water Quality and Monitoring,John C. Clausen,2020,Fresh Water and Watersheds,book-chapter,CRC Press,,,257-263,,0,11,water_quality_monitoring,"[""water_quality_monitoring""]",False,False,False,metadata_candidate,water_quality_monitoring,"[""env"", ""water"", ""sensor""]",2,"[{""query_id"": ""Q06"", ""query_rank"": 247, ""api_score"": 20.502016, ""raw_file"": ""raw_crossref\\Q06_robotic_water_quality.json"", ""raw_item_index"": 246}]"
,10.1201/9781003075622-6,https://doi.org/10.1201/9781003075622-6,Monitoring Strategies to Characterize Water Quality,Edwin E. Geldreich,2020,Microbial Quality of Water Supply in Distribution Systems,book-chapter,CRC Press,,,257-309,,0,11,water_quality_monitoring,"[""water_quality_monitoring""]",False,False,False,metadata_candidate,water_quality_monitoring,"[""env"", ""water"", ""sensor""]",1,"[{""query_id"": ""Q06"", ""query_rank"": 211, ""api_score"": 20.673512, ""raw_file"": ""raw_crossref\\Q06_robotic_water_quality.json"", ""raw_item_index"": 210}]"
,10.31483/r-86225,https://doi.org/10.31483/r-86225,Online Turbidity Monitoring as an Indicator of Water Quality in the Water Supply System,Svetlana Evgenevna Maltseva,2020,"Relevant issues of management, economics and economic security",proceedings-article,Publishing house Sreda,,,,,0,11,water_quality_monitoring,"[""water_quality_monitoring""]",False,False,False,metadata_candidate,water_quality_monitoring,"[""env"", ""water"", ""sensor""]",1,"[{""query_id"": ""Q06"", ""query_rank"": 32, ""api_score"": 24.592358, ""raw_file"": ""raw_crossref\\Q06_robotic_water_quality.json"", ""raw_item_index"": 31}]"
,10.5194/egusphere-egu2020-11759,https://doi.org/10.5194/egusphere-egu2020-11759,Water Quality Mixing Model (WQMM) for Environmental Flow Release Monitoring,Gabriel Sentlinger,2020,,posted-content,Copernicus GmbH,,,,,0,11,water_quality_monitoring,"[""water_quality_monitoring""]",False,False,True,metadata_candidate,water_quality_monitoring,"[""env"", ""water"", ""sensor""]",1,"[{""query_id"": ""Q06"", ""query_rank"": 493, ""api_score"": 19.293308, ""raw_file"": ""raw_crossref\\Q06_robotic_water_quality.json"", ""raw_item_index"": 492}]"
,10.52107/mrc.ay2l1c,https://doi.org/10.52107/mrc.ay2l1c,2019 Lower Mekong Water Quality Monitoring Report,,2020,,report,Mekong River Commission Secretariat,,,,,0,11,water_quality_monitoring,"[""water_quality_monitoring""]",False,False,True,metadata_candidate,water_quality_monitoring,"[""env"", ""water"", ""sensor""]",1,"[{""query_id"": ""Q06"", ""query_rank"": 137, ""api_score"": 21.376818, ""raw_file"": ""raw_crossref\\Q06_robotic_water_quality.json"", ""raw_item_index"": 136}]"
,10.1016/c2016-0-00573-9,https://doi.org/10.1016/c2016-0-00573-9,Water Quality Monitoring and Management,,2019,,edited-book,Elsevier,,,,,0,11,water_quality_monitoring,"[""water_quality_monitoring""]",False,False,False,metadata_candidate,water_quality_monitoring,"[""env"", ""water"", ""sensor""]",1,"[{""query_id"": ""Q06"", ""query_rank"": 141, ""api_score"": 21.365435, ""raw_file"": ""raw_crossref\\Q06_robotic_water_quality.json"", ""raw_item_index"": 140}]"
,10.1299/jsmermd.2019.1p2-d10,https://doi.org/10.1299/jsmermd.2019.1p2-d10,Landing and path planning using three dimentional terrain for a unmanned ground vehicle transported by an unmanned aerial vehicle,Hiroko SHIMIZU; Ryosuke YAJIMA; Keiji NAGATANI,2019,The Proceedings of JSME annual Conference on Robotics and Mechatronics (Robomec),journal-article,Japan Society of Mechanical Engineers,2019,0,1P2-D10,,0,11,outdoor_navigation_fusion,"[""outdoor_navigation_fusion""]",False,False,False,metadata_candidate,outdoor_navigation_fusion,"[""robot"", ""nav"", ""outdoor""]",1,"[{""query_id"": ""Q02"", ""query_rank"": 243, ""api_score"": 23.874239, ""raw_file"": ""raw_crossref\\Q02_ground_rover_air_quality.json"", ""raw_item_index"": 242}]"
,10.23883/ijrter.2019.5002.fssfs,https://doi.org/10.23883/ijrter.2019.5002.fssfs,Development of Wireless Sensor Network Technology for Environmental Monitoring,,2019,International Journal of Recent Trends in Engineering and Research,journal-article,International Journal of Recent Trends in Engineering and Research,5,1,8-19,,0,11,embedded_environmental_sensing,"[""embedded_environmental_sensing""]",False,False,False,metadata_candidate,embedded_environmental_sensing,"[""env"", ""sensor"", ""embedded""]",1,"[{""query_id"": ""Q05"", ""query_rank"": 376, ""api_score"": 21.202091, ""raw_file"": ""raw_crossref\\Q05_gas_sensor_calibration.json"", ""raw_item_index"": 375}]"
,10.5194/dwes-2019-8,https://doi.org/10.5194/dwes-2019-8,Design methodology to determine water quality monitoring strategy of surface water treatment plants,Petra Ross; Kim van Schagen; Luuk Rietveld,2019,,posted-content,Copernicus GmbH,,,,,0,11,water_quality_monitoring,"[""water_quality_monitoring""]",False,False,True,metadata_candidate,water_quality_monitoring,"[""env"", ""water"", ""sensor""]",1,"[{""query_id"": ""Q06"", ""query_rank"": 344, ""api_score"": 20.019455, ""raw_file"": ""raw_crossref\\Q06_robotic_water_quality.json"", ""raw_item_index"": 343}]"
,10.52107/mrc.ajg58x,https://doi.org/10.52107/mrc.ajg58x,2017 Lower Mekong Regional Water Quality Monitoring Report,,2019,,report,Mekong River Commission Secretariat,,,,,0,11,water_quality_monitoring,"[""water_quality_monitoring""]",False,False,True,metadata_candidate,water_quality_monitoring,"[""env"", ""water"", ""sensor""]",1,"[{""query_id"": ""Q06"", ""query_rank"": 182, ""api_score"": 20.965223, ""raw_file"": ""raw_crossref\\Q06_robotic_water_quality.json"", ""raw_item_index"": 181}]"
,10.1109/cpee.2018.8506765,https://doi.org/10.1109/cpee.2018.8506765,Mobile Sensor Network for Suspended Particulate Matter Measurements using Kriging Interpolation,Lukasz Makowski,2018,19th International Conference Computational Problems of Electrical Engineering,proceedings-article,IEEE,,,1-4,,0,11,particulate_air_quality,"[""particulate_air_quality""]",False,False,False,metadata_candidate,particulate_air_quality,"[""env"", ""air"", ""sensor""]",1,"[{""query_id"": ""Q04"", ""query_rank"": 486, ""api_score"": 21.422483, ""raw_file"": ""raw_crossref\\Q04_low_cost_particle_calibration.json"", ""raw_item_index"": 485}]"
,10.1201/9781315137469-62,https://doi.org/10.1201/9781315137469-62,Water Quality Monitoring,C. P. Blakeley; G.L. Combs,2018,Analytical Instrumentation,book-chapter,Routledge,,,451-459,,0,11,water_quality_monitoring,"[""water_quality_monitoring""]",False,False,False,metadata_candidate,water_quality_monitoring,"[""env"", ""water"", ""sensor""]",4,"[{""query_id"": ""Q06"", ""query_rank"": 500, ""api_score"": 19.285143, ""raw_file"": ""raw_crossref\\Q06_robotic_water_quality.json"", ""raw_item_index"": 499}]"
,10.3390/books978-3-03842-840-4,https://doi.org/10.3390/books978-3-03842-840-4,Air Quality Monitoring and Forecasting,,2018,,edited-book,MDPI,,,,,0,11,particulate_air_quality,"[""particulate_air_quality""]",False,False,False,metadata_candidate,particulate_air_quality,"[""env"", ""air"", ""sensor""]",1,"[{""query_id"": ""Q02"", ""query_rank"": 383, ""api_score"": 22.949226, ""raw_file"": ""raw_crossref\\Q02_ground_rover_air_quality.json"", ""raw_item_index"": 382}]"
,10.52107/mrc.ajg6r1,https://doi.org/10.52107/mrc.ajg6r1,2016 Lower Mekong Regional Water Quality Monitoring Report,,2018,,report,Mekong River Commission Secretariat,,,,,0,11,water_quality_monitoring,"[""water_quality_monitoring""]",False,False,True,metadata_candidate,water_quality_monitoring,"[""env"", ""water"", ""sensor""]",1,"[{""query_id"": ""Q06"", ""query_rank"": 173, ""api_score"": 20.993248, ""raw_file"": ""raw_crossref\\Q06_robotic_water_quality.json"", ""raw_item_index"": 172}]"
,10.52107/mrc.ajg7a8,https://doi.org/10.52107/mrc.ajg7a8,2015 Lower Mekong Regional Water Quality Monitoring Report,,2018,,report,Mekong River Commission Secretariat,,,,,0,11,water_quality_monitoring,"[""water_quality_monitoring""]",False,False,True,metadata_candidate,water_quality_monitoring,"[""env"", ""water"", ""sensor""]",1,"[{""query_id"": ""Q06"", ""query_rank"": 172, ""api_score"": 20.995434, ""raw_file"": ""raw_crossref\\Q06_robotic_water_quality.json"", ""raw_item_index"": 171}]"
,10.1201/9781315155135-7,https://doi.org/10.1201/9781315155135-7,Water quality monitoring: Design of an automated classification and authentication tool,,2017,"Chemometric Monitoring: Product Quality Assessment, Process Fault Detection, and Applications",book-chapter,CRC Press,,,231-270,,0,11,water_quality_monitoring,"[""water_quality_monitoring""]",False,False,False,metadata_candidate,water_quality_monitoring,"[""env"", ""water"", ""sensor""]",1,"[{""query_id"": ""Q06"", ""query_rank"": 417, ""api_score"": 19.691065, ""raw_file"": ""raw_crossref\\Q06_robotic_water_quality.json"", ""raw_item_index"": 416}]"
,10.21771/vol8no1tahun2017artikel1546,https://doi.org/10.21771/vol8no1tahun2017artikel1546,Low cost particulate sensor sebagai unit kontrol untuk meningkatkan efisiensi penggunaan air proses wet scrubber,Januar Arif Fatkhurrahman; Ikha Rasti Julia Sari; Nur Zen,2017,Jurnal Riset Teknologi Pencegahan Pencemaran Industri,journal-article,Center of Industrial Pollution Prevention Technology,8,1,35,,0,11,embedded_environmental_sensing,"[""embedded_environmental_sensing""]",False,False,False,metadata_candidate,embedded_environmental_sensing,"[""env"", ""sensor"", ""embedded""]",2,"[{""query_id"": ""Q04"", ""query_rank"": 316, ""api_score"": 22.850868, ""raw_file"": ""raw_crossref\\Q04_low_cost_particle_calibration.json"", ""raw_item_index"": 315}]"
,10.5220/0006510801500155,https://doi.org/10.5220/0006510801500155,Use of Unmanned Aerial Vehicles for Monitoring of Air Pollution Generated by Stationary Sources,Pavel Jirava; Michal Kuřík,2017,Proceedings of the International Conference on Computer-Human Interaction Research and Applications,proceedings-article,SCITEPRESS - Science and Technology Publications,,,150-155,,0,11,particulate_air_quality,"[""particulate_air_quality""]",False,False,False,metadata_candidate,particulate_air_quality,"[""env"", ""air"", ""sensor""]",1,"[{""query_id"": ""Q02"", ""query_rank"": 257, ""api_score"": 23.716404, ""raw_file"": ""raw_crossref\\Q02_ground_rover_air_quality.json"", ""raw_item_index"": 256}]"
,10.1081/e-enrw-120047558,https://doi.org/10.1081/e-enrw-120047558,Water Quality and Monitoring,John C. Clausen,2016,Encyclopedia of Natural Resources: Water,book-chapter,CRC Press,,,887-891,,0,11,water_quality_monitoring,"[""water_quality_monitoring""]",False,False,False,metadata_candidate,water_quality_monitoring,"[""env"", ""water"", ""sensor""]",2,"[{""query_id"": ""Q06"", ""query_rank"": 354, ""api_score"": 19.957445, ""raw_file"": ""raw_crossref\\Q06_robotic_water_quality.json"", ""raw_item_index"": 353}]"
,10.1201/b19646-63,https://doi.org/10.1201/b19646-63,Urban Stormwater Quality Monitoring,,2016,Urban Water Reuse Handbook,book-chapter,CRC Press,,,629-642,,0,11,water_quality_monitoring,"[""water_quality_monitoring""]",False,False,False,metadata_candidate,water_quality_monitoring,"[""env"", ""water"", ""sensor""]",1,"[{""query_id"": ""Q06"", ""query_rank"": 360, ""api_score"": 19.94352, ""raw_file"": ""raw_crossref\\Q06_robotic_water_quality.json"", ""raw_item_index"": 359}]"
,10.14257/ijsip.2016.9.11.32,https://doi.org/10.14257/ijsip.2016.9.11.32,MPGA-Based Indoor Localization for Non Steady-State Gas Source,Qiuming Li; Zhigang Liu; Jinkuan Wang; Kai Cheng,2016,"International Journal of Signal Processing, Image Processing and Pattern Recognition",journal-article,NADIA,9,11,353-362,,0,11,gas_olfaction_mapping,"[""gas_olfaction_mapping""]",False,False,False,metadata_candidate,gas_olfaction_mapping,"[""env"", ""gas"", ""nav""]",1,"[{""query_id"": ""Q03"", ""query_rank"": 337, ""api_score"": 21.836258, ""raw_file"": ""raw_crossref\\Q03_robotic_gas_mapping.json"", ""raw_item_index"": 336}]"
,10.21771/vol7no1tahun2016artikel929,https://doi.org/10.21771/vol7no1tahun2016artikel929,VERIFIKASI LOW COST PARTICULATE SENSOR SEBAGAI SENSOR PARTIKULAT PADA MODIFIKASI TEKNOLOGI WET SCRUBBER,Januar Arif Fatkhurrahman; Ikha Rasti Juliasari; Nur Zen,2016,Jurnal Riset Teknologi Pencegahan Pencemaran Industri,journal-article,Center of Industrial Pollution Prevention Technology,7,1,31,,0,11,embedded_environmental_sensing,"[""embedded_environmental_sensing""]",False,False,False,metadata_candidate,embedded_environmental_sensing,"[""env"", ""sensor"", ""embedded""]",2,"[{""query_id"": ""Q04"", ""query_rank"": 147, ""api_score"": 25.874622, ""raw_file"": ""raw_crossref\\Q04_low_cost_particle_calibration.json"", ""raw_item_index"": 146}]"
,10.52107/mrc.ajg7te,https://doi.org/10.52107/mrc.ajg7te,Lower Mekong Regional Water Quality Monitoring Report 2014,,2016,,report,Mekong River Commission Secretariat,,,,,0,11,water_quality_monitoring,"[""water_quality_monitoring""]",False,False,True,metadata_candidate,water_quality_monitoring,"[""env"", ""water"", ""sensor""]",1,"[{""query_id"": ""Q06"", ""query_rank"": 427, ""api_score"": 19.633955, ""raw_file"": ""raw_crossref\\Q06_robotic_water_quality.json"", ""raw_item_index"": 426}]"
,10.53325/chde9699,https://doi.org/10.53325/chde9699,"Nexus Observatory Workshop on Water-Wastewater Nexus in Urbanising Asia: Building Capacity for Monitoring Water Quality Risks, Ha Noi, 24–25 May 2016",Kristin Meyer; Mathew Kurian,2016,"Nexus Observatory Workshop on Water-Wastewater Nexus in Urbanising Asia: Building Capacity for Monitoring Water Quality Risks, Ha Noi, 24–25 May 2016",proceedings-article,United Nations University Institute for Integrated Management of Material Fluxes and of Resources (UNU-FLORES),,,,,0,11,water_quality_monitoring,"[""water_quality_monitoring""]",False,False,False,metadata_candidate,water_quality_monitoring,"[""env"", ""water"", ""sensor""]",1,"[{""query_id"": ""Q06"", ""query_rank"": 476, ""api_score"": 19.340555, ""raw_file"": ""raw_crossref\\Q06_robotic_water_quality.json"", ""raw_item_index"": 475}]"
,10.1299/jsmermd.2015._1p1-j07_1,https://doi.org/10.1299/jsmermd.2015._1p1-j07_1,1P1-J07 Development of an Outdoor Mobile robot for High-Speed Human-Following Navigation,Yousif E. Abdelgabar; Jae Hoon LEE; Shingo OKAMOTO,2015,The Proceedings of JSME annual Conference on Robotics and Mechatronics (Robomec),journal-article,Japan Society of Mechanical Engineers,2015,0,_1P1-J07_1-_1P1-J07_3,,0,11,outdoor_navigation_fusion,"[""outdoor_navigation_fusion""]",False,False,False,metadata_candidate,outdoor_navigation_fusion,"[""robot"", ""nav"", ""outdoor""]",1,"[{""query_id"": ""Q08"", ""query_rank"": 216, ""api_score"": 23.717655, ""raw_file"": ""raw_crossref\\Q08_outdoor_mapping_fusion.json"", ""raw_item_index"": 215}]"
,10.3897/rio.coll.92,https://doi.org/10.3897/rio.coll.92,Monitool - new tools for water quality monitoring,,2015,,,Pensoft Publishers,,,,,0,11,water_quality_monitoring,"[""water_quality_monitoring""]",False,False,False,metadata_candidate,water_quality_monitoring,"[""env"", ""water"", ""sensor""]",1,"[{""query_id"": ""Q06"", ""query_rank"": 232, ""api_score"": 20.617802, ""raw_file"": ""raw_crossref\\Q06_robotic_water_quality.json"", ""raw_item_index"": 231}]"
,10.52107/mrc.ajg86l,https://doi.org/10.52107/mrc.ajg86l,2013 Lower Mekong Regional Water Quality Monitoring Report,,2015,,report,Mekong River Commission Secretariat,,,,,0,11,water_quality_monitoring,"[""water_quality_monitoring""]",False,False,True,metadata_candidate,water_quality_monitoring,"[""env"", ""water"", ""sensor""]",1,"[{""query_id"": ""Q06"", ""query_rank"": 435, ""api_score"": 19.603731, ""raw_file"": ""raw_crossref\\Q06_robotic_water_quality.json"", ""raw_item_index"": 434}]"
,10.1166/sl.2014.3191,https://doi.org/10.1166/sl.2014.3191,Online Parameter Selection for Gas Distribution Mapping,Victor Hernandez Bennetts; Marco Trincavelli; Achim J. Lilienthal; Victor Pomareda; Erik Schaffernicht,2014,Sensor Letters,journal-article,American Scientific Publishers,12,6,1147-1151,,0,11,gas_olfaction_mapping,"[""gas_olfaction_mapping""]",False,False,False,metadata_candidate,gas_olfaction_mapping,"[""env"", ""gas"", ""nav""]",1,"[{""query_id"": ""Q03"", ""query_rank"": 181, ""api_score"": 23.136868, ""raw_file"": ""raw_crossref\\Q03_robotic_gas_mapping.json"", ""raw_item_index"": 180}]"
,10.1299/jsmermd.2014._1p1-c06_1,https://doi.org/10.1299/jsmermd.2014._1p1-c06_1,1P1-C06 Image Feature-based Traversability Analysis for Mobile Robot Navigation in Outdoor Environment(Vision System for Mobile Robot),Mohammed Abdessamad BEKHTI; Soudai TANAKA; Yuichi KOBAYASHI; Toru KANEKO,2014,The Proceedings of JSME annual Conference on Robotics and Mechatronics (Robomec),journal-article,Japan Society of Mechanical Engineers,2014,0,_1P1-C06_1-_1P1-C06_3,,0,11,outdoor_navigation_fusion,"[""outdoor_navigation_fusion""]",False,False,False,metadata_candidate,outdoor_navigation_fusion,"[""robot"", ""nav"", ""outdoor""]",1,"[{""query_id"": ""Q01"", ""query_rank"": 219, ""api_score"": 17.66986, ""raw_file"": ""raw_crossref\\Q01_mobile_robot_environment.json"", ""raw_item_index"": 218}, {""query_id"": ""Q08"", ""query_rank"": 75, ""api_score"": 26.464989, ""raw_file"": ""raw_crossref\\Q08_outdoor_mapping_fusion.json"", ""raw_item_index"": 74}]"
,10.1201/b15425-30,https://doi.org/10.1201/b15425-30,Smart Environmental Monitoring Using Wireless Sensor Networks,,2013,Wireless Sensor Networks,book-chapter,CRC Press,,,751-774,,0,11,embedded_environmental_sensing,"[""embedded_environmental_sensing""]",False,False,False,metadata_candidate,embedded_environmental_sensing,"[""env"", ""sensor"", ""embedded""]",1,"[{""query_id"": ""Q05"", ""query_rank"": 362, ""api_score"": 21.263807, ""raw_file"": ""raw_crossref\\Q05_gas_sensor_calibration.json"", ""raw_item_index"": 361}]"
,10.1299/jsmemsd.2013.53,https://doi.org/10.1299/jsmemsd.2013.53,208 NAVIGATION SYSTEM FOR UNMANNED GROUND VEHICLE,Khairul Anuar Juhari; Mohd Rizal Salleh; Mohd Nazrin Muhamad; Teruaki Ito,2013,The Proceedings of Manufacturing Systems Division Conference,journal-article,Japan Society of Mechanical Engineers,2013,0,53-54,,0,11,outdoor_navigation_fusion,"[""outdoor_navigation_fusion""]",False,False,False,metadata_candidate,outdoor_navigation_fusion,"[""robot"", ""nav"", ""outdoor""]",1,"[{""query_id"": ""Q02"", ""query_rank"": 45, ""api_score"": 27.205482, ""raw_file"": ""raw_crossref\\Q02_ground_rover_air_quality.json"", ""raw_item_index"": 44}]"
,10.21236/ada568985,https://doi.org/10.21236/ada568985,Santa Margarita Lagoon Water Quality Monitoring Data,C. Katz; Ignacio D. Rivera,2012,,report,Defense Technical Information Center,,,,,0,11,water_quality_monitoring,"[""water_quality_monitoring""]",False,False,False,metadata_candidate,water_quality_monitoring,"[""env"", ""water"", ""sensor""]",1,"[{""query_id"": ""Q06"", ""query_rank"": 426, ""api_score"": 19.637594, ""raw_file"": ""raw_crossref\\Q06_robotic_water_quality.json"", ""raw_item_index"": 425}]"
,10.5772/36009,https://doi.org/10.5772/36009,Monitoring and Modelling of Water Quality,Katarzyna Samborska; Rafal Ulanczyk; Katarzyna Korszu,2012,Water Quality Monitoring and Assessment,book-chapter,InTech,,,,,0,11,water_quality_monitoring,"[""water_quality_monitoring""]",False,False,False,metadata_candidate,water_quality_monitoring,"[""env"", ""water"", ""sensor""]",1,"[{""query_id"": ""Q06"", ""query_rank"": 58, ""api_score"": 22.996338, ""raw_file"": ""raw_crossref\\Q06_robotic_water_quality.json"", ""raw_item_index"": 57}]"
,10.1039/9781849733199-00059,https://doi.org/10.1039/9781849733199-00059,Improving Quality and Saving Dollars Using Real-Time Online Water Quality Monitoring,K. Thompson; G. Jacobson; K. Chamberlain,2011,Water Contamination Emergencies,book-chapter,The Royal Society of Chemistry,,,59-69,,0,11,water_quality_monitoring,"[""water_quality_monitoring""]",False,False,False,metadata_candidate,water_quality_monitoring,"[""env"", ""water"", ""sensor""]",2,"[{""query_id"": ""Q06"", ""query_rank"": 216, ""api_score"": 20.661896, ""raw_file"": ""raw_crossref\\Q06_robotic_water_quality.json"", ""raw_item_index"": 215}]"
,10.1039/bk9781849731560-00059,https://doi.org/10.1039/bk9781849731560-00059,Improving Quality and Saving Dollars Using Real-Time Online Water Quality Monitoring,K. Thompson; G. Jacobson; K. Chamberlain,2011,Water Contamination Emergencies,book-chapter,The Royal Society of Chemistry,,,59-69,,0,11,water_quality_monitoring,"[""water_quality_monitoring""]",False,False,False,metadata_candidate,water_quality_monitoring,"[""env"", ""water"", ""sensor""]",2,"[{""query_id"": ""Q06"", ""query_rank"": 219, ""api_score"": 20.650341, ""raw_file"": ""raw_crossref\\Q06_robotic_water_quality.json"", ""raw_item_index"": 218}]"
,10.14741/ijcet/v.3.4.29,https://doi.org/10.14741/ijcet/v.3.4.29,The use of Turbidity and Total Suspended Solids Correlation for the Surface Water Quality Monitoring,Laura Kusari,2011,International Journal of Current Engineering and Technology,journal-article,Inpressco,,,,,0,11,water_quality_monitoring,"[""water_quality_monitoring""]",False,False,False,metadata_candidate,water_quality_monitoring,"[""env"", ""water"", ""sensor""]",1,"[{""query_id"": ""Q06"", ""query_rank"": 3, ""api_score"": 29.921406, ""raw_file"": ""raw_crossref\\Q06_robotic_water_quality.json"", ""raw_item_index"": 2}]"
,10.4016/34488.01,https://doi.org/10.4016/34488.01,Lake water quality monitoring in New Zealand,Chris Mcbride,2011,SciVee,dataset,"SciVee, Inc",,,,,0,11,water_quality_monitoring,"[""water_quality_monitoring""]",False,False,False,metadata_candidate,water_quality_monitoring,"[""env"", ""water"", ""sensor""]",1,"[{""query_id"": ""Q06"", ""query_rank"": 285, ""api_score"": 20.271088, ""raw_file"": ""raw_crossref\\Q06_robotic_water_quality.json"", ""raw_item_index"": 284}]"
,10.1201/b10157-17,https://doi.org/10.1201/b10157-17,Examples of Water Quality Monitoring,,2010,"Water Quality Concepts, Sampling, and Analyses",book-chapter,CRC Press,,,285-322,,0,11,water_quality_monitoring,"[""water_quality_monitoring""]",False,False,False,metadata_candidate,water_quality_monitoring,"[""env"", ""water"", ""sensor""]",1,"[{""query_id"": ""Q06"", ""query_rank"": 83, ""api_score"": 22.137299, ""raw_file"": ""raw_crossref\\Q06_robotic_water_quality.json"", ""raw_item_index"": 82}]"
,10.2514/6.2010-3368,https://doi.org/10.2514/6.2010-3368,Unmanned Aerial Vehicle and Unmanned Ground Vehicle Distributed Mapping,Gregory Sinsley; Lyle Long,2010,AIAA Infotech@Aerospace 2010,proceedings-article,American Institute of Aeronautics and Astronautics,,,,,0,11,outdoor_navigation_fusion,"[""outdoor_navigation_fusion""]",False,False,False,metadata_candidate,outdoor_navigation_fusion,"[""robot"", ""nav"", ""outdoor""]",1,"[{""query_id"": ""Q02"", ""query_rank"": 10, ""api_score"": 30.348217, ""raw_file"": ""raw_crossref\\Q02_ground_rover_air_quality.json"", ""raw_item_index"": 9}]"
,10.5772/9760,https://doi.org/10.5772/9760,Air Quality Monitoring in the Mediterranean Tunisian Coasts,Karim Bouchlaghem; Blaise Nsom; Salem Elouragini,2010,Air Quality,book-chapter,Sciyo,,,,,0,11,particulate_air_quality,"[""particulate_air_quality""]",False,False,False,metadata_candidate,particulate_air_quality,"[""env"", ""air"", ""sensor""]",1,"[{""query_id"": ""Q02"", ""query_rank"": 364, ""api_score"": 23.077385, ""raw_file"": ""raw_crossref\\Q02_ground_rover_air_quality.json"", ""raw_item_index"": 363}]"
,10.1117/12.819432,https://doi.org/10.1117/12.819432,Comparison of real-time performance of Kalman filter-based slam methods for unmanned ground vehicle (UGV) navigation,Hakan Temeltaş; Deniz Kavak,2009,SPIE Proceedings Unmanned Systems Technology XI,proceedings-article,SPIE,7332,,733222,,0,11,outdoor_navigation_fusion,"[""outdoor_navigation_fusion""]",False,False,False,metadata_candidate,outdoor_navigation_fusion,"[""robot"", ""nav"", ""outdoor""]",1,"[{""query_id"": ""Q02"", ""query_rank"": 490, ""api_score"": 22.386358, ""raw_file"": ""raw_crossref\\Q02_ground_rover_air_quality.json"", ""raw_item_index"": 489}]"
,10.1002/9780470716090.ch12,https://doi.org/10.1002/9780470716090.ch12,Groundwater Quality Monitoring: The Overriding Importance of Hydrogeologic Typology (and Need for 4D Thinking),Didier Pennequin; Stephen Foster,2008,Water Quality Measurements The Water Framework Directive,other,Wiley,,,195-214,,0,11,water_quality_monitoring,"[""water_quality_monitoring""]",False,False,False,metadata_candidate,water_quality_monitoring,"[""env"", ""water"", ""sensor""]",1,"[{""query_id"": ""Q06"", ""query_rank"": 463, ""api_score"": 19.447433, ""raw_file"": ""raw_crossref\\Q06_robotic_water_quality.json"", ""raw_item_index"": 462}]"
,10.56669/aklm5662,https://doi.org/10.56669/aklm5662,Establishment and extension of information system for irrigation water quality monitoring and management,,2008,Monitoring and management of agricultural water quality for green food production,proceedings-article,Food and Fertilizer Technology Center for the Asian and Pacific Region,,,,,0,11,water_quality_monitoring,"[""water_quality_monitoring""]",False,False,False,metadata_candidate,water_quality_monitoring,"[""env"", ""water"", ""sensor""]",1,"[{""query_id"": ""Q06"", ""query_rank"": 123, ""api_score"": 21.569363, ""raw_file"": ""raw_crossref\\Q06_robotic_water_quality.json"", ""raw_item_index"": 122}]"
,10.56669/eqgf7117,https://doi.org/10.56669/eqgf7117,Study meeting on monitoring and management of agricultural water quality for green food production in the Asia-Pacific region,,2008,Monitoring and management of agricultural water quality for green food production,proceedings-article,Food and Fertilizer Technology Center for the Asian and Pacific Region,,,,,0,11,water_quality_monitoring,"[""water_quality_monitoring""]",False,False,False,metadata_candidate,water_quality_monitoring,"[""env"", ""water"", ""sensor""]",1,"[{""query_id"": ""Q06"", ""query_rank"": 250, ""api_score"": 20.479483, ""raw_file"": ""raw_crossref\\Q06_robotic_water_quality.json"", ""raw_item_index"": 249}]"
,10.56669/ulnw6665,https://doi.org/10.56669/ulnw6665,Overview of automatic water quality monitoring,,2008,Monitoring and management of agricultural water quality for green food production,proceedings-article,Food and Fertilizer Technology Center for the Asian and Pacific Region,,,,,0,11,water_quality_monitoring,"[""water_quality_monitoring""]",False,False,False,metadata_candidate,water_quality_monitoring,"[""env"", ""water"", ""sensor""]",1,"[{""query_id"": ""Q06"", ""query_rank"": 56, ""api_score"": 23.011887, ""raw_file"": ""raw_crossref\\Q06_robotic_water_quality.json"", ""raw_item_index"": 55}]"
,10.56669/uvpb5995,https://doi.org/10.56669/uvpb5995,Monitoring and management of agricultural water quality in the Philippines,,2008,Monitoring and management of agricultural water quality for green food production,proceedings-article,Food and Fertilizer Technology Center for the Asian and Pacific Region,,,,,0,11,water_quality_monitoring,"[""water_quality_monitoring""]",False,False,False,metadata_candidate,water_quality_monitoring,"[""env"", ""water"", ""sensor""]",1,"[{""query_id"": ""Q06"", ""query_rank"": 80, ""api_score"": 22.164188, ""raw_file"": ""raw_crossref\\Q06_robotic_water_quality.json"", ""raw_item_index"": 79}]"
,10.56669/ysbd2830,https://doi.org/10.56669/ysbd2830,Monitoring and management of irrigation water quality in Japan,,2008,Monitoring and management of agricultural water quality for green food production,proceedings-article,Food and Fertilizer Technology Center for the Asian and Pacific Region,,,,,0,11,water_quality_monitoring,"[""water_quality_monitoring""]",False,False,False,metadata_candidate,water_quality_monitoring,"[""env"", ""water"", ""sensor""]",1,"[{""query_id"": ""Q06"", ""query_rank"": 76, ""api_score"": 22.345955, ""raw_file"": ""raw_crossref\\Q06_robotic_water_quality.json"", ""raw_item_index"": 75}]"
,10.1109/iros.2007.4399108,https://doi.org/10.1109/iros.2007.4399108,Outdoor robot navigation based on a probabilistic data fusion scheme,Josep M. Mirats Tur; Carlos Albores Borja,2007,2007 IEEE/RSJ International Conference on Intelligent Robots and Systems,proceedings-article,IEEE,,,3733-3738,,0,11,outdoor_navigation_fusion,"[""outdoor_navigation_fusion""]",False,False,False,metadata_candidate,outdoor_navigation_fusion,"[""robot"", ""nav"", ""outdoor""]",1,"[{""query_id"": ""Q08"", ""query_rank"": 445, ""api_score"": 21.633709, ""raw_file"": ""raw_crossref\\Q08_outdoor_mapping_fusion.json"", ""raw_item_index"": 444}]"
,10.17077/rep.006573,https://doi.org/10.17077/rep.006573,"Water quality monitoring in the Hoover Creek watershed, 2004-2006",K L Foreman,2007,,report,"Iowa Department of Natural Resources, Geological Survey",,,,,0,11,water_quality_monitoring,"[""water_quality_monitoring""]",False,False,False,metadata_candidate,water_quality_monitoring,"[""env"", ""water"", ""sensor""]",1,"[{""query_id"": ""Q06"", ""query_rank"": 497, ""api_score"": 19.288658, ""raw_file"": ""raw_crossref\\Q06_robotic_water_quality.json"", ""raw_item_index"": 496}]"
,10.1002/9780470058725.ch17,https://doi.org/10.1002/9780470058725.ch17,Monitoring for Water Quality Modelling,Véronique Vandenberghe; Ann van Griensven; Peter Vanrolleghem,2006,Water Quality Measurements Wastewater Quality Monitoring and Treatment,other,Wiley,,,289-309,,0,11,water_quality_monitoring,"[""water_quality_monitoring""]",False,False,False,metadata_candidate,water_quality_monitoring,"[""env"", ""water"", ""sensor""]",1,"[{""query_id"": ""Q06"", ""query_rank"": 87, ""api_score"": 22.064186, ""raw_file"": ""raw_crossref\\Q06_robotic_water_quality.json"", ""raw_item_index"": 86}]"
,10.1002/9780470058725.ch5,https://doi.org/10.1002/9780470058725.ch5,Biosensors and Biological Monitoring for Assessing Water Quality,Carmen Rebollo; Juan Azcárate; Yolanda Madrid,2006,Water Quality Measurements Wastewater Quality Monitoring and Treatment,other,Wiley,,,67-82,,0,11,water_quality_monitoring,"[""water_quality_monitoring""]",False,False,False,metadata_candidate,water_quality_monitoring,"[""env"", ""water"", ""sensor""]",1,"[{""query_id"": ""Q06"", ""query_rank"": 110, ""api_score"": 21.747902, ""raw_file"": ""raw_crossref\\Q06_robotic_water_quality.json"", ""raw_item_index"": 109}]"
,10.1201/9781420006544.ch3,https://doi.org/10.1201/9781420006544.ch3,Air Quality Standards and Monitoring,,2006,"Principles of Air Quality Management, Second Edition",book-chapter,CRC Press,,,45-67,,0,11,particulate_air_quality,"[""particulate_air_quality""]",False,False,False,metadata_candidate,particulate_air_quality,"[""env"", ""air"", ""sensor""]",1,"[{""query_id"": ""Q02"", ""query_rank"": 359, ""api_score"": 23.122168, ""raw_file"": ""raw_crossref\\Q02_ground_rover_air_quality.json"", ""raw_item_index"": 358}]"
,10.5962/bhl.title.115523,https://doi.org/10.5962/bhl.title.115523,Guiding principles for water quality and aquatic ecosystem monitoring /,Elise. Watkins; Alberta.,2006,,monograph,"Alberta Environment,",,,,,0,11,water_quality_monitoring,"[""water_quality_monitoring""]",False,False,False,metadata_candidate,water_quality_monitoring,"[""env"", ""water"", ""sensor""]",1,"[{""query_id"": ""Q06"", ""query_rank"": 436, ""api_score"": 19.596523, ""raw_file"": ""raw_crossref\\Q06_robotic_water_quality.json"", ""raw_item_index"": 435}]"
,10.1201/9780849333569.ch2,https://doi.org/10.1201/9780849333569.ch2,Remote sensing of inland water quality,,2005,Satellite Monitoring of Inland and Coastal Water Quality,book-chapter,CRC Press,,,,,0,11,water_quality_monitoring,"[""water_quality_monitoring""]",False,False,False,metadata_candidate,water_quality_monitoring,"[""env"", ""water"", ""sensor""]",2,"[{""query_id"": ""Q06"", ""query_rank"": 399, ""api_score"": 19.766632, ""raw_file"": ""raw_crossref\\Q06_robotic_water_quality.json"", ""raw_item_index"": 398}]"
,10.1201/9780849333569.ch3,https://doi.org/10.1201/9780849333569.ch3,The science of remotely sensing case 2 water quality,,2005,Satellite Monitoring of Inland and Coastal Water Quality,book-chapter,CRC Press,,,,,0,11,water_quality_monitoring,"[""water_quality_monitoring""]",False,False,False,metadata_candidate,water_quality_monitoring,"[""env"", ""water"", ""sensor""]",2,"[{""query_id"": ""Q06"", ""query_rank"": 393, ""api_score"": 19.781368, ""raw_file"": ""raw_crossref\\Q06_robotic_water_quality.json"", ""raw_item_index"": 392}]"
,10.1201/9780849333569.ch4,https://doi.org/10.1201/9780849333569.ch4,Applications of water quality products to environmental monitoring,,2005,Satellite Monitoring of Inland and Coastal Water Quality,book-chapter,CRC Press,,,,,0,11,water_quality_monitoring,"[""water_quality_monitoring""]",False,False,False,metadata_candidate,water_quality_monitoring,"[""env"", ""water"", ""sensor""]",3,"[{""query_id"": ""Q06"", ""query_rank"": 91, ""api_score"": 21.974342, ""raw_file"": ""raw_crossref\\Q06_robotic_water_quality.json"", ""raw_item_index"": 90}]"
,10.1201/9781420037616-4,https://doi.org/10.1201/9781420037616-4,Applications of water quality products to environmental monitoring,Robert P. Bukata,2005,Satellite Monitoring of Inland and Coastal Water Quality,book-chapter,CRC Press,,,81-110,,0,11,water_quality_monitoring,"[""water_quality_monitoring""]",False,False,False,metadata_candidate,water_quality_monitoring,"[""env"", ""water"", ""sensor""]",3,"[{""query_id"": ""Q06"", ""query_rank"": 135, ""api_score"": 21.388275, ""raw_file"": ""raw_crossref\\Q06_robotic_water_quality.json"", ""raw_item_index"": 134}]"
,10.1201/9781420037616.ch2,https://doi.org/10.1201/9781420037616.ch2,Remote sensing of inland water quality,,2005,Satellite Monitoring of Inland and Coastal Water Quality,book-chapter,CRC Press,,,,,0,11,water_quality_monitoring,"[""water_quality_monitoring""]",False,False,False,metadata_candidate,water_quality_monitoring,"[""env"", ""water"", ""sensor""]",2,"[{""query_id"": ""Q06"", ""query_rank"": 394, ""api_score"": 19.781368, ""raw_file"": ""raw_crossref\\Q06_robotic_water_quality.json"", ""raw_item_index"": 393}]"
,10.1201/9781420037616.ch3,https://doi.org/10.1201/9781420037616.ch3,The science of remotely sensing case 2 water quality,,2005,Satellite Monitoring of Inland and Coastal Water Quality,book-chapter,CRC Press,,,,,0,11,water_quality_monitoring,"[""water_quality_monitoring""]",False,False,False,metadata_candidate,water_quality_monitoring,"[""env"", ""water"", ""sensor""]",2,"[{""query_id"": ""Q06"", ""query_rank"": 390, ""api_score"": 19.794464, ""raw_file"": ""raw_crossref\\Q06_robotic_water_quality.json"", ""raw_item_index"": 389}]"
,10.1117/12.542181,https://doi.org/10.1117/12.542181,Toward fusion of camera-based egomotion and inertial navigation for a UGV (unmanned ground vehicle) traversing natural terrain,Gary Haas; William Oberle,2004,SPIE Proceedings Unmanned Ground Vehicle Technology VI,proceedings-article,SPIE,5422,,44-54,,0,11,outdoor_navigation_fusion,"[""outdoor_navigation_fusion""]",False,False,False,metadata_candidate,outdoor_navigation_fusion,"[""robot"", ""nav"", ""outdoor""]",1,"[{""query_id"": ""Q02"", ""query_rank"": 125, ""api_score"": 25.093534, ""raw_file"": ""raw_crossref\\Q02_ground_rover_air_quality.json"", ""raw_item_index"": 124}]"
,10.1201/9780203495476-11,https://doi.org/10.1201/9780203495476-11,Opportunities and Challenges in Surface Water Quality Monitoring,,2004,Environmental Monitoring,book-chapter,CRC Press,,,239-260,,0,11,water_quality_monitoring,"[""water_quality_monitoring""]",False,False,False,metadata_candidate,water_quality_monitoring,"[""env"", ""water"", ""sensor""]",2,"[{""query_id"": ""Q06"", ""query_rank"": 161, ""api_score"": 21.074173, ""raw_file"": ""raw_crossref\\Q06_robotic_water_quality.json"", ""raw_item_index"": 160}]"
,10.1299/jsmeicam.2004.4.30_1,https://doi.org/10.1299/jsmeicam.2004.4.30_1,"Vision-based Localization of an Outdoor Mobile Robot using a Rough Map(Vision and Recognition 2,Session: MP1-D)",Jooseop Yun; Jun Miura; Yoshiaki Shirai,2004,The Abstracts of the international conference on advanced mechatronics : toward evolutionary fusion of IT and mechatronics : ICAM,journal-article,Japan Society of Mechanical Engineers,2004.4,0,30,,0,11,outdoor_navigation_fusion,"[""outdoor_navigation_fusion""]",False,False,False,metadata_candidate,outdoor_navigation_fusion,"[""robot"", ""nav"", ""outdoor""]",1,"[{""query_id"": ""Q08"", ""query_rank"": 86, ""api_score"": 26.138584, ""raw_file"": ""raw_crossref\\Q08_outdoor_mapping_fusion.json"", ""raw_item_index"": 85}]"
,10.3133/wri034098,https://doi.org/10.3133/wri034098,"Monitoring instream turbidity to estimate continuous suspended-sediment loads and yields and clay-water volumes in the upper North Santiam River Basin, Oregon, 1998-2000",,2003,,report,US Geological Survey,,,,,0,11,water_quality_monitoring,"[""water_quality_monitoring""]",False,False,False,metadata_candidate,water_quality_monitoring,"[""env"", ""water"", ""sensor""]",1,"[{""query_id"": ""Q06"", ""query_rank"": 95, ""api_score"": 21.900082, ""raw_file"": ""raw_crossref\\Q06_robotic_water_quality.json"", ""raw_item_index"": 94}]"
,10.1201/9781482295368-4,https://doi.org/10.1201/9781482295368-4,Biological Monitoring of Water Quality,,2002,Water Pollution Biology,book-chapter,CRC Press,,,77-122,,0,11,water_quality_monitoring,"[""water_quality_monitoring""]",False,False,False,metadata_candidate,water_quality_monitoring,"[""env"", ""water"", ""sensor""]",1,"[{""query_id"": ""Q06"", ""query_rank"": 131, ""api_score"": 21.434536, ""raw_file"": ""raw_crossref\\Q06_robotic_water_quality.json"", ""raw_item_index"": 130}]"
,10.1016/s0015-1882(01)80127-0,https://doi.org/10.1016/s0015-1882(01)80127-0,Accute turbidity monitoring,,2001,Filtration & Separation,journal-article,Mark Allen Group,38,1,13,,0,11,water_quality_monitoring,"[""water_quality_monitoring""]",False,False,False,metadata_candidate,water_quality_monitoring,"[""env"", ""water"", ""sensor""]",1,"[{""query_id"": ""Q06"", ""query_rank"": 451, ""api_score"": 19.539536, ""raw_file"": ""raw_crossref\\Q06_robotic_water_quality.json"", ""raw_item_index"": 450}]"
,10.1117/12.439980,https://doi.org/10.1117/12.439980,Learning action models to support efficient navigation planning for unmanned ground vehicles,Natasha Balac; Daniel M. Gaines; Siripun Thongchai; Doug H. Fisher; Surachai Suksakulchai,2001,SPIE Proceedings Unmanned Ground Vehicle Technology III,proceedings-article,SPIE,4364,,211-221,,0,11,outdoor_navigation_fusion,"[""outdoor_navigation_fusion""]",False,False,False,metadata_candidate,outdoor_navigation_fusion,"[""robot"", ""nav"", ""outdoor""]",1,"[{""query_id"": ""Q02"", ""query_rank"": 360, ""api_score"": 23.119751, ""raw_file"": ""raw_crossref\\Q02_ground_rover_air_quality.json"", ""raw_item_index"": 359}]"
,10.1117/12.439999,https://doi.org/10.1117/12.439999,Automated obstacle mapping and navigability analysis for rover mission planning,Abalyn M. Goodsell; Magnus Snorrason; Harald Ruda; Vitaly Ablavsky,2001,Unmanned Ground Vehicle Technology III,proceedings-article,SPIE,,,49,,0,11,outdoor_navigation_fusion,"[""outdoor_navigation_fusion""]",False,False,False,metadata_candidate,outdoor_navigation_fusion,"[""robot"", ""nav"", ""outdoor""]",1,"[{""query_id"": ""Q02"", ""query_rank"": 410, ""api_score"": 22.87558, ""raw_file"": ""raw_crossref\\Q02_ground_rover_air_quality.json"", ""raw_item_index"": 409}]"
,10.1111/j.1745-6592.1998.tb00614.x,https://doi.org/10.1111/j.1745-6592.1998.tb00614.x,Water Quality Monitoring at Golf Courses,Stuart Cohen,1998,Groundwater Monitoring & Remediation,journal-article,Wiley,18,2,58-59,,0,11,water_quality_monitoring,"[""water_quality_monitoring""]",False,False,False,metadata_candidate,water_quality_monitoring,"[""env"", ""water"", ""sensor""]",1,"[{""query_id"": ""Q06"", ""query_rank"": 475, ""api_score"": 19.348223, ""raw_file"": ""raw_crossref\\Q06_robotic_water_quality.json"", ""raw_item_index"": 474}]"
,10.1201/9781482272130-9,https://doi.org/10.1201/9781482272130-9,WATER QUALITY MONITORING SYSTEMS,,1998,A Water Quality Assessment of the Former Soviet Union,book-chapter,CRC Press,,,113-130,,0,11,water_quality_monitoring,"[""water_quality_monitoring""]",False,False,False,metadata_candidate,water_quality_monitoring,"[""env"", ""water"", ""sensor""]",1,"[{""query_id"": ""Q06"", ""query_rank"": 118, ""api_score"": 21.616573, ""raw_file"": ""raw_crossref\\Q06_robotic_water_quality.json"", ""raw_item_index"": 117}]"
,10.21236/ada352124,https://doi.org/10.21236/ada352124,Unmanned Ground Vehicle System Perception for Outdoor Navigation.,Charles Thorpe; Martial Hebert; Dean Pomerleau; Anthony Stentz; Takeo Kanade,1998,,report,Defense Technical Information Center,,,,,0,11,outdoor_navigation_fusion,"[""outdoor_navigation_fusion""]",False,False,False,metadata_candidate,outdoor_navigation_fusion,"[""robot"", ""nav"", ""outdoor""]",1,"[{""query_id"": ""Q02"", ""query_rank"": 114, ""api_score"": 25.35516, ""raw_file"": ""raw_crossref\\Q02_ground_rover_air_quality.json"", ""raw_item_index"": 113}]"
,10.1007/978-94-009-0101-8_4,https://doi.org/10.1007/978-94-009-0101-8_4,Periodic methods for monitoring air pollution,B. I. Brookes,1997,Sensor Systems for Environmental Monitoring,book-chapter,Springer Netherlands,,,144-235,,0,11,particulate_air_quality,"[""particulate_air_quality""]",False,False,False,metadata_candidate,particulate_air_quality,"[""env"", ""air"", ""sensor""]",1,"[{""query_id"": ""Q05"", ""query_rank"": 465, ""api_score"": 20.574574, ""raw_file"": ""raw_crossref\\Q05_gas_sensor_calibration.json"", ""raw_item_index"": 464}]"
,10.1039/9781847550101-00041,https://doi.org/10.1039/9781847550101-00041,Ambient air quality monitoring,R. E. Hester; R. M. Harrison; Jon Bower,1997,Air Quality Management,book-chapter,The Royal Society of Chemistry,,,41-66,,0,11,particulate_air_quality,"[""particulate_air_quality""]",False,False,False,metadata_candidate,particulate_air_quality,"[""env"", ""air"", ""sensor""]",1,"[{""query_id"": ""Q02"", ""query_rank"": 495, ""api_score"": 22.374588, ""raw_file"": ""raw_crossref\\Q02_ground_rover_air_quality.json"", ""raw_item_index"": 494}]"
,10.1111/j.1745-6592.1994.tb00467.x,https://doi.org/10.1111/j.1745-6592.1994.tb00467.x,National Water Quality Monitoring Strategy Update,,1994,Groundwater Monitoring & Remediation,journal-article,Wiley,14,3,99-100,,0,11,water_quality_monitoring,"[""water_quality_monitoring""]",False,False,False,metadata_candidate,water_quality_monitoring,"[""env"", ""water"", ""sensor""]",1,"[{""query_id"": ""Q06"", ""query_rank"": 391, ""api_score"": 19.789928, ""raw_file"": ""raw_crossref\\Q06_robotic_water_quality.json"", ""raw_item_index"": 390}]"
,10.35256/sp34,https://doi.org/10.35256/sp34,"Florida’s Ground Water Quality Monitoring Program, Background Hydrogeochemistry",,1993,,report,Florida Geological Survey,,,,,0,11,water_quality_monitoring,"[""water_quality_monitoring""]",False,False,False,metadata_candidate,water_quality_monitoring,"[""env"", ""water"", ""sensor""]",1,"[{""query_id"": ""Q02"", ""query_rank"": 322, ""api_score"": 23.336786, ""raw_file"": ""raw_crossref\\Q02_ground_rover_air_quality.json"", ""raw_item_index"": 321}, {""query_id"": ""Q06"", ""query_rank"": 223, ""api_score"": 20.64213, ""raw_file"": ""raw_crossref\\Q06_robotic_water_quality.json"", ""raw_item_index"": 222}]"
,10.1520/stp17609s,https://doi.org/10.1520/stp17609s,Monitoring Water Quality in Thermal Power Systems,JK Rice,1991,Monitoring Water in the 1990's: Meeting New Challenges,book-chapter,"ASTM International100 Barr Harbor Drive, PO Box C700, West Conshohocken, PA 19428-2959",,,363-374,,0,11,water_quality_monitoring,"[""water_quality_monitoring""]",False,False,True,metadata_candidate,water_quality_monitoring,"[""env"", ""water"", ""sensor""]",1,"[{""query_id"": ""Q06"", ""query_rank"": 292, ""api_score"": 20.253727, ""raw_file"": ""raw_crossref\\Q06_robotic_water_quality.json"", ""raw_item_index"": 291}]"
,10.35256/sp32,https://doi.org/10.35256/sp32,"Florida's Ground Water Quality Monitoring Program, Hydrogeological Framework",,1991,,report,Florida Geological Survey,,,,,0,11,water_quality_monitoring,"[""water_quality_monitoring""]",False,False,False,metadata_candidate,water_quality_monitoring,"[""env"", ""water"", ""sensor""]",1,"[{""query_id"": ""Q02"", ""query_rank"": 318, ""api_score"": 23.388264, ""raw_file"": ""raw_crossref\\Q02_ground_rover_air_quality.json"", ""raw_item_index"": 317}, {""query_id"": ""Q06"", ""query_rank"": 218, ""api_score"": 20.653782, ""raw_file"": ""raw_crossref\\Q06_robotic_water_quality.json"", ""raw_item_index"": 217}]"
,10.1029/ce036p0003,https://doi.org/10.1029/ce036p0003,"Estuarine water quality management: Planning, organizing, monitoring and modelling",Neil S. Grigg,1990,"Coastal and Estuarine Studies Estuarine Water Quality Management Monitoring, Modelling and Research",book-chapter,American Geophysical Union,,,3-10,,0,11,water_quality_monitoring,"[""water_quality_monitoring""]",False,False,False,metadata_candidate,water_quality_monitoring,"[""env"", ""water"", ""sensor""]",2,"[{""query_id"": ""Q06"", ""query_rank"": 165, ""api_score"": 21.008997, ""raw_file"": ""raw_crossref\\Q06_robotic_water_quality.json"", ""raw_item_index"": 164}]"
,10.3133/wri904159,https://doi.org/10.3133/wri904159,Monitoring regional ground-water quality; statistical considerations and description of a monitoring network in Kansas,,1990,,report,US Geological Survey,,,,,0,11,water_quality_monitoring,"[""water_quality_monitoring""]",False,False,False,metadata_candidate,water_quality_monitoring,"[""env"", ""water"", ""sensor""]",1,"[{""query_id"": ""Q02"", ""query_rank"": 368, ""api_score"": 23.030624, ""raw_file"": ""raw_crossref\\Q02_ground_rover_air_quality.json"", ""raw_item_index"": 367}, {""query_id"": ""Q06"", ""query_rank"": 244, ""api_score"": 20.530085, ""raw_file"": ""raw_crossref\\Q06_robotic_water_quality.json"", ""raw_item_index"": 243}]"
,10.1002/rob.20180,https://doi.org/10.1002/rob.20180,A Benchmark for Outdoor Vision SLAM Systems,Samer M. Abdallah; Daniel C. Asmar; John S. Zelek,2007,Journal of Field Robotics,journal-article,Wiley,24,1-2,145-165,,12,10,outdoor_navigation_fusion,"[""outdoor_navigation_fusion""]",False,True,True,metadata_candidate,outdoor_navigation_fusion,"[""nav"", ""outdoor"", ""dataset""]",1,"[{""query_id"": ""Q10"", ""query_rank"": 221, ""api_score"": 16.859295, ""raw_file"": ""raw_crossref\\Q10_environmental_robotics_datasets.json"", ""raw_item_index"": 220}]"
,10.1016/j.biosystemseng.2003.10.009,https://doi.org/10.1016/j.biosystemseng.2003.10.009,Agricultural Robotic Platform with Four Wheel Steering for Weed Detection,Thomas Bak; Hans Jakobsen,2004,Biosystems Engineering,journal-article,Elsevier BV,87,2,125-136,,157,10,four_wheel_steering,"[""four_wheel_steering""]",False,False,False,metadata_candidate,four_wheel_steering,"[""robot"", ""steer""]",1,"[{""query_id"": ""Q07"", ""query_rank"": 313, ""api_score"": 25.418213, ""raw_file"": ""raw_crossref\\Q07_four_wheel_steering.json"", ""raw_item_index"": 312}]"
,10.1016/j.robot.2005.10.001,https://doi.org/10.1016/j.robot.2005.10.001,A higher level path tracking controller for a four-wheel differentially steered mobile robot,Elie Maalouf; Maarouf Saad; Hamadou Saliah,2006,Robotics and Autonomous Systems,journal-article,Elsevier BV,54,1,23-33,,143,10,four_wheel_steering,"[""four_wheel_steering""]",False,False,False,metadata_candidate,four_wheel_steering,"[""robot"", ""steer""]",1,"[{""query_id"": ""Q07"", ""query_rank"": 261, ""api_score"": 26.05798, ""raw_file"": ""raw_crossref\\Q07_four_wheel_steering.json"", ""raw_item_index"": 260}]"
,10.3390/machines7020042,https://doi.org/10.3390/machines7020042,Unmanned Ground Vehicle Modelling in Gazebo/ROS-Based Environments,Zandra B. Rivera; Marco C. De Simone; Domenico Guida,2019,Machines,journal-article,MDPI AG,7,2,42,,115,10,outdoor_navigation_fusion,"[""outdoor_navigation_fusion""]",False,False,True,metadata_candidate,outdoor_navigation_fusion,"[""robot"", ""outdoor""]",1,"[{""query_id"": ""Q02"", ""query_rank"": 373, ""api_score"": 22.982256, ""raw_file"": ""raw_crossref\\Q02_ground_rover_air_quality.json"", ""raw_item_index"": 372}]"
,10.1109/tii.2018.2869573,https://doi.org/10.1109/tii.2018.2869573,Model-Based Coordinated Control of Four-Wheel Independently Driven Skid Steer Mobile Robot with Wheel–Ground Interaction and Wheel Dynamics,Jianfeng Liao; Zheng Chen; Bin Yao,2019,IEEE Transactions on Industrial Informatics,journal-article,Institute of Electrical and Electronics Engineers (IEEE),15,3,1742-1752,,100,10,four_wheel_steering,"[""four_wheel_steering""]",False,False,False,metadata_candidate,four_wheel_steering,"[""robot"", ""steer""]",1,"[{""query_id"": ""Q07"", ""query_rank"": 145, ""api_score"": 28.634403, ""raw_file"": ""raw_crossref\\Q07_four_wheel_steering.json"", ""raw_item_index"": 144}]"
,10.1016/j.compag.2018.06.036,https://doi.org/10.1016/j.compag.2018.06.036,Extended Ackerman Steering Principle for the coordinated movement control of a four wheel drive agricultural mobile robot,Quan Qiu; Zhengqiang Fan; Zhijun Meng; Qing Zhang; Yue Cong; Bin Li; Ning Wang; Chunjiang Zhao,2018,Computers and Electronics in Agriculture,journal-article,Elsevier BV,152,,40-50,,51,10,four_wheel_steering,"[""four_wheel_steering""]",False,False,False,metadata_candidate,four_wheel_steering,"[""robot"", ""steer""]",1,"[{""query_id"": ""Q07"", ""query_rank"": 115, ""api_score"": 29.424383, ""raw_file"": ""raw_crossref\\Q07_four_wheel_steering.json"", ""raw_item_index"": 114}]"
,10.1109/access.2017.2754647,https://doi.org/10.1109/access.2017.2754647,Performance-Oriented Coordinated Adaptive Robust Control for Four-Wheel Independently Driven Skid Steer Mobile Robot,Jianfeng Liao; Zheng Chen; Bin Yao,2017,IEEE Access,journal-article,Institute of Electrical and Electronics Engineers (IEEE),5,,19048-19057,,45,10,four_wheel_steering,"[""four_wheel_steering""]",False,False,False,metadata_candidate,four_wheel_steering,"[""robot"", ""steer""]",1,"[{""query_id"": ""Q07"", ""query_rank"": 184, ""api_score"": 27.706999, ""raw_file"": ""raw_crossref\\Q07_four_wheel_steering.json"", ""raw_item_index"": 183}]"
,10.1002/rob.21867,https://doi.org/10.1002/rob.21867,Experiments in unmanned aerial vehicle/unmanned ground vehicle radiation search,John Peterson; Weilin Li; Brian Cesar‐Tondreau; John Bird; Kevin Kochersberger; Wojciech Czaja; Morgan McLean,2019,Journal of Field Robotics,journal-article,Wiley,36,4,818-845,,40,10,outdoor_navigation_fusion,"[""outdoor_navigation_fusion""]",False,False,True,metadata_candidate,outdoor_navigation_fusion,"[""robot"", ""outdoor""]",1,"[{""query_id"": ""Q02"", ""query_rank"": 190, ""api_score"": 24.33159, ""raw_file"": ""raw_crossref\\Q02_ground_rover_air_quality.json"", ""raw_item_index"": 189}]"
,10.1109/iros40897.2019.8967627,https://doi.org/10.1109/iros40897.2019.8967627,Model Predictive Control based Dynamic Path Tracking of a Four-Wheel Steering Mobile Robot,Mohamed Fnadi; Frédéric Plumet; Faïz Benamar,2019,2019 IEEE/RSJ International Conference on Intelligent Robots and Systems (IROS),proceedings-article,IEEE,,,4518-4523,,32,10,four_wheel_steering,"[""four_wheel_steering""]",False,False,False,metadata_candidate,four_wheel_steering,"[""robot"", ""steer""]",1,"[{""query_id"": ""Q07"", ""query_rank"": 24, ""api_score"": 35.16661, ""raw_file"": ""raw_crossref\\Q07_four_wheel_steering.json"", ""raw_item_index"": 23}]"
,10.3390/drones7100613,https://doi.org/10.3390/drones7100613,A Unmanned Aerial Vehicle (UAV)/Unmanned Ground Vehicle (UGV) Dynamic Autonomous Docking Scheme in GPS-Denied Environments,Cheng Cheng; Xiuxian Li; Lihua Xie; Li Li,2023,Drones,journal-article,MDPI AG,7,10,613,,30,10,outdoor_navigation_fusion,"[""outdoor_navigation_fusion""]",False,False,True,metadata_candidate,outdoor_navigation_fusion,"[""robot"", ""outdoor""]",1,"[{""query_id"": ""Q02"", ""query_rank"": 60, ""api_score"": 26.380592, ""raw_file"": ""raw_crossref\\Q02_ground_rover_air_quality.json"", ""raw_item_index"": 59}]"
,10.1109/access.2019.2949746,https://doi.org/10.1109/access.2019.2949746,Fault-Tolerant Dynamic Control of a Four-Wheel Redundantly-Actuated Mobile Robot,Xiaolong Zhang; Yuanlong Xie; Liquan Jiang; Gen Li; Jie Meng; Yu Huang,2019,IEEE Access,journal-article,Institute of Electrical and Electronics Engineers (IEEE),7,,157909-157921,,30,10,four_wheel_steering,"[""four_wheel_steering""]",False,False,False,metadata_candidate,four_wheel_steering,"[""robot"", ""steer""]",1,"[{""query_id"": ""Q07"", ""query_rank"": 233, ""api_score"": 26.66644, ""raw_file"": ""raw_crossref\\Q07_four_wheel_steering.json"", ""raw_item_index"": 232}]"
,10.1016/j.autcon.2019.03.017,https://doi.org/10.1016/j.autcon.2019.03.017,Four-wheel steering and driving mechanism for a reconfigurable floor cleaning robot,Thein Than Tun; Loulin Huang; Rajesh Elara Mohan; Seong Guang He Matthew,2019,Automation in Construction,journal-article,Elsevier BV,106,,102796,102796,29,10,four_wheel_steering,"[""four_wheel_steering""]",False,False,False,metadata_candidate,four_wheel_steering,"[""robot"", ""steer""]",1,"[{""query_id"": ""Q07"", ""query_rank"": 144, ""api_score"": 28.687305, ""raw_file"": ""raw_crossref\\Q07_four_wheel_steering.json"", ""raw_item_index"": 143}]"
,10.1016/j.ifacol.2016.10.008,https://doi.org/10.1016/j.ifacol.2016.10.008,Steering Control Strategies for a Four-Wheel-Independent-Steering Bin Managing Robot,Yunxiang Ye; Long He; Qin Zhang,2016,IFAC-PapersOnLine,journal-article,Elsevier BV,49,16,39-44,,26,10,four_wheel_steering,"[""four_wheel_steering""]",False,False,False,metadata_candidate,four_wheel_steering,"[""robot"", ""steer""]",1,"[{""query_id"": ""Q07"", ""query_rank"": 5, ""api_score"": 40.75833, ""raw_file"": ""raw_crossref\\Q07_four_wheel_steering.json"", ""raw_item_index"": 4}]"
,10.1007/s10462-024-10804-4,https://doi.org/10.1007/s10462-024-10804-4,Noise suppression zeroing neural network for online solving the time-varying inverse kinematics problem of four-wheel mobile manipulators with external disturbances,Zhongbo Sun; Yanpeng Zhou; Shijun Tang; Jun Luo; Bo Zhao,2024,Artificial Intelligence Review,journal-article,Springer Science and Business Media LLC,57,8,,211,25,10,four_wheel_steering,"[""four_wheel_steering""]",False,False,True,metadata_candidate,four_wheel_steering,"[""robot"", ""steer""]",1,"[{""query_id"": ""Q07"", ""query_rank"": 266, ""api_score"": 25.960579, ""raw_file"": ""raw_crossref\\Q07_four_wheel_steering.json"", ""raw_item_index"": 265}]"
,10.1007/s11071-023-08926-5,https://doi.org/10.1007/s11071-023-08926-5,Prescribed-time control of four-wheel independently driven skid-steering mobile robots with prescribed performance,Meng Ge; Hong-ze Xu; Qi Song,2023,Nonlinear Dynamics,journal-article,Springer Science and Business Media LLC,111,22,20991-21005,,22,10,four_wheel_steering,"[""four_wheel_steering""]",False,False,False,metadata_candidate,four_wheel_steering,"[""robot"", ""steer""]",1,"[{""query_id"": ""Q07"", ""query_rank"": 172, ""api_score"": 28.027145, ""raw_file"": ""raw_crossref\\Q07_four_wheel_steering.json"", ""raw_item_index"": 171}]"
,10.1016/j.mechmachtheory.2021.104634,https://doi.org/10.1016/j.mechmachtheory.2021.104634,Fractional robust finite time control of four-wheel-steering mobile robots subject to serious time-varying perturbations,Liquan Jiang; Shuting Wang; Yuanlong Xie; Sheng Quan Xie; Shiqi Zheng; Jie Meng,2022,Mechanism and Machine Theory,journal-article,Elsevier BV,169,,104634,104634,22,10,four_wheel_steering,"[""four_wheel_steering""]",False,False,False,metadata_candidate,four_wheel_steering,"[""robot"", ""steer""]",1,"[{""query_id"": ""Q07"", ""query_rank"": 285, ""api_score"": 25.669907, ""raw_file"": ""raw_crossref\\Q07_four_wheel_steering.json"", ""raw_item_index"": 284}]"
,10.3390/mi10090598,https://doi.org/10.3390/mi10090598,A Gas Mixture Prediction Model Based on the Dynamic Response of a Metal-Oxide Sensor,Wei-Chih Wen; Ting-I Chou; Kea-Tiong Tang,2019,Micromachines,journal-article,MDPI AG,10,9,598,,20,10,embedded_environmental_sensing,"[""embedded_environmental_sensing""]",False,False,True,metadata_candidate,embedded_environmental_sensing,"[""gas"", ""sensor""]",1,"[{""query_id"": ""Q05"", ""query_rank"": 214, ""api_score"": 22.557177, ""raw_file"": ""raw_crossref\\Q05_gas_sensor_calibration.json"", ""raw_item_index"": 213}]"
,10.1063/1.5063375,https://doi.org/10.1063/1.5063375,Precise gas discrimination with cross-reactive graphene and metal oxide sensor arrays,Chen Shi; Huixian Ye; Hui Wang; Dimitris E. Ioannou; Qiliang Li,2018,Applied Physics Letters,journal-article,AIP Publishing,113,22,,222102,19,10,embedded_environmental_sensing,"[""embedded_environmental_sensing""]",False,False,True,metadata_candidate,embedded_environmental_sensing,"[""gas"", ""sensor""]",1,"[{""query_id"": ""Q05"", ""query_rank"": 258, ""api_score"": 22.042334, ""raw_file"": ""raw_crossref\\Q05_gas_sensor_calibration.json"", ""raw_item_index"": 257}]"
,10.1109/yac.2017.7967443,https://doi.org/10.1109/yac.2017.7967443,Implementation of a four-wheel drive agricultural mobile robot for crop/soil information collection on the open field,Zhengqiang Fan; Quan Qiu; Zhijun Meng,2017,2017 32nd Youth Academic Annual Conference of Chinese Association of Automation (YAC),proceedings-article,IEEE,,,408-412,,19,10,four_wheel_steering,"[""four_wheel_steering""]",False,False,False,metadata_candidate,four_wheel_steering,"[""robot"", ""steer""]",1,"[{""query_id"": ""Q07"", ""query_rank"": 327, ""api_score"": 25.139116, ""raw_file"": ""raw_crossref\\Q07_four_wheel_steering.json"", ""raw_item_index"": 326}]"
,10.1177/0954406217723363,https://doi.org/10.1177/0954406217723363,Autonomous path following by fuzzy adaptive curvature-based point selection algorithm for four-wheel-steering car-like mobile robot,S Ghaffari; MR Homaeinezhad,2017,"Proceedings of the Institution of Mechanical Engineers, Part C: Journal of Mechanical Engineering Science",journal-article,SAGE Publications,232,15,2655-2665,,18,10,four_wheel_steering,"[""four_wheel_steering""]",False,False,True,metadata_candidate,four_wheel_steering,"[""robot"", ""steer""]",1,"[{""query_id"": ""Q07"", ""query_rank"": 228, ""api_score"": 26.694466, ""raw_file"": ""raw_crossref\\Q07_four_wheel_steering.json"", ""raw_item_index"": 227}]"
,10.1109/iros.2009.5354823,https://doi.org/10.1109/iros.2009.5354823,"Concept of a novel four-wheel-type mobile robot for rough terrain, RT-Mover",Shuro Nakajima,2009,2009 IEEE/RSJ International Conference on Intelligent Robots and Systems,proceedings-article,IEEE,,,3257-3264,,17,10,four_wheel_steering,"[""four_wheel_steering""]",False,False,False,metadata_candidate,four_wheel_steering,"[""robot"", ""steer""]",1,"[{""query_id"": ""Q07"", ""query_rank"": 157, ""api_score"": 28.3839, ""raw_file"": ""raw_crossref\\Q07_four_wheel_steering.json"", ""raw_item_index"": 156}]"
,10.23919/chicc.2017.8028131,https://doi.org/10.23919/chicc.2017.8028131,Backstepping based trajectory tracking control for a four-wheel mobile robot with differential-drive steering,Yuyao Hao; Jian Wang; Sergey A. Chepinskiy; Aleksandr J. Krasnov; Shirong Liu,2017,2017 36th Chinese Control Conference (CCC),proceedings-article,IEEE,,,4918-4923,,16,10,four_wheel_steering,"[""four_wheel_steering""]",False,False,False,metadata_candidate,four_wheel_steering,"[""robot"", ""steer""]",1,"[{""query_id"": ""Q07"", ""query_rank"": 29, ""api_score"": 34.33265, ""raw_file"": ""raw_crossref\\Q07_four_wheel_steering.json"", ""raw_item_index"": 28}]"
,10.1109/iros.2008.4650645,https://doi.org/10.1109/iros.2008.4650645,Adaptive control of four-wheel-steering off-road mobile robots: Application to path tracking and heading control in presence of sliding,C. Cariou; R. Lenain; B. Thuilot; P. Martinet,2008,2008 IEEE/RSJ International Conference on Intelligent Robots and Systems,proceedings-article,IEEE,,,1759-1764,,15,10,four_wheel_steering,"[""four_wheel_steering""]",False,False,False,metadata_candidate,four_wheel_steering,"[""robot"", ""steer""]",1,"[{""query_id"": ""Q07"", ""query_rank"": 250, ""api_score"": 26.207432, ""raw_file"": ""raw_crossref\\Q07_four_wheel_steering.json"", ""raw_item_index"": 249}]"
,10.1109/iros.2006.282358,https://doi.org/10.1109/iros.2006.282358,Trajectory and Spline Generation for All-Wheel Steering Mobile Robots,Thomas Howard; Alonzo Kelly,2006,2006 IEEE/RSJ International Conference on Intelligent Robots and Systems,proceedings-article,IEEE,,,4827-4832,,14,10,four_wheel_steering,"[""four_wheel_steering""]",False,False,False,metadata_candidate,four_wheel_steering,"[""robot"", ""steer""]",1,"[{""query_id"": ""Q07"", ""query_rank"": 387, ""api_score"": 24.613392, ""raw_file"": ""raw_crossref\\Q07_four_wheel_steering.json"", ""raw_item_index"": 386}]"
,10.23919/acc50511.2021.9482816,https://doi.org/10.23919/acc50511.2021.9482816,Safe Predictive Control of Four-Wheel Mobile Robot with Independent Steering and Drive,Aliasghar Arab; Ilija Hadzic; Jingang Yi,2021,2021 American Control Conference (ACC),proceedings-article,IEEE,,,2962-2967,,12,10,four_wheel_steering,"[""four_wheel_steering""]",False,False,False,metadata_candidate,four_wheel_steering,"[""robot"", ""steer""]",1,"[{""query_id"": ""Q07"", ""query_rank"": 1, ""api_score"": 45.585186, ""raw_file"": ""raw_crossref\\Q07_four_wheel_steering.json"", ""raw_item_index"": 0}]"
,10.1109/ecmr.2017.8098670,https://doi.org/10.1109/ecmr.2017.8098670,Path tracking of a four-wheel steering mobile robot: A robust off-road parallel steering strategy,Mathieu Deremetz; Roland Lenain; Adrian Couvent; Christophe Cariou; Benoit Thuilot,2017,2017 European Conference on Mobile Robots (ECMR),proceedings-article,IEEE,,,1-7,,12,10,four_wheel_steering,"[""four_wheel_steering""]",False,False,False,metadata_candidate,four_wheel_steering,"[""robot"", ""steer""]",1,"[{""query_id"": ""Q07"", ""query_rank"": 8, ""api_score"": 39.731052, ""raw_file"": ""raw_crossref\\Q07_four_wheel_steering.json"", ""raw_item_index"": 7}]"
,10.37394/23202.2023.22.61,https://doi.org/10.37394/23202.2023.22.61,Adaptive Fuzzy Control of a Four-Wheeled Mobile Robot Subject to Wheel Slip,Zenon Hendzel; Maciej Trojnacki,2023,WSEAS TRANSACTIONS ON SYSTEMS,journal-article,World Scientific and Engineering Academy and Society (WSEAS),22,,602-612,61,11,10,four_wheel_steering,"[""four_wheel_steering""]",False,False,True,metadata_candidate,four_wheel_steering,"[""robot"", ""steer""]",1,"[{""query_id"": ""Q07"", ""query_rank"": 166, ""api_score"": 28.088581, ""raw_file"": ""raw_crossref\\Q07_four_wheel_steering.json"", ""raw_item_index"": 165}]"
,10.1109/icra46639.2022.9812445,https://doi.org/10.1109/icra46639.2022.9812445,Anti-collision Static Rotation Local Planner for Four Independent Steering Drive Self-reconfigurable Robot,Lim Yi; Anh Vu Le; A.A. Hayat; K. Elangovan; K. Leong; A. Povendhan; M.R. Elara,2022,2022 International Conference on Robotics and Automation (ICRA),proceedings-article,IEEE,,,5835-5841,,11,10,four_wheel_steering,"[""four_wheel_steering""]",False,False,False,metadata_candidate,four_wheel_steering,"[""robot"", ""steer""]",1,"[{""query_id"": ""Q07"", ""query_rank"": 283, ""api_score"": 25.684765, ""raw_file"": ""raw_crossref\\Q07_four_wheel_steering.json"", ""raw_item_index"": 282}]"
,10.1109/robio.2006.340256,https://doi.org/10.1109/robio.2006.340256,A Motion Controller for Compliant Four-Wheel-Steering Robots,Pedro F. Santana; Carlos Candido; Vasco Santos; Jose Barata,2006,2006 IEEE International Conference on Robotics and Biomimetics,proceedings-article,IEEE,,,532-537,,11,10,four_wheel_steering,"[""four_wheel_steering""]",False,False,False,metadata_candidate,four_wheel_steering,"[""robot"", ""steer""]",1,"[{""query_id"": ""Q07"", ""query_rank"": 414, ""api_score"": 24.35104, ""raw_file"": ""raw_crossref\\Q07_four_wheel_steering.json"", ""raw_item_index"": 413}]"
,10.1109/icarcv.2008.4795549,https://doi.org/10.1109/icarcv.2008.4795549,A vision-based intelligent path following control of a four-wheel differentially driven skid steer mobile robot,V. Nazari; M. Naraghi,2008,"2008 10th International Conference on Control, Automation, Robotics and Vision",proceedings-article,IEEE,,,378-383,,10,10,four_wheel_steering,"[""four_wheel_steering""]",False,False,False,metadata_candidate,four_wheel_steering,"[""robot"", ""steer""]",1,"[{""query_id"": ""Q07"", ""query_rank"": 226, ""api_score"": 26.724205, ""raw_file"": ""raw_crossref\\Q07_four_wheel_steering.json"", ""raw_item_index"": 225}]"
,10.1016/j.conengprac.2024.106076,https://doi.org/10.1016/j.conengprac.2024.106076,Comparative study of adaptive trajectory tracking controller for four-wheel mobile robot with prescribed-prediction performance,Lei Liu; Hui Pang; Sitian Yang; Ruxuan Zuo; Zhaonian He; Minhao Liu,2024,Control Engineering Practice,journal-article,Elsevier BV,152,,106076,106076,9,10,four_wheel_steering,"[""four_wheel_steering""]",False,False,False,metadata_candidate,four_wheel_steering,"[""robot"", ""steer""]",1,"[{""query_id"": ""Q07"", ""query_rank"": 364, ""api_score"": 24.839561, ""raw_file"": ""raw_crossref\\Q07_four_wheel_steering.json"", ""raw_item_index"": 363}]"
,10.1109/robio.2009.4913302,https://doi.org/10.1109/robio.2009.4913302,Development of four-wheel-type mobile robot for rough terrain and verification of its fundamental capability of moving on rough terrain,S. Nakajima,2009,2008 IEEE International Conference on Robotics and Biomimetics,proceedings-article,IEEE,,,1968-1973,,9,10,four_wheel_steering,"[""four_wheel_steering""]",False,False,False,metadata_candidate,four_wheel_steering,"[""robot"", ""steer""]",1,"[{""query_id"": ""Q07"", ""query_rank"": 230, ""api_score"": 26.692799, ""raw_file"": ""raw_crossref\\Q07_four_wheel_steering.json"", ""raw_item_index"": 229}]"
,10.3390/electronics11152453,https://doi.org/10.3390/electronics11152453,Dynamic Modeling and Simulation of a Four-Wheel Skid-Steer Mobile Robot Using Linear Graphs,Eric McCormick; Haoxiang Lang; Clarence W. de Silva,2022,Electronics,journal-article,MDPI AG,11,15,2453,,8,10,four_wheel_steering,"[""four_wheel_steering""]",False,False,True,metadata_candidate,four_wheel_steering,"[""robot"", ""steer""]",1,"[{""query_id"": ""Q07"", ""query_rank"": 181, ""api_score"": 27.75, ""raw_file"": ""raw_crossref\\Q07_four_wheel_steering.json"", ""raw_item_index"": 180}]"
,10.1051/matecconf/202134308003,https://doi.org/10.1051/matecconf/202134308003,Mechatronic Design of a Four-Wheel drive mobile robot and differential steering,Mihai Crenganis; Cristina Biris; Claudia Girjob,2021,MATEC Web of Conferences,journal-article,EDP Sciences,343,,08003,,7,10,four_wheel_steering,"[""four_wheel_steering""]",False,False,True,metadata_candidate,four_wheel_steering,"[""robot"", ""steer""]",1,"[{""query_id"": ""Q07"", ""query_rank"": 28, ""api_score"": 34.70837, ""raw_file"": ""raw_crossref\\Q07_four_wheel_steering.json"", ""raw_item_index"": 27}]"
,10.5755/j01.eie.22.5.16337,https://doi.org/10.5755/j01.eie.22.5.16337,Speed and Direction Angle Control of Four Wheel Drive Skid-Steered Mobile Robot by Using Fractional Order PI Controller,Kamil Orman; Abdullah Basci; Adnan Derdiyok,2016,Elektronika ir Elektrotechnika,journal-article,Kaunas University of Technology (KTU),22,5,14-19,,7,10,four_wheel_steering,"[""four_wheel_steering""]",False,False,True,metadata_candidate,four_wheel_steering,"[""robot"", ""steer""]",1,"[{""query_id"": ""Q07"", ""query_rank"": 323, ""api_score"": 25.212446, ""raw_file"": ""raw_crossref\\Q07_four_wheel_steering.json"", ""raw_item_index"": 322}]"
,10.1080/1448837x.2012.11464329,https://doi.org/10.1080/1448837x.2012.11464329,Robust Fault-Tolerant Leader-Follower Control of Four-Wheel Steering Mobile Robots Using Terminal Sliding Mode,M. Koh; M. Norton; S. Khoo,2012,Australian Journal of Electrical and Electronics Engineering,journal-article,Informa UK Limited,9,3,247-253,,7,10,four_wheel_steering,"[""four_wheel_steering""]",False,False,False,metadata_candidate,four_wheel_steering,"[""robot"", ""steer""]",1,"[{""query_id"": ""Q07"", ""query_rank"": 326, ""api_score"": 25.140272, ""raw_file"": ""raw_crossref\\Q07_four_wheel_steering.json"", ""raw_item_index"": 325}]"
,10.1109/acc.2008.4587269,https://doi.org/10.1109/acc.2008.4587269,Designing a hierarchical fuzzy controller for backing-up a four wheel autonomous robot,Pourya Shahmaleki; Mojtaba Mahzoon,2008,2008 American Control Conference,proceedings-article,IEEE,,,4893-4897,,7,10,four_wheel_steering,"[""four_wheel_steering""]",False,False,False,metadata_candidate,four_wheel_steering,"[""robot"", ""steer""]",1,"[{""query_id"": ""Q07"", ""query_rank"": 500, ""api_score"": 23.702173, ""raw_file"": ""raw_crossref\\Q07_four_wheel_steering.json"", ""raw_item_index"": 499}]"
,10.1007/s12555-024-0631-8,https://doi.org/10.1007/s12555-024-0631-8,Controller Design for Active Four-wheel Steering and Four-wheel Independent Drive-based Mobile Robot: Enhancing Cornering Performance in Negative Phase,Dongwoo Seo; Jaeyoung Kang,2025,"International Journal of Control, Automation and Systems",journal-article,Springer Science and Business Media LLC,23,1,235-248,,6,10,four_wheel_steering,"[""four_wheel_steering""]",False,False,False,metadata_candidate,four_wheel_steering,"[""robot"", ""steer""]",1,"[{""query_id"": ""Q07"", ""query_rank"": 3, ""api_score"": 42.625908, ""raw_file"": ""raw_crossref\\Q07_four_wheel_steering.json"", ""raw_item_index"": 2}]"
,10.1109/rcar61438.2024.10671326,https://doi.org/10.1109/rcar61438.2024.10671326,Model Predictive Contouring Control for Four-Wheel Independent Steering and Driving Mobile Robots,Eugene Auh; Hongryul Jung; Nabih Pico; Hyoukryeol Choi; Jachoon Koo; Hyungpil Moon,2024,2024 IEEE International Conference on Real-time Computing and Robotics (RCAR),proceedings-article,IEEE,,,259-264,,6,10,four_wheel_steering,"[""four_wheel_steering""]",False,False,False,metadata_candidate,four_wheel_steering,"[""robot"", ""steer""]",1,"[{""query_id"": ""Q07"", ""query_rank"": 44, ""api_score"": 33.289364, ""raw_file"": ""raw_crossref\\Q07_four_wheel_steering.json"", ""raw_item_index"": 43}]"
,10.1109/icces45898.2019.9002323,https://doi.org/10.1109/icces45898.2019.9002323,Object Detection and Gesture Control of Four-Wheel Mobile Robot,M. Jain; M. Sehgal; Y. Kalra; P. Jain; N. Aggarwal; R. Singh; D. Kumar; T. K. Bera; Rajmeet Singh,2019,2019 International Conference on Communication and Electronics Systems (ICCES),proceedings-article,IEEE,,,303-308,,6,10,four_wheel_steering,"[""four_wheel_steering""]",False,False,False,metadata_candidate,four_wheel_steering,"[""robot"", ""steer""]",1,"[{""query_id"": ""Q07"", ""query_rank"": 358, ""api_score"": 24.888634, ""raw_file"": ""raw_crossref\\Q07_four_wheel_steering.json"", ""raw_item_index"": 357}]"
,10.1109/icacci.2015.7275585,https://doi.org/10.1109/icacci.2015.7275585,Design of robust adaptive controller for a four wheel omnidirectional mobile robot,Veer Alakshendra; Shital S. Chiddarwar,2015,"2015 International Conference on Advances in Computing, Communications and Informatics (ICACCI)",proceedings-article,IEEE,,,63-68,,6,10,four_wheel_steering,"[""four_wheel_steering""]",False,False,False,metadata_candidate,four_wheel_steering,"[""robot"", ""steer""]",1,"[{""query_id"": ""Q07"", ""query_rank"": 185, ""api_score"": 27.688437, ""raw_file"": ""raw_crossref\\Q07_four_wheel_steering.json"", ""raw_item_index"": 184}]"
,10.1109/jiot.2025.3587737,https://doi.org/10.1109/jiot.2025.3587737,4WIDS-MAPF: Multiagent Pathfinding for Four-Wheel Independent Drive/Steering Robots,Lin Zhang; Tianyuan Zhang; Yichen An; Tianwei Niu; Shoukun Wang; Junzheng Wang,2025,IEEE Internet of Things Journal,journal-article,Institute of Electrical and Electronics Engineers (IEEE),12,18,38795-38803,,5,10,four_wheel_steering,"[""four_wheel_steering""]",False,False,False,metadata_candidate,four_wheel_steering,"[""robot"", ""steer""]",1,"[{""query_id"": ""Q07"", ""query_rank"": 202, ""api_score"": 27.391113, ""raw_file"": ""raw_crossref\\Q07_four_wheel_steering.json"", ""raw_item_index"": 201}]"
,10.1109/aim43001.2020.9158953,https://doi.org/10.1109/aim43001.2020.9158953,Inverse Decoupling-based Direct Yaw Moment Control of a Four-wheel Independent Steering Mobile Robot,Liquan Jiang; Shuting Wang; Jie Meng; Xiaolong Zhang; Jian Jin; Yuanlong Xie,2020,2020 IEEE/ASME International Conference on Advanced Intelligent Mechatronics (AIM),proceedings-article,IEEE,,,,,5,10,four_wheel_steering,"[""four_wheel_steering""]",False,False,False,metadata_candidate,four_wheel_steering,"[""robot"", ""steer""]",1,"[{""query_id"": ""Q07"", ""query_rank"": 7, ""api_score"": 39.766754, ""raw_file"": ""raw_crossref\\Q07_four_wheel_steering.json"", ""raw_item_index"": 6}]"
,10.1007/978-3-319-10990-9_19,https://doi.org/10.1007/978-3-319-10990-9_19,Neural Network Control of a Four-Wheeled Mobile Robot Subject to Wheel Slip,Zenon Hendzel; Maciej Trojnacki,2015,Advances in Intelligent Systems and Computing Mechatronics - Ideas for Industrial Application,book-chapter,Springer International Publishing,,,187-201,,5,10,four_wheel_steering,"[""four_wheel_steering""]",False,False,False,metadata_candidate,four_wheel_steering,"[""robot"", ""steer""]",1,"[{""query_id"": ""Q07"", ""query_rank"": 301, ""api_score"": 25.474253, ""raw_file"": ""raw_crossref\\Q07_four_wheel_steering.json"", ""raw_item_index"": 300}]"
,10.1109/tie.2025.3585048,https://doi.org/10.1109/tie.2025.3585048,Optimal Trajectory Tracking Control of Four-Wheel Independent Driving Robots With On-Axle Steering,Yue Shen; Yafei Zhang; Wen-Hua Chen; Siwei He; Hui Liu; Hui Wang,2025,IEEE Transactions on Industrial Electronics,journal-article,Institute of Electrical and Electronics Engineers (IEEE),72,12,13841-13851,,4,10,four_wheel_steering,"[""four_wheel_steering""]",False,False,False,metadata_candidate,four_wheel_steering,"[""robot"", ""steer""]",1,"[{""query_id"": ""Q07"", ""query_rank"": 243, ""api_score"": 26.288715, ""raw_file"": ""raw_crossref\\Q07_four_wheel_steering.json"", ""raw_item_index"": 242}]"
,10.20965/ijat.2025.p0521,https://doi.org/10.20965/ijat.2025.p0521,Four-Wheel Independent Steering and Four-Wheel Independent Driving Robot and its Simultaneous Path and Orientation Tracking Control,Kosei Takanezawa; Rintaro Ozaki; Naoyuki Takesue; Junichi Hiruma; Joshua Mikado,2025,International Journal of Automation Technology,journal-article,Fuji Technology Press Ltd.,19,4,521-534,,4,10,four_wheel_steering,"[""four_wheel_steering""]",False,False,True,metadata_candidate,four_wheel_steering,"[""robot"", ""steer""]",1,"[{""query_id"": ""Q07"", ""query_rank"": 11, ""api_score"": 38.567383, ""raw_file"": ""raw_crossref\\Q07_four_wheel_steering.json"", ""raw_item_index"": 10}]"
,10.23919/iccas47443.2019.8971632,https://doi.org/10.23919/iccas47443.2019.8971632,A Concept and Development of a Four Wheeled Reconfigurable Mobile Robot by Parallel Linkage Mechanism and an Influence of a Driving Wheel Sideslip on Grassy Slopes,Nobuhiro Ushimi,2019,"2019 19th International Conference on Control, Automation and Systems (ICCAS)",proceedings-article,IEEE,,,1549-1553,,4,10,four_wheel_steering,"[""four_wheel_steering""]",False,False,False,metadata_candidate,four_wheel_steering,"[""robot"", ""steer""]",1,"[{""query_id"": ""Q07"", ""query_rank"": 363, ""api_score"": 24.845577, ""raw_file"": ""raw_crossref\\Q07_four_wheel_steering.json"", ""raw_item_index"": 362}]"
,10.1109/isitia.2018.8710761,https://doi.org/10.1109/isitia.2018.8710761,Identification of Four Wheel Mobile Robot based on Parametric Modelling,Brian Raafiu; Purwadi Agus Darwito,2018,2018 International Seminar on Intelligent Technology and Its Applications (ISITIA),proceedings-article,IEEE,,,397-401,,4,10,four_wheel_steering,"[""four_wheel_steering""]",False,False,False,metadata_candidate,four_wheel_steering,"[""robot"", ""steer""]",1,"[{""query_id"": ""Q07"", ""query_rank"": 137, ""api_score"": 28.785036, ""raw_file"": ""raw_crossref\\Q07_four_wheel_steering.json"", ""raw_item_index"": 136}]"
,10.3390/s18082710,https://doi.org/10.3390/s18082710,Highly Sensitive p + n Metal Oxide Sensor Array for Low-Concentration Gas Detection,Jianghua Luo; Yishan Jiang; Feng Xiao; Xin Zhao; Zheng Xie,2018,Sensors,journal-article,MDPI AG,18,8,2710,,4,10,embedded_environmental_sensing,"[""embedded_environmental_sensing""]",False,False,True,metadata_candidate,embedded_environmental_sensing,"[""gas"", ""sensor""]",1,"[{""query_id"": ""Q05"", ""query_rank"": 178, ""api_score"": 22.876484, ""raw_file"": ""raw_crossref\\Q05_gas_sensor_calibration.json"", ""raw_item_index"": 177}]"
,10.1109/iciea.2016.7603585,https://doi.org/10.1109/iciea.2016.7603585,Mechanical design of a four-wheel independent drive and steering mobile robot platform,Fei Hua; Guoli Li; Fang Liu; Yongbin Liu,2016,2016 IEEE 11th Conference on Industrial Electronics and Applications (ICIEA),proceedings-article,IEEE,,,235-238,,4,10,four_wheel_steering,"[""four_wheel_steering""]",False,False,False,metadata_candidate,four_wheel_steering,"[""robot"", ""steer""]",1,"[{""query_id"": ""Q07"", ""query_rank"": 4, ""api_score"": 41.675262, ""raw_file"": ""raw_crossref\\Q07_four_wheel_steering.json"", ""raw_item_index"": 3}]"
,10.1109/robio.2010.5723352,https://doi.org/10.1109/robio.2010.5723352,"Proposal for step-up gait of RT-Mover, a four-wheel-type mobile robot for rough terrain with simple leg mechanism",Shuro Nakajima,2010,2010 IEEE International Conference on Robotics and Biomimetics,proceedings-article,IEEE,,,351-356,,4,10,four_wheel_steering,"[""four_wheel_steering""]",False,False,False,metadata_candidate,four_wheel_steering,"[""robot"", ""steer""]",1,"[{""query_id"": ""Q07"", ""query_rank"": 229, ""api_score"": 26.692799, ""raw_file"": ""raw_crossref\\Q07_four_wheel_steering.json"", ""raw_item_index"": 228}]"
,10.1109/iecon.2006.347806,https://doi.org/10.1109/iecon.2006.347806,"Maneuvering Strategies for Four-Wheel Drive, Four-Wheel Steer Mobile Robots Using Curvatures Based on Weingarten-Maps",M. Kursat Yalcin; S. Murat Yesiloglu; Mustafa Dal; Hakan Temeltas,2006,IECON 2006 - 32nd Annual Conference on IEEE Industrial Electronics,proceedings-article,IEEE,,,4148-4152,,4,10,four_wheel_steering,"[""four_wheel_steering""]",False,False,False,metadata_candidate,four_wheel_steering,"[""robot"", ""steer""]",1,"[{""query_id"": ""Q07"", ""query_rank"": 394, ""api_score"": 24.490177, ""raw_file"": ""raw_crossref\\Q07_four_wheel_steering.json"", ""raw_item_index"": 393}]"
,10.1109/tase.2025.3621216,https://doi.org/10.1109/tase.2025.3621216,A Distributed Cooperative Framework of Robust Trajectory Tracking Control for Six-Wheel Independent Driving and Steering Robot,Lelai Zhou; Shengkun Gao; Jiangtao Liu; Chen Zhang; Yibin Li,2025,IEEE Transactions on Automation Science and Engineering,journal-article,Institute of Electrical and Electronics Engineers (IEEE),22,,23366-23378,,3,10,four_wheel_steering,"[""four_wheel_steering""]",False,False,False,metadata_candidate,four_wheel_steering,"[""robot"", ""steer""]",1,"[{""query_id"": ""Q07"", ""query_rank"": 270, ""api_score"": 25.88491, ""raw_file"": ""raw_crossref\\Q07_four_wheel_steering.json"", ""raw_item_index"": 269}]"
,10.1109/iceccc61767.2024.10593852,https://doi.org/10.1109/iceccc61767.2024.10593852,Development and Control of Mobile Manipulator - Four-Wheeled Drive Mobile Robot with a 3-DoF Manipulator,Karon S Kali; M. Lokeshwar Raj; R. Krishna; P. Hema Priya; G. Manavaalan,2024,"2024 International Conference on Electronics, Computing, Communication and Control Technology (ICECCC)",proceedings-article,IEEE,,,1-6,,3,10,four_wheel_steering,"[""four_wheel_steering""]",False,False,False,metadata_candidate,four_wheel_steering,"[""robot"", ""steer""]",1,"[{""query_id"": ""Q09"", ""query_rank"": 28, ""api_score"": 24.675678, ""raw_file"": ""raw_crossref\\Q09_robotic_sampling.json"", ""raw_item_index"": 27}]"
,10.1109/ddcls52934.2021.9455633,https://doi.org/10.1109/ddcls52934.2021.9455633,A Gradient Neural Network for online Solving the Time-varying Inverse Kinematics Problem of Four-wheel Mobile Robotic Arm,Yanpeng Zhou; Keping Liu; Chunxu Li; Gang Wang; Yongbai Liu; Zhongbo Sun,2021,2021 IEEE 10th Data Driven Control and Learning Systems Conference (DDCLS),proceedings-article,IEEE,,,391-396,,3,10,four_wheel_steering,"[""four_wheel_steering""]",False,False,False,metadata_candidate,four_wheel_steering,"[""robot"", ""steer""]",1,"[{""query_id"": ""Q07"", ""query_rank"": 298, ""api_score"": 25.543766, ""raw_file"": ""raw_crossref\\Q07_four_wheel_steering.json"", ""raw_item_index"": 297}]"
,10.1109/med.2013.6608783,https://doi.org/10.1109/med.2013.6608783,Theoretical approach of model based fault diagnosis for a 4-wheel skid steering mobile robot,George K. Fourlas,2013,21st Mediterranean Conference on Control and Automation,proceedings-article,IEEE,,,597-602,,3,10,four_wheel_steering,"[""four_wheel_steering""]",False,False,False,metadata_candidate,four_wheel_steering,"[""robot"", ""steer""]",1,"[{""query_id"": ""Q07"", ""query_rank"": 72, ""api_score"": 31.246521, ""raw_file"": ""raw_crossref\\Q07_four_wheel_steering.json"", ""raw_item_index"": 71}]"
,10.1007/s11071-025-11127-x,https://doi.org/10.1007/s11071-025-11127-x,Adaptive global predefined-time performance constraints control of four-wheel independently drive skid-steering mobile robots with wheel dynamics,Meng Ge; Binrui Wang; Licong Guan; Kun Zhou,2025,Nonlinear Dynamics,journal-article,Springer Science and Business Media LLC,113,14,18361-18379,,2,10,four_wheel_steering,"[""four_wheel_steering""]",False,False,False,metadata_candidate,four_wheel_steering,"[""robot"", ""steer""]",1,"[{""query_id"": ""Q07"", ""query_rank"": 100, ""api_score"": 29.896797, ""raw_file"": ""raw_crossref\\Q07_four_wheel_steering.json"", ""raw_item_index"": 99}]"
,10.1109/mipro60963.2024.10569207,https://doi.org/10.1109/mipro60963.2024.10569207,Application of a Time-Varying Linear Quadratic Controller for Trajectory Tracking of a Four-Wheel Mobile Robot with Independent Steering and Drive,B. Ćaran; N. Škifić; V. Milić; M. Švaco,2024,2024 47th MIPRO ICT and Electronics Convention (MIPRO),proceedings-article,IEEE,,,1800-1807,,2,10,four_wheel_steering,"[""four_wheel_steering""]",False,False,False,metadata_candidate,four_wheel_steering,"[""robot"", ""steer""]",1,"[{""query_id"": ""Q07"", ""query_rank"": 10, ""api_score"": 38.82209, ""raw_file"": ""raw_crossref\\Q07_four_wheel_steering.json"", ""raw_item_index"": 9}]"
,10.1115/1.4066513,https://doi.org/10.1115/1.4066513,Rapid Airborne Gas-Plume Mapping and Source Localization With Feedforward Gas-Sensor Dynamics Compensation,Kyle C. Hoffman; Jacob M. Anderson; Kam K. Leang,2024,ASME Letters in Dynamic Systems and Control,journal-article,ASME International,4,4,,041002,2,10,gas_olfaction_mapping,"[""gas_olfaction_mapping""]",False,False,True,metadata_candidate,gas_olfaction_mapping,"[""sensor"", ""nav""]",1,"[{""query_id"": ""Q03"", ""query_rank"": 15, ""api_score"": 32.012512, ""raw_file"": ""raw_crossref\\Q03_robotic_gas_mapping.json"", ""raw_item_index"": 14}]"
,10.7736/jkspe.024.106,https://doi.org/10.7736/jkspe.024.106,Research on Four-wheel Steering-based Mobile Robot Driving Control Strategy to Implement Autonomous Driving Service,Do Hyun Kim; Chang Won Kim,2024,Journal of the Korean Society for Precision Engineering,journal-article,Korean Society of Precision Engineering,41,12,1009-1015,,2,10,four_wheel_steering,"[""four_wheel_steering""]",False,False,False,metadata_candidate,four_wheel_steering,"[""robot"", ""steer""]",1,"[{""query_id"": ""Q07"", ""query_rank"": 131, ""api_score"": 28.872017, ""raw_file"": ""raw_crossref\\Q07_four_wheel_steering.json"", ""raw_item_index"": 130}]"
,10.1109/iccais59597.2023.10382341,https://doi.org/10.1109/iccais59597.2023.10382341,Dynamic Surface Control Tracking Algorithm for Four-wheel Differential Drive Mobile Robot,Dinh Thi Hang; Ngo Manh Tien; Hiep Do Quang; Ha Thi Kim Duyen; Phan Xuan Minh,2023,"2023 12th International Conference on Control, Automation and Information Sciences (ICCAIS)",proceedings-article,IEEE,,,5-10,,2,10,four_wheel_steering,"[""four_wheel_steering""]",False,False,False,metadata_candidate,four_wheel_steering,"[""robot"", ""steer""]",1,"[{""query_id"": ""Q07"", ""query_rank"": 422, ""api_score"": 24.301912, ""raw_file"": ""raw_crossref\\Q07_four_wheel_steering.json"", ""raw_item_index"": 421}]"
,10.23919/iccas55662.2022.10003946,https://doi.org/10.23919/iccas55662.2022.10003946,IMU-based Online Kinematic Model Parameter Estimation for Four-Wheeled Skid-Steering Mobile Robot Desired Motion Tracking on Different Terrains,Kai Li; Le Bao; Changsoo Han; Kyoosik Shin; Wansoo Kim,2022,"2022 22nd International Conference on Control, Automation and Systems (ICCAS)",proceedings-article,IEEE,,,950-954,,2,10,four_wheel_steering,"[""four_wheel_steering""]",False,False,False,metadata_candidate,four_wheel_steering,"[""robot"", ""steer""]",1,"[{""query_id"": ""Q07"", ""query_rank"": 392, ""api_score"": 24.522686, ""raw_file"": ""raw_crossref\\Q07_four_wheel_steering.json"", ""raw_item_index"": 391}]"
,10.1109/tencon50793.2020.9293858,https://doi.org/10.1109/tencon50793.2020.9293858,Asymmetric Barrier Function-based Adaptive Control of a Four-Wheel-Steering Mobile Robot,Yuanlong Xie; Liquan Jiang; Jie Meng; Shuting Wang; Shiqi Zheng; Hao Wu,2020,2020 IEEE REGION 10 CONFERENCE (TENCON),proceedings-article,IEEE,,,200-205,,2,10,four_wheel_steering,"[""four_wheel_steering""]",False,False,False,metadata_candidate,four_wheel_steering,"[""robot"", ""steer""]",1,"[{""query_id"": ""Q07"", ""query_rank"": 23, ""api_score"": 35.17669, ""raw_file"": ""raw_crossref\\Q07_four_wheel_steering.json"", ""raw_item_index"": 22}]"
,10.1109/rctfc.2016.7893412,https://doi.org/10.1109/rctfc.2016.7893412,Dynamic modelling of four wheel skid mobile robot by unified bond graph approach,Saumya Ranjan Sahoo; Shital S. Chiddarwar,2016,2016 International Conference on Robotics: Current Trends and Future Challenges (RCTFC),proceedings-article,IEEE,,,1-6,,2,10,four_wheel_steering,"[""four_wheel_steering""]",False,False,False,metadata_candidate,four_wheel_steering,"[""robot"", ""steer""]",1,"[{""query_id"": ""Q07"", ""query_rank"": 212, ""api_score"": 27.053623, ""raw_file"": ""raw_crossref\\Q07_four_wheel_steering.json"", ""raw_item_index"": 211}]"
,10.14313/jamris_4-2014/34,https://doi.org/10.14313/jamris_4-2014/34,Neural Network Identifier of a Four-wheeled Mobile Robot Subject to Wheel Slip,Zenon Hendzel; Maciej Trojnacki,2014,"Journal of Automation, Mobile Robotics and Intelligent Systems",journal-article,PIAP - Industrial Research Institute for Automation and Measurements,,,24-30,,2,10,four_wheel_steering,"[""four_wheel_steering""]",False,False,False,metadata_candidate,four_wheel_steering,"[""robot"", ""steer""]",1,"[{""query_id"": ""Q07"", ""query_rank"": 122, ""api_score"": 29.206093, ""raw_file"": ""raw_crossref\\Q07_four_wheel_steering.json"", ""raw_item_index"": 121}]"
,10.1109/iemdc.2007.383699,https://doi.org/10.1109/iemdc.2007.383699,"Mechanical and Electrical Design of a Four-Wheel-Drive, Four-Wheel-Steer Mobile Manipulator with PA-10 Arm",Bilge GUROL; Mustafa Dal; S. Murat Yesiloglu; Hakan Temeltas,2007,2007 IEEE International Electric Machines & Drives Conference,proceedings-article,IEEE,,,1777-1782,,2,10,four_wheel_steering,"[""four_wheel_steering""]",False,False,False,metadata_candidate,four_wheel_steering,"[""robot"", ""steer""]",1,"[{""query_id"": ""Q07"", ""query_rank"": 357, ""api_score"": 24.925657, ""raw_file"": ""raw_crossref\\Q07_four_wheel_steering.json"", ""raw_item_index"": 356}]"
,10.1109/cac67268.2025.11487174,https://doi.org/10.1109/cac67268.2025.11487174,Universal Multi-Mode Kinematic Controller for Four-Wheel Independent Steering and Driving Mobile Robots,Yizhi Wang; Degang Xu; Yongfang Xie,2025,2025 China Automation Congress (CAC),proceedings-article,IEEE,,,4491-4496,,1,10,four_wheel_steering,"[""four_wheel_steering""]",False,False,False,metadata_candidate,four_wheel_steering,"[""robot"", ""steer""]",1,"[{""query_id"": ""Q07"", ""query_rank"": 12, ""api_score"": 38.092674, ""raw_file"": ""raw_crossref\\Q07_four_wheel_steering.json"", ""raw_item_index"": 11}]"
,10.1109/cacre66141.2025.11119562,https://doi.org/10.1109/cacre66141.2025.11119562,Modeling and Parameters Identification of Four- Wheel Mobile Robot with Independent Steering and Drive,Ruitong Liu; Yunhao Jia; Yuzhe Wu; Pengju Wang; Hanliu Wang; Kenji Hashimoto,2025,"2025 10th International Conference on Automation, Control and Robotics Engineering (CACRE)",proceedings-article,IEEE,,,288-294,,1,10,four_wheel_steering,"[""four_wheel_steering""]",False,False,False,metadata_candidate,four_wheel_steering,"[""robot"", ""steer""]",1,"[{""query_id"": ""Q07"", ""query_rank"": 9, ""api_score"": 38.8464, ""raw_file"": ""raw_crossref\\Q07_four_wheel_steering.json"", ""raw_item_index"": 8}]"
,10.1109/cera59325.2023.10455377,https://doi.org/10.1109/cera59325.2023.10455377,Development and Control of a Four-Wheel Drive Holonomic Mobile Robot,G. Manavaalan; S. Karon; R. Krishna; M. Lokeshwar Raj; P. Hema Priya; M. Felix Orlando,2023,2023 7th International Conference on Computer Applications in Electrical Engineering-Recent Advances (CERA),proceedings-article,IEEE,,,1-6,,1,10,four_wheel_steering,"[""four_wheel_steering""]",False,False,False,metadata_candidate,four_wheel_steering,"[""robot"", ""steer""]",1,"[{""query_id"": ""Q07"", ""query_rank"": 418, ""api_score"": 24.338919, ""raw_file"": ""raw_crossref\\Q07_four_wheel_steering.json"", ""raw_item_index"": 417}]"
,10.1109/icarce59252.2024.10492540,https://doi.org/10.1109/icarce59252.2024.10492540,Suspension Performance Analysis of an All-Wheel Steering Mobile Robot,Hongbo Lv; Yonghui Zhu; Jingbo Wang; Hao Zhang; Yemo Pan,2023,"2023 2nd International Conference on Automation, Robotics and Computer Engineering (ICARCE)",proceedings-article,IEEE,,,1-5,,1,10,four_wheel_steering,"[""four_wheel_steering""]",False,False,False,metadata_candidate,four_wheel_steering,"[""robot"", ""steer""]",1,"[{""query_id"": ""Q07"", ""query_rank"": 130, ""api_score"": 28.89422, ""raw_file"": ""raw_crossref\\Q07_four_wheel_steering.json"", ""raw_item_index"": 129}]"
,10.5302/j.icros.2023.23.0077,https://doi.org/10.5302/j.icros.2023.23.0077,Design of Front-back Symmetric Four-wheel-steering Mobile Robot,Songeun Park; Jungwook Suh,2023,"Journal of Institute of Control, Robotics and Systems",journal-article,"Institute of Control, Robotics and Systems",29,9,748-754,,1,10,four_wheel_steering,"[""four_wheel_steering""]",False,False,False,metadata_candidate,four_wheel_steering,"[""robot"", ""steer""]",1,"[{""query_id"": ""Q07"", ""query_rank"": 49, ""api_score"": 32.703705, ""raw_file"": ""raw_crossref\\Q07_four_wheel_steering.json"", ""raw_item_index"": 48}]"
,10.1115/imece2022-96192,https://doi.org/10.1115/imece2022-96192,Four-Wheel Independent Steering Swerve Drive for First Robotics Competition,Benjamin DeNoma; Michael Kendall; Nicholas Poulos; Janet Dong; Ray Frank,2022,"Volume 5: Dynamics, Vibration, and Control",proceedings-article,American Society of Mechanical Engineers,,,,V005T07A076,1,10,four_wheel_steering,"[""four_wheel_steering""]",False,False,True,metadata_candidate,four_wheel_steering,"[""robot"", ""steer""]",1,"[{""query_id"": ""Q07"", ""query_rank"": 60, ""api_score"": 31.82928, ""raw_file"": ""raw_crossref\\Q07_four_wheel_steering.json"", ""raw_item_index"": 59}]"
,10.1109/summa53307.2021.9632085,https://doi.org/10.1109/summa53307.2021.9632085,Near Real Time Simulation of an Independent Steering Independent Driving Mobile Robot,Indrazno Siradjuddin; Leonardo Kamajaya; Sapto Wibowo; Arta Ainur Rofiq; Gillang Al Azhar; Muhammad Khairuddin,2021,"2021 3rd International Conference on Control Systems, Mathematical Modeling, Automation and Energy Efficiency (SUMMA)",proceedings-article,IEEE,,,62-68,,1,10,four_wheel_steering,"[""four_wheel_steering""]",False,False,False,metadata_candidate,four_wheel_steering,"[""robot"", ""steer""]",1,"[{""query_id"": ""Q07"", ""query_rank"": 207, ""api_score"": 27.271416, ""raw_file"": ""raw_crossref\\Q07_four_wheel_steering.json"", ""raw_item_index"": 206}]"
,10.1109/issi.2018.8538155,https://doi.org/10.1109/issi.2018.8538155,Design of Trajectory Tracking Controller for Four Wheel Mobile Robot Based on Lyapunov Direct Method,Meisu Zhong; Hong Zhao; Yongsheng Yang; Jun Zhang,2018,2018 International Symposium in Sensing and Instrumentation in IoT Era (ISSI),proceedings-article,IEEE,,,1-6,,1,10,four_wheel_steering,"[""four_wheel_steering""]",False,False,False,metadata_candidate,four_wheel_steering,"[""robot"", ""steer""]",1,"[{""query_id"": ""Q07"", ""query_rank"": 275, ""api_score"": 25.765696, ""raw_file"": ""raw_crossref\\Q07_four_wheel_steering.json"", ""raw_item_index"": 274}]"
,10.12983/ijsrk-2016-p0040-0055,https://doi.org/10.12983/ijsrk-2016-p0040-0055,Dynamic Modeling and Simulation of 4-Wheel Skid-Steering Mobile Robot with Considering Tires Longitudinal and Lateral Slips,Hashem Zamanian; Farid Javidpour,2016,International Journal of Scientific Research in Knowledge,journal-article,IJSR Publications,4,2,40-55,,1,10,four_wheel_steering,"[""four_wheel_steering""]",False,False,False,metadata_candidate,four_wheel_steering,"[""robot"", ""steer""]",1,"[{""query_id"": ""Q07"", ""query_rank"": 175, ""api_score"": 27.924335, ""raw_file"": ""raw_crossref\\Q07_four_wheel_steering.json"", ""raw_item_index"": 174}]"
,10.1007/978-3-032-18159-6_23,https://doi.org/10.1007/978-3-032-18159-6_23,Fault-Tolerant Path-Tracking Control for a Four-Wheel Steering Four-Wheel Drive Mobile Robot,Nguyen Tien Dung Cao; Dinh Tu Duong; Van Du Phan; Van Chuong Le; The Anh Mai; Thai Son Dang; Thanh Tri Nguyen; Thu Uyen Le Thi; Sy Phuong Ho,2026,Lecture Notes in Networks and Systems Advances in Information and Communication Technology,book-chapter,Springer Nature Switzerland,,,216-224,,0,10,four_wheel_steering,"[""four_wheel_steering""]",False,False,False,metadata_candidate,four_wheel_steering,"[""robot"", ""steer""]",1,"[{""query_id"": ""Q07"", ""query_rank"": 158, ""api_score"": 28.382584, ""raw_file"": ""raw_crossref\\Q07_four_wheel_steering.json"", ""raw_item_index"": 157}]"
,10.1016/j.rineng.2026.112281,https://doi.org/10.1016/j.rineng.2026.112281,"Kinematics and Comparative Evaluation of a Novel Decoupled, Redundantly-Actuated Four-Wheeled Omnidirectional Mobile Robot with Trajectory Tracking Validation",Zhuo Zhang; Zexing Wang; Xuping Zhang,2026,Results in Engineering,journal-article,Elsevier BV,,,112281,112281,0,10,four_wheel_steering,"[""four_wheel_steering""]",False,False,False,metadata_candidate,four_wheel_steering,"[""robot"", ""steer""]",2,"[{""query_id"": ""Q07"", ""query_rank"": 251, ""api_score"": 26.185457, ""raw_file"": ""raw_crossref\\Q07_four_wheel_steering.json"", ""raw_item_index"": 250}]"
,10.1109/icetsis68266.2026.11549052,https://doi.org/10.1109/icetsis68266.2026.11549052,Intelligent Structural and Motion Analysis of an Omnidirectional Four-Wheel Mobile Robot for Smart Automation,A P Mohan Raj; Parameshwaran P; Sanjay Karthi T; Sudharsan K; Aadhavan K,2026,2026 ASU International Conference in Emerging Technologies for Sustainability and Intelligent Systems (ICETSIS),proceedings-article,IEEE,,,649-657,,0,10,four_wheel_steering,"[""four_wheel_steering""]",False,False,False,metadata_candidate,four_wheel_steering,"[""robot"", ""steer""]",1,"[{""query_id"": ""Q07"", ""query_rank"": 469, ""api_score"": 23.82232, ""raw_file"": ""raw_crossref\\Q07_four_wheel_steering.json"", ""raw_item_index"": 468}]"
,10.1109/tmech.2026.3697573,https://doi.org/10.1109/tmech.2026.3697573,MASA: Mirrored All-Wheel Steering Using Single Actuator and Noncircular Gears for Mobile Robot,Jiho Lee; Seungbum Lim; Seungcheol Oh; Jungwook Suh,2026,IEEE/ASME Transactions on Mechatronics,journal-article,Institute of Electrical and Electronics Engineers (IEEE),31,4,4873-4882,,0,10,four_wheel_steering,"[""four_wheel_steering""]",False,False,False,metadata_candidate,four_wheel_steering,"[""robot"", ""steer""]",1,"[{""query_id"": ""Q07"", ""query_rank"": 217, ""api_score"": 26.953413, ""raw_file"": ""raw_crossref\\Q07_four_wheel_steering.json"", ""raw_item_index"": 216}]"
,10.1117/12.3117393,https://doi.org/10.1117/12.3117393,Adaptive path-tracking control of a four-wheel independent steering rice weeding robot based on image-based visual servoing and prescribed-time sliding mode control,Yuesi Fu; Baifan Chen; Jiadong Wan; Yilan Li,2026,Second International Conference on Hydromechatronics and Advanced Robot Control Technology (HARCT 2026),proceedings-article,SPIE,,,90,,0,10,four_wheel_steering,"[""four_wheel_steering""]",False,False,False,metadata_candidate,four_wheel_steering,"[""robot"", ""steer""]",1,"[{""query_id"": ""Q07"", ""query_rank"": 74, ""api_score"": 31.215424, ""raw_file"": ""raw_crossref\\Q07_four_wheel_steering.json"", ""raw_item_index"": 73}]"
,10.21203/rs.3.rs-10175959/v1,https://doi.org/10.21203/rs.3.rs-10175959/v1,Constrained-Axis Visual-Inertial Odometry for Mobile Robot Displacement Logging Using Commodity Mobile Devices,Pedro Portugal; Damian Venghaus,2026,,posted-content,Springer Science and Business Media LLC,,,,,0,10,outdoor_navigation_fusion,"[""outdoor_navigation_fusion""]",False,False,True,metadata_candidate,outdoor_navigation_fusion,"[""robot"", ""nav""]",1,"[{""query_id"": ""Q01"", ""query_rank"": 428, ""api_score"": 16.605759, ""raw_file"": ""raw_crossref\\Q01_mobile_robot_environment.json"", ""raw_item_index"": 427}]"
,10.21203/rs.3.rs-10214129/v1,https://doi.org/10.21203/rs.3.rs-10214129/v1,Room-temperature gas mixture identification with a single magnetic-field-assisted metal oxide sensor,Guangliang Cui; Lijuan Xue; Pinhua Zhang; Kaifeng Xue; Lulu Du; Haifeng Sun; Yu Chen,2026,,posted-content,Springer Science and Business Media LLC,,,,,0,10,gas_sensor_calibration,"[""gas_sensor_calibration""]",False,False,True,metadata_candidate,gas_sensor_calibration,"[""gas"", ""sensor""]",1,"[{""query_id"": ""Q05"", ""query_rank"": 186, ""api_score"": 22.83562, ""raw_file"": ""raw_crossref\\Q05_gas_sensor_calibration.json"", ""raw_item_index"": 185}]"
,10.2139/ssrn.6350964,https://doi.org/10.2139/ssrn.6350964,"Kinematics and Comparative Evaluation of a Novel Decoupled, Redundantly-Actuated Four-Wheeled Omnidirectional Mobile Robot with Trajectory Tracking Validation",Zhuo Zhang; Zexing Wang; Xuping Zhang,2026,,posted-content,Elsevier BV,,,,,0,10,four_wheel_steering,"[""four_wheel_steering""]",False,False,True,metadata_candidate,four_wheel_steering,"[""robot"", ""steer""]",2,"[{""query_id"": ""Q07"", ""query_rank"": 120, ""api_score"": 29.254957, ""raw_file"": ""raw_crossref\\Q07_four_wheel_steering.json"", ""raw_item_index"": 119}]"
,10.34198/ejms.16326.30.413425,https://doi.org/10.34198/ejms.16326.30.413425,Mathematical Model of a Four Wheel Conventional Robot,S. O. Akhigbe; T. B. Batubo,2026,Earthline Journal of Mathematical Sciences,journal-article,Earthline Publishers,,,413,,0,10,four_wheel_steering,"[""four_wheel_steering""]",False,False,True,metadata_candidate,four_wheel_steering,"[""robot"", ""steer""]",1,"[{""query_id"": ""Q07"", ""query_rank"": 438, ""api_score"": 24.080772, ""raw_file"": ""raw_crossref\\Q07_four_wheel_steering.json"", ""raw_item_index"": 437}]"
,10.65161/recwj68gccjuwitfr,https://doi.org/10.65161/recwj68gccjuwitfr,Experimental Evaluation of Regenerative Braking Performance in a Small Four-Wheel-Drive Mobile Robot Under Variable Operating Conditions,Krishiv Chandra,2026,The Oxford Journal of Student Scholarship,journal-article,Oxford Journal of Student Scholarship,,,,,0,10,four_wheel_steering,"[""four_wheel_steering""]",False,False,False,metadata_candidate,four_wheel_steering,"[""robot"", ""steer""]",1,"[{""query_id"": ""Q07"", ""query_rank"": 149, ""api_score"": 28.451935, ""raw_file"": ""raw_crossref\\Q07_four_wheel_steering.json"", ""raw_item_index"": 148}]"
,10.7250/conect.2026.033,https://doi.org/10.7250/conect.2026.033,Development of a Vehicle-Level CAN-based Logging Framework for a Low-voltage Electric Unmanned Ground Vehicle,Magnus Hiie; Tormi Lillerand,2026,CONECT. International Scientific Conference of Environmental and Climate Technologies,journal-article,Riga Technical University,,,69-70,,0,10,four_wheel_steering,"[""four_wheel_steering""]",False,False,True,metadata_candidate,four_wheel_steering,"[""robot"", ""outdoor""]",1,"[{""query_id"": ""Q02"", ""query_rank"": 466, ""api_score"": 22.591364, ""raw_file"": ""raw_crossref\\Q02_ground_rover_air_quality.json"", ""raw_item_index"": 465}]"
,10.7467/ksae.2026.34.7.751,https://doi.org/10.7467/ksae.2026.34.7.751,Design Proposal for a Delivery Robot Mobility Platform for Last-Mile Applications with a Four-Wheel Independent Steering (4WIS) System,Yoojin Ha; Jun Hyuck Eoh,2026,Transaction of the Korean Society of Automotive Engineers,journal-article,The Korean Society of Automotive Engineers,34,7,751-768,,0,10,four_wheel_steering,"[""four_wheel_steering""]",False,False,False,metadata_candidate,four_wheel_steering,"[""robot"", ""steer""]",1,"[{""query_id"": ""Q07"", ""query_rank"": 160, ""api_score"": 28.309378, ""raw_file"": ""raw_crossref\\Q07_four_wheel_steering.json"", ""raw_item_index"": 159}]"
,10.1088/1742-6596/2954/1/012057,https://doi.org/10.1088/1742-6596/2954/1/012057,"Four-wheel, eight-wheel drive mobile robot design",Sheng Lin; Shushuai Chen; Tao Jiang; Dongliang Zhang; Youjia Sun,2025,Journal of Physics: Conference Series,journal-article,IOP Publishing,2954,1,012057,,0,10,four_wheel_steering,"[""four_wheel_steering""]",False,False,True,metadata_candidate,four_wheel_steering,"[""robot"", ""steer""]",1,"[{""query_id"": ""Q07"", ""query_rank"": 121, ""api_score"": 29.249891, ""raw_file"": ""raw_crossref\\Q07_four_wheel_steering.json"", ""raw_item_index"": 120}]"
,10.1109/aiea66061.2025.11160537,https://doi.org/10.1109/aiea66061.2025.11160537,Improved Sliding Mode Trajectory Tracking Control for a Four-Wheel Wall-Climbing Mobile Robot,Wenda Wang; Xitai Na; Jinglong Liu,2025,2025 6th International Conference on Artificial Intelligence and Electromechanical Automation (AIEA),proceedings-article,IEEE,,,309-313,,0,10,four_wheel_steering,"[""four_wheel_steering""]",False,False,False,metadata_candidate,four_wheel_steering,"[""robot"", ""steer""]",1,"[{""query_id"": ""Q07"", ""query_rank"": 227, ""api_score"": 26.718128, ""raw_file"": ""raw_crossref\\Q07_four_wheel_steering.json"", ""raw_item_index"": 226}]"
,10.1109/cac67268.2025.11486952,https://doi.org/10.1109/cac67268.2025.11486952,Modeling and Simulation Study of Locomotion Mechanism of Four-wheel Independent Driving Robot Based on Multi-body Dynamics,Qiqian Ge; Yuchen Zhu; Xiaohong Xu; Zhewei Zhang; Jiancheng Wang; Yuanxiang Kou,2025,2025 China Automation Congress (CAC),proceedings-article,IEEE,,,3763-3770,,0,10,four_wheel_steering,"[""four_wheel_steering""]",False,False,False,metadata_candidate,four_wheel_steering,"[""robot"", ""steer""]",1,"[{""query_id"": ""Q07"", ""query_rank"": 257, ""api_score"": 26.110107, ""raw_file"": ""raw_crossref\\Q07_four_wheel_steering.json"", ""raw_item_index"": 256}]"
,10.13031/aim.202500598,https://doi.org/10.13031/aim.202500598,Structural Design and Electric Control System Development of Four-Wheel Independent Drive and Steering Agricultural Robot,Qianqian Zhou; Zhan Zhao; Sisi Liu,2025,"2025 Toronto, Ontario, Canada July 13-16, 2025",proceedings-article,American Society of Agricultural and Biological Engineers,,,,,0,10,four_wheel_steering,"[""four_wheel_steering""]",False,False,False,metadata_candidate,four_wheel_steering,"[""robot"", ""steer""]",1,"[{""query_id"": ""Q07"", ""query_rank"": 13, ""api_score"": 37.229084, ""raw_file"": ""raw_crossref\\Q07_four_wheel_steering.json"", ""raw_item_index"": 12}]"
,10.51584/ijrias.2025.10100000150,https://doi.org/10.51584/ijrias.2025.10100000150,A Study on Kinematic Analysis and Position Tracking Control of a Differential-Driven Four-Wheel Mobile Robot with a Rotary Axis for Steering Characteristic Improvement,Kyong-Hyok Kim; Kun-Sik Kim; Un-Jong Ju; Kum-Song Ri,2025,International Journal of Research and Innovation in Applied Science,journal-article,RSIS International,10,10,1679-1689,,0,10,four_wheel_steering,"[""four_wheel_steering""]",False,False,True,metadata_candidate,four_wheel_steering,"[""robot"", ""steer""]",1,"[{""query_id"": ""Q07"", ""query_rank"": 186, ""api_score"": 27.646296, ""raw_file"": ""raw_crossref\\Q07_four_wheel_steering.json"", ""raw_item_index"": 185}]"
,10.5194/egusphere-2025-644,https://doi.org/10.5194/egusphere-2025-644,Optimizing Methane Emission Source Localization in Oil and Gas Facilities Using Lagrangian Stochastic Models and Gradient-Based Detection Tools,Afshan Khaleghi; Mathias Göckede; Nicholas Nickerson; David Risk,2025,,posted-content,Copernicus GmbH,,,,,0,10,gas_olfaction_mapping,"[""gas_olfaction_mapping""]",False,False,True,metadata_candidate,gas_olfaction_mapping,"[""env"", ""nav""]",1,"[{""query_id"": ""Q03"", ""query_rank"": 277, ""api_score"": 22.335495, ""raw_file"": ""raw_crossref\\Q03_robotic_gas_mapping.json"", ""raw_item_index"": 276}]"
,10.37547/ajast/volume04issue10-17,https://doi.org/10.37547/ajast/volume04issue10-17,SEARCH AND MONITORING SYSTEM USING A SMART MOBILE ROBOT,"Senior teacher, Andijan machine-building institute, Uzbekistan, Andijan; Oybek Kholmatov; Kozimov Bekzodbek; Student, Andijan machine-building institute, Uzbekistan, Andijan",2024,American Journal of Applied Science and Technology,journal-article,The USA Journals,4,10,111-117,,0,10,robotic_environmental_monitoring,"[""robotic_environmental_monitoring""]",False,False,True,metadata_candidate,robotic_environmental_monitoring,"[""robot"", ""sensor""]",1,"[{""query_id"": ""Q01"", ""query_rank"": 27, ""api_score"": 21.087057, ""raw_file"": ""raw_crossref\\Q01_mobile_robot_environment.json"", ""raw_item_index"": 26}]"
,10.33379/metrotech.v2i3.3349,https://doi.org/10.33379/metrotech.v2i3.3349,Desain dan Kontrol Modular Independent Drive Independent Steering Mobile Robot Aktuator,Brahmantya Bagus Irsa Adinugraha; Indrazno Siradjuddin; Leonardo Kamajaya,2023,Metrotech (Journal of Mechanical and Electrical Technology),journal-article,"Fakultas Sains dan Teknologi, Unira Malang",2,3,144-150,,0,10,four_wheel_steering,"[""four_wheel_steering""]",False,False,True,metadata_candidate,four_wheel_steering,"[""robot"", ""steer""]",1,"[{""query_id"": ""Q07"", ""query_rank"": 128, ""api_score"": 29.014675, ""raw_file"": ""raw_crossref\\Q07_four_wheel_steering.json"", ""raw_item_index"": 127}]"
,10.5772/intechopen.107398,https://doi.org/10.5772/intechopen.107398,Toxic Gas Detectors Based on a MnSb 2 O 6 Oxide Chemical Sensor,José Trinidad Guillen Bonilla; Héctor Guillen Bonilla; Maricela Jiménez Rodríguez; Alex Guillen Bonilla; Verónica María Rodríguez Betancourtt; Víctor Manuel Rangel Cobian; María Eugenia Sánchez Morales; Antonio Casillas Zamora,2023,Metal-Oxide Gas Sensors,book-chapter,IntechOpen,,,,,0,10,embedded_environmental_sensing,"[""embedded_environmental_sensing""]",False,False,True,metadata_candidate,embedded_environmental_sensing,"[""env"", ""sensor""]",1,"[{""query_id"": ""Q05"", ""query_rank"": 246, ""api_score"": 22.242659, ""raw_file"": ""raw_crossref\\Q05_gas_sensor_calibration.json"", ""raw_item_index"": 245}]"
,10.2139/ssrn.4141277,https://doi.org/10.2139/ssrn.4141277,E-Nose Based on an Ultra-High-Integrated and Low-Power Metal-Oxide Gas-Sensor Array,zhongzhou li; jun yu; diandian dong; guanyu yao; guangfen wei; aixiang he; hao wu; huichao zhu; zhengxing huang; zhenan tang,2022,,posted-content,Elsevier BV,,,,,0,10,gas_sensor_calibration,"[""gas_sensor_calibration""]",False,False,True,metadata_candidate,gas_sensor_calibration,"[""gas"", ""sensor""]",1,"[{""query_id"": ""Q05"", ""query_rank"": 401, ""api_score"": 21.014605, ""raw_file"": ""raw_crossref\\Q05_gas_sensor_calibration.json"", ""raw_item_index"": 400}]"
,10.1088/1742-6596/1753/1/012031,https://doi.org/10.1088/1742-6596/1753/1/012031,Nonlinear control of electric drive system of four-wheel mobile robot with two differential drive units,E O Meshkovskiy; V Ya Frolov; A D Kurmashev,2021,Journal of Physics: Conference Series,journal-article,IOP Publishing,1753,1,012031,,0,10,four_wheel_steering,"[""four_wheel_steering""]",False,False,True,metadata_candidate,four_wheel_steering,"[""robot"", ""steer""]",1,"[{""query_id"": ""Q07"", ""query_rank"": 421, ""api_score"": 24.311811, ""raw_file"": ""raw_crossref\\Q07_four_wheel_steering.json"", ""raw_item_index"": 420}]"
,10.1299/jsmermd.2019.2p2-b15,https://doi.org/10.1299/jsmermd.2019.2p2-b15,Small-Sized Four-Wheel Drive and Steering Omnidirectional Mobile Material Handling Robot toward Field Implementation-Oriented Development,Takuma DAN; Yosuke MATUO; Susumu TARAO; Toshihide NAKAJIMA,2019,The Proceedings of JSME annual Conference on Robotics and Mechatronics (Robomec),journal-article,Japan Society of Mechanical Engineers,2019,0,2P2-B15,,0,10,four_wheel_steering,"[""four_wheel_steering""]",False,False,False,metadata_candidate,four_wheel_steering,"[""robot"", ""steer""]",1,"[{""query_id"": ""Q07"", ""query_rank"": 68, ""api_score"": 31.294544, ""raw_file"": ""raw_crossref\\Q07_four_wheel_steering.json"", ""raw_item_index"": 67}]"
,10.34010/telekontran.v3i2.1882,https://doi.org/10.34010/telekontran.v3i2.1882,Multi Independent Steering System-based Robot to Help Persons with Disability Robot berbasis Multi Independent Steering System untuk Membantu Penyandang Tuna Daksa,Anita Fitrizia,2019,"Telekontran : Jurnal Ilmiah Telekomunikasi, Kendali dan Elektronika Terapan",journal-article,Universitas Komputer Indonesia,3,2,47-51,,0,10,four_wheel_steering,"[""four_wheel_steering""]",False,False,True,metadata_candidate,four_wheel_steering,"[""robot"", ""steer""]",1,"[{""query_id"": ""Q07"", ""query_rank"": 239, ""api_score"": 26.357584, ""raw_file"": ""raw_crossref\\Q07_four_wheel_steering.json"", ""raw_item_index"": 238}]"
,10.1299/jsmermd.2018.2p2-d04,https://doi.org/10.1299/jsmermd.2018.2p2-d04,Prototyping of Small-Sized Four-Wheel Drive and Steering Omnidirectional Mobile Material Handling Robot toward Field Implementation-Oriented Development,Hiroki SATO; Susumu TARAO; Toshihide NAKAJIMA,2018,The Proceedings of JSME annual Conference on Robotics and Mechatronics (Robomec),journal-article,Japan Society of Mechanical Engineers,2018,0,2P2-D04,,0,10,four_wheel_steering,"[""four_wheel_steering""]",False,False,False,metadata_candidate,four_wheel_steering,"[""robot"", ""steer""]",1,"[{""query_id"": ""Q07"", ""query_rank"": 65, ""api_score"": 31.377039, ""raw_file"": ""raw_crossref\\Q07_four_wheel_steering.json"", ""raw_item_index"": 64}]"
,10.1201/9781420059106-7,https://doi.org/10.1201/9781420059106-7,Four Wheel Drive Robot,,2017,Practical and Experimental Robotics,book-chapter,CRC Press,,,269-300,,0,10,four_wheel_steering,"[""four_wheel_steering""]",False,False,False,metadata_candidate,four_wheel_steering,"[""robot"", ""steer""]",2,"[{""query_id"": ""Q07"", ""query_rank"": 146, ""api_score"": 28.495947, ""raw_file"": ""raw_crossref\\Q07_four_wheel_steering.json"", ""raw_item_index"": 145}]"
,10.1115/imece2014-39685,https://doi.org/10.1115/imece2014-39685,Sensitivity Analysis of Vehicle Parameters for Heading Angle Control of an Unmanned Ground Vehicle,Shubhashisa Sahoo; Shankar C. Subramanian; Suresh Srivastava,2014,Volume 12: Transportation Systems,proceedings-article,American Society of Mechanical Engineers,,,,V012T15A022,0,10,outdoor_navigation_fusion,"[""outdoor_navigation_fusion""]",False,False,True,metadata_candidate,outdoor_navigation_fusion,"[""robot"", ""outdoor""]",1,"[{""query_id"": ""Q02"", ""query_rank"": 138, ""api_score"": 24.938265, ""raw_file"": ""raw_crossref\\Q02_ground_rover_air_quality.json"", ""raw_item_index"": 137}]"
,10.1109/icca.2011.6138055,https://doi.org/10.1109/icca.2011.6138055,Hydraulic networked control of four wheel steering agricultural robot,Giovana T. Tangerino; Eduardo P. Godoy; Rubens A. Tabile; Ricardo Y. Inamasu; Arthur J.V. Porto,2011,2011 9th IEEE International Conference on Control and Automation (ICCA),proceedings-article,IEEE,,,142-147,,0,10,four_wheel_steering,"[""four_wheel_steering""]",False,False,False,metadata_candidate,four_wheel_steering,"[""robot"", ""steer""]",1,"[{""query_id"": ""Q07"", ""query_rank"": 162, ""api_score"": 28.243969, ""raw_file"": ""raw_crossref\\Q07_four_wheel_steering.json"", ""raw_item_index"": 161}]"
,10.1299/jsmermd.2011._1p1-l01_1,https://doi.org/10.1299/jsmermd.2011._1p1-l01_1,1P1-L01 Assistant Control of a Four Wheel Steering Mobile Robot for Obstacle Avoidance(Wheeled Robot/Tracked Vehicle),Takahiro KODAMA; Nobuyasu TOMOKUNI; Jian HUANG,2011,The Proceedings of JSME annual Conference on Robotics and Mechatronics (Robomec),journal-article,Japan Society of Mechanical Engineers,2011,0,_1P1-L01_1-_1P1-L01_4,,0,10,four_wheel_steering,"[""four_wheel_steering""]",False,False,False,metadata_candidate,four_wheel_steering,"[""robot"", ""steer""]",1,"[{""query_id"": ""Q07"", ""query_rank"": 240, ""api_score"": 26.31718, ""raw_file"": ""raw_crossref\\Q07_four_wheel_steering.json"", ""raw_item_index"": 239}]"
,10.32508/stdj.v13i3.2137,https://doi.org/10.32508/stdj.v13i3.2137,TRAJECTORY TRACKING CONTROL FOR 4 WHEEL SKID-STEERING MOBILE ROBOT,Nghin Van Dang; Khanh Van Quoc Nguyen,2010,Science and Technology Development Journal,journal-article,Viet Nam National University Ho Chi Minh City,13,3,83-94,,0,10,four_wheel_steering,"[""four_wheel_steering""]",False,False,True,metadata_candidate,four_wheel_steering,"[""robot"", ""steer""]",1,"[{""query_id"": ""Q07"", ""query_rank"": 119, ""api_score"": 29.262709, ""raw_file"": ""raw_crossref\\Q07_four_wheel_steering.json"", ""raw_item_index"": 118}]"
,10.1115/imece2009-12063,https://doi.org/10.1115/imece2009-12063,Stabilization of a Four-Wheel Mobile Robot From Kinematic Model to Dynamic Model by Feedback Passivation of Cascades Using Chained Form,Hossein Mohammadi; Arash Haghpanah; Mohammad Eghtesad,2009,"Volume 10: Mechanical Systems and Control, Parts A and B",proceedings-article,ASMEDC,,,181-185,,0,10,four_wheel_steering,"[""four_wheel_steering""]",False,False,True,metadata_candidate,four_wheel_steering,"[""robot"", ""steer""]",1,"[{""query_id"": ""Q07"", ""query_rank"": 360, ""api_score"": 24.88122, ""raw_file"": ""raw_crossref\\Q07_four_wheel_steering.json"", ""raw_item_index"": 359}]"
,10.1299/jsmermd.2008._2p2-c21_1,https://doi.org/10.1299/jsmermd.2008._2p2-c21_1,2P2-C21 Obstacle avoidanceusing visual feedback for four-wheel independent steering/driving robot,Shunya KOBAYASHI; Kenichiro NONAKA,2008,The Proceedings of JSME annual Conference on Robotics and Mechatronics (Robomec),journal-article,Japan Society of Mechanical Engineers,2008,0,_2P2-C21_1-_2P2-C21_4,,0,10,four_wheel_steering,"[""four_wheel_steering""]",False,False,False,metadata_candidate,four_wheel_steering,"[""robot"", ""steer""]",1,"[{""query_id"": ""Q07"", ""query_rank"": 244, ""api_score"": 26.27668, ""raw_file"": ""raw_crossref\\Q07_four_wheel_steering.json"", ""raw_item_index"": 243}]"
,10.1201/9781420059106.ch7,https://doi.org/10.1201/9781420059106.ch7,Four Wheel Drive Robot,,2007,Practical and Experimental Robotics,book-chapter,CRC Press,,,269-299,,0,10,four_wheel_steering,"[""four_wheel_steering""]",False,False,False,metadata_candidate,four_wheel_steering,"[""robot"", ""steer""]",2,"[{""query_id"": ""Q07"", ""query_rank"": 190, ""api_score"": 27.512486, ""raw_file"": ""raw_crossref\\Q07_four_wheel_steering.json"", ""raw_item_index"": 189}]"
