record_key,query_id,query_rank,api_score,raw_file,raw_item_index
10.1016/c2018-0-01886-1,Q01,1,23.082207,raw_crossref\Q01_mobile_robot_environment.json,0
10.5772/8993,Q01,2,22.777283,raw_crossref\Q01_mobile_robot_environment.json,1
10.48047/ecb/2023.12.si5.237,Q01,3,22.54481,raw_crossref\Q01_mobile_robot_environment.json,2
10.1155/2023/9767306,Q01,4,22.464556,raw_crossref\Q01_mobile_robot_environment.json,3
10.1016/b978-0-12-817607-8.00004-6,Q01,5,22.353144,raw_crossref\Q01_mobile_robot_environment.json,4
10.1016/b978-0-12-817607-8.00003-4,Q01,6,22.335503,raw_crossref\Q01_mobile_robot_environment.json,5
10.1109/cdciem.2011.391,Q01,7,22.17442,raw_crossref\Q01_mobile_robot_environment.json,6
10.1016/b978-0-12-817607-8.00038-1,Q01,8,21.962776,raw_crossref\Q01_mobile_robot_environment.json,7
10.1016/b978-0-12-817607-8.00027-7,Q01,9,21.925463,raw_crossref\Q01_mobile_robot_environment.json,8
10.1016/b978-0-12-817607-8.00011-3,Q01,10,21.924627,raw_crossref\Q01_mobile_robot_environment.json,9
10.1016/b978-0-12-817607-8.00005-8,Q01,11,21.923496,raw_crossref\Q01_mobile_robot_environment.json,10
10.12792/jiiae.8.33,Q01,12,21.73228,raw_crossref\Q01_mobile_robot_environment.json,11
10.1109/tcyb.2018.2879905,Q01,13,21.660902,raw_crossref\Q01_mobile_robot_environment.json,12
10.1109/compas67506.2025.11381712,Q01,14,21.639486,raw_crossref\Q01_mobile_robot_environment.json,13
10.1016/b978-0-12-817607-8.00009-5,Q01,15,21.633156,raw_crossref\Q01_mobile_robot_environment.json,14
10.1016/b978-0-12-817607-8.00033-2,Q01,16,21.6047,raw_crossref\Q01_mobile_robot_environment.json,15
10.1016/b978-0-12-817607-8.00002-2,Q01,17,21.600403,raw_crossref\Q01_mobile_robot_environment.json,16
10.1016/b978-0-12-817607-8.00008-3,Q01,18,21.595705,raw_crossref\Q01_mobile_robot_environment.json,17
10.2139/ssrn.6625699,Q01,19,21.594217,raw_crossref\Q01_mobile_robot_environment.json,18
10.1016/b978-0-12-817607-8.00010-1,Q01,20,21.57099,raw_crossref\Q01_mobile_robot_environment.json,19
10.1016/b978-0-12-817607-8.00007-1,Q01,21,21.554873,raw_crossref\Q01_mobile_robot_environment.json,20
10.12792/iciae2019.048,Q01,22,21.366108,raw_crossref\Q01_mobile_robot_environment.json,21
10.1155/2022/7840507,Q01,23,21.255268,raw_crossref\Q01_mobile_robot_environment.json,22
10.1109/southeastcon63549.2026.11476175,Q01,24,21.22829,raw_crossref\Q01_mobile_robot_environment.json,23
10.1016/b978-0-12-817607-8.00006-x,Q01,25,21.20279,raw_crossref\Q01_mobile_robot_environment.json,24
10.7210/jrsj.36.23,Q01,26,21.150953,raw_crossref\Q01_mobile_robot_environment.json,25
10.37547/ajast/volume04issue10-17,Q01,27,21.087057,raw_crossref\Q01_mobile_robot_environment.json,26
10.1016/b978-0-12-817607-8.00032-0,Q01,28,21.04833,raw_crossref\Q01_mobile_robot_environment.json,27
10.1016/b978-0-12-817607-8.00037-x,Q01,29,20.935549,raw_crossref\Q01_mobile_robot_environment.json,28
10.1155/2019/5846232,Q01,30,20.758053,raw_crossref\Q01_mobile_robot_environment.json,29
10.1007/s10514-015-9500-x,Q01,31,20.67021,raw_crossref\Q01_mobile_robot_environment.json,30
10.1109/robio.2011.6181275,Q01,32,20.648933,raw_crossref\Q01_mobile_robot_environment.json,31
10.1515/9780691230078-009,Q01,33,20.621264,raw_crossref\Q01_mobile_robot_environment.json,32
10.2139/ssrn.4963696,Q01,34,20.614624,raw_crossref\Q01_mobile_robot_environment.json,33
10.1016/b978-0-12-817607-8.00026-5,Q01,35,20.587917,raw_crossref\Q01_mobile_robot_environment.json,34
10.2139/ssrn.4765512,Q01,36,20.583641,raw_crossref\Q01_mobile_robot_environment.json,35
10.37896/jxat12.03/501,Q01,37,20.583641,raw_crossref\Q01_mobile_robot_environment.json,36
10.1016/b978-0-12-817607-8.00029-0,Q01,38,20.541964,raw_crossref\Q01_mobile_robot_environment.json,37
10.1109/iros51168.2021.9635877,Q01,39,20.435656,raw_crossref\Q01_mobile_robot_environment.json,38
10.1002/adfm.202303745,Q01,40,20.42009,raw_crossref\Q01_mobile_robot_environment.json,39
10.3390/robotics7030032,Q01,41,20.340755,raw_crossref\Q01_mobile_robot_environment.json,40
10.1515/jag-2022-0046,Q01,42,20.320349,raw_crossref\Q01_mobile_robot_environment.json,41
10.1109/access.2025.3610346,Q01,43,20.311262,raw_crossref\Q01_mobile_robot_environment.json,42
10.1016/b978-0-12-817607-8.00022-8,Q01,44,20.29995,raw_crossref\Q01_mobile_robot_environment.json,43
10.1016/b978-0-12-817607-8.00017-4,Q01,45,20.294651,raw_crossref\Q01_mobile_robot_environment.json,44
10.1016/b978-0-12-817607-8.00012-5,Q01,46,20.294651,raw_crossref\Q01_mobile_robot_environment.json,45
10.2307/j.ctv1nwbqx4.11,Q01,47,20.294651,raw_crossref\Q01_mobile_robot_environment.json,46
10.1016/b978-0-12-817607-8.00013-7,Q01,48,20.267494,raw_crossref\Q01_mobile_robot_environment.json,47
10.1016/b978-0-12-817607-8.00018-6,Q01,49,20.245817,raw_crossref\Q01_mobile_robot_environment.json,48
10.1016/b978-0-12-817607-8.00031-9,Q01,50,20.245497,raw_crossref\Q01_mobile_robot_environment.json,49
10.1201/9781420008609-24,Q01,51,20.086567,raw_crossref\Q01_mobile_robot_environment.json,50
10.2139/ssrn.5252834,Q01,52,20.08463,raw_crossref\Q01_mobile_robot_environment.json,51
10.4172/2168-9695.1000186,Q01,53,20.043674,raw_crossref\Q01_mobile_robot_environment.json,52
10.1117/12.969905,Q01,54,20.039639,raw_crossref\Q01_mobile_robot_environment.json,53
10.1016/b978-0-12-817607-8.00023-x,Q01,55,19.991936,raw_crossref\Q01_mobile_robot_environment.json,54
10.1109/robio.2014.7090590,Q01,56,19.981226,raw_crossref\Q01_mobile_robot_environment.json,55
10.1016/b978-0-12-817607-8.00019-8,Q01,57,19.965847,raw_crossref\Q01_mobile_robot_environment.json,56
10.56726/irjmets90333,Q01,58,19.96388,raw_crossref\Q01_mobile_robot_environment.json,57
10.1088/1755-1315/411/1/012058,Q01,59,19.954432,raw_crossref\Q01_mobile_robot_environment.json,58
10.36561/ing.30.11,Q01,60,19.94741,raw_crossref\Q01_mobile_robot_environment.json,59
10.1016/j.rineng.2025.107796,Q01,61,19.94171,raw_crossref\Q01_mobile_robot_environment.json,60
10.1016/b978-0-12-817607-8.00025-3,Q01,62,19.93919,raw_crossref\Q01_mobile_robot_environment.json,61
10.1016/b978-0-12-817607-8.00015-0,Q01,63,19.933155,raw_crossref\Q01_mobile_robot_environment.json,62
10.1016/b978-0-12-817607-8.00014-9,Q01,64,19.933155,raw_crossref\Q01_mobile_robot_environment.json,63
10.1016/b978-0-12-417049-0.00002-x,Q01,65,19.875036,raw_crossref\Q01_mobile_robot_environment.json,64
10.1016/b978-0-12-417049-0.00004-3,Q01,66,19.869822,raw_crossref\Q01_mobile_robot_environment.json,65
10.1016/b978-0-12-417049-0.00003-1,Q01,67,19.867075,raw_crossref\Q01_mobile_robot_environment.json,66
10.5772/9277,Q01,68,19.851364,raw_crossref\Q01_mobile_robot_environment.json,67
10.1115/imece2021-67327,Q01,69,19.80997,raw_crossref\Q01_mobile_robot_environment.json,68
10.25236/ajets.2023.060507,Q01,70,19.78061,raw_crossref\Q01_mobile_robot_environment.json,69
10.5614/itb.ijp.2021.32.1.1,Q01,71,19.78061,raw_crossref\Q01_mobile_robot_environment.json,70
10.5614/ijp.v32i1.300,Q01,72,19.772133,raw_crossref\Q01_mobile_robot_environment.json,71
10.1109/icma.2007.4303756,Q01,73,19.76999,raw_crossref\Q01_mobile_robot_environment.json,72
10.1016/b978-0-12-817607-8.00036-8,Q01,74,19.698215,raw_crossref\Q01_mobile_robot_environment.json,73
10.1016/b978-0-12-417049-0.00006-7,Q01,75,19.672247,raw_crossref\Q01_mobile_robot_environment.json,74
10.1016/b978-0-12-417049-0.00009-2,Q01,76,19.670204,raw_crossref\Q01_mobile_robot_environment.json,75
10.1016/b978-0-12-417049-0.00008-0,Q01,77,19.666042,raw_crossref\Q01_mobile_robot_environment.json,76
10.1016/b978-0-12-417049-0.00005-5,Q01,78,19.65995,raw_crossref\Q01_mobile_robot_environment.json,77
10.1016/b978-0-12-417049-0.00007-9,Q01,79,19.659126,raw_crossref\Q01_mobile_robot_environment.json,78
10.1016/b978-0-12-817607-8.00030-7,Q01,80,19.644138,raw_crossref\Q01_mobile_robot_environment.json,79
10.1016/b978-0-12-817607-8.00034-4,Q01,81,19.636042,raw_crossref\Q01_mobile_robot_environment.json,80
10.1016/b978-0-323-85769-7.00004-5,Q01,82,19.610159,raw_crossref\Q01_mobile_robot_environment.json,81
10.1109/intercon50315.2020.9220227,Q01,83,19.57037,raw_crossref\Q01_mobile_robot_environment.json,82
10.1145/3610978.3641264,Q01,84,19.56437,raw_crossref\Q01_mobile_robot_environment.json,83
10.1109/cac.2018.8623341,Q01,85,19.537617,raw_crossref\Q01_mobile_robot_environment.json,84
10.1016/b978-0-12-417049-0.00012-2,Q01,86,19.531155,raw_crossref\Q01_mobile_robot_environment.json,85
10.3724/sp.j.1218.2010.00166,Q01,87,19.447899,raw_crossref\Q01_mobile_robot_environment.json,86
10.20965/jrm.2023.p0206,Q01,88,19.427502,raw_crossref\Q01_mobile_robot_environment.json,87
10.1016/b978-0-12-817607-8.00024-1,Q01,89,19.410843,raw_crossref\Q01_mobile_robot_environment.json,88
10.1016/b978-0-12-817607-8.00021-6,Q01,90,19.377167,raw_crossref\Q01_mobile_robot_environment.json,89
10.1016/b978-0-12-817607-8.00020-4,Q01,91,19.376057,raw_crossref\Q01_mobile_robot_environment.json,90
10.1109/mra.2010.939741,Q01,92,19.375628,raw_crossref\Q01_mobile_robot_environment.json,91
10.23919/ecc.2013.6669302,Q01,93,19.28082,raw_crossref\Q01_mobile_robot_environment.json,92
10.1145/1957656.1957696,Q01,94,19.266483,raw_crossref\Q01_mobile_robot_environment.json,93
10.1109/cac.2017.8243287,Q01,95,19.244183,raw_crossref\Q01_mobile_robot_environment.json,94
10.1109/iske.2008.4731027,Q01,96,19.242369,raw_crossref\Q01_mobile_robot_environment.json,95
10.3390/s23156841,Q01,97,19.233461,raw_crossref\Q01_mobile_robot_environment.json,96
10.17683/ijomam/issue8.37,Q01,98,19.231785,raw_crossref\Q01_mobile_robot_environment.json,97
10.1109/iwaci.2010.5585136,Q01,99,19.217875,raw_crossref\Q01_mobile_robot_environment.json,98
10.1109/icma.2011.5986250,Q01,100,19.21002,raw_crossref\Q01_mobile_robot_environment.json,99
10.3724/sp.j.1218.2010.00540,Q01,101,19.17453,raw_crossref\Q01_mobile_robot_environment.json,100
10.4018/979-8-2600-0701-3.ch003,Q01,102,19.126408,raw_crossref\Q01_mobile_robot_environment.json,101
10.1016/b978-0-12-417049-0.00011-0,Q01,103,19.117432,raw_crossref\Q01_mobile_robot_environment.json,102
10.1016/b978-0-12-817607-8.00035-6,Q01,104,19.108263,raw_crossref\Q01_mobile_robot_environment.json,103
10.1016/b978-0-12-817607-8.00016-2,Q01,105,19.09766,raw_crossref\Q01_mobile_robot_environment.json,104
10.1109/icia.2006.306024,Q01,106,19.090004,raw_crossref\Q01_mobile_robot_environment.json,105
10.1007/978-981-19-9987-1_3,Q01,107,19.059723,raw_crossref\Q01_mobile_robot_environment.json,106
10.2172/10170290,Q01,108,19.023457,raw_crossref\Q01_mobile_robot_environment.json,107
10.1007/978-981-19-9987-1_2,Q01,109,19.014156,raw_crossref\Q01_mobile_robot_environment.json,108
10.1109/ic2nc67409.2025.11375859,Q01,110,19.000092,raw_crossref\Q01_mobile_robot_environment.json,109
10.2139/ssrn.4776801,Q01,111,18.99903,raw_crossref\Q01_mobile_robot_environment.json,110
10.1109/iisec54230.2021.9672341,Q01,112,18.967262,raw_crossref\Q01_mobile_robot_environment.json,111
10.1016/j.proeng.2011.08.1163,Q01,113,18.958233,raw_crossref\Q01_mobile_robot_environment.json,112
10.1109/lra.2016.2522500,Q01,114,18.954689,raw_crossref\Q01_mobile_robot_environment.json,113
10.1201/9781420008609.ch13,Q01,115,18.94376,raw_crossref\Q01_mobile_robot_environment.json,114
10.5703/1288284315891,Q01,116,18.908007,raw_crossref\Q01_mobile_robot_environment.json,115
10.1109/icra46639.2022.9811673,Q01,117,18.87944,raw_crossref\Q01_mobile_robot_environment.json,116
10.3724/sp.j.1218.2010.00568,Q01,118,18.876629,raw_crossref\Q01_mobile_robot_environment.json,117
10.1017/cbo9780511780929.005,Q01,119,18.866993,raw_crossref\Q01_mobile_robot_environment.json,118
10.1016/j.enmm.2016.09.003,Q01,120,18.846745,raw_crossref\Q01_mobile_robot_environment.json,119
10.5937/fme2303423p,Q01,121,18.83706,raw_crossref\Q01_mobile_robot_environment.json,120
10.1007/s10846-021-01446-7,Q01,122,18.831795,raw_crossref\Q01_mobile_robot_environment.json,121
10.1109/tmrb.2022.3162148,Q01,123,18.823833,raw_crossref\Q01_mobile_robot_environment.json,122
10.1117/12.143804,Q01,124,18.804552,raw_crossref\Q01_mobile_robot_environment.json,123
10.1016/b978-0-12-817607-8.00028-9,Q01,125,18.796198,raw_crossref\Q01_mobile_robot_environment.json,124
10.15302/j-fase-2026674,Q01,126,18.777431,raw_crossref\Q01_mobile_robot_environment.json,125
10.3390/s23218953,Q01,127,18.7546,raw_crossref\Q01_mobile_robot_environment.json,126
10.34248/bsengineering.727198,Q01,128,18.737827,raw_crossref\Q01_mobile_robot_environment.json,127
10.1109/access.2021.3068005,Q01,129,18.7352,raw_crossref\Q01_mobile_robot_environment.json,128
10.1016/j.enmm.2025.101105,Q01,130,18.730335,raw_crossref\Q01_mobile_robot_environment.json,129
10.1115/imece2012-87251,Q01,131,18.722597,raw_crossref\Q01_mobile_robot_environment.json,130
10.1109/icra.2019.8794115,Q01,132,18.722597,raw_crossref\Q01_mobile_robot_environment.json,131
10.1142/9789812797773_0020,Q01,133,18.721642,raw_crossref\Q01_mobile_robot_environment.json,132
10.1109/ubmk.2018.8566394,Q01,134,18.72148,raw_crossref\Q01_mobile_robot_environment.json,133
10.1109/icies.2012.6530863,Q01,135,18.718151,raw_crossref\Q01_mobile_robot_environment.json,134
10.3724/sp.j.1218.2010.00547,Q01,136,18.68372,raw_crossref\Q01_mobile_robot_environment.json,135
10.1109/37.236323,Q01,137,18.571642,raw_crossref\Q01_mobile_robot_environment.json,136
10.1201/9781315116242-83,Q01,138,18.569862,raw_crossref\Q01_mobile_robot_environment.json,137
10.18494/sam.2020.2413,Q01,139,18.565058,raw_crossref\Q01_mobile_robot_environment.json,138
10.1109/mra.2011.941109,Q01,140,18.556482,raw_crossref\Q01_mobile_robot_environment.json,139
10.1155/2023/9783126,Q01,141,18.54614,raw_crossref\Q01_mobile_robot_environment.json,140
10.18196/jrc.2143,Q01,142,18.542141,raw_crossref\Q01_mobile_robot_environment.json,141
10.1177/14759217231157237,Q01,143,18.536623,raw_crossref\Q01_mobile_robot_environment.json,142
10.1016/b978-0-12-417049-0.00014-6,Q01,144,18.535873,raw_crossref\Q01_mobile_robot_environment.json,143
10.1109/eesms.2010.5634179,Q01,145,18.534485,raw_crossref\Q01_mobile_robot_environment.json,144
10.17683/ijomam/issue8.38,Q01,146,18.513088,raw_crossref\Q01_mobile_robot_environment.json,145
10.1109/iccse.2011.6028822,Q01,147,18.513088,raw_crossref\Q01_mobile_robot_environment.json,146
10.1109/icct.2017.8359770,Q01,148,18.511793,raw_crossref\Q01_mobile_robot_environment.json,147
10.1109/icstcc.2013.6689043,Q01,149,18.506992,raw_crossref\Q01_mobile_robot_environment.json,148
10.18494/sam3652,Q01,150,18.506025,raw_crossref\Q01_mobile_robot_environment.json,149
10.1109/icinfa.2015.7279382,Q01,151,18.477982,raw_crossref\Q01_mobile_robot_environment.json,150
10.7763/ijesd.2012.v3.240,Q01,152,18.433224,raw_crossref\Q01_mobile_robot_environment.json,151
10.1109/sces.2012.6199085,Q01,153,18.366169,raw_crossref\Q01_mobile_robot_environment.json,152
10.64980/ujees.v7i2.433,Q01,154,18.342226,raw_crossref\Q01_mobile_robot_environment.json,153
10.1007/s10661-021-09139-2,Q01,155,18.3292,raw_crossref\Q01_mobile_robot_environment.json,154
10.1109/eesms.2015.7175847,Q01,156,18.328632,raw_crossref\Q01_mobile_robot_environment.json,155
10.3389/frobt.2025.1492526,Q01,157,18.317709,raw_crossref\Q01_mobile_robot_environment.json,156
10.1109/sice.2007.4421314,Q01,158,18.314821,raw_crossref\Q01_mobile_robot_environment.json,157
10.3390/agronomy12123160,Q01,159,18.278833,raw_crossref\Q01_mobile_robot_environment.json,158
10.21685/2307-5538-2021-1-5,Q01,160,18.272398,raw_crossref\Q01_mobile_robot_environment.json,159
10.1109/70.370506,Q01,161,18.269321,raw_crossref\Q01_mobile_robot_environment.json,160
10.1109/iske.2010.5680764,Q01,162,18.261234,raw_crossref\Q01_mobile_robot_environment.json,161
10.21236/ada236593,Q01,163,18.232502,raw_crossref\Q01_mobile_robot_environment.json,162
10.3724/sp.j.1218.2010.00334,Q01,164,18.20712,raw_crossref\Q01_mobile_robot_environment.json,163
10.3724/sp.j.1218.2011.00279,Q01,165,18.203722,raw_crossref\Q01_mobile_robot_environment.json,164
10.55248/gengpi.07.0526.c1330,Q01,166,18.202652,raw_crossref\Q01_mobile_robot_environment.json,165
10.1145/1514095.1514124,Q01,167,18.196243,raw_crossref\Q01_mobile_robot_environment.json,166
10.3724/sp.j.1218.2010.00171,Q01,168,18.195719,raw_crossref\Q01_mobile_robot_environment.json,167
10.3724/sp.j.1218.2010.00097,Q01,169,18.180138,raw_crossref\Q01_mobile_robot_environment.json,168
10.1017/9781108682404.005,Q01,170,18.111755,raw_crossref\Q01_mobile_robot_environment.json,169
10.36381/iamsti.3.2019.41-48,Q01,171,18.08672,raw_crossref\Q01_mobile_robot_environment.json,170
10.24214/jecet.c.12.4.40113,Q01,172,18.072422,raw_crossref\Q01_mobile_robot_environment.json,171
10.5772/9284,Q01,173,18.069607,raw_crossref\Q01_mobile_robot_environment.json,172
10.5402/2013/954610,Q01,174,18.064985,raw_crossref\Q01_mobile_robot_environment.json,173
10.5220/0015052000004030,Q01,175,18.051674,raw_crossref\Q01_mobile_robot_environment.json,174
10.1109/iconstem.2016.7560864,Q01,176,18.049835,raw_crossref\Q01_mobile_robot_environment.json,175
10.14313/jamris/3-2021/16,Q01,177,18.040852,raw_crossref\Q01_mobile_robot_environment.json,176
10.1109/eeee.2009.26,Q01,178,18.040852,raw_crossref\Q01_mobile_robot_environment.json,177
10.3390/s24113421,Q01,179,18.038815,raw_crossref\Q01_mobile_robot_environment.json,178
10.1109/iros.2008.4651031,Q01,180,18.038815,raw_crossref\Q01_mobile_robot_environment.json,179
10.1109/raai67517.2025.11423391,Q01,181,18.038755,raw_crossref\Q01_mobile_robot_environment.json,180
10.1108/ir.2004.04931bad.005,Q01,182,18.036732,raw_crossref\Q01_mobile_robot_environment.json,181
10.1155/2022/3517995,Q01,183,18.03595,raw_crossref\Q01_mobile_robot_environment.json,182
10.1109/aqtr.2012.6237750,Q01,184,18.033228,raw_crossref\Q01_mobile_robot_environment.json,183
10.1109/icar.2011.6088556,Q01,185,18.033228,raw_crossref\Q01_mobile_robot_environment.json,184
10.5614/itb.ijp.2024.35.1.2,Q01,186,18.033228,raw_crossref\Q01_mobile_robot_environment.json,185
10.1109/cdciem.2012.150,Q01,187,18.032475,raw_crossref\Q01_mobile_robot_environment.json,186
10.3724/sp.j.1218.2010.00179,Q01,188,17.981853,raw_crossref\Q01_mobile_robot_environment.json,187
10.4028/www.scientific.net/amm.522-524.38,Q01,189,17.972206,raw_crossref\Q01_mobile_robot_environment.json,188
10.3724/sp.j.1218.2011.00257,Q01,190,17.968477,raw_crossref\Q01_mobile_robot_environment.json,189
10.1109/access.2022.3191780,Q01,191,17.950935,raw_crossref\Q01_mobile_robot_environment.json,190
10.1016/j.apacoust.2019.107041,Q01,192,17.946058,raw_crossref\Q01_mobile_robot_environment.json,191
10.1109/iccece65250.2025.10985131,Q01,193,17.933361,raw_crossref\Q01_mobile_robot_environment.json,192
10.1145/2462456.2465720,Q01,194,17.930819,raw_crossref\Q01_mobile_robot_environment.json,193
10.5772/26820,Q01,195,17.928804,raw_crossref\Q01_mobile_robot_environment.json,194
10.1155/2022/7221157,Q01,196,17.92317,raw_crossref\Q01_mobile_robot_environment.json,195
10.1016/b978-0-12-417049-0.00001-8,Q01,197,17.90273,raw_crossref\Q01_mobile_robot_environment.json,196
10.1115/1.860472_ch6,Q01,198,17.899464,raw_crossref\Q01_mobile_robot_environment.json,197
10.1016/c2013-0-01365-5,Q01,199,17.898891,raw_crossref\Q01_mobile_robot_environment.json,198
10.5772/4722,Q01,200,17.872154,raw_crossref\Q01_mobile_robot_environment.json,199
10.3390/s25196121,Q01,201,17.85133,raw_crossref\Q01_mobile_robot_environment.json,200
10.1109/icinis.2008.130,Q01,202,17.846313,raw_crossref\Q01_mobile_robot_environment.json,201
10.1108/ir.2003.04930bad.012,Q01,203,17.839258,raw_crossref\Q01_mobile_robot_environment.json,202
10.1109/tro.2008.922895,Q01,204,17.838879,raw_crossref\Q01_mobile_robot_environment.json,203
10.1108/ir.2002.04929cad.009,Q01,205,17.837585,raw_crossref\Q01_mobile_robot_environment.json,204
10.4172/2168-9695.s2-005,Q01,206,17.828398,raw_crossref\Q01_mobile_robot_environment.json,205
10.1109/icacci.2015.7275877,Q01,207,17.825771,raw_crossref\Q01_mobile_robot_environment.json,206
10.1007/s10846-026-02432-7,Q01,208,17.824024,raw_crossref\Q01_mobile_robot_environment.json,207
10.1109/icma.2011.5985707,Q01,209,17.823627,raw_crossref\Q01_mobile_robot_environment.json,208
10.1016/j.enmm.2015.03.001,Q01,210,17.822342,raw_crossref\Q01_mobile_robot_environment.json,209
10.1109/qpain66474.2025.11172081,Q01,211,17.816074,raw_crossref\Q01_mobile_robot_environment.json,210
10.1117/12.372860,Q01,212,17.81453,raw_crossref\Q01_mobile_robot_environment.json,211
10.1109/iecon.2010.5675060,Q01,213,17.811886,raw_crossref\Q01_mobile_robot_environment.json,212
10.17667/riim.2020.1/2.,Q01,214,17.77239,raw_crossref\Q01_mobile_robot_environment.json,213
10.3390/s24237482,Q01,215,17.769588,raw_crossref\Q01_mobile_robot_environment.json,214
10.14313/par_222/37,Q01,216,17.750925,raw_crossref\Q01_mobile_robot_environment.json,215
10.5772/27747,Q01,217,17.736698,raw_crossref\Q01_mobile_robot_environment.json,216
10.25791/esip.04.2020.1146,Q01,218,17.700987,raw_crossref\Q01_mobile_robot_environment.json,217
10.1299/jsmermd.2014._1p1-c06_1,Q01,219,17.66986,raw_crossref\Q01_mobile_robot_environment.json,218
10.1002/9781118026403.ch2,Q01,220,17.660812,raw_crossref\Q01_mobile_robot_environment.json,219
10.20537/nd210405,Q01,221,17.64834,raw_crossref\Q01_mobile_robot_environment.json,220
10.1108/ir.2003.04930bad.007,Q01,222,17.633457,raw_crossref\Q01_mobile_robot_environment.json,221
10.1109/imtc.2008.4547207,Q01,223,17.626532,raw_crossref\Q01_mobile_robot_environment.json,222
10.1016/j.automatica.2010.10.003,Q01,224,17.625418,raw_crossref\Q01_mobile_robot_environment.json,223
10.1299/jsmekanto.2018.24.os0418,Q01,225,17.616747,raw_crossref\Q01_mobile_robot_environment.json,224
10.1016/j.automatica.2014.05.014,Q01,226,17.610826,raw_crossref\Q01_mobile_robot_environment.json,225
10.3390/s26165284,Q01,227,17.610329,raw_crossref\Q01_mobile_robot_environment.json,226
10.1061/9780784486115.081,Q01,228,17.607174,raw_crossref\Q01_mobile_robot_environment.json,227
10.1016/j.promfg.2019.06.066,Q01,229,17.600634,raw_crossref\Q01_mobile_robot_environment.json,228
10.1016/s1474-6670(17)44100-0,Q01,230,17.598825,raw_crossref\Q01_mobile_robot_environment.json,229
10.1108/01439910910924675,Q01,231,17.597218,raw_crossref\Q01_mobile_robot_environment.json,230
10.1109/tce.2009.5278017,Q01,232,17.593975,raw_crossref\Q01_mobile_robot_environment.json,231
10.1088/1742-6596/1846/1/012084,Q01,233,17.582294,raw_crossref\Q01_mobile_robot_environment.json,232
10.1007/s10661-021-09351-0,Q01,234,17.57644,raw_crossref\Q01_mobile_robot_environment.json,233
10.3724/sp.j.1218.2012.00590,Q01,235,17.571354,raw_crossref\Q01_mobile_robot_environment.json,234
10.1109/eit.2016.7535301,Q01,236,17.552637,raw_crossref\Q01_mobile_robot_environment.json,235
10.3724/sp.j.1218.2010.00125,Q01,237,17.547997,raw_crossref\Q01_mobile_robot_environment.json,236
10.1016/j.proenv.2011.09.389,Q01,238,17.536224,raw_crossref\Q01_mobile_robot_environment.json,237
10.30564/jees.v8i4.13213,Q01,239,17.510736,raw_crossref\Q01_mobile_robot_environment.json,238
10.1007/978-3-031-32797-1_1,Q01,240,17.478062,raw_crossref\Q01_mobile_robot_environment.json,239
10.5220/0002069800460056,Q01,241,17.466322,raw_crossref\Q01_mobile_robot_environment.json,240
10.20965/jrm.2023.p1469,Q01,242,17.464989,raw_crossref\Q01_mobile_robot_environment.json,241
10.1109/acirs.2019.8936038,Q01,243,17.453896,raw_crossref\Q01_mobile_robot_environment.json,242
10.1007/978-3-031-12307-8_4,Q01,244,17.448526,raw_crossref\Q01_mobile_robot_environment.json,243
10.1007/978-3-031-12307-8_3,Q01,245,17.448105,raw_crossref\Q01_mobile_robot_environment.json,244
10.1016/j.ifacol.2017.08.1355,Q01,246,17.44767,raw_crossref\Q01_mobile_robot_environment.json,245
10.5772/8984,Q01,247,17.439184,raw_crossref\Q01_mobile_robot_environment.json,246
10.3390/s25051601,Q01,248,17.437489,raw_crossref\Q01_mobile_robot_environment.json,247
10.2316/p.2010.703-039,Q01,249,17.437191,raw_crossref\Q01_mobile_robot_environment.json,248
10.1109/isms.2013.76,Q01,250,17.432755,raw_crossref\Q01_mobile_robot_environment.json,249
10.5194/egusphere-egu2020-3032,Q01,251,17.430593,raw_crossref\Q01_mobile_robot_environment.json,250
10.1109/iros.2005.1545133,Q01,252,17.430593,raw_crossref\Q01_mobile_robot_environment.json,251
10.1007/978-3-031-32797-1_5,Q01,253,17.429934,raw_crossref\Q01_mobile_robot_environment.json,252
10.1007/978-3-031-32797-1_11,Q01,254,17.429934,raw_crossref\Q01_mobile_robot_environment.json,253
10.1007/978-3-031-12307-8_6,Q01,255,17.427887,raw_crossref\Q01_mobile_robot_environment.json,254
10.5772/25516,Q01,256,17.427546,raw_crossref\Q01_mobile_robot_environment.json,255
10.1007/978-3-031-32797-1_2,Q01,257,17.42645,raw_crossref\Q01_mobile_robot_environment.json,256
10.1109/greentech.2018.00029,Q01,258,17.425392,raw_crossref\Q01_mobile_robot_environment.json,257
10.1016/b978-0-12-417049-0.00015-8,Q01,259,17.424667,raw_crossref\Q01_mobile_robot_environment.json,258
10.1007/978-3-031-12307-8_5,Q01,260,17.409805,raw_crossref\Q01_mobile_robot_environment.json,259
10.1109/sii.2015.7404948,Q01,261,17.403143,raw_crossref\Q01_mobile_robot_environment.json,260
10.1109/robio.2006.340333,Q01,262,17.403143,raw_crossref\Q01_mobile_robot_environment.json,261
10.3390/automation6040050,Q01,263,17.401043,raw_crossref\Q01_mobile_robot_environment.json,262
10.21741/9781644902455-7,Q01,264,17.398232,raw_crossref\Q01_mobile_robot_environment.json,263
10.3991/ijim.v8i2.3645,Q01,265,17.394476,raw_crossref\Q01_mobile_robot_environment.json,264
10.23919/iccas66577.2025.11301201,Q01,266,17.388485,raw_crossref\Q01_mobile_robot_environment.json,265
10.1109/codit62066.2024.10708540,Q01,267,17.386808,raw_crossref\Q01_mobile_robot_environment.json,266
10.4028/www.scientific.net/amm.295-298.933,Q01,268,17.37473,raw_crossref\Q01_mobile_robot_environment.json,267
10.32347/2412-9933.2021.47.174-179,Q01,269,17.374308,raw_crossref\Q01_mobile_robot_environment.json,268
10.1007/s10661-026-15283-4,Q01,270,17.368038,raw_crossref\Q01_mobile_robot_environment.json,269
10.1109/cdciem.2012.178,Q01,271,17.351362,raw_crossref\Q01_mobile_robot_environment.json,270
10.1016/j.envres.2023.115896,Q01,272,17.334755,raw_crossref\Q01_mobile_robot_environment.json,271
10.1109/mra.2012.2186482,Q01,273,17.33136,raw_crossref\Q01_mobile_robot_environment.json,272
10.1109/mra.2011.2181683,Q01,274,17.326946,raw_crossref\Q01_mobile_robot_environment.json,273
10.56726/irjmets98535,Q01,275,17.318535,raw_crossref\Q01_mobile_robot_environment.json,274
10.1016/b978-0-12-417049-0.00025-0,Q01,276,17.31658,raw_crossref\Q01_mobile_robot_environment.json,275
10.1037/e446662006-001,Q01,277,17.290096,raw_crossref\Q01_mobile_robot_environment.json,276
10.1017/cbo9780511780929.013,Q01,278,17.28846,raw_crossref\Q01_mobile_robot_environment.json,277
10.15760/etd.1528,Q01,279,17.282894,raw_crossref\Q01_mobile_robot_environment.json,278
10.1108/ir.2004.04931cae.001,Q01,280,17.271793,raw_crossref\Q01_mobile_robot_environment.json,279
10.1007/978-3-031-26564-8_12,Q01,281,17.26575,raw_crossref\Q01_mobile_robot_environment.json,280
10.1016/b978-0-12-417049-0.00018-3,Q01,282,17.265228,raw_crossref\Q01_mobile_robot_environment.json,281
10.1115/1.860472_ch5,Q01,283,17.251167,raw_crossref\Q01_mobile_robot_environment.json,282
10.1016/b978-0-12-417049-0.00010-9,Q01,284,17.238653,raw_crossref\Q01_mobile_robot_environment.json,283
10.5772/26767,Q01,285,17.231045,raw_crossref\Q01_mobile_robot_environment.json,284
10.1109/i2mtc.2015.7151405,Q01,286,17.226753,raw_crossref\Q01_mobile_robot_environment.json,285
10.1364/ao.42.003583,Q01,287,17.224426,raw_crossref\Q01_mobile_robot_environment.json,286
10.1108/ir.2002.04929cad.010,Q01,288,17.215273,raw_crossref\Q01_mobile_robot_environment.json,287
10.1109/iros.2009.5354367,Q01,289,17.210936,raw_crossref\Q01_mobile_robot_environment.json,288
10.3182/20130925-3-fr-4043.00009,Q01,290,17.210936,raw_crossref\Q01_mobile_robot_environment.json,289
10.1201/9781315152691-14,Q01,291,17.205956,raw_crossref\Q01_mobile_robot_environment.json,290
10.13052/1550-4646.15122,Q01,292,17.205421,raw_crossref\Q01_mobile_robot_environment.json,291
10.21279/1454-864x-20-i1-014,Q01,293,17.201385,raw_crossref\Q01_mobile_robot_environment.json,292
10.1109/wowmom.2016.7523519,Q01,294,17.199924,raw_crossref\Q01_mobile_robot_environment.json,293
10.1109/tro.2024.3420798,Q01,295,17.190311,raw_crossref\Q01_mobile_robot_environment.json,294
10.1109/icma.2013.6617969,Q01,296,17.189312,raw_crossref\Q01_mobile_robot_environment.json,295
10.3997/2214-4609.2022580094,Q01,297,17.188282,raw_crossref\Q01_mobile_robot_environment.json,296
10.1109/aeeca49918.2020.9213466,Q01,298,17.187632,raw_crossref\Q01_mobile_robot_environment.json,297
10.1109/sii.2013.6776659,Q01,299,17.18058,raw_crossref\Q01_mobile_robot_environment.json,298
10.1088/1755-1315/194/2/022030,Q01,300,17.180166,raw_crossref\Q01_mobile_robot_environment.json,299
10.1115/imece2007-41181,Q01,301,17.17346,raw_crossref\Q01_mobile_robot_environment.json,300
10.1109/icarsc55462.2022.9784769,Q01,302,17.172256,raw_crossref\Q01_mobile_robot_environment.json,301
10.1109/icra.2011.5979873,Q01,303,17.171684,raw_crossref\Q01_mobile_robot_environment.json,302
10.1117/12.970006,Q01,304,17.16522,raw_crossref\Q01_mobile_robot_environment.json,303
10.23880/art-16000106,Q01,305,17.157013,raw_crossref\Q01_mobile_robot_environment.json,304
10.21275/v5i1.nov152938,Q01,306,17.153843,raw_crossref\Q01_mobile_robot_environment.json,305
10.51202/9783690301312-39,Q01,307,17.152744,raw_crossref\Q01_mobile_robot_environment.json,306
10.1109/icara.2000.4803936,Q01,308,17.146858,raw_crossref\Q01_mobile_robot_environment.json,307
10.1109/icma.2016.7558636,Q01,309,17.141052,raw_crossref\Q01_mobile_robot_environment.json,308
10.5220/0012172900003543,Q01,310,17.140846,raw_crossref\Q01_mobile_robot_environment.json,309
10.1109/icici68773.2026.11580605,Q01,311,17.132444,raw_crossref\Q01_mobile_robot_environment.json,310
10.1109/lcsys.2021.3110940,Q01,312,17.118063,raw_crossref\Q01_mobile_robot_environment.json,311
10.3389/frobt.2018.00052,Q01,313,17.11057,raw_crossref\Q01_mobile_robot_environment.json,312
10.1109/access.2026.3712023,Q01,314,17.109175,raw_crossref\Q01_mobile_robot_environment.json,313
10.1109/icirca65293.2025.11089905,Q01,315,17.089437,raw_crossref\Q01_mobile_robot_environment.json,314
10.1299/jsmermd.2005.167_3,Q01,316,17.075468,raw_crossref\Q01_mobile_robot_environment.json,315
10.5772/5489,Q01,317,17.073147,raw_crossref\Q01_mobile_robot_environment.json,316
10.25170/cylinder.v12i1.7901,Q01,318,17.049109,raw_crossref\Q01_mobile_robot_environment.json,317
10.5772/8991,Q01,319,17.038916,raw_crossref\Q01_mobile_robot_environment.json,318
10.1142/9789814415958_0016,Q01,320,17.03494,raw_crossref\Q01_mobile_robot_environment.json,319
10.1109/tmc.2007.1041,Q01,321,17.026588,raw_crossref\Q01_mobile_robot_environment.json,320
10.1117/12.969866,Q01,322,17.023848,raw_crossref\Q01_mobile_robot_environment.json,321
10.1201/9781315152691-13,Q01,323,17.018328,raw_crossref\Q01_mobile_robot_environment.json,322
10.1007/978-3-031-26564-8_5,Q01,324,17.017841,raw_crossref\Q01_mobile_robot_environment.json,323
10.1108/ir.2012.04939caa.003,Q01,325,17.01476,raw_crossref\Q01_mobile_robot_environment.json,324
10.5772/26256,Q01,326,17.011517,raw_crossref\Q01_mobile_robot_environment.json,325
10.5772/4776,Q01,327,17.006271,raw_crossref\Q01_mobile_robot_environment.json,326
10.1002/9781119534839.ch2,Q01,328,17.004745,raw_crossref\Q01_mobile_robot_environment.json,327
10.32920/16811227.v2,Q01,329,16.999195,raw_crossref\Q01_mobile_robot_environment.json,328
10.32920/16811227.v1,Q01,330,16.999195,raw_crossref\Q01_mobile_robot_environment.json,329
10.37686/asr.v1i1.65,Q01,331,16.993217,raw_crossref\Q01_mobile_robot_environment.json,330
10.1109/ur65550.2025.11077987,Q01,332,16.991486,raw_crossref\Q01_mobile_robot_environment.json,331
10.1007/s10661-020-08769-2,Q01,333,16.99017,raw_crossref\Q01_mobile_robot_environment.json,332
10.1007/978-3-319-59415-6_36,Q01,334,16.98937,raw_crossref\Q01_mobile_robot_environment.json,333
10.1007/978-981-13-9217-7_2,Q01,335,16.98924,raw_crossref\Q01_mobile_robot_environment.json,334
10.1016/j.autcon.2022.104477,Q01,336,16.987917,raw_crossref\Q01_mobile_robot_environment.json,335
10.1115/imece2007-41385,Q01,337,16.984627,raw_crossref\Q01_mobile_robot_environment.json,336
10.32920/16811227,Q01,338,16.982712,raw_crossref\Q01_mobile_robot_environment.json,337
10.1080/09593330.2017.1332106,Q01,339,16.981262,raw_crossref\Q01_mobile_robot_environment.json,338
10.21236/ada265003,Q01,340,16.97865,raw_crossref\Q01_mobile_robot_environment.json,339
10.1016/b978-0-12-417049-0.00016-x,Q01,341,16.97865,raw_crossref\Q01_mobile_robot_environment.json,340
10.1109/raai67517.2025.11423071,Q01,342,16.974197,raw_crossref\Q01_mobile_robot_environment.json,341
10.32347/2411-4049.2021.2.121-128,Q01,343,16.974195,raw_crossref\Q01_mobile_robot_environment.json,342
10.3390/s19102399,Q01,344,16.970783,raw_crossref\Q01_mobile_robot_environment.json,343
10.1109/tdc.2008.4517245,Q01,345,16.969938,raw_crossref\Q01_mobile_robot_environment.json,344
10.1109/tro.2008.921567,Q01,346,16.967972,raw_crossref\Q01_mobile_robot_environment.json,345
10.1163/156855304773822509,Q01,347,16.96634,raw_crossref\Q01_mobile_robot_environment.json,346
10.1109/sensors56945.2023.10325150,Q01,348,16.966236,raw_crossref\Q01_mobile_robot_environment.json,347
10.1109/sii46433.2020.9026173,Q01,349,16.9662,raw_crossref\Q01_mobile_robot_environment.json,348
10.1109/fuzz52849.2023.10309698,Q01,350,16.965687,raw_crossref\Q01_mobile_robot_environment.json,349
10.1109/icoict.2013.6574610,Q01,351,16.962986,raw_crossref\Q01_mobile_robot_environment.json,350
10.20944/preprints202104.0588.v2,Q01,352,16.960882,raw_crossref\Q01_mobile_robot_environment.json,351
10.5194/egusphere-egu23-12542,Q01,353,16.95367,raw_crossref\Q01_mobile_robot_environment.json,352
10.3724/sp.j.1218.2013.00449,Q01,354,16.953104,raw_crossref\Q01_mobile_robot_environment.json,353
10.23919/mipro48935.2020.9245165,Q01,355,16.950912,raw_crossref\Q01_mobile_robot_environment.json,354
10.1109/robot.2010.5509459,Q01,356,16.94585,raw_crossref\Q01_mobile_robot_environment.json,355
10.1109/iccae.2009.52,Q01,357,16.944708,raw_crossref\Q01_mobile_robot_environment.json,356
10.3724/sp.j.1218.2012.00144,Q01,358,16.943539,raw_crossref\Q01_mobile_robot_environment.json,357
10.1109/ijcnn55064.2022.9892864,Q01,359,16.94068,raw_crossref\Q01_mobile_robot_environment.json,358
10.1201/9781315226187-293,Q01,360,16.93338,raw_crossref\Q01_mobile_robot_environment.json,359
10.1108/ir-12-2022-0316,Q01,361,16.921377,raw_crossref\Q01_mobile_robot_environment.json,360
10.5220/0005833003040310,Q01,362,16.910017,raw_crossref\Q01_mobile_robot_environment.json,361
10.5772/29328,Q01,363,16.878178,raw_crossref\Q01_mobile_robot_environment.json,362
10.3389/frobt.2024.1336612,Q01,364,16.870533,raw_crossref\Q01_mobile_robot_environment.json,363
10.1109/crv.2015.10,Q01,365,16.870035,raw_crossref\Q01_mobile_robot_environment.json,364
10.1109/icra.2013.6630701,Q01,366,16.869785,raw_crossref\Q01_mobile_robot_environment.json,365
10.13180/rane.2022.23.04.26,Q01,367,16.867529,raw_crossref\Q01_mobile_robot_environment.json,366
10.1007/978-981-13-9217-7_13,Q01,368,16.864254,raw_crossref\Q01_mobile_robot_environment.json,367
10.1007/978-3-030-36150-1_28,Q01,369,16.85975,raw_crossref\Q01_mobile_robot_environment.json,368
10.3724/sp.j.1218.2011.00273,Q01,370,16.844643,raw_crossref\Q01_mobile_robot_environment.json,369
10.5772/9268,Q01,371,16.8342,raw_crossref\Q01_mobile_robot_environment.json,370
10.3724/sp.j.1218.2012.00321,Q01,372,16.834024,raw_crossref\Q01_mobile_robot_environment.json,371
10.21275/v5i1.nov152937,Q01,373,16.831951,raw_crossref\Q01_mobile_robot_environment.json,372
10.5772/9256,Q01,374,16.826962,raw_crossref\Q01_mobile_robot_environment.json,373
10.1201/9781315372549-6,Q01,375,16.819057,raw_crossref\Q01_mobile_robot_environment.json,374
10.1007/978-3-642-33515-0_3,Q01,376,16.814707,raw_crossref\Q01_mobile_robot_environment.json,375
10.1016/j.envpol.2026.128916,Q01,377,16.812126,raw_crossref\Q01_mobile_robot_environment.json,376
10.1080/09593330.2015.1125394,Q01,378,16.803242,raw_crossref\Q01_mobile_robot_environment.json,377
10.1201/9781003352426-4,Q01,379,16.802637,raw_crossref\Q01_mobile_robot_environment.json,378
10.21685/2307-5538-2025-2-7,Q01,380,16.79266,raw_crossref\Q01_mobile_robot_environment.json,379
10.1016/j.envpol.2017.06.071,Q01,381,16.791626,raw_crossref\Q01_mobile_robot_environment.json,380
10.1007/s10661-018-6510-0,Q01,382,16.790867,raw_crossref\Q01_mobile_robot_environment.json,381
10.21685/2307-5538-2025-3-7,Q01,383,16.781652,raw_crossref\Q01_mobile_robot_environment.json,382
10.1016/j.robot.2006.09.003,Q01,384,16.781345,raw_crossref\Q01_mobile_robot_environment.json,383
10.1109/acirs.2016.7556179,Q01,385,16.777864,raw_crossref\Q01_mobile_robot_environment.json,384
10.1088/1742-6596/2243/1/012038,Q01,386,16.777174,raw_crossref\Q01_mobile_robot_environment.json,385
10.1145/2783449.2783458,Q01,387,16.773819,raw_crossref\Q01_mobile_robot_environment.json,386
10.1007/978-3-642-24106-2_38,Q01,388,16.771881,raw_crossref\Q01_mobile_robot_environment.json,387
10.5040/9781350985841.ch-004,Q01,389,16.770222,raw_crossref\Q01_mobile_robot_environment.json,388
10.1109/pimrc.2018.8580783,Q01,390,16.768295,raw_crossref\Q01_mobile_robot_environment.json,389
10.1109/tepra.2014.6869136,Q01,391,16.766132,raw_crossref\Q01_mobile_robot_environment.json,390
10.1080/08839510490250097,Q01,392,16.766132,raw_crossref\Q01_mobile_robot_environment.json,391
10.1016/j.procs.2015.07.247,Q01,393,16.763592,raw_crossref\Q01_mobile_robot_environment.json,392
10.1201/9781315226187-281,Q01,394,16.760197,raw_crossref\Q01_mobile_robot_environment.json,393
10.1201/9781315116242-95,Q01,395,16.758564,raw_crossref\Q01_mobile_robot_environment.json,394
10.5194/egusphere-egu26-20279,Q01,396,16.756405,raw_crossref\Q01_mobile_robot_environment.json,395
10.1109/ichst66555.2025.11428366,Q01,397,16.748514,raw_crossref\Q01_mobile_robot_environment.json,396
10.1109/wicom.2009.5302887,Q01,398,16.745485,raw_crossref\Q01_mobile_robot_environment.json,397
10.2316/p.2014.820-001,Q01,399,16.740448,raw_crossref\Q01_mobile_robot_environment.json,398
10.1109/mhtc65808.2025.11086438,Q01,400,16.738857,raw_crossref\Q01_mobile_robot_environment.json,399
10.1115/1.860069_ch3,Q01,401,16.73831,raw_crossref\Q01_mobile_robot_environment.json,400
10.1007/978-3-030-75793-9_44,Q01,402,16.735607,raw_crossref\Q01_mobile_robot_environment.json,401
10.1007/978-1-4471-1273-0_33,Q01,403,16.725191,raw_crossref\Q01_mobile_robot_environment.json,402
10.2139/ssrn.5260217,Q01,404,16.722275,raw_crossref\Q01_mobile_robot_environment.json,403
10.1037/t53667-000,Q01,405,16.71428,raw_crossref\Q01_mobile_robot_environment.json,404
10.1016/j.jenvman.2015.12.012,Q01,406,16.710094,raw_crossref\Q01_mobile_robot_environment.json,405
10.21236/ada433772,Q01,407,16.700287,raw_crossref\Q01_mobile_robot_environment.json,406
10.1016/b978-0-12-417049-0.00023-7,Q01,408,16.696426,raw_crossref\Q01_mobile_robot_environment.json,407
10.3850/978-981-11-0783-2_308,Q01,409,16.691898,raw_crossref\Q01_mobile_robot_environment.json,408
10.1039/b818477a,Q01,410,16.689646,raw_crossref\Q01_mobile_robot_environment.json,409
10.1016/b978-0-12-417049-0.00017-1,Q01,411,16.68912,raw_crossref\Q01_mobile_robot_environment.json,410
10.1016/j.pmcj.2012.09.002,Q01,412,16.67863,raw_crossref\Q01_mobile_robot_environment.json,411
10.1109/rdcape52977.2021.9633444,Q01,413,16.665195,raw_crossref\Q01_mobile_robot_environment.json,412
10.5772/6829,Q01,414,16.648327,raw_crossref\Q01_mobile_robot_environment.json,413
10.1109/icra55743.2025.11127963,Q01,415,16.64607,raw_crossref\Q01_mobile_robot_environment.json,414
10.1007/978-1-4615-3192-0_11,Q01,416,16.644428,raw_crossref\Q01_mobile_robot_environment.json,415
10.1109/roman.2010.5598736,Q01,417,16.644428,raw_crossref\Q01_mobile_robot_environment.json,416
10.1007/978-3-662-07896-9_19,Q01,418,16.639511,raw_crossref\Q01_mobile_robot_environment.json,417
10.5772/8997,Q01,419,16.63926,raw_crossref\Q01_mobile_robot_environment.json,418
10.1016/j.envsoft.2018.03.010,Q01,420,16.639088,raw_crossref\Q01_mobile_robot_environment.json,419
10.1109/ecmr.2013.6698846,Q01,421,16.63852,raw_crossref\Q01_mobile_robot_environment.json,420
10.5772/8979,Q01,422,16.638397,raw_crossref\Q01_mobile_robot_environment.json,421
10.1126/scirobotics.adt0930,Q01,423,16.63727,raw_crossref\Q01_mobile_robot_environment.json,422
10.5772/17346,Q01,424,16.63525,raw_crossref\Q01_mobile_robot_environment.json,423
10.1007/s10514-006-7536-7,Q01,425,16.63525,raw_crossref\Q01_mobile_robot_environment.json,424
10.1109/roman.2008.4600712,Q01,426,16.634548,raw_crossref\Q01_mobile_robot_environment.json,425
10.1016/j.envpol.2025.126222,Q01,427,16.607828,raw_crossref\Q01_mobile_robot_environment.json,426
10.21203/rs.3.rs-10175959/v1,Q01,428,16.605759,raw_crossref\Q01_mobile_robot_environment.json,427
10.26634/jmt.1.1.2913,Q01,429,16.605492,raw_crossref\Q01_mobile_robot_environment.json,428
10.1002/3527604405.ch10,Q01,430,16.600517,raw_crossref\Q01_mobile_robot_environment.json,429
10.1142/9789812812483_0004,Q01,431,16.600517,raw_crossref\Q01_mobile_robot_environment.json,430
10.1038/s41598-025-16806-8,Q01,432,16.597534,raw_crossref\Q01_mobile_robot_environment.json,431
10.3390/math12192965,Q01,433,16.597054,raw_crossref\Q01_mobile_robot_environment.json,432
10.1109/icit64950.2025.11049251,Q01,434,16.596931,raw_crossref\Q01_mobile_robot_environment.json,433
10.1134/s1064226926605106,Q01,435,16.596931,raw_crossref\Q01_mobile_robot_environment.json,434
10.1016/j.robot.2012.07.012,Q01,436,16.594612,raw_crossref\Q01_mobile_robot_environment.json,435
10.1109/robot.2010.5509561,Q01,437,16.589703,raw_crossref\Q01_mobile_robot_environment.json,436
10.1007/978-3-032-30274-8_32,Q01,438,16.587484,raw_crossref\Q01_mobile_robot_environment.json,437
10.1115/1.4066618,Q01,439,16.58641,raw_crossref\Q01_mobile_robot_environment.json,438
10.1109/dtis.2012.6232944,Q01,440,16.576368,raw_crossref\Q01_mobile_robot_environment.json,439
10.5220/0005509500150023,Q01,441,16.574368,raw_crossref\Q01_mobile_robot_environment.json,440
10.1201/9780203495476-26,Q01,442,16.570065,raw_crossref\Q01_mobile_robot_environment.json,441
10.15575/telka.v7n2.120-133,Q01,443,16.568245,raw_crossref\Q01_mobile_robot_environment.json,442
10.5220/0006727303090317,Q01,444,16.556328,raw_crossref\Q01_mobile_robot_environment.json,443
10.1142/9789814730518_0061,Q01,445,16.537865,raw_crossref\Q01_mobile_robot_environment.json,444
10.1088/1755-1315/128/1/012130,Q01,446,16.537712,raw_crossref\Q01_mobile_robot_environment.json,445
10.1109/wicom.2009.5303846,Q01,447,16.531855,raw_crossref\Q01_mobile_robot_environment.json,446
10.3390/s18082547,Q01,448,16.528282,raw_crossref\Q01_mobile_robot_environment.json,447
10.1016/j.jocs.2020.101205,Q01,449,16.52751,raw_crossref\Q01_mobile_robot_environment.json,448
10.2172/354984,Q01,450,16.527107,raw_crossref\Q01_mobile_robot_environment.json,449
10.1504/ijee.2024.10063269,Q01,451,16.520739,raw_crossref\Q01_mobile_robot_environment.json,450
10.1109/upinlbs.2010.5653572,Q01,452,16.519325,raw_crossref\Q01_mobile_robot_environment.json,451
10.1109/eesms.2015.7175854,Q01,453,16.515495,raw_crossref\Q01_mobile_robot_environment.json,452
10.1109/wicom.2007.584,Q01,454,16.505419,raw_crossref\Q01_mobile_robot_environment.json,453
10.1108/ir-07-2013-377,Q01,455,16.494896,raw_crossref\Q01_mobile_robot_environment.json,454
10.1007/978-3-642-79629-6_19,Q01,456,16.493036,raw_crossref\Q01_mobile_robot_environment.json,455
10.1109/mesa.2010.5552026,Q01,457,16.493036,raw_crossref\Q01_mobile_robot_environment.json,456
10.1109/lra.2021.3135928,Q01,458,16.475689,raw_crossref\Q01_mobile_robot_environment.json,457
10.1109/tro.2019.2936747,Q01,459,16.467073,raw_crossref\Q01_mobile_robot_environment.json,458
10.15445/02012015.108,Q01,460,16.466385,raw_crossref\Q01_mobile_robot_environment.json,459
10.1016/j.envsoft.2022.105600,Q01,461,16.465017,raw_crossref\Q01_mobile_robot_environment.json,460
10.1108/01439910310506828,Q01,462,16.461552,raw_crossref\Q01_mobile_robot_environment.json,461
10.3724/sp.j.1218.2013.00651,Q01,463,16.460499,raw_crossref\Q01_mobile_robot_environment.json,462
10.3724/sp.j.1218.2013.00208,Q01,464,16.451765,raw_crossref\Q01_mobile_robot_environment.json,463
10.5220/0010107100820089,Q01,465,16.451086,raw_crossref\Q01_mobile_robot_environment.json,464
10.5772/intechopen.81195,Q01,466,16.450031,raw_crossref\Q01_mobile_robot_environment.json,465
10.1142/9789812835772_0009,Q01,467,16.450031,raw_crossref\Q01_mobile_robot_environment.json,466
10.1142/9789814368612_0005,Q01,468,16.448967,raw_crossref\Q01_mobile_robot_environment.json,467
10.1142/9789814623353_0002,Q01,469,16.448967,raw_crossref\Q01_mobile_robot_environment.json,468
10.5772/25573,Q01,470,16.448967,raw_crossref\Q01_mobile_robot_environment.json,469
10.15760/etd.6178,Q01,471,16.447603,raw_crossref\Q01_mobile_robot_environment.json,470
10.1201/9781439863985-15,Q01,472,16.445286,raw_crossref\Q01_mobile_robot_environment.json,471
10.1007/978-3-642-04025-2_9,Q01,473,16.442772,raw_crossref\Q01_mobile_robot_environment.json,472
10.5772/9001,Q01,474,16.44229,raw_crossref\Q01_mobile_robot_environment.json,473
10.1201/9781439863985-17,Q01,475,16.442186,raw_crossref\Q01_mobile_robot_environment.json,474
10.35745/ijesp2025v05.04.0002,Q01,476,16.441784,raw_crossref\Q01_mobile_robot_environment.json,475
10.5772/10672,Q01,477,16.44071,raw_crossref\Q01_mobile_robot_environment.json,476
10.3724/sp.j.1218.2012.00476,Q01,478,16.438992,raw_crossref\Q01_mobile_robot_environment.json,477
10.1201/9781439863985-16,Q01,479,16.438463,raw_crossref\Q01_mobile_robot_environment.json,478
10.1017/9781108682404.017,Q01,480,16.438463,raw_crossref\Q01_mobile_robot_environment.json,479
10.2139/ssrn.5236842,Q01,481,16.434305,raw_crossref\Q01_mobile_robot_environment.json,480
10.1088/1742-6596/1572/1/012016,Q01,482,16.433002,raw_crossref\Q01_mobile_robot_environment.json,481
10.1007/978-1-4613-8997-2_16,Q01,483,16.428825,raw_crossref\Q01_mobile_robot_environment.json,482
10.1017/9781108682404.015,Q01,484,16.427319,raw_crossref\Q01_mobile_robot_environment.json,483
10.1109/afrcon.2011.6072188,Q01,485,16.423431,raw_crossref\Q01_mobile_robot_environment.json,484
10.23919/iccas59377.2023.10317015,Q01,486,16.423244,raw_crossref\Q01_mobile_robot_environment.json,485
10.1142/9789812835772_0131,Q01,487,16.41534,raw_crossref\Q01_mobile_robot_environment.json,486
10.2172/6683886,Q01,488,16.412361,raw_crossref\Q01_mobile_robot_environment.json,487
10.5772/intechopen.108315,Q01,489,16.411741,raw_crossref\Q01_mobile_robot_environment.json,488
10.5772/26610,Q01,490,16.411741,raw_crossref\Q01_mobile_robot_environment.json,489
10.1109/med51440.2021.9480231,Q01,491,16.407034,raw_crossref\Q01_mobile_robot_environment.json,490
10.1142/9789814415958_0042,Q01,492,16.406742,raw_crossref\Q01_mobile_robot_environment.json,491
10.5772/8977,Q01,493,16.406742,raw_crossref\Q01_mobile_robot_environment.json,492
10.1007/s11517-022-02712-y,Q01,494,16.40318,raw_crossref\Q01_mobile_robot_environment.json,493
10.1016/b978-0-12-417049-0.00028-6,Q01,495,16.403019,raw_crossref\Q01_mobile_robot_environment.json,494
10.1007/978-3-319-76072-8_9,Q01,496,16.39768,raw_crossref\Q01_mobile_robot_environment.json,495
10.1109/icorr.2017.8009347,Q01,497,16.39302,raw_crossref\Q01_mobile_robot_environment.json,496
10.36381/iamsti.2.2019.36-45,Q01,498,16.38891,raw_crossref\Q01_mobile_robot_environment.json,497
10.5772/64704,Q01,499,16.36758,raw_crossref\Q01_mobile_robot_environment.json,498
10.3724/sp.j.1004.2010.01279,Q01,500,16.354965,raw_crossref\Q01_mobile_robot_environment.json,499
10.3390/app12073598,Q02,1,34.714897,raw_crossref\Q02_ground_rover_air_quality.json,0
10.3390/environsciproc2022018018,Q02,2,33.769463,raw_crossref\Q02_ground_rover_air_quality.json,1
10.1109/cira.2007.382909,Q02,3,33.266,raw_crossref\Q02_ground_rover_air_quality.json,2
10.21070/pels.v2i2.1244,Q02,4,31.518373,raw_crossref\Q02_ground_rover_air_quality.json,3
10.2514/6.2001-3433,Q02,5,31.303816,raw_crossref\Q02_ground_rover_air_quality.json,4
10.2139/ssrn.5235245,Q02,6,31.256023,raw_crossref\Q02_ground_rover_air_quality.json,5
10.2139/ssrn.4980002,Q02,7,31.18509,raw_crossref\Q02_ground_rover_air_quality.json,6
10.3390/rs17203413,Q02,8,31.101543,raw_crossref\Q02_ground_rover_air_quality.json,7
10.1117/12.541815,Q02,9,30.647512,raw_crossref\Q02_ground_rover_air_quality.json,8
10.2514/6.2010-3368,Q02,10,30.348217,raw_crossref\Q02_ground_rover_air_quality.json,9
10.1007/978-981-96-3568-9_43,Q02,11,30.307817,raw_crossref\Q02_ground_rover_air_quality.json,10
10.36334/modsim.2013.c10.xu,Q02,12,30.213684,raw_crossref\Q02_ground_rover_air_quality.json,11
10.1007/978-981-97-6266-8_3,Q02,13,29.951038,raw_crossref\Q02_ground_rover_air_quality.json,12
10.1063/1.5066535,Q02,14,29.932198,raw_crossref\Q02_ground_rover_air_quality.json,13
10.21236/ada406303,Q02,15,29.831007,raw_crossref\Q02_ground_rover_air_quality.json,14
10.1117/12.605254,Q02,16,29.647388,raw_crossref\Q02_ground_rover_air_quality.json,15
10.19101/ijatee.2021.875446,Q02,17,29.56126,raw_crossref\Q02_ground_rover_air_quality.json,16
10.23883/ijrter.2018.4011.bmel0,Q02,18,29.223934,raw_crossref\Q02_ground_rover_air_quality.json,17
10.21236/ada434099,Q02,19,29.194244,raw_crossref\Q02_ground_rover_air_quality.json,18
10.1109/access.2025.3626685,Q02,20,29.190659,raw_crossref\Q02_ground_rover_air_quality.json,19
10.1145/3102304.3102339,Q02,21,28.865086,raw_crossref\Q02_ground_rover_air_quality.json,20
10.2514/6.1995-1911,Q02,22,28.72564,raw_crossref\Q02_ground_rover_air_quality.json,21
10.2514/6.1997-1421,Q02,23,28.659397,raw_crossref\Q02_ground_rover_air_quality.json,22
10.1201/9781003385615-11,Q02,24,28.655603,raw_crossref\Q02_ground_rover_air_quality.json,23
10.1117/12.474448,Q02,25,28.585155,raw_crossref\Q02_ground_rover_air_quality.json,24
10.2139/ssrn.3630790,Q02,26,28.347393,raw_crossref\Q02_ground_rover_air_quality.json,25
10.36227/techrxiv.175328558.82653487/v1,Q02,27,28.262787,raw_crossref\Q02_ground_rover_air_quality.json,26
10.21236/ada568455,Q02,28,28.215265,raw_crossref\Q02_ground_rover_air_quality.json,27
10.21236/ada500105,Q02,29,28.198494,raw_crossref\Q02_ground_rover_air_quality.json,28
10.3390/s22051706,Q02,30,28.185272,raw_crossref\Q02_ground_rover_air_quality.json,29
10.1139/juvs-2018-0013,Q02,31,28.10851,raw_crossref\Q02_ground_rover_air_quality.json,30
10.1007/s11270-020-04973-5,Q02,32,28.022873,raw_crossref\Q02_ground_rover_air_quality.json,31
10.21275/sr22619100213,Q02,33,28.008373,raw_crossref\Q02_ground_rover_air_quality.json,32
10.3390/s20082332,Q02,34,27.969007,raw_crossref\Q02_ground_rover_air_quality.json,33
10.5194/ems2025-459,Q02,35,27.920288,raw_crossref\Q02_ground_rover_air_quality.json,34
10.1117/12.474440,Q02,36,27.883278,raw_crossref\Q02_ground_rover_air_quality.json,35
10.21236/ada607968,Q02,37,27.822342,raw_crossref\Q02_ground_rover_air_quality.json,36
10.2139/ssrn.5747004,Q02,38,27.699112,raw_crossref\Q02_ground_rover_air_quality.json,37
10.2514/6.2018-4276,Q02,39,27.69356,raw_crossref\Q02_ground_rover_air_quality.json,38
10.3390/drones8110677,Q02,40,27.5461,raw_crossref\Q02_ground_rover_air_quality.json,39
10.1117/12.604198,Q02,41,27.541286,raw_crossref\Q02_ground_rover_air_quality.json,40
10.1117/12.602887,Q02,42,27.474604,raw_crossref\Q02_ground_rover_air_quality.json,41
10.1117/12.354459,Q02,43,27.41877,raw_crossref\Q02_ground_rover_air_quality.json,42
10.2514/6.2003-6612,Q02,44,27.268915,raw_crossref\Q02_ground_rover_air_quality.json,43
10.1299/jsmemsd.2013.53,Q02,45,27.205482,raw_crossref\Q02_ground_rover_air_quality.json,44
10.3390/rs11141700,Q02,46,27.05558,raw_crossref\Q02_ground_rover_air_quality.json,45
10.1007/978-981-96-9662-8_2,Q02,47,27.044415,raw_crossref\Q02_ground_rover_air_quality.json,46
10.1061/9780784485293.063,Q02,48,27.034405,raw_crossref\Q02_ground_rover_air_quality.json,47
10.1109/sagc52752.2021.00036,Q02,49,27.024767,raw_crossref\Q02_ground_rover_air_quality.json,48
10.1007/s12046-025-02838-3,Q02,50,26.991215,raw_crossref\Q02_ground_rover_air_quality.json,49
10.21236/ada422022,Q02,51,26.983929,raw_crossref\Q02_ground_rover_air_quality.json,50
10.21236/ada563950,Q02,52,26.960228,raw_crossref\Q02_ground_rover_air_quality.json,51
10.1117/12.3025483,Q02,53,26.925865,raw_crossref\Q02_ground_rover_air_quality.json,52
10.1016/j.phycom.2021.101439,Q02,54,26.919193,raw_crossref\Q02_ground_rover_air_quality.json,53
10.1049/el.2014.3309,Q02,55,26.606277,raw_crossref\Q02_ground_rover_air_quality.json,54
10.1109/icuas57906.2023.10156577,Q02,56,26.590069,raw_crossref\Q02_ground_rover_air_quality.json,55
10.2139/ssrn.3994293,Q02,57,26.508661,raw_crossref\Q02_ground_rover_air_quality.json,56
10.21236/ada495124,Q02,58,26.465977,raw_crossref\Q02_ground_rover_air_quality.json,57
10.1117/12.2663661,Q02,59,26.39464,raw_crossref\Q02_ground_rover_air_quality.json,58
10.3390/drones7100613,Q02,60,26.380592,raw_crossref\Q02_ground_rover_air_quality.json,59
10.1117/12.440005,Q02,61,26.367075,raw_crossref\Q02_ground_rover_air_quality.json,60
10.1109/ice3is59323.2023.10335256,Q02,62,26.365597,raw_crossref\Q02_ground_rover_air_quality.json,61
10.36001/phmconf.2023.v15i1.3539,Q02,63,26.336355,raw_crossref\Q02_ground_rover_air_quality.json,62
10.1117/12.544825,Q02,64,26.260904,raw_crossref\Q02_ground_rover_air_quality.json,63
10.21236/ada460842,Q02,65,26.227482,raw_crossref\Q02_ground_rover_air_quality.json,64
10.1109/ies55876.2022.9888714,Q02,66,26.156075,raw_crossref\Q02_ground_rover_air_quality.json,65
10.1117/12.918089,Q02,67,26.137705,raw_crossref\Q02_ground_rover_air_quality.json,66
10.1109/ssrr.2013.6719376,Q02,68,26.131226,raw_crossref\Q02_ground_rover_air_quality.json,67
10.21236/ada320267,Q02,69,26.130981,raw_crossref\Q02_ground_rover_air_quality.json,68
10.3390/drones10020151,Q02,70,26.128532,raw_crossref\Q02_ground_rover_air_quality.json,69
10.3390/rs14092052,Q02,71,26.116974,raw_crossref\Q02_ground_rover_air_quality.json,70
10.1109/vtc2025-fall65116.2025.11309939,Q02,72,25.998867,raw_crossref\Q02_ground_rover_air_quality.json,71
10.1109/ccta.2017.8062747,Q02,73,25.970552,raw_crossref\Q02_ground_rover_air_quality.json,72
10.23919/spa50552.2020.9241299,Q02,74,25.96926,raw_crossref\Q02_ground_rover_air_quality.json,73
10.1117/12.2558324,Q02,75,25.96655,raw_crossref\Q02_ground_rover_air_quality.json,74
10.1117/12.604116,Q02,76,25.959312,raw_crossref\Q02_ground_rover_air_quality.json,75
10.1016/j.ohx.2022.e00369,Q02,77,25.916847,raw_crossref\Q02_ground_rover_air_quality.json,76
10.1109/ies55876.2022.9888466,Q02,78,25.909082,raw_crossref\Q02_ground_rover_air_quality.json,77
10.1117/12.544715,Q02,79,25.896833,raw_crossref\Q02_ground_rover_air_quality.json,78
10.1007/978-981-96-9662-8_1,Q02,80,25.869438,raw_crossref\Q02_ground_rover_air_quality.json,79
10.3390/rs12060940,Q02,81,25.866096,raw_crossref\Q02_ground_rover_air_quality.json,80
10.3390/drones10060470,Q02,82,25.845238,raw_crossref\Q02_ground_rover_air_quality.json,81
10.1109/icus.2017.8278330,Q02,83,25.805603,raw_crossref\Q02_ground_rover_air_quality.json,82
10.19111/bulletinofmre.524179,Q02,84,25.803972,raw_crossref\Q02_ground_rover_air_quality.json,83
10.1016/j.ifacol.2016.10.002,Q02,85,25.734728,raw_crossref\Q02_ground_rover_air_quality.json,84
10.1111/risa.17685,Q02,86,25.719336,raw_crossref\Q02_ground_rover_air_quality.json,85
10.23919/eucap68105.2026.11612537,Q02,87,25.716324,raw_crossref\Q02_ground_rover_air_quality.json,86
10.1139/juvs-2015-0029,Q02,88,25.710903,raw_crossref\Q02_ground_rover_air_quality.json,87
10.26599/etsd.2024.9190032,Q02,89,25.701626,raw_crossref\Q02_ground_rover_air_quality.json,88
10.3390/automation5030020,Q02,90,25.665564,raw_crossref\Q02_ground_rover_air_quality.json,89
10.31838/jcr.07.12.81,Q02,91,25.664803,raw_crossref\Q02_ground_rover_air_quality.json,90
10.1016/j.ecoinf.2021.101421,Q02,92,25.660866,raw_crossref\Q02_ground_rover_air_quality.json,91
10.3390/drones8050180,Q02,93,25.654692,raw_crossref\Q02_ground_rover_air_quality.json,92
10.1007/978-3-031-45605-3_2,Q02,94,25.638357,raw_crossref\Q02_ground_rover_air_quality.json,93
10.18494/sam4174,Q02,95,25.638357,raw_crossref\Q02_ground_rover_air_quality.json,94
10.1016/j.ifacol.2023.10.094,Q02,96,25.629341,raw_crossref\Q02_ground_rover_air_quality.json,95
10.21236/ada495209,Q02,97,25.59825,raw_crossref\Q02_ground_rover_air_quality.json,96
10.38013/2542-0542-2016-4-72-80,Q02,98,25.565605,raw_crossref\Q02_ground_rover_air_quality.json,97
10.2514/6.2024-1696,Q02,99,25.552788,raw_crossref\Q02_ground_rover_air_quality.json,98
10.1139/juvs-2016-0036,Q02,100,25.523987,raw_crossref\Q02_ground_rover_air_quality.json,99
10.2514/6.2012-2587,Q02,101,25.516708,raw_crossref\Q02_ground_rover_air_quality.json,100
10.1007/978-94-010-0312-4_44,Q02,102,25.515509,raw_crossref\Q02_ground_rover_air_quality.json,101
10.1117/12.604693,Q02,103,25.513844,raw_crossref\Q02_ground_rover_air_quality.json,102
10.1115/1.4071125,Q02,104,25.488197,raw_crossref\Q02_ground_rover_air_quality.json,103
10.1109/icicict46008.2019.8993292,Q02,105,25.481354,raw_crossref\Q02_ground_rover_air_quality.json,104
10.65218/jius.2026.123,Q02,106,25.460094,raw_crossref\Q02_ground_rover_air_quality.json,105
10.3390/s151128472,Q02,107,25.453568,raw_crossref\Q02_ground_rover_air_quality.json,106
10.1109/rast.2019.8767429,Q02,108,25.453568,raw_crossref\Q02_ground_rover_air_quality.json,107
10.19062/1842-9238.2017.15.3.12,Q02,109,25.452473,raw_crossref\Q02_ground_rover_air_quality.json,108
10.1007/978-0-387-48998-8_1031,Q02,110,25.42395,raw_crossref\Q02_ground_rover_air_quality.json,109
10.1109/indicon.2016.7839099,Q02,111,25.410433,raw_crossref\Q02_ground_rover_air_quality.json,110
10.23919/icn.2021.0018,Q02,112,25.393923,raw_crossref\Q02_ground_rover_air_quality.json,111
10.2139/ssrn.5441836,Q02,113,25.359386,raw_crossref\Q02_ground_rover_air_quality.json,112
10.21236/ada352124,Q02,114,25.35516,raw_crossref\Q02_ground_rover_air_quality.json,113
10.1117/12.501374,Q02,115,25.335499,raw_crossref\Q02_ground_rover_air_quality.json,114
10.1109/isie.2009.5217917,Q02,116,25.29532,raw_crossref\Q02_ground_rover_air_quality.json,115
10.1109/compcomm.2017.8323042,Q02,117,25.224142,raw_crossref\Q02_ground_rover_air_quality.json,116
10.70228/cbj2024058,Q02,118,25.212679,raw_crossref\Q02_ground_rover_air_quality.json,117
10.1109/icus.2017.8278326,Q02,119,25.21127,raw_crossref\Q02_ground_rover_air_quality.json,118
10.5194/ecss2025-56,Q02,120,25.19452,raw_crossref\Q02_ground_rover_air_quality.json,119
10.1117/12.391637,Q02,121,25.178839,raw_crossref\Q02_ground_rover_air_quality.json,120
10.2172/1888615,Q02,122,25.135494,raw_crossref\Q02_ground_rover_air_quality.json,121
10.5593/sgem2024v/4.2/s18.29,Q02,123,25.122875,raw_crossref\Q02_ground_rover_air_quality.json,122
10.2514/6.2005-6965,Q02,124,25.103106,raw_crossref\Q02_ground_rover_air_quality.json,123
10.1117/12.542181,Q02,125,25.093534,raw_crossref\Q02_ground_rover_air_quality.json,124
10.20944/preprints201707.0037.v1,Q02,126,25.093431,raw_crossref\Q02_ground_rover_air_quality.json,125
10.1088/1748-0221/19/05/p05036,Q02,127,25.088934,raw_crossref\Q02_ground_rover_air_quality.json,126
10.2514/6.2003-2616,Q02,128,25.07538,raw_crossref\Q02_ground_rover_air_quality.json,127
10.1109/icuas.2018.8453334,Q02,129,25.072226,raw_crossref\Q02_ground_rover_air_quality.json,128
10.1109/icarm49381.2020.9195287,Q02,130,25.049063,raw_crossref\Q02_ground_rover_air_quality.json,129
10.21236/ada550675,Q02,131,25.016045,raw_crossref\Q02_ground_rover_air_quality.json,130
10.12700/aph.13.1.2016.1.10,Q02,132,25.011396,raw_crossref\Q02_ground_rover_air_quality.json,131
10.6028/nist.ir.5237,Q02,133,24.98632,raw_crossref\Q02_ground_rover_air_quality.json,132
10.21236/ada424299,Q02,134,24.980764,raw_crossref\Q02_ground_rover_air_quality.json,133
10.1037/e578112012-013,Q02,135,24.96286,raw_crossref\Q02_ground_rover_air_quality.json,134
10.1177/0020294019889074,Q02,136,24.955933,raw_crossref\Q02_ground_rover_air_quality.json,135
10.1007/978-1-4615-6325-9_9,Q02,137,24.939232,raw_crossref\Q02_ground_rover_air_quality.json,136
10.1115/imece2014-39685,Q02,138,24.938265,raw_crossref\Q02_ground_rover_air_quality.json,137
10.33012/2018.15954,Q02,139,24.932375,raw_crossref\Q02_ground_rover_air_quality.json,138
10.1063/1.5092021,Q02,140,24.923306,raw_crossref\Q02_ground_rover_air_quality.json,139
10.36227/techrxiv.17869082,Q02,141,24.910704,raw_crossref\Q02_ground_rover_air_quality.json,140
10.1117/2.1200809.1244,Q02,142,24.90085,raw_crossref\Q02_ground_rover_air_quality.json,141
10.36227/techrxiv.17869082.v1,Q02,143,24.896915,raw_crossref\Q02_ground_rover_air_quality.json,142
10.1016/j.ress.2018.05.011,Q02,144,24.838427,raw_crossref\Q02_ground_rover_air_quality.json,143
10.1016/j.jchas.2014.09.003,Q02,145,24.80952,raw_crossref\Q02_ground_rover_air_quality.json,144
10.21595/jve.2016.17127,Q02,146,24.80473,raw_crossref\Q02_ground_rover_air_quality.json,145
10.1016/j.simpat.2023.102817,Q02,147,24.801643,raw_crossref\Q02_ground_rover_air_quality.json,146
10.3390/agronomy16030344,Q02,148,24.778381,raw_crossref\Q02_ground_rover_air_quality.json,147
10.1109/icusai47366.2019.9124771,Q02,149,24.771076,raw_crossref\Q02_ground_rover_air_quality.json,148
10.1016/j.jchas.2015.04.001,Q02,150,24.764063,raw_crossref\Q02_ground_rover_air_quality.json,149
10.3390/drones9060424,Q02,151,24.735806,raw_crossref\Q02_ground_rover_air_quality.json,150
10.1109/icus58632.2023.10318340,Q02,152,24.730062,raw_crossref\Q02_ground_rover_air_quality.json,151
10.1117/12.354445,Q02,153,24.726818,raw_crossref\Q02_ground_rover_air_quality.json,152
10.53555/jaz.v45is4.4147,Q02,154,24.724688,raw_crossref\Q02_ground_rover_air_quality.json,153
10.1117/12.606483,Q02,155,24.702465,raw_crossref\Q02_ground_rover_air_quality.json,154
10.1109/icus.2017.8278404,Q02,156,24.701832,raw_crossref\Q02_ground_rover_air_quality.json,155
10.21535/5z0qts63,Q02,157,24.686357,raw_crossref\Q02_ground_rover_air_quality.json,156
10.1109/icus.2017.8278420,Q02,158,24.683208,raw_crossref\Q02_ground_rover_air_quality.json,157
10.1109/icus.2017.8278391,Q02,159,24.677433,raw_crossref\Q02_ground_rover_air_quality.json,158
10.1109/icus.2017.8278370,Q02,160,24.662357,raw_crossref\Q02_ground_rover_air_quality.json,159
10.12913/22998624/210510,Q02,161,24.660566,raw_crossref\Q02_ground_rover_air_quality.json,160
10.2514/6.1992-4635,Q02,162,24.640543,raw_crossref\Q02_ground_rover_air_quality.json,161
10.2139/ssrn.5012299,Q02,163,24.634842,raw_crossref\Q02_ground_rover_air_quality.json,162
10.21236/ada607908,Q02,164,24.626251,raw_crossref\Q02_ground_rover_air_quality.json,163
10.1037/e577782012-008,Q02,165,24.625486,raw_crossref\Q02_ground_rover_air_quality.json,164
10.2514/6.2014-2272,Q02,166,24.606922,raw_crossref\Q02_ground_rover_air_quality.json,165
10.23919/ecc.2018.8550307,Q02,167,24.606195,raw_crossref\Q02_ground_rover_air_quality.json,166
10.4028/www.scientific.net/ssp.180.131,Q02,168,24.601646,raw_crossref\Q02_ground_rover_air_quality.json,167
10.21236/ada587336,Q02,169,24.573586,raw_crossref\Q02_ground_rover_air_quality.json,168
10.1139/juvs-2016-0011,Q02,170,24.56301,raw_crossref\Q02_ground_rover_air_quality.json,169
10.21203/rs.3.rs-7296524/v1,Q02,171,24.562016,raw_crossref\Q02_ground_rover_air_quality.json,170
10.2139/ssrn.3243546,Q02,172,24.556023,raw_crossref\Q02_ground_rover_air_quality.json,171
10.19062/1842-9238.2018.16.1.5,Q02,173,24.555105,raw_crossref\Q02_ground_rover_air_quality.json,172
10.21236/ada475525,Q02,174,24.527702,raw_crossref\Q02_ground_rover_air_quality.json,173
10.1007/978-981-10-6499-9_58,Q02,175,24.52314,raw_crossref\Q02_ground_rover_air_quality.json,174
10.1142/9789819813384_0006,Q02,176,24.5199,raw_crossref\Q02_ground_rover_air_quality.json,175
10.5772/8919,Q02,177,24.510117,raw_crossref\Q02_ground_rover_air_quality.json,176
10.21079/11681/47459,Q02,178,24.510117,raw_crossref\Q02_ground_rover_air_quality.json,177
10.3390/drones8090492,Q02,179,24.49767,raw_crossref\Q02_ground_rover_air_quality.json,178
10.1117/12.3013501,Q02,180,24.453932,raw_crossref\Q02_ground_rover_air_quality.json,179
10.1109/cdc.2017.8264238,Q02,181,24.437168,raw_crossref\Q02_ground_rover_air_quality.json,180
10.20944/preprints201809.0326.v1,Q02,182,24.417719,raw_crossref\Q02_ground_rover_air_quality.json,181
10.1117/12.543195,Q02,183,24.405859,raw_crossref\Q02_ground_rover_air_quality.json,182
10.2139/ssrn.5360104,Q02,184,24.402973,raw_crossref\Q02_ground_rover_air_quality.json,183
10.1109/gcwkshps50303.2020.9367408,Q02,185,24.390934,raw_crossref\Q02_ground_rover_air_quality.json,184
10.1007/978-3-031-01496-3_1,Q02,186,24.386784,raw_crossref\Q02_ground_rover_air_quality.json,185
10.1139/juvs-2017-0008,Q02,187,24.370975,raw_crossref\Q02_ground_rover_air_quality.json,186
10.1109/icuas54217.2022.9836074,Q02,188,24.341558,raw_crossref\Q02_ground_rover_air_quality.json,187
10.1117/12.547945,Q02,189,24.33502,raw_crossref\Q02_ground_rover_air_quality.json,188
10.1002/rob.21867,Q02,190,24.33159,raw_crossref\Q02_ground_rover_air_quality.json,189
10.1007/978-3-032-03049-8_13,Q02,191,24.327156,raw_crossref\Q02_ground_rover_air_quality.json,190
10.1155/2018/6892153,Q02,192,24.322487,raw_crossref\Q02_ground_rover_air_quality.json,191
10.2514/6.2024-0748,Q02,193,24.319496,raw_crossref\Q02_ground_rover_air_quality.json,192
10.1109/iaeac.2018.8577260,Q02,194,24.309788,raw_crossref\Q02_ground_rover_air_quality.json,193
10.3390/su14116502,Q02,195,24.308126,raw_crossref\Q02_ground_rover_air_quality.json,194
10.2139/ssrn.4082840,Q02,196,24.300053,raw_crossref\Q02_ground_rover_air_quality.json,195
10.1117/12.440001,Q02,197,24.298857,raw_crossref\Q02_ground_rover_air_quality.json,196
10.1061/9780784485262.090,Q02,198,24.292831,raw_crossref\Q02_ground_rover_air_quality.json,197
10.1117/12.474462,Q02,199,24.289997,raw_crossref\Q02_ground_rover_air_quality.json,198
10.2172/978362,Q02,200,24.288723,raw_crossref\Q02_ground_rover_air_quality.json,199
10.21079/11681/47527,Q02,201,24.286968,raw_crossref\Q02_ground_rover_air_quality.json,200
10.1109/sice.2006.315441,Q02,202,24.282372,raw_crossref\Q02_ground_rover_air_quality.json,201
10.54317/kom.v2ioktober.180,Q02,203,24.277782,raw_crossref\Q02_ground_rover_air_quality.json,202
10.21236/ada433777,Q02,204,24.274828,raw_crossref\Q02_ground_rover_air_quality.json,203
10.2514/6.1990-2170,Q02,205,24.270798,raw_crossref\Q02_ground_rover_air_quality.json,204
10.21236/ada607907,Q02,206,24.267834,raw_crossref\Q02_ground_rover_air_quality.json,205
10.36227/techrxiv.20336373,Q02,207,24.267834,raw_crossref\Q02_ground_rover_air_quality.json,206
10.3390/s17061428,Q02,208,24.264685,raw_crossref\Q02_ground_rover_air_quality.json,207
10.1017/s2040470017001200,Q02,209,24.262615,raw_crossref\Q02_ground_rover_air_quality.json,208
10.2514/6.2008-6797,Q02,210,24.239685,raw_crossref\Q02_ground_rover_air_quality.json,209
10.1117/12.553045,Q02,211,24.23787,raw_crossref\Q02_ground_rover_air_quality.json,210
10.1109/icuas.2016.7502611,Q02,212,24.220898,raw_crossref\Q02_ground_rover_air_quality.json,211
10.36227/techrxiv.20336373.v1,Q02,213,24.19289,raw_crossref\Q02_ground_rover_air_quality.json,212
10.1109/icuas48674.2020.9214013,Q02,214,24.158543,raw_crossref\Q02_ground_rover_air_quality.json,213
10.1007/978-981-19-1292-4_3,Q02,215,24.151505,raw_crossref\Q02_ground_rover_air_quality.json,214
10.5772/intechopen.1001944,Q02,216,24.149208,raw_crossref\Q02_ground_rover_air_quality.json,215
10.1299/jsmehs.2012.49.011201,Q02,217,24.139717,raw_crossref\Q02_ground_rover_air_quality.json,216
10.1299/jsmemovic.2010._2c11-1_,Q02,218,24.133615,raw_crossref\Q02_ground_rover_air_quality.json,217
10.20944/preprints201902.0110.v1,Q02,219,24.116436,raw_crossref\Q02_ground_rover_air_quality.json,218
10.3390/s17051144,Q02,220,24.113857,raw_crossref\Q02_ground_rover_air_quality.json,219
10.23919/oceans.2015.7404447,Q02,221,24.079714,raw_crossref\Q02_ground_rover_air_quality.json,220
10.2514/6.1991-836,Q02,222,24.049345,raw_crossref\Q02_ground_rover_air_quality.json,221
10.1145/3230876.3230894,Q02,223,24.04081,raw_crossref\Q02_ground_rover_air_quality.json,222
10.1142/s2301385017500042,Q02,224,24.015614,raw_crossref\Q02_ground_rover_air_quality.json,223
10.15771/978-3-9819225-5-4_siii-1b,Q02,225,24.007738,raw_crossref\Q02_ground_rover_air_quality.json,224
10.2514/6.1997-3567,Q02,226,24.006918,raw_crossref\Q02_ground_rover_air_quality.json,225
10.1016/j.chemosphere.2023.140198,Q02,227,23.986305,raw_crossref\Q02_ground_rover_air_quality.json,226
10.1016/b978-075067906-0/50017-5,Q02,228,23.9614,raw_crossref\Q02_ground_rover_air_quality.json,227
10.2514/6.2013-5048,Q02,229,23.9614,raw_crossref\Q02_ground_rover_air_quality.json,228
10.25236/cape.2017.035,Q02,230,23.95137,raw_crossref\Q02_ground_rover_air_quality.json,229
10.1002/rob.22299,Q02,231,23.943096,raw_crossref\Q02_ground_rover_air_quality.json,230
10.1108/ir.2009.04936aab.002,Q02,232,23.934206,raw_crossref\Q02_ground_rover_air_quality.json,231
10.2514/6.2005-7077,Q02,233,23.933006,raw_crossref\Q02_ground_rover_air_quality.json,232
10.1088/1742-6596/2977/1/012083,Q02,234,23.932432,raw_crossref\Q02_ground_rover_air_quality.json,233
10.1049/joe.2019.1144,Q02,235,23.929848,raw_crossref\Q02_ground_rover_air_quality.json,234
10.21236/ada308456,Q02,236,23.926414,raw_crossref\Q02_ground_rover_air_quality.json,235
10.1109/isci65687.2025.11167285,Q02,237,23.909698,raw_crossref\Q02_ground_rover_air_quality.json,236
10.1117/12.602973,Q02,238,23.909561,raw_crossref\Q02_ground_rover_air_quality.json,237
10.1049/smt2.12141,Q02,239,23.904104,raw_crossref\Q02_ground_rover_air_quality.json,238
10.2514/6.2023-2537,Q02,240,23.898245,raw_crossref\Q02_ground_rover_air_quality.json,239
10.1117/12.354437,Q02,241,23.88462,raw_crossref\Q02_ground_rover_air_quality.json,240
10.47611/jsr.vi.569,Q02,242,23.87918,raw_crossref\Q02_ground_rover_air_quality.json,241
10.1299/jsmermd.2019.1p2-d10,Q02,243,23.874239,raw_crossref\Q02_ground_rover_air_quality.json,242
10.1117/12.2663622,Q02,244,23.858932,raw_crossref\Q02_ground_rover_air_quality.json,243
10.1504/ijvp.2018.088783,Q02,245,23.85878,raw_crossref\Q02_ground_rover_air_quality.json,244
10.1117/12.391631,Q02,246,23.848198,raw_crossref\Q02_ground_rover_air_quality.json,245
10.18372/1990-5548.34.5674,Q02,247,23.841038,raw_crossref\Q02_ground_rover_air_quality.json,246
10.1504/ijvp.2018.10009708,Q02,248,23.821152,raw_crossref\Q02_ground_rover_air_quality.json,247
10.1002/stc.1831,Q02,249,23.78998,raw_crossref\Q02_ground_rover_air_quality.json,248
10.1117/1.jrs.15.024505,Q02,250,23.780516,raw_crossref\Q02_ground_rover_air_quality.json,249
10.1061/9780784479957.094,Q02,251,23.780468,raw_crossref\Q02_ground_rover_air_quality.json,250
10.1038/s41598-024-53181-2,Q02,252,23.762629,raw_crossref\Q02_ground_rover_air_quality.json,251
10.5539/mas.v19n2p126,Q02,253,23.739285,raw_crossref\Q02_ground_rover_air_quality.json,252
10.1007/s11063-021-10439-4,Q02,254,23.737358,raw_crossref\Q02_ground_rover_air_quality.json,253
10.21070/jeeeu.v9i2.1710,Q02,255,23.717941,raw_crossref\Q02_ground_rover_air_quality.json,254
10.3390/app16031209,Q02,256,23.717884,raw_crossref\Q02_ground_rover_air_quality.json,255
10.5220/0006510801500155,Q02,257,23.716404,raw_crossref\Q02_ground_rover_air_quality.json,256
10.1109/aqtr.2010.5520914,Q02,258,23.696234,raw_crossref\Q02_ground_rover_air_quality.json,257
10.3133/wri934047,Q02,259,23.684368,raw_crossref\Q02_ground_rover_air_quality.json,258
10.3390/drones8100537,Q02,260,23.677305,raw_crossref\Q02_ground_rover_air_quality.json,259
10.1109/icus61736.2024.10839913,Q02,261,23.672497,raw_crossref\Q02_ground_rover_air_quality.json,260
10.1117/12.542719,Q02,262,23.65378,raw_crossref\Q02_ground_rover_air_quality.json,261
10.2514/6.2003-6586,Q02,263,23.650671,raw_crossref\Q02_ground_rover_air_quality.json,262
10.4148/npp.30820,Q02,264,23.649525,raw_crossref\Q02_ground_rover_air_quality.json,263
10.1139/juvs-2020-0036,Q02,265,23.645517,raw_crossref\Q02_ground_rover_air_quality.json,264
10.3390/rs16213933,Q02,266,23.643475,raw_crossref\Q02_ground_rover_air_quality.json,265
10.5194/egusphere-egu21-13197,Q02,267,23.632278,raw_crossref\Q02_ground_rover_air_quality.json,266
10.1117/12.486843,Q02,268,23.626965,raw_crossref\Q02_ground_rover_air_quality.json,267
10.4028/www.scientific.net/amr.905.443,Q02,269,23.619379,raw_crossref\Q02_ground_rover_air_quality.json,268
10.1201/9781032683805-6,Q02,270,23.615911,raw_crossref\Q02_ground_rover_air_quality.json,269
10.2139/ssrn.3872494,Q02,271,23.614252,raw_crossref\Q02_ground_rover_air_quality.json,270
10.1145/3478586.3478617,Q02,272,23.613617,raw_crossref\Q02_ground_rover_air_quality.json,271
10.1109/cac.2017.8243931,Q02,273,23.611748,raw_crossref\Q02_ground_rover_air_quality.json,272
10.1117/12.604181,Q02,274,23.611748,raw_crossref\Q02_ground_rover_air_quality.json,273
10.1016/b978-0-12-818799-9.00011-6,Q02,275,23.606842,raw_crossref\Q02_ground_rover_air_quality.json,274
10.23919/chicc.2019.8865734,Q02,276,23.602922,raw_crossref\Q02_ground_rover_air_quality.json,275
10.1109/sice.2008.4655127,Q02,277,23.60123,raw_crossref\Q02_ground_rover_air_quality.json,276
10.1109/apuavd.2017.8308826,Q02,278,23.601091,raw_crossref\Q02_ground_rover_air_quality.json,277
10.2514/6.2009-1827,Q02,279,23.586624,raw_crossref\Q02_ground_rover_air_quality.json,278
10.4028/www.scientific.net/amm.620.33,Q02,280,23.585924,raw_crossref\Q02_ground_rover_air_quality.json,279
10.18372/1990-5548.88.20978,Q02,281,23.578098,raw_crossref\Q02_ground_rover_air_quality.json,280
10.3390/machines2010013,Q02,282,23.572361,raw_crossref\Q02_ground_rover_air_quality.json,281
10.2514/1.d0022,Q02,283,23.562326,raw_crossref\Q02_ground_rover_air_quality.json,282
10.2514/6.2009-1970,Q02,284,23.559494,raw_crossref\Q02_ground_rover_air_quality.json,283
10.1117/12.603794,Q02,285,23.559095,raw_crossref\Q02_ground_rover_air_quality.json,284
10.1016/s1290-0958(00)80035-0,Q02,286,23.551165,raw_crossref\Q02_ground_rover_air_quality.json,285
10.2514/6.2021-3194,Q02,287,23.54496,raw_crossref\Q02_ground_rover_air_quality.json,286
10.1109/southeastcon56624.2025.10971643,Q02,288,23.543985,raw_crossref\Q02_ground_rover_air_quality.json,287
10.2514/6.1992-4344,Q02,289,23.543589,raw_crossref\Q02_ground_rover_air_quality.json,288
10.1016/b978-0-12-818799-9.00007-4,Q02,290,23.542534,raw_crossref\Q02_ground_rover_air_quality.json,289
10.1016/b978-0-12-818799-9.00004-9,Q02,291,23.54047,raw_crossref\Q02_ground_rover_air_quality.json,290
10.1109/icuas51884.2021.9476848,Q02,292,23.536755,raw_crossref\Q02_ground_rover_air_quality.json,291
10.1007/978-3-031-01496-3_4,Q02,293,23.522583,raw_crossref\Q02_ground_rover_air_quality.json,292
10.37701/ts.01.2023.05,Q02,294,23.521057,raw_crossref\Q02_ground_rover_air_quality.json,293
10.1109/icacrs55517.2022.10029327,Q02,295,23.51945,raw_crossref\Q02_ground_rover_air_quality.json,294
10.5220/0006867202160223,Q02,296,23.50652,raw_crossref\Q02_ground_rover_air_quality.json,295
10.1007/978-3-031-01496-3_3,Q02,297,23.48653,raw_crossref\Q02_ground_rover_air_quality.json,296
10.1109/tvt.2016.2623666,Q02,298,23.481024,raw_crossref\Q02_ground_rover_air_quality.json,297
10.1117/12.603631,Q02,299,23.47923,raw_crossref\Q02_ground_rover_air_quality.json,298
10.1145/3787370.3787414,Q02,300,23.468317,raw_crossref\Q02_ground_rover_air_quality.json,299
10.3390/s21041102,Q02,301,23.467522,raw_crossref\Q02_ground_rover_air_quality.json,300
10.1109/rast.2015.7208425,Q02,302,23.466608,raw_crossref\Q02_ground_rover_air_quality.json,301
10.19062/1842-9238.2018.16.1.7,Q02,303,23.4604,raw_crossref\Q02_ground_rover_air_quality.json,302
10.21236/ada397957,Q02,304,23.460197,raw_crossref\Q02_ground_rover_air_quality.json,303
10.21236/ada397955,Q02,305,23.44176,raw_crossref\Q02_ground_rover_air_quality.json,304
10.54648/aila2009001,Q02,306,23.435196,raw_crossref\Q02_ground_rover_air_quality.json,305
10.1145/3745238.3745363,Q02,307,23.427107,raw_crossref\Q02_ground_rover_air_quality.json,306
10.1117/12.2053537,Q02,308,23.426983,raw_crossref\Q02_ground_rover_air_quality.json,307
10.1139/juvs-2015-0039,Q02,309,23.425358,raw_crossref\Q02_ground_rover_air_quality.json,308
10.1177/1729881417750787,Q02,310,23.424057,raw_crossref\Q02_ground_rover_air_quality.json,309
10.1117/12.2305888,Q02,311,23.423014,raw_crossref\Q02_ground_rover_air_quality.json,310
10.5194/egusphere-egu2020-13652,Q02,312,23.422003,raw_crossref\Q02_ground_rover_air_quality.json,311
10.5772/16904,Q02,313,23.418953,raw_crossref\Q02_ground_rover_air_quality.json,312
10.1117/12.772832,Q02,314,23.401752,raw_crossref\Q02_ground_rover_air_quality.json,313
10.1016/b978-0-443-33973-8.00015-1,Q02,315,23.398445,raw_crossref\Q02_ground_rover_air_quality.json,314
10.5220/0006867202060213,Q02,316,23.39616,raw_crossref\Q02_ground_rover_air_quality.json,315
10.1117/12.606409,Q02,317,23.389328,raw_crossref\Q02_ground_rover_air_quality.json,316
10.35256/sp32,Q02,318,23.388264,raw_crossref\Q02_ground_rover_air_quality.json,317
10.4209/aaqr.230322,Q02,319,23.365185,raw_crossref\Q02_ground_rover_air_quality.json,318
10.1109/icus55513.2022.9986552,Q02,320,23.356255,raw_crossref\Q02_ground_rover_air_quality.json,319
10.21236/ada397956,Q02,321,23.354994,raw_crossref\Q02_ground_rover_air_quality.json,320
10.35256/sp34,Q02,322,23.336786,raw_crossref\Q02_ground_rover_air_quality.json,321
10.21236/ada397958,Q02,323,23.333576,raw_crossref\Q02_ground_rover_air_quality.json,322
10.17577/ijertv9is080109,Q02,324,23.323753,raw_crossref\Q02_ground_rover_air_quality.json,323
10.21236/ada362133,Q02,325,23.323753,raw_crossref\Q02_ground_rover_air_quality.json,324
10.2514/6.2003-5320,Q02,326,23.31994,raw_crossref\Q02_ground_rover_air_quality.json,325
10.1504/ijvas.2014.060115,Q02,327,23.317148,raw_crossref\Q02_ground_rover_air_quality.json,326
10.1007/978-3-031-45321-2_4,Q02,328,23.313633,raw_crossref\Q02_ground_rover_air_quality.json,327
10.2514/6.2014-2721,Q02,329,23.309074,raw_crossref\Q02_ground_rover_air_quality.json,328
10.1109/rast.2009.5158216,Q02,330,23.28068,raw_crossref\Q02_ground_rover_air_quality.json,329
10.3390/su162210108,Q02,331,23.279446,raw_crossref\Q02_ground_rover_air_quality.json,330
10.1109/icmt52455.2021.9502792,Q02,332,23.27826,raw_crossref\Q02_ground_rover_air_quality.json,331
10.1109/asyu50717.2020.9259868,Q02,333,23.275183,raw_crossref\Q02_ground_rover_air_quality.json,332
10.4028/www.scientific.net/amm.719-720.1244,Q02,334,23.274117,raw_crossref\Q02_ground_rover_air_quality.json,333
10.1109/tencon.2012.6412308,Q02,335,23.257406,raw_crossref\Q02_ground_rover_air_quality.json,334
10.22616/erdev2018.17.n503,Q02,336,23.255608,raw_crossref\Q02_ground_rover_air_quality.json,335
10.1109/iccas.2010.5669717,Q02,337,23.248644,raw_crossref\Q02_ground_rover_air_quality.json,336
10.2514/6.2011-1584,Q02,338,23.236568,raw_crossref\Q02_ground_rover_air_quality.json,337
10.2514/6.2009-5686,Q02,339,23.234688,raw_crossref\Q02_ground_rover_air_quality.json,338
10.3390/su142315561,Q02,340,23.231197,raw_crossref\Q02_ground_rover_air_quality.json,339
10.2514/6.2017-3712,Q02,341,23.226408,raw_crossref\Q02_ground_rover_air_quality.json,340
10.1037/e577662012-002,Q02,342,23.221601,raw_crossref\Q02_ground_rover_air_quality.json,341
10.1080/00207721.2013.772677,Q02,343,23.219893,raw_crossref\Q02_ground_rover_air_quality.json,342
10.1109/med.2007.4433724,Q02,344,23.218578,raw_crossref\Q02_ground_rover_air_quality.json,343
10.23919/ecc.2009.7074863,Q02,345,23.209423,raw_crossref\Q02_ground_rover_air_quality.json,344
10.1109/tim.2019.2963515,Q02,346,23.20602,raw_crossref\Q02_ground_rover_air_quality.json,345
10.1016/j.egypro.2015.03.269,Q02,347,23.197721,raw_crossref\Q02_ground_rover_air_quality.json,346
10.1109/icuas.2015.7152414,Q02,348,23.189419,raw_crossref\Q02_ground_rover_air_quality.json,347
10.1117/12.665957,Q02,349,23.18615,raw_crossref\Q02_ground_rover_air_quality.json,348
10.21236/ad1009275,Q02,350,23.18615,raw_crossref\Q02_ground_rover_air_quality.json,349
10.1201/b12321-68,Q02,351,23.185543,raw_crossref\Q02_ground_rover_air_quality.json,350
10.1201/b13168-13,Q02,352,23.180267,raw_crossref\Q02_ground_rover_air_quality.json,351
10.1117/12.603496,Q02,353,23.179453,raw_crossref\Q02_ground_rover_air_quality.json,352
10.1117/12.542334,Q02,354,23.173555,raw_crossref\Q02_ground_rover_air_quality.json,353
10.1117/12.850543,Q02,355,23.167253,raw_crossref\Q02_ground_rover_air_quality.json,354
10.1109/siitme56728.2022.9988528,Q02,356,23.160393,raw_crossref\Q02_ground_rover_air_quality.json,355
10.1201/b17341-13,Q02,357,23.145044,raw_crossref\Q02_ground_rover_air_quality.json,356
10.1007/978-3-031-01496-3_2,Q02,358,23.137043,raw_crossref\Q02_ground_rover_air_quality.json,357
10.1201/9781420006544.ch3,Q02,359,23.122168,raw_crossref\Q02_ground_rover_air_quality.json,358
10.1117/12.439980,Q02,360,23.119751,raw_crossref\Q02_ground_rover_air_quality.json,359
10.5772/45772,Q02,361,23.08665,raw_crossref\Q02_ground_rover_air_quality.json,360
10.19062/1842-9238.2018.16.3.6,Q02,362,23.080935,raw_crossref\Q02_ground_rover_air_quality.json,361
10.5772/16774,Q02,363,23.079123,raw_crossref\Q02_ground_rover_air_quality.json,362
10.5772/9760,Q02,364,23.077385,raw_crossref\Q02_ground_rover_air_quality.json,363
10.1177/1756829317734835,Q02,365,23.071571,raw_crossref\Q02_ground_rover_air_quality.json,364
10.1080/01691864.2022.2141078,Q02,366,23.052395,raw_crossref\Q02_ground_rover_air_quality.json,365
10.1117/12.488017,Q02,367,23.038921,raw_crossref\Q02_ground_rover_air_quality.json,366
10.3133/wri904159,Q02,368,23.030624,raw_crossref\Q02_ground_rover_air_quality.json,367
10.2139/ssrn.6435081,Q02,369,23.009718,raw_crossref\Q02_ground_rover_air_quality.json,368
10.5772/16716,Q02,370,23.005596,raw_crossref\Q02_ground_rover_air_quality.json,369
10.2514/6.2002-3474,Q02,371,22.995924,raw_crossref\Q02_ground_rover_air_quality.json,370
10.2514/6.2011-1529,Q02,372,22.987495,raw_crossref\Q02_ground_rover_air_quality.json,371
10.3390/machines7020042,Q02,373,22.982256,raw_crossref\Q02_ground_rover_air_quality.json,372
10.1007/978-94-011-5127-6_7,Q02,374,22.979713,raw_crossref\Q02_ground_rover_air_quality.json,373
10.4273/ijvss.11.5.18,Q02,375,22.976238,raw_crossref\Q02_ground_rover_air_quality.json,374
10.4028/www.scientific.net/ssp.251.164,Q02,376,22.975288,raw_crossref\Q02_ground_rover_air_quality.json,375
10.48084/etasr.2661,Q02,377,22.971375,raw_crossref\Q02_ground_rover_air_quality.json,376
10.1016/b978-0-12-818799-9.00002-5,Q02,378,22.967121,raw_crossref\Q02_ground_rover_air_quality.json,377
10.2514/6.2015-2854,Q02,379,22.963182,raw_crossref\Q02_ground_rover_air_quality.json,378
10.2514/1.d0119,Q02,380,22.951834,raw_crossref\Q02_ground_rover_air_quality.json,379
10.1117/12.666500,Q02,381,22.950462,raw_crossref\Q02_ground_rover_air_quality.json,380
10.1101/2023.11.23.567408,Q02,382,22.95015,raw_crossref\Q02_ground_rover_air_quality.json,381
10.3390/books978-3-03842-840-4,Q02,383,22.949226,raw_crossref\Q02_ground_rover_air_quality.json,382
10.14203/widyariset.14.3.2011.633-642,Q02,384,22.947706,raw_crossref\Q02_ground_rover_air_quality.json,383
10.1109/icsse.2018.8519967,Q02,385,22.928556,raw_crossref\Q02_ground_rover_air_quality.json,384
10.1109/phm-chongqing.2018.00230,Q02,386,22.926367,raw_crossref\Q02_ground_rover_air_quality.json,385
10.1117/12.665671,Q02,387,22.920008,raw_crossref\Q02_ground_rover_air_quality.json,386
10.1504/ijhvs.2026.10076914,Q02,388,22.915073,raw_crossref\Q02_ground_rover_air_quality.json,387
10.2139/ssrn.6719182,Q02,389,22.91498,raw_crossref\Q02_ground_rover_air_quality.json,388
10.1201/b11933-70,Q02,390,22.912912,raw_crossref\Q02_ground_rover_air_quality.json,389
10.1108/ir.2003.04930fab.002,Q02,391,22.912052,raw_crossref\Q02_ground_rover_air_quality.json,390
10.2514/6.2021-1884,Q02,392,22.912052,raw_crossref\Q02_ground_rover_air_quality.json,391
10.1007/978-3-031-45300-7_9,Q02,393,22.909367,raw_crossref\Q02_ground_rover_air_quality.json,392
10.1201/9781003220978-4,Q02,394,22.90927,raw_crossref\Q02_ground_rover_air_quality.json,393
10.2514/6.2008-7345,Q02,395,22.909056,raw_crossref\Q02_ground_rover_air_quality.json,394
10.1163/156855306778960608,Q02,396,22.908737,raw_crossref\Q02_ground_rover_air_quality.json,395
10.5220/0004037400770086,Q02,397,22.908737,raw_crossref\Q02_ground_rover_air_quality.json,396
10.2139/ssrn.4329687,Q02,398,22.908382,raw_crossref\Q02_ground_rover_air_quality.json,397
10.32502/jse.v5i1.2712,Q02,399,22.907154,raw_crossref\Q02_ground_rover_air_quality.json,398
10.1109/iros.2011.6048732,Q02,400,22.905373,raw_crossref\Q02_ground_rover_air_quality.json,399
10.1109/codit.2018.8394901,Q02,401,22.905373,raw_crossref\Q02_ground_rover_air_quality.json,400
10.1117/12.2518725,Q02,402,22.903225,raw_crossref\Q02_ground_rover_air_quality.json,401
10.20884/1.dr.2017.13.2.176,Q02,403,22.902374,raw_crossref\Q02_ground_rover_air_quality.json,402
10.18178/joace.4.3.189-193,Q02,404,22.897198,raw_crossref\Q02_ground_rover_air_quality.json,403
10.1117/12.604233,Q02,405,22.892763,raw_crossref\Q02_ground_rover_air_quality.json,404
10.3390/atmos13050663,Q02,406,22.88885,raw_crossref\Q02_ground_rover_air_quality.json,405
10.1109/access.2022.3216563,Q02,407,22.885666,raw_crossref\Q02_ground_rover_air_quality.json,406
10.1109/iros.2009.5354251,Q02,408,22.882929,raw_crossref\Q02_ground_rover_air_quality.json,407
10.1117/12.542451,Q02,409,22.877615,raw_crossref\Q02_ground_rover_air_quality.json,408
10.1117/12.439999,Q02,410,22.87558,raw_crossref\Q02_ground_rover_air_quality.json,409
10.1117/12.549904,Q02,411,22.872246,raw_crossref\Q02_ground_rover_air_quality.json,410
10.1117/12.317553,Q02,412,22.862118,raw_crossref\Q02_ground_rover_air_quality.json,411
10.1109/iccas.2008.4694573,Q02,413,22.854189,raw_crossref\Q02_ground_rover_air_quality.json,412
10.1016/b978-0-44-345150-8.00016-9,Q02,414,22.850163,raw_crossref\Q02_ground_rover_air_quality.json,413
10.1117/12.547251,Q02,415,22.848145,raw_crossref\Q02_ground_rover_air_quality.json,414
10.3390/app14167266,Q02,416,22.833813,raw_crossref\Q02_ground_rover_air_quality.json,415
10.1109/csci.2016.0144,Q02,417,22.833708,raw_crossref\Q02_ground_rover_air_quality.json,416
10.5772/10582,Q02,418,22.83055,raw_crossref\Q02_ground_rover_air_quality.json,417
10.1016/b978-0-323-90266-3.00005-4,Q02,419,22.801401,raw_crossref\Q02_ground_rover_air_quality.json,418
10.1117/12.850135,Q02,420,22.795261,raw_crossref\Q02_ground_rover_air_quality.json,419
10.1016/b978-0-12-818122-5.00002-8,Q02,421,22.787968,raw_crossref\Q02_ground_rover_air_quality.json,420
10.1109/stratus.2016.7811137,Q02,422,22.781105,raw_crossref\Q02_ground_rover_air_quality.json,421
10.1201/noe1566702317.ch9,Q02,423,22.755482,raw_crossref\Q02_ground_rover_air_quality.json,422
10.1201/noe1566702317-12,Q02,424,22.755482,raw_crossref\Q02_ground_rover_air_quality.json,423
10.1016/b978-0-323-90266-3.00002-9,Q02,425,22.753891,raw_crossref\Q02_ground_rover_air_quality.json,424
10.1109/icnsurv.2019.8735121,Q02,426,22.74094,raw_crossref\Q02_ground_rover_air_quality.json,425
10.1117/12.354439,Q02,427,22.722988,raw_crossref\Q02_ground_rover_air_quality.json,426
10.1007/978-3-319-93112-8_12,Q02,428,22.72084,raw_crossref\Q02_ground_rover_air_quality.json,427
10.1145/3552327.3552338,Q02,429,22.719707,raw_crossref\Q02_ground_rover_air_quality.json,428
10.14429/dsj.51.2234,Q02,430,22.719368,raw_crossref\Q02_ground_rover_air_quality.json,429
10.1117/12.2603014,Q02,431,22.711067,raw_crossref\Q02_ground_rover_air_quality.json,430
10.1109/aero.2012.6187152,Q02,432,22.707548,raw_crossref\Q02_ground_rover_air_quality.json,431
10.1038/s41598-026-43223-2,Q02,433,22.704025,raw_crossref\Q02_ground_rover_air_quality.json,432
10.1117/12.2016013,Q02,434,22.703897,raw_crossref\Q02_ground_rover_air_quality.json,433
10.2139/ssrn.5870468,Q02,435,22.700405,raw_crossref\Q02_ground_rover_air_quality.json,434
10.4028/www.scientific.net/ssp.198.182,Q02,436,22.695696,raw_crossref\Q02_ground_rover_air_quality.json,435
10.5194/tc-2017-31,Q02,437,22.69142,raw_crossref\Q02_ground_rover_air_quality.json,436
10.5194/egusphere-egu25-5687,Q02,438,22.689121,raw_crossref\Q02_ground_rover_air_quality.json,437
10.21535/ddd7aa72,Q02,439,22.684746,raw_crossref\Q02_ground_rover_air_quality.json,438
10.4209/aaqr.220206,Q02,440,22.677399,raw_crossref\Q02_ground_rover_air_quality.json,439
10.23919/acc.2004.1384699,Q02,441,22.671186,raw_crossref\Q02_ground_rover_air_quality.json,440
10.1515/tae-2017-0010,Q02,442,22.668865,raw_crossref\Q02_ground_rover_air_quality.json,441
10.3390/s18103318,Q02,443,22.6684,raw_crossref\Q02_ground_rover_air_quality.json,442
10.1109/sceecs.2018.8546978,Q02,444,22.658127,raw_crossref\Q02_ground_rover_air_quality.json,443
10.1080/19427867.2022.2082006,Q02,445,22.654139,raw_crossref\Q02_ground_rover_air_quality.json,444
10.4028/www.scientific.net/ssp.220-221.934,Q02,446,22.651688,raw_crossref\Q02_ground_rover_air_quality.json,445
10.3724/sp.j.1218.2013.00657,Q02,447,22.647926,raw_crossref\Q02_ground_rover_air_quality.json,446
10.3997/2214-4609.201903275,Q02,448,22.64189,raw_crossref\Q02_ground_rover_air_quality.json,447
10.2514/6.2018-2840,Q02,449,22.62938,raw_crossref\Q02_ground_rover_air_quality.json,448
10.1117/12.474442,Q02,450,22.62674,raw_crossref\Q02_ground_rover_air_quality.json,449
10.3390/s21041354,Q02,451,22.6187,raw_crossref\Q02_ground_rover_air_quality.json,450
10.1139/juvs-2017-0026,Q02,452,22.615992,raw_crossref\Q02_ground_rover_air_quality.json,451
10.26701/ems.770407,Q02,453,22.612877,raw_crossref\Q02_ground_rover_air_quality.json,452
10.2478/scjme-2026-0011,Q02,454,22.609882,raw_crossref\Q02_ground_rover_air_quality.json,453
10.1117/12.603939,Q02,455,22.607147,raw_crossref\Q02_ground_rover_air_quality.json,454
10.1037/e427252005-001,Q02,456,22.60635,raw_crossref\Q02_ground_rover_air_quality.json,455
10.1016/b978-0-12-818799-9.00012-8,Q02,457,22.603796,raw_crossref\Q02_ground_rover_air_quality.json,456
10.1109/icca62789.2024.10591959,Q02,458,22.602467,raw_crossref\Q02_ground_rover_air_quality.json,457
10.21236/ada432516,Q02,459,22.600506,raw_crossref\Q02_ground_rover_air_quality.json,458
10.21535/m4tvzc81,Q02,460,22.59846,raw_crossref\Q02_ground_rover_air_quality.json,459
10.1109/uksim.2008.12,Q02,461,22.59699,raw_crossref\Q02_ground_rover_air_quality.json,460
10.1109/icoris52787.2021.9649627,Q02,462,22.596563,raw_crossref\Q02_ground_rover_air_quality.json,461
10.21203/rs.3.rs-1057351/v1,Q02,463,22.593977,raw_crossref\Q02_ground_rover_air_quality.json,462
10.1515/meceng-2015-0024,Q02,464,22.593977,raw_crossref\Q02_ground_rover_air_quality.json,463
10.1007/978-1-4614-9120-0_4,Q02,465,22.593428,raw_crossref\Q02_ground_rover_air_quality.json,464
10.7250/conect.2026.033,Q02,466,22.591364,raw_crossref\Q02_ground_rover_air_quality.json,465
10.5772/39041,Q02,467,22.590502,raw_crossref\Q02_ground_rover_air_quality.json,466
10.2514/6.2016-1138,Q02,468,22.58847,raw_crossref\Q02_ground_rover_air_quality.json,467
10.1109/icuas.2014.6842327,Q02,469,22.58847,raw_crossref\Q02_ground_rover_air_quality.json,468
10.1109/ccdc.2008.4597962,Q02,470,22.587803,raw_crossref\Q02_ground_rover_air_quality.json,469
10.1117/12.603804,Q02,471,22.587803,raw_crossref\Q02_ground_rover_air_quality.json,470
10.1201/9781032683805-14,Q02,472,22.578726,raw_crossref\Q02_ground_rover_air_quality.json,471
10.18372/2306-1472.2.11919,Q02,473,22.57265,raw_crossref\Q02_ground_rover_air_quality.json,472
10.2514/6.2003-6500,Q02,474,22.572073,raw_crossref\Q02_ground_rover_air_quality.json,473
10.2514/6.2020-0739,Q02,475,22.572073,raw_crossref\Q02_ground_rover_air_quality.json,474
10.1117/12.603725,Q02,476,22.565697,raw_crossref\Q02_ground_rover_air_quality.json,475
10.2514/6.1992-4075,Q02,477,22.563528,raw_crossref\Q02_ground_rover_air_quality.json,476
10.1080/00423114.2018.1475677,Q02,478,22.562067,raw_crossref\Q02_ground_rover_air_quality.json,477
10.5772/1792,Q02,479,22.556286,raw_crossref\Q02_ground_rover_air_quality.json,478
10.1542/9781581105124-ch08,Q02,480,22.55446,raw_crossref\Q02_ground_rover_air_quality.json,479
10.1109/interact.2010.5706179,Q02,481,22.549498,raw_crossref\Q02_ground_rover_air_quality.json,480
10.2139/ssrn.7292623,Q02,482,22.530031,raw_crossref\Q02_ground_rover_air_quality.json,481
10.7763/lnse.2015.v3.204,Q02,483,22.490002,raw_crossref\Q02_ground_rover_air_quality.json,482
10.1117/12.542436,Q02,484,22.480183,raw_crossref\Q02_ground_rover_air_quality.json,483
10.2514/1.11486,Q02,485,22.46455,raw_crossref\Q02_ground_rover_air_quality.json,484
10.1007/978-3-031-29933-9_24,Q02,486,22.456718,raw_crossref\Q02_ground_rover_air_quality.json,485
10.3808/jeil.202400120,Q02,487,22.456322,raw_crossref\Q02_ground_rover_air_quality.json,486
10.1117/12.547452,Q02,488,22.4242,raw_crossref\Q02_ground_rover_air_quality.json,487
10.1002/essoar.10507932.1,Q02,489,22.415186,raw_crossref\Q02_ground_rover_air_quality.json,488
10.1117/12.819432,Q02,490,22.386358,raw_crossref\Q02_ground_rover_air_quality.json,489
10.1063/1.4904578,Q02,491,22.381207,raw_crossref\Q02_ground_rover_air_quality.json,490
10.1109/iceeot.2016.7755422,Q02,492,22.378605,raw_crossref\Q02_ground_rover_air_quality.json,491
10.1145/3524889.3524907,Q02,493,22.378605,raw_crossref\Q02_ground_rover_air_quality.json,492
10.5194/egusphere-egu25-19335,Q02,494,22.376049,raw_crossref\Q02_ground_rover_air_quality.json,493
10.1039/9781847550101-00041,Q02,495,22.374588,raw_crossref\Q02_ground_rover_air_quality.json,494
10.5455/jjcit.71-1510942341,Q02,496,22.372238,raw_crossref\Q02_ground_rover_air_quality.json,495
10.4271/2024-01-4071,Q02,497,22.372238,raw_crossref\Q02_ground_rover_air_quality.json,496
10.1117/12.439981,Q02,498,22.366283,raw_crossref\Q02_ground_rover_air_quality.json,497
10.1163/156855399x01486,Q02,499,22.366283,raw_crossref\Q02_ground_rover_air_quality.json,498
10.2514/6.2019-0135,Q02,500,22.3648,raw_crossref\Q02_ground_rover_air_quality.json,499
10.5162/sensoren2012/p5.4,Q03,1,43.740166,raw_crossref\Q03_robotic_gas_mapping.json,0
10.1299/jsmeicam.2010.5.183,Q03,2,41.948383,raw_crossref\Q03_robotic_gas_mapping.json,1
10.1109/iros47612.2022.9981976,Q03,3,38.546356,raw_crossref\Q03_robotic_gas_mapping.json,2
10.1109/tro.2024.3426368,Q03,4,36.629192,raw_crossref\Q03_robotic_gas_mapping.json,3
10.1109/tim.2024.3472798,Q03,5,36.535286,raw_crossref\Q03_robotic_gas_mapping.json,4
10.46670/jsst.2023.32.2.75,Q03,6,36.301132,raw_crossref\Q03_robotic_gas_mapping.json,5
10.2139/ssrn.7225340,Q03,7,35.340153,raw_crossref\Q03_robotic_gas_mapping.json,6
10.1109/icsens.2015.7370630,Q03,8,34.881927,raw_crossref\Q03_robotic_gas_mapping.json,7
10.1109/ice3is56585.2022.10010251,Q03,9,33.495594,raw_crossref\Q03_robotic_gas_mapping.json,8
10.1080/01691864.2018.1516568,Q03,10,32.885498,raw_crossref\Q03_robotic_gas_mapping.json,9
10.3390/s19030478,Q03,11,32.36282,raw_crossref\Q03_robotic_gas_mapping.json,10
10.1016/j.measurement.2021.109725,Q03,12,32.175148,raw_crossref\Q03_robotic_gas_mapping.json,11
10.52202/083083-0035,Q03,13,32.13848,raw_crossref\Q03_robotic_gas_mapping.json,12
10.1016/j.snb.2019.127309,Q03,14,32.133766,raw_crossref\Q03_robotic_gas_mapping.json,13
10.1115/1.4066513,Q03,15,32.012512,raw_crossref\Q03_robotic_gas_mapping.json,14
10.1109/icarm62033.2024.10715741,Q03,16,31.336903,raw_crossref\Q03_robotic_gas_mapping.json,15
10.3182/20110828-6-it-1002.01532,Q03,17,31.29123,raw_crossref\Q03_robotic_gas_mapping.json,16
10.3390/s23229232,Q03,18,30.925835,raw_crossref\Q03_robotic_gas_mapping.json,17
10.1109/isoen.2017.7968899,Q03,19,30.925835,raw_crossref\Q03_robotic_gas_mapping.json,18
10.1109/access.2021.3052024,Q03,20,30.225157,raw_crossref\Q03_robotic_gas_mapping.json,19
10.1109/isoen54820.2022.9789652,Q03,21,30.175907,raw_crossref\Q03_robotic_gas_mapping.json,20
10.1088/1757-899x/705/1/012034,Q03,22,30.15332,raw_crossref\Q03_robotic_gas_mapping.json,21
10.1109/icmla58977.2023.00157,Q03,23,29.785536,raw_crossref\Q03_robotic_gas_mapping.json,22
10.1177/17298806241255797,Q03,24,29.484032,raw_crossref\Q03_robotic_gas_mapping.json,23
10.1149/07516.0065ecst,Q03,25,29.454554,raw_crossref\Q03_robotic_gas_mapping.json,24
10.1149/ma2016-02/50/3807,Q03,26,29.443954,raw_crossref\Q03_robotic_gas_mapping.json,25
10.11113/jurnalteknologi.v86.20186,Q03,27,29.380754,raw_crossref\Q03_robotic_gas_mapping.json,26
10.1109/icra57147.2024.10610044,Q03,28,29.332878,raw_crossref\Q03_robotic_gas_mapping.json,27
10.1109/isoen.2019.8823503,Q03,29,29.268005,raw_crossref\Q03_robotic_gas_mapping.json,28
10.1109/isoen68725.2026.11665201,Q03,30,29.129957,raw_crossref\Q03_robotic_gas_mapping.json,29
10.1109/icra.2013.6630893,Q03,31,29.121449,raw_crossref\Q03_robotic_gas_mapping.json,30
10.5220/0015075700004094,Q03,32,28.988333,raw_crossref\Q03_robotic_gas_mapping.json,31
10.5220/0012187100003543,Q03,33,28.975746,raw_crossref\Q03_robotic_gas_mapping.json,32
10.1002/rob.22109,Q03,34,28.586308,raw_crossref\Q03_robotic_gas_mapping.json,33
10.1016/j.inffus.2022.11.001,Q03,35,28.49746,raw_crossref\Q03_robotic_gas_mapping.json,34
10.2172/876616,Q03,36,28.062363,raw_crossref\Q03_robotic_gas_mapping.json,35
10.1109/southeastcon63549.2026.11476159,Q03,37,27.920235,raw_crossref\Q03_robotic_gas_mapping.json,36
10.1016/j.csite.2025.107537,Q03,38,27.677938,raw_crossref\Q03_robotic_gas_mapping.json,37
10.1109/isoen54820.2022.9789554,Q03,39,27.493351,raw_crossref\Q03_robotic_gas_mapping.json,38
10.1299/jsmeicam.2010.5.177,Q03,40,27.3139,raw_crossref\Q03_robotic_gas_mapping.json,39
10.1109/mems64181.2026.11419396,Q03,41,27.207413,raw_crossref\Q03_robotic_gas_mapping.json,40
10.1109/isoen.2019.8823396,Q03,42,27.172926,raw_crossref\Q03_robotic_gas_mapping.json,41
10.1515/pjct-2017-0018,Q03,43,27.130478,raw_crossref\Q03_robotic_gas_mapping.json,42
10.1109/cac51589.2020.9327850,Q03,44,26.720707,raw_crossref\Q03_robotic_gas_mapping.json,43
10.1109/sas.2015.7133629,Q03,45,26.6921,raw_crossref\Q03_robotic_gas_mapping.json,44
10.1364/cleo_at.2024.ath1e.6,Q03,46,26.641325,raw_crossref\Q03_robotic_gas_mapping.json,45
10.2172/948010,Q03,47,26.46428,raw_crossref\Q03_robotic_gas_mapping.json,46
10.1109/sensors56945.2023.10325109,Q03,48,26.380396,raw_crossref\Q03_robotic_gas_mapping.json,47
10.2139/ssrn.6137229,Q03,49,26.377556,raw_crossref\Q03_robotic_gas_mapping.json,48
10.1007/978-3-662-61147-0_3,Q03,50,26.205181,raw_crossref\Q03_robotic_gas_mapping.json,49
10.1063/1.3156627,Q03,51,26.153423,raw_crossref\Q03_robotic_gas_mapping.json,50
10.21236/ada622601,Q03,52,26.042946,raw_crossref\Q03_robotic_gas_mapping.json,51
10.1002/9781394152636.ch15,Q03,53,26.013208,raw_crossref\Q03_robotic_gas_mapping.json,52
10.1109/isoen61239.2024.10556037,Q03,54,25.886087,raw_crossref\Q03_robotic_gas_mapping.json,53
10.1109/tase.2023.3249651,Q03,55,25.838339,raw_crossref\Q03_robotic_gas_mapping.json,54
10.2139/ssrn.4501395,Q03,56,25.76429,raw_crossref\Q03_robotic_gas_mapping.json,55
10.1109/isoen68725.2026.11665229,Q03,57,25.672184,raw_crossref\Q03_robotic_gas_mapping.json,56
10.4304/jcp.8.10.2672-2677,Q03,58,25.667248,raw_crossref\Q03_robotic_gas_mapping.json,57
10.1109/chicc.2016.7554691,Q03,59,25.664728,raw_crossref\Q03_robotic_gas_mapping.json,58
10.1109/ecmr.2017.8098707,Q03,60,25.649895,raw_crossref\Q03_robotic_gas_mapping.json,59
10.1109/lra.2021.3057290,Q03,61,25.624329,raw_crossref\Q03_robotic_gas_mapping.json,60
10.1109/chicc.2014.6896392,Q03,62,25.374542,raw_crossref\Q03_robotic_gas_mapping.json,61
10.1109/chicc.2014.6896647,Q03,63,25.365807,raw_crossref\Q03_robotic_gas_mapping.json,62
10.1109/vts60656.2024.10538731,Q03,64,25.333298,raw_crossref\Q03_robotic_gas_mapping.json,63
10.1109/ccdc.2016.7531270,Q03,65,25.323,raw_crossref\Q03_robotic_gas_mapping.json,64
10.1109/ccdc69976.2026.11559963,Q03,66,25.323,raw_crossref\Q03_robotic_gas_mapping.json,65
10.1109/icmla.2008.101,Q03,67,25.319431,raw_crossref\Q03_robotic_gas_mapping.json,66
10.1016/j.jnggs.2021.07.004,Q03,68,25.308361,raw_crossref\Q03_robotic_gas_mapping.json,67
10.1109/mra.2012.2184671,Q03,69,25.264431,raw_crossref\Q03_robotic_gas_mapping.json,68
10.1016/j.ngib.2015.02.005,Q03,70,25.263903,raw_crossref\Q03_robotic_gas_mapping.json,69
10.20944/preprints202309.1440.v1,Q03,71,25.153597,raw_crossref\Q03_robotic_gas_mapping.json,70
10.1016/j.measurement.2026.121852,Q03,72,25.041971,raw_crossref\Q03_robotic_gas_mapping.json,71
10.1149/ma2014-01/5/442,Q03,73,25.03265,raw_crossref\Q03_robotic_gas_mapping.json,72
10.1371/journal.pone.0296969,Q03,74,25.005768,raw_crossref\Q03_robotic_gas_mapping.json,73
10.1109/sensors56945.2023.10325081,Q03,75,24.996569,raw_crossref\Q03_robotic_gas_mapping.json,74
10.1109/cac59555.2023.10450920,Q03,76,24.993841,raw_crossref\Q03_robotic_gas_mapping.json,75
10.1109/ecmr.2017.8098720,Q03,77,24.993841,raw_crossref\Q03_robotic_gas_mapping.json,76
10.20944/preprints202504.1827.v1,Q03,78,24.987003,raw_crossref\Q03_robotic_gas_mapping.json,77
10.32548/2025.me-04491,Q03,79,24.93402,raw_crossref\Q03_robotic_gas_mapping.json,78
10.1109/icasspw62465.2024.10627291,Q03,80,24.906588,raw_crossref\Q03_robotic_gas_mapping.json,79
10.2307/j.ctvgc60hz.13,Q03,81,24.906294,raw_crossref\Q03_robotic_gas_mapping.json,80
10.21236/ada629537,Q03,82,24.900497,raw_crossref\Q03_robotic_gas_mapping.json,81
10.1007/978-1-84882-872-8_4,Q03,83,24.833364,raw_crossref\Q03_robotic_gas_mapping.json,82
10.1049/gtd2.13156,Q03,84,24.781248,raw_crossref\Q03_robotic_gas_mapping.json,83
10.1177/1729881417751505,Q03,85,24.766771,raw_crossref\Q03_robotic_gas_mapping.json,84
10.3390/electronics12010171,Q03,86,24.76645,raw_crossref\Q03_robotic_gas_mapping.json,85
10.1166/sl.2014.3168,Q03,87,24.711502,raw_crossref\Q03_robotic_gas_mapping.json,86
10.1109/icra57147.2024.10611440,Q03,88,24.667517,raw_crossref\Q03_robotic_gas_mapping.json,87
10.26434/chemrxiv-2022-xxkk8-v2,Q03,89,24.6619,raw_crossref\Q03_robotic_gas_mapping.json,88
10.3233/idt-230225,Q03,90,24.655415,raw_crossref\Q03_robotic_gas_mapping.json,89
10.26434/chemrxiv-2022-xxkk8-v3,Q03,91,24.655415,raw_crossref\Q03_robotic_gas_mapping.json,90
10.3390/app152412948,Q03,92,24.62231,raw_crossref\Q03_robotic_gas_mapping.json,91
10.1109/acc.2012.6315294,Q03,93,24.603693,raw_crossref\Q03_robotic_gas_mapping.json,92
10.1201/9780429486425-5,Q03,94,24.58034,raw_crossref\Q03_robotic_gas_mapping.json,93
10.1115/1.4070719,Q03,95,24.572174,raw_crossref\Q03_robotic_gas_mapping.json,94
10.1002/gas.3410160805,Q03,96,24.441772,raw_crossref\Q03_robotic_gas_mapping.json,95
10.2139/ssrn.5293568,Q03,97,24.414543,raw_crossref\Q03_robotic_gas_mapping.json,96
10.1201/9780429486425-6,Q03,98,24.390797,raw_crossref\Q03_robotic_gas_mapping.json,97
10.1109/access.2024.3375884,Q03,99,24.381828,raw_crossref\Q03_robotic_gas_mapping.json,98
10.1115/ipc2010-31270,Q03,100,24.373028,raw_crossref\Q03_robotic_gas_mapping.json,99
10.1109/icsens.2009.5398498,Q03,101,24.371527,raw_crossref\Q03_robotic_gas_mapping.json,100
10.1109/iros.2011.6048334,Q03,102,24.354204,raw_crossref\Q03_robotic_gas_mapping.json,101
10.1109/iccakm50778.2021.9357732,Q03,103,24.346022,raw_crossref\Q03_robotic_gas_mapping.json,102
10.1063/1.3156484,Q03,104,24.337837,raw_crossref\Q03_robotic_gas_mapping.json,103
10.31525/ct1-nct03922282,Q03,105,24.292526,raw_crossref\Q03_robotic_gas_mapping.json,104
10.2118/222288-ms,Q03,106,24.278399,raw_crossref\Q03_robotic_gas_mapping.json,105
10.1201/9780429486425-2,Q03,107,24.164932,raw_crossref\Q03_robotic_gas_mapping.json,106
10.1201/9780429486425-8,Q03,108,24.157368,raw_crossref\Q03_robotic_gas_mapping.json,107
10.1109/robot.2009.5152338,Q03,109,24.094587,raw_crossref\Q03_robotic_gas_mapping.json,108
10.1109/icsens.2014.6985282,Q03,110,24.07373,raw_crossref\Q03_robotic_gas_mapping.json,109
10.5194/egusphere-egu22-9510,Q03,111,24.064198,raw_crossref\Q03_robotic_gas_mapping.json,110
10.3997/2214-4609.20141263,Q03,112,24.063744,raw_crossref\Q03_robotic_gas_mapping.json,111
10.1109/icra57147.2024.10610755,Q03,113,24.052084,raw_crossref\Q03_robotic_gas_mapping.json,112
10.3390/s19030520,Q03,114,24.052084,raw_crossref\Q03_robotic_gas_mapping.json,113
10.1109/sensors59705.2025.11331182,Q03,115,24.047215,raw_crossref\Q03_robotic_gas_mapping.json,114
10.17122/ogbus-2015-2-179-190,Q03,116,24.045958,raw_crossref\Q03_robotic_gas_mapping.json,115
10.17683/ijomam/issue21.28,Q03,117,24.044016,raw_crossref\Q03_robotic_gas_mapping.json,116
10.1117/12.2617232,Q03,118,24.040108,raw_crossref\Q03_robotic_gas_mapping.json,117
10.2118/213265-ms,Q03,119,24.010895,raw_crossref\Q03_robotic_gas_mapping.json,118
10.23919/ccc63176.2024.10662172,Q03,120,24.010239,raw_crossref\Q03_robotic_gas_mapping.json,119
10.1201/9780429486425-9,Q03,121,23.980377,raw_crossref\Q03_robotic_gas_mapping.json,120
10.1002/gas.3410131103,Q03,122,23.939062,raw_crossref\Q03_robotic_gas_mapping.json,121
10.1002/gas.3410140609,Q03,123,23.929914,raw_crossref\Q03_robotic_gas_mapping.json,122
10.1109/isoen.2017.7968898,Q03,124,23.8489,raw_crossref\Q03_robotic_gas_mapping.json,123
10.31660/0445-0108-2018-3-127-131,Q03,125,23.843239,raw_crossref\Q03_robotic_gas_mapping.json,124
10.1306/d9cb5f75-1715-11d7-8645000102c1865d,Q03,126,23.786871,raw_crossref\Q03_robotic_gas_mapping.json,125
10.1016/j.comcom.2020.02.060,Q03,127,23.782364,raw_crossref\Q03_robotic_gas_mapping.json,126
10.46427/gold2022.13059,Q03,128,23.775652,raw_crossref\Q03_robotic_gas_mapping.json,127
10.1016/s0042-207x(98)00388-1,Q03,129,23.768032,raw_crossref\Q03_robotic_gas_mapping.json,128
10.1145/3378184.3378220,Q03,130,23.758091,raw_crossref\Q03_robotic_gas_mapping.json,129
10.1109/camsap58249.2023.10403503,Q03,131,23.75108,raw_crossref\Q03_robotic_gas_mapping.json,130
10.1109/icmtma.2011.5767266,Q03,132,23.74719,raw_crossref\Q03_robotic_gas_mapping.json,131
10.1109/isoen61239.2024.10556061,Q03,133,23.74719,raw_crossref\Q03_robotic_gas_mapping.json,132
10.1109/plasma.1996.551430,Q03,134,23.745783,raw_crossref\Q03_robotic_gas_mapping.json,133
10.23919/ccc55666.2022.9901857,Q03,135,23.744043,raw_crossref\Q03_robotic_gas_mapping.json,134
10.1049/ic:19951265,Q03,136,23.73537,raw_crossref\Q03_robotic_gas_mapping.json,135
10.1201/9780429486425-7,Q03,137,23.73309,raw_crossref\Q03_robotic_gas_mapping.json,136
10.1109/icit.2012.6209962,Q03,138,23.73235,raw_crossref\Q03_robotic_gas_mapping.json,137
10.1787/data-00594-en,Q03,139,23.723251,raw_crossref\Q03_robotic_gas_mapping.json,138
10.1109/wcica.2014.7053119,Q03,140,23.71978,raw_crossref\Q03_robotic_gas_mapping.json,139
10.1109/iscait64916.2025.11010598,Q03,141,23.710136,raw_crossref\Q03_robotic_gas_mapping.json,140
10.2172/1509409,Q03,142,23.70022,raw_crossref\Q03_robotic_gas_mapping.json,141
10.1109/iros.2011.6094656,Q03,143,23.69126,raw_crossref\Q03_robotic_gas_mapping.json,142
10.1109/irc59093.2023.00016,Q03,144,23.622877,raw_crossref\Q03_robotic_gas_mapping.json,143
10.1109/irc59093.2023.00014,Q03,145,23.60419,raw_crossref\Q03_robotic_gas_mapping.json,144
10.1007/978-3-642-01097-2_10,Q03,146,23.534826,raw_crossref\Q03_robotic_gas_mapping.json,145
10.1109/icca69928.2026.11618018,Q03,147,23.515625,raw_crossref\Q03_robotic_gas_mapping.json,146
10.1016/s0026-0657(01)80663-9,Q03,148,23.513584,raw_crossref\Q03_robotic_gas_mapping.json,147
10.2139/ssrn.5088175,Q03,149,23.497839,raw_crossref\Q03_robotic_gas_mapping.json,148
10.1306/80676tharimela2019,Q03,150,23.495285,raw_crossref\Q03_robotic_gas_mapping.json,149
10.3390/app152010900,Q03,151,23.489109,raw_crossref\Q03_robotic_gas_mapping.json,150
10.3997/2214-4609-pdb.28.x47,Q03,152,23.487234,raw_crossref\Q03_robotic_gas_mapping.json,151
10.1016/b978-0-12-396972-9.00003-3,Q03,153,23.487234,raw_crossref\Q03_robotic_gas_mapping.json,152
10.1088/2631-8695/ae5d8b,Q03,154,23.479862,raw_crossref\Q03_robotic_gas_mapping.json,153
10.1109/wcica.2008.4592827,Q03,155,23.465546,raw_crossref\Q03_robotic_gas_mapping.json,154
10.1016/b978-008044704-9/50059-8,Q03,156,23.464043,raw_crossref\Q03_robotic_gas_mapping.json,155
10.1115/iogpc2017-2452,Q03,157,23.457966,raw_crossref\Q03_robotic_gas_mapping.json,156
10.1109/robio.2012.6491171,Q03,158,23.457603,raw_crossref\Q03_robotic_gas_mapping.json,157
10.1007/978-3-031-21062-4_9,Q03,159,23.45464,raw_crossref\Q03_robotic_gas_mapping.json,158
10.1088/2631-8695/ae8743,Q03,160,23.454323,raw_crossref\Q03_robotic_gas_mapping.json,159
10.1002/9781394442430.app9,Q03,161,23.45155,raw_crossref\Q03_robotic_gas_mapping.json,160
10.1002/tee.23988,Q03,162,23.450157,raw_crossref\Q03_robotic_gas_mapping.json,161
10.1109/cenim.2018.8711381,Q03,163,23.445143,raw_crossref\Q03_robotic_gas_mapping.json,162
10.2118/202244-ms,Q03,164,23.439081,raw_crossref\Q03_robotic_gas_mapping.json,163
10.1109/isoen68725.2026.11665044,Q03,165,23.433197,raw_crossref\Q03_robotic_gas_mapping.json,164
10.1190/1.9781560802197.ch10,Q03,166,23.43247,raw_crossref\Q03_robotic_gas_mapping.json,165
10.1109/ccdc69976.2026.11560413,Q03,167,23.412174,raw_crossref\Q03_robotic_gas_mapping.json,166
10.1109/wcica.2010.5554527,Q03,168,23.40549,raw_crossref\Q03_robotic_gas_mapping.json,167
10.2139/ssrn.5182891,Q03,169,23.398426,raw_crossref\Q03_robotic_gas_mapping.json,168
10.5772/53566,Q03,170,23.378473,raw_crossref\Q03_robotic_gas_mapping.json,169
10.1021/scimeetings.0c00048,Q03,171,23.328362,raw_crossref\Q03_robotic_gas_mapping.json,170
10.1002/gas.3410120405,Q03,172,23.31733,raw_crossref\Q03_robotic_gas_mapping.json,171
10.1299/jsmecmd.2011.24.344,Q03,173,23.281052,raw_crossref\Q03_robotic_gas_mapping.json,172
10.1115/iogpc2019-4576,Q03,174,23.278772,raw_crossref\Q03_robotic_gas_mapping.json,173
10.1201/9780429486425-1,Q03,175,23.198273,raw_crossref\Q03_robotic_gas_mapping.json,174
10.1115/iogpc2019-4583,Q03,176,23.189028,raw_crossref\Q03_robotic_gas_mapping.json,175
10.1016/j.measurement.2026.121987,Q03,177,23.178343,raw_crossref\Q03_robotic_gas_mapping.json,176
10.2118/182076-ms,Q03,178,23.168968,raw_crossref\Q03_robotic_gas_mapping.json,177
10.1007/1-4020-3972-7_7,Q03,179,23.150713,raw_crossref\Q03_robotic_gas_mapping.json,178
10.1007/978-981-97-4756-6_7,Q03,180,23.142597,raw_crossref\Q03_robotic_gas_mapping.json,179
10.1166/sl.2014.3191,Q03,181,23.136868,raw_crossref\Q03_robotic_gas_mapping.json,180
10.18495/comengapp.v9i3.343,Q03,182,23.127626,raw_crossref\Q03_robotic_gas_mapping.json,181
10.1109/ccdc.2013.6561589,Q03,183,23.127626,raw_crossref\Q03_robotic_gas_mapping.json,182
10.3390/s23125387,Q03,184,23.124422,raw_crossref\Q03_robotic_gas_mapping.json,183
10.1109/isoen68725.2026.11665194,Q03,185,23.119848,raw_crossref\Q03_robotic_gas_mapping.json,184
10.3390/app14114451,Q03,186,23.119848,raw_crossref\Q03_robotic_gas_mapping.json,185
10.1109/chicc.2015.7260580,Q03,187,23.119656,raw_crossref\Q03_robotic_gas_mapping.json,186
10.1007/978-981-97-4756-6_10,Q03,188,23.117754,raw_crossref\Q03_robotic_gas_mapping.json,187
10.1109/iros47612.2022.9981901,Q03,189,23.116512,raw_crossref\Q03_robotic_gas_mapping.json,188
10.23919/ccc50068.2020.9188643,Q03,190,23.112045,raw_crossref\Q03_robotic_gas_mapping.json,189
10.1007/978-981-97-4756-6_6,Q03,191,23.104599,raw_crossref\Q03_robotic_gas_mapping.json,190
10.1016/j.jgsce.2025.205801,Q03,192,23.100304,raw_crossref\Q03_robotic_gas_mapping.json,191
10.1051/matecconf/201711505019,Q03,193,23.040462,raw_crossref\Q03_robotic_gas_mapping.json,192
10.1002/essoar.10501228.1,Q03,194,23.006163,raw_crossref\Q03_robotic_gas_mapping.json,193
10.2139/ssrn.2136547,Q03,195,22.993673,raw_crossref\Q03_robotic_gas_mapping.json,194
10.1016/b978-0-12-803675-4.00010-5,Q03,196,22.98249,raw_crossref\Q03_robotic_gas_mapping.json,195
10.1002/gas.3410061202,Q03,197,22.977962,raw_crossref\Q03_robotic_gas_mapping.json,196
10.2172/1579674,Q03,198,22.970436,raw_crossref\Q03_robotic_gas_mapping.json,197
10.2523/26196-ms,Q03,199,22.967981,raw_crossref\Q03_robotic_gas_mapping.json,198
10.21236/ada429294,Q03,200,22.965027,raw_crossref\Q03_robotic_gas_mapping.json,199
10.1007/978-981-97-4756-6_4,Q03,201,22.951498,raw_crossref\Q03_robotic_gas_mapping.json,200
10.1109/osmses54027.2022.9769148,Q03,202,22.943607,raw_crossref\Q03_robotic_gas_mapping.json,201
10.1016/j.jnggs.2024.05.002,Q03,203,22.925697,raw_crossref\Q03_robotic_gas_mapping.json,202
10.1007/978-981-97-4756-6_9,Q03,204,22.915377,raw_crossref\Q03_robotic_gas_mapping.json,203
10.1016/b978-0-323-90544-2.00003-8,Q03,205,22.894411,raw_crossref\Q03_robotic_gas_mapping.json,204
10.1017/s0263574724001620,Q03,206,22.891628,raw_crossref\Q03_robotic_gas_mapping.json,205
10.1109/iros60139.2025.11246224,Q03,207,22.890347,raw_crossref\Q03_robotic_gas_mapping.json,206
10.1109/isitia56226.2022.9855336,Q03,208,22.889156,raw_crossref\Q03_robotic_gas_mapping.json,207
10.1109/iccoins49721.2021.9497222,Q03,209,22.874134,raw_crossref\Q03_robotic_gas_mapping.json,208
10.1016/j.jngse.2009.12.004,Q03,210,22.87327,raw_crossref\Q03_robotic_gas_mapping.json,209
10.1109/smartiot70864.2026.00009,Q03,211,22.866625,raw_crossref\Q03_robotic_gas_mapping.json,210
10.1016/j.measurement.2025.119085,Q03,212,22.862232,raw_crossref\Q03_robotic_gas_mapping.json,211
10.1007/s10514-015-9437-0,Q03,213,22.837215,raw_crossref\Q03_robotic_gas_mapping.json,212
10.3997/2214-4609.20142876,Q03,214,22.833918,raw_crossref\Q03_robotic_gas_mapping.json,213
10.1016/j.energy.2021.121805,Q03,215,22.830868,raw_crossref\Q03_robotic_gas_mapping.json,214
10.1109/icomms66553.2025.11200196,Q03,216,22.829807,raw_crossref\Q03_robotic_gas_mapping.json,215
10.1016/b978-0-12-815150-1.00005-5,Q03,217,22.82817,raw_crossref\Q03_robotic_gas_mapping.json,216
10.1016/b978-0-443-19219-7.00005-9,Q03,218,22.82817,raw_crossref\Q03_robotic_gas_mapping.json,217
10.1109/access.2023.3336560,Q03,219,22.820215,raw_crossref\Q03_robotic_gas_mapping.json,218
10.1109/iros45743.2020.9341781,Q03,220,22.8169,raw_crossref\Q03_robotic_gas_mapping.json,219
10.1016/0950-4214(91)80002-m,Q03,221,22.805244,raw_crossref\Q03_robotic_gas_mapping.json,220
10.1007/978-3-642-03259-2_9,Q03,222,22.793262,raw_crossref\Q03_robotic_gas_mapping.json,221
10.2118/182076-ru,Q03,223,22.781988,raw_crossref\Q03_robotic_gas_mapping.json,222
10.1201/9781003151197-2,Q03,224,22.771189,raw_crossref\Q03_robotic_gas_mapping.json,223
10.2118/107968-ms,Q03,225,22.762266,raw_crossref\Q03_robotic_gas_mapping.json,224
10.1575/1912/1583,Q03,226,22.755817,raw_crossref\Q03_robotic_gas_mapping.json,225
10.2118/213390-ms,Q03,227,22.747053,raw_crossref\Q03_robotic_gas_mapping.json,226
10.1007/978-981-97-4756-6_8,Q03,228,22.74183,raw_crossref\Q03_robotic_gas_mapping.json,227
10.21203/rs.3.rs-7142726/v1,Q03,229,22.741009,raw_crossref\Q03_robotic_gas_mapping.json,228
10.1007/978-3-319-14601-0_2,Q03,230,22.737457,raw_crossref\Q03_robotic_gas_mapping.json,229
10.2118/26196-ms,Q03,231,22.736244,raw_crossref\Q03_robotic_gas_mapping.json,230
10.21236/ada531689,Q03,232,22.732334,raw_crossref\Q03_robotic_gas_mapping.json,231
10.1246/cl.2001.1126,Q03,233,22.72601,raw_crossref\Q03_robotic_gas_mapping.json,232
10.1115/iogpc2019-4520,Q03,234,22.724264,raw_crossref\Q03_robotic_gas_mapping.json,233
10.1201/9780429486425-3,Q03,235,22.724264,raw_crossref\Q03_robotic_gas_mapping.json,234
10.21236/ada541767,Q03,236,22.721718,raw_crossref\Q03_robotic_gas_mapping.json,235
10.1109/icsens.2012.6411401,Q03,237,22.721476,raw_crossref\Q03_robotic_gas_mapping.json,236
10.1016/j.robot.2026.105431,Q03,238,22.715233,raw_crossref\Q03_robotic_gas_mapping.json,237
10.21236/ada533035,Q03,239,22.684395,raw_crossref\Q03_robotic_gas_mapping.json,238
10.1109/sips62058.2024.00022,Q03,240,22.63448,raw_crossref\Q03_robotic_gas_mapping.json,239
10.1109/sensors56945.2023.10324923,Q03,241,22.630795,raw_crossref\Q03_robotic_gas_mapping.json,240
10.1109/isoen.2019.8823147,Q03,242,22.61766,raw_crossref\Q03_robotic_gas_mapping.json,241
10.3390/app15095072,Q03,243,22.61697,raw_crossref\Q03_robotic_gas_mapping.json,242
10.1109/arace56528.2022.00027,Q03,244,22.616272,raw_crossref\Q03_robotic_gas_mapping.json,243
10.1109/iros45743.2020.9341747,Q03,245,22.607296,raw_crossref\Q03_robotic_gas_mapping.json,244
10.2172/892746,Q03,246,22.605862,raw_crossref\Q03_robotic_gas_mapping.json,245
10.70149/27941158,Q03,247,22.605686,raw_crossref\Q03_robotic_gas_mapping.json,246
10.1306/3b05aeb2-172a-11d7-8645000102c1865d,Q03,248,22.597944,raw_crossref\Q03_robotic_gas_mapping.json,247
10.2139/ssrn.4266689,Q03,249,22.58719,raw_crossref\Q03_robotic_gas_mapping.json,248
10.1109/isitia71267.2026.11642215,Q03,250,22.58118,raw_crossref\Q03_robotic_gas_mapping.json,249
10.21203/rs.3.rs-5834303/v1,Q03,251,22.5726,raw_crossref\Q03_robotic_gas_mapping.json,250
10.21595/lger.2022.22421,Q03,252,22.560194,raw_crossref\Q03_robotic_gas_mapping.json,251
10.1787/d5d72f71-en,Q03,253,22.546711,raw_crossref\Q03_robotic_gas_mapping.json,252
10.1007/978-981-97-4756-6_5,Q03,254,22.546606,raw_crossref\Q03_robotic_gas_mapping.json,253
10.1017/s0263574708004694,Q03,255,22.53933,raw_crossref\Q03_robotic_gas_mapping.json,254
10.23919/ccc64809.2025.11178808,Q03,256,22.535898,raw_crossref\Q03_robotic_gas_mapping.json,255
10.5772/30926,Q03,257,22.53587,raw_crossref\Q03_robotic_gas_mapping.json,256
10.2118/145733-ms,Q03,258,22.532393,raw_crossref\Q03_robotic_gas_mapping.json,257
10.1007/978-981-97-4756-6_11,Q03,259,22.527742,raw_crossref\Q03_robotic_gas_mapping.json,258
10.3997/2214-4609-pdb.28.x8,Q03,260,22.52659,raw_crossref\Q03_robotic_gas_mapping.json,259
10.1596/17913,Q03,261,22.518566,raw_crossref\Q03_robotic_gas_mapping.json,260
10.2523/107968-ms,Q03,262,22.510612,raw_crossref\Q03_robotic_gas_mapping.json,261
10.1002/9781119039228.ch1,Q03,263,22.508068,raw_crossref\Q03_robotic_gas_mapping.json,262
10.1109/tepra.2011.5753493,Q03,264,22.507593,raw_crossref\Q03_robotic_gas_mapping.json,263
10.1201/9780429486425-4,Q03,265,22.494253,raw_crossref\Q03_robotic_gas_mapping.json,264
10.23919/oceans.2009.5422215,Q03,266,22.492859,raw_crossref\Q03_robotic_gas_mapping.json,265
10.31660/0445-0108-2018-1-106-112,Q03,267,22.491507,raw_crossref\Q03_robotic_gas_mapping.json,266
10.20944/preprints202402.1024.v1,Q03,268,22.487457,raw_crossref\Q03_robotic_gas_mapping.json,267
10.4018/978-1-4666-2672-0.ch017,Q03,269,22.479519,raw_crossref\Q03_robotic_gas_mapping.json,268
10.1016/j.ngib.2019.06.001,Q03,270,22.451805,raw_crossref\Q03_robotic_gas_mapping.json,269
10.1063/1.4975258,Q03,271,22.426353,raw_crossref\Q03_robotic_gas_mapping.json,270
10.3997/2214-4609.201409699,Q03,272,22.421083,raw_crossref\Q03_robotic_gas_mapping.json,271
10.1016/b978-0-443-19219-7.00011-4,Q03,273,22.363283,raw_crossref\Q03_robotic_gas_mapping.json,272
10.1109/isoen54820.2022.9789553,Q03,274,22.350769,raw_crossref\Q03_robotic_gas_mapping.json,273
10.1177/1729881417707170,Q03,275,22.34708,raw_crossref\Q03_robotic_gas_mapping.json,274
10.1177/1729881416669482,Q03,276,22.337498,raw_crossref\Q03_robotic_gas_mapping.json,275
10.5194/egusphere-2025-644,Q03,277,22.335495,raw_crossref\Q03_robotic_gas_mapping.json,276
10.23919/eusipco63174.2024.10715286,Q03,278,22.324167,raw_crossref\Q03_robotic_gas_mapping.json,277
10.1109/jsen.2022.3202134,Q03,279,22.321575,raw_crossref\Q03_robotic_gas_mapping.json,278
10.1016/s0140-6701(03)92283-1,Q03,280,22.318268,raw_crossref\Q03_robotic_gas_mapping.json,279
10.1071/aj00026,Q03,281,22.299162,raw_crossref\Q03_robotic_gas_mapping.json,280
10.1007/978-981-10-3118-2_10,Q03,282,22.292725,raw_crossref\Q03_robotic_gas_mapping.json,281
10.31660/0445-0108-2016-1-15-20,Q03,283,22.292725,raw_crossref\Q03_robotic_gas_mapping.json,282
10.1109/rusautocon.2019.8867711,Q03,284,22.292263,raw_crossref\Q03_robotic_gas_mapping.json,283
10.1007/978-94-009-0121-6_20,Q03,285,22.284122,raw_crossref\Q03_robotic_gas_mapping.json,284
10.1016/b978-0-12-823905-6.00002-7,Q03,286,22.263723,raw_crossref\Q03_robotic_gas_mapping.json,285
10.1109/icsens.2009.5398495,Q03,287,22.258657,raw_crossref\Q03_robotic_gas_mapping.json,286
10.1049/pbce097e_ch12,Q03,288,22.257755,raw_crossref\Q03_robotic_gas_mapping.json,287
10.1115/iogpc2023-119201,Q03,289,22.253084,raw_crossref\Q03_robotic_gas_mapping.json,288
10.21105/joss.01642,Q03,290,22.251514,raw_crossref\Q03_robotic_gas_mapping.json,289
10.21236/ada429714,Q03,291,22.241982,raw_crossref\Q03_robotic_gas_mapping.json,290
10.1016/j.jnggs.2019.05.001,Q03,292,22.22035,raw_crossref\Q03_robotic_gas_mapping.json,291
10.2139/ssrn.5015252,Q03,293,22.203718,raw_crossref\Q03_robotic_gas_mapping.json,292
10.1016/j.jngse.2021.104191,Q03,294,22.190052,raw_crossref\Q03_robotic_gas_mapping.json,293
10.1016/j.jngse.2016.10.008,Q03,295,22.170025,raw_crossref\Q03_robotic_gas_mapping.json,294
10.5194/egusphere-egu25-10366,Q03,296,22.163212,raw_crossref\Q03_robotic_gas_mapping.json,295
10.1260/1708-5284.11.2.147,Q03,297,22.159616,raw_crossref\Q03_robotic_gas_mapping.json,296
10.1109/acc.2012.6315528,Q03,298,22.131191,raw_crossref\Q03_robotic_gas_mapping.json,297
10.31471/1993-9868-2024-1(41)-52-61,Q03,299,22.117907,raw_crossref\Q03_robotic_gas_mapping.json,298
10.31219/osf.io/f4txh_v1,Q03,300,22.11103,raw_crossref\Q03_robotic_gas_mapping.json,299
10.22266/ijies2026.0531.13,Q03,301,22.10959,raw_crossref\Q03_robotic_gas_mapping.json,300
10.1007/s12065-018-0191-z,Q03,302,22.109186,raw_crossref\Q03_robotic_gas_mapping.json,301
10.31219/osf.io/f4txh,Q03,303,22.087086,raw_crossref\Q03_robotic_gas_mapping.json,302
10.1016/j.swevo.2024.101615,Q03,304,22.075626,raw_crossref\Q03_robotic_gas_mapping.json,303
10.1007/978-3-030-32614-2_4,Q03,305,22.07098,raw_crossref\Q03_robotic_gas_mapping.json,304
10.1007/s41315-025-00419-5,Q03,306,22.067556,raw_crossref\Q03_robotic_gas_mapping.json,305
10.1016/j.jgsce.2023.205054,Q03,307,22.06104,raw_crossref\Q03_robotic_gas_mapping.json,306
10.1007/978-3-642-78127-8_3,Q03,308,22.051292,raw_crossref\Q03_robotic_gas_mapping.json,307
10.4028/www.scientific.net/amm.543-547.4149,Q03,309,22.051258,raw_crossref\Q03_robotic_gas_mapping.json,308
10.1007/s10514-015-9499-z,Q03,310,22.043194,raw_crossref\Q03_robotic_gas_mapping.json,309
10.30836/igs.1025-6814.2011.4.139332,Q03,311,22.030947,raw_crossref\Q03_robotic_gas_mapping.json,310
10.1049/ic:19951263,Q03,312,22.03025,raw_crossref\Q03_robotic_gas_mapping.json,311
10.1049/ic:19951264,Q03,313,22.023212,raw_crossref\Q03_robotic_gas_mapping.json,312
10.2118/226402-ms,Q03,314,22.016594,raw_crossref\Q03_robotic_gas_mapping.json,313
10.4043/24641-ms,Q03,315,22.012274,raw_crossref\Q03_robotic_gas_mapping.json,314
10.1016/j.ngib.2024.11.006,Q03,316,22.01176,raw_crossref\Q03_robotic_gas_mapping.json,315
10.1016/0040-6090(90)90405-3,Q03,317,21.993683,raw_crossref\Q03_robotic_gas_mapping.json,316
10.1109/icra48891.2023.10161276,Q03,318,21.984138,raw_crossref\Q03_robotic_gas_mapping.json,317
10.1109/gcce56475.2022.10014390,Q03,319,21.976341,raw_crossref\Q03_robotic_gas_mapping.json,318
10.1115/1.3078793,Q03,320,21.974352,raw_crossref\Q03_robotic_gas_mapping.json,319
10.21203/rs.3.rs-7175167/v1,Q03,321,21.96999,raw_crossref\Q03_robotic_gas_mapping.json,320
10.1029/gm124p0235,Q03,322,21.952984,raw_crossref\Q03_robotic_gas_mapping.json,321
10.2118/191311-ms,Q03,323,21.947418,raw_crossref\Q03_robotic_gas_mapping.json,322
10.1016/j.jngse.2016.08.060,Q03,324,21.941555,raw_crossref\Q03_robotic_gas_mapping.json,323
10.1016/j.ngib.2025.05.003,Q03,325,21.941545,raw_crossref\Q03_robotic_gas_mapping.json,324
10.1016/j.jgsce.2025.205745,Q03,326,21.939117,raw_crossref\Q03_robotic_gas_mapping.json,325
10.20944/preprints202410.1708.v1,Q03,327,21.911453,raw_crossref\Q03_robotic_gas_mapping.json,326
10.51865/jpgt.2024.01.11,Q03,328,21.869427,raw_crossref\Q03_robotic_gas_mapping.json,327
10.1306/trhbk624c6,Q03,329,21.861914,raw_crossref\Q03_robotic_gas_mapping.json,328
10.1787/a76b5c8d-en,Q03,330,21.859772,raw_crossref\Q03_robotic_gas_mapping.json,329
10.1109/access.2023.3238470,Q03,331,21.855581,raw_crossref\Q03_robotic_gas_mapping.json,330
10.1787/e2541de4-en,Q03,332,21.855146,raw_crossref\Q03_robotic_gas_mapping.json,331
10.1787/6bb91854-en,Q03,333,21.848656,raw_crossref\Q03_robotic_gas_mapping.json,332
10.1787/efe76eb1-en,Q03,334,21.84306,raw_crossref\Q03_robotic_gas_mapping.json,333
10.1201/9781003570882-18,Q03,335,21.842815,raw_crossref\Q03_robotic_gas_mapping.json,334
10.1787/cf2ec84e-en,Q03,336,21.841738,raw_crossref\Q03_robotic_gas_mapping.json,335
10.14257/ijsip.2016.9.11.32,Q03,337,21.836258,raw_crossref\Q03_robotic_gas_mapping.json,336
10.3390/s18124375,Q03,338,21.836258,raw_crossref\Q03_robotic_gas_mapping.json,337
10.1002/gas.21991,Q03,339,21.835896,raw_crossref\Q03_robotic_gas_mapping.json,338
10.1787/61a356d1-en,Q03,340,21.83142,raw_crossref\Q03_robotic_gas_mapping.json,339
10.1109/icsens.2007.355495,Q03,341,21.828499,raw_crossref\Q03_robotic_gas_mapping.json,340
10.14800/iogr.1467,Q03,342,21.828499,raw_crossref\Q03_robotic_gas_mapping.json,341
10.1002/gas.21947,Q03,343,21.825262,raw_crossref\Q03_robotic_gas_mapping.json,342
10.1787/ff19698d-en,Q03,344,21.82363,raw_crossref\Q03_robotic_gas_mapping.json,343
10.7868/s3034495625060012,Q03,345,21.822561,raw_crossref\Q03_robotic_gas_mapping.json,344
10.3390/su13073987,Q03,346,21.815525,raw_crossref\Q03_robotic_gas_mapping.json,345
10.1525/elementa.2023.00110,Q03,347,21.810852,raw_crossref\Q03_robotic_gas_mapping.json,346
10.1002/gas.3410120507,Q03,348,21.806547,raw_crossref\Q03_robotic_gas_mapping.json,347
10.2118/211243-ms,Q03,349,21.806107,raw_crossref\Q03_robotic_gas_mapping.json,348
10.1007/978-3-642-11688-9_17,Q03,350,21.790201,raw_crossref\Q03_robotic_gas_mapping.json,349
10.1201/9780429486425,Q03,351,21.784962,raw_crossref\Q03_robotic_gas_mapping.json,350
10.1002/gas.3410130904,Q03,352,21.779654,raw_crossref\Q03_robotic_gas_mapping.json,351
10.1115/gt2019-91422,Q03,353,21.779488,raw_crossref\Q03_robotic_gas_mapping.json,352
10.2139/ssrn.5128264,Q03,354,21.77153,raw_crossref\Q03_robotic_gas_mapping.json,353
10.4337/9781847204318.00014,Q03,355,21.754122,raw_crossref\Q03_robotic_gas_mapping.json,354
10.1109/wd.2010.5657755,Q03,356,21.75245,raw_crossref\Q03_robotic_gas_mapping.json,355
10.14293/pr2199.003628.v1,Q03,357,21.74855,raw_crossref\Q03_robotic_gas_mapping.json,356
10.1306/bdff7f48-1718-11d7-8645000102c1865d,Q03,358,21.742947,raw_crossref\Q03_robotic_gas_mapping.json,357
10.1145/2480362.2480409,Q03,359,21.739212,raw_crossref\Q03_robotic_gas_mapping.json,358
10.1016/j.jgsce.2024.205524,Q03,360,21.7364,raw_crossref\Q03_robotic_gas_mapping.json,359
10.1109/icmic.2018.8529963,Q03,361,21.733591,raw_crossref\Q03_robotic_gas_mapping.json,360
10.1596/17920,Q03,362,21.704609,raw_crossref\Q03_robotic_gas_mapping.json,361
10.1021/acs.iecr.5c00940,Q03,363,21.681492,raw_crossref\Q03_robotic_gas_mapping.json,362
10.21275/sr25705064704,Q03,364,21.68039,raw_crossref\Q03_robotic_gas_mapping.json,363
10.1016/j.ngib.2024.11.003,Q03,365,21.677078,raw_crossref\Q03_robotic_gas_mapping.json,364
10.1016/b978-0-12-823905-6.00003-9,Q03,366,21.644451,raw_crossref\Q03_robotic_gas_mapping.json,365
10.1016/b978-0-443-19219-7.00007-2,Q03,367,21.638649,raw_crossref\Q03_robotic_gas_mapping.json,366
10.1016/b978-0-443-19227-2.00018-6,Q03,368,21.635435,raw_crossref\Q03_robotic_gas_mapping.json,367
10.3390/s24072309,Q03,369,21.63423,raw_crossref\Q03_robotic_gas_mapping.json,368
10.1063/5.0260600,Q03,370,21.614176,raw_crossref\Q03_robotic_gas_mapping.json,369
10.1002/gas.22078,Q03,371,21.611147,raw_crossref\Q03_robotic_gas_mapping.json,370
10.3390/s121216404,Q03,372,21.610748,raw_crossref\Q03_robotic_gas_mapping.json,371
10.3390/s18124174,Q03,373,21.60978,raw_crossref\Q03_robotic_gas_mapping.json,372
10.1002/gas.21613,Q03,374,21.58617,raw_crossref\Q03_robotic_gas_mapping.json,373
10.1029/gm124p0053,Q03,375,21.581118,raw_crossref\Q03_robotic_gas_mapping.json,374
10.1299/jsdd.5.70,Q03,376,21.580135,raw_crossref\Q03_robotic_gas_mapping.json,375
10.2139/ssrn.4567010,Q03,377,21.579334,raw_crossref\Q03_robotic_gas_mapping.json,376
10.1117/12.3039504,Q03,378,21.579042,raw_crossref\Q03_robotic_gas_mapping.json,377
10.1007/978-981-10-3118-2_7,Q03,379,21.577839,raw_crossref\Q03_robotic_gas_mapping.json,378
10.1299/jsmekanto.2014.20._20711-1_,Q03,380,21.57407,raw_crossref\Q03_robotic_gas_mapping.json,379
10.1155/2015/874532,Q03,381,21.570284,raw_crossref\Q03_robotic_gas_mapping.json,380
10.1007/978-3-642-00644-9_21,Q03,382,21.565842,raw_crossref\Q03_robotic_gas_mapping.json,381
10.1109/icca.2009.5410516,Q03,383,21.565842,raw_crossref\Q03_robotic_gas_mapping.json,382
10.1016/j.ngib.2014.11.003,Q03,384,21.559368,raw_crossref\Q03_robotic_gas_mapping.json,383
10.17122/ogbus-2020-3-54-70,Q03,385,21.558407,raw_crossref\Q03_robotic_gas_mapping.json,384
10.21203/rs.3.rs-7542011/v1,Q03,386,21.535639,raw_crossref\Q03_robotic_gas_mapping.json,385
10.2118/147221-ms,Q03,387,21.535639,raw_crossref\Q03_robotic_gas_mapping.json,386
10.4018/978-1-4666-2104-6.ch002,Q03,388,21.53365,raw_crossref\Q03_robotic_gas_mapping.json,387
10.1017/s0263574712000021,Q03,389,21.531033,raw_crossref\Q03_robotic_gas_mapping.json,388
10.5194/egusphere-egu23-4787,Q03,390,21.527416,raw_crossref\Q03_robotic_gas_mapping.json,389
10.1177/1729881419874645,Q03,391,21.518427,raw_crossref\Q03_robotic_gas_mapping.json,390
10.23919/ccc55666.2022.9901638,Q03,392,21.51269,raw_crossref\Q03_robotic_gas_mapping.json,391
10.1029/2021eo155245,Q03,393,21.489773,raw_crossref\Q03_robotic_gas_mapping.json,392
10.1787/959d0fe9-en,Q03,394,21.489319,raw_crossref\Q03_robotic_gas_mapping.json,393
10.1063/pt.5.029600,Q03,395,21.464754,raw_crossref\Q03_robotic_gas_mapping.json,394
10.1007/978-0-387-72768-4_2,Q03,396,21.461931,raw_crossref\Q03_robotic_gas_mapping.json,395
10.1016/j.jngse.2021.104061,Q03,397,21.457565,raw_crossref\Q03_robotic_gas_mapping.json,396
10.1016/j.jngse.2021.103933,Q03,398,21.452007,raw_crossref\Q03_robotic_gas_mapping.json,397
10.1299/jsmermd.2012._2a1-j05_1,Q03,399,21.447615,raw_crossref\Q03_robotic_gas_mapping.json,398
10.32347/2409-2606.2020.0.32-38,Q03,400,21.443783,raw_crossref\Q03_robotic_gas_mapping.json,399
10.33285/1999-6934-2019-1(109)-5-7,Q03,401,21.44323,raw_crossref\Q03_robotic_gas_mapping.json,400
10.1016/s0167-2991(98)80428-x,Q03,402,21.437548,raw_crossref\Q03_robotic_gas_mapping.json,401
10.2514/6.2023-0784,Q03,403,21.420567,raw_crossref\Q03_robotic_gas_mapping.json,402
10.31660/0445-0108-2016-2-120-125,Q03,404,21.406914,raw_crossref\Q03_robotic_gas_mapping.json,403
10.1201/9781482286380,Q03,405,21.40425,raw_crossref\Q03_robotic_gas_mapping.json,404
10.31660/0445-0108-2023-4-63-74,Q03,406,21.403471,raw_crossref\Q03_robotic_gas_mapping.json,405
10.2139/ssrn.6800411,Q03,407,21.401777,raw_crossref\Q03_robotic_gas_mapping.json,406
10.5194/egusphere-egu26-22414,Q03,408,21.401037,raw_crossref\Q03_robotic_gas_mapping.json,407
10.1016/j.jngse.2016.07.018,Q03,409,21.393375,raw_crossref\Q03_robotic_gas_mapping.json,408
10.4028/www.scientific.net/amr.614-615.564,Q03,410,21.3886,raw_crossref\Q03_robotic_gas_mapping.json,409
10.2139/ssrn.7112419,Q03,411,21.388302,raw_crossref\Q03_robotic_gas_mapping.json,410
10.1109/iit.2018.8807917,Q03,412,21.387142,raw_crossref\Q03_robotic_gas_mapping.json,411
10.22533/at.ed.910241901,Q03,413,21.383837,raw_crossref\Q03_robotic_gas_mapping.json,412
10.1007/978-94-007-2753-3_13,Q03,414,21.382887,raw_crossref\Q03_robotic_gas_mapping.json,413
10.1201/b23013-4,Q03,415,21.382431,raw_crossref\Q03_robotic_gas_mapping.json,414
10.1109/icicee.2012.410,Q03,416,21.37828,raw_crossref\Q03_robotic_gas_mapping.json,415
10.1016/j.jgsce.2024.205261,Q03,417,21.367327,raw_crossref\Q03_robotic_gas_mapping.json,416
10.1071/aj08007,Q03,418,21.360003,raw_crossref\Q03_robotic_gas_mapping.json,417
10.4135/9781526431868,Q03,419,21.358143,raw_crossref\Q03_robotic_gas_mapping.json,418
10.1109/southeastcon51012.2023.10115175,Q03,420,21.346521,raw_crossref\Q03_robotic_gas_mapping.json,419
10.1299/jsmemecj.2014._s1110401-,Q03,421,21.345184,raw_crossref\Q03_robotic_gas_mapping.json,420
10.1016/b978-0-444-64315-5.00002-4,Q03,422,21.340889,raw_crossref\Q03_robotic_gas_mapping.json,421
10.1115/iogpc2019-4582,Q03,423,21.337189,raw_crossref\Q03_robotic_gas_mapping.json,422
10.3724/sp.j.1087.2013.01783,Q03,424,21.332207,raw_crossref\Q03_robotic_gas_mapping.json,423
10.2118/131350-ms,Q03,425,21.329582,raw_crossref\Q03_robotic_gas_mapping.json,424
10.1299/jsmemecj.2011._s113034-1,Q03,426,21.32539,raw_crossref\Q03_robotic_gas_mapping.json,425
10.1177/17298806231158298,Q03,427,21.31791,raw_crossref\Q03_robotic_gas_mapping.json,426
10.1109/access.2021.3094962,Q03,428,21.315025,raw_crossref\Q03_robotic_gas_mapping.json,427
10.1002/hbm.22917,Q03,429,21.31041,raw_crossref\Q03_robotic_gas_mapping.json,428
10.1109/bulef66320.2025.11299002,Q03,430,21.309368,raw_crossref\Q03_robotic_gas_mapping.json,429
10.1109/irc55401.2022.00048,Q03,431,21.300991,raw_crossref\Q03_robotic_gas_mapping.json,430
10.1177/1729881418819950,Q03,432,21.293533,raw_crossref\Q03_robotic_gas_mapping.json,431
10.4018/978-1-7998-1754-3.ch046,Q03,433,21.293365,raw_crossref\Q03_robotic_gas_mapping.json,432
10.1016/j.gsf.2024.101816,Q03,434,21.28794,raw_crossref\Q03_robotic_gas_mapping.json,433
10.1109/lab-rs.2008.15,Q03,435,21.28505,raw_crossref\Q03_robotic_gas_mapping.json,434
10.1016/j.jngse.2015.07.032,Q03,436,21.255154,raw_crossref\Q03_robotic_gas_mapping.json,435
10.2118/230972-ms,Q03,437,21.25039,raw_crossref\Q03_robotic_gas_mapping.json,436
10.1306/13201150m893347,Q03,438,21.25009,raw_crossref\Q03_robotic_gas_mapping.json,437
10.62051/ijnres.v6n2.02,Q03,439,21.239195,raw_crossref\Q03_robotic_gas_mapping.json,438
10.1109/isoen61239.2024.10556309,Q03,440,21.238447,raw_crossref\Q03_robotic_gas_mapping.json,439
10.1177/17298806241233909,Q03,441,21.238274,raw_crossref\Q03_robotic_gas_mapping.json,440
10.36378/jtos.v6i2.3378,Q03,442,21.233252,raw_crossref\Q03_robotic_gas_mapping.json,441
10.21203/rs.3.rs-5162625/v1,Q03,443,21.228605,raw_crossref\Q03_robotic_gas_mapping.json,442
10.1016/j.apenergy.2021.117447,Q03,444,21.210926,raw_crossref\Q03_robotic_gas_mapping.json,443
10.2118/177236-ms,Q03,445,21.199766,raw_crossref\Q03_robotic_gas_mapping.json,444
10.21236/ada328675,Q03,446,21.190716,raw_crossref\Q03_robotic_gas_mapping.json,445
10.1007/978-3-642-61271-8_4,Q03,447,21.18288,raw_crossref\Q03_robotic_gas_mapping.json,446
10.2139/ssrn.7237202,Q03,448,21.179178,raw_crossref\Q03_robotic_gas_mapping.json,447
10.1002/gas.21949,Q03,449,21.175348,raw_crossref\Q03_robotic_gas_mapping.json,448
10.22533/at.ed.9102419014,Q03,450,21.175198,raw_crossref\Q03_robotic_gas_mapping.json,449
10.2523/iptc-14621-ms,Q03,451,21.172148,raw_crossref\Q03_robotic_gas_mapping.json,450
10.1007/978-981-97-4756-6_2,Q03,452,21.169392,raw_crossref\Q03_robotic_gas_mapping.json,451
10.2118/176995-ms,Q03,453,21.1661,raw_crossref\Q03_robotic_gas_mapping.json,452
10.4271/2012-32-0013,Q03,454,21.162949,raw_crossref\Q03_robotic_gas_mapping.json,453
10.1149/1.2981135,Q03,455,21.162935,raw_crossref\Q03_robotic_gas_mapping.json,454
10.1016/j.fuel.2020.120053,Q03,456,21.160297,raw_crossref\Q03_robotic_gas_mapping.json,455
10.1177/01445987211022440,Q03,457,21.158699,raw_crossref\Q03_robotic_gas_mapping.json,456
10.1007/1-4020-3972-7_4,Q03,458,21.157097,raw_crossref\Q03_robotic_gas_mapping.json,457
10.1002/gas.21826,Q03,459,21.15527,raw_crossref\Q03_robotic_gas_mapping.json,458
10.1016/b978-0-12-801883-5.00023-1,Q03,460,21.151684,raw_crossref\Q03_robotic_gas_mapping.json,459
10.51865/jpgt.2025.01.14,Q03,461,21.150791,raw_crossref\Q03_robotic_gas_mapping.json,460
10.59184/cc024.01,Q03,462,21.149538,raw_crossref\Q03_robotic_gas_mapping.json,461
10.1049/cp.2013.1031,Q03,463,21.142553,raw_crossref\Q03_robotic_gas_mapping.json,462
10.1029/gm124p0067,Q03,464,21.14007,raw_crossref\Q03_robotic_gas_mapping.json,463
10.1007/978-3-642-61271-8_2,Q03,465,21.138924,raw_crossref\Q03_robotic_gas_mapping.json,464
10.1002/gas.21684,Q03,466,21.132696,raw_crossref\Q03_robotic_gas_mapping.json,465
10.1016/j.jnggs.2018.07.002,Q03,467,21.128782,raw_crossref\Q03_robotic_gas_mapping.json,466
10.1201/b17729-10,Q03,468,21.124435,raw_crossref\Q03_robotic_gas_mapping.json,467
10.1088/1742-2132/13/5/745,Q03,469,21.122412,raw_crossref\Q03_robotic_gas_mapping.json,468
10.1109/icra55743.2025.11128134,Q03,470,21.116016,raw_crossref\Q03_robotic_gas_mapping.json,469
10.1016/j.jgsce.2025.205800,Q03,471,21.115524,raw_crossref\Q03_robotic_gas_mapping.json,470
10.3390/s18124484,Q03,472,21.10986,raw_crossref\Q03_robotic_gas_mapping.json,471
10.1080/01691864.2013.779052,Q03,473,21.109455,raw_crossref\Q03_robotic_gas_mapping.json,472
10.2118/117422-ms,Q03,474,21.107416,raw_crossref\Q03_robotic_gas_mapping.json,473
10.1149/ma2008-02/50/3110,Q03,475,21.106163,raw_crossref\Q03_robotic_gas_mapping.json,474
10.1016/0924-4247(94)00829-9,Q03,476,21.102558,raw_crossref\Q03_robotic_gas_mapping.json,475
10.1109/isoen.2017.7968884,Q03,477,21.099216,raw_crossref\Q03_robotic_gas_mapping.json,476
10.1109/tim.2023.3264026,Q03,478,21.096003,raw_crossref\Q03_robotic_gas_mapping.json,477
10.1016/j.jngse.2020.103680,Q03,479,21.094587,raw_crossref\Q03_robotic_gas_mapping.json,478
10.1109/icra.2017.7989450,Q03,480,21.091991,raw_crossref\Q03_robotic_gas_mapping.json,479
10.1016/j.jngse.2018.01.024,Q03,481,21.084116,raw_crossref\Q03_robotic_gas_mapping.json,480
10.1109/robio.2007.4522272,Q03,482,21.075893,raw_crossref\Q03_robotic_gas_mapping.json,481
10.1364/ao.55.000242,Q03,483,21.075893,raw_crossref\Q03_robotic_gas_mapping.json,482
10.15407/srenergy2024.04.088,Q03,484,21.075237,raw_crossref\Q03_robotic_gas_mapping.json,483
10.1016/j.ngib.2021.08.018,Q03,485,21.072937,raw_crossref\Q03_robotic_gas_mapping.json,484
10.5772/54957,Q03,486,21.066172,raw_crossref\Q03_robotic_gas_mapping.json,485
10.1177/1729881416666784,Q03,487,21.063923,raw_crossref\Q03_robotic_gas_mapping.json,486
10.3390/biomimetics11050350,Q03,488,21.060032,raw_crossref\Q03_robotic_gas_mapping.json,487
10.1007/978-3-642-41714-6_70279,Q03,489,21.05991,raw_crossref\Q03_robotic_gas_mapping.json,488
10.1016/j.jnggs.2023.02.003,Q03,490,21.059076,raw_crossref\Q03_robotic_gas_mapping.json,489
10.1016/j.jseaes.2019.103906,Q03,491,21.058231,raw_crossref\Q03_robotic_gas_mapping.json,490
10.31219/osf.io/n826q,Q03,492,21.058084,raw_crossref\Q03_robotic_gas_mapping.json,491
10.1177/17298806221081325,Q03,493,21.05238,raw_crossref\Q03_robotic_gas_mapping.json,492
10.1201/b17966-26,Q03,494,21.050339,raw_crossref\Q03_robotic_gas_mapping.json,493
10.2523/26116-ms,Q03,495,21.042309,raw_crossref\Q03_robotic_gas_mapping.json,494
10.1201/b17966-14,Q03,496,21.042309,raw_crossref\Q03_robotic_gas_mapping.json,495
10.4018/978-1-7998-1754-3.ch071,Q03,497,21.040276,raw_crossref\Q03_robotic_gas_mapping.json,496
10.1007/s10846-021-01397-z,Q03,498,21.03924,raw_crossref\Q03_robotic_gas_mapping.json,497
10.46520/bddkdergisi.987435,Q03,499,21.038956,raw_crossref\Q03_robotic_gas_mapping.json,498
10.1016/j.jngse.2018.11.019,Q03,500,21.03468,raw_crossref\Q03_robotic_gas_mapping.json,499
10.5194/egusphere-2026-4763,Q04,1,41.082317,raw_crossref\Q04_low_cost_particle_calibration.json,0
10.5194/egusphere-2026-4763-supplement,Q04,2,39.51581,raw_crossref\Q04_low_cost_particle_calibration.json,1
10.3390/s23073776,Q04,3,39.454838,raw_crossref\Q04_low_cost_particle_calibration.json,2
10.20944/preprints202508.0428.v1,Q04,4,39.42456,raw_crossref\Q04_low_cost_particle_calibration.json,3
10.1109/iccc71363.2026.11593205,Q04,5,38.960606,raw_crossref\Q04_low_cost_particle_calibration.json,4
10.1016/j.envint.2025.109981,Q04,6,37.51746,raw_crossref\Q04_low_cost_particle_calibration.json,5
10.3390/s20133617,Q04,7,37.44986,raw_crossref\Q04_low_cost_particle_calibration.json,6
10.5194/amt-17-3303-2024,Q04,8,34.56468,raw_crossref\Q04_low_cost_particle_calibration.json,7
10.5194/egusphere-2023-1344,Q04,9,36.16601,raw_crossref\Q04_low_cost_particle_calibration.json,8
10.1016/j.uclim.2025.102289,Q04,10,36.143276,raw_crossref\Q04_low_cost_particle_calibration.json,9
10.5220/0011747600003399,Q04,11,35.80299,raw_crossref\Q04_low_cost_particle_calibration.json,10
10.20944/preprints202604.1260.v1,Q04,12,35.589825,raw_crossref\Q04_low_cost_particle_calibration.json,11
10.3390/s24103023,Q04,13,35.589825,raw_crossref\Q04_low_cost_particle_calibration.json,12
10.1049/wss2.12043,Q04,14,35.566845,raw_crossref\Q04_low_cost_particle_calibration.json,13
10.3390/s25226995,Q04,15,35.104076,raw_crossref\Q04_low_cost_particle_calibration.json,14
10.2139/ssrn.4348382,Q04,16,35.049763,raw_crossref\Q04_low_cost_particle_calibration.json,15
10.3390/atmos14081228,Q04,17,34.88508,raw_crossref\Q04_low_cost_particle_calibration.json,16
10.3390/s21186162,Q04,18,34.62316,raw_crossref\Q04_low_cost_particle_calibration.json,17
10.5194/egusphere-egu23-12910,Q04,19,34.402416,raw_crossref\Q04_low_cost_particle_calibration.json,18
10.1109/jsen.2024.3366436,Q04,20,34.13437,raw_crossref\Q04_low_cost_particle_calibration.json,19
10.5194/egusphere-2023-1344-supplement,Q04,21,34.113586,raw_crossref\Q04_low_cost_particle_calibration.json,20
10.5194/amt-2019-55-rc3,Q04,22,33.931484,raw_crossref\Q04_low_cost_particle_calibration.json,21
10.2139/ssrn.4820935,Q04,23,33.46628,raw_crossref\Q04_low_cost_particle_calibration.json,22
10.1002/env.70100,Q04,24,33.431362,raw_crossref\Q04_low_cost_particle_calibration.json,23
10.1007/s40201-026-00986-0,Q04,25,33.359447,raw_crossref\Q04_low_cost_particle_calibration.json,24
10.3390/atmos17060561,Q04,26,32.743877,raw_crossref\Q04_low_cost_particle_calibration.json,25
10.2139/ssrn.4220835,Q04,27,32.720245,raw_crossref\Q04_low_cost_particle_calibration.json,26
10.1109/casap54985.2021.9703400,Q04,28,32.649445,raw_crossref\Q04_low_cost_particle_calibration.json,27
10.1007/s40201-026-01003-0,Q04,29,32.619213,raw_crossref\Q04_low_cost_particle_calibration.json,28
10.1088/1742-6596/2942/1/012042,Q04,30,32.614376,raw_crossref\Q04_low_cost_particle_calibration.json,29
10.5194/amt-2019-55-rc2,Q04,31,32.45433,raw_crossref\Q04_low_cost_particle_calibration.json,30
10.3390/s21175845,Q04,32,32.393974,raw_crossref\Q04_low_cost_particle_calibration.json,31
10.1109/intercon63140.2024.10833487,Q04,33,32.324135,raw_crossref\Q04_low_cost_particle_calibration.json,32
10.3390/atmos12020126,Q04,34,31.697697,raw_crossref\Q04_low_cost_particle_calibration.json,33
10.1039/d2ea00142j/v2/review1,Q04,35,31.679377,raw_crossref\Q04_low_cost_particle_calibration.json,34
10.1109/apscon56343.2023.10100969,Q04,36,31.570309,raw_crossref\Q04_low_cost_particle_calibration.json,35
10.1039/d2ea00142j/v1/review1,Q04,37,31.570148,raw_crossref\Q04_low_cost_particle_calibration.json,36
10.3390/s25030692,Q04,38,31.56939,raw_crossref\Q04_low_cost_particle_calibration.json,37
10.1039/d2ea00142j/v1/review2,Q04,39,31.527212,raw_crossref\Q04_low_cost_particle_calibration.json,38
10.1016/j.apr.2024.102208,Q04,40,31.216824,raw_crossref\Q04_low_cost_particle_calibration.json,39
10.5194/egusphere-egu26-976,Q04,41,31.20672,raw_crossref\Q04_low_cost_particle_calibration.json,40
10.1016/j.measurement.2024.114529,Q04,42,31.145908,raw_crossref\Q04_low_cost_particle_calibration.json,41
10.3390/s19030749,Q04,43,30.832352,raw_crossref\Q04_low_cost_particle_calibration.json,42
10.5194/amt-2019-422-rc1,Q04,44,30.619339,raw_crossref\Q04_low_cost_particle_calibration.json,43
10.1039/d2ea00124a,Q04,45,30.609783,raw_crossref\Q04_low_cost_particle_calibration.json,44
10.1039/d2ea00100d/v1/review2,Q04,46,30.578196,raw_crossref\Q04_low_cost_particle_calibration.json,45
10.1039/d2ea00100d/v2/review1,Q04,47,30.578196,raw_crossref\Q04_low_cost_particle_calibration.json,46
10.1039/d2ea00100d/v2/review2,Q04,48,30.555756,raw_crossref\Q04_low_cost_particle_calibration.json,47
10.1039/d2ea00100d/v1/review1,Q04,49,30.533384,raw_crossref\Q04_low_cost_particle_calibration.json,48
10.1371/journal.pone.0141928,Q04,50,30.52973,raw_crossref\Q04_low_cost_particle_calibration.json,49
10.1371/journal.pone.0137789,Q04,51,30.157524,raw_crossref\Q04_low_cost_particle_calibration.json,50
10.37544/0949-8036-2019-11-12-49,Q04,52,30.15031,raw_crossref\Q04_low_cost_particle_calibration.json,51
10.1109/isoen54820.2022.9789669,Q04,53,30.078259,raw_crossref\Q04_low_cost_particle_calibration.json,52
10.1088/1361-6501/ae6298,Q04,54,29.932194,raw_crossref\Q04_low_cost_particle_calibration.json,53
10.2139/ssrn.4729164,Q04,55,29.772892,raw_crossref\Q04_low_cost_particle_calibration.json,54
10.1039/d5ay01554e,Q04,56,29.742523,raw_crossref\Q04_low_cost_particle_calibration.json,55
10.1007/s42452-019-0630-1,Q04,57,29.739449,raw_crossref\Q04_low_cost_particle_calibration.json,56
10.1016/j.scitotenv.2022.160336,Q04,58,29.662783,raw_crossref\Q04_low_cost_particle_calibration.json,57
10.1049/wss2.12034,Q04,59,29.60738,raw_crossref\Q04_low_cost_particle_calibration.json,58
10.1038/s41598-025-02069-w,Q04,60,29.383118,raw_crossref\Q04_low_cost_particle_calibration.json,59
10.5194/egusphere-2024-1142,Q04,61,29.379385,raw_crossref\Q04_low_cost_particle_calibration.json,60
10.1016/j.scitotenv.2023.164063,Q04,62,29.367456,raw_crossref\Q04_low_cost_particle_calibration.json,61
10.22190/fuwlep241206013b,Q04,63,29.353909,raw_crossref\Q04_low_cost_particle_calibration.json,62
10.3390/app122412934,Q04,64,29.148157,raw_crossref\Q04_low_cost_particle_calibration.json,63
10.3390/su13147797,Q04,65,29.10265,raw_crossref\Q04_low_cost_particle_calibration.json,64
10.3390/atmos12030300,Q04,66,29.049854,raw_crossref\Q04_low_cost_particle_calibration.json,65
10.3390/s20051406,Q04,67,29.030098,raw_crossref\Q04_low_cost_particle_calibration.json,66
10.5194/amt-2021-154,Q04,68,28.861408,raw_crossref\Q04_low_cost_particle_calibration.json,67
10.5194/amt-2019-422-rc2,Q04,69,28.859566,raw_crossref\Q04_low_cost_particle_calibration.json,68
10.1039/d2ea00142j/v2/decision1,Q04,70,28.848457,raw_crossref\Q04_low_cost_particle_calibration.json,69
10.1117/12.3058082,Q04,71,28.829502,raw_crossref\Q04_low_cost_particle_calibration.json,70
10.1039/d2ea00142j/v1/decision1,Q04,72,28.73901,raw_crossref\Q04_low_cost_particle_calibration.json,71
10.1051/e3sconf/202566907001,Q04,73,28.728199,raw_crossref\Q04_low_cost_particle_calibration.json,72
10.4209/aaqr.230097,Q04,74,28.726458,raw_crossref\Q04_low_cost_particle_calibration.json,73
10.1145/3408308.3431120,Q04,75,28.723427,raw_crossref\Q04_low_cost_particle_calibration.json,74
10.3390/s18093008,Q04,76,28.6479,raw_crossref\Q04_low_cost_particle_calibration.json,75
10.26434/chemrxiv-2025-3x72f,Q04,77,28.621632,raw_crossref\Q04_low_cost_particle_calibration.json,76
10.3390/atmos12080961,Q04,78,28.559937,raw_crossref\Q04_low_cost_particle_calibration.json,77
10.5194/amt-2019-110-rc2,Q04,79,28.464499,raw_crossref\Q04_low_cost_particle_calibration.json,78
10.2172/979811,Q04,80,28.43629,raw_crossref\Q04_low_cost_particle_calibration.json,79
10.5194/acp-2018-327-rc2,Q04,81,28.435963,raw_crossref\Q04_low_cost_particle_calibration.json,80
10.22541/essoar.176729326.68962776/v1,Q04,82,28.431906,raw_crossref\Q04_low_cost_particle_calibration.json,81
10.1039/d2ea00100d/v2/decision1,Q04,83,28.39247,raw_crossref\Q04_low_cost_particle_calibration.json,82
10.5194/amt-2017-260-rc1,Q04,84,28.388443,raw_crossref\Q04_low_cost_particle_calibration.json,83
10.1039/d2ea00100d/v1/decision1,Q04,85,28.365606,raw_crossref\Q04_low_cost_particle_calibration.json,84
10.3390/ecsa-10-16025,Q04,86,28.357151,raw_crossref\Q04_low_cost_particle_calibration.json,85
10.1136/oem-2019-epi.217,Q04,87,28.317827,raw_crossref\Q04_low_cost_particle_calibration.json,86
10.1016/j.jobe.2025.113021,Q04,88,28.315727,raw_crossref\Q04_low_cost_particle_calibration.json,87
10.26434/chemrxiv-2023-8lhrq-v2,Q04,89,28.069544,raw_crossref\Q04_low_cost_particle_calibration.json,88
10.5194/amt-17-6735-2024,Q04,90,28.052813,raw_crossref\Q04_low_cost_particle_calibration.json,89
10.1109/jiot.2025.3631631,Q04,91,28.047026,raw_crossref\Q04_low_cost_particle_calibration.json,90
10.1038/s41612-024-00837-5,Q04,92,28.038927,raw_crossref\Q04_low_cost_particle_calibration.json,91
10.26434/chemrxiv-2023-8lhrq,Q04,93,28.02363,raw_crossref\Q04_low_cost_particle_calibration.json,92
10.1016/j.envpol.2016.12.039,Q04,94,28.000645,raw_crossref\Q04_low_cost_particle_calibration.json,93
10.4209/aaqr.2018.12.0485,Q04,95,27.955856,raw_crossref\Q04_low_cost_particle_calibration.json,94
10.3390/atmos15030336,Q04,96,27.89496,raw_crossref\Q04_low_cost_particle_calibration.json,95
10.2139/ssrn.4710283,Q04,97,27.691328,raw_crossref\Q04_low_cost_particle_calibration.json,96
10.1016/j.uclim.2026.102931,Q04,98,27.671656,raw_crossref\Q04_low_cost_particle_calibration.json,97
10.14445/23488379/ijeee-v11i12p102,Q04,99,27.663502,raw_crossref\Q04_low_cost_particle_calibration.json,98
10.31274/ahac.3459,Q04,100,27.618593,raw_crossref\Q04_low_cost_particle_calibration.json,99
10.1109/icscna58489.2023.10370145,Q04,101,27.601091,raw_crossref\Q04_low_cost_particle_calibration.json,100
10.3390/chemosensors14020044,Q04,102,27.59329,raw_crossref\Q04_low_cost_particle_calibration.json,101
10.31274/ahac.9512,Q04,103,27.509323,raw_crossref\Q04_low_cost_particle_calibration.json,102
10.1080/02786826.2015.1100710,Q04,104,27.43793,raw_crossref\Q04_low_cost_particle_calibration.json,103
10.5194/egusphere-2024-1142-supplement,Q04,105,27.43658,raw_crossref\Q04_low_cost_particle_calibration.json,104
10.1016/j.scitotenv.2020.136791,Q04,106,27.42887,raw_crossref\Q04_low_cost_particle_calibration.json,105
10.1016/j.envpol.2020.115833,Q04,107,27.427406,raw_crossref\Q04_low_cost_particle_calibration.json,106
10.1016/j.scitotenv.2024.174089,Q04,108,27.41501,raw_crossref\Q04_low_cost_particle_calibration.json,107
10.3390/s23020794,Q04,109,27.405542,raw_crossref\Q04_low_cost_particle_calibration.json,108
10.3390/su11247220,Q04,110,27.392967,raw_crossref\Q04_low_cost_particle_calibration.json,109
10.1016/j.envpol.2019.113131,Q04,111,27.387653,raw_crossref\Q04_low_cost_particle_calibration.json,110
10.1108/sr-10-2025-0761,Q04,112,27.380661,raw_crossref\Q04_low_cost_particle_calibration.json,111
10.1080/02786826.2023.2288609,Q04,113,27.376085,raw_crossref\Q04_low_cost_particle_calibration.json,112
10.3390/s21123960,Q04,114,27.369225,raw_crossref\Q04_low_cost_particle_calibration.json,113
10.17159/caj/2026/36/1.24186,Q04,115,27.357536,raw_crossref\Q04_low_cost_particle_calibration.json,114
10.1109/igarss53475.2024.10642252,Q04,116,27.34943,raw_crossref\Q04_low_cost_particle_calibration.json,115
10.5194/egusphere-egu26-1368,Q04,117,27.32285,raw_crossref\Q04_low_cost_particle_calibration.json,116
10.21175/rad.abstr.book.2026.12.3,Q04,118,27.286854,raw_crossref\Q04_low_cost_particle_calibration.json,117
10.1016/j.buildenv.2017.11.001,Q04,119,27.279493,raw_crossref\Q04_low_cost_particle_calibration.json,118
10.5194/egusphere-egu23-4750,Q04,120,27.230757,raw_crossref\Q04_low_cost_particle_calibration.json,119
10.5194/egusphere-egu24-813,Q04,121,27.188604,raw_crossref\Q04_low_cost_particle_calibration.json,120
10.11648/j.ijema.20130101.12,Q04,122,26.941223,raw_crossref\Q04_low_cost_particle_calibration.json,121
10.3390/atmos11101040,Q04,123,26.854412,raw_crossref\Q04_low_cost_particle_calibration.json,122
10.1016/j.apr.2025.102676,Q04,124,26.84517,raw_crossref\Q04_low_cost_particle_calibration.json,123
10.5194/amt-14-7369-2021,Q04,125,26.838005,raw_crossref\Q04_low_cost_particle_calibration.json,124
10.1117/12.3014098,Q04,126,26.820204,raw_crossref\Q04_low_cost_particle_calibration.json,125
10.33003/fjs-2022-0604-1066,Q04,127,26.820204,raw_crossref\Q04_low_cost_particle_calibration.json,126
10.1007/s11869-025-01852-y,Q04,128,26.813473,raw_crossref\Q04_low_cost_particle_calibration.json,127
10.1016/j.uclim.2023.101753,Q04,129,26.79449,raw_crossref\Q04_low_cost_particle_calibration.json,128
10.1016/j.scitotenv.2020.141396,Q04,130,26.787792,raw_crossref\Q04_low_cost_particle_calibration.json,129
10.1093/annweh/wxag024.109,Q04,131,26.771786,raw_crossref\Q04_low_cost_particle_calibration.json,130
10.21203/rs.3.rs-4618450/v1,Q04,132,26.764969,raw_crossref\Q04_low_cost_particle_calibration.json,131
10.1021/acs.est.8b05174,Q04,133,26.746548,raw_crossref\Q04_low_cost_particle_calibration.json,132
10.1051/e3sconf/201910000004,Q04,134,26.74501,raw_crossref\Q04_low_cost_particle_calibration.json,133
10.1016/j.atmosenv.2022.119251,Q04,135,26.740936,raw_crossref\Q04_low_cost_particle_calibration.json,134
10.5194/amt-2019-55,Q04,136,26.695591,raw_crossref\Q04_low_cost_particle_calibration.json,135
10.3389/fenvs.2021.798485,Q04,137,26.60718,raw_crossref\Q04_low_cost_particle_calibration.json,136
10.5194/amt-2019-408-rc2,Q04,138,26.606812,raw_crossref\Q04_low_cost_particle_calibration.json,137
10.1021/acssensors.4c03293,Q04,139,26.291414,raw_crossref\Q04_low_cost_particle_calibration.json,138
10.1016/j.measurement.2024.115158,Q04,140,26.223383,raw_crossref\Q04_low_cost_particle_calibration.json,139
10.1080/02786826.2019.1678734,Q04,141,26.213333,raw_crossref\Q04_low_cost_particle_calibration.json,140
10.2139/ssrn.4752716,Q04,142,26.186577,raw_crossref\Q04_low_cost_particle_calibration.json,141
10.3390/s24134052,Q04,143,26.156324,raw_crossref\Q04_low_cost_particle_calibration.json,142
10.1109/ssd58187.2023.10411311,Q04,144,26.077648,raw_crossref\Q04_low_cost_particle_calibration.json,143
10.4271/2013-24-0168,Q04,145,25.941565,raw_crossref\Q04_low_cost_particle_calibration.json,144
10.3390/s24041066,Q04,146,25.898046,raw_crossref\Q04_low_cost_particle_calibration.json,145
10.21771/vol7no1tahun2016artikel929,Q04,147,25.874622,raw_crossref\Q04_low_cost_particle_calibration.json,146
10.1109/access.2022.3145945,Q04,148,25.848442,raw_crossref\Q04_low_cost_particle_calibration.json,147
10.1016/j.envint.2019.105329,Q04,149,25.756575,raw_crossref\Q04_low_cost_particle_calibration.json,148
10.1109/et.2017.8124367,Q04,150,25.711742,raw_crossref\Q04_low_cost_particle_calibration.json,149
10.3390/ijerph19031086,Q04,151,25.604675,raw_crossref\Q04_low_cost_particle_calibration.json,150
10.5194/egusphere-egu26-6264,Q04,152,25.604675,raw_crossref\Q04_low_cost_particle_calibration.json,151
10.1016/j.apr.2025.102581,Q04,153,25.604675,raw_crossref\Q04_low_cost_particle_calibration.json,152
10.30744/brjac.2179-3425.ar-59-2025,Q04,154,25.576664,raw_crossref\Q04_low_cost_particle_calibration.json,153
10.5194/amt-12-5161-2019,Q04,155,25.576664,raw_crossref\Q04_low_cost_particle_calibration.json,154
10.1051/e3sconf/202449604001,Q04,156,25.573914,raw_crossref\Q04_low_cost_particle_calibration.json,155
10.14295/bjs.v3i2.517,Q04,157,25.55651,raw_crossref\Q04_low_cost_particle_calibration.json,156
10.3390/s23020854,Q04,158,25.528522,raw_crossref\Q04_low_cost_particle_calibration.json,157
10.1109/etsym.2010.5512770,Q04,159,25.508802,raw_crossref\Q04_low_cost_particle_calibration.json,158
10.1016/j.measen.2021.100365,Q04,160,25.506231,raw_crossref\Q04_low_cost_particle_calibration.json,159
10.1109/gcce46687.2019.9015596,Q04,161,25.48791,raw_crossref\Q04_low_cost_particle_calibration.json,160
10.1039/d3ea00086a/v1/review2,Q04,162,25.444233,raw_crossref\Q04_low_cost_particle_calibration.json,161
10.5220/0001374100110018,Q04,163,25.441853,raw_crossref\Q04_low_cost_particle_calibration.json,162
10.1039/d3ea00086a/v2/review3,Q04,164,25.440342,raw_crossref\Q04_low_cost_particle_calibration.json,163
10.1039/d3ea00086a/v2/review1,Q04,165,25.438658,raw_crossref\Q04_low_cost_particle_calibration.json,164
10.1039/d3ea00086a/v2/review2,Q04,166,25.412842,raw_crossref\Q04_low_cost_particle_calibration.json,165
10.1039/d3ea00086a/v1/review1,Q04,167,25.40308,raw_crossref\Q04_low_cost_particle_calibration.json,166
10.17758/eirai10.f1021210,Q04,168,25.384825,raw_crossref\Q04_low_cost_particle_calibration.json,167
10.5194/egusphere-egu26-20134,Q04,169,25.378887,raw_crossref\Q04_low_cost_particle_calibration.json,168
10.1039/d3ea00086a/v1/review3,Q04,170,25.373417,raw_crossref\Q04_low_cost_particle_calibration.json,169
10.1039/d2ea00142j/v2/response1,Q04,171,25.372187,raw_crossref\Q04_low_cost_particle_calibration.json,170
10.1016/j.knosys.2024.111879,Q04,172,25.363537,raw_crossref\Q04_low_cost_particle_calibration.json,171
10.21771/jrtppi.2016.v7.no1.p31-38,Q04,173,25.348602,raw_crossref\Q04_low_cost_particle_calibration.json,172
10.1145/3512889,Q04,174,25.241093,raw_crossref\Q04_low_cost_particle_calibration.json,173
10.5626/ktcp.2023.29.5.240,Q04,175,25.224249,raw_crossref\Q04_low_cost_particle_calibration.json,174
10.32920/ryerson.14655912.v1,Q04,176,25.209059,raw_crossref\Q04_low_cost_particle_calibration.json,175
10.3390/s151025919,Q04,177,25.191431,raw_crossref\Q04_low_cost_particle_calibration.json,176
10.32920/ryerson.14655912,Q04,178,25.16593,raw_crossref\Q04_low_cost_particle_calibration.json,177
10.5194/amt-2017-339-rc2,Q04,179,25.153355,raw_crossref\Q04_low_cost_particle_calibration.json,178
10.1016/j.procs.2022.12.099,Q04,180,25.137323,raw_crossref\Q04_low_cost_particle_calibration.json,179
10.20944/preprints202408.2111.v1,Q04,181,25.12899,raw_crossref\Q04_low_cost_particle_calibration.json,180
10.5194/egusphere-egu24-295,Q04,182,25.123322,raw_crossref\Q04_low_cost_particle_calibration.json,181
10.20944/preprints202202.0283.v1,Q04,183,25.115765,raw_crossref\Q04_low_cost_particle_calibration.json,182
10.1016/j.dib.2023.109323,Q04,184,25.11094,raw_crossref\Q04_low_cost_particle_calibration.json,183
10.5194/egusphere-egu23-3805,Q04,185,25.0824,raw_crossref\Q04_low_cost_particle_calibration.json,184
10.1201/9781003429241-29,Q04,186,25.075813,raw_crossref\Q04_low_cost_particle_calibration.json,185
10.5194/amt-2019-55-supplement,Q04,187,25.072208,raw_crossref\Q04_low_cost_particle_calibration.json,186
10.1039/d2ea00100d/v2/response1,Q04,188,25.04641,raw_crossref\Q04_low_cost_particle_calibration.json,187
10.1117/12.880704,Q04,189,25.019718,raw_crossref\Q04_low_cost_particle_calibration.json,188
10.1016/j.atmosenv.2024.120460,Q04,190,24.975945,raw_crossref\Q04_low_cost_particle_calibration.json,189
10.1109/issse.2007.4294431,Q04,191,24.903316,raw_crossref\Q04_low_cost_particle_calibration.json,190
10.11648/j.ijssn.20231101.13,Q04,192,24.889763,raw_crossref\Q04_low_cost_particle_calibration.json,191
10.21203/rs.3.rs-7601780/v1,Q04,193,24.860367,raw_crossref\Q04_low_cost_particle_calibration.json,192
10.4028/www.scientific.net/amr.998-999.569,Q04,194,24.850826,raw_crossref\Q04_low_cost_particle_calibration.json,193
10.1109/access.2026.3709868,Q04,195,24.818375,raw_crossref\Q04_low_cost_particle_calibration.json,194
10.1109/isse63315.2024.10741149,Q04,196,24.79062,raw_crossref\Q04_low_cost_particle_calibration.json,195
10.3390/atmos13030416,Q04,197,24.787167,raw_crossref\Q04_low_cost_particle_calibration.json,196
10.1145/3560905.3568099,Q04,198,24.77752,raw_crossref\Q04_low_cost_particle_calibration.json,197
10.1109/iros58592.2024.10801424,Q04,199,24.754866,raw_crossref\Q04_low_cost_particle_calibration.json,198
10.3390/s25051614,Q04,200,24.745625,raw_crossref\Q04_low_cost_particle_calibration.json,199
10.1109/ficloud49777.2021.00035,Q04,201,24.734493,raw_crossref\Q04_low_cost_particle_calibration.json,200
10.1016/j.envpol.2018.11.065,Q04,202,24.7299,raw_crossref\Q04_low_cost_particle_calibration.json,201
10.1007/s10661-020-8118-4,Q04,203,24.624924,raw_crossref\Q04_low_cost_particle_calibration.json,202
10.23919/splitech61897.2024.10612672,Q04,204,24.600029,raw_crossref\Q04_low_cost_particle_calibration.json,203
10.1007/s10661-021-09715-6,Q04,205,24.585962,raw_crossref\Q04_low_cost_particle_calibration.json,204
10.1088/1742-6596/2600/10/102018,Q04,206,24.58289,raw_crossref\Q04_low_cost_particle_calibration.json,205
10.22201/icat.24486736e.2026.24.4.3077,Q04,207,24.57759,raw_crossref\Q04_low_cost_particle_calibration.json,206
10.1016/j.indenv.2025.100126,Q04,208,24.566105,raw_crossref\Q04_low_cost_particle_calibration.json,207
10.17770/etr2021vol1.6595,Q04,209,24.564775,raw_crossref\Q04_low_cost_particle_calibration.json,208
10.3390/atmos17090855,Q04,210,24.54639,raw_crossref\Q04_low_cost_particle_calibration.json,209
10.1371/journal.pone.0259745,Q04,211,24.528553,raw_crossref\Q04_low_cost_particle_calibration.json,210
10.1109/mems49605.2023.10052513,Q04,212,24.48545,raw_crossref\Q04_low_cost_particle_calibration.json,211
10.3390/s26154988,Q04,213,24.474394,raw_crossref\Q04_low_cost_particle_calibration.json,212
10.20944/preprints202006.0158.v1,Q04,214,24.46387,raw_crossref\Q04_low_cost_particle_calibration.json,213
10.5194/egusphere-egu24-19279,Q04,215,24.440065,raw_crossref\Q04_low_cost_particle_calibration.json,214
10.1016/b978-0-323-99204-6.00013-3,Q04,216,24.42182,raw_crossref\Q04_low_cost_particle_calibration.json,215
10.3390/s20247290,Q04,217,24.401478,raw_crossref\Q04_low_cost_particle_calibration.json,216
10.1016/j.buildenv.2025.113856,Q04,218,24.282988,raw_crossref\Q04_low_cost_particle_calibration.json,217
10.3390/atmos13040587,Q04,219,24.280891,raw_crossref\Q04_low_cost_particle_calibration.json,218
10.1109/iros.2009.5354224,Q04,220,24.247808,raw_crossref\Q04_low_cost_particle_calibration.json,219
10.1016/j.jaerosci.2023.106284,Q04,221,24.244444,raw_crossref\Q04_low_cost_particle_calibration.json,220
10.1109/icsens.2015.7370106,Q04,222,24.237278,raw_crossref\Q04_low_cost_particle_calibration.json,221
10.5194/amt-2019-393,Q04,223,24.21506,raw_crossref\Q04_low_cost_particle_calibration.json,222
10.1016/j.jaerosci.2021.105809,Q04,224,24.20847,raw_crossref\Q04_low_cost_particle_calibration.json,223
10.3390/atmos15111313,Q04,225,24.201365,raw_crossref\Q04_low_cost_particle_calibration.json,224
10.1016/j.measurement.2018.07.078,Q04,226,24.185875,raw_crossref\Q04_low_cost_particle_calibration.json,225
10.5194/acp-2018-327,Q04,227,24.179203,raw_crossref\Q04_low_cost_particle_calibration.json,226
10.5194/egusphere-egu23-1011,Q04,228,24.172762,raw_crossref\Q04_low_cost_particle_calibration.json,227
10.1016/j.scs.2020.102197,Q04,229,24.116852,raw_crossref\Q04_low_cost_particle_calibration.json,228
10.5772/19328,Q04,230,24.103258,raw_crossref\Q04_low_cost_particle_calibration.json,229
10.3390/atmos14020324,Q04,231,24.076832,raw_crossref\Q04_low_cost_particle_calibration.json,230
10.3390/ijerph20031934,Q04,232,24.067553,raw_crossref\Q04_low_cost_particle_calibration.json,231
10.1007/s11869-026-01993-8,Q04,233,24.055202,raw_crossref\Q04_low_cost_particle_calibration.json,232
10.1109/aim.2014.6878336,Q04,234,23.984196,raw_crossref\Q04_low_cost_particle_calibration.json,233
10.5194/egusphere-2025-6203,Q04,235,23.984196,raw_crossref\Q04_low_cost_particle_calibration.json,234
10.3390/s22176638,Q04,236,23.969639,raw_crossref\Q04_low_cost_particle_calibration.json,235
10.1007/978-3-642-28169-3_15,Q04,237,23.96798,raw_crossref\Q04_low_cost_particle_calibration.json,236
10.2514/6.2010-7759,Q04,238,23.956814,raw_crossref\Q04_low_cost_particle_calibration.json,237
10.1108/sr.1999.08719dad.008,Q04,239,23.94107,raw_crossref\Q04_low_cost_particle_calibration.json,238
10.1109/icst66402.2025.11512579,Q04,240,23.938942,raw_crossref\Q04_low_cost_particle_calibration.json,239
10.3390/s21227456,Q04,241,23.93868,raw_crossref\Q04_low_cost_particle_calibration.json,240
10.1109/med51440.2021.9480306,Q04,242,23.91309,raw_crossref\Q04_low_cost_particle_calibration.json,241
10.21203/rs.3.rs-7178992/v1,Q04,243,23.91309,raw_crossref\Q04_low_cost_particle_calibration.json,242
10.2139/ssrn.6710811,Q04,244,23.875444,raw_crossref\Q04_low_cost_particle_calibration.json,243
10.3390/atmos12020251,Q04,245,23.87116,raw_crossref\Q04_low_cost_particle_calibration.json,244
10.31274/jhab.13030,Q04,246,23.84468,raw_crossref\Q04_low_cost_particle_calibration.json,245
10.3390/en15114148,Q04,247,23.842772,raw_crossref\Q04_low_cost_particle_calibration.json,246
10.2514/6.2024-4293,Q04,248,23.83762,raw_crossref\Q04_low_cost_particle_calibration.json,247
10.3390/atmos15080897,Q04,249,23.826508,raw_crossref\Q04_low_cost_particle_calibration.json,248
10.3390/atmos14121796,Q04,250,23.826153,raw_crossref\Q04_low_cost_particle_calibration.json,249
10.3390/s26123671,Q04,251,23.810688,raw_crossref\Q04_low_cost_particle_calibration.json,250
10.5194/amt-2021-425,Q04,252,23.805063,raw_crossref\Q04_low_cost_particle_calibration.json,251
10.3390/atmos16020172,Q04,253,23.711834,raw_crossref\Q04_low_cost_particle_calibration.json,252
10.1109/jsen.2025.3616214,Q04,254,23.69671,raw_crossref\Q04_low_cost_particle_calibration.json,253
10.21236/ada362289,Q04,255,23.66705,raw_crossref\Q04_low_cost_particle_calibration.json,254
10.1108/sr.1999.08719aad.002,Q04,256,23.66662,raw_crossref\Q04_low_cost_particle_calibration.json,255
10.1016/j.ecoinf.2024.102568,Q04,257,23.625477,raw_crossref\Q04_low_cost_particle_calibration.json,256
10.1007/978-3-031-08476-8_4,Q04,258,23.624456,raw_crossref\Q04_low_cost_particle_calibration.json,257
10.1289/isesisee.2018.p03.0690,Q04,259,23.574593,raw_crossref\Q04_low_cost_particle_calibration.json,258
10.1109/expat.2019.8876519,Q04,260,23.574593,raw_crossref\Q04_low_cost_particle_calibration.json,259
10.5194/amt-2019-422,Q04,261,23.544762,raw_crossref\Q04_low_cost_particle_calibration.json,260
10.1145/2541831.2541859,Q04,262,23.511673,raw_crossref\Q04_low_cost_particle_calibration.json,261
10.1039/d3ea00086a/v2/decision1,Q04,263,23.51159,raw_crossref\Q04_low_cost_particle_calibration.json,262
10.1039/d3ea00086a/v1/decision1,Q04,264,23.492786,raw_crossref\Q04_low_cost_particle_calibration.json,263
10.1109/ccai50917.2021.9447517,Q04,265,23.490622,raw_crossref\Q04_low_cost_particle_calibration.json,264
10.3390/atmos15080965,Q04,266,23.490622,raw_crossref\Q04_low_cost_particle_calibration.json,265
10.1109/icsens.2017.8234358,Q04,267,23.485409,raw_crossref\Q04_low_cost_particle_calibration.json,266
10.1039/d3ea00086a/v3/decision1,Q04,268,23.471361,raw_crossref\Q04_low_cost_particle_calibration.json,267
10.1109/jsen.2011.2158093,Q04,269,23.403477,raw_crossref\Q04_low_cost_particle_calibration.json,268
10.5194/isprsarchives-xl-5-421-2014,Q04,270,23.397661,raw_crossref\Q04_low_cost_particle_calibration.json,269
10.3390/s19112503,Q04,271,23.36922,raw_crossref\Q04_low_cost_particle_calibration.json,270
10.1115/msec2012-7386,Q04,272,23.36596,raw_crossref\Q04_low_cost_particle_calibration.json,271
10.1016/j.jaerosci.2024.106335,Q04,273,23.36581,raw_crossref\Q04_low_cost_particle_calibration.json,272
10.1007/978-981-99-5834-4_20,Q04,274,23.356894,raw_crossref\Q04_low_cost_particle_calibration.json,273
10.4209/aaqr.230010,Q04,275,23.35263,raw_crossref\Q04_low_cost_particle_calibration.json,274
10.21742/ijcmdi.2019.5.1.01,Q04,276,23.340754,raw_crossref\Q04_low_cost_particle_calibration.json,275
10.3390/polym14193935,Q04,277,23.34044,raw_crossref\Q04_low_cost_particle_calibration.json,276
10.1021/acs.est.3c03661,Q04,278,23.306961,raw_crossref\Q04_low_cost_particle_calibration.json,277
10.3390/s18092790,Q04,279,23.293827,raw_crossref\Q04_low_cost_particle_calibration.json,278
10.1016/j.dibe.2025.100762,Q04,280,23.265974,raw_crossref\Q04_low_cost_particle_calibration.json,279
10.1109/i2mtc60896.2024.10561189,Q04,281,23.23646,raw_crossref\Q04_low_cost_particle_calibration.json,280
10.1016/j.apr.2025.102630,Q04,282,23.234695,raw_crossref\Q04_low_cost_particle_calibration.json,281
10.1109/jsen.2023.3309759,Q04,283,23.23346,raw_crossref\Q04_low_cost_particle_calibration.json,282
10.5194/amt-2018-111,Q04,284,23.211845,raw_crossref\Q04_low_cost_particle_calibration.json,283
10.35784/iapgos.2853,Q04,285,23.210323,raw_crossref\Q04_low_cost_particle_calibration.json,284
10.2172/861733,Q04,286,23.20964,raw_crossref\Q04_low_cost_particle_calibration.json,285
10.5194/amt-2017-308-rc1,Q04,287,23.2015,raw_crossref\Q04_low_cost_particle_calibration.json,286
10.21203/rs.3.rs-41713/v1,Q04,288,23.192497,raw_crossref\Q04_low_cost_particle_calibration.json,287
10.1080/02786826.2025.2484244,Q04,289,23.184853,raw_crossref\Q04_low_cost_particle_calibration.json,288
10.1007/978-981-97-8824-8_7,Q04,290,23.175247,raw_crossref\Q04_low_cost_particle_calibration.json,289
10.1080/15459624.2024.2389279,Q04,291,23.15063,raw_crossref\Q04_low_cost_particle_calibration.json,290
10.3390/ijerph16081430,Q04,292,23.145363,raw_crossref\Q04_low_cost_particle_calibration.json,291
10.2316/journal.206.2018.3.206-4949,Q04,293,23.130367,raw_crossref\Q04_low_cost_particle_calibration.json,292
10.1016/j.measurement.2024.114286,Q04,294,23.130367,raw_crossref\Q04_low_cost_particle_calibration.json,293
10.1007/978-3-031-08476-8_8,Q04,295,23.109646,raw_crossref\Q04_low_cost_particle_calibration.json,294
10.5194/egusphere-egu25-778,Q04,296,23.106607,raw_crossref\Q04_low_cost_particle_calibration.json,295
10.1109/icra.2014.6907253,Q04,297,23.078806,raw_crossref\Q04_low_cost_particle_calibration.json,296
10.5220/0010319001000106,Q04,298,23.06888,raw_crossref\Q04_low_cost_particle_calibration.json,297
10.3390/s26082398,Q04,299,23.063293,raw_crossref\Q04_low_cost_particle_calibration.json,298
10.5194/amt-11-1087-2018,Q04,300,23.061964,raw_crossref\Q04_low_cost_particle_calibration.json,299
10.1109/icassp49660.2025.10888054,Q04,301,23.061338,raw_crossref\Q04_low_cost_particle_calibration.json,300
10.1016/j.atmosenv.2024.120841,Q04,302,23.059654,raw_crossref\Q04_low_cost_particle_calibration.json,301
10.1108/sr.2000.08720cad.010,Q04,303,23.03831,raw_crossref\Q04_low_cost_particle_calibration.json,302
10.5194/amt-2015-331,Q04,304,23.024632,raw_crossref\Q04_low_cost_particle_calibration.json,303
10.3390/ecsa-11-20509,Q04,305,23.006138,raw_crossref\Q04_low_cost_particle_calibration.json,304
10.59122/134080d,Q04,306,22.984642,raw_crossref\Q04_low_cost_particle_calibration.json,305
10.1289/isee.2021.p-641,Q04,307,22.984276,raw_crossref\Q04_low_cost_particle_calibration.json,306
10.3390/s17081805,Q04,308,22.971497,raw_crossref\Q04_low_cost_particle_calibration.json,307
10.4271/2014-01-1550,Q04,309,22.967625,raw_crossref\Q04_low_cost_particle_calibration.json,308
10.1183/13993003.congress-2015.pa4089,Q04,310,22.953667,raw_crossref\Q04_low_cost_particle_calibration.json,309
10.1002/ceat.201800209,Q04,311,22.952389,raw_crossref\Q04_low_cost_particle_calibration.json,310
10.59122/xec844310,Q04,312,22.934568,raw_crossref\Q04_low_cost_particle_calibration.json,311
10.5194/acp-18-15403-2018,Q04,313,22.934568,raw_crossref\Q04_low_cost_particle_calibration.json,312
10.3390/s20226454,Q04,314,22.915264,raw_crossref\Q04_low_cost_particle_calibration.json,313
10.1039/d2ea00100d,Q04,315,22.862411,raw_crossref\Q04_low_cost_particle_calibration.json,314
10.21771/vol8no1tahun2017artikel1546,Q04,316,22.850868,raw_crossref\Q04_low_cost_particle_calibration.json,315
10.3390/agriculture9070141,Q04,317,22.835003,raw_crossref\Q04_low_cost_particle_calibration.json,316
10.1109/lsens.2020.2971714,Q04,318,22.82297,raw_crossref\Q04_low_cost_particle_calibration.json,317
10.5194/amt-13-1693-2020,Q04,319,22.81604,raw_crossref\Q04_low_cost_particle_calibration.json,318
10.46488/nept.2022.v21i01.041,Q04,320,22.813484,raw_crossref\Q04_low_cost_particle_calibration.json,319
10.1109/imtc.2009.5168484,Q04,321,22.813484,raw_crossref\Q04_low_cost_particle_calibration.json,320
10.51400/2709-6998.1939,Q04,322,22.813265,raw_crossref\Q04_low_cost_particle_calibration.json,321
10.1109/mesa.2010.5552079,Q04,323,22.811222,raw_crossref\Q04_low_cost_particle_calibration.json,322
10.1109/isoen61239.2024.10556184,Q04,324,22.80775,raw_crossref\Q04_low_cost_particle_calibration.json,323
10.1109/tim.2009.2021644,Q04,325,22.80775,raw_crossref\Q04_low_cost_particle_calibration.json,324
10.1016/j.mechmachtheory.2013.09.005,Q04,326,22.793707,raw_crossref\Q04_low_cost_particle_calibration.json,325
10.1016/j.atmosenv.2020.117440,Q04,327,22.788202,raw_crossref\Q04_low_cost_particle_calibration.json,326
10.1007/s11244-016-0596-9,Q04,328,22.786469,raw_crossref\Q04_low_cost_particle_calibration.json,327
10.20944/preprints202109.0130.v1,Q04,329,22.78641,raw_crossref\Q04_low_cost_particle_calibration.json,328
10.21236/ada362296,Q04,330,22.779224,raw_crossref\Q04_low_cost_particle_calibration.json,329
10.1109/elektro.2018.8398334,Q04,331,22.769327,raw_crossref\Q04_low_cost_particle_calibration.json,330
10.1109/sas.2017.7894056,Q04,332,22.752268,raw_crossref\Q04_low_cost_particle_calibration.json,331
10.1109/icton51198.2020.9203182,Q04,333,22.731373,raw_crossref\Q04_low_cost_particle_calibration.json,332
10.1109/sbesc56799.2022.9964983,Q04,334,22.714527,raw_crossref\Q04_low_cost_particle_calibration.json,333
10.55003/eth.400301,Q04,335,22.70181,raw_crossref\Q04_low_cost_particle_calibration.json,334
10.1016/j.jaerosci.2017.05.011,Q04,336,22.693375,raw_crossref\Q04_low_cost_particle_calibration.json,335
10.1039/d2ea00142j,Q04,337,22.693197,raw_crossref\Q04_low_cost_particle_calibration.json,336
10.1109/i2mtc60896.2024.10560531,Q04,338,22.642317,raw_crossref\Q04_low_cost_particle_calibration.json,337
10.1016/b978-0-12-820131-2.01001-8,Q04,339,22.612808,raw_crossref\Q04_low_cost_particle_calibration.json,338
10.4209/aaqr.220076,Q04,340,22.598757,raw_crossref\Q04_low_cost_particle_calibration.json,339
10.1038/s41598-024-59993-6,Q04,341,22.588558,raw_crossref\Q04_low_cost_particle_calibration.json,340
10.47836/pjst.34.1.12,Q04,342,22.587265,raw_crossref\Q04_low_cost_particle_calibration.json,341
10.1016/j.flowmeasinst.2024.102729,Q04,343,22.56087,raw_crossref\Q04_low_cost_particle_calibration.json,342
10.1038/s41598-024-77214-y,Q04,344,22.56087,raw_crossref\Q04_low_cost_particle_calibration.json,343
10.47836/jst.34.1.12,Q04,345,22.55555,raw_crossref\Q04_low_cost_particle_calibration.json,344
10.3390/s21237977,Q04,346,22.55555,raw_crossref\Q04_low_cost_particle_calibration.json,345
10.1088/1742-6596/3063/1/012014,Q04,347,22.55354,raw_crossref\Q04_low_cost_particle_calibration.json,346
10.1016/j.jaerosci.2021.105833,Q04,348,22.544703,raw_crossref\Q04_low_cost_particle_calibration.json,347
10.1016/j.agwat.2021.107015,Q04,349,22.542988,raw_crossref\Q04_low_cost_particle_calibration.json,348
10.1061/(asce)ir.1943-4774.0000449,Q04,350,22.52444,raw_crossref\Q04_low_cost_particle_calibration.json,349
10.2139/ssrn.4040039,Q04,351,22.517242,raw_crossref\Q04_low_cost_particle_calibration.json,350
10.21771/jrtppi.2017.v8.no1.p35-42,Q04,352,22.51403,raw_crossref\Q04_low_cost_particle_calibration.json,351
10.1109/telsks.2011.6143182,Q04,353,22.51077,raw_crossref\Q04_low_cost_particle_calibration.json,352
10.3362/9781780445366.011,Q04,354,22.496487,raw_crossref\Q04_low_cost_particle_calibration.json,353
10.3390/s20164381,Q04,355,22.495459,raw_crossref\Q04_low_cost_particle_calibration.json,354
10.4271/2005-01-0471,Q04,356,22.489635,raw_crossref\Q04_low_cost_particle_calibration.json,355
10.3390/earth4010009,Q04,357,22.485622,raw_crossref\Q04_low_cost_particle_calibration.json,356
10.1108/sr.2000.08720dad.004,Q04,358,22.481993,raw_crossref\Q04_low_cost_particle_calibration.json,357
10.36227/techrxiv.23516505,Q04,359,22.475729,raw_crossref\Q04_low_cost_particle_calibration.json,358
10.36227/techrxiv.23516505.v1,Q04,360,22.459925,raw_crossref\Q04_low_cost_particle_calibration.json,359
10.1007/s10661-019-7582-1,Q04,361,22.45462,raw_crossref\Q04_low_cost_particle_calibration.json,360
10.5194/amt-15-3315-2022,Q04,362,22.429384,raw_crossref\Q04_low_cost_particle_calibration.json,361
10.5194/acp-2018-327-supplement,Q04,363,22.421532,raw_crossref\Q04_low_cost_particle_calibration.json,362
10.1109/chilecon66915.2025.11476582,Q04,364,22.421244,raw_crossref\Q04_low_cost_particle_calibration.json,363
10.2478/mecdc-2013-0009,Q04,365,22.419167,raw_crossref\Q04_low_cost_particle_calibration.json,364
10.1108/sr.2002.08722bad.005,Q04,366,22.411558,raw_crossref\Q04_low_cost_particle_calibration.json,365
10.1145/3446005,Q04,367,22.40459,raw_crossref\Q04_low_cost_particle_calibration.json,366
10.3390/s19204439,Q04,368,22.390038,raw_crossref\Q04_low_cost_particle_calibration.json,367
10.1108/sr.2007.08727aad.002,Q04,369,22.35569,raw_crossref\Q04_low_cost_particle_calibration.json,368
10.1002/ird.2095,Q04,370,22.327114,raw_crossref\Q04_low_cost_particle_calibration.json,369
10.2139/ssrn.4515391,Q04,371,22.318977,raw_crossref\Q04_low_cost_particle_calibration.json,370
10.1108/sr-05-2024-0420,Q04,372,22.313581,raw_crossref\Q04_low_cost_particle_calibration.json,371
10.1109/ipsn48710.2020.00-12,Q04,373,22.304384,raw_crossref\Q04_low_cost_particle_calibration.json,372
10.4209/aaqr.2017.10.0418,Q04,374,22.297646,raw_crossref\Q04_low_cost_particle_calibration.json,373
10.1063/5.0193261,Q04,375,22.294252,raw_crossref\Q04_low_cost_particle_calibration.json,374
10.3390/s25082352,Q04,376,22.290712,raw_crossref\Q04_low_cost_particle_calibration.json,375
10.1109/iros40897.2019.8968078,Q04,377,22.290112,raw_crossref\Q04_low_cost_particle_calibration.json,376
10.3390/s26133979,Q04,378,22.28746,raw_crossref\Q04_low_cost_particle_calibration.json,377
10.1038/s41598-024-81288-z,Q04,379,22.28427,raw_crossref\Q04_low_cost_particle_calibration.json,378
10.2136/vzj2012.0139,Q04,380,22.274292,raw_crossref\Q04_low_cost_particle_calibration.json,379
10.1016/j.buildenv.2023.110330,Q04,381,22.255457,raw_crossref\Q04_low_cost_particle_calibration.json,380
10.3390/s26185729,Q04,382,22.251707,raw_crossref\Q04_low_cost_particle_calibration.json,381
10.1109/nems51815.2021.9451303,Q04,383,22.250462,raw_crossref\Q04_low_cost_particle_calibration.json,382
10.1080/03067319.2026.2722667,Q04,384,22.232285,raw_crossref\Q04_low_cost_particle_calibration.json,383
10.4028/p-wwl5jw,Q04,385,22.228334,raw_crossref\Q04_low_cost_particle_calibration.json,384
10.1002/9781119422884.fmatter,Q04,386,22.226383,raw_crossref\Q04_low_cost_particle_calibration.json,385
10.1093/eurpub/ckaf161.1307,Q04,387,22.222397,raw_crossref\Q04_low_cost_particle_calibration.json,386
10.1007/s44408-026-00159-6,Q04,388,22.214977,raw_crossref\Q04_low_cost_particle_calibration.json,387
10.1007/978-3-658-13255-2_116,Q04,389,22.212803,raw_crossref\Q04_low_cost_particle_calibration.json,388
10.64336/001c.146444,Q04,390,22.200277,raw_crossref\Q04_low_cost_particle_calibration.json,389
10.1109/coase.2013.6653970,Q04,391,22.19624,raw_crossref\Q04_low_cost_particle_calibration.json,390
10.3390/s24206621,Q04,392,22.19624,raw_crossref\Q04_low_cost_particle_calibration.json,391
10.4236/jamp.2024.121020,Q04,393,22.1782,raw_crossref\Q04_low_cost_particle_calibration.json,392
10.1021/scimeetings.0c03206,Q04,394,22.172836,raw_crossref\Q04_low_cost_particle_calibration.json,393
10.14569/ijacsa.2021.01212103,Q04,395,22.171635,raw_crossref\Q04_low_cost_particle_calibration.json,394
10.1021/scimeetings.0c03208,Q04,396,22.149708,raw_crossref\Q04_low_cost_particle_calibration.json,395
10.1021/scimeetings.0c03182,Q04,397,22.14838,raw_crossref\Q04_low_cost_particle_calibration.json,396
10.1021/scimeetings.0c03181,Q04,398,22.14838,raw_crossref\Q04_low_cost_particle_calibration.json,397
10.1016/j.envint.2023.107907,Q04,399,22.12141,raw_crossref\Q04_low_cost_particle_calibration.json,398
10.2514/6.2005-7150,Q04,400,22.107025,raw_crossref\Q04_low_cost_particle_calibration.json,399
10.1021/scimeetings.0c03207,Q04,401,22.107025,raw_crossref\Q04_low_cost_particle_calibration.json,400
10.21236/ada627722,Q04,402,22.087576,raw_crossref\Q04_low_cost_particle_calibration.json,401
10.1109/sicon.2005.257860,Q04,403,22.076872,raw_crossref\Q04_low_cost_particle_calibration.json,402
10.1016/j.snb.2021.131276,Q04,404,22.074034,raw_crossref\Q04_low_cost_particle_calibration.json,403
10.5194/egusphere-2023-2482,Q04,405,22.063515,raw_crossref\Q04_low_cost_particle_calibration.json,404
10.1016/j.ohx.2023.e00482,Q04,406,22.05688,raw_crossref\Q04_low_cost_particle_calibration.json,405
10.1080/02726351.2020.1815256,Q04,407,22.052347,raw_crossref\Q04_low_cost_particle_calibration.json,406
10.1108/sr.2003.08723cad.009,Q04,408,22.050467,raw_crossref\Q04_low_cost_particle_calibration.json,407
10.1108/sr.2009.08729cad.002,Q04,409,22.044786,raw_crossref\Q04_low_cost_particle_calibration.json,408
10.1016/j.jaerosci.2020.105680,Q04,410,22.03782,raw_crossref\Q04_low_cost_particle_calibration.json,409
10.2118/176790-ms,Q04,411,22.02494,raw_crossref\Q04_low_cost_particle_calibration.json,410
10.1007/s44408-025-00019-9,Q04,412,22.016853,raw_crossref\Q04_low_cost_particle_calibration.json,411
10.13189/eer.2024.120409,Q04,413,22.015072,raw_crossref\Q04_low_cost_particle_calibration.json,412
10.1016/j.chemolab.2022.104675,Q04,414,22.011972,raw_crossref\Q04_low_cost_particle_calibration.json,413
10.1609/aaai.v39i1.31974,Q04,415,22.006016,raw_crossref\Q04_low_cost_particle_calibration.json,414
10.1109/jsen.2014.2366915,Q04,416,22.004814,raw_crossref\Q04_low_cost_particle_calibration.json,415
10.5194/amt-2017-260,Q04,417,22.00426,raw_crossref\Q04_low_cost_particle_calibration.json,416
10.2172/1829264,Q04,418,21.999826,raw_crossref\Q04_low_cost_particle_calibration.json,417
10.3390/s19030491,Q04,419,21.998537,raw_crossref\Q04_low_cost_particle_calibration.json,418
10.26868/25222708.2025.1859,Q04,420,21.997568,raw_crossref\Q04_low_cost_particle_calibration.json,419
10.1016/j.measurement.2025.118392,Q04,421,21.991508,raw_crossref\Q04_low_cost_particle_calibration.json,420
10.5220/0009148002350241,Q04,422,21.990751,raw_crossref\Q04_low_cost_particle_calibration.json,421
10.3390/s20113073,Q04,423,21.985138,raw_crossref\Q04_low_cost_particle_calibration.json,422
10.18494/sam.2017.1550,Q04,424,21.979456,raw_crossref\Q04_low_cost_particle_calibration.json,423
10.1016/j.envres.2021.111352,Q04,425,21.975422,raw_crossref\Q04_low_cost_particle_calibration.json,424
10.5220/0009148000002513,Q04,426,21.9683,raw_crossref\Q04_low_cost_particle_calibration.json,425
10.3390/su18031385,Q04,427,21.96488,raw_crossref\Q04_low_cost_particle_calibration.json,426
10.1109/access.2026.3651996,Q04,428,21.96276,raw_crossref\Q04_low_cost_particle_calibration.json,427
10.5194/amt-2019-422-supplement,Q04,429,21.94828,raw_crossref\Q04_low_cost_particle_calibration.json,428
10.1016/j.atmosenv.2026.122358,Q04,430,21.944193,raw_crossref\Q04_low_cost_particle_calibration.json,429
10.1007/s11869-025-01787-4,Q04,431,21.939724,raw_crossref\Q04_low_cost_particle_calibration.json,430
10.46431/mejast.2026.9208,Q04,432,21.939724,raw_crossref\Q04_low_cost_particle_calibration.json,431
10.5194/amt-13-2413-2020,Q04,433,21.934155,raw_crossref\Q04_low_cost_particle_calibration.json,432
10.1016/j.atmosenv.2023.120108,Q04,434,21.917692,raw_crossref\Q04_low_cost_particle_calibration.json,433
10.5194/amt-11-4823-2018,Q04,435,21.910267,raw_crossref\Q04_low_cost_particle_calibration.json,434
10.5194/amt-2018-111-supplement,Q04,436,21.874172,raw_crossref\Q04_low_cost_particle_calibration.json,435
10.2139/ssrn.5150345,Q04,437,21.85543,raw_crossref\Q04_low_cost_particle_calibration.json,436
10.20944/preprints202410.2280.v1,Q04,438,21.849106,raw_crossref\Q04_low_cost_particle_calibration.json,437
10.2139/ssrn.4057002,Q04,439,21.845465,raw_crossref\Q04_low_cost_particle_calibration.json,438
10.38124/ijisrt/26aug448,Q04,440,21.8428,raw_crossref\Q04_low_cost_particle_calibration.json,439
10.21203/rs.3.rs-6048236/v1,Q04,441,21.832159,raw_crossref\Q04_low_cost_particle_calibration.json,440
10.1002/9781119714521.fmatter,Q04,442,21.81765,raw_crossref\Q04_low_cost_particle_calibration.json,441
10.1109/indicon.2015.7443576,Q04,443,21.802834,raw_crossref\Q04_low_cost_particle_calibration.json,442
10.5162/smsi2025/a5.1,Q04,444,21.79447,raw_crossref\Q04_low_cost_particle_calibration.json,443
10.5220/0010699800003061,Q04,445,21.766514,raw_crossref\Q04_low_cost_particle_calibration.json,444
10.5194/egusphere-egu2020-20175,Q04,446,21.757294,raw_crossref\Q04_low_cost_particle_calibration.json,445
10.5220/0015072900004091,Q04,447,21.728931,raw_crossref\Q04_low_cost_particle_calibration.json,446
10.5194/ems2023-354,Q04,448,21.724113,raw_crossref\Q04_low_cost_particle_calibration.json,447
10.1108/sr.2002.08722aad.002,Q04,449,21.70117,raw_crossref\Q04_low_cost_particle_calibration.json,448
10.1108/sr.2009.08729dab.002,Q04,450,21.694717,raw_crossref\Q04_low_cost_particle_calibration.json,449
10.1108/02602289810240619,Q04,451,21.60924,raw_crossref\Q04_low_cost_particle_calibration.json,450
10.5194/egusphere-egu25-881,Q04,452,21.594654,raw_crossref\Q04_low_cost_particle_calibration.json,451
10.1007/s10661-025-14377-9,Q04,453,21.585503,raw_crossref\Q04_low_cost_particle_calibration.json,452
10.5162/sensor2013/p3.2,Q04,454,21.58463,raw_crossref\Q04_low_cost_particle_calibration.json,453
10.33050/atm.v7i3.2062,Q04,455,21.567432,raw_crossref\Q04_low_cost_particle_calibration.json,454
10.1007/s11740-024-01327-6,Q04,456,21.55629,raw_crossref\Q04_low_cost_particle_calibration.json,455
10.1016/j.apr.2021.101246,Q04,457,21.55447,raw_crossref\Q04_low_cost_particle_calibration.json,456
10.1109/urai.2016.7625772,Q04,458,21.548199,raw_crossref\Q04_low_cost_particle_calibration.json,457
10.21203/rs.3.rs-996536/v1,Q04,459,21.542118,raw_crossref\Q04_low_cost_particle_calibration.json,458
10.1109/jsen.2024.3472291,Q04,460,21.536003,raw_crossref\Q04_low_cost_particle_calibration.json,459
10.1016/j.jenvman.2022.116910,Q04,461,21.525394,raw_crossref\Q04_low_cost_particle_calibration.json,460
10.1016/j.apr.2021.03.012,Q04,462,21.521465,raw_crossref\Q04_low_cost_particle_calibration.json,461
10.3390/atmos12101306,Q04,463,21.51905,raw_crossref\Q04_low_cost_particle_calibration.json,462
10.1109/jsen.2023.3233982,Q04,464,21.51905,raw_crossref\Q04_low_cost_particle_calibration.json,463
10.1007/s44408-026-00094-6,Q04,465,21.509089,raw_crossref\Q04_low_cost_particle_calibration.json,464
10.1155/2019/4514873,Q04,466,21.509089,raw_crossref\Q04_low_cost_particle_calibration.json,465
10.1016/b978-0-12-812510-6.00012-7,Q04,467,21.502659,raw_crossref\Q04_low_cost_particle_calibration.json,466
10.1007/s12517-025-12239-9,Q04,468,21.50253,raw_crossref\Q04_low_cost_particle_calibration.json,467
10.1016/j.ejpb.2026.115069,Q04,469,21.50253,raw_crossref\Q04_low_cost_particle_calibration.json,468
10.1088/1755-1315/391/1/012078,Q04,470,21.490917,raw_crossref\Q04_low_cost_particle_calibration.json,469
10.20895/infotel.v12i3.486,Q04,471,21.49014,raw_crossref\Q04_low_cost_particle_calibration.json,470
10.5194/egusphere-egu24-12349,Q04,472,21.488377,raw_crossref\Q04_low_cost_particle_calibration.json,471
10.1016/j.measurement.2022.111601,Q04,473,21.48786,raw_crossref\Q04_low_cost_particle_calibration.json,472
10.1016/j.jaerosci.2020.105644,Q04,474,21.475128,raw_crossref\Q04_low_cost_particle_calibration.json,473
10.1289/isee.2022.p-0855,Q04,475,21.463774,raw_crossref\Q04_low_cost_particle_calibration.json,474
10.3390/air1030015,Q04,476,21.452263,raw_crossref\Q04_low_cost_particle_calibration.json,475
10.1108/sr.2001.08721aad.009,Q04,477,21.4442,raw_crossref\Q04_low_cost_particle_calibration.json,476
10.1109/metroind4.0iot61288.2024.10584157,Q04,478,21.432922,raw_crossref\Q04_low_cost_particle_calibration.json,477
10.1109/casap54985.2021.9703377,Q04,479,21.432743,raw_crossref\Q04_low_cost_particle_calibration.json,478
10.1016/j.jaerosci.2024.106476,Q04,480,21.428005,raw_crossref\Q04_low_cost_particle_calibration.json,479
10.2139/ssrn.7192754,Q04,481,21.42538,raw_crossref\Q04_low_cost_particle_calibration.json,480
10.1109/casap54985.2021.9703397,Q04,482,21.42452,raw_crossref\Q04_low_cost_particle_calibration.json,481
10.3390/environments13060351,Q04,483,21.423752,raw_crossref\Q04_low_cost_particle_calibration.json,482
10.1021/acs.estlett.3c00030,Q04,484,21.423752,raw_crossref\Q04_low_cost_particle_calibration.json,483
10.1080/02726359908906814,Q04,485,21.42268,raw_crossref\Q04_low_cost_particle_calibration.json,484
10.1109/cpee.2018.8506765,Q04,486,21.422483,raw_crossref\Q04_low_cost_particle_calibration.json,485
10.3390/proceedings2130995,Q04,487,21.422483,raw_crossref\Q04_low_cost_particle_calibration.json,486
10.2172/1782779,Q04,488,21.396154,raw_crossref\Q04_low_cost_particle_calibration.json,487
10.1088/1755-1315/1123/1/012068,Q04,489,21.383488,raw_crossref\Q04_low_cost_particle_calibration.json,488
10.21236/ada579916,Q04,490,21.374111,raw_crossref\Q04_low_cost_particle_calibration.json,489
10.1515/teme-2021-0114,Q04,491,21.352766,raw_crossref\Q04_low_cost_particle_calibration.json,490
10.5194/nhess-2017-420-rc1,Q04,492,21.34953,raw_crossref\Q04_low_cost_particle_calibration.json,491
10.1108/ir.1998.04925fad.001,Q04,493,21.343588,raw_crossref\Q04_low_cost_particle_calibration.json,492
10.1108/sr.2003.08723aad.007,Q04,494,21.335281,raw_crossref\Q04_low_cost_particle_calibration.json,493
10.1016/j.sna.2025.116348,Q04,495,21.322659,raw_crossref\Q04_low_cost_particle_calibration.json,494
10.5821/iwp.2016.19.14861,Q04,496,21.320288,raw_crossref\Q04_low_cost_particle_calibration.json,495
10.20944/preprints201703.0064.v1,Q04,497,21.263767,raw_crossref\Q04_low_cost_particle_calibration.json,496
10.5220/0010944100003260,Q04,498,21.249056,raw_crossref\Q04_low_cost_particle_calibration.json,497
10.5220/0012314800003657,Q04,499,21.21862,raw_crossref\Q04_low_cost_particle_calibration.json,498
10.37547/ajast/volume06issue05-25,Q04,500,21.203104,raw_crossref\Q04_low_cost_particle_calibration.json,499
10.1533/9780857098665.4.433,Q05,1,33.098278,raw_crossref\Q05_gas_sensor_calibration.json,0
10.1201/b11367-5,Q05,2,31.687582,raw_crossref\Q05_gas_sensor_calibration.json,1
10.1016/j.proeng.2015.08.601,Q05,3,30.749725,raw_crossref\Q05_gas_sensor_calibration.json,2
10.5162/sensor09/v2/p5.3,Q05,4,30.01852,raw_crossref\Q05_gas_sensor_calibration.json,3
10.5772/intechopen.108040,Q05,5,29.655607,raw_crossref\Q05_gas_sensor_calibration.json,4
10.1149/ma2013-02/47/2677,Q05,6,29.555487,raw_crossref\Q05_gas_sensor_calibration.json,5
10.1002/9781119587422.ch7,Q05,7,29.21658,raw_crossref\Q05_gas_sensor_calibration.json,6
10.5220/0005738201690174,Q05,8,28.857151,raw_crossref\Q05_gas_sensor_calibration.json,7
10.1007/978-3-030-11155-7_193-1,Q05,9,28.802689,raw_crossref\Q05_gas_sensor_calibration.json,8
10.1007/978-3-030-36268-3_193,Q05,10,28.78675,raw_crossref\Q05_gas_sensor_calibration.json,9
10.1166/sl.2016.3710,Q05,11,28.782223,raw_crossref\Q05_gas_sensor_calibration.json,10
10.3390/s21144781,Q05,12,28.61457,raw_crossref\Q05_gas_sensor_calibration.json,11
10.1080/10739149.2025.2504478,Q05,13,28.522636,raw_crossref\Q05_gas_sensor_calibration.json,12
10.3390/mi11010024,Q05,14,28.467726,raw_crossref\Q05_gas_sensor_calibration.json,13
10.3390/s100605469,Q05,15,27.98905,raw_crossref\Q05_gas_sensor_calibration.json,14
10.9790/2834-150100712,Q05,16,27.739218,raw_crossref\Q05_gas_sensor_calibration.json,15
10.1524/teme.71.5.305.33121,Q05,17,27.732544,raw_crossref\Q05_gas_sensor_calibration.json,16
10.1088/1755-1315/366/1/012027,Q05,18,27.688883,raw_crossref\Q05_gas_sensor_calibration.json,17
10.1201/b11367-10,Q05,19,27.394516,raw_crossref\Q05_gas_sensor_calibration.json,18
10.3390/s25216539,Q05,20,27.391064,raw_crossref\Q05_gas_sensor_calibration.json,19
10.5220/0005700801760178,Q05,21,27.34618,raw_crossref\Q05_gas_sensor_calibration.json,20
10.5162/sensor11/d2.3,Q05,22,26.989378,raw_crossref\Q05_gas_sensor_calibration.json,21
10.1016/j.sna.2022.114044,Q05,23,26.856628,raw_crossref\Q05_gas_sensor_calibration.json,22
10.18494/sam.2010.642,Q05,24,26.784334,raw_crossref\Q05_gas_sensor_calibration.json,23
10.1016/j.envpol.2020.115363,Q05,25,26.773115,raw_crossref\Q05_gas_sensor_calibration.json,24
10.1155/2016/2359019,Q05,26,26.350218,raw_crossref\Q05_gas_sensor_calibration.json,25
10.3390/proceedings2019014021,Q05,27,26.26769,raw_crossref\Q05_gas_sensor_calibration.json,26
10.32388/nx478h,Q05,28,26.184114,raw_crossref\Q05_gas_sensor_calibration.json,27
10.3390/chemosensors14010016,Q05,29,26.146736,raw_crossref\Q05_gas_sensor_calibration.json,28
10.1166/sl.2011.1408,Q05,30,25.951694,raw_crossref\Q05_gas_sensor_calibration.json,29
10.1108/sr-01-2026-0054,Q05,31,25.93966,raw_crossref\Q05_gas_sensor_calibration.json,30
10.1007/978-94-009-1571-8_5,Q05,32,25.860182,raw_crossref\Q05_gas_sensor_calibration.json,31
10.3390/s22155888,Q05,33,25.828394,raw_crossref\Q05_gas_sensor_calibration.json,32
10.1007/978-1-4614-5395-6_1,Q05,34,25.822676,raw_crossref\Q05_gas_sensor_calibration.json,33
10.1109/eesms.2012.6348397,Q05,35,25.785152,raw_crossref\Q05_gas_sensor_calibration.json,34
10.1016/b978-0-08-054820-3.00006-x,Q05,36,25.680298,raw_crossref\Q05_gas_sensor_calibration.json,35
10.1109/vts60656.2024.10538731,Q05,37,25.632027,raw_crossref\Q05_gas_sensor_calibration.json,36
10.1016/j.measen.2021.100365,Q05,38,25.621094,raw_crossref\Q05_gas_sensor_calibration.json,37
10.3390/atmos12050645,Q05,39,25.585503,raw_crossref\Q05_gas_sensor_calibration.json,38
10.1016/j.rechem.2023.101188,Q05,40,25.554558,raw_crossref\Q05_gas_sensor_calibration.json,39
10.1016/0925-4005(94)01531-l,Q05,41,25.55315,raw_crossref\Q05_gas_sensor_calibration.json,40
10.1109/nmdc57951.2023.10344068,Q05,42,25.527533,raw_crossref\Q05_gas_sensor_calibration.json,41
10.1039/d4ra06125j/v1/review1,Q05,43,25.505005,raw_crossref\Q05_gas_sensor_calibration.json,42
10.1039/d4ra06125j/v2/review1,Q05,44,25.499357,raw_crossref\Q05_gas_sensor_calibration.json,43
10.1039/d4ra06125j/v1/review2,Q05,45,25.499357,raw_crossref\Q05_gas_sensor_calibration.json,44
10.1016/j.proeng.2014.11.286,Q05,46,25.476337,raw_crossref\Q05_gas_sensor_calibration.json,45
10.1201/b16746-12,Q05,47,25.4757,raw_crossref\Q05_gas_sensor_calibration.json,46
10.3390/proceedings2024097128,Q05,48,25.469572,raw_crossref\Q05_gas_sensor_calibration.json,47
10.1007/978-981-19-2685-3_9,Q05,49,25.469572,raw_crossref\Q05_gas_sensor_calibration.json,48
10.5772/62647,Q05,50,25.452621,raw_crossref\Q05_gas_sensor_calibration.json,49
10.1088/2631-8695/ae5d03,Q05,51,25.449852,raw_crossref\Q05_gas_sensor_calibration.json,50
10.3390/nano11061555,Q05,52,25.40683,raw_crossref\Q05_gas_sensor_calibration.json,51
10.1021/ac035432h,Q05,53,25.399097,raw_crossref\Q05_gas_sensor_calibration.json,52
10.3390/proceedings2019014007,Q05,54,25.284601,raw_crossref\Q05_gas_sensor_calibration.json,53
10.1109/eesms.2015.7175883,Q05,55,25.28154,raw_crossref\Q05_gas_sensor_calibration.json,54
10.1109/ifost.2006.312250,Q05,56,25.015089,raw_crossref\Q05_gas_sensor_calibration.json,55
10.1016/j.atmosenv.2023.119955,Q05,57,24.994198,raw_crossref\Q05_gas_sensor_calibration.json,56
10.46670/jsst.2025.34.2.138,Q05,58,24.975012,raw_crossref\Q05_gas_sensor_calibration.json,57
10.1038/s41598-022-18117-8,Q05,59,24.908072,raw_crossref\Q05_gas_sensor_calibration.json,58
10.1016/j.snb.2021.130769,Q05,60,24.813894,raw_crossref\Q05_gas_sensor_calibration.json,59
10.1201/9781003464211-4,Q05,61,24.761404,raw_crossref\Q05_gas_sensor_calibration.json,60
10.1063/1.3156492,Q05,62,24.739073,raw_crossref\Q05_gas_sensor_calibration.json,61
10.30684/etj.36.7a.10,Q05,63,24.716305,raw_crossref\Q05_gas_sensor_calibration.json,62
10.1109/access.2024.3372403,Q05,64,24.67823,raw_crossref\Q05_gas_sensor_calibration.json,63
10.1109/icsens.2014.6985157,Q05,65,24.634274,raw_crossref\Q05_gas_sensor_calibration.json,64
10.1016/j.proeng.2016.11.199,Q05,66,24.593096,raw_crossref\Q05_gas_sensor_calibration.json,65
10.21203/rs.3.rs-411075/v1,Q05,67,24.589544,raw_crossref\Q05_gas_sensor_calibration.json,66
10.3390/s23052487,Q05,68,24.533146,raw_crossref\Q05_gas_sensor_calibration.json,67
10.1166/sl.2019.4093,Q05,69,24.514473,raw_crossref\Q05_gas_sensor_calibration.json,68
10.1109/sbesc60926.2023.10324290,Q05,70,24.507853,raw_crossref\Q05_gas_sensor_calibration.json,69
10.1021/acssensors.9b01113,Q05,71,24.431406,raw_crossref\Q05_gas_sensor_calibration.json,70
10.1109/icima.2009.5156560,Q05,72,24.407969,raw_crossref\Q05_gas_sensor_calibration.json,71
10.22541/au.158765874.49797055,Q05,73,24.346207,raw_crossref\Q05_gas_sensor_calibration.json,72
10.20944/preprints202306.1068.v1,Q05,74,24.293306,raw_crossref\Q05_gas_sensor_calibration.json,73
10.5369/jsst.2013.22.1.1,Q05,75,24.25518,raw_crossref\Q05_gas_sensor_calibration.json,74
10.5369/jsst.2016.25.2.103,Q05,76,24.215326,raw_crossref\Q05_gas_sensor_calibration.json,75
10.29363/nanoge.matsusspring.2026.589,Q05,77,24.199162,raw_crossref\Q05_gas_sensor_calibration.json,76
10.15199/13.2015.3.12,Q05,78,24.16069,raw_crossref\Q05_gas_sensor_calibration.json,77
10.1007/978-3-319-18997-0_18,Q05,79,24.128384,raw_crossref\Q05_gas_sensor_calibration.json,78
10.1016/j.inoche.2023.111941,Q05,80,24.106548,raw_crossref\Q05_gas_sensor_calibration.json,79
10.1016/b978-0-323-95476-1.00022-8,Q05,81,24.104397,raw_crossref\Q05_gas_sensor_calibration.json,80
10.3390/s130709160,Q05,82,24.10106,raw_crossref\Q05_gas_sensor_calibration.json,81
10.3390/s150510180,Q05,83,24.097927,raw_crossref\Q05_gas_sensor_calibration.json,82
10.1016/j.proeng.2012.09.082,Q05,84,24.094694,raw_crossref\Q05_gas_sensor_calibration.json,83
10.1109/nanotech.2018.8653573,Q05,85,24.09022,raw_crossref\Q05_gas_sensor_calibration.json,84
10.1039/d4ra06125j/v1/decision1,Q05,86,24.081581,raw_crossref\Q05_gas_sensor_calibration.json,85
10.47176/ijpr.23.3.71530,Q05,87,24.05612,raw_crossref\Q05_gas_sensor_calibration.json,86
10.1117/12.2031275,Q05,88,24.045094,raw_crossref\Q05_gas_sensor_calibration.json,87
10.1039/d4ra06125j/v2/decision1,Q05,89,24.041153,raw_crossref\Q05_gas_sensor_calibration.json,88
10.1166/sl.2011.1576,Q05,90,24.00277,raw_crossref\Q05_gas_sensor_calibration.json,89
10.5194/jsss-3-213-2014,Q05,91,23.993046,raw_crossref\Q05_gas_sensor_calibration.json,90
10.31613/ceramist.2023.26.3.05,Q05,92,23.938469,raw_crossref\Q05_gas_sensor_calibration.json,91
10.1109/nems69704.2026.11633755,Q05,93,23.861706,raw_crossref\Q05_gas_sensor_calibration.json,92
10.17485/ijst/2015/v8i13/52888,Q05,94,23.795967,raw_crossref\Q05_gas_sensor_calibration.json,93
10.5162/imcs2012/8.3.4,Q05,95,23.789284,raw_crossref\Q05_gas_sensor_calibration.json,94
10.3390/nano11061544,Q05,96,23.783922,raw_crossref\Q05_gas_sensor_calibration.json,95
10.1109/nmdc57951.2023.10344263,Q05,97,23.77373,raw_crossref\Q05_gas_sensor_calibration.json,96
10.1007/s005420050078,Q05,98,23.77301,raw_crossref\Q05_gas_sensor_calibration.json,97
10.4028/www.scientific.net/kem.877.96,Q05,99,23.772453,raw_crossref\Q05_gas_sensor_calibration.json,98
10.1109/icsens.2002.1037125,Q05,100,23.768593,raw_crossref\Q05_gas_sensor_calibration.json,99
10.2139/ssrn.4978713,Q05,101,23.75752,raw_crossref\Q05_gas_sensor_calibration.json,100
10.17485/ijst/2015/v8i12/52888,Q05,102,23.75223,raw_crossref\Q05_gas_sensor_calibration.json,101
10.1108/sr-05-2013-673,Q05,103,23.744625,raw_crossref\Q05_gas_sensor_calibration.json,102
10.1016/j.enmm.2021.100596,Q05,104,23.74038,raw_crossref\Q05_gas_sensor_calibration.json,103
10.3390/atmos14071123,Q05,105,23.738605,raw_crossref\Q05_gas_sensor_calibration.json,104
10.1117/12.2071440,Q05,106,23.726368,raw_crossref\Q05_gas_sensor_calibration.json,105
10.3390/proceedings2019014002,Q05,107,23.648178,raw_crossref\Q05_gas_sensor_calibration.json,106
10.2139/ssrn.5551461,Q05,108,23.61635,raw_crossref\Q05_gas_sensor_calibration.json,107
10.3727/154296605774791205,Q05,109,23.610878,raw_crossref\Q05_gas_sensor_calibration.json,108
10.1155/2014/515268,Q05,110,23.588308,raw_crossref\Q05_gas_sensor_calibration.json,109
10.11648/j.ijema.20130101.12,Q05,111,23.581747,raw_crossref\Q05_gas_sensor_calibration.json,110
10.1108/sr.2002.08722cad.001,Q05,112,23.553194,raw_crossref\Q05_gas_sensor_calibration.json,111
10.3320/1.2758634,Q05,113,23.51468,raw_crossref\Q05_gas_sensor_calibration.json,112
10.5772/intechopen.88858,Q05,114,23.509617,raw_crossref\Q05_gas_sensor_calibration.json,113
10.1109/access.2019.2940936,Q05,115,23.48037,raw_crossref\Q05_gas_sensor_calibration.json,114
10.1108/sr-08-2025-0639,Q05,116,23.462318,raw_crossref\Q05_gas_sensor_calibration.json,115
10.47531/mantech/ecc.2021.55,Q05,117,23.459862,raw_crossref\Q05_gas_sensor_calibration.json,116
10.1016/j.talanta.2023.124442,Q05,118,23.456106,raw_crossref\Q05_gas_sensor_calibration.json,117
10.5162/sensor2015/e7.3,Q05,119,23.453522,raw_crossref\Q05_gas_sensor_calibration.json,118
10.26434/chemrxiv-2025-k45q1,Q05,120,23.449482,raw_crossref\Q05_gas_sensor_calibration.json,119
10.2139/ssrn.4328238,Q05,121,23.427242,raw_crossref\Q05_gas_sensor_calibration.json,120
10.26226/morressier.616e5c2362ba8657678b121c,Q05,122,23.409576,raw_crossref\Q05_gas_sensor_calibration.json,121
10.1016/0026-0576(95)96141-0,Q05,123,23.400425,raw_crossref\Q05_gas_sensor_calibration.json,122
10.1515/teme-2023-0065,Q05,124,23.39683,raw_crossref\Q05_gas_sensor_calibration.json,123
10.1021/scimeetings.3c00499,Q05,125,23.378061,raw_crossref\Q05_gas_sensor_calibration.json,124
10.1021/scimeetings.3c00558,Q05,126,23.378061,raw_crossref\Q05_gas_sensor_calibration.json,125
10.1364/n3.2013.nsu1a.4,Q05,127,23.348598,raw_crossref\Q05_gas_sensor_calibration.json,126
10.5194/egusphere-egu25-778,Q05,128,23.34709,raw_crossref\Q05_gas_sensor_calibration.json,127
10.1016/j.enmm.2024.101017,Q05,129,23.311544,raw_crossref\Q05_gas_sensor_calibration.json,128
10.1007/978-981-99-2621-3_1,Q05,130,23.3049,raw_crossref\Q05_gas_sensor_calibration.json,129
10.2139/ssrn.5070971,Q05,131,23.302174,raw_crossref\Q05_gas_sensor_calibration.json,130
10.1007/978-981-13-5853-1_1,Q05,132,23.29769,raw_crossref\Q05_gas_sensor_calibration.json,131
10.1016/j.array.2026.100813,Q05,133,23.293598,raw_crossref\Q05_gas_sensor_calibration.json,132
10.1016/j.snb.2012.02.082,Q05,134,23.29266,raw_crossref\Q05_gas_sensor_calibration.json,133
10.1016/s0166-526x(06)49006-1,Q05,135,23.26453,raw_crossref\Q05_gas_sensor_calibration.json,134
10.21203/rs.3.rs-3425253/v2,Q05,136,23.254065,raw_crossref\Q05_gas_sensor_calibration.json,135
10.5772/intechopen.108971,Q05,137,23.249842,raw_crossref\Q05_gas_sensor_calibration.json,136
10.21203/rs.3.rs-3425253/v1,Q05,138,23.249615,raw_crossref\Q05_gas_sensor_calibration.json,137
10.1108/eum0000000004248,Q05,139,23.240206,raw_crossref\Q05_gas_sensor_calibration.json,138
10.3390/nano10112168,Q05,140,23.198801,raw_crossref\Q05_gas_sensor_calibration.json,139
10.1166/sl.2016.3631,Q05,141,23.198801,raw_crossref\Q05_gas_sensor_calibration.json,140
10.1002/adsr.202400101,Q05,142,23.19458,raw_crossref\Q05_gas_sensor_calibration.json,141
10.4028/www.scientific.net/amm.220-223.1939,Q05,143,23.186024,raw_crossref\Q05_gas_sensor_calibration.json,142
10.5162/imcs2018/gs4.4,Q05,144,23.180061,raw_crossref\Q05_gas_sensor_calibration.json,143
10.3390/s21103403,Q05,145,23.178595,raw_crossref\Q05_gas_sensor_calibration.json,144
10.3390/ma19010176,Q05,146,23.174042,raw_crossref\Q05_gas_sensor_calibration.json,145
10.3390/proceedings2130782,Q05,147,23.169744,raw_crossref\Q05_gas_sensor_calibration.json,146
10.5162/17dss2024/p36,Q05,148,23.163082,raw_crossref\Q05_gas_sensor_calibration.json,147
10.5162/sensor2015/e8.4,Q05,149,23.153454,raw_crossref\Q05_gas_sensor_calibration.json,148
10.1016/j.cej.2024.151431,Q05,150,23.12765,raw_crossref\Q05_gas_sensor_calibration.json,149
10.3390/s19020374,Q05,151,23.112514,raw_crossref\Q05_gas_sensor_calibration.json,150
10.1007/978-981-99-2621-3_10,Q05,152,23.087746,raw_crossref\Q05_gas_sensor_calibration.json,151
10.4218/etrij.13.1912.0008,Q05,153,23.07791,raw_crossref\Q05_gas_sensor_calibration.json,152
10.1023/b:emas.0000014500.49791.77,Q05,154,23.075338,raw_crossref\Q05_gas_sensor_calibration.json,153
10.1201/9781315156033-5,Q05,155,23.070976,raw_crossref\Q05_gas_sensor_calibration.json,154
10.1002/mame.70312,Q05,156,23.042942,raw_crossref\Q05_gas_sensor_calibration.json,155
10.1063/5.0003942,Q05,157,23.042667,raw_crossref\Q05_gas_sensor_calibration.json,156
10.1109/transducers.2011.5969262,Q05,158,23.042599,raw_crossref\Q05_gas_sensor_calibration.json,157
10.5370/jeet.2007.2.3.408,Q05,159,23.04081,raw_crossref\Q05_gas_sensor_calibration.json,158
10.1007/978-1-4614-7388-6_14,Q05,160,23.032055,raw_crossref\Q05_gas_sensor_calibration.json,159
10.1039/d2ea00100d/v1/review2,Q05,161,22.99835,raw_crossref\Q05_gas_sensor_calibration.json,160
10.1039/d2ea00100d/v2/review1,Q05,162,22.99835,raw_crossref\Q05_gas_sensor_calibration.json,161
10.2139/ssrn.5963544,Q05,163,22.99626,raw_crossref\Q05_gas_sensor_calibration.json,162
10.1039/d2ea00100d/v2/review2,Q05,164,22.986279,raw_crossref\Q05_gas_sensor_calibration.json,163
10.11648/j.ijema.20180602.13,Q05,165,22.98103,raw_crossref\Q05_gas_sensor_calibration.json,164
10.1039/d2ea00100d/v1/decision1,Q05,166,22.979864,raw_crossref\Q05_gas_sensor_calibration.json,165
10.5220/0004711303600364,Q05,167,22.97728,raw_crossref\Q05_gas_sensor_calibration.json,166
10.1039/d2ea00100d/v2/decision1,Q05,168,22.973923,raw_crossref\Q05_gas_sensor_calibration.json,167
10.1016/b978-0-323-95385-6.00014-3,Q05,169,22.967438,raw_crossref\Q05_gas_sensor_calibration.json,168
10.1039/d2ea00100d/v1/review1,Q05,170,22.964172,raw_crossref\Q05_gas_sensor_calibration.json,169
10.1007/978-1-4614-5395-6_9,Q05,171,22.963753,raw_crossref\Q05_gas_sensor_calibration.json,170
10.1016/j.jallcom.2025.182637,Q05,172,22.940903,raw_crossref\Q05_gas_sensor_calibration.json,171
10.1007/978-981-15-8307-0_11,Q05,173,22.93507,raw_crossref\Q05_gas_sensor_calibration.json,172
10.14359/20158,Q05,174,22.933012,raw_crossref\Q05_gas_sensor_calibration.json,173
10.1109/isdrs.2011.6135146,Q05,175,22.906334,raw_crossref\Q05_gas_sensor_calibration.json,174
10.1016/j.mne.2022.100156,Q05,176,22.906334,raw_crossref\Q05_gas_sensor_calibration.json,175
10.1109/icsens.2015.7370505,Q05,177,22.887003,raw_crossref\Q05_gas_sensor_calibration.json,176
10.3390/s18082710,Q05,178,22.876484,raw_crossref\Q05_gas_sensor_calibration.json,177
10.1007/978-3-030-53065-5_8,Q05,179,22.875492,raw_crossref\Q05_gas_sensor_calibration.json,178
10.1016/j.enmm.2025.101066,Q05,180,22.867634,raw_crossref\Q05_gas_sensor_calibration.json,179
10.1142/9789812835987_0037,Q05,181,22.865128,raw_crossref\Q05_gas_sensor_calibration.json,180
10.1016/0925-4005(93)85432-a,Q05,182,22.860966,raw_crossref\Q05_gas_sensor_calibration.json,181
10.4028/www.scientific.net/ssp.124-126.1177,Q05,183,22.858326,raw_crossref\Q05_gas_sensor_calibration.json,182
10.1038/s41598-021-96591-2,Q05,184,22.85677,raw_crossref\Q05_gas_sensor_calibration.json,183
10.1016/j.proeng.2014.11.691,Q05,185,22.83562,raw_crossref\Q05_gas_sensor_calibration.json,184
10.21203/rs.3.rs-10214129/v1,Q05,186,22.83562,raw_crossref\Q05_gas_sensor_calibration.json,185
10.1007/978-981-99-2621-3_8,Q05,187,22.832523,raw_crossref\Q05_gas_sensor_calibration.json,186
10.5220/0010916700003118,Q05,188,22.831537,raw_crossref\Q05_gas_sensor_calibration.json,187
10.1201/b12991-24,Q05,189,22.813923,raw_crossref\Q05_gas_sensor_calibration.json,188
10.1088/1742-6596/76/1/012043,Q05,190,22.79348,raw_crossref\Q05_gas_sensor_calibration.json,189
10.1039/9781837676408-00321,Q05,191,22.77935,raw_crossref\Q05_gas_sensor_calibration.json,190
10.21203/rs.3.rs-8500412/v1,Q05,192,22.75606,raw_crossref\Q05_gas_sensor_calibration.json,191
10.1039/c5ra14322e,Q05,193,22.734966,raw_crossref\Q05_gas_sensor_calibration.json,192
10.5369/jsst.2016.25.3.178,Q05,194,22.73428,raw_crossref\Q05_gas_sensor_calibration.json,193
10.1002/adsr.202500112,Q05,195,22.729294,raw_crossref\Q05_gas_sensor_calibration.json,194
10.1002/9781119436782.ch24,Q05,196,22.724585,raw_crossref\Q05_gas_sensor_calibration.json,195
10.5772/27207,Q05,197,22.702806,raw_crossref\Q05_gas_sensor_calibration.json,196
10.1166/jctn.2018.7202,Q05,198,22.685162,raw_crossref\Q05_gas_sensor_calibration.json,197
10.5772/29089,Q05,199,22.645493,raw_crossref\Q05_gas_sensor_calibration.json,198
10.1016/j.enmm.2021.100486,Q05,200,22.641462,raw_crossref\Q05_gas_sensor_calibration.json,199
10.1021/es0222420,Q05,201,22.634178,raw_crossref\Q05_gas_sensor_calibration.json,200
10.3390/s150101252,Q05,202,22.60942,raw_crossref\Q05_gas_sensor_calibration.json,201
10.1201/b11367-8,Q05,203,22.600883,raw_crossref\Q05_gas_sensor_calibration.json,202
10.1088/2399-1984/ade6b6,Q05,204,22.59466,raw_crossref\Q05_gas_sensor_calibration.json,203
10.1108/sr-04-2021-0136,Q05,205,22.592064,raw_crossref\Q05_gas_sensor_calibration.json,204
10.1093/oxfordjournals.rpd.a080625,Q05,206,22.585638,raw_crossref\Q05_gas_sensor_calibration.json,205
10.1109/jsen.2009.2036441,Q05,207,22.585163,raw_crossref\Q05_gas_sensor_calibration.json,206
10.1109/icemi66537.2025.11306659,Q05,208,22.584103,raw_crossref\Q05_gas_sensor_calibration.json,207
10.1109/access.2023.3257414,Q05,209,22.579975,raw_crossref\Q05_gas_sensor_calibration.json,208
10.1016/j.snb.2006.09.047,Q05,210,22.578926,raw_crossref\Q05_gas_sensor_calibration.json,209
10.30723/ijp.v18i47.579,Q05,211,22.572916,raw_crossref\Q05_gas_sensor_calibration.json,210
10.1007/978-981-95-6192-6_6,Q05,212,22.564348,raw_crossref\Q05_gas_sensor_calibration.json,211
10.1109/jsen.2006.870156,Q05,213,22.56142,raw_crossref\Q05_gas_sensor_calibration.json,212
10.3390/mi10090598,Q05,214,22.557177,raw_crossref\Q05_gas_sensor_calibration.json,213
10.5194/jsss-7-411-2018,Q05,215,22.553192,raw_crossref\Q05_gas_sensor_calibration.json,214
10.5772/intechopen.109367,Q05,216,22.535892,raw_crossref\Q05_gas_sensor_calibration.json,215
10.5772/intechopen.100736,Q05,217,22.529385,raw_crossref\Q05_gas_sensor_calibration.json,216
10.1201/b11367,Q05,218,22.5171,raw_crossref\Q05_gas_sensor_calibration.json,217
10.1002/9781119364726.ch6,Q05,219,22.504827,raw_crossref\Q05_gas_sensor_calibration.json,218
10.1016/j.sbsr.2023.100606,Q05,220,22.460442,raw_crossref\Q05_gas_sensor_calibration.json,219
10.1021/acsestengg.6c00709,Q05,221,22.426159,raw_crossref\Q05_gas_sensor_calibration.json,220
10.1016/s1093-0191(00)00017-4,Q05,222,22.373367,raw_crossref\Q05_gas_sensor_calibration.json,221
10.1109/isoen68725.2026.11665436,Q05,223,22.370571,raw_crossref\Q05_gas_sensor_calibration.json,222
10.5194/jsss-9-411-2020,Q05,224,22.364113,raw_crossref\Q05_gas_sensor_calibration.json,223
10.1016/b978-0-12-811224-3.00004-4,Q05,225,22.356829,raw_crossref\Q05_gas_sensor_calibration.json,224
10.1109/mhs.2006.320315,Q05,226,22.342983,raw_crossref\Q05_gas_sensor_calibration.json,225
10.1016/j.aca.2014.12.015,Q05,227,22.329758,raw_crossref\Q05_gas_sensor_calibration.json,226
10.1109/isne.2018.8394690,Q05,228,22.327568,raw_crossref\Q05_gas_sensor_calibration.json,227
10.1016/j.proeng.2014.11.349,Q05,229,22.32257,raw_crossref\Q05_gas_sensor_calibration.json,228
10.3390/mi9110557,Q05,230,22.321812,raw_crossref\Q05_gas_sensor_calibration.json,229
10.1016/s0925-4005(03)00219-3,Q05,231,22.313427,raw_crossref\Q05_gas_sensor_calibration.json,230
10.1201/9781351266727-7,Q05,232,22.306633,raw_crossref\Q05_gas_sensor_calibration.json,231
10.4028/3-908451-31-0.1177,Q05,233,22.305437,raw_crossref\Q05_gas_sensor_calibration.json,232
10.2139/ssrn.7176068,Q05,234,22.305069,raw_crossref\Q05_gas_sensor_calibration.json,233
10.3390/s40400037,Q05,235,22.300474,raw_crossref\Q05_gas_sensor_calibration.json,234
10.1109/icsens.2002.1037116,Q05,236,22.298365,raw_crossref\Q05_gas_sensor_calibration.json,235
10.46670/jsst.2024.33.3.125,Q05,237,22.296549,raw_crossref\Q05_gas_sensor_calibration.json,236
10.3390/molecules28186710,Q05,238,22.294548,raw_crossref\Q05_gas_sensor_calibration.json,237
10.3390/mi9080408,Q05,239,22.293278,raw_crossref\Q05_gas_sensor_calibration.json,238
10.34198/ejcs.4220.199208,Q05,240,22.29212,raw_crossref\Q05_gas_sensor_calibration.json,239
10.4028/www.scientific.net/kem.543.109,Q05,241,22.29212,raw_crossref\Q05_gas_sensor_calibration.json,240
10.1016/j.envres.2022.114114,Q05,242,22.282276,raw_crossref\Q05_gas_sensor_calibration.json,241
10.1166/sl.2014.3210,Q05,243,22.274578,raw_crossref\Q05_gas_sensor_calibration.json,242
10.1007/s10015-017-0403-0,Q05,244,22.265818,raw_crossref\Q05_gas_sensor_calibration.json,243
10.1016/j.teac.2014.07.001,Q05,245,22.254032,raw_crossref\Q05_gas_sensor_calibration.json,244
10.5772/intechopen.107398,Q05,246,22.242659,raw_crossref\Q05_gas_sensor_calibration.json,245
10.1007/978-1-4614-5395-6_2,Q05,247,22.24003,raw_crossref\Q05_gas_sensor_calibration.json,246
10.1109/issc61953.2024.10603082,Q05,248,22.214056,raw_crossref\Q05_gas_sensor_calibration.json,247
10.1039/d4ra06125j/v2/response1,Q05,249,22.198235,raw_crossref\Q05_gas_sensor_calibration.json,248
10.2139/ssrn.5080991,Q05,250,22.1558,raw_crossref\Q05_gas_sensor_calibration.json,249
10.1504/ijnt.2014.060580,Q05,251,22.15265,raw_crossref\Q05_gas_sensor_calibration.json,250
10.1109/transducers50396.2021.9495548,Q05,252,22.102901,raw_crossref\Q05_gas_sensor_calibration.json,251
10.1007/978-94-009-1571-8,Q05,253,22.101158,raw_crossref\Q05_gas_sensor_calibration.json,252
10.1109/tcsi.2011.2143090,Q05,254,22.098217,raw_crossref\Q05_gas_sensor_calibration.json,253
10.1016/j.biosystemseng.2020.08.004,Q05,255,22.080112,raw_crossref\Q05_gas_sensor_calibration.json,254
10.46670/jsst.2025.34.6.721,Q05,256,22.058945,raw_crossref\Q05_gas_sensor_calibration.json,255
10.1007/978-94-010-0564-7_25,Q05,257,22.0503,raw_crossref\Q05_gas_sensor_calibration.json,256
10.1063/1.5063375,Q05,258,22.042334,raw_crossref\Q05_gas_sensor_calibration.json,257
10.1038/s41597-025-05993-8,Q05,259,22.041721,raw_crossref\Q05_gas_sensor_calibration.json,258
10.1007/978-1-4614-7388-6_3,Q05,260,22.041662,raw_crossref\Q05_gas_sensor_calibration.json,259
10.1016/0925-4005(96)80110-9,Q05,261,22.039322,raw_crossref\Q05_gas_sensor_calibration.json,260
10.1149/ma2021-01561468mtgabs,Q05,262,22.03235,raw_crossref\Q05_gas_sensor_calibration.json,261
10.1088/1361-6439/ac5b98,Q05,263,22.030556,raw_crossref\Q05_gas_sensor_calibration.json,262
10.1166/sl.2014.3170,Q05,264,22.02835,raw_crossref\Q05_gas_sensor_calibration.json,263
10.2139/ssrn.4201065,Q05,265,22.024792,raw_crossref\Q05_gas_sensor_calibration.json,264
10.1016/j.microc.2025.113083,Q05,266,22.024792,raw_crossref\Q05_gas_sensor_calibration.json,265
10.1109/sensors60989.2024.10785217,Q05,267,22.020828,raw_crossref\Q05_gas_sensor_calibration.json,266
10.21203/rs.3.rs-1412923/v1,Q05,268,22.019205,raw_crossref\Q05_gas_sensor_calibration.json,267
10.46670/jsst.2020.29.6.369,Q05,269,22.01231,raw_crossref\Q05_gas_sensor_calibration.json,268
10.1063/1.3156508,Q05,270,21.987339,raw_crossref\Q05_gas_sensor_calibration.json,269
10.1016/j.sbsr.2020.100389,Q05,271,21.927868,raw_crossref\Q05_gas_sensor_calibration.json,270
10.1109/eesms.2016.7504819,Q05,272,21.907095,raw_crossref\Q05_gas_sensor_calibration.json,271
10.14419/ykbvzx77,Q05,273,21.888817,raw_crossref\Q05_gas_sensor_calibration.json,272
10.1016/j.snb.2007.07.139,Q05,274,21.870642,raw_crossref\Q05_gas_sensor_calibration.json,273
10.1007/s10661-026-15623-4,Q05,275,21.862253,raw_crossref\Q05_gas_sensor_calibration.json,274
10.5369/jsst.2008.17.4.281,Q05,276,21.842157,raw_crossref\Q05_gas_sensor_calibration.json,275
10.18494/sam.2009.613,Q05,277,21.838099,raw_crossref\Q05_gas_sensor_calibration.json,276
10.1109/isoen68725.2026.11665028,Q05,278,21.837784,raw_crossref\Q05_gas_sensor_calibration.json,277
10.3991/ijoe.v17i04.19215,Q05,279,21.82602,raw_crossref\Q05_gas_sensor_calibration.json,278
10.1201/b12988-45,Q05,280,21.823307,raw_crossref\Q05_gas_sensor_calibration.json,279
10.1201/9781003188148-4,Q05,281,21.813105,raw_crossref\Q05_gas_sensor_calibration.json,280
10.21307/ijssis-2019-045,Q05,282,21.806675,raw_crossref\Q05_gas_sensor_calibration.json,281
10.1117/1.oe.57.9.093106,Q05,283,21.797272,raw_crossref\Q05_gas_sensor_calibration.json,282
10.1016/j.microc.2025.115839,Q05,284,21.787159,raw_crossref\Q05_gas_sensor_calibration.json,283
10.1016/j.snb.2006.09.019,Q05,285,21.785303,raw_crossref\Q05_gas_sensor_calibration.json,284
10.3740/mrsk.2023.33.5.195,Q05,286,21.783834,raw_crossref\Q05_gas_sensor_calibration.json,285
10.1002/cphc.200900773,Q05,287,21.783834,raw_crossref\Q05_gas_sensor_calibration.json,286
10.1007/978-3-030-53065-5_10,Q05,288,21.783466,raw_crossref\Q05_gas_sensor_calibration.json,287
10.1063/5.0029906,Q05,289,21.7741,raw_crossref\Q05_gas_sensor_calibration.json,288
10.1088/2053-1591/1/2/025002,Q05,290,21.762787,raw_crossref\Q05_gas_sensor_calibration.json,289
10.1109/jsen.2015.2485939,Q05,291,21.761757,raw_crossref\Q05_gas_sensor_calibration.json,290
10.1016/0925-4005(93)85002-r,Q05,292,21.761623,raw_crossref\Q05_gas_sensor_calibration.json,291
10.1109/edkcon.2018.8770467,Q05,293,21.756903,raw_crossref\Q05_gas_sensor_calibration.json,292
10.1143/apex.3.047201,Q05,294,21.755205,raw_crossref\Q05_gas_sensor_calibration.json,293
10.1109/sensor.2009.5285392,Q05,295,21.75454,raw_crossref\Q05_gas_sensor_calibration.json,294
10.1007/978-94-011-2737-0_3,Q05,296,21.750805,raw_crossref\Q05_gas_sensor_calibration.json,295
10.1016/b978-0-12-814134-2.00014-0,Q05,297,21.742601,raw_crossref\Q05_gas_sensor_calibration.json,296
10.31142/ijtsrd7060,Q05,298,21.727047,raw_crossref\Q05_gas_sensor_calibration.json,297
10.2139/ssrn.5498984,Q05,299,21.722956,raw_crossref\Q05_gas_sensor_calibration.json,298
10.1021/ac048378t,Q05,300,21.722956,raw_crossref\Q05_gas_sensor_calibration.json,299
10.1039/a701264k,Q05,301,21.72286,raw_crossref\Q05_gas_sensor_calibration.json,300
10.1016/j.ijggc.2020.103003,Q05,302,21.707203,raw_crossref\Q05_gas_sensor_calibration.json,301
10.1016/j.aca.2011.04.048,Q05,303,21.688265,raw_crossref\Q05_gas_sensor_calibration.json,302
10.1021/acsaelm.6c00976,Q05,304,21.680805,raw_crossref\Q05_gas_sensor_calibration.json,303
10.1002/ffj.3759,Q05,305,21.678768,raw_crossref\Q05_gas_sensor_calibration.json,304
10.1021/acssensors.1c00115,Q05,306,21.674192,raw_crossref\Q05_gas_sensor_calibration.json,305
10.1109/aics60730.2023.10470795,Q05,307,21.667545,raw_crossref\Q05_gas_sensor_calibration.json,306
10.1201/9781003188148-13,Q05,308,21.657242,raw_crossref\Q05_gas_sensor_calibration.json,307
10.1002/0471670588.app3,Q05,309,21.65211,raw_crossref\Q05_gas_sensor_calibration.json,308
10.1007/978-981-99-2621-3_9,Q05,310,21.650923,raw_crossref\Q05_gas_sensor_calibration.json,309
10.1016/j.enmm.2022.100716,Q05,311,21.63604,raw_crossref\Q05_gas_sensor_calibration.json,310
10.1007/978-981-13-5853-1_8,Q05,312,21.616121,raw_crossref\Q05_gas_sensor_calibration.json,311
10.1007/978-3-030-45116-5_11,Q05,313,21.6091,raw_crossref\Q05_gas_sensor_calibration.json,312
10.1016/s0026-0657(97)86732-x,Q05,314,21.607244,raw_crossref\Q05_gas_sensor_calibration.json,313
10.1016/j.proeng.2014.11.684,Q05,315,21.60195,raw_crossref\Q05_gas_sensor_calibration.json,314
10.1002/9783527615131.app2,Q05,316,21.569914,raw_crossref\Q05_gas_sensor_calibration.json,315
10.1016/j.epsr.2020.106859,Q05,317,21.56574,raw_crossref\Q05_gas_sensor_calibration.json,316
10.1016/j.coesh.2024.100532,Q05,318,21.554144,raw_crossref\Q05_gas_sensor_calibration.json,317
10.1007/978-94-009-0101-8,Q05,319,21.550625,raw_crossref\Q05_gas_sensor_calibration.json,318
10.1016/b978-008044036-1/50091-3,Q05,320,21.541824,raw_crossref\Q05_gas_sensor_calibration.json,319
10.1016/j.jece.2024.115294,Q05,321,21.532131,raw_crossref\Q05_gas_sensor_calibration.json,320
10.1166/sl.2013.3054,Q05,322,21.528028,raw_crossref\Q05_gas_sensor_calibration.json,321
10.1063/1.5058191,Q05,323,21.526367,raw_crossref\Q05_gas_sensor_calibration.json,322
10.52865/omrg6223,Q05,324,21.526255,raw_crossref\Q05_gas_sensor_calibration.json,323
10.1007/s10661-017-6450-0,Q05,325,21.521833,raw_crossref\Q05_gas_sensor_calibration.json,324
10.1016/b978-0-12-815924-8.00007-4,Q05,326,21.519756,raw_crossref\Q05_gas_sensor_calibration.json,325
10.2139/ssrn.4797980,Q05,327,21.517275,raw_crossref\Q05_gas_sensor_calibration.json,326
10.1149/ma2020-01282123mtgabs,Q05,328,21.517149,raw_crossref\Q05_gas_sensor_calibration.json,327
10.2139/ssrn.4266689,Q05,329,21.517149,raw_crossref\Q05_gas_sensor_calibration.json,328
10.1109/mim.2025.11224696,Q05,330,21.516273,raw_crossref\Q05_gas_sensor_calibration.json,329
10.21307/ijssis-2019-077,Q05,331,21.515171,raw_crossref\Q05_gas_sensor_calibration.json,330
10.3390/s18103264,Q05,332,21.509033,raw_crossref\Q05_gas_sensor_calibration.json,331
10.1109/eptc53413.2021.9663945,Q05,333,21.507702,raw_crossref\Q05_gas_sensor_calibration.json,332
10.1109/vlsidcs53788.2022.9811478,Q05,334,21.507423,raw_crossref\Q05_gas_sensor_calibration.json,333
10.1049/el:20030042,Q05,335,21.502787,raw_crossref\Q05_gas_sensor_calibration.json,334
10.3390/mi12111355,Q05,336,21.502787,raw_crossref\Q05_gas_sensor_calibration.json,335
10.3390/chemosensors14060143,Q05,337,21.499977,raw_crossref\Q05_gas_sensor_calibration.json,336
10.1149/ma2021-01541323mtgabs,Q05,338,21.499163,raw_crossref\Q05_gas_sensor_calibration.json,337
10.1109/sensors47087.2021.9639511,Q05,339,21.496868,raw_crossref\Q05_gas_sensor_calibration.json,338
10.1016/j.snb.2015.10.050,Q05,340,21.490805,raw_crossref\Q05_gas_sensor_calibration.json,339
10.1016/s0925-4005(00)00639-0,Q05,341,21.489288,raw_crossref\Q05_gas_sensor_calibration.json,340
10.2139/ssrn.5257156,Q05,342,21.488808,raw_crossref\Q05_gas_sensor_calibration.json,341
10.1007/s00542-019-04318-1,Q05,343,21.484703,raw_crossref\Q05_gas_sensor_calibration.json,342
10.30534/ijeter/2019/307112019,Q05,344,21.482721,raw_crossref\Q05_gas_sensor_calibration.json,343
10.1088/978-0-7503-3159-3,Q05,345,21.47123,raw_crossref\Q05_gas_sensor_calibration.json,344
10.1109/ieee-ch65308.2025.11279346,Q05,346,21.466923,raw_crossref\Q05_gas_sensor_calibration.json,345
10.1016/j.jece.2016.12.026,Q05,347,21.460619,raw_crossref\Q05_gas_sensor_calibration.json,346
10.1115/1.0003322v,Q05,348,21.455675,raw_crossref\Q05_gas_sensor_calibration.json,347
10.5369/jsst.2016.25.3.184,Q05,349,21.429024,raw_crossref\Q05_gas_sensor_calibration.json,348
10.1109/jsen.2023.3238900,Q05,350,21.41085,raw_crossref\Q05_gas_sensor_calibration.json,349
10.18494/sam.2016.1152,Q05,351,21.406567,raw_crossref\Q05_gas_sensor_calibration.json,350
10.1109/fiiw.2012.6378348,Q05,352,21.405674,raw_crossref\Q05_gas_sensor_calibration.json,351
10.64149/j.carcinog.24.9s.160-166,Q05,353,21.332542,raw_crossref\Q05_gas_sensor_calibration.json,352
10.1016/b978-0-08-102559-8.00003-3,Q05,354,21.327461,raw_crossref\Q05_gas_sensor_calibration.json,353
10.1108/02602289710185171,Q05,355,21.322756,raw_crossref\Q05_gas_sensor_calibration.json,354
10.3390/atmos12050647,Q05,356,21.322369,raw_crossref\Q05_gas_sensor_calibration.json,355
10.1063/1.3156576,Q05,357,21.309748,raw_crossref\Q05_gas_sensor_calibration.json,356
10.4491/eer.2005.10.2.071,Q05,358,21.295538,raw_crossref\Q05_gas_sensor_calibration.json,357
10.1016/s0026-0657(97)86866-x,Q05,359,21.29037,raw_crossref\Q05_gas_sensor_calibration.json,358
10.2118/110341-ms,Q05,360,21.283045,raw_crossref\Q05_gas_sensor_calibration.json,359
10.1166/jno.2023.3441,Q05,361,21.27516,raw_crossref\Q05_gas_sensor_calibration.json,360
10.1201/b15425-30,Q05,362,21.263807,raw_crossref\Q05_gas_sensor_calibration.json,361
10.1007/s11051-005-9036-7,Q05,363,21.26286,raw_crossref\Q05_gas_sensor_calibration.json,362
10.21236/ada438489,Q05,364,21.259392,raw_crossref\Q05_gas_sensor_calibration.json,363
10.21175/rad.abstr.book.2026.12.3,Q05,365,21.257545,raw_crossref\Q05_gas_sensor_calibration.json,364
10.1016/j.jallcom.2023.173075,Q05,366,21.25029,raw_crossref\Q05_gas_sensor_calibration.json,365
10.1007/s12596-024-02341-8,Q05,367,21.250116,raw_crossref\Q05_gas_sensor_calibration.json,366
10.1016/j.carbpol.2020.116213,Q05,368,21.24573,raw_crossref\Q05_gas_sensor_calibration.json,367
10.1063/5.0083061,Q05,369,21.24518,raw_crossref\Q05_gas_sensor_calibration.json,368
10.1080/03067319.2020.1763973,Q05,370,21.24293,raw_crossref\Q05_gas_sensor_calibration.json,369
10.2139/ssrn.4188442,Q05,371,21.230574,raw_crossref\Q05_gas_sensor_calibration.json,370
10.1021/acssensors.3c02674,Q05,372,21.230373,raw_crossref\Q05_gas_sensor_calibration.json,371
10.1007/s10825-021-01739-y,Q05,373,21.228264,raw_crossref\Q05_gas_sensor_calibration.json,372
10.1016/j.snb.2018.06.097,Q05,374,21.222109,raw_crossref\Q05_gas_sensor_calibration.json,373
10.1149/osf.io/s9ykg,Q05,375,21.209747,raw_crossref\Q05_gas_sensor_calibration.json,374
10.23883/ijrter.2019.5002.fssfs,Q05,376,21.202091,raw_crossref\Q05_gas_sensor_calibration.json,375
10.1201/b11367-3,Q05,377,21.2002,raw_crossref\Q05_gas_sensor_calibration.json,376
10.1201/b11367-4,Q05,378,21.199217,raw_crossref\Q05_gas_sensor_calibration.json,377
10.5220/0004314502220228,Q05,379,21.197365,raw_crossref\Q05_gas_sensor_calibration.json,378
10.1007/978-3-032-21614-4_7,Q05,380,21.194668,raw_crossref\Q05_gas_sensor_calibration.json,379
10.5369/jsst.2015.24.1.29,Q05,381,21.1917,raw_crossref\Q05_gas_sensor_calibration.json,380
10.1039/d6ra00366d/v2/review1,Q05,382,21.169613,raw_crossref\Q05_gas_sensor_calibration.json,381
10.1039/d6ra00366d/v1/review1,Q05,383,21.165718,raw_crossref\Q05_gas_sensor_calibration.json,382
10.1039/d6ra00366d/v1/review2,Q05,384,21.162186,raw_crossref\Q05_gas_sensor_calibration.json,383
10.1016/b978-0-323-85588-4.00005-2,Q05,385,21.15789,raw_crossref\Q05_gas_sensor_calibration.json,384
10.22541/au.165856861.19641373/v1,Q05,386,21.117596,raw_crossref\Q05_gas_sensor_calibration.json,385
10.1039/d6lf00024j/v1/review1,Q05,387,21.109562,raw_crossref\Q05_gas_sensor_calibration.json,386
10.1364/lacea.2002.sab4,Q05,388,21.09315,raw_crossref\Q05_gas_sensor_calibration.json,387
10.1039/b714187b,Q05,389,21.08014,raw_crossref\Q05_gas_sensor_calibration.json,388
10.1039/d6lf00024j/v1/review2,Q05,390,21.078959,raw_crossref\Q05_gas_sensor_calibration.json,389
10.5162/imcs2012/6.3.1,Q05,391,21.077154,raw_crossref\Q05_gas_sensor_calibration.json,390
10.2172/1894311,Q05,392,21.072304,raw_crossref\Q05_gas_sensor_calibration.json,391
10.1080/07373937.2018.1484757,Q05,393,21.067398,raw_crossref\Q05_gas_sensor_calibration.json,392
10.1109/nmdc64551.2025.11234421,Q05,394,21.06437,raw_crossref\Q05_gas_sensor_calibration.json,393
10.1007/978-981-19-5013-1_10,Q05,395,21.059515,raw_crossref\Q05_gas_sensor_calibration.json,394
10.2523/110341-ms,Q05,396,21.05141,raw_crossref\Q05_gas_sensor_calibration.json,395
10.1016/j.matpr.2018.10.425,Q05,397,21.034672,raw_crossref\Q05_gas_sensor_calibration.json,396
10.1108/sr.2011.08731aab.005,Q05,398,21.023033,raw_crossref\Q05_gas_sensor_calibration.json,397
10.1109/jsen.2019.2901524,Q05,399,21.01734,raw_crossref\Q05_gas_sensor_calibration.json,398
10.1088/1361-665x/ab360c,Q05,400,21.014605,raw_crossref\Q05_gas_sensor_calibration.json,399
10.2139/ssrn.4141277,Q05,401,21.014605,raw_crossref\Q05_gas_sensor_calibration.json,400
10.1109/memsys.2016.7421781,Q05,402,21.009089,raw_crossref\Q05_gas_sensor_calibration.json,401
10.1109/sensor.1997.613713,Q05,403,21.004938,raw_crossref\Q05_gas_sensor_calibration.json,402
10.1016/b978-0-323-95385-6.00003-9,Q05,404,21.002832,raw_crossref\Q05_gas_sensor_calibration.json,403
10.1063/1.1648134,Q05,405,21.001667,raw_crossref\Q05_gas_sensor_calibration.json,404
10.1557/proc-1253-k05-18,Q05,406,20.998167,raw_crossref\Q05_gas_sensor_calibration.json,405
10.1016/j.snb.2023.133721,Q05,407,20.998167,raw_crossref\Q05_gas_sensor_calibration.json,406
10.1016/b978-0-12-811224-3.00003-2,Q05,408,20.990158,raw_crossref\Q05_gas_sensor_calibration.json,407
10.1109/memsys.2018.8346703,Q05,409,20.98116,raw_crossref\Q05_gas_sensor_calibration.json,408
10.5162/imcs2018/p1gs.22,Q05,410,20.968521,raw_crossref\Q05_gas_sensor_calibration.json,409
10.1016/j.snb.2015.07.070,Q05,411,20.966627,raw_crossref\Q05_gas_sensor_calibration.json,410
10.1109/icsens.2015.7370258,Q05,412,20.947895,raw_crossref\Q05_gas_sensor_calibration.json,411
10.1201/9781003278047-16,Q05,413,20.939116,raw_crossref\Q05_gas_sensor_calibration.json,412
10.1533/9780857098665.3.386,Q05,414,20.918756,raw_crossref\Q05_gas_sensor_calibration.json,413
10.1016/b978-0-443-13894-2.00003-8,Q05,415,20.9171,raw_crossref\Q05_gas_sensor_calibration.json,414
10.1016/j.eti.2021.102066,Q05,416,20.91602,raw_crossref\Q05_gas_sensor_calibration.json,415
10.21236/ada562922,Q05,417,20.900246,raw_crossref\Q05_gas_sensor_calibration.json,416
10.2139/ssrn.4126944,Q05,418,20.893188,raw_crossref\Q05_gas_sensor_calibration.json,417
10.1039/d3en00679d,Q05,419,20.871399,raw_crossref\Q05_gas_sensor_calibration.json,418
10.1143/jjap.45.l201,Q05,420,20.847624,raw_crossref\Q05_gas_sensor_calibration.json,419
10.2139/ssrn.5076237,Q05,421,20.838768,raw_crossref\Q05_gas_sensor_calibration.json,420
10.18690/978-961-286-060-8.1,Q05,422,20.8382,raw_crossref\Q05_gas_sensor_calibration.json,421
10.18494/sam.2018.1643,Q05,423,20.836597,raw_crossref\Q05_gas_sensor_calibration.json,422
10.2174/157341108785914853,Q05,424,20.835617,raw_crossref\Q05_gas_sensor_calibration.json,423
10.26434/chemrxiv-2024-5qcnw,Q05,425,20.832687,raw_crossref\Q05_gas_sensor_calibration.json,424
10.4018/978-1-60566-396-8.ch005,Q05,426,20.832542,raw_crossref\Q05_gas_sensor_calibration.json,425
10.3389/fbioe.2022.861950,Q05,427,20.825249,raw_crossref\Q05_gas_sensor_calibration.json,426
10.1016/b978-0-323-95476-1.00025-3,Q05,428,20.824863,raw_crossref\Q05_gas_sensor_calibration.json,427
10.3390/proceedings2130867,Q05,429,20.822165,raw_crossref\Q05_gas_sensor_calibration.json,428
10.1149/ma2020-01282134mtgabs,Q05,430,20.820549,raw_crossref\Q05_gas_sensor_calibration.json,429
10.5162/imcs2012/8.3.5,Q05,431,20.813383,raw_crossref\Q05_gas_sensor_calibration.json,430
10.1021/acssensors.3c02613,Q05,432,20.811417,raw_crossref\Q05_gas_sensor_calibration.json,431
10.1063/1.3626326,Q05,433,20.793297,raw_crossref\Q05_gas_sensor_calibration.json,432
10.1016/s0925-4005(03)00166-7,Q05,434,20.788214,raw_crossref\Q05_gas_sensor_calibration.json,433
10.1166/jnn.2014.8458,Q05,435,20.785545,raw_crossref\Q05_gas_sensor_calibration.json,434
10.4271/2001-01-0988,Q05,436,20.7848,raw_crossref\Q05_gas_sensor_calibration.json,435
10.1016/j.measurement.2026.121526,Q05,437,20.78261,raw_crossref\Q05_gas_sensor_calibration.json,436
10.1109/led.2019.2914271,Q05,438,20.775984,raw_crossref\Q05_gas_sensor_calibration.json,437
10.1142/9789812704306_0023,Q05,439,20.773108,raw_crossref\Q05_gas_sensor_calibration.json,438
10.1007/s00216-013-7502-0,Q05,440,20.768353,raw_crossref\Q05_gas_sensor_calibration.json,439
10.1016/j.envres.2022.113372,Q05,441,20.766157,raw_crossref\Q05_gas_sensor_calibration.json,440
10.1016/j.snb.2003.09.017,Q05,442,20.761612,raw_crossref\Q05_gas_sensor_calibration.json,441
10.26434/chemrxiv-2025-2k6fw,Q05,443,20.758041,raw_crossref\Q05_gas_sensor_calibration.json,442
10.1002/9781118561799.ch5,Q05,444,20.755264,raw_crossref\Q05_gas_sensor_calibration.json,443
10.18494/sam.2013.866,Q05,445,20.75526,raw_crossref\Q05_gas_sensor_calibration.json,444
10.1039/d5mh01018g/v1/review1,Q05,446,20.75526,raw_crossref\Q05_gas_sensor_calibration.json,445
10.1149/ma2020-01282063mtgabs,Q05,447,20.726088,raw_crossref\Q05_gas_sensor_calibration.json,446
10.1016/b978-0-12-820629-4.00008-4,Q05,448,20.725351,raw_crossref\Q05_gas_sensor_calibration.json,447
10.1007/s10661-025-14377-9,Q05,449,20.724812,raw_crossref\Q05_gas_sensor_calibration.json,448
10.13182/nt05-a3650,Q05,450,20.708645,raw_crossref\Q05_gas_sensor_calibration.json,449
10.1039/d5mh01018g/v2/review1,Q05,451,20.707123,raw_crossref\Q05_gas_sensor_calibration.json,450
10.1039/d5mh01018g/v1/review2,Q05,452,20.706253,raw_crossref\Q05_gas_sensor_calibration.json,451
10.5772/intechopen.86815,Q05,453,20.694725,raw_crossref\Q05_gas_sensor_calibration.json,452
10.1109/cdciem.2011.311,Q05,454,20.683964,raw_crossref\Q05_gas_sensor_calibration.json,453
10.1201/9781003323464-11,Q05,455,20.673616,raw_crossref\Q05_gas_sensor_calibration.json,454
10.1166/jno.2023.3444,Q05,456,20.666418,raw_crossref\Q05_gas_sensor_calibration.json,455
10.1109/sustained63638.2024.11074245,Q05,457,20.665844,raw_crossref\Q05_gas_sensor_calibration.json,456
10.1016/j.jece.2022.107182,Q05,458,20.66487,raw_crossref\Q05_gas_sensor_calibration.json,457
10.1109/sensors47125.2020.9278753,Q05,459,20.65291,raw_crossref\Q05_gas_sensor_calibration.json,458
10.1088/1755-1315/1543/1/012029,Q05,460,20.640867,raw_crossref\Q05_gas_sensor_calibration.json,459
10.2139/ssrn.5339466,Q05,461,20.640526,raw_crossref\Q05_gas_sensor_calibration.json,460
10.3390/chemosensors5020017,Q05,462,20.608402,raw_crossref\Q05_gas_sensor_calibration.json,461
10.1111/j.1432-1033.1995.tb20577.x,Q05,463,20.584892,raw_crossref\Q05_gas_sensor_calibration.json,462
10.1166/sl.2004.038,Q05,464,20.57759,raw_crossref\Q05_gas_sensor_calibration.json,463
10.1007/978-94-009-0101-8_4,Q05,465,20.574574,raw_crossref\Q05_gas_sensor_calibration.json,464
10.1063/1.4980352,Q05,466,20.573906,raw_crossref\Q05_gas_sensor_calibration.json,465
10.1109/nems.2007.352268,Q05,467,20.572168,raw_crossref\Q05_gas_sensor_calibration.json,466
10.1039/c8nj01237g,Q05,468,20.570824,raw_crossref\Q05_gas_sensor_calibration.json,467
10.1109/i2mtc62753.2025.11079007,Q05,469,20.566723,raw_crossref\Q05_gas_sensor_calibration.json,468
10.1111/j.1432-1033.1995.0416h.x,Q05,470,20.566208,raw_crossref\Q05_gas_sensor_calibration.json,469
10.1007/s40747-024-01531-y,Q05,471,20.55537,raw_crossref\Q05_gas_sensor_calibration.json,470
10.1088/978-0-7503-3159-3ch3,Q05,472,20.552155,raw_crossref\Q05_gas_sensor_calibration.json,471
10.1016/j.inpa.2023.11.001,Q05,473,20.54887,raw_crossref\Q05_gas_sensor_calibration.json,472
10.1063/5.0214757,Q05,474,20.54652,raw_crossref\Q05_gas_sensor_calibration.json,473
10.1039/d4tc05220j,Q05,475,20.54652,raw_crossref\Q05_gas_sensor_calibration.json,474
10.1016/b978-0-323-85241-8.00005-0,Q05,476,20.546375,raw_crossref\Q05_gas_sensor_calibration.json,475
10.21203/rs.3.rs-336468/v1,Q05,477,20.540867,raw_crossref\Q05_gas_sensor_calibration.json,476
10.3390/nano15161232,Q05,478,20.53842,raw_crossref\Q05_gas_sensor_calibration.json,477
10.1016/j.enmm.2022.100743,Q05,479,20.53726,raw_crossref\Q05_gas_sensor_calibration.json,478
10.1109/jsen.2014.2303147,Q05,480,20.53721,raw_crossref\Q05_gas_sensor_calibration.json,479
10.1109/jsen.2005.844353,Q05,481,20.53721,raw_crossref\Q05_gas_sensor_calibration.json,480
10.1016/j.snb.2021.130146,Q05,482,20.533072,raw_crossref\Q05_gas_sensor_calibration.json,481
10.1016/j.snb.2022.131668,Q05,483,20.533072,raw_crossref\Q05_gas_sensor_calibration.json,482
10.1016/j.snb.2013.01.074,Q05,484,20.529526,raw_crossref\Q05_gas_sensor_calibration.json,483
10.1063/1.103800,Q05,485,20.529526,raw_crossref\Q05_gas_sensor_calibration.json,484
10.1109/icsens.2013.6688509,Q05,486,20.529196,raw_crossref\Q05_gas_sensor_calibration.json,485
10.1039/c5nr01924a,Q05,487,20.527164,raw_crossref\Q05_gas_sensor_calibration.json,486
10.3390/s22228959,Q05,488,20.526407,raw_crossref\Q05_gas_sensor_calibration.json,487
10.1142/9789812702586_0081,Q05,489,20.526407,raw_crossref\Q05_gas_sensor_calibration.json,488
10.3390/s23083914,Q05,490,20.526407,raw_crossref\Q05_gas_sensor_calibration.json,489
10.1021/acssensors.9b02487,Q05,491,20.52555,raw_crossref\Q05_gas_sensor_calibration.json,490
10.1149/ma2020-01282195mtgabs,Q05,492,20.524223,raw_crossref\Q05_gas_sensor_calibration.json,491
10.1134/s0005117913020148,Q05,493,20.524223,raw_crossref\Q05_gas_sensor_calibration.json,492
10.1016/j.snb.2016.05.113,Q05,494,20.522316,raw_crossref\Q05_gas_sensor_calibration.json,493
10.2478/lpts-2021-0036,Q05,495,20.522316,raw_crossref\Q05_gas_sensor_calibration.json,494
10.1109/tim.2026.3687296,Q05,496,20.521976,raw_crossref\Q05_gas_sensor_calibration.json,495
10.1016/j.snb.2012.04.083,Q05,497,20.515339,raw_crossref\Q05_gas_sensor_calibration.json,496
10.1007/978-1-4614-7388-6_20,Q05,498,20.514439,raw_crossref\Q05_gas_sensor_calibration.json,497
10.1201/b19209-14,Q05,499,20.514069,raw_crossref\Q05_gas_sensor_calibration.json,498
10.1016/j.proeng.2015.08.764,Q05,500,20.509583,raw_crossref\Q05_gas_sensor_calibration.json,499
10.1201/9781032664828-9,Q06,1,32.113297,raw_crossref\Q06_robotic_water_quality.json,0
10.18280/isi.280403,Q06,2,30.135801,raw_crossref\Q06_robotic_water_quality.json,1
10.14741/ijcet/v.3.4.29,Q06,3,29.921406,raw_crossref\Q06_robotic_water_quality.json,2
10.31326/jisa.v4i2.965,Q06,4,28.517122,raw_crossref\Q06_robotic_water_quality.json,3
10.1109/icaiccit68829.2025.11434476,Q06,5,28.456423,raw_crossref\Q06_robotic_water_quality.json,4
10.1063/1.5080038,Q06,6,27.63214,raw_crossref\Q06_robotic_water_quality.json,5
10.1016/b978-008043340-0/50013-8,Q06,7,27.335052,raw_crossref\Q06_robotic_water_quality.json,6
10.2139/ssrn.6685510,Q06,8,27.25745,raw_crossref\Q06_robotic_water_quality.json,7
10.4314/wsa.v34i5.180653,Q06,9,27.028877,raw_crossref\Q06_robotic_water_quality.json,8
10.2166/washdev.2016.016,Q06,10,26.873705,raw_crossref\Q06_robotic_water_quality.json,9
10.22541/essoar.175767288.85280924/v1,Q06,11,26.786531,raw_crossref\Q06_robotic_water_quality.json,10
10.22541/essoar.175674608.88310773/v1,Q06,12,26.719933,raw_crossref\Q06_robotic_water_quality.json,11
10.1080/08982112.2019.1578974,Q06,13,26.702263,raw_crossref\Q06_robotic_water_quality.json,12
10.1088/1757-899x/732/1/012106,Q06,14,26.348074,raw_crossref\Q06_robotic_water_quality.json,13
10.1002/9781119775843.ch1,Q06,15,26.148228,raw_crossref\Q06_robotic_water_quality.json,14
10.2139/ssrn.4390690,Q06,16,26.057026,raw_crossref\Q06_robotic_water_quality.json,15
10.55041/ijsrem41064,Q06,17,25.808094,raw_crossref\Q06_robotic_water_quality.json,16
10.12912/27197050/174412,Q06,18,25.708818,raw_crossref\Q06_robotic_water_quality.json,17
10.66508/electromedic.v2i2.66,Q06,19,25.466383,raw_crossref\Q06_robotic_water_quality.json,18
10.3390/iot7020042,Q06,20,25.463734,raw_crossref\Q06_robotic_water_quality.json,19
10.21203/rs.3.rs-8979025/v1,Q06,21,25.417976,raw_crossref\Q06_robotic_water_quality.json,20
10.1080/09064710.2014.966751,Q06,22,25.120245,raw_crossref\Q06_robotic_water_quality.json,21
10.34010/telekontran.v8i1.3070,Q06,23,25.059849,raw_crossref\Q06_robotic_water_quality.json,22
10.3390/s23167271,Q06,24,25.052551,raw_crossref\Q06_robotic_water_quality.json,23
10.1186/s13104-021-05578-9,Q06,25,25.034412,raw_crossref\Q06_robotic_water_quality.json,24
10.1061/(asce)wr.1943-5452.0000390,Q06,26,25.031923,raw_crossref\Q06_robotic_water_quality.json,25
10.1109/aixset65682.2025.00014,Q06,27,24.833176,raw_crossref\Q06_robotic_water_quality.json,26
10.22214/ijraset.2024.62456,Q06,28,24.715162,raw_crossref\Q06_robotic_water_quality.json,27
10.61848/ghep.v1i3.71,Q06,29,24.702822,raw_crossref\Q06_robotic_water_quality.json,28
10.1117/12.2639226,Q06,30,24.690453,raw_crossref\Q06_robotic_water_quality.json,29
10.55981/jtl.2023.1003,Q06,31,24.597895,raw_crossref\Q06_robotic_water_quality.json,30
10.31483/r-86225,Q06,32,24.592358,raw_crossref\Q06_robotic_water_quality.json,31
10.3390/su16219499,Q06,33,24.562092,raw_crossref\Q06_robotic_water_quality.json,32
10.24425/cpe.2025.155540,Q06,34,24.47319,raw_crossref\Q06_robotic_water_quality.json,33
10.7176/jiea/11-2-03,Q06,35,24.46353,raw_crossref\Q06_robotic_water_quality.json,34
10.20944/preprints202307.0598.v1,Q06,36,24.179668,raw_crossref\Q06_robotic_water_quality.json,35
10.1016/j.aquaeng.2018.01.004,Q06,37,24.148401,raw_crossref\Q06_robotic_water_quality.json,36
10.1007/978-1-4615-5407-3_9,Q06,38,24.112635,raw_crossref\Q06_robotic_water_quality.json,37
10.1504/ijnt.2024.137414,Q06,39,24.035942,raw_crossref\Q06_robotic_water_quality.json,38
10.1016/j.hydres.2023.06.001,Q06,40,23.950243,raw_crossref\Q06_robotic_water_quality.json,39
10.1007/978-1-4615-4485-2_6,Q06,41,23.764671,raw_crossref\Q06_robotic_water_quality.json,40
10.1063/1.4921835,Q06,42,23.6816,raw_crossref\Q06_robotic_water_quality.json,41
10.1063/5.0150389,Q06,43,23.670866,raw_crossref\Q06_robotic_water_quality.json,42
10.1088/1742-6596/1317/1/012060,Q06,44,23.592844,raw_crossref\Q06_robotic_water_quality.json,43
10.18196/umygrace.v3i2.587,Q06,45,23.4552,raw_crossref\Q06_robotic_water_quality.json,44
10.1007/978-3-030-23335-8_6,Q06,46,23.440811,raw_crossref\Q06_robotic_water_quality.json,45
10.32473/edis-ss526-2010,Q06,47,23.419739,raw_crossref\Q06_robotic_water_quality.json,46
10.1007/978-3-319-17446-4_5,Q06,48,23.410408,raw_crossref\Q06_robotic_water_quality.json,47
10.1029/ce036p0327,Q06,49,23.398355,raw_crossref\Q06_robotic_water_quality.json,48
10.1063/5.0262412,Q06,50,23.39492,raw_crossref\Q06_robotic_water_quality.json,49
10.3390/robotics8010019,Q06,51,23.277214,raw_crossref\Q06_robotic_water_quality.json,50
10.5772/32976,Q06,52,23.221142,raw_crossref\Q06_robotic_water_quality.json,51
10.53625/jcijurnalcakrawalailmiah.v2i5.4730,Q06,53,23.085735,raw_crossref\Q06_robotic_water_quality.json,52
10.5121/csit.2026.1601204,Q06,54,23.081415,raw_crossref\Q06_robotic_water_quality.json,53
10.1016/b978-0-12-811330-1.00001-6,Q06,55,23.011887,raw_crossref\Q06_robotic_water_quality.json,54
10.56669/ulnw6665,Q06,56,23.011887,raw_crossref\Q06_robotic_water_quality.json,55
10.1016/b978-0-12-811330-1.00012-0,Q06,57,23.009449,raw_crossref\Q06_robotic_water_quality.json,56
10.5772/36009,Q06,58,22.996338,raw_crossref\Q06_robotic_water_quality.json,57
10.1109/isiea65768.2025.11138248,Q06,59,22.989388,raw_crossref\Q06_robotic_water_quality.json,58
10.1109/robio.2016.7866427,Q06,60,22.97543,raw_crossref\Q06_robotic_water_quality.json,59
10.22533/at.ed.3172115109,Q06,61,22.965128,raw_crossref\Q06_robotic_water_quality.json,60
10.31153/instrumentasi.v49i2.738,Q06,62,22.878963,raw_crossref\Q06_robotic_water_quality.json,61
10.65890/dmp.lnmr.impact26.65,Q06,63,22.878963,raw_crossref\Q06_robotic_water_quality.json,62
10.1109/icracos53680.2021.9702015,Q06,64,22.871456,raw_crossref\Q06_robotic_water_quality.json,63
10.1016/s0043-1354(97)00154-1,Q06,65,22.864088,raw_crossref\Q06_robotic_water_quality.json,64
10.4324/9780203476796.ch2,Q06,66,22.849371,raw_crossref\Q06_robotic_water_quality.json,65
10.1088/2631-8695/ae310a,Q06,67,22.819206,raw_crossref\Q06_robotic_water_quality.json,66
10.1016/b978-0-444-59395-5.00001-7,Q06,68,22.784445,raw_crossref\Q06_robotic_water_quality.json,67
10.4314/wsa.v44i4.23,Q06,69,22.784178,raw_crossref\Q06_robotic_water_quality.json,68
10.1016/b978-008043340-0/50004-7,Q06,70,22.613792,raw_crossref\Q06_robotic_water_quality.json,69
10.1016/b978-0-12-811330-1.00003-x,Q06,71,22.583397,raw_crossref\Q06_robotic_water_quality.json,70
10.1016/b978-0-12-811330-1.00002-8,Q06,72,22.576988,raw_crossref\Q06_robotic_water_quality.json,71
10.31958/js.v16i2.13301,Q06,73,22.57201,raw_crossref\Q06_robotic_water_quality.json,72
10.5194/egusphere-gc8-hydro-107,Q06,74,22.564346,raw_crossref\Q06_robotic_water_quality.json,73
10.3390/w2020273,Q06,75,22.45929,raw_crossref\Q06_robotic_water_quality.json,74
10.56669/ysbd2830,Q06,76,22.345955,raw_crossref\Q06_robotic_water_quality.json,75
10.2175/193864704784138566,Q06,77,22.301067,raw_crossref\Q06_robotic_water_quality.json,76
10.2166/wqrj.2001.037,Q06,78,22.287603,raw_crossref\Q06_robotic_water_quality.json,77
10.1016/b978-0-444-59395-5.00008-x,Q06,79,22.186028,raw_crossref\Q06_robotic_water_quality.json,78
10.56669/uvpb5995,Q06,80,22.164188,raw_crossref\Q06_robotic_water_quality.json,79
10.1016/c2011-0-05798-8,Q06,81,22.160849,raw_crossref\Q06_robotic_water_quality.json,80
10.3133/ofr95742,Q06,82,22.15892,raw_crossref\Q06_robotic_water_quality.json,81
10.1201/b10157-17,Q06,83,22.137299,raw_crossref\Q06_robotic_water_quality.json,82
10.1109/wcica.2011.5970736,Q06,84,22.13295,raw_crossref\Q06_robotic_water_quality.json,83
10.1080/07438140809354064,Q06,85,22.094048,raw_crossref\Q06_robotic_water_quality.json,84
10.1016/b978-008043340-0/50016-3,Q06,86,22.066448,raw_crossref\Q06_robotic_water_quality.json,85
10.1002/9780470058725.ch17,Q06,87,22.064186,raw_crossref\Q06_robotic_water_quality.json,86
10.1016/b978-008043340-0/50003-5,Q06,88,22.062885,raw_crossref\Q06_robotic_water_quality.json,87
10.2166/ws.2020.141,Q06,89,22.050085,raw_crossref\Q06_robotic_water_quality.json,88
10.26486/jisai.v6i2.219,Q06,90,22.000458,raw_crossref\Q06_robotic_water_quality.json,89
10.1201/9780849333569.ch4,Q06,91,21.974342,raw_crossref\Q06_robotic_water_quality.json,90
10.1201/9781420037616.ch4,Q06,92,21.954386,raw_crossref\Q06_robotic_water_quality.json,91
10.1002/9780470511121.ch20,Q06,93,21.928726,raw_crossref\Q06_robotic_water_quality.json,92
10.33557/jurnalmatrik.v23i1.1290,Q06,94,21.925499,raw_crossref\Q06_robotic_water_quality.json,93
10.3133/wri034098,Q06,95,21.900082,raw_crossref\Q06_robotic_water_quality.json,94
10.1109/fleps51544.2021.9469778,Q06,96,21.890846,raw_crossref\Q06_robotic_water_quality.json,95
10.1111/j.1745-6592.1997.tb01192.x,Q06,97,21.887651,raw_crossref\Q06_robotic_water_quality.json,96
10.3390/s141222670,Q06,98,21.870113,raw_crossref\Q06_robotic_water_quality.json,97
10.1201/b10157-12,Q06,99,21.847717,raw_crossref\Q06_robotic_water_quality.json,98
10.17762/itii.v9i1.113,Q06,100,21.842693,raw_crossref\Q06_robotic_water_quality.json,99
10.63158/journalisi.v8i3.1630,Q06,101,21.840885,raw_crossref\Q06_robotic_water_quality.json,100
10.1201/9781003078845-23,Q06,102,21.828651,raw_crossref\Q06_robotic_water_quality.json,101
10.32604/jbd.2022.030908,Q06,103,21.827356,raw_crossref\Q06_robotic_water_quality.json,102
10.1063/5.0218127,Q06,104,21.826681,raw_crossref\Q06_robotic_water_quality.json,103
10.5004/dwt.2018.23091,Q06,105,21.7659,raw_crossref\Q06_robotic_water_quality.json,104
10.5772/32159,Q06,106,21.758993,raw_crossref\Q06_robotic_water_quality.json,105
10.1016/b978-0-08-043340-0.x5000-0,Q06,107,21.756124,raw_crossref\Q06_robotic_water_quality.json,106
10.1016/j.clwat.2025.100077,Q06,108,21.753147,raw_crossref\Q06_robotic_water_quality.json,107
10.1109/icrest57604.2023.10070048,Q06,109,21.752209,raw_crossref\Q06_robotic_water_quality.json,108
10.1002/9780470058725.ch5,Q06,110,21.747902,raw_crossref\Q06_robotic_water_quality.json,109
10.2175/193864703784641766,Q06,111,21.715616,raw_crossref\Q06_robotic_water_quality.json,110
10.1109/cw58918.2023.00085,Q06,112,21.667944,raw_crossref\Q06_robotic_water_quality.json,111
10.2166/washdev.2011.058,Q06,113,21.653023,raw_crossref\Q06_robotic_water_quality.json,112
10.1002/cem.70024/v2/review1,Q06,114,21.641344,raw_crossref\Q06_robotic_water_quality.json,113
10.1002/cem.70024/v1/review1,Q06,115,21.634636,raw_crossref\Q06_robotic_water_quality.json,114
10.4314/njt.2025.5256,Q06,116,21.62288,raw_crossref\Q06_robotic_water_quality.json,115
10.30587/ivrj.v2i2.5656,Q06,117,21.617073,raw_crossref\Q06_robotic_water_quality.json,116
10.1201/9781482272130-9,Q06,118,21.616573,raw_crossref\Q06_robotic_water_quality.json,117
10.1007/s10661-011-2176-6,Q06,119,21.607315,raw_crossref\Q06_robotic_water_quality.json,118
10.5772/32897,Q06,120,21.58818,raw_crossref\Q06_robotic_water_quality.json,119
10.5772/33052,Q06,121,21.587502,raw_crossref\Q06_robotic_water_quality.json,120
10.1016/b978-0-12-811330-1.00004-1,Q06,122,21.57137,raw_crossref\Q06_robotic_water_quality.json,121
10.56669/aklm5662,Q06,123,21.569363,raw_crossref\Q06_robotic_water_quality.json,122
10.1016/b978-008043340-0/50010-2,Q06,124,21.569225,raw_crossref\Q06_robotic_water_quality.json,123
10.5772/33867,Q06,125,21.558964,raw_crossref\Q06_robotic_water_quality.json,124
10.5194/egusphere-egu24-17202,Q06,126,21.489887,raw_crossref\Q06_robotic_water_quality.json,125
10.4324/9781003331438-14,Q06,127,21.464241,raw_crossref\Q06_robotic_water_quality.json,126
10.1002/9781119775843.ch6,Q06,128,21.4555,raw_crossref\Q06_robotic_water_quality.json,127
10.54554/jacta.2024.06.02.001,Q06,129,21.448095,raw_crossref\Q06_robotic_water_quality.json,128
10.31537/jernih.v3i2.2641,Q06,130,21.43673,raw_crossref\Q06_robotic_water_quality.json,129
10.1201/9781482295368-4,Q06,131,21.434536,raw_crossref\Q06_robotic_water_quality.json,130
10.1201/9781439800539.axb,Q06,132,21.423489,raw_crossref\Q06_robotic_water_quality.json,131
10.1016/b978-0-444-59395-5.00011-x,Q06,133,21.419985,raw_crossref\Q06_robotic_water_quality.json,132
10.1109/i2cacis.2016.7885315,Q06,134,21.40418,raw_crossref\Q06_robotic_water_quality.json,133
10.1201/9781420037616-4,Q06,135,21.388275,raw_crossref\Q06_robotic_water_quality.json,134
10.1016/b978-0-444-59395-5.02001-x,Q06,136,21.378574,raw_crossref\Q06_robotic_water_quality.json,135
10.52107/mrc.ay2l1c,Q06,137,21.376818,raw_crossref\Q06_robotic_water_quality.json,136
10.1016/j.jwpe.2019.100875,Q06,138,21.375252,raw_crossref\Q06_robotic_water_quality.json,137
10.52107/mrc.qx5ynz,Q06,139,21.373262,raw_crossref\Q06_robotic_water_quality.json,138
10.5772/33720,Q06,140,21.371403,raw_crossref\Q06_robotic_water_quality.json,139
10.1016/c2016-0-00573-9,Q06,141,21.365435,raw_crossref\Q06_robotic_water_quality.json,140
10.1016/b978-0-12-811330-1.00005-3,Q06,142,21.362663,raw_crossref\Q06_robotic_water_quality.json,141
10.5772/33258,Q06,143,21.351606,raw_crossref\Q06_robotic_water_quality.json,142
10.1016/b978-0-12-811330-1.00006-5,Q06,144,21.330894,raw_crossref\Q06_robotic_water_quality.json,143
10.33795/jartel.v8i1.164,Q06,145,21.311674,raw_crossref\Q06_robotic_water_quality.json,144
10.4324/9780203476796.ch11,Q06,146,21.282757,raw_crossref\Q06_robotic_water_quality.json,145
10.7203/cguv.114-15.32257,Q06,147,21.272324,raw_crossref\Q06_robotic_water_quality.json,146
10.35429/jtd.2020.14.4.20.27,Q06,148,21.222939,raw_crossref\Q06_robotic_water_quality.json,147
10.5120/ijca2022922450,Q06,149,21.219547,raw_crossref\Q06_robotic_water_quality.json,148
10.1002/9780470058725.ch15,Q06,150,21.146917,raw_crossref\Q06_robotic_water_quality.json,149
10.1016/b978-0-12-811330-1.00013-2,Q06,151,21.14027,raw_crossref\Q06_robotic_water_quality.json,150
10.1016/b978-0-12-811330-1.00007-7,Q06,152,21.130138,raw_crossref\Q06_robotic_water_quality.json,151
10.3390/s21093136,Q06,153,21.128937,raw_crossref\Q06_robotic_water_quality.json,152
10.5772/32010,Q06,154,21.128073,raw_crossref\Q06_robotic_water_quality.json,153
10.1201/9781439800539-10,Q06,155,21.101576,raw_crossref\Q06_robotic_water_quality.json,154
10.5772/35228,Q06,156,21.101257,raw_crossref\Q06_robotic_water_quality.json,155
10.4314/njt.v44i4.9,Q06,157,21.093136,raw_crossref\Q06_robotic_water_quality.json,156
10.1016/b978-0-12-811330-1.00008-9,Q06,158,21.090698,raw_crossref\Q06_robotic_water_quality.json,157
10.5772/47926,Q06,159,21.083483,raw_crossref\Q06_robotic_water_quality.json,158
10.3390/mi14081578,Q06,160,21.079634,raw_crossref\Q06_robotic_water_quality.json,159
10.1201/9780203495476-11,Q06,161,21.074173,raw_crossref\Q06_robotic_water_quality.json,160
10.1007/s10661-020-8112-x,Q06,162,21.072124,raw_crossref\Q06_robotic_water_quality.json,161
10.1021/acsestwater.3c00596,Q06,163,21.061464,raw_crossref\Q06_robotic_water_quality.json,162
10.1201/9781003062110,Q06,164,21.011124,raw_crossref\Q06_robotic_water_quality.json,163
10.1029/ce036p0003,Q06,165,21.008997,raw_crossref\Q06_robotic_water_quality.json,164
10.18196/jet.v9i1.27301,Q06,166,21.00658,raw_crossref\Q06_robotic_water_quality.json,165
10.1080/19443994.2012.695048,Q06,167,21.005192,raw_crossref\Q06_robotic_water_quality.json,166
10.1016/b978-0-444-59395-5.00006-6,Q06,168,21.002323,raw_crossref\Q06_robotic_water_quality.json,167
10.1002/9780470511121.ch5,Q06,169,21.00046,raw_crossref\Q06_robotic_water_quality.json,168
10.1016/b978-0-12-382182-9.00038-4,Q06,170,20.998678,raw_crossref\Q06_robotic_water_quality.json,169
10.33140/jmtcm.02.05.01,Q06,171,20.99628,raw_crossref\Q06_robotic_water_quality.json,170
10.52107/mrc.ajg7a8,Q06,172,20.995434,raw_crossref\Q06_robotic_water_quality.json,171
10.52107/mrc.ajg6r1,Q06,173,20.993248,raw_crossref\Q06_robotic_water_quality.json,172
10.1201/9781351076418,Q06,174,20.992266,raw_crossref\Q06_robotic_water_quality.json,173
10.1016/b978-0-444-59395-5.18001-x,Q06,175,20.990633,raw_crossref\Q06_robotic_water_quality.json,174
10.1109/igarss53475.2024.10640943,Q06,176,20.978134,raw_crossref\Q06_robotic_water_quality.json,175
10.15236/ijcpd.2025.21.3.78,Q06,177,20.978134,raw_crossref\Q06_robotic_water_quality.json,176
10.52107/mrc.cjcxf8,Q06,178,20.972654,raw_crossref\Q06_robotic_water_quality.json,177
10.4324/9780203476796.ch9,Q06,179,20.97249,raw_crossref\Q06_robotic_water_quality.json,178
10.5220/0006164600280047,Q06,180,20.967741,raw_crossref\Q06_robotic_water_quality.json,179
10.1016/b978-0-444-59395-5.01001-3,Q06,181,20.965223,raw_crossref\Q06_robotic_water_quality.json,180
10.52107/mrc.ajg58x,Q06,182,20.965223,raw_crossref\Q06_robotic_water_quality.json,181
10.4324/9780203476796,Q06,183,20.965223,raw_crossref\Q06_robotic_water_quality.json,182
10.4324/9780203476796.ch3,Q06,184,20.921688,raw_crossref\Q06_robotic_water_quality.json,183
10.5772/intechopen.97372,Q06,185,20.920614,raw_crossref\Q06_robotic_water_quality.json,184
10.1109/icocsim65098.2024.00017,Q06,186,20.904821,raw_crossref\Q06_robotic_water_quality.json,185
10.1109/icoiact50329.2020.9332080,Q06,187,20.89783,raw_crossref\Q06_robotic_water_quality.json,186
10.4155/ebo.13.208,Q06,188,20.890968,raw_crossref\Q06_robotic_water_quality.json,187
10.1016/b978-008043340-0/50005-9,Q06,189,20.8787,raw_crossref\Q06_robotic_water_quality.json,188
10.3390/app13052805,Q06,190,20.858732,raw_crossref\Q06_robotic_water_quality.json,189
10.4028/www.scientific.net/amm.411-414.1445,Q06,191,20.853127,raw_crossref\Q06_robotic_water_quality.json,190
10.1109/imcet69180.2026.11503761,Q06,192,20.847792,raw_crossref\Q06_robotic_water_quality.json,191
10.1016/b978-0-444-59395-5.00014-5,Q06,193,20.836712,raw_crossref\Q06_robotic_water_quality.json,192
10.1002/9780470511121.ch17,Q06,194,20.828793,raw_crossref\Q06_robotic_water_quality.json,193
10.4324/noe0419216001.ch2,Q06,195,20.82573,raw_crossref\Q06_robotic_water_quality.json,194
10.4324/noe0419216001.ch3,Q06,196,20.82115,raw_crossref\Q06_robotic_water_quality.json,195
10.4324/noe0419216001.ch1,Q06,197,20.819931,raw_crossref\Q06_robotic_water_quality.json,196
10.1002/9781394312276.ch3,Q06,198,20.812548,raw_crossref\Q06_robotic_water_quality.json,197
10.62535/nx1r3818,Q06,199,20.810438,raw_crossref\Q06_robotic_water_quality.json,198
10.32486/jeecae.v1i1.10,Q06,200,20.802889,raw_crossref\Q06_robotic_water_quality.json,199
10.1002/9780470511121.ch22,Q06,201,20.780209,raw_crossref\Q06_robotic_water_quality.json,200
10.1109/icsens.2015.7370456,Q06,202,20.775969,raw_crossref\Q06_robotic_water_quality.json,201
10.1002/9780470511121.ch29,Q06,203,20.747145,raw_crossref\Q06_robotic_water_quality.json,202
10.1002/9780470511121.ch26,Q06,204,20.74466,raw_crossref\Q06_robotic_water_quality.json,203
10.1016/j.watres.2007.05.018,Q06,205,20.72198,raw_crossref\Q06_robotic_water_quality.json,204
10.23880/jqhe-16000259,Q06,206,20.711323,raw_crossref\Q06_robotic_water_quality.json,205
10.3390/w13111523,Q06,207,20.69758,raw_crossref\Q06_robotic_water_quality.json,206
10.1002/9780470511121.fmatter,Q06,208,20.688284,raw_crossref\Q06_robotic_water_quality.json,207
10.4324/9780203476796.ch4,Q06,209,20.67923,raw_crossref\Q06_robotic_water_quality.json,208
10.24853/jurtek.12.1.9-20,Q06,210,20.676395,raw_crossref\Q06_robotic_water_quality.json,209
10.1201/9781003075622-6,Q06,211,20.673512,raw_crossref\Q06_robotic_water_quality.json,210
10.21236/ada294573,Q06,212,20.670872,raw_crossref\Q06_robotic_water_quality.json,211
10.1080/19443994.2015.1070762,Q06,213,20.670444,raw_crossref\Q06_robotic_water_quality.json,212
10.1680/oicwe.65253.361,Q06,214,20.665838,raw_crossref\Q06_robotic_water_quality.json,213
10.1201/9781439800539.ch3,Q06,215,20.66278,raw_crossref\Q06_robotic_water_quality.json,214
10.1039/9781849733199-00059,Q06,216,20.661896,raw_crossref\Q06_robotic_water_quality.json,215
10.1016/b978-0-12-811330-1.09996-8,Q06,217,20.657187,raw_crossref\Q06_robotic_water_quality.json,216
10.35256/sp32,Q06,218,20.653782,raw_crossref\Q06_robotic_water_quality.json,217
10.1039/bk9781849731560-00059,Q06,219,20.650341,raw_crossref\Q06_robotic_water_quality.json,218
10.1002/9780470511121.ch10,Q06,220,20.64932,raw_crossref\Q06_robotic_water_quality.json,219
10.1002/9780470511121.ch8,Q06,221,20.646738,raw_crossref\Q06_robotic_water_quality.json,220
10.1088/978-0-7503-3047-3ch2,Q06,222,20.645576,raw_crossref\Q06_robotic_water_quality.json,221
10.35256/sp34,Q06,223,20.64213,raw_crossref\Q06_robotic_water_quality.json,222
10.1016/b978-008043340-0/50002-3,Q06,224,20.64087,raw_crossref\Q06_robotic_water_quality.json,223
10.1002/9780470511121.ch21,Q06,225,20.634474,raw_crossref\Q06_robotic_water_quality.json,224
10.3390/books978-3-0365-1547-2,Q06,226,20.630772,raw_crossref\Q06_robotic_water_quality.json,225
10.23883/ijrter.conf.02180328.035.higz5,Q06,227,20.625042,raw_crossref\Q06_robotic_water_quality.json,226
10.5772/32055,Q06,228,20.62178,raw_crossref\Q06_robotic_water_quality.json,227
10.59689/bio.v4i3.233,Q06,229,20.621428,raw_crossref\Q06_robotic_water_quality.json,228
10.1201/9781315160634-4,Q06,230,20.621199,raw_crossref\Q06_robotic_water_quality.json,229
10.32388/1amevr,Q06,231,20.618542,raw_crossref\Q06_robotic_water_quality.json,230
10.3897/rio.coll.92,Q06,232,20.617802,raw_crossref\Q06_robotic_water_quality.json,231
10.1002/9781119775843.ch2,Q06,233,20.617771,raw_crossref\Q06_robotic_water_quality.json,232
10.1016/b978-008043340-0/50001-1,Q06,234,20.617558,raw_crossref\Q06_robotic_water_quality.json,233
10.23883/ijrter.2018.4222.qpp1z,Q06,235,20.612871,raw_crossref\Q06_robotic_water_quality.json,234
10.52107/mrc.cr4exc,Q06,236,20.612734,raw_crossref\Q06_robotic_water_quality.json,235
10.52465/joscex.v5i3.376,Q06,237,20.601429,raw_crossref\Q06_robotic_water_quality.json,236
10.2166/wqrj.2024.049,Q06,238,20.599886,raw_crossref\Q06_robotic_water_quality.json,237
10.1109/icoris63540.2024.10903921,Q06,239,20.58563,raw_crossref\Q06_robotic_water_quality.json,238
10.37676/jmcs.v5i1.9633,Q06,240,20.545897,raw_crossref\Q06_robotic_water_quality.json,239
10.4324/9780203476796.ch14,Q06,241,20.543846,raw_crossref\Q06_robotic_water_quality.json,240
10.4324/9780203476796.ch1,Q06,242,20.535694,raw_crossref\Q06_robotic_water_quality.json,241
10.2139/ssrn.6581461,Q06,243,20.531174,raw_crossref\Q06_robotic_water_quality.json,242
10.3133/wri904159,Q06,244,20.530085,raw_crossref\Q06_robotic_water_quality.json,243
10.1016/b978-008043340-0/50018-7,Q06,245,20.513863,raw_crossref\Q06_robotic_water_quality.json,244
10.5772/50546,Q06,246,20.502016,raw_crossref\Q06_robotic_water_quality.json,245
10.1201/9780429441042-36,Q06,247,20.502016,raw_crossref\Q06_robotic_water_quality.json,246
10.1039/b311137g,Q06,248,20.489624,raw_crossref\Q06_robotic_water_quality.json,247
10.1002/9781119775843.ch12,Q06,249,20.487179,raw_crossref\Q06_robotic_water_quality.json,248
10.56669/eqgf7117,Q06,250,20.479483,raw_crossref\Q06_robotic_water_quality.json,249
10.1201/9781779647283-11,Q06,251,20.475027,raw_crossref\Q06_robotic_water_quality.json,250
10.1002/9780470511121.ch13,Q06,252,20.471588,raw_crossref\Q06_robotic_water_quality.json,251
10.5772/32151,Q06,253,20.454487,raw_crossref\Q06_robotic_water_quality.json,252
10.1002/9780470518328.ch2,Q06,254,20.453781,raw_crossref\Q06_robotic_water_quality.json,253
10.3133/wri954156,Q06,255,20.449354,raw_crossref\Q06_robotic_water_quality.json,254
10.1201/9781439800539.axd,Q06,256,20.442879,raw_crossref\Q06_robotic_water_quality.json,255
10.3133/wri924008,Q06,257,20.44222,raw_crossref\Q06_robotic_water_quality.json,256
10.3133/sir20075238,Q06,258,20.441818,raw_crossref\Q06_robotic_water_quality.json,257
10.2166/wqrj.2002.014,Q06,259,20.437334,raw_crossref\Q06_robotic_water_quality.json,258
10.3133/wri924045,Q06,260,20.43632,raw_crossref\Q06_robotic_water_quality.json,259
10.3133/wri934111,Q06,261,20.434185,raw_crossref\Q06_robotic_water_quality.json,260
10.1002/9780470511121.ch27,Q06,262,20.421741,raw_crossref\Q06_robotic_water_quality.json,261
10.63288/jgcee.v1i1.3,Q06,263,20.42094,raw_crossref\Q06_robotic_water_quality.json,262
10.1201/9781315160634-7,Q06,264,20.415741,raw_crossref\Q06_robotic_water_quality.json,263
10.3103/s1063455x25010059,Q06,265,20.413845,raw_crossref\Q06_robotic_water_quality.json,264
10.1201/9781315160634-2,Q06,266,20.411362,raw_crossref\Q06_robotic_water_quality.json,265
10.1007/978-3-642-75413-5_1,Q06,267,20.410463,raw_crossref\Q06_robotic_water_quality.json,266
10.1080/02508060.2017.1344818,Q06,268,20.385195,raw_crossref\Q06_robotic_water_quality.json,267
10.1002/9780470511121.ch30,Q06,269,20.383831,raw_crossref\Q06_robotic_water_quality.json,268
10.59837/jpmm.v1i4.21,Q06,270,20.371317,raw_crossref\Q06_robotic_water_quality.json,269
10.1109/tmech.2017.2722009,Q06,271,20.366928,raw_crossref\Q06_robotic_water_quality.json,270
10.1088/1757-899x/384/1/012052,Q06,272,20.351397,raw_crossref\Q06_robotic_water_quality.json,271
10.36278/jeaht.27.4.249,Q06,273,20.34731,raw_crossref\Q06_robotic_water_quality.json,272
10.1007/978-3-642-56013-2_17,Q06,274,20.347246,raw_crossref\Q06_robotic_water_quality.json,273
10.4324/9780203476796.ch12,Q06,275,20.33628,raw_crossref\Q06_robotic_water_quality.json,274
10.3390/w16010018,Q06,276,20.321373,raw_crossref\Q06_robotic_water_quality.json,275
10.4324/9780203476796.ch10,Q06,277,20.31391,raw_crossref\Q06_robotic_water_quality.json,276
10.5772/2411,Q06,278,20.291445,raw_crossref\Q06_robotic_water_quality.json,277
10.1002/9780470511121.ch9,Q06,279,20.287247,raw_crossref\Q06_robotic_water_quality.json,278
10.4324/9780203476796.fmatt,Q06,280,20.285587,raw_crossref\Q06_robotic_water_quality.json,279
10.1002/9780470058725.fmatter,Q06,281,20.284054,raw_crossref\Q06_robotic_water_quality.json,280
10.1109/southc.1994.498151,Q06,282,20.283056,raw_crossref\Q06_robotic_water_quality.json,281
10.4324/9780203476796.ch13,Q06,283,20.279602,raw_crossref\Q06_robotic_water_quality.json,282
10.1016/b978-0-12-811330-1.09994-4,Q06,284,20.279354,raw_crossref\Q06_robotic_water_quality.json,283
10.4016/34488.01,Q06,285,20.271088,raw_crossref\Q06_robotic_water_quality.json,284
10.1002/9780470511121.ch18,Q06,286,20.268843,raw_crossref\Q06_robotic_water_quality.json,285
10.1002/9780470716090.ch1,Q06,287,20.268389,raw_crossref\Q06_robotic_water_quality.json,286
10.1016/b978-008043340-0/50022-9,Q06,288,20.264618,raw_crossref\Q06_robotic_water_quality.json,287
10.4324/noe0419216001-6,Q06,289,20.258402,raw_crossref\Q06_robotic_water_quality.json,288
10.1201/9781003062103-2,Q06,290,20.258402,raw_crossref\Q06_robotic_water_quality.json,289
10.1016/b978-0-444-59395-5.05001-9,Q06,291,20.258305,raw_crossref\Q06_robotic_water_quality.json,290
10.1520/stp17609s,Q06,292,20.253727,raw_crossref\Q06_robotic_water_quality.json,291
10.1201/9781003062103-1,Q06,293,20.25026,raw_crossref\Q06_robotic_water_quality.json,292
10.32388/34bg31,Q06,294,20.246544,raw_crossref\Q06_robotic_water_quality.json,293
10.32388/gg7m4i,Q06,295,20.246544,raw_crossref\Q06_robotic_water_quality.json,294
10.1002/9780470511121.index,Q06,296,20.24551,raw_crossref\Q06_robotic_water_quality.json,295
10.58445/rars.2969,Q06,297,20.241909,raw_crossref\Q06_robotic_water_quality.json,296
10.4324/noe0419216001-7,Q06,298,20.238792,raw_crossref\Q06_robotic_water_quality.json,297
10.3390/w15183216,Q06,299,20.238346,raw_crossref\Q06_robotic_water_quality.json,298
10.56669/wwml8136,Q06,300,20.233837,raw_crossref\Q06_robotic_water_quality.json,299
10.3390/s24216979,Q06,301,20.220377,raw_crossref\Q06_robotic_water_quality.json,300
10.1016/j.measurement.2021.109989,Q06,302,20.220377,raw_crossref\Q06_robotic_water_quality.json,301
10.1002/9780470511121.ch6,Q06,303,20.21853,raw_crossref\Q06_robotic_water_quality.json,302
10.4324/noe0419216001-8,Q06,304,20.218071,raw_crossref\Q06_robotic_water_quality.json,303
10.1201/9781003062103-3,Q06,305,20.216423,raw_crossref\Q06_robotic_water_quality.json,304
10.1088/1755-1315/1223/1/012020,Q06,306,20.215855,raw_crossref\Q06_robotic_water_quality.json,305
10.1016/b978-008043340-0/50017-5,Q06,307,20.210411,raw_crossref\Q06_robotic_water_quality.json,306
10.1002/9780470518328.ch11,Q06,308,20.205082,raw_crossref\Q06_robotic_water_quality.json,307
10.1016/j.jhydrol.2013.06.006,Q06,309,20.190098,raw_crossref\Q06_robotic_water_quality.json,308
10.1007/978-3-642-75413-5_48,Q06,310,20.181469,raw_crossref\Q06_robotic_water_quality.json,309
10.3133/ofr20091192,Q06,311,20.178774,raw_crossref\Q06_robotic_water_quality.json,310
10.53625/jcijurnalcakrawalailmiah.v2i7.5383,Q06,312,20.167038,raw_crossref\Q06_robotic_water_quality.json,311
10.1007/s42235-022-00282-1,Q06,313,20.148026,raw_crossref\Q06_robotic_water_quality.json,312
10.1038/s41598-026-62977-3,Q06,314,20.147678,raw_crossref\Q06_robotic_water_quality.json,313
10.36922/ajwep.6564,Q06,315,20.145798,raw_crossref\Q06_robotic_water_quality.json,314
10.2172/804495,Q06,316,20.14318,raw_crossref\Q06_robotic_water_quality.json,315
10.1002/9780470716090.ch22,Q06,317,20.130518,raw_crossref\Q06_robotic_water_quality.json,316
10.3133/ofr20241003,Q06,318,20.129465,raw_crossref\Q06_robotic_water_quality.json,317
10.1109/tssa56819.2022.10063905,Q06,319,20.122307,raw_crossref\Q06_robotic_water_quality.json,318
10.1002/wer.70456,Q06,320,20.119019,raw_crossref\Q06_robotic_water_quality.json,319
10.37200/ijpr/v23i4/pr190465,Q06,321,20.118233,raw_crossref\Q06_robotic_water_quality.json,320
10.1039/c5ra11291e,Q06,322,20.117104,raw_crossref\Q06_robotic_water_quality.json,321
10.1002/9780470058725.ch9,Q06,323,20.106117,raw_crossref\Q06_robotic_water_quality.json,322
10.4324/9780203476796.ax1,Q06,324,20.102907,raw_crossref\Q06_robotic_water_quality.json,323
10.1201/9781315275925-16,Q06,325,20.089968,raw_crossref\Q06_robotic_water_quality.json,324
10.4324/9780203476796.ch6,Q06,326,20.087397,raw_crossref\Q06_robotic_water_quality.json,325
10.4324/9780203476796.ch8,Q06,327,20.083298,raw_crossref\Q06_robotic_water_quality.json,326
10.1109/wmnc.2017.8248854,Q06,328,20.078362,raw_crossref\Q06_robotic_water_quality.json,327
10.51244/ijrsi.2025.12110008,Q06,329,20.075481,raw_crossref\Q06_robotic_water_quality.json,328
10.62671/jowim.v3i1.237,Q06,330,20.056484,raw_crossref\Q06_robotic_water_quality.json,329
10.1007/978-94-010-0231-8_9,Q06,331,20.052662,raw_crossref\Q06_robotic_water_quality.json,330
10.36967/2300662,Q06,332,20.051517,raw_crossref\Q06_robotic_water_quality.json,331
10.1002/9780470058725.index,Q06,333,20.048975,raw_crossref\Q06_robotic_water_quality.json,332
10.2166/wst.2004.0685,Q06,334,20.044846,raw_crossref\Q06_robotic_water_quality.json,333
10.1145/3718391.3718428,Q06,335,20.044472,raw_crossref\Q06_robotic_water_quality.json,334
10.1016/b978-008043340-0/50019-9,Q06,336,20.040956,raw_crossref\Q06_robotic_water_quality.json,335
10.1016/b978-0-12-811330-1.00009-0,Q06,337,20.040218,raw_crossref\Q06_robotic_water_quality.json,336
10.3390/app16157591,Q06,338,20.031698,raw_crossref\Q06_robotic_water_quality.json,337
10.1201/9781420037616.ch5,Q06,339,20.031452,raw_crossref\Q06_robotic_water_quality.json,338
10.1201/9780849333569.ch5,Q06,340,20.031452,raw_crossref\Q06_robotic_water_quality.json,339
10.1201/9781315160634-3,Q06,341,20.03082,raw_crossref\Q06_robotic_water_quality.json,340
10.1002/9780470716090.ch5,Q06,342,20.024422,raw_crossref\Q06_robotic_water_quality.json,341
10.36967/2300648,Q06,343,20.02161,raw_crossref\Q06_robotic_water_quality.json,342
10.5194/dwes-2019-8,Q06,344,20.019455,raw_crossref\Q06_robotic_water_quality.json,343
10.1016/b978-0-12-811330-1.00011-9,Q06,345,20.014977,raw_crossref\Q06_robotic_water_quality.json,344
10.5772/32301,Q06,346,20.005901,raw_crossref\Q06_robotic_water_quality.json,345
10.1016/j.desal.2014.09.029,Q06,347,20.002275,raw_crossref\Q06_robotic_water_quality.json,346
10.1029/ce036p0115,Q06,348,20.002056,raw_crossref\Q06_robotic_water_quality.json,347
10.1007/s13201-026-02863-5,Q06,349,19.992207,raw_crossref\Q06_robotic_water_quality.json,348
10.1201/9781439800539-12,Q06,350,19.986992,raw_crossref\Q06_robotic_water_quality.json,349
10.1201/9781315160634,Q06,351,19.974659,raw_crossref\Q06_robotic_water_quality.json,350
10.3390/books978-3-0365-8211-5,Q06,352,19.970882,raw_crossref\Q06_robotic_water_quality.json,351
10.32388/an34zz,Q06,353,19.964731,raw_crossref\Q06_robotic_water_quality.json,352
10.1081/e-enrw-120047558,Q06,354,19.957445,raw_crossref\Q06_robotic_water_quality.json,353
10.1016/b978-008043340-0/50023-0,Q06,355,19.955925,raw_crossref\Q06_robotic_water_quality.json,354
10.1007/s10661-014-3748-z,Q06,356,19.953272,raw_crossref\Q06_robotic_water_quality.json,355
10.1201/9781439800539-8,Q06,357,19.950146,raw_crossref\Q06_robotic_water_quality.json,356
10.1016/b978-0-12-811330-1.09991-9,Q06,358,19.948553,raw_crossref\Q06_robotic_water_quality.json,357
10.1016/b978-0-12-811330-1.00010-7,Q06,359,19.944511,raw_crossref\Q06_robotic_water_quality.json,358
10.1201/b19646-63,Q06,360,19.94352,raw_crossref\Q06_robotic_water_quality.json,359
10.23939/istcmtm2022.04.018,Q06,361,19.94262,raw_crossref\Q06_robotic_water_quality.json,360
10.2139/ssrn.3904842,Q06,362,19.940754,raw_crossref\Q06_robotic_water_quality.json,361
10.1201/9781351076418-1,Q06,363,19.93282,raw_crossref\Q06_robotic_water_quality.json,362
10.4211/hs.55478a4db09c4ade8882cc5d738487c5,Q06,364,19.928728,raw_crossref\Q06_robotic_water_quality.json,363
10.1109/mems46641.2020.9056230,Q06,365,19.927782,raw_crossref\Q06_robotic_water_quality.json,364
10.32614/cran.package.wql,Q06,366,19.927254,raw_crossref\Q06_robotic_water_quality.json,365
10.1002/0471473332.ch24,Q06,367,19.919476,raw_crossref\Q06_robotic_water_quality.json,366
10.1016/b978-0-12-811330-1.09993-2,Q06,368,19.91328,raw_crossref\Q06_robotic_water_quality.json,367
10.1016/j.snb.2013.12.002,Q06,369,19.911518,raw_crossref\Q06_robotic_water_quality.json,368
10.3390/w11040713,Q06,370,19.910107,raw_crossref\Q06_robotic_water_quality.json,369
10.4324/9780203476796.ch7,Q06,371,19.903343,raw_crossref\Q06_robotic_water_quality.json,370
10.1127/1863-9135/2014/0565,Q06,372,19.900763,raw_crossref\Q06_robotic_water_quality.json,371
10.4324/9780203476796.ch5,Q06,373,19.894245,raw_crossref\Q06_robotic_water_quality.json,372
10.1007/s11269-025-04135-4,Q06,374,19.880487,raw_crossref\Q06_robotic_water_quality.json,373
10.3390/s25041065,Q06,375,19.872984,raw_crossref\Q06_robotic_water_quality.json,374
10.3390/su18031200,Q06,376,19.863422,raw_crossref\Q06_robotic_water_quality.json,375
10.1002/9780470745427.ch1a,Q06,377,19.848349,raw_crossref\Q06_robotic_water_quality.json,376
10.1007/978-3-030-23335-8_9,Q06,378,19.845873,raw_crossref\Q06_robotic_water_quality.json,377
10.1002/9780470716090.ch7,Q06,379,19.841358,raw_crossref\Q06_robotic_water_quality.json,378
10.1007/978-3-319-17446-4_8,Q06,380,19.838085,raw_crossref\Q06_robotic_water_quality.json,379
10.1002/wrcr.20509,Q06,381,19.837315,raw_crossref\Q06_robotic_water_quality.json,380
10.1002/9780470716090.ch4,Q06,382,19.831758,raw_crossref\Q06_robotic_water_quality.json,381
10.1201/9781003477952-4,Q06,383,19.831419,raw_crossref\Q06_robotic_water_quality.json,382
10.1007/978-3-030-90483-8_5,Q06,384,19.818903,raw_crossref\Q06_robotic_water_quality.json,383
10.56669/usne5924,Q06,385,19.809786,raw_crossref\Q06_robotic_water_quality.json,384
10.1007/978-3-642-37006-9_10,Q06,386,19.809752,raw_crossref\Q06_robotic_water_quality.json,385
10.1007/978-1-4615-4485-2_7,Q06,387,19.808834,raw_crossref\Q06_robotic_water_quality.json,386
10.33795/jartel.v14i2.5284,Q06,388,19.80834,raw_crossref\Q06_robotic_water_quality.json,387
10.30540/sae-2023-006,Q06,389,19.803822,raw_crossref\Q06_robotic_water_quality.json,388
10.1201/9781420037616.ch3,Q06,390,19.794464,raw_crossref\Q06_robotic_water_quality.json,389
10.1111/j.1745-6592.1994.tb00467.x,Q06,391,19.789928,raw_crossref\Q06_robotic_water_quality.json,390
10.1201/9781351076418-2,Q06,392,19.789272,raw_crossref\Q06_robotic_water_quality.json,391
10.1201/9780849333569.ch3,Q06,393,19.781368,raw_crossref\Q06_robotic_water_quality.json,392
10.1201/9781420037616.ch2,Q06,394,19.781368,raw_crossref\Q06_robotic_water_quality.json,393
10.22373/ekw.v11i2.30001,Q06,395,19.779396,raw_crossref\Q06_robotic_water_quality.json,394
10.1002/9780470511121.ch12,Q06,396,19.774246,raw_crossref\Q06_robotic_water_quality.json,395
10.1002/9780470745427.ch6b,Q06,397,19.772293,raw_crossref\Q06_robotic_water_quality.json,396
10.3390/w8060257,Q06,398,19.766697,raw_crossref\Q06_robotic_water_quality.json,397
10.1201/9780849333569.ch2,Q06,399,19.766632,raw_crossref\Q06_robotic_water_quality.json,398
10.1016/j.rineng.2024.103116,Q06,400,19.765747,raw_crossref\Q06_robotic_water_quality.json,399
10.1002/9780470511121.ch19,Q06,401,19.761843,raw_crossref\Q06_robotic_water_quality.json,400
10.1061/(asce)ee.1943-7870.0001472,Q06,402,19.760563,raw_crossref\Q06_robotic_water_quality.json,401
10.21070/ups.1972,Q06,403,19.758873,raw_crossref\Q06_robotic_water_quality.json,402
10.1002/9780470716090.ch13,Q06,404,19.755692,raw_crossref\Q06_robotic_water_quality.json,403
10.1002/cem.70024/v1/decision1,Q06,405,19.747974,raw_crossref\Q06_robotic_water_quality.json,404
10.1002/cem.70024/v2/decision1,Q06,406,19.742622,raw_crossref\Q06_robotic_water_quality.json,405
10.25273/cheesa.v8i2.17424.103-109,Q06,407,19.738012,raw_crossref\Q06_robotic_water_quality.json,406
10.1007/s11270-017-3505-3,Q06,408,19.734512,raw_crossref\Q06_robotic_water_quality.json,407
10.21070/ups.10657,Q06,409,19.729368,raw_crossref\Q06_robotic_water_quality.json,408
10.15294/kemas.v13i1.9077,Q06,410,19.722889,raw_crossref\Q06_robotic_water_quality.json,409
10.3390/w18101219,Q06,411,19.716297,raw_crossref\Q06_robotic_water_quality.json,410
10.20944/preprints201810.0475.v1,Q06,412,19.707195,raw_crossref\Q06_robotic_water_quality.json,411
10.1007/978-3-662-44725-3_2,Q06,413,19.706764,raw_crossref\Q06_robotic_water_quality.json,412
10.1016/j.enmm.2020.100375,Q06,414,19.702013,raw_crossref\Q06_robotic_water_quality.json,413
10.3390/w11112376,Q06,415,19.699913,raw_crossref\Q06_robotic_water_quality.json,414
10.9734/ijecc/2025/v15i54859,Q06,416,19.693588,raw_crossref\Q06_robotic_water_quality.json,415
10.1201/9781315155135-7,Q06,417,19.691065,raw_crossref\Q06_robotic_water_quality.json,416
10.1201/9781439800539-11,Q06,418,19.690514,raw_crossref\Q06_robotic_water_quality.json,417
10.1201/9781439800539-9,Q06,419,19.684544,raw_crossref\Q06_robotic_water_quality.json,418
10.1016/j.agwat.2009.01.011,Q06,420,19.677132,raw_crossref\Q06_robotic_water_quality.json,419
10.2166/aqua.1998.0006,Q06,421,19.671974,raw_crossref\Q06_robotic_water_quality.json,420
10.1109/icccnt56998.2023.10308205,Q06,422,19.671806,raw_crossref\Q06_robotic_water_quality.json,421
10.1080/03680770.1989.11899003,Q06,423,19.640587,raw_crossref\Q06_robotic_water_quality.json,422
10.21275/sr24027114805,Q06,424,19.639011,raw_crossref\Q06_robotic_water_quality.json,423
10.1016/b978-0-12-811330-1.09990-7,Q06,425,19.638973,raw_crossref\Q06_robotic_water_quality.json,424
10.21236/ada568985,Q06,426,19.637594,raw_crossref\Q06_robotic_water_quality.json,425
10.52107/mrc.ajg7te,Q06,427,19.633955,raw_crossref\Q06_robotic_water_quality.json,426
10.1038/s41545-020-0062-x,Q06,428,19.631039,raw_crossref\Q06_robotic_water_quality.json,427
10.1002/9780470511121.ch2,Q06,429,19.62419,raw_crossref\Q06_robotic_water_quality.json,428
10.1002/9780470749685.ins,Q06,430,19.617434,raw_crossref\Q06_robotic_water_quality.json,429
10.1002/9780470749685.fmatter,Q06,431,19.617434,raw_crossref\Q06_robotic_water_quality.json,430
10.1002/9781119775843.ch7,Q06,432,19.616716,raw_crossref\Q06_robotic_water_quality.json,431
10.1007/978-3-032-03049-8_7,Q06,433,19.612957,raw_crossref\Q06_robotic_water_quality.json,432
10.38043/telsinas.v7i2.5615,Q06,434,19.605495,raw_crossref\Q06_robotic_water_quality.json,433
10.52107/mrc.ajg86l,Q06,435,19.603731,raw_crossref\Q06_robotic_water_quality.json,434
10.5962/bhl.title.115523,Q06,436,19.596523,raw_crossref\Q06_robotic_water_quality.json,435
10.3133/wri034166,Q06,437,19.594103,raw_crossref\Q06_robotic_water_quality.json,436
10.1007/978-3-032-03049-8_3,Q06,438,19.591084,raw_crossref\Q06_robotic_water_quality.json,437
10.3133/wri004018,Q06,439,19.590557,raw_crossref\Q06_robotic_water_quality.json,438
10.1002/9780470511121.ch7,Q06,440,19.58591,raw_crossref\Q06_robotic_water_quality.json,439
10.1021/scimeetings.1c00437,Q06,441,19.577759,raw_crossref\Q06_robotic_water_quality.json,440
10.3389/fenvs.2022.986913,Q06,442,19.577393,raw_crossref\Q06_robotic_water_quality.json,441
10.1016/b978-008043340-0/50020-5,Q06,443,19.57547,raw_crossref\Q06_robotic_water_quality.json,442
10.1007/978-3-030-64892-3_11,Q06,444,19.57484,raw_crossref\Q06_robotic_water_quality.json,443
10.5772/65703,Q06,445,19.567554,raw_crossref\Q06_robotic_water_quality.json,444
10.32473/edis-ss538-2010,Q06,446,19.564434,raw_crossref\Q06_robotic_water_quality.json,445
10.1016/j.watres.2019.06.007,Q06,447,19.563046,raw_crossref\Q06_robotic_water_quality.json,446
10.1002/9781119775843.ch11,Q06,448,19.561554,raw_crossref\Q06_robotic_water_quality.json,447
10.1016/b978-0-444-59395-5.00002-9,Q06,449,19.556362,raw_crossref\Q06_robotic_water_quality.json,448
10.1007/s10661-019-7374-7,Q06,450,19.552507,raw_crossref\Q06_robotic_water_quality.json,449
10.1016/s0015-1882(01)80127-0,Q06,451,19.539536,raw_crossref\Q06_robotic_water_quality.json,450
10.3390/w9090704,Q06,452,19.534937,raw_crossref\Q06_robotic_water_quality.json,451
10.1007/bf00475511,Q06,453,19.523746,raw_crossref\Q06_robotic_water_quality.json,452
10.5721/eujrs20134619,Q06,454,19.514591,raw_crossref\Q06_robotic_water_quality.json,453
10.1201/9780203495476.ch7,Q06,455,19.505962,raw_crossref\Q06_robotic_water_quality.json,454
10.1080/07438140609353897,Q06,456,19.485195,raw_crossref\Q06_robotic_water_quality.json,455
10.1002/9780470745427.fmatter,Q06,457,19.474678,raw_crossref\Q06_robotic_water_quality.json,456
10.1201/9781439800539.bmatt,Q06,458,19.468311,raw_crossref\Q06_robotic_water_quality.json,457
10.1201/9781439800539.ch5,Q06,459,19.467258,raw_crossref\Q06_robotic_water_quality.json,458
10.1007/978-3-642-41714-6_230795,Q06,460,19.459496,raw_crossref\Q06_robotic_water_quality.json,459
10.1201/9781439800539.ch1,Q06,461,19.456032,raw_crossref\Q06_robotic_water_quality.json,460
10.34288/jri.v3i4.277,Q06,462,19.453568,raw_crossref\Q06_robotic_water_quality.json,461
10.1002/9780470716090.ch12,Q06,463,19.447433,raw_crossref\Q06_robotic_water_quality.json,462
10.35627/2219-5238/2020-331-10-9-14,Q06,464,19.444584,raw_crossref\Q06_robotic_water_quality.json,463
10.35627/2219-5238/2020-331-10-4-8,Q06,465,19.43846,raw_crossref\Q06_robotic_water_quality.json,464
10.1002/9780470745427.ins,Q06,466,19.43515,raw_crossref\Q06_robotic_water_quality.json,465
10.1351/goldbook.15117,Q06,467,19.430107,raw_crossref\Q06_robotic_water_quality.json,466
10.56669/tigf9499,Q06,468,19.41,raw_crossref\Q06_robotic_water_quality.json,467
10.1016/s0950-3293(02)00070-8,Q06,469,19.39959,raw_crossref\Q06_robotic_water_quality.json,468
10.1201/9781420037616-5,Q06,470,19.396605,raw_crossref\Q06_robotic_water_quality.json,469
10.1136/gutjnl-2019-bsgabstracts.412,Q06,471,19.387722,raw_crossref\Q06_robotic_water_quality.json,470
10.1002/9780470716090.ch14,Q06,472,19.3845,raw_crossref\Q06_robotic_water_quality.json,471
10.1016/j.wsj.2013.12.005,Q06,473,19.37232,raw_crossref\Q06_robotic_water_quality.json,472
10.2175/193864705783813476,Q06,474,19.35736,raw_crossref\Q06_robotic_water_quality.json,473
10.1111/j.1745-6592.1998.tb00614.x,Q06,475,19.348223,raw_crossref\Q06_robotic_water_quality.json,474
10.53325/chde9699,Q06,476,19.340555,raw_crossref\Q06_robotic_water_quality.json,475
10.17765/2176-9168.2023v16n1e10205,Q06,477,19.340363,raw_crossref\Q06_robotic_water_quality.json,476
10.1007/s10661-019-7526-9,Q06,478,19.334364,raw_crossref\Q06_robotic_water_quality.json,477
10.3390/environsciproc2022021063,Q06,479,19.333916,raw_crossref\Q06_robotic_water_quality.json,478
10.1109/jsen.2023.3326550,Q06,480,19.333817,raw_crossref\Q06_robotic_water_quality.json,479
10.1002/9780470511121.ch23,Q06,481,19.325146,raw_crossref\Q06_robotic_water_quality.json,480
10.1680/wama.2010.163.2.89,Q06,482,19.321365,raw_crossref\Q06_robotic_water_quality.json,481
10.36967/2294095,Q06,483,19.319736,raw_crossref\Q06_robotic_water_quality.json,482
10.1002/9781119775843.ch13,Q06,484,19.318048,raw_crossref\Q06_robotic_water_quality.json,483
10.1002/9780470058725.ch3,Q06,485,19.311829,raw_crossref\Q06_robotic_water_quality.json,484
10.2139/ssrn.4524135,Q06,486,19.311657,raw_crossref\Q06_robotic_water_quality.json,485
10.1201/9781351076418-3,Q06,487,19.311657,raw_crossref\Q06_robotic_water_quality.json,486
10.52661/jict.v6i2.344,Q06,488,19.307486,raw_crossref\Q06_robotic_water_quality.json,487
10.1021/scimeetings.0c01560,Q06,489,19.30284,raw_crossref\Q06_robotic_water_quality.json,488
10.1016/j.swaqe.2015.02.001,Q06,490,19.302544,raw_crossref\Q06_robotic_water_quality.json,489
10.18258/23354,Q06,491,19.30126,raw_crossref\Q06_robotic_water_quality.json,490
10.3389/frwa.2022.917595,Q06,492,19.29535,raw_crossref\Q06_robotic_water_quality.json,491
10.5194/egusphere-egu2020-11759,Q06,493,19.293308,raw_crossref\Q06_robotic_water_quality.json,492
10.1007/978-3-642-37006-9_5,Q06,494,19.291904,raw_crossref\Q06_robotic_water_quality.json,493
10.2139/ssrn.3769765,Q06,495,19.291239,raw_crossref\Q06_robotic_water_quality.json,494
10.1002/9780470749685.index,Q06,496,19.290304,raw_crossref\Q06_robotic_water_quality.json,495
10.17077/rep.006573,Q06,497,19.288658,raw_crossref\Q06_robotic_water_quality.json,496
10.1016/b978-008043340-0/50006-0,Q06,498,19.287739,raw_crossref\Q06_robotic_water_quality.json,497
10.21139/wej.2024.020,Q06,499,19.285856,raw_crossref\Q06_robotic_water_quality.json,498
10.1201/9781315137469-62,Q06,500,19.285143,raw_crossref\Q06_robotic_water_quality.json,499
10.23919/acc50511.2021.9482816,Q07,1,45.585186,raw_crossref\Q07_four_wheel_steering.json,0
10.1016/j.ifacol.2025.10.252,Q07,2,43.23964,raw_crossref\Q07_four_wheel_steering.json,1
10.1007/s12555-024-0631-8,Q07,3,42.625908,raw_crossref\Q07_four_wheel_steering.json,2
10.1109/iciea.2016.7603585,Q07,4,41.675262,raw_crossref\Q07_four_wheel_steering.json,3
10.1016/j.ifacol.2016.10.008,Q07,5,40.75833,raw_crossref\Q07_four_wheel_steering.json,4
10.3390/electronics12163511,Q07,6,40.626053,raw_crossref\Q07_four_wheel_steering.json,5
10.1109/aim43001.2020.9158953,Q07,7,39.766754,raw_crossref\Q07_four_wheel_steering.json,6
10.1109/ecmr.2017.8098670,Q07,8,39.731052,raw_crossref\Q07_four_wheel_steering.json,7
10.1109/cacre66141.2025.11119562,Q07,9,38.8464,raw_crossref\Q07_four_wheel_steering.json,8
10.1109/mipro60963.2024.10569207,Q07,10,38.82209,raw_crossref\Q07_four_wheel_steering.json,9
10.20965/ijat.2025.p0521,Q07,11,38.567383,raw_crossref\Q07_four_wheel_steering.json,10
10.1109/cac67268.2025.11487174,Q07,12,38.092674,raw_crossref\Q07_four_wheel_steering.json,11
10.13031/aim.202500598,Q07,13,37.229084,raw_crossref\Q07_four_wheel_steering.json,12
10.3390/agronomy12112655,Q07,14,37.164402,raw_crossref\Q07_four_wheel_steering.json,13
10.1109/ccdc65474.2025.11090895,Q07,15,36.93957,raw_crossref\Q07_four_wheel_steering.json,14
10.3901/jme.2024.10.507,Q07,16,36.53433,raw_crossref\Q07_four_wheel_steering.json,15
10.23919/acc53348.2022.9867549,Q07,17,36.362705,raw_crossref\Q07_four_wheel_steering.json,16
10.3390/s26061761,Q07,18,36.343872,raw_crossref\Q07_four_wheel_steering.json,17
10.2139/ssrn.6998713,Q07,19,36.060585,raw_crossref\Q07_four_wheel_steering.json,18
10.3390/act13020077,Q07,20,36.01251,raw_crossref\Q07_four_wheel_steering.json,19
10.1007/s100100100060,Q07,21,35.626762,raw_crossref\Q07_four_wheel_steering.json,20
10.23919/ccc64809.2025.11179495,Q07,22,35.40653,raw_crossref\Q07_four_wheel_steering.json,21
10.1109/tencon50793.2020.9293858,Q07,23,35.17669,raw_crossref\Q07_four_wheel_steering.json,22
10.1109/iros40897.2019.8967627,Q07,24,35.16661,raw_crossref\Q07_four_wheel_steering.json,23
10.3390/agriengineering4040053,Q07,25,35.10904,raw_crossref\Q07_four_wheel_steering.json,24
10.1109/robio.2009.4913059,Q07,26,34.900433,raw_crossref\Q07_four_wheel_steering.json,25
10.3390/act10120334,Q07,27,34.86373,raw_crossref\Q07_four_wheel_steering.json,26
10.1051/matecconf/202134308003,Q07,28,34.70837,raw_crossref\Q07_four_wheel_steering.json,27
10.23919/chicc.2017.8028131,Q07,29,34.33265,raw_crossref\Q07_four_wheel_steering.json,28
10.4271/12-09-02-0014,Q07,30,34.292065,raw_crossref\Q07_four_wheel_steering.json,29
10.3901/jme.2024.06.306,Q07,31,34.18633,raw_crossref\Q07_four_wheel_steering.json,30
10.3390/electronics9111934,Q07,32,34.0355,raw_crossref\Q07_four_wheel_steering.json,31
10.3182/20130410-3-cn-2034.00092,Q07,33,33.937645,raw_crossref\Q07_four_wheel_steering.json,32
10.1007/978-94-011-4120-8_15,Q07,34,33.80987,raw_crossref\Q07_four_wheel_steering.json,33
10.1109/access.2019.2941914,Q07,35,33.78165,raw_crossref\Q07_four_wheel_steering.json,34
10.61961/injei.v3i1.84,Q07,36,33.658386,raw_crossref\Q07_four_wheel_steering.json,35
10.1109/icra.2014.6907635,Q07,37,33.621864,raw_crossref\Q07_four_wheel_steering.json,36
10.29327/9786527215080.1295033,Q07,38,33.5933,raw_crossref\Q07_four_wheel_steering.json,37
10.21597/jist.515846,Q07,39,33.551483,raw_crossref\Q07_four_wheel_steering.json,38
10.1109/ivs.2015.7225897,Q07,40,33.51801,raw_crossref\Q07_four_wheel_steering.json,39
10.3390/en11112892,Q07,41,33.488262,raw_crossref\Q07_four_wheel_steering.json,40
10.1007/978-3-0348-7268-3_29,Q07,42,33.468254,raw_crossref\Q07_four_wheel_steering.json,41
10.1504/ijbbr.2013.058734,Q07,43,33.33996,raw_crossref\Q07_four_wheel_steering.json,42
10.1109/rcar61438.2024.10671326,Q07,44,33.289364,raw_crossref\Q07_four_wheel_steering.json,43
10.23919/iccas63016.2024.10773179,Q07,45,33.207245,raw_crossref\Q07_four_wheel_steering.json,44
10.1109/70.928568,Q07,46,32.895443,raw_crossref\Q07_four_wheel_steering.json,45
10.1002/zamm.20000801429,Q07,47,32.800392,raw_crossref\Q07_four_wheel_steering.json,46
10.1002/rob.20282,Q07,48,32.800392,raw_crossref\Q07_four_wheel_steering.json,47
10.5302/j.icros.2023.23.0077,Q07,49,32.703705,raw_crossref\Q07_four_wheel_steering.json,48
10.3182/20130828-2-sf-3019.00061,Q07,50,32.692116,raw_crossref\Q07_four_wheel_steering.json,49
10.1109/access.2021.3050722,Q07,51,32.62989,raw_crossref\Q07_four_wheel_steering.json,50
10.18196/jrc.25121,Q07,52,32.6089,raw_crossref\Q07_four_wheel_steering.json,51
10.3390/app12125798,Q07,53,32.58976,raw_crossref\Q07_four_wheel_steering.json,52
10.1109/iccae55086.2022.9762424,Q07,54,32.57846,raw_crossref\Q07_four_wheel_steering.json,53
10.1109/icit.2013.6505649,Q07,55,32.47087,raw_crossref\Q07_four_wheel_steering.json,54
10.1109/cac63892.2024.10865005,Q07,56,32.303047,raw_crossref\Q07_four_wheel_steering.json,55
10.1109/chicc.2016.7554775,Q07,57,32.200653,raw_crossref\Q07_four_wheel_steering.json,56
10.1109/isie.2013.6563667,Q07,58,32.180252,raw_crossref\Q07_four_wheel_steering.json,57
10.1016/s0389-4304(96)80645-x,Q07,59,32.159485,raw_crossref\Q07_four_wheel_steering.json,58
10.1115/imece2022-96192,Q07,60,31.82928,raw_crossref\Q07_four_wheel_steering.json,59
10.3390/act15090471,Q07,61,31.796938,raw_crossref\Q07_four_wheel_steering.json,60
10.23919/ccc64809.2025.11178796,Q07,62,31.736876,raw_crossref\Q07_four_wheel_steering.json,61
10.4028/www.scientific.net/amr.512-515.2657,Q07,63,31.666378,raw_crossref\Q07_four_wheel_steering.json,62
10.1109/tmech.2009.2024938,Q07,64,31.60495,raw_crossref\Q07_four_wheel_steering.json,63
10.1299/jsmermd.2018.2p2-d04,Q07,65,31.377039,raw_crossref\Q07_four_wheel_steering.json,64
10.1017/cbo9780511844577.019,Q07,66,31.334991,raw_crossref\Q07_four_wheel_steering.json,65
10.2139/ssrn.5635642,Q07,67,31.320217,raw_crossref\Q07_four_wheel_steering.json,66
10.1299/jsmermd.2019.2p2-b15,Q07,68,31.294544,raw_crossref\Q07_four_wheel_steering.json,67
10.3390/wevj16030183,Q07,69,31.291807,raw_crossref\Q07_four_wheel_steering.json,68
10.4271/2025-99-0038,Q07,70,31.25521,raw_crossref\Q07_four_wheel_steering.json,69
10.1109/wcica.2011.5970621,Q07,71,31.25521,raw_crossref\Q07_four_wheel_steering.json,70
10.1109/med.2013.6608783,Q07,72,31.246521,raw_crossref\Q07_four_wheel_steering.json,71
10.1109/cac53003.2021.9727382,Q07,73,31.23243,raw_crossref\Q07_four_wheel_steering.json,72
10.1117/12.3117393,Q07,74,31.215424,raw_crossref\Q07_four_wheel_steering.json,73
10.1109/icra.2018.8460598,Q07,75,31.096464,raw_crossref\Q07_four_wheel_steering.json,74
10.3390/act10080184,Q07,76,31.008114,raw_crossref\Q07_four_wheel_steering.json,75
10.1504/ijvd.2025.10072493,Q07,77,30.985546,raw_crossref\Q07_four_wheel_steering.json,76
10.3390/wevj17070335,Q07,78,30.967546,raw_crossref\Q07_four_wheel_steering.json,77
10.1109/ccdc.2010.5498790,Q07,79,30.957155,raw_crossref\Q07_four_wheel_steering.json,78
10.23919/ccc64809.2025.11178892,Q07,80,30.957012,raw_crossref\Q07_four_wheel_steering.json,79
10.1109/access.2022.3190955,Q07,81,30.913263,raw_crossref\Q07_four_wheel_steering.json,80
10.1109/icaace65325.2025.11020176,Q07,82,30.903683,raw_crossref\Q07_four_wheel_steering.json,81
10.23883/ijrter.2018.4386.3thdb,Q07,83,30.812881,raw_crossref\Q07_four_wheel_steering.json,82
10.3390/electronics9050798,Q07,84,30.64904,raw_crossref\Q07_four_wheel_steering.json,83
10.1109/tvt.2024.3524438,Q07,85,30.633278,raw_crossref\Q07_four_wheel_steering.json,84
10.20944/preprints202310.1517.v1,Q07,86,30.616228,raw_crossref\Q07_four_wheel_steering.json,85
10.1109/cvci54083.2021.9661167,Q07,87,30.59412,raw_crossref\Q07_four_wheel_steering.json,86
10.1016/b978-0-12-417049-0.00002-x,Q07,88,30.560322,raw_crossref\Q07_four_wheel_steering.json,87
10.23919/ccc50068.2020.9189047,Q07,89,30.53998,raw_crossref\Q07_four_wheel_steering.json,88
10.7763/ijmmm.2013.v1.77,Q07,90,30.533157,raw_crossref\Q07_four_wheel_steering.json,89
10.23919/icac50006.2021.9594210,Q07,91,30.432304,raw_crossref\Q07_four_wheel_steering.json,90
10.1177/0954407019860614,Q07,92,30.2682,raw_crossref\Q07_four_wheel_steering.json,91
10.1109/vppc.2008.4677428,Q07,93,30.203413,raw_crossref\Q07_four_wheel_steering.json,92
10.3390/machines10080650,Q07,94,30.187119,raw_crossref\Q07_four_wheel_steering.json,93
10.1016/s0389-4304(99)00051-x,Q07,95,30.146112,raw_crossref\Q07_four_wheel_steering.json,94
10.1109/robot.2009.5152442,Q07,96,30.144325,raw_crossref\Q07_four_wheel_steering.json,95
10.1109/cac.2017.8243641,Q07,97,30.140656,raw_crossref\Q07_four_wheel_steering.json,96
10.3390/electronics10222812,Q07,98,30.126266,raw_crossref\Q07_four_wheel_steering.json,97
10.1088/1742-6596/744/1/012222,Q07,99,30.092651,raw_crossref\Q07_four_wheel_steering.json,98
10.1007/s11071-025-11127-x,Q07,100,29.896797,raw_crossref\Q07_four_wheel_steering.json,99
10.1109/itec48692.2020.9161645,Q07,101,29.881243,raw_crossref\Q07_four_wheel_steering.json,100
10.3390/s26134185,Q07,102,29.840065,raw_crossref\Q07_four_wheel_steering.json,101
10.1504/ijvd.2025.151993,Q07,103,29.830254,raw_crossref\Q07_four_wheel_steering.json,102
10.3390/technologies12110218,Q07,104,29.819298,raw_crossref\Q07_four_wheel_steering.json,103
10.3390/agriculture13091758,Q07,105,29.816317,raw_crossref\Q07_four_wheel_steering.json,104
10.3389/frobt.2025.1617376,Q07,106,29.800877,raw_crossref\Q07_four_wheel_steering.json,105
10.1109/rsete.2011.5964882,Q07,107,29.796387,raw_crossref\Q07_four_wheel_steering.json,106
10.23919/chicc.2017.8028849,Q07,108,29.768656,raw_crossref\Q07_four_wheel_steering.json,107
10.2316/j.2021.206-0368,Q07,109,29.763535,raw_crossref\Q07_four_wheel_steering.json,108
10.2139/ssrn.7455505,Q07,110,29.763512,raw_crossref\Q07_four_wheel_steering.json,109
10.1299/jsmermd.2021.1p3-a13,Q07,111,29.67115,raw_crossref\Q07_four_wheel_steering.json,110
10.1049/joe.2018.8956,Q07,112,29.45758,raw_crossref\Q07_four_wheel_steering.json,111
10.1155/2016/7235471,Q07,113,29.451977,raw_crossref\Q07_four_wheel_steering.json,112
10.1109/tmech.2026.3704600,Q07,114,29.436626,raw_crossref\Q07_four_wheel_steering.json,113
10.1016/j.compag.2018.06.036,Q07,115,29.424383,raw_crossref\Q07_four_wheel_steering.json,114
10.1016/b978-0-7506-0477-2.50031-5,Q07,116,29.371586,raw_crossref\Q07_four_wheel_steering.json,115
10.4271/10-10-04-0028,Q07,117,29.346893,raw_crossref\Q07_four_wheel_steering.json,116
10.23919/acc.1991.4791633,Q07,118,29.33514,raw_crossref\Q07_four_wheel_steering.json,117
10.32508/stdj.v13i3.2137,Q07,119,29.262709,raw_crossref\Q07_four_wheel_steering.json,118
10.2139/ssrn.6350964,Q07,120,29.254957,raw_crossref\Q07_four_wheel_steering.json,119
10.1088/1742-6596/2954/1/012057,Q07,121,29.249891,raw_crossref\Q07_four_wheel_steering.json,120
10.14313/jamris_4-2014/34,Q07,122,29.206093,raw_crossref\Q07_four_wheel_steering.json,121
10.1109/icra.2012.6224849,Q07,123,29.162725,raw_crossref\Q07_four_wheel_steering.json,122
10.3901/jme.260288,Q07,124,29.133774,raw_crossref\Q07_four_wheel_steering.json,123
10.1109/cac.2017.8243630,Q07,125,29.1019,raw_crossref\Q07_four_wheel_steering.json,124
10.1115/1.4069172,Q07,126,29.074368,raw_crossref\Q07_four_wheel_steering.json,125
10.1016/j.neucom.2026.133649,Q07,127,29.070005,raw_crossref\Q07_four_wheel_steering.json,126
10.33379/metrotech.v2i3.3349,Q07,128,29.014675,raw_crossref\Q07_four_wheel_steering.json,127
10.1007/s10846-005-3805-z,Q07,129,28.943855,raw_crossref\Q07_four_wheel_steering.json,128
10.1109/icarce59252.2024.10492540,Q07,130,28.89422,raw_crossref\Q07_four_wheel_steering.json,129
10.7736/jkspe.024.106,Q07,131,28.872017,raw_crossref\Q07_four_wheel_steering.json,130
10.51202/9783181023006-461,Q07,132,28.870789,raw_crossref\Q07_four_wheel_steering.json,131
10.4028/www.scientific.net/amr.512-515.2583,Q07,133,28.815025,raw_crossref\Q07_four_wheel_steering.json,132
10.3390/wevj17070330,Q07,134,28.796547,raw_crossref\Q07_four_wheel_steering.json,133
10.1109/epepemc.2010.5606853,Q07,135,28.791859,raw_crossref\Q07_four_wheel_steering.json,134
10.1109/icma.2010.5589116,Q07,136,28.789238,raw_crossref\Q07_four_wheel_steering.json,135
10.1109/isitia.2018.8710761,Q07,137,28.785036,raw_crossref\Q07_four_wheel_steering.json,136
10.21203/rs.3.rs-2797150/v1,Q07,138,28.77702,raw_crossref\Q07_four_wheel_steering.json,137
10.24874/mvm.2024.50.02.04,Q07,139,28.73153,raw_crossref\Q07_four_wheel_steering.json,138
10.1109/anzcc47194.2019.8945786,Q07,140,28.730284,raw_crossref\Q07_four_wheel_steering.json,139
10.55302/mesj23411665071ch,Q07,141,28.705784,raw_crossref\Q07_four_wheel_steering.json,140
10.1109/isdea.2015.85,Q07,142,28.70052,raw_crossref\Q07_four_wheel_steering.json,141
10.12783/dtcse/msota2018/27483,Q07,143,28.69764,raw_crossref\Q07_four_wheel_steering.json,142
10.1016/j.autcon.2019.03.017,Q07,144,28.687305,raw_crossref\Q07_four_wheel_steering.json,143
10.1109/tii.2018.2869573,Q07,145,28.634403,raw_crossref\Q07_four_wheel_steering.json,144
10.1201/9781420059106-7,Q07,146,28.495947,raw_crossref\Q07_four_wheel_steering.json,145
10.1177/0954407020938490,Q07,147,28.491512,raw_crossref\Q07_four_wheel_steering.json,146
10.3390/math11214535,Q07,148,28.477947,raw_crossref\Q07_four_wheel_steering.json,147
10.65161/recwj68gccjuwitfr,Q07,149,28.451935,raw_crossref\Q07_four_wheel_steering.json,148
10.1109/cac51589.2020.9326787,Q07,150,28.450323,raw_crossref\Q07_four_wheel_steering.json,149
10.3390/electronics13040748,Q07,151,28.448818,raw_crossref\Q07_four_wheel_steering.json,150
10.23919/chicc.2018.8483388,Q07,152,28.416235,raw_crossref\Q07_four_wheel_steering.json,151
10.1109/icarcv.2010.5707942,Q07,153,28.407158,raw_crossref\Q07_four_wheel_steering.json,152
10.1109/amc.2014.6823310,Q07,154,28.406807,raw_crossref\Q07_four_wheel_steering.json,153
10.1109/iecon.2018.8591379,Q07,155,28.395763,raw_crossref\Q07_four_wheel_steering.json,154
10.1109/sgre53517.2022.9774268,Q07,156,28.3901,raw_crossref\Q07_four_wheel_steering.json,155
10.1109/iros.2009.5354823,Q07,157,28.3839,raw_crossref\Q07_four_wheel_steering.json,156
10.1007/978-3-032-18159-6_23,Q07,158,28.382584,raw_crossref\Q07_four_wheel_steering.json,157
10.1016/b978-008043339-4/50055-9,Q07,159,28.360634,raw_crossref\Q07_four_wheel_steering.json,158
10.7467/ksae.2026.34.7.751,Q07,160,28.309378,raw_crossref\Q07_four_wheel_steering.json,159
10.5220/0012280200003807,Q07,161,28.30503,raw_crossref\Q07_four_wheel_steering.json,160
10.1109/icca.2011.6138055,Q07,162,28.243969,raw_crossref\Q07_four_wheel_steering.json,161
10.1109/icinfa.2015.7279664,Q07,163,28.219254,raw_crossref\Q07_four_wheel_steering.json,162
10.1080/00423119208969430,Q07,164,28.184404,raw_crossref\Q07_four_wheel_steering.json,163
10.1109/cvci66304.2025.11348496,Q07,165,28.130486,raw_crossref\Q07_four_wheel_steering.json,164
10.37394/23202.2023.22.61,Q07,166,28.088581,raw_crossref\Q07_four_wheel_steering.json,165
10.4271/2019-01-0459,Q07,167,28.081623,raw_crossref\Q07_four_wheel_steering.json,166
10.3390/en11020350,Q07,168,28.062922,raw_crossref\Q07_four_wheel_steering.json,167
10.1080/00423114.2024.2398744,Q07,169,28.057276,raw_crossref\Q07_four_wheel_steering.json,168
10.1109/cvci63518.2024.10830144,Q07,170,28.032671,raw_crossref\Q07_four_wheel_steering.json,169
10.1080/00423114.2026.2702592,Q07,171,28.032671,raw_crossref\Q07_four_wheel_steering.json,170
10.1007/s11071-023-08926-5,Q07,172,28.027145,raw_crossref\Q07_four_wheel_steering.json,171
10.1109/access.2025.3564439,Q07,173,27.984919,raw_crossref\Q07_four_wheel_steering.json,172
10.1504/ijvd.2014.063831,Q07,174,27.984919,raw_crossref\Q07_four_wheel_steering.json,173
10.12983/ijsrk-2016-p0040-0055,Q07,175,27.924335,raw_crossref\Q07_four_wheel_steering.json,174
10.1007/978-981-10-8506-2_30,Q07,176,27.853642,raw_crossref\Q07_four_wheel_steering.json,175
10.1016/j.isatra.2025.07.025,Q07,177,27.804993,raw_crossref\Q07_four_wheel_steering.json,176
10.3390/wevj15060249,Q07,178,27.786041,raw_crossref\Q07_four_wheel_steering.json,177
10.1109/iceace63551.2024.10898498,Q07,179,27.77157,raw_crossref\Q07_four_wheel_steering.json,178
10.1051/e3sconf/202124802041,Q07,180,27.76177,raw_crossref\Q07_four_wheel_steering.json,179
10.3390/electronics11152453,Q07,181,27.75,raw_crossref\Q07_four_wheel_steering.json,180
10.1007/978-1-4020-2249-4_3,Q07,182,27.733322,raw_crossref\Q07_four_wheel_steering.json,181
10.1007/978-3-319-45450-4_25,Q07,183,27.707415,raw_crossref\Q07_four_wheel_steering.json,182
10.1109/access.2017.2754647,Q07,184,27.706999,raw_crossref\Q07_four_wheel_steering.json,183
10.1109/icacci.2015.7275585,Q07,185,27.688437,raw_crossref\Q07_four_wheel_steering.json,184
10.51584/ijrias.2025.10100000150,Q07,186,27.646296,raw_crossref\Q07_four_wheel_steering.json,185
10.3724/sp.j.1004.2011.00471,Q07,187,27.614594,raw_crossref\Q07_four_wheel_steering.json,186
10.51542/ijscia.v4i2.18,Q07,188,27.61216,raw_crossref\Q07_four_wheel_steering.json,187
10.23919/ecc.2001.7076081,Q07,189,27.56841,raw_crossref\Q07_four_wheel_steering.json,188
10.1201/9781420059106.ch7,Q07,190,27.512486,raw_crossref\Q07_four_wheel_steering.json,189
10.1002/cpe.6145,Q07,191,27.510021,raw_crossref\Q07_four_wheel_steering.json,190
10.13052/rp-9788770042222c24,Q07,192,27.477047,raw_crossref\Q07_four_wheel_steering.json,191
10.1007/s10010-014-0172-z,Q07,193,27.466768,raw_crossref\Q07_four_wheel_steering.json,192
10.3390/electronics15112441,Q07,194,27.433693,raw_crossref\Q07_four_wheel_steering.json,193
10.1177/1687814015618632,Q07,195,27.425205,raw_crossref\Q07_four_wheel_steering.json,194
10.1109/tie.2026.3675211,Q07,196,27.420189,raw_crossref\Q07_four_wheel_steering.json,195
10.1007/s12239-017-0078-5,Q07,197,27.420189,raw_crossref\Q07_four_wheel_steering.json,196
10.1007/979-8-8688-0793-0_5,Q07,198,27.403666,raw_crossref\Q07_four_wheel_steering.json,197
10.4271/2024-01-2321,Q07,199,27.400993,raw_crossref\Q07_four_wheel_steering.json,198
10.1063/5.0035180,Q07,200,27.391113,raw_crossref\Q07_four_wheel_steering.json,199
10.1007/s12239-019-0008-9,Q07,201,27.391113,raw_crossref\Q07_four_wheel_steering.json,200
10.1109/jiot.2025.3587737,Q07,202,27.391113,raw_crossref\Q07_four_wheel_steering.json,201
10.3233/jifs-169178,Q07,203,27.387295,raw_crossref\Q07_four_wheel_steering.json,202
10.2514/6.2013-4769,Q07,204,27.383913,raw_crossref\Q07_four_wheel_steering.json,203
10.1109/lra.2023.3291916,Q07,205,27.34323,raw_crossref\Q07_four_wheel_steering.json,204
10.1109/icma.2007.4303745,Q07,206,27.308353,raw_crossref\Q07_four_wheel_steering.json,205
10.1109/summa53307.2021.9632085,Q07,207,27.271416,raw_crossref\Q07_four_wheel_steering.json,206
10.1109/icras65818.2025.11108938,Q07,208,27.258465,raw_crossref\Q07_four_wheel_steering.json,207
10.1002/eej.20160,Q07,209,27.1867,raw_crossref\Q07_four_wheel_steering.json,208
10.31224/3021,Q07,210,27.172573,raw_crossref\Q07_four_wheel_steering.json,209
10.1109/icie.2010.203,Q07,211,27.074778,raw_crossref\Q07_four_wheel_steering.json,210
10.1109/rctfc.2016.7893412,Q07,212,27.053623,raw_crossref\Q07_four_wheel_steering.json,211
10.24425/bpasts.2021.139205,Q07,213,27.046448,raw_crossref\Q07_four_wheel_steering.json,212
10.1109/rcar47638.2019.9044114,Q07,214,26.989712,raw_crossref\Q07_four_wheel_steering.json,213
10.1007/978-981-13-6508-9_64,Q07,215,26.964245,raw_crossref\Q07_four_wheel_steering.json,214
10.3182/20070820-3-us-2918.00045,Q07,216,26.954277,raw_crossref\Q07_four_wheel_steering.json,215
10.1109/tmech.2026.3697573,Q07,217,26.953413,raw_crossref\Q07_four_wheel_steering.json,216
10.1080/00423110500385790,Q07,218,26.884626,raw_crossref\Q07_four_wheel_steering.json,217
10.1109/cvci59596.2023.10397240,Q07,219,26.880178,raw_crossref\Q07_four_wheel_steering.json,218
10.23919/acc.1992.4792008,Q07,220,26.868856,raw_crossref\Q07_four_wheel_steering.json,219
10.1177/1687814017698877,Q07,221,26.814917,raw_crossref\Q07_four_wheel_steering.json,220
10.1007/978-981-13-9718-9_24,Q07,222,26.806808,raw_crossref\Q07_four_wheel_steering.json,221
10.1109/tte.2023.3289140,Q07,223,26.792557,raw_crossref\Q07_four_wheel_steering.json,222
10.1201/9781003481669-5,Q07,224,26.784523,raw_crossref\Q07_four_wheel_steering.json,223
10.1109/cca.2011.6044375,Q07,225,26.752983,raw_crossref\Q07_four_wheel_steering.json,224
10.1109/icarcv.2008.4795549,Q07,226,26.724205,raw_crossref\Q07_four_wheel_steering.json,225
10.1109/aiea66061.2025.11160537,Q07,227,26.718128,raw_crossref\Q07_four_wheel_steering.json,226
10.1177/0954406217723363,Q07,228,26.694466,raw_crossref\Q07_four_wheel_steering.json,227
10.1109/robio.2010.5723352,Q07,229,26.692799,raw_crossref\Q07_four_wheel_steering.json,228
10.1109/robio.2009.4913302,Q07,230,26.692799,raw_crossref\Q07_four_wheel_steering.json,229
10.1109/icdma.2011.203,Q07,231,26.68455,raw_crossref\Q07_four_wheel_steering.json,230
10.1115/1.2897361,Q07,232,26.67698,raw_crossref\Q07_four_wheel_steering.json,231
10.1109/access.2019.2949746,Q07,233,26.66644,raw_crossref\Q07_four_wheel_steering.json,232
10.3390/act14120597,Q07,234,26.532227,raw_crossref\Q07_four_wheel_steering.json,233
10.2139/ssrn.6993261,Q07,235,26.49139,raw_crossref\Q07_four_wheel_steering.json,234
10.3390/vehicles8080175,Q07,236,26.479208,raw_crossref\Q07_four_wheel_steering.json,235
10.1109/icecet65726.2026.11633169,Q07,237,26.459791,raw_crossref\Q07_four_wheel_steering.json,236
10.3390/agriculture14122238,Q07,238,26.365482,raw_crossref\Q07_four_wheel_steering.json,237
10.34010/telekontran.v3i2.1882,Q07,239,26.357584,raw_crossref\Q07_four_wheel_steering.json,238
10.1299/jsmermd.2011._1p1-l01_1,Q07,240,26.31718,raw_crossref\Q07_four_wheel_steering.json,239
10.1109/tvt.2018.2872857,Q07,241,26.303946,raw_crossref\Q07_four_wheel_steering.json,240
10.1007/978-981-15-7945-5_24,Q07,242,26.2958,raw_crossref\Q07_four_wheel_steering.json,241
10.1109/tie.2025.3585048,Q07,243,26.288715,raw_crossref\Q07_four_wheel_steering.json,242
10.1299/jsmermd.2008._2p2-c21_1,Q07,244,26.27668,raw_crossref\Q07_four_wheel_steering.json,243
10.1088/1742-6596/1545/1/012010,Q07,245,26.260391,raw_crossref\Q07_four_wheel_steering.json,244
10.1504/ijvsmt.2018.094585,Q07,246,26.25378,raw_crossref\Q07_four_wheel_steering.json,245
10.1504/ijvd.2021.122697,Q07,247,26.229042,raw_crossref\Q07_four_wheel_steering.json,246
10.4271/2025-01-5063,Q07,248,26.228558,raw_crossref\Q07_four_wheel_steering.json,247
10.1186/s10033-025-01232-8,Q07,249,26.225096,raw_crossref\Q07_four_wheel_steering.json,248
10.1109/iros.2008.4650645,Q07,250,26.207432,raw_crossref\Q07_four_wheel_steering.json,249
10.1016/j.rineng.2026.112281,Q07,251,26.185457,raw_crossref\Q07_four_wheel_steering.json,250
10.4028/www.scientific.net/amr.308-310.767,Q07,252,26.171024,raw_crossref\Q07_four_wheel_steering.json,251
10.4028/www.scientific.net/amr.690-693.2796,Q07,253,26.171024,raw_crossref\Q07_four_wheel_steering.json,252
10.1007/s12239-023-0068-8,Q07,254,26.160126,raw_crossref\Q07_four_wheel_steering.json,253
10.1007/978-94-009-1718-7_31,Q07,255,26.156044,raw_crossref\Q07_four_wheel_steering.json,254
10.4271/2018-01-1593,Q07,256,26.131893,raw_crossref\Q07_four_wheel_steering.json,255
10.1109/cac67268.2025.11486952,Q07,257,26.110107,raw_crossref\Q07_four_wheel_steering.json,256
10.1080/00423110701214450,Q07,258,26.108585,raw_crossref\Q07_four_wheel_steering.json,257
10.1080/00423119708969560,Q07,259,26.102623,raw_crossref\Q07_four_wheel_steering.json,258
10.1007/978-1-4020-8600-7_17,Q07,260,26.075083,raw_crossref\Q07_four_wheel_steering.json,259
10.1016/j.robot.2005.10.001,Q07,261,26.05798,raw_crossref\Q07_four_wheel_steering.json,260
10.1109/icca.2007.4376700,Q07,262,26.038893,raw_crossref\Q07_four_wheel_steering.json,261
10.3724/sp.j.1218.2012.00144,Q07,263,26.00932,raw_crossref\Q07_four_wheel_steering.json,262
10.1109/icinfa.2009.5205043,Q07,264,25.999176,raw_crossref\Q07_four_wheel_steering.json,263
10.3724/sp.j.1218.2013.00449,Q07,265,25.962772,raw_crossref\Q07_four_wheel_steering.json,264
10.1007/s10462-024-10804-4,Q07,266,25.960579,raw_crossref\Q07_four_wheel_steering.json,265
10.1088/1757-899x/514/1/012019,Q07,267,25.9502,raw_crossref\Q07_four_wheel_steering.json,266
10.1109/indin58382.2024.10774283,Q07,268,25.917484,raw_crossref\Q07_four_wheel_steering.json,267
10.1142/9789814329927_0102,Q07,269,25.886257,raw_crossref\Q07_four_wheel_steering.json,268
10.1109/tase.2025.3621216,Q07,270,25.88491,raw_crossref\Q07_four_wheel_steering.json,269
10.1007/978-1-4020-2249-4_50,Q07,271,25.810104,raw_crossref\Q07_four_wheel_steering.json,270
10.3390/en11112930,Q07,272,25.806126,raw_crossref\Q07_four_wheel_steering.json,271
10.1016/j.ifacol.2019.09.073,Q07,273,25.793123,raw_crossref\Q07_four_wheel_steering.json,272
10.3901/jme.2018.07.011,Q07,274,25.78065,raw_crossref\Q07_four_wheel_steering.json,273
10.1109/issi.2018.8538155,Q07,275,25.765696,raw_crossref\Q07_four_wheel_steering.json,274
10.1109/icamechs.2017.8316551,Q07,276,25.756279,raw_crossref\Q07_four_wheel_steering.json,275
10.3390/act11020061,Q07,277,25.730356,raw_crossref\Q07_four_wheel_steering.json,276
10.1109/icca.2010.5524422,Q07,278,25.724785,raw_crossref\Q07_four_wheel_steering.json,277
10.1088/2631-8695/ae9126,Q07,279,25.701132,raw_crossref\Q07_four_wheel_steering.json,278
10.1109/tie.2026.3672848,Q07,280,25.697165,raw_crossref\Q07_four_wheel_steering.json,279
10.4271/2017-01-1584,Q07,281,25.690392,raw_crossref\Q07_four_wheel_steering.json,280
10.1109/iros60139.2025.11246015,Q07,282,25.688343,raw_crossref\Q07_four_wheel_steering.json,281
10.1109/icra46639.2022.9812445,Q07,283,25.684765,raw_crossref\Q07_four_wheel_steering.json,282
10.1016/0967-0661(94)90354-9,Q07,284,25.675262,raw_crossref\Q07_four_wheel_steering.json,283
10.1016/j.mechmachtheory.2021.104634,Q07,285,25.669907,raw_crossref\Q07_four_wheel_steering.json,284
10.1109/tits.2024.3432885,Q07,286,25.665876,raw_crossref\Q07_four_wheel_steering.json,285
10.7790/vte-j.v1i1.5,Q07,287,25.6431,raw_crossref\Q07_four_wheel_steering.json,286
10.1007/978-3-319-05449-0_4,Q07,288,25.63999,raw_crossref\Q07_four_wheel_steering.json,287
10.4271/901731,Q07,289,25.624426,raw_crossref\Q07_four_wheel_steering.json,288
10.1007/978-3-319-05449-0_9,Q07,290,25.610548,raw_crossref\Q07_four_wheel_steering.json,289
10.1504/ijvd.2015.073131,Q07,291,25.603622,raw_crossref\Q07_four_wheel_steering.json,290
10.23919/acc.1990.4791051,Q07,292,25.595497,raw_crossref\Q07_four_wheel_steering.json,291
10.18178/ijmerr.13.5.509-515,Q07,293,25.585625,raw_crossref\Q07_four_wheel_steering.json,292
10.1108/ir-02-2013-330,Q07,294,25.582417,raw_crossref\Q07_four_wheel_steering.json,293
10.1007/978-94-007-4620-6_19,Q07,295,25.580872,raw_crossref\Q07_four_wheel_steering.json,294
10.1109/robothia68364.2026.11506972,Q07,296,25.57845,raw_crossref\Q07_four_wheel_steering.json,295
10.1007/978-3-658-05978-1_8,Q07,297,25.564808,raw_crossref\Q07_four_wheel_steering.json,296
10.1109/ddcls52934.2021.9455633,Q07,298,25.543766,raw_crossref\Q07_four_wheel_steering.json,297
10.1299/jsmermd.2022.2a2-f05,Q07,299,25.511549,raw_crossref\Q07_four_wheel_steering.json,298
10.1016/j.cja.2018.09.002,Q07,300,25.485527,raw_crossref\Q07_four_wheel_steering.json,299
10.1007/978-3-319-10990-9_19,Q07,301,25.474253,raw_crossref\Q07_four_wheel_steering.json,300
10.1007/s12555-017-0509-0,Q07,302,25.462254,raw_crossref\Q07_four_wheel_steering.json,301
10.1109/icmech.2006.252576,Q07,303,25.459127,raw_crossref\Q07_four_wheel_steering.json,302
10.21203/rs.3.rs-1407088/v1,Q07,304,25.457531,raw_crossref\Q07_four_wheel_steering.json,303
10.1007/978-94-011-1814-9_4,Q07,305,25.457531,raw_crossref\Q07_four_wheel_steering.json,304
10.47893/ijarme.2013.1089,Q07,306,25.457531,raw_crossref\Q07_four_wheel_steering.json,305
10.1016/s0003-6870(02)00076-5,Q07,307,25.452364,raw_crossref\Q07_four_wheel_steering.json,306
10.1016/j.compag.2022.107410,Q07,308,25.440487,raw_crossref\Q07_four_wheel_steering.json,307
10.1115/imece2009-11407,Q07,309,25.432964,raw_crossref\Q07_four_wheel_steering.json,308
10.1109/icara.2015.7081120,Q07,310,25.430597,raw_crossref\Q07_four_wheel_steering.json,309
10.1109/icmcr64890.2025.10962986,Q07,311,25.422781,raw_crossref\Q07_four_wheel_steering.json,310
10.2139/ssrn.5616111,Q07,312,25.420475,raw_crossref\Q07_four_wheel_steering.json,311
10.1016/j.biosystemseng.2003.10.009,Q07,313,25.418213,raw_crossref\Q07_four_wheel_steering.json,312
10.3390/engproc2025120058,Q07,314,25.391186,raw_crossref\Q07_four_wheel_steering.json,313
10.21203/rs.3.rs-830930/v1,Q07,315,25.381062,raw_crossref\Q07_four_wheel_steering.json,314
10.3390/app15010485,Q07,316,25.343481,raw_crossref\Q07_four_wheel_steering.json,315
10.1504/ijvas.2007.014929,Q07,317,25.338959,raw_crossref\Q07_four_wheel_steering.json,316
10.4271/950316,Q07,318,25.3367,raw_crossref\Q07_four_wheel_steering.json,317
10.1063/5.0158869,Q07,319,25.315298,raw_crossref\Q07_four_wheel_steering.json,318
10.1115/1.2899265,Q07,320,25.288073,raw_crossref\Q07_four_wheel_steering.json,319
10.1007/s12555-015-0216-7,Q07,321,25.22077,raw_crossref\Q07_four_wheel_steering.json,320
10.1177/1687814016651556,Q07,322,25.214975,raw_crossref\Q07_four_wheel_steering.json,321
10.5755/j01.eie.22.5.16337,Q07,323,25.212446,raw_crossref\Q07_four_wheel_steering.json,322
10.1007/978-1-4020-2249-4_49,Q07,324,25.15797,raw_crossref\Q07_four_wheel_steering.json,323
10.23919/iccas59377.2023.10316779,Q07,325,25.14685,raw_crossref\Q07_four_wheel_steering.json,324
10.1080/1448837x.2012.11464329,Q07,326,25.140272,raw_crossref\Q07_four_wheel_steering.json,325
10.1109/yac.2017.7967443,Q07,327,25.139116,raw_crossref\Q07_four_wheel_steering.json,326
10.1016/j.engappai.2026.113774,Q07,328,25.1371,raw_crossref\Q07_four_wheel_steering.json,327
10.1109/iccas.2015.7364622,Q07,329,25.13639,raw_crossref\Q07_four_wheel_steering.json,328
10.5772/9279,Q07,330,25.12683,raw_crossref\Q07_four_wheel_steering.json,329
10.3901/jme.2002.03.054,Q07,331,25.12046,raw_crossref\Q07_four_wheel_steering.json,330
10.4271/942310,Q07,332,25.12046,raw_crossref\Q07_four_wheel_steering.json,331
10.1007/978-94-017-0657-5_50,Q07,333,25.116304,raw_crossref\Q07_four_wheel_steering.json,332
10.1080/10447318.2022.2144825,Q07,334,25.11127,raw_crossref\Q07_four_wheel_steering.json,333
10.1109/tte.2026.3714340,Q07,335,25.110672,raw_crossref\Q07_four_wheel_steering.json,334
10.1016/j.ifacol.2016.08.063,Q07,336,25.10453,raw_crossref\Q07_four_wheel_steering.json,335
10.3390/wevj16120673,Q07,337,25.097734,raw_crossref\Q07_four_wheel_steering.json,336
10.1109/fuzzy.2007.4295650,Q07,338,25.097176,raw_crossref\Q07_four_wheel_steering.json,337
10.1504/ijvd.2000.005197,Q07,339,25.079702,raw_crossref\Q07_four_wheel_steering.json,338
10.32920/ryerson.14668371.v1,Q07,340,25.07454,raw_crossref\Q07_four_wheel_steering.json,339
10.1145/3324033.3324036,Q07,341,25.070301,raw_crossref\Q07_four_wheel_steering.json,340
10.1016/s1474-6670(17)48671-x,Q07,342,25.069427,raw_crossref\Q07_four_wheel_steering.json,341
10.1088/1757-899x/469/1/012084,Q07,343,25.068031,raw_crossref\Q07_four_wheel_steering.json,342
10.4028/www.scientific.net/amm.141.534,Q07,344,25.0614,raw_crossref\Q07_four_wheel_steering.json,343
10.1109/sce.2011.6092128,Q07,345,25.060326,raw_crossref\Q07_four_wheel_steering.json,344
10.3182/20130327-3-jp-3017.00030,Q07,346,25.044373,raw_crossref\Q07_four_wheel_steering.json,345
10.1109/sice.2007.4421185,Q07,347,25.04083,raw_crossref\Q07_four_wheel_steering.json,346
10.32920/ryerson.14668371,Q07,348,25.031363,raw_crossref\Q07_four_wheel_steering.json,347
10.1051/matecconf/201822505016,Q07,349,25.019695,raw_crossref\Q07_four_wheel_steering.json,348
10.1109/access.2020.3017759,Q07,350,24.998688,raw_crossref\Q07_four_wheel_steering.json,349
10.1007/s100100100061,Q07,351,24.99675,raw_crossref\Q07_four_wheel_steering.json,350
10.1109/ivs.2009.5164361,Q07,352,24.99675,raw_crossref\Q07_four_wheel_steering.json,351
10.1109/tvt.2020.3020154,Q07,353,24.99466,raw_crossref\Q07_four_wheel_steering.json,352
10.1109/pc52310.2021.9447489,Q07,354,24.993298,raw_crossref\Q07_four_wheel_steering.json,353
10.24113/ijoscience.v3i7.28,Q07,355,24.993298,raw_crossref\Q07_four_wheel_steering.json,354
10.1115/1.4065093,Q07,356,24.971073,raw_crossref\Q07_four_wheel_steering.json,355
10.1109/iemdc.2007.383699,Q07,357,24.925657,raw_crossref\Q07_four_wheel_steering.json,356
10.1109/icces45898.2019.9002323,Q07,358,24.888634,raw_crossref\Q07_four_wheel_steering.json,357
10.1142/9789812835772_0124,Q07,359,24.883074,raw_crossref\Q07_four_wheel_steering.json,358
10.1115/imece2009-12063,Q07,360,24.88122,raw_crossref\Q07_four_wheel_steering.json,359
10.35694/yarcx.2024.65.1.018,Q07,361,24.861168,raw_crossref\Q07_four_wheel_steering.json,360
10.1109/imcec.2018.8469613,Q07,362,24.85718,raw_crossref\Q07_four_wheel_steering.json,361
10.23919/iccas47443.2019.8971632,Q07,363,24.845577,raw_crossref\Q07_four_wheel_steering.json,362
10.1016/j.conengprac.2024.106076,Q07,364,24.839561,raw_crossref\Q07_four_wheel_steering.json,363
10.1371/journal.pone.0285485,Q07,365,24.779482,raw_crossref\Q07_four_wheel_steering.json,364
10.1017/9781108525404.006,Q07,366,24.777885,raw_crossref\Q07_four_wheel_steering.json,365
10.1080/00423119308969039,Q07,367,24.764273,raw_crossref\Q07_four_wheel_steering.json,366
10.1080/00423119508969112,Q07,368,24.764273,raw_crossref\Q07_four_wheel_steering.json,367
10.1016/0389-4304(94)90006-x,Q07,369,24.75461,raw_crossref\Q07_four_wheel_steering.json,368
10.4271/2004-01-1066,Q07,370,24.734035,raw_crossref\Q07_four_wheel_steering.json,369
10.55092/rl20250007,Q07,371,24.731628,raw_crossref\Q07_four_wheel_steering.json,370
10.23919/acc.1990.4790842,Q07,372,24.714514,raw_crossref\Q07_four_wheel_steering.json,371
10.1016/j.ifacol.2020.12.2573,Q07,373,24.70956,raw_crossref\Q07_four_wheel_steering.json,372
10.1109/ivs.2018.8500415,Q07,374,24.704838,raw_crossref\Q07_four_wheel_steering.json,373
10.1007/978-3-319-69814-4_67,Q07,375,24.698784,raw_crossref\Q07_four_wheel_steering.json,374
10.33795/elkolind.v11i3.5500,Q07,376,24.692026,raw_crossref\Q07_four_wheel_steering.json,375
10.1109/icma.2017.8015996,Q07,377,24.676497,raw_crossref\Q07_four_wheel_steering.json,376
10.1080/00423119308969536,Q07,378,24.670177,raw_crossref\Q07_four_wheel_steering.json,377
10.23919/ccc58697.2023.10240539,Q07,379,24.66757,raw_crossref\Q07_four_wheel_steering.json,378
10.1142/9789814623353_0019,Q07,380,24.662483,raw_crossref\Q07_four_wheel_steering.json,379
10.1166/jctn.2016.5830,Q07,381,24.649227,raw_crossref\Q07_four_wheel_steering.json,380
10.1088/1757-899x/359/1/012004,Q07,382,24.64206,raw_crossref\Q07_four_wheel_steering.json,381
10.1109/tvt.2024.3473305,Q07,383,24.64206,raw_crossref\Q07_four_wheel_steering.json,382
10.1109/tits.2025.3571002,Q07,384,24.641674,raw_crossref\Q07_four_wheel_steering.json,383
10.1088/1361-6501/ac17fb,Q07,385,24.632,raw_crossref\Q07_four_wheel_steering.json,384
10.1109/icit.2008.4608708,Q07,386,24.63108,raw_crossref\Q07_four_wheel_steering.json,385
10.1109/iros.2006.282358,Q07,387,24.613392,raw_crossref\Q07_four_wheel_steering.json,386
10.1002/rnc.70611,Q07,388,24.598808,raw_crossref\Q07_four_wheel_steering.json,387
10.1109/icras55217.2022.9842245,Q07,389,24.582277,raw_crossref\Q07_four_wheel_steering.json,388
10.1016/j.jsv.2024.118781,Q07,390,24.566252,raw_crossref\Q07_four_wheel_steering.json,389
10.1007/978-94-007-4620-6_54,Q07,391,24.56398,raw_crossref\Q07_four_wheel_steering.json,390
10.23919/iccas55662.2022.10003946,Q07,392,24.522686,raw_crossref\Q07_four_wheel_steering.json,391
10.1007/978-3-319-05449-0_17,Q07,393,24.499216,raw_crossref\Q07_four_wheel_steering.json,392
10.1109/iecon.2006.347806,Q07,394,24.490177,raw_crossref\Q07_four_wheel_steering.json,393
10.1115/dscc2012-movic2012-8603,Q07,395,24.481342,raw_crossref\Q07_four_wheel_steering.json,394
10.3182/20020721-6-es-1901.01532,Q07,396,24.471508,raw_crossref\Q07_four_wheel_steering.json,395
10.4271/931915,Q07,397,24.46605,raw_crossref\Q07_four_wheel_steering.json,396
10.3390/machines11110996,Q07,398,24.462233,raw_crossref\Q07_four_wheel_steering.json,397
10.1109/cisp.2010.5647395,Q07,399,24.446411,raw_crossref\Q07_four_wheel_steering.json,398
10.1109/icca.2010.5524179,Q07,400,24.432781,raw_crossref\Q07_four_wheel_steering.json,399
10.1109/fskd.2010.5569185,Q07,401,24.430176,raw_crossref\Q07_four_wheel_steering.json,400
10.4271/2013-01-2373,Q07,402,24.420805,raw_crossref\Q07_four_wheel_steering.json,401
10.2514/6.1992-2481,Q07,403,24.41933,raw_crossref\Q07_four_wheel_steering.json,402
10.1007/978-90-481-3293-5_39,Q07,404,24.41933,raw_crossref\Q07_four_wheel_steering.json,403
10.3901/jme.2005.10.221,Q07,405,24.41348,raw_crossref\Q07_four_wheel_steering.json,404
10.3901/jme.2024.10.425,Q07,406,24.400305,raw_crossref\Q07_four_wheel_steering.json,405
10.1109/ccdc.2019.8833020,Q07,407,24.39989,raw_crossref\Q07_four_wheel_steering.json,406
10.1007/978-94-007-1183-9_4,Q07,408,24.392756,raw_crossref\Q07_four_wheel_steering.json,407
10.1016/j.ifacol.2016.08.048,Q07,409,24.388538,raw_crossref\Q07_four_wheel_steering.json,408
10.14311/ap.2020.60.0252,Q07,410,24.384687,raw_crossref\Q07_four_wheel_steering.json,409
10.1109/ddcls.2017.8068135,Q07,411,24.368843,raw_crossref\Q07_four_wheel_steering.json,410
10.1109/acc.2010.5530760,Q07,412,24.366177,raw_crossref\Q07_four_wheel_steering.json,411
10.51542/ijscia.v2i4.26,Q07,413,24.356104,raw_crossref\Q07_four_wheel_steering.json,412
10.1109/robio.2006.340256,Q07,414,24.35104,raw_crossref\Q07_four_wheel_steering.json,413
10.3901/jme.2004.10.068,Q07,415,24.3503,raw_crossref\Q07_four_wheel_steering.json,414
10.22214/ijraset.2018.3127,Q07,416,24.35019,raw_crossref\Q07_four_wheel_steering.json,415
10.1108/ir-09-2019-0203,Q07,417,24.342068,raw_crossref\Q07_four_wheel_steering.json,416
10.1109/cera59325.2023.10455377,Q07,418,24.338919,raw_crossref\Q07_four_wheel_steering.json,417
10.4271/2012-01-1936,Q07,419,24.332596,raw_crossref\Q07_four_wheel_steering.json,418
10.1080/01691864.2013.839089,Q07,420,24.330048,raw_crossref\Q07_four_wheel_steering.json,419
10.1088/1742-6596/1753/1/012031,Q07,421,24.311811,raw_crossref\Q07_four_wheel_steering.json,420
10.1109/iccais59597.2023.10382341,Q07,422,24.301912,raw_crossref\Q07_four_wheel_steering.json,421
10.1109/ifeea57288.2022.10037793,Q07,423,24.251686,raw_crossref\Q07_four_wheel_steering.json,422
10.1109/ur52253.2021.9494660,Q07,424,24.231861,raw_crossref\Q07_four_wheel_steering.json,423
10.1109/lra.2024.3389828,Q07,425,24.216976,raw_crossref\Q07_four_wheel_steering.json,424
10.5772/64227,Q07,426,24.208748,raw_crossref\Q07_four_wheel_steering.json,425
10.1007/978-3-319-27247-4_55,Q07,427,24.203732,raw_crossref\Q07_four_wheel_steering.json,426
10.1109/aim.2009.5229902,Q07,428,24.161877,raw_crossref\Q07_four_wheel_steering.json,427
10.1109/cdc.2006.377274,Q07,429,24.157751,raw_crossref\Q07_four_wheel_steering.json,428
10.4028/www.scientific.net/amm.716-717.1494,Q07,430,24.156445,raw_crossref\Q07_four_wheel_steering.json,429
10.53078/20778481_2007_1_40,Q07,431,24.151638,raw_crossref\Q07_four_wheel_steering.json,430
10.1504/ijvd.2005.006596,Q07,432,24.1455,raw_crossref\Q07_four_wheel_steering.json,431
10.1016/j.mechatronics.2010.08.005,Q07,433,24.132061,raw_crossref\Q07_four_wheel_steering.json,432
10.1080/00423110701632925,Q07,434,24.12984,raw_crossref\Q07_four_wheel_steering.json,433
10.1109/cca.1994.381415,Q07,435,24.12039,raw_crossref\Q07_four_wheel_steering.json,434
10.1109/cvci47823.2019.8951724,Q07,436,24.12039,raw_crossref\Q07_four_wheel_steering.json,435
10.3182/20130904-4-jp-2042.00108,Q07,437,24.081882,raw_crossref\Q07_four_wheel_steering.json,436
10.34198/ejms.16326.30.413425,Q07,438,24.080772,raw_crossref\Q07_four_wheel_steering.json,437
10.1109/icece.2010.450,Q07,439,24.079805,raw_crossref\Q07_four_wheel_steering.json,438
10.3390/wevj14100283,Q07,440,24.078007,raw_crossref\Q07_four_wheel_steering.json,439
10.3182/20020721-6-es-1901.01506,Q07,441,24.077446,raw_crossref\Q07_four_wheel_steering.json,440
10.3390/vehicles8080189,Q07,442,24.077446,raw_crossref\Q07_four_wheel_steering.json,441
10.1007/978-1-4613-8997-2_1,Q07,443,24.074806,raw_crossref\Q07_four_wheel_steering.json,442
10.1080/00423119808969560,Q07,444,24.066568,raw_crossref\Q07_four_wheel_steering.json,443
10.4271/920055,Q07,445,24.057083,raw_crossref\Q07_four_wheel_steering.json,444
10.14741/ijmcr/v.6.2.6,Q07,446,24.054174,raw_crossref\Q07_four_wheel_steering.json,445
10.1023/a:1008324311249,Q07,447,24.035677,raw_crossref\Q07_four_wheel_steering.json,446
10.1299/jsmermd.2019.1p2-l06,Q07,448,24.031292,raw_crossref\Q07_four_wheel_steering.json,447
10.1299/kikaic.79.629,Q07,449,24.026361,raw_crossref\Q07_four_wheel_steering.json,448
10.1109/lra.2026.3688384,Q07,450,24.010193,raw_crossref\Q07_four_wheel_steering.json,449
10.1201/9781003210924-56,Q07,451,24.00212,raw_crossref\Q07_four_wheel_steering.json,450
10.1109/cmc.2010.67,Q07,452,23.99726,raw_crossref\Q07_four_wheel_steering.json,451
10.14313/jamris_4-2014/33,Q07,453,23.995186,raw_crossref\Q07_four_wheel_steering.json,452
10.1007/978-90-481-9262-5_2,Q07,454,23.981716,raw_crossref\Q07_four_wheel_steering.json,453
10.1007/978-90-481-3522-6_53,Q07,455,23.964851,raw_crossref\Q07_four_wheel_steering.json,454
10.1109/robio.2009.5420453,Q07,456,23.96484,raw_crossref\Q07_four_wheel_steering.json,455
10.1142/9789814525534_0077,Q07,457,23.933954,raw_crossref\Q07_four_wheel_steering.json,456
10.1016/0389-4304(95)00039-a,Q07,458,23.924479,raw_crossref\Q07_four_wheel_steering.json,457
10.1007/978-3-031-64057-5_15,Q07,459,23.91105,raw_crossref\Q07_four_wheel_steering.json,458
10.1115/1.2803254,Q07,460,23.883772,raw_crossref\Q07_four_wheel_steering.json,459
10.1163/156855399x01198,Q07,461,23.871239,raw_crossref\Q07_four_wheel_steering.json,460
10.4271/2006-01-0942,Q07,462,23.851341,raw_crossref\Q07_four_wheel_steering.json,461
10.1109/icmsao.2013.6552547,Q07,463,23.846882,raw_crossref\Q07_four_wheel_steering.json,462
10.1109/rose.2012.6402609,Q07,464,23.840519,raw_crossref\Q07_four_wheel_steering.json,463
10.1109/icedcs60513.2023.00146,Q07,465,23.828545,raw_crossref\Q07_four_wheel_steering.json,464
10.1007/bf02487456,Q07,466,23.824665,raw_crossref\Q07_four_wheel_steering.json,465
10.1109/acc.2015.7172187,Q07,467,23.824665,raw_crossref\Q07_four_wheel_steering.json,466
10.3390/wevj15060228,Q07,468,23.824665,raw_crossref\Q07_four_wheel_steering.json,467
10.1109/icetsis68266.2026.11549052,Q07,469,23.82232,raw_crossref\Q07_four_wheel_steering.json,468
10.20858/sjsutst.2017.94.2,Q07,470,23.81719,raw_crossref\Q07_four_wheel_steering.json,469
10.1201/9781003210900-37,Q07,471,23.81126,raw_crossref\Q07_four_wheel_steering.json,470
10.4028/www.scientific.net/amm.376.243,Q07,472,23.811222,raw_crossref\Q07_four_wheel_steering.json,471
10.1109/vppc.2008.4677729,Q07,473,23.80103,raw_crossref\Q07_four_wheel_steering.json,472
10.3390/s23167219,Q07,474,23.80103,raw_crossref\Q07_four_wheel_steering.json,473
10.1088/1402-4896/ad6d16,Q07,475,23.796673,raw_crossref\Q07_four_wheel_steering.json,474
10.1109/icves.2007.4456359,Q07,476,23.796673,raw_crossref\Q07_four_wheel_steering.json,475
10.20965/jrm.2015.p0587,Q07,477,23.79442,raw_crossref\Q07_four_wheel_steering.json,476
10.13031/2013.16032,Q07,478,23.7832,raw_crossref\Q07_four_wheel_steering.json,477
10.1109/coase.2010.5584677,Q07,479,23.782421,raw_crossref\Q07_four_wheel_steering.json,478
10.3901/jme.2018.08.048,Q07,480,23.779514,raw_crossref\Q07_four_wheel_steering.json,479
10.1109/icra.2011.5980580,Q07,481,23.77898,raw_crossref\Q07_four_wheel_steering.json,480
10.1299/jsmeicam.2015.6.345,Q07,482,23.777279,raw_crossref\Q07_four_wheel_steering.json,481
10.1109/wcica.2010.5554625,Q07,483,23.775696,raw_crossref\Q07_four_wheel_steering.json,482
10.1017/s0263574798000423,Q07,484,23.774782,raw_crossref\Q07_four_wheel_steering.json,483
10.1109/icmtma.2009.469,Q07,485,23.77298,raw_crossref\Q07_four_wheel_steering.json,484
10.4271/950304,Q07,486,23.77298,raw_crossref\Q07_four_wheel_steering.json,485
10.4271/2013-01-2845,Q07,487,23.77298,raw_crossref\Q07_four_wheel_steering.json,486
10.23919/ccc52363.2021.9550222,Q07,488,23.77298,raw_crossref\Q07_four_wheel_steering.json,487
10.3390/electronics14061133,Q07,489,23.77298,raw_crossref\Q07_four_wheel_steering.json,488
10.4028/www.scientific.net/amm.574.557,Q07,490,23.772858,raw_crossref\Q07_four_wheel_steering.json,489
10.3389/fmech.2024.1378175,Q07,491,23.772858,raw_crossref\Q07_four_wheel_steering.json,490
10.1109/wrc-sara.2019.8931936,Q07,492,23.769596,raw_crossref\Q07_four_wheel_steering.json,491
10.1109/ccra.2018.8588153,Q07,493,23.766958,raw_crossref\Q07_four_wheel_steering.json,492
10.1109/icccr65461.2025.11072659,Q07,494,23.735458,raw_crossref\Q07_four_wheel_steering.json,493
10.1109/icaccp.2019.8883014,Q07,495,23.735458,raw_crossref\Q07_four_wheel_steering.json,494
10.3390/machines12070478,Q07,496,23.735458,raw_crossref\Q07_four_wheel_steering.json,495
10.4271/960938,Q07,497,23.73402,raw_crossref\Q07_four_wheel_steering.json,496
10.1061/41039(345)316,Q07,498,23.732573,raw_crossref\Q07_four_wheel_steering.json,497
10.1007/978-94-017-0657-5_23,Q07,499,23.703945,raw_crossref\Q07_four_wheel_steering.json,498
10.1109/acc.2008.4587269,Q07,500,23.702173,raw_crossref\Q07_four_wheel_steering.json,499
10.1109/iaecst60924.2023.10503155,Q08,1,38.738373,raw_crossref\Q08_outdoor_mapping_fusion.json,0
10.1109/syscon53536.2022.9773827,Q08,2,36.794285,raw_crossref\Q08_outdoor_mapping_fusion.json,1
10.1108/sr-10-2018-0272,Q08,3,35.117153,raw_crossref\Q08_outdoor_mapping_fusion.json,2
10.20944/preprints202502.2212.v1,Q08,4,34.874672,raw_crossref\Q08_outdoor_mapping_fusion.json,3
10.1109/robio.2010.5723573,Q08,5,34.367928,raw_crossref\Q08_outdoor_mapping_fusion.json,4
10.1007/s13218-011-0093-z,Q08,6,34.246025,raw_crossref\Q08_outdoor_mapping_fusion.json,5
10.3390/electronics14050867,Q08,7,33.871517,raw_crossref\Q08_outdoor_mapping_fusion.json,6
10.5772/9284,Q08,8,33.507915,raw_crossref\Q08_outdoor_mapping_fusion.json,7
10.5772/16444,Q08,9,33.310753,raw_crossref\Q08_outdoor_mapping_fusion.json,8
10.1117/12.2050401,Q08,10,33.157433,raw_crossref\Q08_outdoor_mapping_fusion.json,9
10.3390/s21093184,Q08,11,32.795227,raw_crossref\Q08_outdoor_mapping_fusion.json,10
10.1088/1742-6596/1453/1/012042,Q08,12,32.658085,raw_crossref\Q08_outdoor_mapping_fusion.json,11
10.2139/ssrn.5236842,Q08,13,32.39844,raw_crossref\Q08_outdoor_mapping_fusion.json,12
10.3390/s25082408,Q08,14,32.166634,raw_crossref\Q08_outdoor_mapping_fusion.json,13
10.1109/aemcse55572.2022.00008,Q08,15,31.710217,raw_crossref\Q08_outdoor_mapping_fusion.json,14
10.1109/icufn69619.2026.11628675,Q08,16,30.95023,raw_crossref\Q08_outdoor_mapping_fusion.json,15
10.1109/icicict.2014.6781251,Q08,17,30.9264,raw_crossref\Q08_outdoor_mapping_fusion.json,16
10.1016/j.jii.2022.100392,Q08,18,30.76432,raw_crossref\Q08_outdoor_mapping_fusion.json,17
10.5772/6576,Q08,19,30.406279,raw_crossref\Q08_outdoor_mapping_fusion.json,18
10.5772/8993,Q08,20,30.39526,raw_crossref\Q08_outdoor_mapping_fusion.json,19
10.1109/iros.2010.5649693,Q08,21,30.074564,raw_crossref\Q08_outdoor_mapping_fusion.json,20
10.1080/19479832.2016.1226966,Q08,22,29.924564,raw_crossref\Q08_outdoor_mapping_fusion.json,21
10.1108/ijius-05-2018-0013,Q08,23,29.867245,raw_crossref\Q08_outdoor_mapping_fusion.json,22
10.1109/miltechs.2015.7153755,Q08,24,29.720335,raw_crossref\Q08_outdoor_mapping_fusion.json,23
10.3842/nosc.v28i4.1545,Q08,25,29.50973,raw_crossref\Q08_outdoor_mapping_fusion.json,24
10.1117/12.970006,Q08,26,29.480902,raw_crossref\Q08_outdoor_mapping_fusion.json,25
10.1299/jsmermd.2019.1p1-r09,Q08,27,29.413275,raw_crossref\Q08_outdoor_mapping_fusion.json,26
10.1109/icsens.2009.5398498,Q08,28,29.304178,raw_crossref\Q08_outdoor_mapping_fusion.json,27
10.3724/sp.j.1187.2009.10073,Q08,29,29.280634,raw_crossref\Q08_outdoor_mapping_fusion.json,28
10.1109/mfi.2010.5604471,Q08,30,29.218016,raw_crossref\Q08_outdoor_mapping_fusion.json,29
10.2139/ssrn.6560106,Q08,31,29.164347,raw_crossref\Q08_outdoor_mapping_fusion.json,30
10.1109/icca.2013.6565004,Q08,32,29.1087,raw_crossref\Q08_outdoor_mapping_fusion.json,31
10.1109/iscid.2011.190,Q08,33,29.067957,raw_crossref\Q08_outdoor_mapping_fusion.json,32
10.3724/sp.j.1218.2010.00097,Q08,34,28.960308,raw_crossref\Q08_outdoor_mapping_fusion.json,33
10.1109/icet.2018.8603597,Q08,35,28.930918,raw_crossref\Q08_outdoor_mapping_fusion.json,34
10.1117/12.150231,Q08,36,28.872627,raw_crossref\Q08_outdoor_mapping_fusion.json,35
10.1109/intellisys.2017.8324245,Q08,37,28.637814,raw_crossref\Q08_outdoor_mapping_fusion.json,36
10.1155/2013/157409,Q08,38,28.607487,raw_crossref\Q08_outdoor_mapping_fusion.json,37
10.23919/iccas55662.2022.10003948,Q08,39,28.550287,raw_crossref\Q08_outdoor_mapping_fusion.json,38
10.1007/978-981-13-9217-7_16,Q08,40,28.525942,raw_crossref\Q08_outdoor_mapping_fusion.json,39
10.3390/app11198857,Q08,41,28.4682,raw_crossref\Q08_outdoor_mapping_fusion.json,40
10.1201/b18777-4,Q08,42,28.460846,raw_crossref\Q08_outdoor_mapping_fusion.json,41
10.1109/ccece.2007.308,Q08,43,28.275425,raw_crossref\Q08_outdoor_mapping_fusion.json,42
10.1016/j.proeng.2012.07.170,Q08,44,28.206757,raw_crossref\Q08_outdoor_mapping_fusion.json,43
10.1109/itaic58329.2023.10408763,Q08,45,28.13448,raw_crossref\Q08_outdoor_mapping_fusion.json,44
10.1051/matecconf/20164203008,Q08,46,28.112816,raw_crossref\Q08_outdoor_mapping_fusion.json,45
10.5220/0005060604670474,Q08,47,28.026217,raw_crossref\Q08_outdoor_mapping_fusion.json,46
10.1109/icie.2010.19,Q08,48,27.85128,raw_crossref\Q08_outdoor_mapping_fusion.json,47
10.1109/sysose.2007.4304295,Q08,49,27.83261,raw_crossref\Q08_outdoor_mapping_fusion.json,48
10.1117/12.256321,Q08,50,27.780806,raw_crossref\Q08_outdoor_mapping_fusion.json,49
10.29327/v-brahur-vi-brasero.869309,Q08,51,27.749184,raw_crossref\Q08_outdoor_mapping_fusion.json,50
10.22581/muet1982.1901.10,Q08,52,27.556993,raw_crossref\Q08_outdoor_mapping_fusion.json,51
10.3390/s16010024,Q08,53,27.48153,raw_crossref\Q08_outdoor_mapping_fusion.json,52
10.1109/sice.2006.315317,Q08,54,27.465393,raw_crossref\Q08_outdoor_mapping_fusion.json,53
10.3390/s25041248,Q08,55,27.463314,raw_crossref\Q08_outdoor_mapping_fusion.json,54
10.1016/b978-0-12-417049-0.00012-2,Q08,56,27.10909,raw_crossref\Q08_outdoor_mapping_fusion.json,55
10.23919/ccc58697.2023.10240555,Q08,57,27.094606,raw_crossref\Q08_outdoor_mapping_fusion.json,56
10.23919/ecc.2009.7075102,Q08,58,27.08382,raw_crossref\Q08_outdoor_mapping_fusion.json,57
10.1016/j.inffus.2017.01.001,Q08,59,27.008844,raw_crossref\Q08_outdoor_mapping_fusion.json,58
10.21236/ada293563,Q08,60,26.941166,raw_crossref\Q08_outdoor_mapping_fusion.json,59
10.14313/jamris_2-2015/26,Q08,61,26.895794,raw_crossref\Q08_outdoor_mapping_fusion.json,60
10.1109/lars-sbr-wre48964.2019.00031,Q08,62,26.885313,raw_crossref\Q08_outdoor_mapping_fusion.json,61
10.1007/s10514-008-9105-8,Q08,63,26.811152,raw_crossref\Q08_outdoor_mapping_fusion.json,62
10.1109/icce-tw.2014.6904072,Q08,64,26.738276,raw_crossref\Q08_outdoor_mapping_fusion.json,63
10.1117/12.970004,Q08,65,26.738276,raw_crossref\Q08_outdoor_mapping_fusion.json,64
10.1016/s1474-6670(17)34304-5,Q08,66,26.735998,raw_crossref\Q08_outdoor_mapping_fusion.json,65
10.1109/jproc.1997.554212,Q08,67,26.702587,raw_crossref\Q08_outdoor_mapping_fusion.json,66
10.2139/ssrn.5006343,Q08,68,26.69093,raw_crossref\Q08_outdoor_mapping_fusion.json,67
10.54254/2755-2721/2025.20215,Q08,69,26.68642,raw_crossref\Q08_outdoor_mapping_fusion.json,68
10.1109/tsmcb.2012.2215919,Q08,70,26.59009,raw_crossref\Q08_outdoor_mapping_fusion.json,69
10.1109/i-smac47947.2019.9032653,Q08,71,26.583694,raw_crossref\Q08_outdoor_mapping_fusion.json,70
10.1142/9789814415958_0097,Q08,72,26.57729,raw_crossref\Q08_outdoor_mapping_fusion.json,71
10.3390/s131014133,Q08,73,26.553478,raw_crossref\Q08_outdoor_mapping_fusion.json,72
10.1299/jsmeicam.2004.4.19_2,Q08,74,26.525063,raw_crossref\Q08_outdoor_mapping_fusion.json,73
10.1299/jsmermd.2014._1p1-c06_1,Q08,75,26.464989,raw_crossref\Q08_outdoor_mapping_fusion.json,74
10.1109/icciautom.2011.6184007,Q08,76,26.39355,raw_crossref\Q08_outdoor_mapping_fusion.json,75
10.1117/12.189070,Q08,77,26.390177,raw_crossref\Q08_outdoor_mapping_fusion.json,76
10.1533/9780857090201.2.147,Q08,78,26.373018,raw_crossref\Q08_outdoor_mapping_fusion.json,77
10.3724/sp.j.1218.2011.00265,Q08,79,26.370674,raw_crossref\Q08_outdoor_mapping_fusion.json,78
10.1109/iccar.2018.8384648,Q08,80,26.34686,raw_crossref\Q08_outdoor_mapping_fusion.json,79
10.1109/ccdc49329.2020.9164260,Q08,81,26.331596,raw_crossref\Q08_outdoor_mapping_fusion.json,80
10.1109/icaibd51990.2021.9459053,Q08,82,26.283655,raw_crossref\Q08_outdoor_mapping_fusion.json,81
10.3390/s19071696,Q08,83,26.236204,raw_crossref\Q08_outdoor_mapping_fusion.json,82
10.1109/icmsao.2011.5775552,Q08,84,26.215431,raw_crossref\Q08_outdoor_mapping_fusion.json,83
10.1109/icarcv.2006.345411,Q08,85,26.18666,raw_crossref\Q08_outdoor_mapping_fusion.json,84
10.1299/jsmeicam.2004.4.30_1,Q08,86,26.138584,raw_crossref\Q08_outdoor_mapping_fusion.json,85
10.14313/jamris_3-2015/26,Q08,87,26.034815,raw_crossref\Q08_outdoor_mapping_fusion.json,86
10.54254/2755-2721/80/2024ch0087,Q08,88,26.02038,raw_crossref\Q08_outdoor_mapping_fusion.json,87
10.1007/3-540-36605-9_33,Q08,89,26.000185,raw_crossref\Q08_outdoor_mapping_fusion.json,88
10.1109/plans.2016.7479745,Q08,90,25.99448,raw_crossref\Q08_outdoor_mapping_fusion.json,89
10.23919/ccc55666.2022.9901857,Q08,91,25.992565,raw_crossref\Q08_outdoor_mapping_fusion.json,90
10.1109/arso.2007.4531415,Q08,92,25.991894,raw_crossref\Q08_outdoor_mapping_fusion.json,91
10.1109/access.2020.2975643,Q08,93,25.986092,raw_crossref\Q08_outdoor_mapping_fusion.json,92
10.1117/12.326991,Q08,94,25.962881,raw_crossref\Q08_outdoor_mapping_fusion.json,93
10.1109/cenim.2018.8711409,Q08,95,25.904003,raw_crossref\Q08_outdoor_mapping_fusion.json,94
10.5772/9268,Q08,96,25.843687,raw_crossref\Q08_outdoor_mapping_fusion.json,95
10.5772/intechopen.108315,Q08,97,25.741785,raw_crossref\Q08_outdoor_mapping_fusion.json,96
10.1016/j.robot.2014.11.019,Q08,98,25.695114,raw_crossref\Q08_outdoor_mapping_fusion.json,97
10.1109/isic.2003.1254742,Q08,99,25.694437,raw_crossref\Q08_outdoor_mapping_fusion.json,98
10.1016/j.ifacol.2018.11.324,Q08,100,25.672215,raw_crossref\Q08_outdoor_mapping_fusion.json,99
10.1109/icra.2011.5979873,Q08,101,25.663658,raw_crossref\Q08_outdoor_mapping_fusion.json,100
10.1109/niles68063.2025.11232269,Q08,102,25.661144,raw_crossref\Q08_outdoor_mapping_fusion.json,101
10.3724/sp.j.1218.2012.00321,Q08,103,25.652073,raw_crossref\Q08_outdoor_mapping_fusion.json,102
10.2478/amns.2023.2.00488,Q08,104,25.65006,raw_crossref\Q08_outdoor_mapping_fusion.json,103
10.3390/s24123895,Q08,105,25.64808,raw_crossref\Q08_outdoor_mapping_fusion.json,104
10.1016/s0019-0578(07)60088-3,Q08,106,25.641659,raw_crossref\Q08_outdoor_mapping_fusion.json,105
10.4028/www.scientific.net/amm.490-491.1168,Q08,107,25.638233,raw_crossref\Q08_outdoor_mapping_fusion.json,106
10.1016/s1474-6670(17)43290-3,Q08,108,25.638233,raw_crossref\Q08_outdoor_mapping_fusion.json,107
10.1109/isda.2010.5687048,Q08,109,25.609753,raw_crossref\Q08_outdoor_mapping_fusion.json,108
10.1109/mfi.2008.4648038,Q08,110,25.56379,raw_crossref\Q08_outdoor_mapping_fusion.json,109
10.1109/i2mtc62753.2025.11079147,Q08,111,25.48552,raw_crossref\Q08_outdoor_mapping_fusion.json,110
10.1109/70.681240,Q08,112,25.376514,raw_crossref\Q08_outdoor_mapping_fusion.json,111
10.1109/ccece.2018.8447685,Q08,113,25.357386,raw_crossref\Q08_outdoor_mapping_fusion.json,112
10.37636/recit.v9n3e465,Q08,114,25.356531,raw_crossref\Q08_outdoor_mapping_fusion.json,113
10.3390/electronics14142769,Q08,115,25.354319,raw_crossref\Q08_outdoor_mapping_fusion.json,114
10.1109/idaacs-sws.2012.6377642,Q08,116,25.351336,raw_crossref\Q08_outdoor_mapping_fusion.json,115
10.1299/jsmemecj.2022.j162p-05,Q08,117,25.351078,raw_crossref\Q08_outdoor_mapping_fusion.json,116
10.1088/1742-6596/1927/1/012002,Q08,118,25.348394,raw_crossref\Q08_outdoor_mapping_fusion.json,117
10.1186/s13638-019-1352-1,Q08,119,25.343367,raw_crossref\Q08_outdoor_mapping_fusion.json,118
10.1109/icpics47731.2019.8942562,Q08,120,25.333,raw_crossref\Q08_outdoor_mapping_fusion.json,119
10.1109/case49997.2022.9926435,Q08,121,25.319695,raw_crossref\Q08_outdoor_mapping_fusion.json,120
10.1109/icsi64877.2025.11009241,Q08,122,25.318249,raw_crossref\Q08_outdoor_mapping_fusion.json,121
10.1109/ro-man47096.2020.9223440,Q08,123,25.253304,raw_crossref\Q08_outdoor_mapping_fusion.json,122
10.1109/mass.2013.13,Q08,124,25.232512,raw_crossref\Q08_outdoor_mapping_fusion.json,123
10.5369/jsst.2010.19.3.246,Q08,125,25.115128,raw_crossref\Q08_outdoor_mapping_fusion.json,124
10.1007/978-1-4842-9645-5_9,Q08,126,25.059288,raw_crossref\Q08_outdoor_mapping_fusion.json,125
10.1109/isriti48646.2019.9034573,Q08,127,25.055359,raw_crossref\Q08_outdoor_mapping_fusion.json,126
10.1109/isspa.2007.4555413,Q08,128,25.046207,raw_crossref\Q08_outdoor_mapping_fusion.json,127
10.1109/sice.2007.4421314,Q08,129,25.036512,raw_crossref\Q08_outdoor_mapping_fusion.json,128
10.1109/idaacs.2009.5342897,Q08,130,25.03391,raw_crossref\Q08_outdoor_mapping_fusion.json,129
10.3390/automation7020042,Q08,131,25.03391,raw_crossref\Q08_outdoor_mapping_fusion.json,130
10.1109/isie.2002.1026321,Q08,132,25.012884,raw_crossref\Q08_outdoor_mapping_fusion.json,131
10.3182/20020721-6-es-1901.00833,Q08,133,25.001915,raw_crossref\Q08_outdoor_mapping_fusion.json,132
10.1016/j.mechatronics.2011.11.011,Q08,134,24.998272,raw_crossref\Q08_outdoor_mapping_fusion.json,133
10.1109/simsym.1991.151504,Q08,135,24.990627,raw_crossref\Q08_outdoor_mapping_fusion.json,134
10.1109/itoec.2018.8740490,Q08,136,24.990627,raw_crossref\Q08_outdoor_mapping_fusion.json,135
10.1016/j.measurement.2023.112926,Q08,137,24.962801,raw_crossref\Q08_outdoor_mapping_fusion.json,136
10.1109/cacs60074.2023.10326169,Q08,138,24.961319,raw_crossref\Q08_outdoor_mapping_fusion.json,137
10.1109/miccis63508.2024.00025,Q08,139,24.958504,raw_crossref\Q08_outdoor_mapping_fusion.json,138
10.1109/icbaie52039.2021.9389900,Q08,140,24.946539,raw_crossref\Q08_outdoor_mapping_fusion.json,139
10.29327/118637.1-1,Q08,141,24.913671,raw_crossref\Q08_outdoor_mapping_fusion.json,140
10.5772/8984,Q08,142,24.768223,raw_crossref\Q08_outdoor_mapping_fusion.json,141
10.1117/12.2680646,Q08,143,24.742918,raw_crossref\Q08_outdoor_mapping_fusion.json,142
10.1109/iros.2013.6696561,Q08,144,24.730959,raw_crossref\Q08_outdoor_mapping_fusion.json,143
10.1007/s42322-026-00246-7,Q08,145,24.717426,raw_crossref\Q08_outdoor_mapping_fusion.json,144
10.1109/isie.2004.1571783,Q08,146,24.717142,raw_crossref\Q08_outdoor_mapping_fusion.json,145
10.1109/ccdc69976.2026.11559797,Q08,147,24.711908,raw_crossref\Q08_outdoor_mapping_fusion.json,146
10.1109/mesa.2006.296971,Q08,148,24.702383,raw_crossref\Q08_outdoor_mapping_fusion.json,147
10.1017/s0263574703005381,Q08,149,24.699196,raw_crossref\Q08_outdoor_mapping_fusion.json,148
10.1109/icvisp54630.2021.00028,Q08,150,24.678944,raw_crossref\Q08_outdoor_mapping_fusion.json,149
10.1109/iccais.2012.6466599,Q08,151,24.67513,raw_crossref\Q08_outdoor_mapping_fusion.json,150
10.5772/54957,Q08,152,24.651426,raw_crossref\Q08_outdoor_mapping_fusion.json,151
10.5772/5992,Q08,153,24.598804,raw_crossref\Q08_outdoor_mapping_fusion.json,152
10.1016/j.inffus.2018.09.001,Q08,154,24.584301,raw_crossref\Q08_outdoor_mapping_fusion.json,153
10.5772/intechopen.107978,Q08,155,24.583027,raw_crossref\Q08_outdoor_mapping_fusion.json,154
10.1109/navitec.2010.5708060,Q08,156,24.56639,raw_crossref\Q08_outdoor_mapping_fusion.json,155
10.1109/ivs.2008.4621234,Q08,157,24.553549,raw_crossref\Q08_outdoor_mapping_fusion.json,156
10.5220/0012172900003543,Q08,158,24.515932,raw_crossref\Q08_outdoor_mapping_fusion.json,157
10.1142/9789812797773_0020,Q08,159,24.453728,raw_crossref\Q08_outdoor_mapping_fusion.json,158
10.4028/www.scientific.net/amm.448-453.3549,Q08,160,24.43784,raw_crossref\Q08_outdoor_mapping_fusion.json,159
10.5220/0007258800130022,Q08,161,24.436274,raw_crossref\Q08_outdoor_mapping_fusion.json,160
10.3390/biomimetics10070478,Q08,162,24.42611,raw_crossref\Q08_outdoor_mapping_fusion.json,161
10.1109/lra.2024.3511432,Q08,163,24.418135,raw_crossref\Q08_outdoor_mapping_fusion.json,162
10.26418/elkha.v15i1.62095,Q08,164,24.416796,raw_crossref\Q08_outdoor_mapping_fusion.json,163
10.1109/indin.2008.4618134,Q08,165,24.411915,raw_crossref\Q08_outdoor_mapping_fusion.json,164
10.1109/icinis.2008.130,Q08,166,24.405924,raw_crossref\Q08_outdoor_mapping_fusion.json,165
10.1109/ramech.2011.6070492,Q08,167,24.402054,raw_crossref\Q08_outdoor_mapping_fusion.json,166
10.1007/s41315-023-00276-0,Q08,168,24.387772,raw_crossref\Q08_outdoor_mapping_fusion.json,167
10.5772/7801,Q08,169,24.368542,raw_crossref\Q08_outdoor_mapping_fusion.json,168
10.1109/acdsa67686.2026.11468239,Q08,170,24.35511,raw_crossref\Q08_outdoor_mapping_fusion.json,169
10.1109/wrc-sara.2018.8584213,Q08,171,24.35287,raw_crossref\Q08_outdoor_mapping_fusion.json,170
10.1109/iros.1997.656546,Q08,172,24.339178,raw_crossref\Q08_outdoor_mapping_fusion.json,171
10.1109/tro.2020.3010640,Q08,173,24.325903,raw_crossref\Q08_outdoor_mapping_fusion.json,172
10.1177/1550147717726715,Q08,174,24.198103,raw_crossref\Q08_outdoor_mapping_fusion.json,173
10.26678/abcm.cobem2017.cob17-0296,Q08,175,24.147102,raw_crossref\Q08_outdoor_mapping_fusion.json,174
10.1088/1742-6596/2803/1/012041,Q08,176,24.128048,raw_crossref\Q08_outdoor_mapping_fusion.json,175
10.3390/s21165522,Q08,177,24.124325,raw_crossref\Q08_outdoor_mapping_fusion.json,176
10.1109/iccerec.2016.7814986,Q08,178,24.118784,raw_crossref\Q08_outdoor_mapping_fusion.json,177
10.3724/sp.j.1087.2008.02420,Q08,179,24.117645,raw_crossref\Q08_outdoor_mapping_fusion.json,178
10.1080/10095020.2016.1235816,Q08,180,24.102726,raw_crossref\Q08_outdoor_mapping_fusion.json,179
10.1016/j.compag.2015.09.026,Q08,181,24.102327,raw_crossref\Q08_outdoor_mapping_fusion.json,180
10.1109/rcar47638.2019.9044006,Q08,182,24.100159,raw_crossref\Q08_outdoor_mapping_fusion.json,181
10.1109/tro.2008.922895,Q08,183,24.09999,raw_crossref\Q08_outdoor_mapping_fusion.json,182
10.1109/icinfa.2008.4608063,Q08,184,24.09857,raw_crossref\Q08_outdoor_mapping_fusion.json,183
10.1109/ines46365.2019.9109444,Q08,185,24.096,raw_crossref\Q08_outdoor_mapping_fusion.json,184
10.3182/20020721-6-es-1901.00931,Q08,186,24.096,raw_crossref\Q08_outdoor_mapping_fusion.json,185
10.18494/sam5472,Q08,187,24.089739,raw_crossref\Q08_outdoor_mapping_fusion.json,186
10.1109/icrom.2014.6990911,Q08,188,24.088013,raw_crossref\Q08_outdoor_mapping_fusion.json,187
10.1109/icma.2007.4303999,Q08,189,24.085098,raw_crossref\Q08_outdoor_mapping_fusion.json,188
10.1117/12.3011556,Q08,190,24.084751,raw_crossref\Q08_outdoor_mapping_fusion.json,189
10.1109/icaidt66272.2025.00053,Q08,191,24.071898,raw_crossref\Q08_outdoor_mapping_fusion.json,190
10.1117/12.3032586,Q08,192,24.071402,raw_crossref\Q08_outdoor_mapping_fusion.json,191
10.1109/jsen.2026.3715206,Q08,193,24.066425,raw_crossref\Q08_outdoor_mapping_fusion.json,192
10.5220/0005962102080215,Q08,194,24.06507,raw_crossref\Q08_outdoor_mapping_fusion.json,193
10.1109/100.956814,Q08,195,24.062656,raw_crossref\Q08_outdoor_mapping_fusion.json,194
10.1142/9789812797773_0012,Q08,196,24.012539,raw_crossref\Q08_outdoor_mapping_fusion.json,195
10.1016/j.inffus.2019.11.001,Q08,197,23.956854,raw_crossref\Q08_outdoor_mapping_fusion.json,196
10.23919/icif.2018.8455502,Q08,198,23.899988,raw_crossref\Q08_outdoor_mapping_fusion.json,197
10.7210/jrsj.38.746,Q08,199,23.866484,raw_crossref\Q08_outdoor_mapping_fusion.json,198
10.1145/3325693.3325698,Q08,200,23.841997,raw_crossref\Q08_outdoor_mapping_fusion.json,199
10.1109/crv.2009.6,Q08,201,23.838144,raw_crossref\Q08_outdoor_mapping_fusion.json,200
10.1109/ijcnn.2008.4634102,Q08,202,23.828087,raw_crossref\Q08_outdoor_mapping_fusion.json,201
10.1109/restcon60981.2024.10463559,Q08,203,23.823536,raw_crossref\Q08_outdoor_mapping_fusion.json,202
10.3390/automation6040050,Q08,204,23.809513,raw_crossref\Q08_outdoor_mapping_fusion.json,203
10.1109/icset51301.2020.9265372,Q08,205,23.805805,raw_crossref\Q08_outdoor_mapping_fusion.json,204
10.3390/s24154998,Q08,206,23.804033,raw_crossref\Q08_outdoor_mapping_fusion.json,205
10.1109/urai.2013.6677443,Q08,207,23.80391,raw_crossref\Q08_outdoor_mapping_fusion.json,206
10.1109/iecon.2015.7392499,Q08,208,23.802422,raw_crossref\Q08_outdoor_mapping_fusion.json,207
10.3182/20080706-5-kr-1001.02483,Q08,209,23.800064,raw_crossref\Q08_outdoor_mapping_fusion.json,208
10.1109/iros.2009.5354445,Q08,210,23.799585,raw_crossref\Q08_outdoor_mapping_fusion.json,209
10.1109/sii.2015.7404948,Q08,211,23.79558,raw_crossref\Q08_outdoor_mapping_fusion.json,210
10.1109/icra.2018.8461034,Q08,212,23.787106,raw_crossref\Q08_outdoor_mapping_fusion.json,211
10.3390/s22114114,Q08,213,23.77179,raw_crossref\Q08_outdoor_mapping_fusion.json,212
10.1088/1742-6596/2477/1/012057,Q08,214,23.766092,raw_crossref\Q08_outdoor_mapping_fusion.json,213
10.1109/afrcon.2009.5308192,Q08,215,23.748013,raw_crossref\Q08_outdoor_mapping_fusion.json,214
10.1299/jsmermd.2015._1p1-j07_1,Q08,216,23.717655,raw_crossref\Q08_outdoor_mapping_fusion.json,215
10.5772/9266,Q08,217,23.715294,raw_crossref\Q08_outdoor_mapping_fusion.json,216
10.1109/icacc48162.2019.8986199,Q08,218,23.713076,raw_crossref\Q08_outdoor_mapping_fusion.json,217
10.1109/robio.2012.6491053,Q08,219,23.688873,raw_crossref\Q08_outdoor_mapping_fusion.json,218
10.1109/icspcc59353.2023.10400323,Q08,220,23.553495,raw_crossref\Q08_outdoor_mapping_fusion.json,219
10.1109/eitce47263.2019.9095173,Q08,221,23.553223,raw_crossref\Q08_outdoor_mapping_fusion.json,220
10.3390/s22228728,Q08,222,23.553223,raw_crossref\Q08_outdoor_mapping_fusion.json,221
10.1109/lra.2022.3193632,Q08,223,23.546535,raw_crossref\Q08_outdoor_mapping_fusion.json,222
10.1016/j.measurement.2006.07.012,Q08,224,23.542063,raw_crossref\Q08_outdoor_mapping_fusion.json,223
10.1002/rob.20021,Q08,225,23.537699,raw_crossref\Q08_outdoor_mapping_fusion.json,224
10.14569/ijacsa.2022.0130204,Q08,226,23.534584,raw_crossref\Q08_outdoor_mapping_fusion.json,225
10.3390/s22010305,Q08,227,23.531912,raw_crossref\Q08_outdoor_mapping_fusion.json,226
10.1109/gtsd54989.2022.9989084,Q08,228,23.524303,raw_crossref\Q08_outdoor_mapping_fusion.json,227
10.1007/s10586-018-2474-7,Q08,229,23.524303,raw_crossref\Q08_outdoor_mapping_fusion.json,228
10.51202/9783181023952-349,Q08,230,23.522202,raw_crossref\Q08_outdoor_mapping_fusion.json,229
10.1109/ijcnn.2008.4634210,Q08,231,23.521193,raw_crossref\Q08_outdoor_mapping_fusion.json,230
10.1109/icusai47366.2019.9124871,Q08,232,23.516407,raw_crossref\Q08_outdoor_mapping_fusion.json,231
10.1115/imece2022-96093,Q08,233,23.515759,raw_crossref\Q08_outdoor_mapping_fusion.json,232
10.1109/iecon.2009.5415185,Q08,234,23.507435,raw_crossref\Q08_outdoor_mapping_fusion.json,233
10.1109/icma.2013.6617969,Q08,235,23.504902,raw_crossref\Q08_outdoor_mapping_fusion.json,234
10.1201/9781439800058-22,Q08,236,23.504341,raw_crossref\Q08_outdoor_mapping_fusion.json,235
10.20965/jrm.2018.p0106,Q08,237,23.358944,raw_crossref\Q08_outdoor_mapping_fusion.json,236
10.1117/12.57958,Q08,238,23.320354,raw_crossref\Q08_outdoor_mapping_fusion.json,237
10.1007/978-3-031-26564-8_12,Q08,239,23.313324,raw_crossref\Q08_outdoor_mapping_fusion.json,238
10.63367/199115992025083604015,Q08,240,23.281704,raw_crossref\Q08_outdoor_mapping_fusion.json,239
10.1142/s2301385026500585,Q08,241,23.276045,raw_crossref\Q08_outdoor_mapping_fusion.json,240
10.1109/tro.2012.2200990,Q08,242,23.275978,raw_crossref\Q08_outdoor_mapping_fusion.json,241
10.1504/ijcat.2012.050115,Q08,243,23.273851,raw_crossref\Q08_outdoor_mapping_fusion.json,242
10.1109/icnsc.2010.5461525,Q08,244,23.265318,raw_crossref\Q08_outdoor_mapping_fusion.json,243
10.5772/9001,Q08,245,23.25136,raw_crossref\Q08_outdoor_mapping_fusion.json,244
10.7763/ijmmm.2013.v1.79,Q08,246,23.250858,raw_crossref\Q08_outdoor_mapping_fusion.json,245
10.1007/978-3-030-15235-2_104,Q08,247,23.245274,raw_crossref\Q08_outdoor_mapping_fusion.json,246
10.1017/s0263574719000298,Q08,248,23.244993,raw_crossref\Q08_outdoor_mapping_fusion.json,247
10.1007/978-3-642-40728-4_30,Q08,249,23.242424,raw_crossref\Q08_outdoor_mapping_fusion.json,248
10.5772/5954,Q08,250,23.237028,raw_crossref\Q08_outdoor_mapping_fusion.json,249
10.1007/978-981-13-9217-7_15,Q08,251,23.235222,raw_crossref\Q08_outdoor_mapping_fusion.json,250
10.1109/comrob64055.2024.10777435,Q08,252,23.23161,raw_crossref\Q08_outdoor_mapping_fusion.json,251
10.5772/8986,Q08,253,23.231224,raw_crossref\Q08_outdoor_mapping_fusion.json,252
10.3390/s25092780,Q08,254,23.230526,raw_crossref\Q08_outdoor_mapping_fusion.json,253
10.3390/s20247055,Q08,255,23.223467,raw_crossref\Q08_outdoor_mapping_fusion.json,254
10.1016/j.inffus.2007.09.001,Q08,256,23.216324,raw_crossref\Q08_outdoor_mapping_fusion.json,255
10.1007/s10514-021-09986-5,Q08,257,23.199135,raw_crossref\Q08_outdoor_mapping_fusion.json,256
10.1109/jiot.2026.3696546,Q08,258,23.145313,raw_crossref\Q08_outdoor_mapping_fusion.json,257
10.5772/4790,Q08,259,23.125818,raw_crossref\Q08_outdoor_mapping_fusion.json,258
10.5772/16690,Q08,260,23.124496,raw_crossref\Q08_outdoor_mapping_fusion.json,259
10.1007/978-0-387-09643-8_7,Q08,261,23.112438,raw_crossref\Q08_outdoor_mapping_fusion.json,260
10.1201/9781315151496-8,Q08,262,23.10073,raw_crossref\Q08_outdoor_mapping_fusion.json,261
10.1142/9789811253478_0008,Q08,263,23.092827,raw_crossref\Q08_outdoor_mapping_fusion.json,262
10.1109/70.163782,Q08,264,23.077793,raw_crossref\Q08_outdoor_mapping_fusion.json,263
10.18494/sam.2015.1112,Q08,265,23.075134,raw_crossref\Q08_outdoor_mapping_fusion.json,264
10.1109/med.2008.4602252,Q08,266,23.02255,raw_crossref\Q08_outdoor_mapping_fusion.json,265
10.1109/mfi.2010.5604486,Q08,267,23.021345,raw_crossref\Q08_outdoor_mapping_fusion.json,266
10.1109/tro.2008.2004887,Q08,268,23.015314,raw_crossref\Q08_outdoor_mapping_fusion.json,267
10.1109/infocomwkshps61880.2024.10620739,Q08,269,23.005713,raw_crossref\Q08_outdoor_mapping_fusion.json,268
10.1109/rteict52294.2021.9573730,Q08,270,23.00515,raw_crossref\Q08_outdoor_mapping_fusion.json,269
10.1109/iaeac50856.2021.9391021,Q08,271,23.00505,raw_crossref\Q08_outdoor_mapping_fusion.json,270
10.1016/s1474-6670(17)44087-0,Q08,272,23.003336,raw_crossref\Q08_outdoor_mapping_fusion.json,271
10.1016/j.aej.2026.01.029,Q08,273,23.003336,raw_crossref\Q08_outdoor_mapping_fusion.json,272
10.1109/ro-man57019.2023.10309627,Q08,274,22.98697,raw_crossref\Q08_outdoor_mapping_fusion.json,273
10.1109/iecon.2006.347701,Q08,275,22.983784,raw_crossref\Q08_outdoor_mapping_fusion.json,274
10.3390/app12062913,Q08,276,22.977573,raw_crossref\Q08_outdoor_mapping_fusion.json,275
10.1109/itaic.2011.6030374,Q08,277,22.974789,raw_crossref\Q08_outdoor_mapping_fusion.json,276
10.1145/106073.106125,Q08,278,22.974432,raw_crossref\Q08_outdoor_mapping_fusion.json,277
10.1109/iciecs.2009.5364051,Q08,279,22.97187,raw_crossref\Q08_outdoor_mapping_fusion.json,278
10.1016/s0967-0661(99)00028-3,Q08,280,22.969591,raw_crossref\Q08_outdoor_mapping_fusion.json,279
10.1109/cyber55403.2022.9907219,Q08,281,22.967196,raw_crossref\Q08_outdoor_mapping_fusion.json,280
10.1109/itoec.2018.8740655,Q08,282,22.967196,raw_crossref\Q08_outdoor_mapping_fusion.json,281
10.1016/j.ifacol.2018.06.092,Q08,283,22.966492,raw_crossref\Q08_outdoor_mapping_fusion.json,282
10.1109/jsen.2019.2910826,Q08,284,22.96006,raw_crossref\Q08_outdoor_mapping_fusion.json,283
10.18535/ijecs/v5i4.26,Q08,285,22.955454,raw_crossref\Q08_outdoor_mapping_fusion.json,284
10.1002/rob.22598,Q08,286,22.955399,raw_crossref\Q08_outdoor_mapping_fusion.json,285
10.2991/caai-17.2017.16,Q08,287,22.953941,raw_crossref\Q08_outdoor_mapping_fusion.json,286
10.1201/9781439800058-c12,Q08,288,22.94141,raw_crossref\Q08_outdoor_mapping_fusion.json,287
10.1109/ghtc.2016.7857304,Q08,289,22.934122,raw_crossref\Q08_outdoor_mapping_fusion.json,288
10.1109/tro.2008.921567,Q08,290,22.93165,raw_crossref\Q08_outdoor_mapping_fusion.json,289
10.1109/sii46433.2020.9026173,Q08,291,22.922018,raw_crossref\Q08_outdoor_mapping_fusion.json,290
10.1002/9781394155293.ch3,Q08,292,22.909395,raw_crossref\Q08_outdoor_mapping_fusion.json,291
10.1109/robot.2010.5509459,Q08,293,22.905188,raw_crossref\Q08_outdoor_mapping_fusion.json,292
10.5772/9300,Q08,294,22.884588,raw_crossref\Q08_outdoor_mapping_fusion.json,293
10.5220/0006532900480058,Q08,295,22.878447,raw_crossref\Q08_outdoor_mapping_fusion.json,294
10.1007/978-3-540-44410-7_9,Q08,296,22.793468,raw_crossref\Q08_outdoor_mapping_fusion.json,295
10.2139/ssrn.4270359,Q08,297,22.78626,raw_crossref\Q08_outdoor_mapping_fusion.json,296
10.1007/978-94-017-2376-3_3,Q08,298,22.783073,raw_crossref\Q08_outdoor_mapping_fusion.json,297
10.1049/iet-rsn.2020.0260,Q08,299,22.772524,raw_crossref\Q08_outdoor_mapping_fusion.json,298
10.18494/sam.2014.990,Q08,300,22.75303,raw_crossref\Q08_outdoor_mapping_fusion.json,299
10.1088/1742-6596/1684/1/012011,Q08,301,22.748264,raw_crossref\Q08_outdoor_mapping_fusion.json,300
10.3390/s120100429,Q08,302,22.741636,raw_crossref\Q08_outdoor_mapping_fusion.json,301
10.1117/12.2565371,Q08,303,22.740295,raw_crossref\Q08_outdoor_mapping_fusion.json,302
10.1016/j.asoc.2022.109554,Q08,304,22.727947,raw_crossref\Q08_outdoor_mapping_fusion.json,303
10.1145/106073.306858,Q08,305,22.726011,raw_crossref\Q08_outdoor_mapping_fusion.json,304
10.1504/ijsnet.2022.122983,Q08,306,22.710003,raw_crossref\Q08_outdoor_mapping_fusion.json,305
10.1109/isma.2015.7373480,Q08,307,22.707012,raw_crossref\Q08_outdoor_mapping_fusion.json,306
10.1109/isrcs.2011.6016098,Q08,308,22.706553,raw_crossref\Q08_outdoor_mapping_fusion.json,307
10.1117/12.2647084,Q08,309,22.705643,raw_crossref\Q08_outdoor_mapping_fusion.json,308
10.1007/s10015-004-0295-7,Q08,310,22.705643,raw_crossref\Q08_outdoor_mapping_fusion.json,309
10.4028/www.scientific.net/amr.1014.319,Q08,311,22.704317,raw_crossref\Q08_outdoor_mapping_fusion.json,310
10.3390/robotics15080142,Q08,312,22.703516,raw_crossref\Q08_outdoor_mapping_fusion.json,311
10.70917/ijcisim-2026-5236,Q08,313,22.695827,raw_crossref\Q08_outdoor_mapping_fusion.json,312
10.5772/9974,Q08,314,22.687145,raw_crossref\Q08_outdoor_mapping_fusion.json,313
10.1049/pbce073e_ch5,Q08,315,22.671406,raw_crossref\Q08_outdoor_mapping_fusion.json,314
10.5772/9275,Q08,316,22.653648,raw_crossref\Q08_outdoor_mapping_fusion.json,315
10.3724/sp.j.1218.2013.00200,Q08,317,22.647762,raw_crossref\Q08_outdoor_mapping_fusion.json,316
10.1109/icsens.2009.5398495,Q08,318,22.636158,raw_crossref\Q08_outdoor_mapping_fusion.json,317
10.1109/inss.2008.4610844,Q08,319,22.628178,raw_crossref\Q08_outdoor_mapping_fusion.json,318
10.5772/4768,Q08,320,22.61317,raw_crossref\Q08_outdoor_mapping_fusion.json,319
10.1016/b978-0-08-102706-6.00005-2,Q08,321,22.600868,raw_crossref\Q08_outdoor_mapping_fusion.json,320
10.1533/9781782422433.2.347,Q08,322,22.591038,raw_crossref\Q08_outdoor_mapping_fusion.json,321
10.5220/0010509200002995,Q08,323,22.582111,raw_crossref\Q08_outdoor_mapping_fusion.json,322
10.5220/0010509200210029,Q08,324,22.577877,raw_crossref\Q08_outdoor_mapping_fusion.json,323
10.1201/9781351207034-8,Q08,325,22.572289,raw_crossref\Q08_outdoor_mapping_fusion.json,324
10.1109/robio64047.2024.10907475,Q08,326,22.564608,raw_crossref\Q08_outdoor_mapping_fusion.json,325
10.1109/sice.2008.4655044,Q08,327,22.564608,raw_crossref\Q08_outdoor_mapping_fusion.json,326
10.5220/0008840001190126,Q08,328,22.49849,raw_crossref\Q08_outdoor_mapping_fusion.json,327
10.1016/j.jenvrad.2017.01.009,Q08,329,22.490429,raw_crossref\Q08_outdoor_mapping_fusion.json,328
10.1109/tvt.2019.2893878,Q08,330,22.48207,raw_crossref\Q08_outdoor_mapping_fusion.json,329
10.5772/9000,Q08,331,22.470842,raw_crossref\Q08_outdoor_mapping_fusion.json,330
10.1117/12.444154,Q08,332,22.469236,raw_crossref\Q08_outdoor_mapping_fusion.json,331
10.1007/978-1-4471-1273-0_33,Q08,333,22.468716,raw_crossref\Q08_outdoor_mapping_fusion.json,332
10.5302/j.icros.2009.15.4.365,Q08,334,22.459763,raw_crossref\Q08_outdoor_mapping_fusion.json,333
10.1109/iccpct.2014.7054830,Q08,335,22.459763,raw_crossref\Q08_outdoor_mapping_fusion.json,334
10.1007/s42322-023-00152-2,Q08,336,22.455807,raw_crossref\Q08_outdoor_mapping_fusion.json,335
10.6109/jicce.2010.8.6.709,Q08,337,22.451038,raw_crossref\Q08_outdoor_mapping_fusion.json,336
10.1109/lars-sbr-wre48964.2019.00032,Q08,338,22.451038,raw_crossref\Q08_outdoor_mapping_fusion.json,337
10.1109/lars/sbr/wre56824.2022.9996052,Q08,339,22.450151,raw_crossref\Q08_outdoor_mapping_fusion.json,338
10.1201/9781351207034-4,Q08,340,22.449785,raw_crossref\Q08_outdoor_mapping_fusion.json,339
10.1007/s10846-011-9581-5,Q08,341,22.449259,raw_crossref\Q08_outdoor_mapping_fusion.json,340
10.3390/s26072215,Q08,342,22.449137,raw_crossref\Q08_outdoor_mapping_fusion.json,341
10.1088/1742-6596/13/1/030,Q08,343,22.445826,raw_crossref\Q08_outdoor_mapping_fusion.json,342
10.1142/9789814329927_0009,Q08,344,22.445269,raw_crossref\Q08_outdoor_mapping_fusion.json,343
10.1016/j.inffus.2017.08.001,Q08,345,22.445005,raw_crossref\Q08_outdoor_mapping_fusion.json,344
10.1007/s42322-026-00255-6,Q08,346,22.438324,raw_crossref\Q08_outdoor_mapping_fusion.json,345
10.62051/ijmee.v8n3.03,Q08,347,22.437603,raw_crossref\Q08_outdoor_mapping_fusion.json,346
10.36561/ing.30.11,Q08,348,22.435814,raw_crossref\Q08_outdoor_mapping_fusion.json,347
10.5391/ijfis.2006.6.4.314,Q08,349,22.433239,raw_crossref\Q08_outdoor_mapping_fusion.json,348
10.18494/sam.2016.1227,Q08,350,22.412422,raw_crossref\Q08_outdoor_mapping_fusion.json,349
10.5772/5839,Q08,351,22.381554,raw_crossref\Q08_outdoor_mapping_fusion.json,350
10.1109/rap.2026.3676941,Q08,352,22.351772,raw_crossref\Q08_outdoor_mapping_fusion.json,351
10.1109/icves.2008.4640867,Q08,353,22.351429,raw_crossref\Q08_outdoor_mapping_fusion.json,352
10.1016/j.ifacol.2015.07.081,Q08,354,22.335987,raw_crossref\Q08_outdoor_mapping_fusion.json,353
10.1109/icit.2008.4608567,Q08,355,22.334734,raw_crossref\Q08_outdoor_mapping_fusion.json,354
10.1109/icarsc.2015.15,Q08,356,22.331251,raw_crossref\Q08_outdoor_mapping_fusion.json,355
10.1016/s0967-0661(98)00159-2,Q08,357,22.32766,raw_crossref\Q08_outdoor_mapping_fusion.json,356
10.1109/icris52159.2020.00012,Q08,358,22.322977,raw_crossref\Q08_outdoor_mapping_fusion.json,357
10.1109/ivs.2005.1505137,Q08,359,22.312372,raw_crossref\Q08_outdoor_mapping_fusion.json,358
10.3390/machines7020025,Q08,360,22.312372,raw_crossref\Q08_outdoor_mapping_fusion.json,359
10.1109/aucc.2016.7868190,Q08,361,22.305794,raw_crossref\Q08_outdoor_mapping_fusion.json,360
10.3390/app16157524,Q08,362,22.29893,raw_crossref\Q08_outdoor_mapping_fusion.json,361
10.1007/978-3-031-08476-8_4,Q08,363,22.288328,raw_crossref\Q08_outdoor_mapping_fusion.json,362
10.1049/pbce073e_ch4,Q08,364,22.285286,raw_crossref\Q08_outdoor_mapping_fusion.json,363
10.1155/2022/3301100,Q08,365,22.25175,raw_crossref\Q08_outdoor_mapping_fusion.json,364
10.1201/9781315151496-9,Q08,366,22.248478,raw_crossref\Q08_outdoor_mapping_fusion.json,365
10.1109/cerma.2009.12,Q08,367,22.215584,raw_crossref\Q08_outdoor_mapping_fusion.json,366
10.1061/9780784486115.082,Q08,368,22.209063,raw_crossref\Q08_outdoor_mapping_fusion.json,367
10.5772/intechopen.79412,Q08,369,22.18597,raw_crossref\Q08_outdoor_mapping_fusion.json,368
10.1117/12.299562,Q08,370,22.16068,raw_crossref\Q08_outdoor_mapping_fusion.json,369
10.5194/isprs-archives-xlii-1-w2-31-2019,Q08,371,22.137922,raw_crossref\Q08_outdoor_mapping_fusion.json,370
10.23919/icif.2017.8009743,Q08,372,22.124264,raw_crossref\Q08_outdoor_mapping_fusion.json,371
10.1007/978-3-642-80324-6_11,Q08,373,22.121216,raw_crossref\Q08_outdoor_mapping_fusion.json,372
10.5302/j.icros.2008.14.8.800,Q08,374,22.09851,raw_crossref\Q08_outdoor_mapping_fusion.json,373
10.5772/6588,Q08,375,22.093637,raw_crossref\Q08_outdoor_mapping_fusion.json,374
10.18494/sam.2016.1335,Q08,376,22.073267,raw_crossref\Q08_outdoor_mapping_fusion.json,375
10.2139/ssrn.4623371,Q08,377,22.072187,raw_crossref\Q08_outdoor_mapping_fusion.json,376
10.1049/pbce073e_fm,Q08,378,22.061523,raw_crossref\Q08_outdoor_mapping_fusion.json,377
10.1142/s0219878906001052,Q08,379,22.05969,raw_crossref\Q08_outdoor_mapping_fusion.json,378
10.2961/jlmn.2024.01.2013,Q08,380,22.050915,raw_crossref\Q08_outdoor_mapping_fusion.json,379
10.1109/mobhoc.2007.4428752,Q08,381,22.047073,raw_crossref\Q08_outdoor_mapping_fusion.json,380
10.1109/isstc59603.2023.10280998,Q08,382,22.03679,raw_crossref\Q08_outdoor_mapping_fusion.json,381
10.1109/etfa.1992.683295,Q08,383,22.031204,raw_crossref\Q08_outdoor_mapping_fusion.json,382
10.1109/icnsc.2010.5461524,Q08,384,21.995903,raw_crossref\Q08_outdoor_mapping_fusion.json,383
10.2316/j.2019.206-0078,Q08,385,21.9949,raw_crossref\Q08_outdoor_mapping_fusion.json,384
10.1109/iscaie.2016.7575061,Q08,386,21.992674,raw_crossref\Q08_outdoor_mapping_fusion.json,385
10.1109/icstcc.2013.6689007,Q08,387,21.99163,raw_crossref\Q08_outdoor_mapping_fusion.json,386
10.4028/www.scientific.net/amm.20-23.791,Q08,388,21.99163,raw_crossref\Q08_outdoor_mapping_fusion.json,387
10.4028/www.scientific.net/amm.607.791,Q08,389,21.984245,raw_crossref\Q08_outdoor_mapping_fusion.json,388
10.1016/j.robot.2018.11.019,Q08,390,21.982254,raw_crossref\Q08_outdoor_mapping_fusion.json,389
10.1109/sdf.2015.7347708,Q08,391,21.980383,raw_crossref\Q08_outdoor_mapping_fusion.json,390
10.1117/12.403715,Q08,392,21.978691,raw_crossref\Q08_outdoor_mapping_fusion.json,391
10.1109/lars-sbr.2016.58,Q08,393,21.978691,raw_crossref\Q08_outdoor_mapping_fusion.json,392
10.1109/sdf.2012.6327906,Q08,394,21.97553,raw_crossref\Q08_outdoor_mapping_fusion.json,393
10.1109/tie.2011.2109330,Q08,395,21.969624,raw_crossref\Q08_outdoor_mapping_fusion.json,394
10.1109/mva.2015.7153196,Q08,396,21.96104,raw_crossref\Q08_outdoor_mapping_fusion.json,395
10.3103/s0146411618050036,Q08,397,21.953005,raw_crossref\Q08_outdoor_mapping_fusion.json,396
10.1117/12.25290,Q08,398,21.95263,raw_crossref\Q08_outdoor_mapping_fusion.json,397
10.15625/2525-2518/59/0/15301,Q08,399,21.951315,raw_crossref\Q08_outdoor_mapping_fusion.json,398
10.1142/s0218194025500810,Q08,400,21.950916,raw_crossref\Q08_outdoor_mapping_fusion.json,399
10.5220/0004047304850488,Q08,401,21.950449,raw_crossref\Q08_outdoor_mapping_fusion.json,400
10.5302/j.icros.2023.23.0083,Q08,402,21.94461,raw_crossref\Q08_outdoor_mapping_fusion.json,401
10.5302/j.icros.2005.11.4.304,Q08,403,21.942621,raw_crossref\Q08_outdoor_mapping_fusion.json,402
10.1007/s10846-018-0916-3,Q08,404,21.912102,raw_crossref\Q08_outdoor_mapping_fusion.json,403
10.5772/13401,Q08,405,21.890383,raw_crossref\Q08_outdoor_mapping_fusion.json,404
10.1007/s10514-005-0606-4,Q08,406,21.877918,raw_crossref\Q08_outdoor_mapping_fusion.json,405
10.3724/sp.j.1187.2011.00038,Q08,407,21.864555,raw_crossref\Q08_outdoor_mapping_fusion.json,406
10.3724/sp.j.1146.2007.00296,Q08,408,21.81731,raw_crossref\Q08_outdoor_mapping_fusion.json,407
10.1109/mass.2012.6708522,Q08,409,21.812502,raw_crossref\Q08_outdoor_mapping_fusion.json,408
10.1108/01439910710718405,Q08,410,21.799103,raw_crossref\Q08_outdoor_mapping_fusion.json,409
10.1088/1755-1315/170/4/042167,Q08,411,21.79031,raw_crossref\Q08_outdoor_mapping_fusion.json,410
10.1007/s10846-010-9518-4,Q08,412,21.786396,raw_crossref\Q08_outdoor_mapping_fusion.json,411
10.1088/1755-1315/470/1/012003,Q08,413,21.779087,raw_crossref\Q08_outdoor_mapping_fusion.json,412
10.1142/9789814374286_0038,Q08,414,21.769062,raw_crossref\Q08_outdoor_mapping_fusion.json,413
10.1049/pbce073e_ch1,Q08,415,21.765293,raw_crossref\Q08_outdoor_mapping_fusion.json,414
10.1049/pbce073e_bm,Q08,416,21.760975,raw_crossref\Q08_outdoor_mapping_fusion.json,415
10.1109/isstc59603.2023.10281070,Q08,417,21.75742,raw_crossref\Q08_outdoor_mapping_fusion.json,416
10.1109/sice.2007.4421219,Q08,418,21.751942,raw_crossref\Q08_outdoor_mapping_fusion.json,417
10.1002/9781118026403.ch8,Q08,419,21.747217,raw_crossref\Q08_outdoor_mapping_fusion.json,418
10.1109/southeastcon63549.2026.11476175,Q08,420,21.746048,raw_crossref\Q08_outdoor_mapping_fusion.json,419
10.23919/fusion49751.2022.9841341,Q08,421,21.738111,raw_crossref\Q08_outdoor_mapping_fusion.json,420
10.1109/aim.2011.6027041,Q08,422,21.737104,raw_crossref\Q08_outdoor_mapping_fusion.json,421
10.12792/jiiae.8.33,Q08,423,21.73228,raw_crossref\Q08_outdoor_mapping_fusion.json,422
10.1049/cp:19940195,Q08,424,21.724503,raw_crossref\Q08_outdoor_mapping_fusion.json,423
10.62517/jes.202402215,Q08,425,21.724503,raw_crossref\Q08_outdoor_mapping_fusion.json,424
10.1108/02602289910279193,Q08,426,21.723774,raw_crossref\Q08_outdoor_mapping_fusion.json,425
10.1016/j.compag.2015.09.025,Q08,427,21.718355,raw_crossref\Q08_outdoor_mapping_fusion.json,426
10.1109/iceeccot52851.2021.9708058,Q08,428,21.718355,raw_crossref\Q08_outdoor_mapping_fusion.json,427
10.3389/fnins.2012.00021,Q08,429,21.700958,raw_crossref\Q08_outdoor_mapping_fusion.json,428
10.1177/17298806261432728,Q08,430,21.69793,raw_crossref\Q08_outdoor_mapping_fusion.json,429
10.23919/fusion52260.2023.10224204,Q08,431,21.695242,raw_crossref\Q08_outdoor_mapping_fusion.json,430
10.1007/978-3-642-10345-2_2,Q08,432,21.693073,raw_crossref\Q08_outdoor_mapping_fusion.json,431
10.1109/icsens.2015.7370394,Q08,433,21.690083,raw_crossref\Q08_outdoor_mapping_fusion.json,432
10.1007/978-3-642-77225-2_18,Q08,434,21.68536,raw_crossref\Q08_outdoor_mapping_fusion.json,433
10.15763/issn.2470-9670.2021.v5.i1.a75,Q08,435,21.684069,raw_crossref\Q08_outdoor_mapping_fusion.json,434
10.21236/ada444475,Q08,436,21.675457,raw_crossref\Q08_outdoor_mapping_fusion.json,435
10.22541/authorea.15003117/v1,Q08,437,21.66797,raw_crossref\Q08_outdoor_mapping_fusion.json,436
10.1109/tepra.2008.4686681,Q08,438,21.664139,raw_crossref\Q08_outdoor_mapping_fusion.json,437
10.1007/bf00735432,Q08,439,21.653969,raw_crossref\Q08_outdoor_mapping_fusion.json,438
10.5194/egusphere-egu23-17425,Q08,440,21.648823,raw_crossref\Q08_outdoor_mapping_fusion.json,439
10.21203/rs.3.rs-10400378/v1,Q08,441,21.648325,raw_crossref\Q08_outdoor_mapping_fusion.json,440
10.1109/acc.2007.4283086,Q08,442,21.640606,raw_crossref\Q08_outdoor_mapping_fusion.json,441
10.1109/tmc.2017.2766635,Q08,443,21.637789,raw_crossref\Q08_outdoor_mapping_fusion.json,442
10.1109/issnip.2005.1595598,Q08,444,21.637323,raw_crossref\Q08_outdoor_mapping_fusion.json,443
10.1109/iros.2007.4399108,Q08,445,21.633709,raw_crossref\Q08_outdoor_mapping_fusion.json,444
10.1117/12.969978,Q08,446,21.6322,raw_crossref\Q08_outdoor_mapping_fusion.json,445
10.1108/01439910610705626,Q08,447,21.631168,raw_crossref\Q08_outdoor_mapping_fusion.json,446
10.1109/tencon66050.2025.11375218,Q08,448,21.629225,raw_crossref\Q08_outdoor_mapping_fusion.json,447
10.1142/9789812816177_0008,Q08,449,21.61826,raw_crossref\Q08_outdoor_mapping_fusion.json,448
10.53106/160792642023012401019,Q08,450,21.61694,raw_crossref\Q08_outdoor_mapping_fusion.json,449
10.1007/bf00711253,Q08,451,21.597004,raw_crossref\Q08_outdoor_mapping_fusion.json,450
10.5220/0005692200190029,Q08,452,21.586708,raw_crossref\Q08_outdoor_mapping_fusion.json,451
10.1109/tro.2006.878947,Q08,453,21.5712,raw_crossref\Q08_outdoor_mapping_fusion.json,452
10.1016/j.jenvrad.2024.107583,Q08,454,21.559599,raw_crossref\Q08_outdoor_mapping_fusion.json,453
10.1088/1755-1315/707/1/012007,Q08,455,21.547245,raw_crossref\Q08_outdoor_mapping_fusion.json,454
10.5391/ijfis.2007.7.3.198,Q08,456,21.5192,raw_crossref\Q08_outdoor_mapping_fusion.json,455
10.1007/978-3-662-46466-3_7,Q08,457,21.507992,raw_crossref\Q08_outdoor_mapping_fusion.json,456
10.3390/app12073560,Q08,458,21.507992,raw_crossref\Q08_outdoor_mapping_fusion.json,457
10.1142/s0219878907001125,Q08,459,21.50295,raw_crossref\Q08_outdoor_mapping_fusion.json,458
10.1007/978-94-007-1839-5_13,Q08,460,21.50295,raw_crossref\Q08_outdoor_mapping_fusion.json,459
10.1109/msn.2015.12,Q08,461,21.496954,raw_crossref\Q08_outdoor_mapping_fusion.json,460
10.1109/scecs65243.2025.11065108,Q08,462,21.492172,raw_crossref\Q08_outdoor_mapping_fusion.json,461
10.1115/imece1995-0770,Q08,463,21.481632,raw_crossref\Q08_outdoor_mapping_fusion.json,462
10.5391/ijfis.2004.4.1.023,Q08,464,21.479061,raw_crossref\Q08_outdoor_mapping_fusion.json,463
10.1117/12.360357,Q08,465,21.477146,raw_crossref\Q08_outdoor_mapping_fusion.json,464
10.1007/s10514-011-9219-2,Q08,466,21.475792,raw_crossref\Q08_outdoor_mapping_fusion.json,465
10.1007/bfb0013966,Q08,467,21.475452,raw_crossref\Q08_outdoor_mapping_fusion.json,466
10.20944/preprints202409.1033.v1,Q08,468,21.47197,raw_crossref\Q08_outdoor_mapping_fusion.json,467
10.1007/978-1-4471-0025-6_4,Q08,469,21.467293,raw_crossref\Q08_outdoor_mapping_fusion.json,468
10.1109/aiotc66747.2025.11198655,Q08,470,21.467068,raw_crossref\Q08_outdoor_mapping_fusion.json,469
10.1007/978-3-319-02675-6_49,Q08,471,21.466194,raw_crossref\Q08_outdoor_mapping_fusion.json,470
10.31237/osf.io/p4thn,Q08,472,21.463621,raw_crossref\Q08_outdoor_mapping_fusion.json,471
10.1049/pbce073e_ch7,Q08,473,21.456806,raw_crossref\Q08_outdoor_mapping_fusion.json,472
10.1109/icma.2006.257724,Q08,474,21.437431,raw_crossref\Q08_outdoor_mapping_fusion.json,473
10.1109/icma.2007.4303630,Q08,475,21.436497,raw_crossref\Q08_outdoor_mapping_fusion.json,474
10.1109/icmech.2009.4957162,Q08,476,21.435644,raw_crossref\Q08_outdoor_mapping_fusion.json,475
10.17762/converter.303,Q08,477,21.43496,raw_crossref\Q08_outdoor_mapping_fusion.json,476
10.1117/12.25279,Q08,478,21.43126,raw_crossref\Q08_outdoor_mapping_fusion.json,477
10.1109/70.86083,Q08,479,21.423693,raw_crossref\Q08_outdoor_mapping_fusion.json,478
10.1109/iros.2005.1545152,Q08,480,21.423662,raw_crossref\Q08_outdoor_mapping_fusion.json,479
10.1109/icces.2009.5383296,Q08,481,21.419014,raw_crossref\Q08_outdoor_mapping_fusion.json,480
10.1049/pbce073e_ch6,Q08,482,21.414782,raw_crossref\Q08_outdoor_mapping_fusion.json,481
10.1007/s10514-009-9146-7,Q08,483,21.41023,raw_crossref\Q08_outdoor_mapping_fusion.json,482
10.1016/j.inffus.2018.10.007,Q08,484,21.404385,raw_crossref\Q08_outdoor_mapping_fusion.json,483
10.3390/electronics11142214,Q08,485,21.394024,raw_crossref\Q08_outdoor_mapping_fusion.json,484
10.1109/icar.2005.1507409,Q08,486,21.383839,raw_crossref\Q08_outdoor_mapping_fusion.json,485
10.5772/33139,Q08,487,21.380188,raw_crossref\Q08_outdoor_mapping_fusion.json,486
10.1109/humanoids.2014.7041363,Q08,488,21.375925,raw_crossref\Q08_outdoor_mapping_fusion.json,487
10.1109/tro.2008.918057,Q08,489,21.374918,raw_crossref\Q08_outdoor_mapping_fusion.json,488
10.1002/9781394155293.ch8,Q08,490,21.371866,raw_crossref\Q08_outdoor_mapping_fusion.json,489
10.3390/electronics15132768,Q08,491,21.3701,raw_crossref\Q08_outdoor_mapping_fusion.json,490
10.1109/wmnc.2014.6878851,Q08,492,21.369371,raw_crossref\Q08_outdoor_mapping_fusion.json,491
10.1109/upinlbs.2012.6409748,Q08,493,21.366154,raw_crossref\Q08_outdoor_mapping_fusion.json,492
10.12792/iciae2019.048,Q08,494,21.366108,raw_crossref\Q08_outdoor_mapping_fusion.json,493
10.1109/robot.2007.363878,Q08,495,21.36575,raw_crossref\Q08_outdoor_mapping_fusion.json,494
10.1109/mim.2007.4284253,Q08,496,21.362041,raw_crossref\Q08_outdoor_mapping_fusion.json,495
10.1142/9789814551342_0006,Q08,497,21.35759,raw_crossref\Q08_outdoor_mapping_fusion.json,496
10.23919/icif.2017.8009760,Q08,498,21.35096,raw_crossref\Q08_outdoor_mapping_fusion.json,497
10.5772/9252,Q08,499,21.350262,raw_crossref\Q08_outdoor_mapping_fusion.json,498
10.5772/7030,Q08,500,21.349413,raw_crossref\Q08_outdoor_mapping_fusion.json,499
10.1109/lra.2022.3146558,Q09,1,29.045143,raw_crossref\Q09_robotic_sampling.json,0
10.1108/ir-11-2016-0305,Q09,2,28.926157,raw_crossref\Q09_robotic_sampling.json,1
10.1016/b978-0-12-417049-0.00010-9,Q09,3,28.195433,raw_crossref\Q09_robotic_sampling.json,2
10.2139/ssrn.4873574,Q09,4,27.897652,raw_crossref\Q09_robotic_sampling.json,3
10.3390/app11199271,Q09,5,27.677958,raw_crossref\Q09_robotic_sampling.json,4
10.1201/9781003352426-4,Q09,6,27.372232,raw_crossref\Q09_robotic_sampling.json,5
10.13180/clawar.2018.10-12.09.36,Q09,7,27.362083,raw_crossref\Q09_robotic_sampling.json,6
10.31730/osf.io/v3264,Q09,8,26.865692,raw_crossref\Q09_robotic_sampling.json,7
10.1142/9789811253478_0008,Q09,9,26.448826,raw_crossref\Q09_robotic_sampling.json,8
10.1016/j.ohx.2025.e00652,Q09,10,26.394093,raw_crossref\Q09_robotic_sampling.json,9
10.1049/pbce073e_ch5,Q09,11,26.0906,raw_crossref\Q09_robotic_sampling.json,10
10.1142/9789811253478_0007,Q09,12,26.049688,raw_crossref\Q09_robotic_sampling.json,11
10.1108/01439910710718432,Q09,13,25.975163,raw_crossref\Q09_robotic_sampling.json,12
10.5220/0005975402540261,Q09,14,25.825022,raw_crossref\Q09_robotic_sampling.json,13
10.1201/9781003352426-6,Q09,15,25.657534,raw_crossref\Q09_robotic_sampling.json,14
10.1002/9781119381440.fmatter,Q09,16,25.564304,raw_crossref\Q09_robotic_sampling.json,15
10.5772/6052,Q09,17,25.513077,raw_crossref\Q09_robotic_sampling.json,16
10.2174/9789815051728122010008,Q09,18,25.387196,raw_crossref\Q09_robotic_sampling.json,17
10.1201/9781003352426-3,Q09,19,25.331177,raw_crossref\Q09_robotic_sampling.json,18
10.1007/978-3-030-42715-3_3,Q09,20,25.263573,raw_crossref\Q09_robotic_sampling.json,19
10.1201/9781003352426-7,Q09,21,25.24407,raw_crossref\Q09_robotic_sampling.json,20
10.1109/romoco60539.2024.10604304,Q09,22,25.226229,raw_crossref\Q09_robotic_sampling.json,21
10.1163/156855399x00982,Q09,23,25.162537,raw_crossref\Q09_robotic_sampling.json,22
10.2139/ssrn.4649993,Q09,24,25.067347,raw_crossref\Q09_robotic_sampling.json,23
10.22541/au.158456509.94127297,Q09,25,24.935062,raw_crossref\Q09_robotic_sampling.json,24
10.1109/lra.2025.3634925,Q09,26,24.78482,raw_crossref\Q09_robotic_sampling.json,25
10.1108/01439910010323987,Q09,27,24.771746,raw_crossref\Q09_robotic_sampling.json,26
10.1109/iceccc61767.2024.10593852,Q09,28,24.675678,raw_crossref\Q09_robotic_sampling.json,27
10.5614/joki.2016.8.2.1,Q09,29,24.578592,raw_crossref\Q09_robotic_sampling.json,28
10.1109/ukricis.2010.5898134,Q09,30,24.573578,raw_crossref\Q09_robotic_sampling.json,29
10.2139/ssrn.4963696,Q09,31,24.56562,raw_crossref\Q09_robotic_sampling.json,30
10.1201/9781003352426-2,Q09,32,24.559357,raw_crossref\Q09_robotic_sampling.json,31
10.4017/gt.2014.13.02.413.00,Q09,33,24.512268,raw_crossref\Q09_robotic_sampling.json,32
10.5593/sgem2022v/3.2/s12.14,Q09,34,24.510801,raw_crossref\Q09_robotic_sampling.json,33
10.1142/9789814291279_0103,Q09,35,24.309158,raw_crossref\Q09_robotic_sampling.json,34
10.13180/clawar.2020.24-26.08.40,Q09,36,24.266813,raw_crossref\Q09_robotic_sampling.json,35
10.1145/3702468.3702471,Q09,37,24.227617,raw_crossref\Q09_robotic_sampling.json,36
10.36227/techrxiv.17050970,Q09,38,24.17142,raw_crossref\Q09_robotic_sampling.json,37
10.1007/978-94-017-0657-5_23,Q09,39,24.167412,raw_crossref\Q09_robotic_sampling.json,38
10.1007/978-981-92-2074-8_15,Q09,40,24.152632,raw_crossref\Q09_robotic_sampling.json,39
10.1007/978-3-030-42715-3_7,Q09,41,24.142307,raw_crossref\Q09_robotic_sampling.json,40
10.36227/techrxiv.17050970.v1,Q09,42,24.128311,raw_crossref\Q09_robotic_sampling.json,41
10.1049/pbce073e_ch3,Q09,43,24.065914,raw_crossref\Q09_robotic_sampling.json,42
10.1142/9789812835772_0074,Q09,44,23.993664,raw_crossref\Q09_robotic_sampling.json,43
10.1109/ur65550.2025.11078098,Q09,45,23.966513,raw_crossref\Q09_robotic_sampling.json,44
10.1142/9789814291279_0124,Q09,46,23.924809,raw_crossref\Q09_robotic_sampling.json,45
10.1109/cdc.2013.6760427,Q09,47,23.894274,raw_crossref\Q09_robotic_sampling.json,46
10.2139/ssrn.5252834,Q09,48,23.892166,raw_crossref\Q09_robotic_sampling.json,47
10.1142/9789814525534_0083,Q09,49,23.871256,raw_crossref\Q09_robotic_sampling.json,48
10.1109/romoco.2019.8787375,Q09,50,23.850616,raw_crossref\Q09_robotic_sampling.json,49
10.1109/romoco.2013.6614618,Q09,51,23.825308,raw_crossref\Q09_robotic_sampling.json,50
10.54097/hset.v52i.8886,Q09,52,23.735016,raw_crossref\Q09_robotic_sampling.json,51
10.17683/ijomam/issue11.10,Q09,53,23.693895,raw_crossref\Q09_robotic_sampling.json,52
10.1007/978-3-642-37374-9_20,Q09,54,23.63425,raw_crossref\Q09_robotic_sampling.json,53
10.1109/iccas.2010.5670217,Q09,55,23.597843,raw_crossref\Q09_robotic_sampling.json,54
10.1515/eng-2016-0007,Q09,56,23.553446,raw_crossref\Q09_robotic_sampling.json,55
10.1109/icrae64368.2024.10851625,Q09,57,23.453856,raw_crossref\Q09_robotic_sampling.json,56
10.2172/1995256,Q09,58,23.338758,raw_crossref\Q09_robotic_sampling.json,57
10.1109/icmtma.2009.54,Q09,59,23.283756,raw_crossref\Q09_robotic_sampling.json,58
10.1108/k-11-2013-0258,Q09,60,23.235865,raw_crossref\Q09_robotic_sampling.json,59
10.1109/icra.2012.6224793,Q09,61,23.194645,raw_crossref\Q09_robotic_sampling.json,60
10.1115/1.861rob_ch8,Q09,62,23.143318,raw_crossref\Q09_robotic_sampling.json,61
10.1109/icaibd55127.2022.9820090,Q09,63,23.118853,raw_crossref\Q09_robotic_sampling.json,62
10.1007/978-3-662-07896-9_21,Q09,64,23.087374,raw_crossref\Q09_robotic_sampling.json,63
10.1049/pbce073e_fm,Q09,65,23.085636,raw_crossref\Q09_robotic_sampling.json,64
10.1007/bf00710858,Q09,66,23.067543,raw_crossref\Q09_robotic_sampling.json,65
10.1016/j.softx.2024.101750,Q09,67,22.979057,raw_crossref\Q09_robotic_sampling.json,66
10.1117/12.2228464,Q09,68,22.951157,raw_crossref\Q09_robotic_sampling.json,67
10.1142/9789814415958_0091,Q09,69,22.950844,raw_crossref\Q09_robotic_sampling.json,68
10.2991/icmmcce-15.2015.433,Q09,70,22.940182,raw_crossref\Q09_robotic_sampling.json,69
10.1109/riiss.2013.6607926,Q09,71,22.931908,raw_crossref\Q09_robotic_sampling.json,70
10.21203/rs.3.rs-1683882/v1,Q09,72,22.926731,raw_crossref\Q09_robotic_sampling.json,71
10.1109/icat.2009.5348425,Q09,73,22.917622,raw_crossref\Q09_robotic_sampling.json,72
10.1109/urai.2015.7358969,Q09,74,22.897112,raw_crossref\Q09_robotic_sampling.json,73
10.1109/romoco.2015.7219715,Q09,75,22.89429,raw_crossref\Q09_robotic_sampling.json,74
10.1145/2504335.2504399,Q09,76,22.892689,raw_crossref\Q09_robotic_sampling.json,75
10.1109/access.2026.3685422,Q09,77,22.889826,raw_crossref\Q09_robotic_sampling.json,76
10.21203/rs.3.rs-4308069/v1,Q09,78,22.846836,raw_crossref\Q09_robotic_sampling.json,77
10.1049/pbce073e_bm,Q09,79,22.754353,raw_crossref\Q09_robotic_sampling.json,78
10.1049/pbce073e_ch1,Q09,80,22.750973,raw_crossref\Q09_robotic_sampling.json,79
10.35840/2631-5106/4105,Q09,81,22.708689,raw_crossref\Q09_robotic_sampling.json,80
10.4028/www.scientific.net/amm.319.385,Q09,82,22.691265,raw_crossref\Q09_robotic_sampling.json,81
10.1002/9781119381440.ch8,Q09,83,22.686947,raw_crossref\Q09_robotic_sampling.json,82
10.1109/ccdc.2011.5968929,Q09,84,22.67248,raw_crossref\Q09_robotic_sampling.json,83
10.1109/carpathiancc.2014.6843608,Q09,85,22.67248,raw_crossref\Q09_robotic_sampling.json,84
10.21203/rs.3.rs-9502784/v1,Q09,86,22.67248,raw_crossref\Q09_robotic_sampling.json,85
10.1109/icmech.2009.4957118,Q09,87,22.671211,raw_crossref\Q09_robotic_sampling.json,86
10.1115/jrc2022-79739,Q09,88,22.658745,raw_crossref\Q09_robotic_sampling.json,87
10.1109/ibss.2015.7456644,Q09,89,22.650608,raw_crossref\Q09_robotic_sampling.json,88
10.1007/978-981-96-2512-3_2,Q09,90,22.650608,raw_crossref\Q09_robotic_sampling.json,89
10.1109/itcs.2009.152,Q09,91,22.64507,raw_crossref\Q09_robotic_sampling.json,90
10.2172/1997106,Q09,92,22.618061,raw_crossref\Q09_robotic_sampling.json,91
10.1575/1912/25090,Q09,93,22.608559,raw_crossref\Q09_robotic_sampling.json,92
10.1108/ir-06-2015-0119,Q09,94,22.594742,raw_crossref\Q09_robotic_sampling.json,93
10.1109/iros58592.2024.10802354,Q09,95,22.566809,raw_crossref\Q09_robotic_sampling.json,94
10.5220/0010528503880395,Q09,96,22.530346,raw_crossref\Q09_robotic_sampling.json,95
10.5220/0010528500002994,Q09,97,22.502213,raw_crossref\Q09_robotic_sampling.json,96
10.1155/2021/4448648,Q09,98,22.491592,raw_crossref\Q09_robotic_sampling.json,97
10.1108/ir.2001.04928ead.009,Q09,99,22.49142,raw_crossref\Q09_robotic_sampling.json,98
10.23939/tt2023.02.056,Q09,100,22.477306,raw_crossref\Q09_robotic_sampling.json,99
10.1049/pbce073e_ch7,Q09,101,22.423105,raw_crossref\Q09_robotic_sampling.json,100
10.1109/robio.2011.6181748,Q09,102,22.406345,raw_crossref\Q09_robotic_sampling.json,101
10.3901/jme.2011.03.049,Q09,103,22.400852,raw_crossref\Q09_robotic_sampling.json,102
10.2172/1997518,Q09,104,22.39904,raw_crossref\Q09_robotic_sampling.json,103
10.1142/9789812835772_0073,Q09,105,22.396818,raw_crossref\Q09_robotic_sampling.json,104
10.54254/2755-2721/6/20230769,Q09,106,22.396818,raw_crossref\Q09_robotic_sampling.json,105
10.3390/machines10121232,Q09,107,22.378428,raw_crossref\Q09_robotic_sampling.json,106
10.1007/s10514-015-9427-2,Q09,108,22.374714,raw_crossref\Q09_robotic_sampling.json,107
10.1049/pbce073e_ch6,Q09,109,22.36906,raw_crossref\Q09_robotic_sampling.json,108
10.2507/32nd.daaam.proceedings.065,Q09,110,22.368208,raw_crossref\Q09_robotic_sampling.json,109
10.1109/is61756.2024.10705242,Q09,111,22.359678,raw_crossref\Q09_robotic_sampling.json,110
10.1109/icar.1991.240541,Q09,112,22.35719,raw_crossref\Q09_robotic_sampling.json,111
10.1142/9789812835772_0067,Q09,113,22.3502,raw_crossref\Q09_robotic_sampling.json,112
10.1007/978-981-96-2512-3_3,Q09,114,22.34475,raw_crossref\Q09_robotic_sampling.json,113
10.1063/1.5099794,Q09,115,22.337877,raw_crossref\Q09_robotic_sampling.json,114
10.1142/9789812835772_0038,Q09,116,22.331347,raw_crossref\Q09_robotic_sampling.json,115
10.1142/9789814291279_0057,Q09,117,22.32769,raw_crossref\Q09_robotic_sampling.json,116
10.1109/wcica.2014.7052768,Q09,118,22.326702,raw_crossref\Q09_robotic_sampling.json,117
10.1109/iecon.2009.5414734,Q09,119,22.324215,raw_crossref\Q09_robotic_sampling.json,118
10.1142/9789812835772_0072,Q09,120,22.323132,raw_crossref\Q09_robotic_sampling.json,119
10.1109/icia.2007.4295786,Q09,121,22.306465,raw_crossref\Q09_robotic_sampling.json,120
10.1109/iros.2009.5354546,Q09,122,22.303873,raw_crossref\Q09_robotic_sampling.json,121
10.24200/sci.2020.53117.3068,Q09,123,22.301708,raw_crossref\Q09_robotic_sampling.json,122
10.1007/s11370-018-0251-3,Q09,124,22.286194,raw_crossref\Q09_robotic_sampling.json,123
10.1109/telecom66943.2025.11304102,Q09,125,22.271458,raw_crossref\Q09_robotic_sampling.json,124
10.23919/sice59929.2023.10354095,Q09,126,22.269594,raw_crossref\Q09_robotic_sampling.json,125
10.1109/telecom66943.2025.11304042,Q09,127,22.177698,raw_crossref\Q09_robotic_sampling.json,126
10.15625/2525-2518/54/3a/11956,Q09,128,22.120176,raw_crossref\Q09_robotic_sampling.json,127
10.1109/tepra.2015.7219682,Q09,129,22.091904,raw_crossref\Q09_robotic_sampling.json,128
10.1007/978-3-030-42715-3_2,Q09,130,22.089003,raw_crossref\Q09_robotic_sampling.json,129
10.26760/mindjournal.v3i1.15-23,Q09,131,22.081966,raw_crossref\Q09_robotic_sampling.json,130
10.1017/s0263574705002006,Q09,132,22.073975,raw_crossref\Q09_robotic_sampling.json,131
10.13053/cys-19-1-1910,Q09,133,22.062134,raw_crossref\Q09_robotic_sampling.json,132
10.2139/ssrn.4623370,Q09,134,22.061077,raw_crossref\Q09_robotic_sampling.json,133
10.1109/tepra.2014.6869149,Q09,135,22.05353,raw_crossref\Q09_robotic_sampling.json,134
10.55525/tjst.889892,Q09,136,22.052889,raw_crossref\Q09_robotic_sampling.json,135
10.5013/ijssst.a.17.48.03,Q09,137,22.048565,raw_crossref\Q09_robotic_sampling.json,136
10.1109/icamechs54019.2021.9661538,Q09,138,22.044966,raw_crossref\Q09_robotic_sampling.json,137
10.1109/romoco.2015.7219745,Q09,139,22.037819,raw_crossref\Q09_robotic_sampling.json,138
10.3390/math10203773,Q09,140,22.036953,raw_crossref\Q09_robotic_sampling.json,139
10.29354/diag/94498,Q09,141,22.02227,raw_crossref\Q09_robotic_sampling.json,140
10.1201/9781003339229-12,Q09,142,22.014267,raw_crossref\Q09_robotic_sampling.json,141
10.1016/s1474-6670(17)44206-6,Q09,143,22.014267,raw_crossref\Q09_robotic_sampling.json,142
10.1142/9789814329927_0103,Q09,144,22.001955,raw_crossref\Q09_robotic_sampling.json,143
10.1016/j.proeng.2015.01.430,Q09,145,21.99612,raw_crossref\Q09_robotic_sampling.json,144
10.1109/ro-man53752.2022.9900642,Q09,146,21.986275,raw_crossref\Q09_robotic_sampling.json,145
10.1109/romoco.2017.8003900,Q09,147,21.96518,raw_crossref\Q09_robotic_sampling.json,146
10.1109/iccas.2015.7364605,Q09,148,21.96518,raw_crossref\Q09_robotic_sampling.json,147
10.1016/s0926-5805(02)00012-2,Q09,149,21.942793,raw_crossref\Q09_robotic_sampling.json,148
10.1109/rem49740.2020.9313081,Q09,150,21.907848,raw_crossref\Q09_robotic_sampling.json,149
10.1109/ssrr53300.2021.9597678,Q09,151,21.872349,raw_crossref\Q09_robotic_sampling.json,150
10.1007/978-3-319-56802-7_21,Q09,152,21.851284,raw_crossref\Q09_robotic_sampling.json,151
10.1108/ir.2004.04931cad.008,Q09,153,21.849503,raw_crossref\Q09_robotic_sampling.json,152
10.1049/pbce073e_ch2,Q09,154,21.792229,raw_crossref\Q09_robotic_sampling.json,153
10.1109/ecmr50962.2021.9568790,Q09,155,21.785551,raw_crossref\Q09_robotic_sampling.json,154
10.1109/iccta35431.2014.9521617,Q09,156,21.78321,raw_crossref\Q09_robotic_sampling.json,155
10.1109/lra.2026.3656723,Q09,157,21.779682,raw_crossref\Q09_robotic_sampling.json,156
10.1016/j.asoc.2022.109136,Q09,158,21.7785,raw_crossref\Q09_robotic_sampling.json,157
10.1109/icarm.2019.8834240,Q09,159,21.776112,raw_crossref\Q09_robotic_sampling.json,158
10.15406/iratj.2017.02.00033,Q09,160,21.775982,raw_crossref\Q09_robotic_sampling.json,159
10.1504/ijaac.2026.10068883,Q09,161,21.774935,raw_crossref\Q09_robotic_sampling.json,160
10.4028/www.scientific.net/amm.555.163,Q09,162,21.771692,raw_crossref\Q09_robotic_sampling.json,161
10.1109/icma.2007.4303823,Q09,163,21.758682,raw_crossref\Q09_robotic_sampling.json,162
10.1109/robio.2010.5723325,Q09,164,21.757618,raw_crossref\Q09_robotic_sampling.json,163
10.1007/s10846-021-01317-1,Q09,165,21.757618,raw_crossref\Q09_robotic_sampling.json,164
10.1109/icra57147.2024.10611561,Q09,166,21.752634,raw_crossref\Q09_robotic_sampling.json,165
10.13031/aim.202600046,Q09,167,21.740786,raw_crossref\Q09_robotic_sampling.json,166
10.12792/jiiae.8.33,Q09,168,21.726637,raw_crossref\Q09_robotic_sampling.json,167
10.18178/ijmerr.9.11.1509-1514,Q09,169,21.71813,raw_crossref\Q09_robotic_sampling.json,168
10.1007/s10514-009-9142-y,Q09,170,21.71813,raw_crossref\Q09_robotic_sampling.json,169
10.1108/ir-07-2015-0136,Q09,171,21.705564,raw_crossref\Q09_robotic_sampling.json,170
10.1109/robio58561.2023.10354831,Q09,172,21.68774,raw_crossref\Q09_robotic_sampling.json,171
10.1007/s10846-010-9449-0,Q09,173,21.666126,raw_crossref\Q09_robotic_sampling.json,172
10.3389/frobt.2024.1459902,Q09,174,21.653603,raw_crossref\Q09_robotic_sampling.json,173
10.1016/b978-044482250-5/50021-9,Q09,175,21.629766,raw_crossref\Q09_robotic_sampling.json,174
10.1109/ssrr.2013.6719338,Q09,176,21.629766,raw_crossref\Q09_robotic_sampling.json,175
10.1155/2022/9829165,Q09,177,21.628042,raw_crossref\Q09_robotic_sampling.json,176
10.1504/ijaac.2026.150566,Q09,178,21.59872,raw_crossref\Q09_robotic_sampling.json,177
10.1109/iccr64365.2024.10927435,Q09,179,21.574215,raw_crossref\Q09_robotic_sampling.json,178
10.1109/iccar.2016.7486691,Q09,180,21.574215,raw_crossref\Q09_robotic_sampling.json,179
10.1109/lra.2020.3013942,Q09,181,21.554646,raw_crossref\Q09_robotic_sampling.json,180
10.1109/icrae59816.2023.10458658,Q09,182,21.530916,raw_crossref\Q09_robotic_sampling.json,181
10.30880/ijie.2023.15.07.012,Q09,183,21.530916,raw_crossref\Q09_robotic_sampling.json,182
10.1108/ir-07-2015-0142,Q09,184,21.52887,raw_crossref\Q09_robotic_sampling.json,183
10.1117/12.3052432,Q09,185,21.516457,raw_crossref\Q09_robotic_sampling.json,184
10.14313/jamris_1-2019/7,Q09,186,21.50703,raw_crossref\Q09_robotic_sampling.json,185
10.15302/j-sscae-2024.01.010,Q09,187,21.506851,raw_crossref\Q09_robotic_sampling.json,186
10.1016/j.jenvrad.2020.106262,Q09,188,21.505417,raw_crossref\Q09_robotic_sampling.json,187
10.1142/9789814525534_0084,Q09,189,21.503021,raw_crossref\Q09_robotic_sampling.json,188
10.1007/s41315-023-00276-0,Q09,190,21.491825,raw_crossref\Q09_robotic_sampling.json,189
10.1007/s10514-009-9148-5,Q09,191,21.486982,raw_crossref\Q09_robotic_sampling.json,190
10.1109/rpic68328.2026.11517955,Q09,192,21.486525,raw_crossref\Q09_robotic_sampling.json,191
10.1117/12.2661771,Q09,193,21.479385,raw_crossref\Q09_robotic_sampling.json,192
10.1109/iccais.2013.6720548,Q09,194,21.470139,raw_crossref\Q09_robotic_sampling.json,193
10.17529/jre.v15i1.12373,Q09,195,21.469471,raw_crossref\Q09_robotic_sampling.json,194
10.1109/ssrr.2007.4381280,Q09,196,21.467394,raw_crossref\Q09_robotic_sampling.json,195
10.1109/cacs.2018.8606756,Q09,197,21.46353,raw_crossref\Q09_robotic_sampling.json,196
10.5220/0004480503000306,Q09,198,21.453457,raw_crossref\Q09_robotic_sampling.json,197
10.1109/conescapan56456.2022.9959592,Q09,199,21.453457,raw_crossref\Q09_robotic_sampling.json,198
10.1115/1.861rob_fm,Q09,200,21.451954,raw_crossref\Q09_robotic_sampling.json,199
10.1109/chicc.2014.6895586,Q09,201,21.451294,raw_crossref\Q09_robotic_sampling.json,200
10.21136/am.1995.134284,Q09,202,21.449413,raw_crossref\Q09_robotic_sampling.json,201
10.1109/icarm49381.2020.9195325,Q09,203,21.447079,raw_crossref\Q09_robotic_sampling.json,202
10.1142/9789814329927_0020,Q09,204,21.4448,raw_crossref\Q09_robotic_sampling.json,203
10.3390/en15010327,Q09,205,21.4443,raw_crossref\Q09_robotic_sampling.json,204
10.1109/isr.2013.6695647,Q09,206,21.444235,raw_crossref\Q09_robotic_sampling.json,205
10.3390/s22228839,Q09,207,21.444235,raw_crossref\Q09_robotic_sampling.json,206
10.1007/978-3-030-42715-3_4,Q09,208,21.423626,raw_crossref\Q09_robotic_sampling.json,207
10.1155/2021/8088574,Q09,209,21.401834,raw_crossref\Q09_robotic_sampling.json,208
10.1115/1.861rob_bm,Q09,210,21.376587,raw_crossref\Q09_robotic_sampling.json,209
10.12792/iciae2019.048,Q09,211,21.366108,raw_crossref\Q09_robotic_sampling.json,210
10.1007/s40435-026-02113-1,Q09,212,21.310417,raw_crossref\Q09_robotic_sampling.json,211
10.1007/978-90-481-9262-5_2,Q09,213,21.303913,raw_crossref\Q09_robotic_sampling.json,212
10.3390/s25196121,Q09,214,21.274727,raw_crossref\Q09_robotic_sampling.json,213
10.15623/ijret.2014.0313015,Q09,215,21.272133,raw_crossref\Q09_robotic_sampling.json,214
10.54097/hset.v39i.6658,Q09,216,21.265575,raw_crossref\Q09_robotic_sampling.json,215
10.33971/bjes.16.1.1,Q09,217,21.255783,raw_crossref\Q09_robotic_sampling.json,216
10.14313/jamris_4-2016/27,Q09,218,21.255783,raw_crossref\Q09_robotic_sampling.json,217
10.1109/icra46639.2022.9812004,Q09,219,21.255783,raw_crossref\Q09_robotic_sampling.json,218
10.1007/s10846-026-02432-7,Q09,220,21.255783,raw_crossref\Q09_robotic_sampling.json,219
10.3390/drones9110741,Q09,221,21.252934,raw_crossref\Q09_robotic_sampling.json,220
10.1007/s10514-016-9597-6,Q09,222,21.246944,raw_crossref\Q09_robotic_sampling.json,221
10.1109/urai.2019.8768690,Q09,223,21.243671,raw_crossref\Q09_robotic_sampling.json,222
10.1109/aim43001.2020.9158922,Q09,224,21.241592,raw_crossref\Q09_robotic_sampling.json,223
10.14313/jamris/1-2022/3,Q09,225,21.238243,raw_crossref\Q09_robotic_sampling.json,224
10.12691/ajme-2-7-10,Q09,226,21.228952,raw_crossref\Q09_robotic_sampling.json,225
10.1109/icma.2007.4304148,Q09,227,21.223793,raw_crossref\Q09_robotic_sampling.json,226
10.1109/icecie58751.2024.10457302,Q09,228,21.222557,raw_crossref\Q09_robotic_sampling.json,227
10.3182/20091021-3-jp-2009.00058,Q09,229,21.219677,raw_crossref\Q09_robotic_sampling.json,228
10.15199/48.2015.06.23,Q09,230,21.198366,raw_crossref\Q09_robotic_sampling.json,229
10.2139/ssrn.5686445,Q09,231,21.187195,raw_crossref\Q09_robotic_sampling.json,230
10.5768/jao201738.0302008,Q09,232,21.184254,raw_crossref\Q09_robotic_sampling.json,231
10.1142/s0219843615500164,Q09,233,21.182709,raw_crossref\Q09_robotic_sampling.json,232
10.1108/ir-07-2022-0184,Q09,234,21.179722,raw_crossref\Q09_robotic_sampling.json,233
10.2172/10122150,Q09,235,21.17964,raw_crossref\Q09_robotic_sampling.json,234
10.1142/s0219843622400035,Q09,236,21.174446,raw_crossref\Q09_robotic_sampling.json,235
10.2139/ssrn.6217211,Q09,237,21.16645,raw_crossref\Q09_robotic_sampling.json,236
10.1109/iceice.2011.5777410,Q09,238,21.16645,raw_crossref\Q09_robotic_sampling.json,237
10.1109/lra.2022.3191246,Q09,239,21.165775,raw_crossref\Q09_robotic_sampling.json,238
10.3390/machines11010024,Q09,240,21.142288,raw_crossref\Q09_robotic_sampling.json,239
10.1109/sice.2002.1195217,Q09,241,21.13868,raw_crossref\Q09_robotic_sampling.json,240
10.1109/ical.2009.5262914,Q09,242,21.11849,raw_crossref\Q09_robotic_sampling.json,241
10.1109/rap.2026.3676941,Q09,243,21.104288,raw_crossref\Q09_robotic_sampling.json,242
10.1109/iros.2014.6943158,Q09,244,21.0715,raw_crossref\Q09_robotic_sampling.json,243
10.1002/9781118445112.stat03098,Q09,245,21.04927,raw_crossref\Q09_robotic_sampling.json,244
10.1007/s10527-017-9734-3,Q09,246,21.048447,raw_crossref\Q09_robotic_sampling.json,245
10.1142/s0219843619500063,Q09,247,21.045092,raw_crossref\Q09_robotic_sampling.json,246
10.1016/j.conengprac.2014.06.005,Q09,248,21.045052,raw_crossref\Q09_robotic_sampling.json,247
10.11113/aej.v6.15483,Q09,249,21.030815,raw_crossref\Q09_robotic_sampling.json,248
10.1002/9781119381440.index,Q09,250,21.030716,raw_crossref\Q09_robotic_sampling.json,249
10.5772/6218,Q09,251,21.02621,raw_crossref\Q09_robotic_sampling.json,250
10.1109/romoco.2015.7219730,Q09,252,21.015602,raw_crossref\Q09_robotic_sampling.json,251
10.2507/33rd.daaam.proceedings.055,Q09,253,21.015602,raw_crossref\Q09_robotic_sampling.json,252
10.1109/icarsc70216.2026.11523319,Q09,254,21.015602,raw_crossref\Q09_robotic_sampling.json,253
10.1109/sii.2013.6776711,Q09,255,21.01326,raw_crossref\Q09_robotic_sampling.json,254
10.1007/978-3-319-40533-9_3,Q09,256,20.98502,raw_crossref\Q09_robotic_sampling.json,255
10.1109/iccre.2018.8376424,Q09,257,20.979984,raw_crossref\Q09_robotic_sampling.json,256
10.14313/jamris/4-2021/25,Q09,258,20.979908,raw_crossref\Q09_robotic_sampling.json,257
10.1016/j.autcon.2018.07.003,Q09,259,20.97821,raw_crossref\Q09_robotic_sampling.json,258
10.20965/jrm.2024.p1302,Q09,260,20.977077,raw_crossref\Q09_robotic_sampling.json,259
10.1109/romoco60539.2024.10604302,Q09,261,20.96352,raw_crossref\Q09_robotic_sampling.json,260
10.1017/s0263574723001108,Q09,262,20.962355,raw_crossref\Q09_robotic_sampling.json,261
10.1109/mmar.2016.7575301,Q09,263,20.96214,raw_crossref\Q09_robotic_sampling.json,262
10.5703/1288284315857,Q09,264,20.94928,raw_crossref\Q09_robotic_sampling.json,263
10.1145/2559636.2559812,Q09,265,20.946665,raw_crossref\Q09_robotic_sampling.json,264
10.1049/pbce073e_ch4,Q09,266,20.943558,raw_crossref\Q09_robotic_sampling.json,265
10.3390/app142310774,Q09,267,20.94332,raw_crossref\Q09_robotic_sampling.json,266
10.2478/amsc-2014-0030,Q09,268,20.939789,raw_crossref\Q09_robotic_sampling.json,267
10.1115/1.861rob,Q09,269,20.92974,raw_crossref\Q09_robotic_sampling.json,268
10.36962/etm23052024-05,Q09,270,20.92952,raw_crossref\Q09_robotic_sampling.json,269
10.1109/lra.2023.3279612,Q09,271,20.928604,raw_crossref\Q09_robotic_sampling.json,270
10.1109/carpi.2010.5624455,Q09,272,20.916206,raw_crossref\Q09_robotic_sampling.json,271
10.1142/9789814525534_0039,Q09,273,20.915369,raw_crossref\Q09_robotic_sampling.json,272
10.1155/2018/6047034,Q09,274,20.910028,raw_crossref\Q09_robotic_sampling.json,273
10.1109/iccma59762.2023.10375060,Q09,275,20.900387,raw_crossref\Q09_robotic_sampling.json,274
10.1201/9781003352426-5,Q09,276,20.89694,raw_crossref\Q09_robotic_sampling.json,275
10.55417/fr.2021004,Q09,277,20.895931,raw_crossref\Q09_robotic_sampling.json,276
10.2478/ama-2018-0036,Q09,278,20.895044,raw_crossref\Q09_robotic_sampling.json,277
10.1142/9789814623353_0030,Q09,279,20.895044,raw_crossref\Q09_robotic_sampling.json,278
10.1142/9789812835772_0006,Q09,280,20.894978,raw_crossref\Q09_robotic_sampling.json,279
10.21884/ijmter.2017.4370.uh4f1,Q09,281,20.88237,raw_crossref\Q09_robotic_sampling.json,280
10.1017/s0263574703005113,Q09,282,20.876797,raw_crossref\Q09_robotic_sampling.json,281
10.3724/sp.j.1218.2010.00459,Q09,283,20.874983,raw_crossref\Q09_robotic_sampling.json,282
10.1002/9781119381440.refs,Q09,284,20.874138,raw_crossref\Q09_robotic_sampling.json,283
10.14313/jamris/2-2022/14,Q09,285,20.83631,raw_crossref\Q09_robotic_sampling.json,284
10.5772/6205,Q09,286,20.819267,raw_crossref\Q09_robotic_sampling.json,285
10.1007/bf01276704,Q09,287,20.792404,raw_crossref\Q09_robotic_sampling.json,286
10.1016/j.neunet.2022.08.012,Q09,288,20.792404,raw_crossref\Q09_robotic_sampling.json,287
10.1007/978-3-030-35699-6_37,Q09,289,20.789478,raw_crossref\Q09_robotic_sampling.json,288
10.1080/00207729708929478,Q09,290,20.760609,raw_crossref\Q09_robotic_sampling.json,289
10.1109/lra.2020.3010744,Q09,291,20.760609,raw_crossref\Q09_robotic_sampling.json,290
10.15587/1729-4061.2019.174613,Q09,292,20.759716,raw_crossref\Q09_robotic_sampling.json,291
10.1109/iciea.2013.6566567,Q09,293,20.759716,raw_crossref\Q09_robotic_sampling.json,292
10.3390/app11094222,Q09,294,20.7448,raw_crossref\Q09_robotic_sampling.json,293
10.1109/rose.2007.4373964,Q09,295,20.731125,raw_crossref\Q09_robotic_sampling.json,294
10.5220/0001214501680175,Q09,296,20.731125,raw_crossref\Q09_robotic_sampling.json,295
10.1002/9781119381440,Q09,297,20.717686,raw_crossref\Q09_robotic_sampling.json,296
10.1007/978-3-030-42715-3,Q09,298,20.713009,raw_crossref\Q09_robotic_sampling.json,297
10.1109/icat66432.2025.11189277,Q09,299,20.713009,raw_crossref\Q09_robotic_sampling.json,298
10.1108/ir-03-2023-0057,Q09,300,20.70995,raw_crossref\Q09_robotic_sampling.json,299
10.23919/ccc58697.2023.10240383,Q09,301,20.70789,raw_crossref\Q09_robotic_sampling.json,300
10.1108/ir-10-2016-0263,Q09,302,20.707693,raw_crossref\Q09_robotic_sampling.json,301
10.1109/sii.2017.8279205,Q09,303,20.696978,raw_crossref\Q09_robotic_sampling.json,302
10.1109/scored.2015.7449304,Q09,304,20.678658,raw_crossref\Q09_robotic_sampling.json,303
10.1109/icra.2015.7139626,Q09,305,20.676695,raw_crossref\Q09_robotic_sampling.json,304
10.1016/j.isatra.2021.03.035,Q09,306,20.676695,raw_crossref\Q09_robotic_sampling.json,305
10.1109/access.2021.3093978,Q09,307,20.675102,raw_crossref\Q09_robotic_sampling.json,306
10.1115/1.861rob_ch15,Q09,308,20.668568,raw_crossref\Q09_robotic_sampling.json,307
10.1016/s1474-6670(17)41712-5,Q09,309,20.665558,raw_crossref\Q09_robotic_sampling.json,308
10.1115/1.861rob_ch12,Q09,310,20.65599,raw_crossref\Q09_robotic_sampling.json,309
10.5772/10253,Q09,311,20.65599,raw_crossref\Q09_robotic_sampling.json,310
10.1109/icma.2011.5985973,Q09,312,20.6548,raw_crossref\Q09_robotic_sampling.json,311
10.1007/978-981-19-0572-8_85,Q09,313,20.63815,raw_crossref\Q09_robotic_sampling.json,312
10.1109/icca.2013.6564937,Q09,314,20.63815,raw_crossref\Q09_robotic_sampling.json,313
10.1109/sii.2012.6426967,Q09,315,20.633968,raw_crossref\Q09_robotic_sampling.json,314
10.1016/s0967-0661(02)00087-4,Q09,316,20.631716,raw_crossref\Q09_robotic_sampling.json,315
10.6028/nist.tn.1955,Q09,317,20.57703,raw_crossref\Q09_robotic_sampling.json,316
10.1007/978-3-030-42715-3_5,Q09,318,20.574463,raw_crossref\Q09_robotic_sampling.json,317
10.5772/6211,Q09,319,20.567331,raw_crossref\Q09_robotic_sampling.json,318
10.1108/01439910610659105,Q09,320,20.561764,raw_crossref\Q09_robotic_sampling.json,319
10.1201/9780203026953.ch3,Q09,321,20.547287,raw_crossref\Q09_robotic_sampling.json,320
10.1299/jsmermd.2013._2a2-m08_1,Q09,322,20.527216,raw_crossref\Q09_robotic_sampling.json,321
10.1007/s41315-016-0005-3,Q09,323,20.512642,raw_crossref\Q09_robotic_sampling.json,322
10.1109/lra.2019.2927955,Q09,324,20.512642,raw_crossref\Q09_robotic_sampling.json,323
10.1007/s10846-017-0705-4,Q09,325,20.507399,raw_crossref\Q09_robotic_sampling.json,324
10.1109/iccpct.2014.7054812,Q09,326,20.48677,raw_crossref\Q09_robotic_sampling.json,325
10.1049/icp.2021.2664,Q09,327,20.48616,raw_crossref\Q09_robotic_sampling.json,326
10.1109/sami.2014.6822400,Q09,328,20.48428,raw_crossref\Q09_robotic_sampling.json,327
10.1109/icar65334.2025.11338715,Q09,329,20.483128,raw_crossref\Q09_robotic_sampling.json,328
10.1145/1349822.1349865,Q09,330,20.481642,raw_crossref\Q09_robotic_sampling.json,329
10.20998/2411-0558.2020.02.06,Q09,331,20.481642,raw_crossref\Q09_robotic_sampling.json,330
10.1109/robot.2008.4543558,Q09,332,20.462738,raw_crossref\Q09_robotic_sampling.json,331
10.20965/jrm.2014.p0059,Q09,333,20.454868,raw_crossref\Q09_robotic_sampling.json,332
10.1007/s10846-025-02329-x,Q09,334,20.447943,raw_crossref\Q09_robotic_sampling.json,333
10.2316/journal.206.2004.1.206-2729,Q09,335,20.44385,raw_crossref\Q09_robotic_sampling.json,334
10.23919/sice59929.2023.10354165,Q09,336,20.440847,raw_crossref\Q09_robotic_sampling.json,335
10.1109/sice.2008.4654640,Q09,337,20.43874,raw_crossref\Q09_robotic_sampling.json,336
10.1115/1.861rob_ch9,Q09,338,20.432896,raw_crossref\Q09_robotic_sampling.json,337
10.1109/ecmr50962.2021.9568841,Q09,339,20.429539,raw_crossref\Q09_robotic_sampling.json,338
10.1145/2909824.3020215,Q09,340,20.42731,raw_crossref\Q09_robotic_sampling.json,339
10.1142/9789812835772_0097,Q09,341,20.419252,raw_crossref\Q09_robotic_sampling.json,340
10.1108/ir-09-2014-0386,Q09,342,20.417496,raw_crossref\Q09_robotic_sampling.json,341
10.1115/1.4050957,Q09,343,20.417112,raw_crossref\Q09_robotic_sampling.json,342
10.1186/s40648-019-0132-3,Q09,344,20.399416,raw_crossref\Q09_robotic_sampling.json,343
10.1007/bf00248014,Q09,345,20.399416,raw_crossref\Q09_robotic_sampling.json,344
10.1109/rem.2017.8075228,Q09,346,20.392122,raw_crossref\Q09_robotic_sampling.json,345
10.1115/1.861rob_ch7,Q09,347,20.38675,raw_crossref\Q09_robotic_sampling.json,346
10.3389/frobt.2021.706558,Q09,348,20.385506,raw_crossref\Q09_robotic_sampling.json,347
10.14313/jamris_2-2017/11,Q09,349,20.381615,raw_crossref\Q09_robotic_sampling.json,348
10.1108/ir.2000.04927bad.009,Q09,350,20.38035,raw_crossref\Q09_robotic_sampling.json,349
10.1109/elticom53303.2021.9590099,Q09,351,20.379976,raw_crossref\Q09_robotic_sampling.json,350
10.3390/s16020250,Q09,352,20.374659,raw_crossref\Q09_robotic_sampling.json,351
10.1109/mrai65197.2025.11135693,Q09,353,20.373276,raw_crossref\Q09_robotic_sampling.json,352
10.1007/s10846-022-01696-z,Q09,354,20.344458,raw_crossref\Q09_robotic_sampling.json,353
10.1017/cbo9780511530159.004,Q09,355,20.326752,raw_crossref\Q09_robotic_sampling.json,354
10.1049/ell2.12592,Q09,356,20.325918,raw_crossref\Q09_robotic_sampling.json,355
10.1115/1.861rob_ch14,Q09,357,20.318457,raw_crossref\Q09_robotic_sampling.json,356
10.1115/1.861rob_ch10,Q09,358,20.318457,raw_crossref\Q09_robotic_sampling.json,357
10.1109/icarsc55462.2022.9784811,Q09,359,20.318405,raw_crossref\Q09_robotic_sampling.json,358
10.1108/ir-09-2018-0190,Q09,360,20.315144,raw_crossref\Q09_robotic_sampling.json,359
10.1108/ir-06-2023-0128,Q09,361,20.306154,raw_crossref\Q09_robotic_sampling.json,360
10.2316/j.2025.206-1120,Q09,362,20.302649,raw_crossref\Q09_robotic_sampling.json,361
10.15546/aeei-2014-0026,Q09,363,20.30245,raw_crossref\Q09_robotic_sampling.json,362
10.1142/9789814291279_0014,Q09,364,20.300743,raw_crossref\Q09_robotic_sampling.json,363
10.1201/9780203026953.ch1,Q09,365,20.283537,raw_crossref\Q09_robotic_sampling.json,364
10.14313/jamris_1-2017/7,Q09,366,20.271383,raw_crossref\Q09_robotic_sampling.json,365
10.1109/case48305.2020.9216977,Q09,367,20.257805,raw_crossref\Q09_robotic_sampling.json,366
10.1007/s11768-014-3181-4,Q09,368,20.247326,raw_crossref\Q09_robotic_sampling.json,367
10.18686/frim.v2i2.3982,Q09,369,20.245518,raw_crossref\Q09_robotic_sampling.json,368
10.3390/machines11100962,Q09,370,20.243462,raw_crossref\Q09_robotic_sampling.json,369
10.11591/ijra.v12i3.pp262-273,Q09,371,20.242207,raw_crossref\Q09_robotic_sampling.json,370
10.1109/iemcon56893.2022.9946545,Q09,372,20.241106,raw_crossref\Q09_robotic_sampling.json,371
10.5772/intechopen.1006903,Q09,373,20.240488,raw_crossref\Q09_robotic_sampling.json,372
10.17950/ijer/v4s8/806,Q09,374,20.225594,raw_crossref\Q09_robotic_sampling.json,373
10.1016/j.robot.2011.06.004,Q09,375,20.224464,raw_crossref\Q09_robotic_sampling.json,374
10.1109/rose.2007.4373974,Q09,376,20.219831,raw_crossref\Q09_robotic_sampling.json,375
10.1007/978-1-84628-974-3_33,Q09,377,20.21791,raw_crossref\Q09_robotic_sampling.json,376
10.1109/lra.2016.2635107,Q09,378,20.21463,raw_crossref\Q09_robotic_sampling.json,377
10.1007/bf00123700,Q09,379,20.204576,raw_crossref\Q09_robotic_sampling.json,378
10.3389/frobt.2025.1520216,Q09,380,20.200146,raw_crossref\Q09_robotic_sampling.json,379
10.2139/ssrn.5038736,Q09,381,20.190643,raw_crossref\Q09_robotic_sampling.json,380
10.1109/robio58561.2023.10354690,Q09,382,20.18903,raw_crossref\Q09_robotic_sampling.json,381
10.21831/jps.v20i2.9594,Q09,383,20.177387,raw_crossref\Q09_robotic_sampling.json,382
10.1109/ssrr53300.2021.9597676,Q09,384,20.170372,raw_crossref\Q09_robotic_sampling.json,383
10.1108/ir.2004.31.5.460.3,Q09,385,20.169765,raw_crossref\Q09_robotic_sampling.json,384
10.36055/setrum.v6i1.1583,Q09,386,20.1689,raw_crossref\Q09_robotic_sampling.json,385
10.1051/e3sconf/202123304003,Q09,387,20.168205,raw_crossref\Q09_robotic_sampling.json,386
10.1088/1742-6596/2070/1/012199,Q09,388,20.168205,raw_crossref\Q09_robotic_sampling.json,387
10.1115/omae2007-29202,Q09,389,20.167507,raw_crossref\Q09_robotic_sampling.json,388
10.1007/s10846-007-9146-9,Q09,390,20.165499,raw_crossref\Q09_robotic_sampling.json,389
10.1016/j.ifacol.2018.11.530,Q09,391,20.16544,raw_crossref\Q09_robotic_sampling.json,390
10.1145/2559636.2563712,Q09,392,20.159904,raw_crossref\Q09_robotic_sampling.json,391
10.1115/1.4027303,Q09,393,20.155998,raw_crossref\Q09_robotic_sampling.json,392
10.1299/jsmermd.2019.1p1-e06,Q09,394,20.155802,raw_crossref\Q09_robotic_sampling.json,393
10.1016/0308-9126(90)91588-k,Q09,395,20.130985,raw_crossref\Q09_robotic_sampling.json,394
10.1177/1729881417748443,Q09,396,20.12937,raw_crossref\Q09_robotic_sampling.json,395
10.1142/9789814415958_0081,Q09,397,20.12652,raw_crossref\Q09_robotic_sampling.json,396
10.1109/cacre62362.2024.10635078,Q09,398,20.12373,raw_crossref\Q09_robotic_sampling.json,397
10.1109/sii.2013.6776685,Q09,399,20.12336,raw_crossref\Q09_robotic_sampling.json,398
10.1007/s40430-025-05959-2,Q09,400,20.114235,raw_crossref\Q09_robotic_sampling.json,399
10.1115/detc2024-146393,Q09,401,20.110023,raw_crossref\Q09_robotic_sampling.json,400
10.1109/ecmr50962.2021.9568818,Q09,402,20.10774,raw_crossref\Q09_robotic_sampling.json,401
10.1049/pbce073e,Q09,403,20.105347,raw_crossref\Q09_robotic_sampling.json,402
10.1002/9781119381440.ch12,Q09,404,20.103691,raw_crossref\Q09_robotic_sampling.json,403
10.1299/jsmeintmovic.6.1.467,Q09,405,20.09901,raw_crossref\Q09_robotic_sampling.json,404
10.1002/9781119381440.ch15,Q09,406,20.059505,raw_crossref\Q09_robotic_sampling.json,405
10.14429/dsj.73.17888,Q09,407,20.057463,raw_crossref\Q09_robotic_sampling.json,406
10.21275/sr23204085405,Q09,408,20.04457,raw_crossref\Q09_robotic_sampling.json,407
10.17973/mmsj.2020_06_2020008,Q09,409,20.035736,raw_crossref\Q09_robotic_sampling.json,408
10.1142/s0219843618500056,Q09,410,20.024403,raw_crossref\Q09_robotic_sampling.json,409
10.1002/rob.70258,Q09,411,20.022781,raw_crossref\Q09_robotic_sampling.json,410
10.1115/1.861rob_ch13,Q09,412,20.014774,raw_crossref\Q09_robotic_sampling.json,411
10.1109/ismsit63511.2024.10757258,Q09,413,20.012157,raw_crossref\Q09_robotic_sampling.json,412
10.1049/cp.2012.2327,Q09,414,20.006886,raw_crossref\Q09_robotic_sampling.json,413
10.3390/app112210591,Q09,415,19.999855,raw_crossref\Q09_robotic_sampling.json,414
10.1115/1.861rob_ch11,Q09,416,19.999842,raw_crossref\Q09_robotic_sampling.json,415
10.1051/bioconf/202410002023,Q09,417,19.989555,raw_crossref\Q09_robotic_sampling.json,416
10.1109/lra.2025.3640430,Q09,418,19.98658,raw_crossref\Q09_robotic_sampling.json,417
10.1016/j.mechmachtheory.2022.105025,Q09,419,19.984419,raw_crossref\Q09_robotic_sampling.json,418
10.4043/6358-ms,Q09,420,19.977322,raw_crossref\Q09_robotic_sampling.json,419
10.5772/10189,Q09,421,19.96653,raw_crossref\Q09_robotic_sampling.json,420
10.5220/0012761700003758,Q09,422,19.959564,raw_crossref\Q09_robotic_sampling.json,421
10.1109/icmsp64464.2024.10866918,Q09,423,19.956085,raw_crossref\Q09_robotic_sampling.json,422
10.1002/9781118445112.stat03102,Q09,424,19.954906,raw_crossref\Q09_robotic_sampling.json,423
10.1002/9781119536963.ch14,Q09,425,19.95123,raw_crossref\Q09_robotic_sampling.json,424
10.13182/xyz-46236,Q09,426,19.949047,raw_crossref\Q09_robotic_sampling.json,425
10.1109/icmic.2016.7804203,Q09,427,19.944052,raw_crossref\Q09_robotic_sampling.json,426
10.1109/carpi.2014.7030054,Q09,428,19.943348,raw_crossref\Q09_robotic_sampling.json,427
10.1201/9780203026953,Q09,429,19.940964,raw_crossref\Q09_robotic_sampling.json,428
10.1002/0471667196.ess1247,Q09,430,19.93854,raw_crossref\Q09_robotic_sampling.json,429
10.1108/ir.1998.04925bad.003,Q09,431,19.921688,raw_crossref\Q09_robotic_sampling.json,430
10.1016/j.robot.2019.04.003,Q09,432,19.912336,raw_crossref\Q09_robotic_sampling.json,431
10.20449/jnte.v2i1.93,Q09,433,19.902573,raw_crossref\Q09_robotic_sampling.json,432
10.1007/978-3-030-42715-3_1,Q09,434,19.896152,raw_crossref\Q09_robotic_sampling.json,433
10.1109/jas.2017.7510364,Q09,435,19.884285,raw_crossref\Q09_robotic_sampling.json,434
10.1109/icaci69731.2026.11677927,Q09,436,19.881947,raw_crossref\Q09_robotic_sampling.json,435
10.18502/keg.v1i2.1491,Q09,437,19.879948,raw_crossref\Q09_robotic_sampling.json,436
10.3390/s21010141,Q09,438,19.875969,raw_crossref\Q09_robotic_sampling.json,437
10.3724/sp.j.1218.2011.00009,Q09,439,19.875134,raw_crossref\Q09_robotic_sampling.json,438
10.1016/b978-0-12-417049-0.00004-3,Q09,440,19.873432,raw_crossref\Q09_robotic_sampling.json,439
10.2139/ssrn.7434331,Q09,441,19.873312,raw_crossref\Q09_robotic_sampling.json,440
10.1016/b978-0-12-417049-0.00002-x,Q09,442,19.87188,raw_crossref\Q09_robotic_sampling.json,441
10.1108/ir-02-2020-0020,Q09,443,19.868778,raw_crossref\Q09_robotic_sampling.json,442
10.1016/b978-0-12-417049-0.00003-1,Q09,444,19.867075,raw_crossref\Q09_robotic_sampling.json,443
10.1109/wcica.2006.1713738,Q09,445,19.857243,raw_crossref\Q09_robotic_sampling.json,444
10.5772/9277,Q09,446,19.851364,raw_crossref\Q09_robotic_sampling.json,445
10.1109/amc.2008.4516091,Q09,447,19.839615,raw_crossref\Q09_robotic_sampling.json,446
10.1007/978-981-10-8597-0_45,Q09,448,19.83176,raw_crossref\Q09_robotic_sampling.json,447
10.1109/iros45743.2020.9341514,Q09,449,19.828928,raw_crossref\Q09_robotic_sampling.json,448
10.5772/6215,Q09,450,19.80983,raw_crossref\Q09_robotic_sampling.json,449
10.1109/icmech.2009.4957112,Q09,451,19.807987,raw_crossref\Q09_robotic_sampling.json,450
10.1007/978-3-642-37518-7_11,Q09,452,19.807484,raw_crossref\Q09_robotic_sampling.json,451
10.1201/9780203026953.ch10,Q09,453,19.796827,raw_crossref\Q09_robotic_sampling.json,452
10.5772/9294,Q09,454,19.79601,raw_crossref\Q09_robotic_sampling.json,453
10.1007/s10514-012-9297-9,Q09,455,19.79315,raw_crossref\Q09_robotic_sampling.json,454
10.1007/s11036-020-01680-7,Q09,456,19.793095,raw_crossref\Q09_robotic_sampling.json,455
10.1007/978-3-319-65298-6_39,Q09,457,19.779877,raw_crossref\Q09_robotic_sampling.json,456
10.21203/rs.3.rs-566792/v1,Q09,458,19.778765,raw_crossref\Q09_robotic_sampling.json,457
10.1016/b978-0-12-822968-2.00006-1,Q09,459,19.766777,raw_crossref\Q09_robotic_sampling.json,458
10.1115/1.861rob_ch1,Q09,460,19.750048,raw_crossref\Q09_robotic_sampling.json,459
10.1016/0921-8890(95)00061-5,Q09,461,19.744652,raw_crossref\Q09_robotic_sampling.json,460
10.1007/s00170-007-1024-x,Q09,462,19.740078,raw_crossref\Q09_robotic_sampling.json,461
10.30564/aia.v2i2.1440,Q09,463,19.740078,raw_crossref\Q09_robotic_sampling.json,462
10.1002/9781119381440.ch7,Q09,464,19.732742,raw_crossref\Q09_robotic_sampling.json,463
10.1109/sege59172.2023.10274581,Q09,465,19.726915,raw_crossref\Q09_robotic_sampling.json,464
10.5006/c2018-11210,Q09,466,19.72542,raw_crossref\Q09_robotic_sampling.json,465
10.1109/mper.1991.88671,Q09,467,19.695019,raw_crossref\Q09_robotic_sampling.json,466
10.1115/detc2025-168610,Q09,468,19.681099,raw_crossref\Q09_robotic_sampling.json,467
10.1109/ssrr.2018.8468642,Q09,469,19.681099,raw_crossref\Q09_robotic_sampling.json,468
10.1109/carpi.2014.7030053,Q09,470,19.680256,raw_crossref\Q09_robotic_sampling.json,469
10.1115/1.861rob_ch6,Q09,471,19.6767,raw_crossref\Q09_robotic_sampling.json,470
10.1016/b978-0-12-417049-0.00006-7,Q09,472,19.676075,raw_crossref\Q09_robotic_sampling.json,471
10.1115/1.861rob_ch5,Q09,473,19.674938,raw_crossref\Q09_robotic_sampling.json,472
10.1016/b978-0-12-417049-0.00009-2,Q09,474,19.670204,raw_crossref\Q09_robotic_sampling.json,473
10.1142/9789814291279_0125,Q09,475,19.670052,raw_crossref\Q09_robotic_sampling.json,474
10.1016/b978-0-12-417049-0.00008-0,Q09,476,19.666042,raw_crossref\Q09_robotic_sampling.json,475
10.1016/b978-0-12-417049-0.00005-5,Q09,477,19.65995,raw_crossref\Q09_robotic_sampling.json,476
10.1002/9781119381440.ch14,Q09,478,19.659943,raw_crossref\Q09_robotic_sampling.json,477
10.1016/b978-0-12-417049-0.00007-9,Q09,479,19.659126,raw_crossref\Q09_robotic_sampling.json,478
10.1002/0471667196.ess1247.pub2,Q09,480,19.659023,raw_crossref\Q09_robotic_sampling.json,479
10.1007/s41315-023-00316-9,Q09,481,19.656555,raw_crossref\Q09_robotic_sampling.json,480
10.1109/icbaie52039.2021.9389970,Q09,482,19.655783,raw_crossref\Q09_robotic_sampling.json,481
10.1201/9780203026953.axc,Q09,483,19.655407,raw_crossref\Q09_robotic_sampling.json,482
10.1115/1.861rob_ch3,Q09,484,19.649578,raw_crossref\Q09_robotic_sampling.json,483
10.21741/9781644902455-7,Q09,485,19.647503,raw_crossref\Q09_robotic_sampling.json,484
10.1002/9781119381440.ch10,Q09,486,19.642021,raw_crossref\Q09_robotic_sampling.json,485
10.1117/12.3032661,Q09,487,19.639454,raw_crossref\Q09_robotic_sampling.json,486
10.1016/j.apacoust.2025.110545,Q09,488,19.637806,raw_crossref\Q09_robotic_sampling.json,487
10.1002/9781119381440.ch9,Q09,489,19.63224,raw_crossref\Q09_robotic_sampling.json,488
10.1115/1.861rob_ch4,Q09,490,19.624842,raw_crossref\Q09_robotic_sampling.json,489
10.47939/et.v2i6.14,Q09,491,19.62265,raw_crossref\Q09_robotic_sampling.json,490
10.1002/9781118525821.ch24f,Q09,492,19.62109,raw_crossref\Q09_robotic_sampling.json,491
10.1016/j.psep.2024.04.020,Q09,493,19.617573,raw_crossref\Q09_robotic_sampling.json,492
10.5772/9316,Q09,494,19.616165,raw_crossref\Q09_robotic_sampling.json,493
10.14445/22315381/ijett-v73i4p120,Q09,495,19.615005,raw_crossref\Q09_robotic_sampling.json,494
10.1007/s10846-017-0686-3,Q09,496,19.615005,raw_crossref\Q09_robotic_sampling.json,495
10.1049/el.2012.2894,Q09,497,19.611897,raw_crossref\Q09_robotic_sampling.json,496
10.3724/sp.j.1218.2013.00521,Q09,498,19.611893,raw_crossref\Q09_robotic_sampling.json,497
10.1109/appeec.2009.4918256,Q09,499,19.598053,raw_crossref\Q09_robotic_sampling.json,498
10.5772/6202,Q09,500,19.587742,raw_crossref\Q09_robotic_sampling.json,499
10.1109/igarss53475.2024.10642051,Q10,1,22.71988,raw_crossref\Q10_environmental_robotics_datasets.json,0
10.3390/robotics9020040,Q10,2,22.633476,raw_crossref\Q10_environmental_robotics_datasets.json,1
10.1109/lars69345.2025.11273013,Q10,3,21.772896,raw_crossref\Q10_environmental_robotics_datasets.json,2
10.5194/egusphere-egu24-3526,Q10,4,21.602957,raw_crossref\Q10_environmental_robotics_datasets.json,3
10.20944/preprints202502.0900.v1,Q10,5,21.556284,raw_crossref\Q10_environmental_robotics_datasets.json,4
10.1109/mra.2010.939741,Q10,6,21.507341,raw_crossref\Q10_environmental_robotics_datasets.json,5
10.31223/x5w197,Q10,7,21.502083,raw_crossref\Q10_environmental_robotics_datasets.json,6
10.1038/s41597-024-03137-y,Q10,8,21.33891,raw_crossref\Q10_environmental_robotics_datasets.json,7
10.1109/icra48506.2021.9561509,Q10,9,21.28624,raw_crossref\Q10_environmental_robotics_datasets.json,8
10.1109/rcar47638.2019.9044100,Q10,10,21.24023,raw_crossref\Q10_environmental_robotics_datasets.json,9
10.5194/egusphere-egu25-7125,Q10,11,21.083822,raw_crossref\Q10_environmental_robotics_datasets.json,10
10.1163/156855302320535827,Q10,12,20.956165,raw_crossref\Q10_environmental_robotics_datasets.json,11
10.31223/x56t9z,Q10,13,20.861204,raw_crossref\Q10_environmental_robotics_datasets.json,12
10.31223/x5r410,Q10,14,20.76823,raw_crossref\Q10_environmental_robotics_datasets.json,13
10.1109/mra.2011.941109,Q10,15,20.767126,raw_crossref\Q10_environmental_robotics_datasets.json,14
10.31223/x57w6t,Q10,16,20.713688,raw_crossref\Q10_environmental_robotics_datasets.json,15
10.1109/lra.2020.2965061,Q10,17,20.689276,raw_crossref\Q10_environmental_robotics_datasets.json,16
10.1177/14759217251411320,Q10,18,20.663887,raw_crossref\Q10_environmental_robotics_datasets.json,17
10.1016/j.envsoft.2024.106292,Q10,19,20.651167,raw_crossref\Q10_environmental_robotics_datasets.json,18
10.1177/02783649241273554,Q10,20,20.593449,raw_crossref\Q10_environmental_robotics_datasets.json,19
10.21203/rs.3.rs-4339725/v1,Q10,21,20.306797,raw_crossref\Q10_environmental_robotics_datasets.json,20
10.1109/icra48891.2023.10160846,Q10,22,20.222115,raw_crossref\Q10_environmental_robotics_datasets.json,21
10.1109/icra46639.2022.9812139,Q10,23,20.209835,raw_crossref\Q10_environmental_robotics_datasets.json,22
10.11610/bmdj.01202,Q10,24,20.201117,raw_crossref\Q10_environmental_robotics_datasets.json,23
10.51257/a-v1-fic1039,Q10,25,20.058704,raw_crossref\Q10_environmental_robotics_datasets.json,24
10.20944/preprints202308.0837.v1,Q10,26,20.000776,raw_crossref\Q10_environmental_robotics_datasets.json,25
10.1109/icra55743.2025.11128215,Q10,27,19.989311,raw_crossref\Q10_environmental_robotics_datasets.json,26
10.1109/icra55743.2025.11128430,Q10,28,19.956322,raw_crossref\Q10_environmental_robotics_datasets.json,27
10.1007/s10846-026-02430-9,Q10,29,19.936045,raw_crossref\Q10_environmental_robotics_datasets.json,28
10.1109/icra55743.2025.11127685,Q10,30,19.848232,raw_crossref\Q10_environmental_robotics_datasets.json,29
10.1115/1.4067056,Q10,31,19.83648,raw_crossref\Q10_environmental_robotics_datasets.json,30
10.23919/eusipco54536.2021.9616080,Q10,32,19.766745,raw_crossref\Q10_environmental_robotics_datasets.json,31
10.3389/frobt.2026.1821019,Q10,33,19.756714,raw_crossref\Q10_environmental_robotics_datasets.json,32
10.1109/lra.2024.3491415,Q10,34,19.754208,raw_crossref\Q10_environmental_robotics_datasets.json,33
10.1109/icra55743.2025.11128120,Q10,35,19.746712,raw_crossref\Q10_environmental_robotics_datasets.json,34
10.1037/t04941-000,Q10,36,19.72036,raw_crossref\Q10_environmental_robotics_datasets.json,35
10.1109/mra.2012.2186482,Q10,37,19.561733,raw_crossref\Q10_environmental_robotics_datasets.json,36
10.1109/icmerr64601.2025.10950004,Q10,38,19.54931,raw_crossref\Q10_environmental_robotics_datasets.json,37
10.31223/x52k8x,Q10,39,19.546122,raw_crossref\Q10_environmental_robotics_datasets.json,38
10.1109/lra.2024.3487071,Q10,40,19.54208,raw_crossref\Q10_environmental_robotics_datasets.json,39
10.1051/itmconf/20269003010,Q10,41,19.524693,raw_crossref\Q10_environmental_robotics_datasets.json,40
10.1109/icra46639.2022.9812038,Q10,42,19.52457,raw_crossref\Q10_environmental_robotics_datasets.json,41
10.4018/979-8-3373-6675-3.ch002,Q10,43,19.45412,raw_crossref\Q10_environmental_robotics_datasets.json,42
10.32388/lx0f9e,Q10,44,19.38181,raw_crossref\Q10_environmental_robotics_datasets.json,43
10.18653/v1/2022.nlppower-1.1,Q10,45,19.369526,raw_crossref\Q10_environmental_robotics_datasets.json,44
10.31224/6662,Q10,46,19.334572,raw_crossref\Q10_environmental_robotics_datasets.json,45
10.1109/igarss55030.2025.11243187,Q10,47,19.287758,raw_crossref\Q10_environmental_robotics_datasets.json,46
10.1177/02783649241266853,Q10,48,19.179375,raw_crossref\Q10_environmental_robotics_datasets.json,47
10.3390/en18195318,Q10,49,19.129879,raw_crossref\Q10_environmental_robotics_datasets.json,48
10.5220/0010677000003058,Q10,50,19.117775,raw_crossref\Q10_environmental_robotics_datasets.json,49
10.1016/j.procir.2022.04.022,Q10,51,19.11115,raw_crossref\Q10_environmental_robotics_datasets.json,50
10.1109/lra.2025.3560856,Q10,52,19.107298,raw_crossref\Q10_environmental_robotics_datasets.json,51
10.1109/lra.2022.3194323,Q10,53,19.098759,raw_crossref\Q10_environmental_robotics_datasets.json,52
10.1109/lra.2026.3664621,Q10,54,19.08883,raw_crossref\Q10_environmental_robotics_datasets.json,53
10.1109/lra.2021.3097512,Q10,55,19.08472,raw_crossref\Q10_environmental_robotics_datasets.json,54
10.1037/e576752010-002,Q10,56,19.080807,raw_crossref\Q10_environmental_robotics_datasets.json,55
10.31223/x58n26,Q10,57,19.063423,raw_crossref\Q10_environmental_robotics_datasets.json,56
10.52202/078362-0115,Q10,58,19.05754,raw_crossref\Q10_environmental_robotics_datasets.json,57
10.1037/t28815-000,Q10,59,19.00943,raw_crossref\Q10_environmental_robotics_datasets.json,58
10.1017/eds.2022.7,Q10,60,19.008373,raw_crossref\Q10_environmental_robotics_datasets.json,59
10.1037/e519172012-024,Q10,61,18.938885,raw_crossref\Q10_environmental_robotics_datasets.json,60
10.1037/e519172012-012,Q10,62,18.919516,raw_crossref\Q10_environmental_robotics_datasets.json,61
10.33774/coe-2026-wllph,Q10,63,18.84757,raw_crossref\Q10_environmental_robotics_datasets.json,62
10.1109/icra57147.2024.10610776,Q10,64,18.84219,raw_crossref\Q10_environmental_robotics_datasets.json,63
10.1109/ieeedata.2025.3608124,Q10,65,18.774015,raw_crossref\Q10_environmental_robotics_datasets.json,64
10.1037/t54531-000,Q10,66,18.742142,raw_crossref\Q10_environmental_robotics_datasets.json,65
10.1037/e580072010-002,Q10,67,18.734247,raw_crossref\Q10_environmental_robotics_datasets.json,66
10.1017/eds.2025.10006,Q10,68,18.733109,raw_crossref\Q10_environmental_robotics_datasets.json,67
10.1016/j.psep.2024.11.057,Q10,69,18.722012,raw_crossref\Q10_environmental_robotics_datasets.json,68
10.32388/08b4mh,Q10,70,18.703674,raw_crossref\Q10_environmental_robotics_datasets.json,69
10.5220/0007396907010706,Q10,71,18.700806,raw_crossref\Q10_environmental_robotics_datasets.json,70
10.5220/0007396900002096,Q10,72,18.700806,raw_crossref\Q10_environmental_robotics_datasets.json,71
10.5220/0014268000004084,Q10,73,18.67218,raw_crossref\Q10_environmental_robotics_datasets.json,72
10.1109/lra.2021.3067271,Q10,74,18.658443,raw_crossref\Q10_environmental_robotics_datasets.json,73
10.1037/e519172012-002,Q10,75,18.65699,raw_crossref\Q10_environmental_robotics_datasets.json,74
10.1109/lra.2023.3331624,Q10,76,18.650108,raw_crossref\Q10_environmental_robotics_datasets.json,75
10.1190/segam2018-2996324.1,Q10,77,18.63485,raw_crossref\Q10_environmental_robotics_datasets.json,76
10.1109/lra.2025.3586011,Q10,78,18.611563,raw_crossref\Q10_environmental_robotics_datasets.json,77
10.4018/979-8-3373-1892-9.ch004,Q10,79,18.589634,raw_crossref\Q10_environmental_robotics_datasets.json,78
10.3390/asi9010014,Q10,80,18.575136,raw_crossref\Q10_environmental_robotics_datasets.json,79
10.21203/rs.3.rs-9161109/v1,Q10,81,18.478859,raw_crossref\Q10_environmental_robotics_datasets.json,80
10.1061/9780784486931.069,Q10,82,18.476727,raw_crossref\Q10_environmental_robotics_datasets.json,81
10.22260/isarc2026/0200,Q10,83,18.470942,raw_crossref\Q10_environmental_robotics_datasets.json,82
10.3390/rs16234522,Q10,84,18.464825,raw_crossref\Q10_environmental_robotics_datasets.json,83
10.2139/ssrn.4791347,Q10,85,18.4076,raw_crossref\Q10_environmental_robotics_datasets.json,84
10.65652/jag.1777704,Q10,86,18.378635,raw_crossref\Q10_environmental_robotics_datasets.json,85
10.1002/stc.2115,Q10,87,18.359062,raw_crossref\Q10_environmental_robotics_datasets.json,86
10.21203/rs.3.rs-1938370/v1,Q10,88,18.326424,raw_crossref\Q10_environmental_robotics_datasets.json,87
10.1109/lra.2024.3474473,Q10,89,18.27374,raw_crossref\Q10_environmental_robotics_datasets.json,88
10.3390/su18136867,Q10,90,18.24784,raw_crossref\Q10_environmental_robotics_datasets.json,89
10.1109/lra.2022.3192802,Q10,91,18.24458,raw_crossref\Q10_environmental_robotics_datasets.json,90
10.5194/egusphere-egu23-6259,Q10,92,18.216358,raw_crossref\Q10_environmental_robotics_datasets.json,91
10.2514/1.a35642,Q10,93,18.206408,raw_crossref\Q10_environmental_robotics_datasets.json,92
10.1037/t11634-000,Q10,94,18.176453,raw_crossref\Q10_environmental_robotics_datasets.json,93
10.1007/978-3-031-07322-9_8,Q10,95,18.17035,raw_crossref\Q10_environmental_robotics_datasets.json,94
10.1037/e529162015-001,Q10,96,18.148651,raw_crossref\Q10_environmental_robotics_datasets.json,95
10.2139/ssrn.5649773,Q10,97,18.143667,raw_crossref\Q10_environmental_robotics_datasets.json,96
10.1007/s10661-023-11463-8,Q10,98,18.132227,raw_crossref\Q10_environmental_robotics_datasets.json,97
10.22541/au.173988240.06858837/v1,Q10,99,18.129871,raw_crossref\Q10_environmental_robotics_datasets.json,98
10.64898/2025.12.27.25343087,Q10,100,18.122215,raw_crossref\Q10_environmental_robotics_datasets.json,99
10.1080/01691864.2025.2547819,Q10,101,18.11671,raw_crossref\Q10_environmental_robotics_datasets.json,100
10.5194/egusphere-egu26-22106,Q10,102,18.109022,raw_crossref\Q10_environmental_robotics_datasets.json,101
10.1109/lra.2022.3147337,Q10,103,18.093466,raw_crossref\Q10_environmental_robotics_datasets.json,102
10.3390/bdcc7030135,Q10,104,18.089579,raw_crossref\Q10_environmental_robotics_datasets.json,103
10.1007/s11370-019-00290-x,Q10,105,17.991035,raw_crossref\Q10_environmental_robotics_datasets.json,104
10.1163/156855303764018495,Q10,106,17.989786,raw_crossref\Q10_environmental_robotics_datasets.json,105
10.1016/j.robot.2019.103346,Q10,107,17.987455,raw_crossref\Q10_environmental_robotics_datasets.json,106
10.1037/e620142009-001,Q10,108,17.979061,raw_crossref\Q10_environmental_robotics_datasets.json,107
10.21203/rs.3.rs-5021039/v1,Q10,109,17.904642,raw_crossref\Q10_environmental_robotics_datasets.json,108
10.1037/e685202011-001,Q10,110,17.87025,raw_crossref\Q10_environmental_robotics_datasets.json,109
10.2139/ssrn.4732703,Q10,111,17.866562,raw_crossref\Q10_environmental_robotics_datasets.json,110
10.5194/egusphere-egu23-13362,Q10,112,17.866562,raw_crossref\Q10_environmental_robotics_datasets.json,111
10.1002/stc.1559,Q10,113,17.850388,raw_crossref\Q10_environmental_robotics_datasets.json,112
10.36227/techrxiv.171177260.01297477/v1,Q10,114,17.844984,raw_crossref\Q10_environmental_robotics_datasets.json,113
10.5220/0010518303830387,Q10,115,17.836803,raw_crossref\Q10_environmental_robotics_datasets.json,114
10.7167/2013/976758,Q10,116,17.831705,raw_crossref\Q10_environmental_robotics_datasets.json,115
10.1109/lra.2022.3226077,Q10,117,17.821276,raw_crossref\Q10_environmental_robotics_datasets.json,116
10.5220/0010518300002994,Q10,118,17.819033,raw_crossref\Q10_environmental_robotics_datasets.json,117
10.7210/jrsj.36.23,Q10,119,17.802532,raw_crossref\Q10_environmental_robotics_datasets.json,118
10.2172/2474968,Q10,120,17.775047,raw_crossref\Q10_environmental_robotics_datasets.json,119
10.2172/2474974,Q10,121,17.747578,raw_crossref\Q10_environmental_robotics_datasets.json,120
10.1016/j.robot.2013.10.004,Q10,122,17.721594,raw_crossref\Q10_environmental_robotics_datasets.json,121
10.58233/1mcoer58,Q10,123,17.707077,raw_crossref\Q10_environmental_robotics_datasets.json,122
10.2316/j.2022.206-0734,Q10,124,17.697014,raw_crossref\Q10_environmental_robotics_datasets.json,123
10.1201/9781003490210-80,Q10,125,17.681087,raw_crossref\Q10_environmental_robotics_datasets.json,124
10.1201/9780429029264-10,Q10,126,17.647251,raw_crossref\Q10_environmental_robotics_datasets.json,125
10.1201/9781420055474.ch10,Q10,127,17.642527,raw_crossref\Q10_environmental_robotics_datasets.json,126
10.21203/rs.3.rs-6069218/v1,Q10,128,17.632912,raw_crossref\Q10_environmental_robotics_datasets.json,127
10.20944/preprints202506.2001.v1,Q10,129,17.630056,raw_crossref\Q10_environmental_robotics_datasets.json,128
10.1002/rob.21722,Q10,130,17.628002,raw_crossref\Q10_environmental_robotics_datasets.json,129
10.4018/979-8-3373-6675-3.ch009,Q10,131,17.620987,raw_crossref\Q10_environmental_robotics_datasets.json,130
10.1037/e445382005-001,Q10,132,17.602999,raw_crossref\Q10_environmental_robotics_datasets.json,131
10.1007/978-3-030-81564-6_5,Q10,133,17.598553,raw_crossref\Q10_environmental_robotics_datasets.json,132
10.1088/2632-2153/adfcb0/v1/review2,Q10,134,17.598553,raw_crossref\Q10_environmental_robotics_datasets.json,133
10.22260/isarc2024/0146,Q10,135,17.594683,raw_crossref\Q10_environmental_robotics_datasets.json,134
10.2139/ssrn.5402384,Q10,136,17.578781,raw_crossref\Q10_environmental_robotics_datasets.json,135
10.1037/e658742011-001,Q10,137,17.5593,raw_crossref\Q10_environmental_robotics_datasets.json,136
10.1109/icra55743.2025.11128609,Q10,138,17.49587,raw_crossref\Q10_environmental_robotics_datasets.json,137
10.3390/vetsci12111104,Q10,139,17.466871,raw_crossref\Q10_environmental_robotics_datasets.json,138
10.3390/s25216653,Q10,140,17.463428,raw_crossref\Q10_environmental_robotics_datasets.json,139
10.1061/40337(205)6,Q10,141,17.451756,raw_crossref\Q10_environmental_robotics_datasets.json,140
10.1109/aqtr.2018.8402701,Q10,142,17.448738,raw_crossref\Q10_environmental_robotics_datasets.json,141
10.3390/drones7020125,Q10,143,17.438507,raw_crossref\Q10_environmental_robotics_datasets.json,142
10.52202/085713-5526,Q10,144,17.434929,raw_crossref\Q10_environmental_robotics_datasets.json,143
10.1061/9780784486931.058,Q10,145,17.410572,raw_crossref\Q10_environmental_robotics_datasets.json,144
10.1109/icar46387.2019.8981645,Q10,146,17.408375,raw_crossref\Q10_environmental_robotics_datasets.json,145
10.1142/9789812835772_0018,Q10,147,17.40761,raw_crossref\Q10_environmental_robotics_datasets.json,146
10.1037/t83584-000,Q10,148,17.390896,raw_crossref\Q10_environmental_robotics_datasets.json,147
10.21203/rs.3.rs-9325076/v1,Q10,149,17.38661,raw_crossref\Q10_environmental_robotics_datasets.json,148
10.1038/s41597-025-06496-2,Q10,150,17.381264,raw_crossref\Q10_environmental_robotics_datasets.json,149
10.1016/j.robot.2009.07.025,Q10,151,17.372143,raw_crossref\Q10_environmental_robotics_datasets.json,150
10.3133/wri964038a,Q10,152,17.342918,raw_crossref\Q10_environmental_robotics_datasets.json,151
10.1101/2025.05.20.25328046,Q10,153,17.327177,raw_crossref\Q10_environmental_robotics_datasets.json,152
10.26434/chemrxiv-2023-fjjk7,Q10,154,17.316706,raw_crossref\Q10_environmental_robotics_datasets.json,153
10.5220/0013307900003912,Q10,155,17.316212,raw_crossref\Q10_environmental_robotics_datasets.json,154
10.1007/978-3-319-00065-7_65,Q10,156,17.314802,raw_crossref\Q10_environmental_robotics_datasets.json,155
10.1109/cvpr.2005.421,Q10,157,17.311455,raw_crossref\Q10_environmental_robotics_datasets.json,156
10.4018/979-8-3373-1892-9.ch002,Q10,158,17.255117,raw_crossref\Q10_environmental_robotics_datasets.json,157
10.1127/1432-8364/2012/0120,Q10,159,17.216698,raw_crossref\Q10_environmental_robotics_datasets.json,158
10.1109/mra.2011.2181683,Q10,160,17.211468,raw_crossref\Q10_environmental_robotics_datasets.json,159
10.1177/14759217221111141,Q10,161,17.200352,raw_crossref\Q10_environmental_robotics_datasets.json,160
10.1016/j.robot.2021.103734,Q10,162,17.19219,raw_crossref\Q10_environmental_robotics_datasets.json,161
10.4211/hs.595e2ba483524feba22273e4dfbed190,Q10,163,17.187073,raw_crossref\Q10_environmental_robotics_datasets.json,162
10.3390/s16081255,Q10,164,17.185436,raw_crossref\Q10_environmental_robotics_datasets.json,163
10.5220/0014252700004084,Q10,165,17.184076,raw_crossref\Q10_environmental_robotics_datasets.json,164
10.12783/shm2015/201,Q10,166,17.179745,raw_crossref\Q10_environmental_robotics_datasets.json,165
10.17811/ruo_datasets.81942,Q10,167,17.159203,raw_crossref\Q10_environmental_robotics_datasets.json,166
10.2139/ssrn.5603875,Q10,168,17.152325,raw_crossref\Q10_environmental_robotics_datasets.json,167
10.1007/978-981-96-3519-1_33,Q10,169,17.149738,raw_crossref\Q10_environmental_robotics_datasets.json,168
10.1093/bib/bbae048,Q10,170,17.146404,raw_crossref\Q10_environmental_robotics_datasets.json,169
10.1109/icip.2010.5651245,Q10,171,17.133562,raw_crossref\Q10_environmental_robotics_datasets.json,170
10.1038/s41597-026-08063-9,Q10,172,17.128345,raw_crossref\Q10_environmental_robotics_datasets.json,171
10.2139/ssrn.5603824,Q10,173,17.127087,raw_crossref\Q10_environmental_robotics_datasets.json,172
10.4211/hs.266099a29929423e9cec8bdb886b6a21,Q10,174,17.126886,raw_crossref\Q10_environmental_robotics_datasets.json,173
10.1109/icra40945.2020.9196887,Q10,175,17.124512,raw_crossref\Q10_environmental_robotics_datasets.json,174
10.31223/x5gd7j,Q10,176,17.11347,raw_crossref\Q10_environmental_robotics_datasets.json,175
10.4211/hs.9b2b865acc51481babc74599470a3bfccrossrefsubmissionstatus.pending,Q10,177,17.112759,raw_crossref\Q10_environmental_robotics_datasets.json,176
10.4211/hs.9b2b865acc51481babc74599470a3bfc,Q10,178,17.109598,raw_crossref\Q10_environmental_robotics_datasets.json,177
10.1088/1755-1315/128/1/012015,Q10,179,17.09684,raw_crossref\Q10_environmental_robotics_datasets.json,178
10.1201/9781003156307-25,Q10,180,17.095783,raw_crossref\Q10_environmental_robotics_datasets.json,179
10.2139/ssrn.5384807,Q10,181,17.082094,raw_crossref\Q10_environmental_robotics_datasets.json,180
10.4102/koedoe.v54i1.1109,Q10,182,17.081535,raw_crossref\Q10_environmental_robotics_datasets.json,181
10.1007/978-3-032-30156-7_28,Q10,183,17.079943,raw_crossref\Q10_environmental_robotics_datasets.json,182
10.1101/2025.01.31.25321510,Q10,184,17.079912,raw_crossref\Q10_environmental_robotics_datasets.json,183
10.1007/978-3-319-51532-8_25,Q10,185,17.072859,raw_crossref\Q10_environmental_robotics_datasets.json,184
10.1037/e685212011-001,Q10,186,17.058575,raw_crossref\Q10_environmental_robotics_datasets.json,185
10.1109/iceea.2010.5596121,Q10,187,17.045494,raw_crossref\Q10_environmental_robotics_datasets.json,186
10.1037/e313472005-006,Q10,188,17.032703,raw_crossref\Q10_environmental_robotics_datasets.json,187
10.2139/ssrn.5669250,Q10,189,17.032703,raw_crossref\Q10_environmental_robotics_datasets.json,188
10.1088/2632-2153/adfcb0/v1/review1,Q10,190,17.032703,raw_crossref\Q10_environmental_robotics_datasets.json,189
10.1016/j.envsoft.2025.106781,Q10,191,17.020437,raw_crossref\Q10_environmental_robotics_datasets.json,190
10.3389/frobt.2018.00052,Q10,192,17.013144,raw_crossref\Q10_environmental_robotics_datasets.json,191
10.21437/interspeech.2023-201,Q10,193,17.011963,raw_crossref\Q10_environmental_robotics_datasets.json,192
10.1109/icrest51555.2021.9331020,Q10,194,16.996534,raw_crossref\Q10_environmental_robotics_datasets.json,193
10.1002/(sici)1098-2728(1997)9:6<285::aid-lra2>3.0.co;2-x,Q10,195,16.989845,raw_crossref\Q10_environmental_robotics_datasets.json,194
10.1109/aqtr.2010.5520681,Q10,196,16.987972,raw_crossref\Q10_environmental_robotics_datasets.json,195
10.1109/robot.2004.1308026,Q10,197,16.986097,raw_crossref\Q10_environmental_robotics_datasets.json,196
10.1177/1475921704047499,Q10,198,16.9744,raw_crossref\Q10_environmental_robotics_datasets.json,197
10.1017/9781009106924.005,Q10,199,16.97305,raw_crossref\Q10_environmental_robotics_datasets.json,198
10.5220/0011562200003332,Q10,200,16.96561,raw_crossref\Q10_environmental_robotics_datasets.json,199
10.5220/0014236300004084,Q10,201,16.96561,raw_crossref\Q10_environmental_robotics_datasets.json,200
10.1037/t11954-000,Q10,202,16.938318,raw_crossref\Q10_environmental_robotics_datasets.json,201
10.1037/e531612011-001,Q10,203,16.937721,raw_crossref\Q10_environmental_robotics_datasets.json,202
10.1177/0278364919844575,Q10,204,16.925123,raw_crossref\Q10_environmental_robotics_datasets.json,203
10.5220/0014210600004084,Q10,205,16.920345,raw_crossref\Q10_environmental_robotics_datasets.json,204
10.1109/aris56205.2022.9910449,Q10,206,16.918299,raw_crossref\Q10_environmental_robotics_datasets.json,205
10.26434/chemrxiv.7732262.v1,Q10,207,16.90999,raw_crossref\Q10_environmental_robotics_datasets.json,206
10.6019/empiar-11666,Q10,208,16.90999,raw_crossref\Q10_environmental_robotics_datasets.json,207
10.3390/cancers17152476,Q10,209,16.90827,raw_crossref\Q10_environmental_robotics_datasets.json,208
10.1037/t40620-000,Q10,210,16.90827,raw_crossref\Q10_environmental_robotics_datasets.json,209
10.1037/e643602011-001,Q10,211,16.90827,raw_crossref\Q10_environmental_robotics_datasets.json,210
10.2139/ssrn.4545801,Q10,212,16.903372,raw_crossref\Q10_environmental_robotics_datasets.json,211
10.1007/978-3-540-78317-6_22,Q10,213,16.883648,raw_crossref\Q10_environmental_robotics_datasets.json,212
10.5772/29328,Q10,214,16.88072,raw_crossref\Q10_environmental_robotics_datasets.json,213
10.31224/8086,Q10,215,16.87989,raw_crossref\Q10_environmental_robotics_datasets.json,214
10.5194/essd-2025-321,Q10,216,16.87178,raw_crossref\Q10_environmental_robotics_datasets.json,215
10.14419/ijet.v7i3.12.16163,Q10,217,16.865057,raw_crossref\Q10_environmental_robotics_datasets.json,216
10.21437/interspeech.2022-10992,Q10,218,16.86197,raw_crossref\Q10_environmental_robotics_datasets.json,217
10.1037/e661522012-001,Q10,219,16.860233,raw_crossref\Q10_environmental_robotics_datasets.json,218
10.2139/ssrn.6235868,Q10,220,16.860233,raw_crossref\Q10_environmental_robotics_datasets.json,219
10.1002/rob.20180,Q10,221,16.859295,raw_crossref\Q10_environmental_robotics_datasets.json,220
10.3390/diagnostics16101537,Q10,222,16.851717,raw_crossref\Q10_environmental_robotics_datasets.json,221
10.1007/978-3-031-22731-8_12,Q10,223,16.845682,raw_crossref\Q10_environmental_robotics_datasets.json,222
10.2139/ssrn.5905722,Q10,224,16.838688,raw_crossref\Q10_environmental_robotics_datasets.json,223
10.2139/ssrn.4920687,Q10,225,16.837746,raw_crossref\Q10_environmental_robotics_datasets.json,224
10.20944/preprints202506.1984.v1,Q10,226,16.833214,raw_crossref\Q10_environmental_robotics_datasets.json,225
10.31219/osf.io/bj3uy,Q10,227,16.832867,raw_crossref\Q10_environmental_robotics_datasets.json,226
10.26434/chemrxiv.7732262.v2,Q10,228,16.831867,raw_crossref\Q10_environmental_robotics_datasets.json,227
10.70314/is.2025.skui.6224,Q10,229,16.830994,raw_crossref\Q10_environmental_robotics_datasets.json,228
10.1108/ir-12-2022-0316,Q10,230,16.824253,raw_crossref\Q10_environmental_robotics_datasets.json,229
10.1101/2025.10.03.679772,Q10,231,16.819855,raw_crossref\Q10_environmental_robotics_datasets.json,230
10.2172/2002141,Q10,232,16.812246,raw_crossref\Q10_environmental_robotics_datasets.json,231
10.1037/e505932022-001,Q10,233,16.81139,raw_crossref\Q10_environmental_robotics_datasets.json,232
10.1109/aqtr49680.2020.9129917,Q10,234,16.802803,raw_crossref\Q10_environmental_robotics_datasets.json,233
10.1109/icra57147.2024.10610651,Q10,235,16.79794,raw_crossref\Q10_environmental_robotics_datasets.json,234
10.1109/lra.2019.2896705,Q10,236,16.796993,raw_crossref\Q10_environmental_robotics_datasets.json,235
10.20944/preprints202308.0140.v1,Q10,237,16.786144,raw_crossref\Q10_environmental_robotics_datasets.json,236
10.1007/978-3-642-01213-6_31,Q10,238,16.77911,raw_crossref\Q10_environmental_robotics_datasets.json,237
10.1109/aqtr.2016.7501295,Q10,239,16.77911,raw_crossref\Q10_environmental_robotics_datasets.json,238
10.3389/frobt.2024.1336612,Q10,240,16.77911,raw_crossref\Q10_environmental_robotics_datasets.json,239
10.1109/icra.2013.6630701,Q10,241,16.775389,raw_crossref\Q10_environmental_robotics_datasets.json,240
10.63056/ijair.1.1.2025.88,Q10,242,16.770075,raw_crossref\Q10_environmental_robotics_datasets.json,241
10.1037/e556532009-001,Q10,243,16.7671,raw_crossref\Q10_environmental_robotics_datasets.json,242
10.2139/ssrn.4560035,Q10,244,16.765862,raw_crossref\Q10_environmental_robotics_datasets.json,243
10.1016/j.birob.2023.100115,Q10,245,16.74424,raw_crossref\Q10_environmental_robotics_datasets.json,244
10.5302/j.icros.2024.24.0029,Q10,246,16.735006,raw_crossref\Q10_environmental_robotics_datasets.json,245
10.1016/j.robot.2005.09.004,Q10,247,16.730173,raw_crossref\Q10_environmental_robotics_datasets.json,246
10.1109/tmrb.2025.3646753,Q10,248,16.727762,raw_crossref\Q10_environmental_robotics_datasets.json,247
10.1109/iceeli.2012.6360606,Q10,249,16.724026,raw_crossref\Q10_environmental_robotics_datasets.json,248
10.59350/xc6jk-qrs29,Q10,250,16.71725,raw_crossref\Q10_environmental_robotics_datasets.json,249
10.15607/rss.2023.xix.041,Q10,251,16.683815,raw_crossref\Q10_environmental_robotics_datasets.json,250
10.1109/icra48506.2021.9561019,Q10,252,16.676691,raw_crossref\Q10_environmental_robotics_datasets.json,251
10.1109/icphm61352.2024.10626846,Q10,253,16.675636,raw_crossref\Q10_environmental_robotics_datasets.json,252
10.1177/02783649251368909,Q10,254,16.666092,raw_crossref\Q10_environmental_robotics_datasets.json,253
10.5194/egusphere-egu23-2283,Q10,255,16.645393,raw_crossref\Q10_environmental_robotics_datasets.json,254
10.1109/cvpr.2005.505,Q10,256,16.645393,raw_crossref\Q10_environmental_robotics_datasets.json,255
10.1037/t36609-000,Q10,257,16.638332,raw_crossref\Q10_environmental_robotics_datasets.json,256
10.5302/j.icros.2012.18.5.413,Q10,258,16.630377,raw_crossref\Q10_environmental_robotics_datasets.json,257
10.1109/icih67754.2025.11608673,Q10,259,16.62687,raw_crossref\Q10_environmental_robotics_datasets.json,258
10.1007/978-3-319-03413-3_3,Q10,260,16.62629,raw_crossref\Q10_environmental_robotics_datasets.json,259
10.1037/e413972008-007,Q10,261,16.620598,raw_crossref\Q10_environmental_robotics_datasets.json,260
10.1101/2024.08.20.608828,Q10,262,16.619198,raw_crossref\Q10_environmental_robotics_datasets.json,261
10.21203/rs.3.rs-8497702/v1,Q10,263,16.618988,raw_crossref\Q10_environmental_robotics_datasets.json,262
10.4018/979-8-3373-6675-3,Q10,264,16.611502,raw_crossref\Q10_environmental_robotics_datasets.json,263
10.1037/e407362005-005,Q10,265,16.608961,raw_crossref\Q10_environmental_robotics_datasets.json,264
10.1017/9781108866613.007,Q10,266,16.590797,raw_crossref\Q10_environmental_robotics_datasets.json,265
10.1109/rcar52367.2021.9517413,Q10,267,16.588646,raw_crossref\Q10_environmental_robotics_datasets.json,266
10.1002/rob.70322,Q10,268,16.587137,raw_crossref\Q10_environmental_robotics_datasets.json,267
10.1109/ccra.2018.8588131,Q10,269,16.584864,raw_crossref\Q10_environmental_robotics_datasets.json,268
10.5220/0005548002300237,Q10,270,16.584652,raw_crossref\Q10_environmental_robotics_datasets.json,269
10.2478/rtuect-2025-0011,Q10,271,16.583256,raw_crossref\Q10_environmental_robotics_datasets.json,270
10.1109/icirdc65564.2024.00144,Q10,272,16.578663,raw_crossref\Q10_environmental_robotics_datasets.json,271
10.6019/empiar-11543,Q10,273,16.571354,raw_crossref\Q10_environmental_robotics_datasets.json,272
10.6019/empiar-13549,Q10,274,16.571354,raw_crossref\Q10_environmental_robotics_datasets.json,273
10.1201/9780203495476-26,Q10,275,16.570065,raw_crossref\Q10_environmental_robotics_datasets.json,274
10.2139/ssrn.6661506,Q10,276,16.557417,raw_crossref\Q10_environmental_robotics_datasets.json,275
10.4018/979-8-3373-7554-0.ch005,Q10,277,16.556623,raw_crossref\Q10_environmental_robotics_datasets.json,276
10.3390/data7070083,Q10,278,16.555683,raw_crossref\Q10_environmental_robotics_datasets.json,277
10.3390/ai6120320,Q10,279,16.555683,raw_crossref\Q10_environmental_robotics_datasets.json,278
10.1109/icra55743.2025.11127963,Q10,280,16.55536,raw_crossref\Q10_environmental_robotics_datasets.json,279
10.1109/oceansap.2016.7485333,Q10,281,16.533918,raw_crossref\Q10_environmental_robotics_datasets.json,280
10.31234/osf.io/pvx3d,Q10,282,16.526777,raw_crossref\Q10_environmental_robotics_datasets.json,281
10.1101/2023.05.27.542160,Q10,283,16.526777,raw_crossref\Q10_environmental_robotics_datasets.json,282
10.1016/j.eml.2020.100659,Q10,284,16.526777,raw_crossref\Q10_environmental_robotics_datasets.json,283
10.1007/978-3-031-25555-7_23,Q10,285,16.509726,raw_crossref\Q10_environmental_robotics_datasets.json,284
10.1037/t93092-000,Q10,286,16.501421,raw_crossref\Q10_environmental_robotics_datasets.json,285
10.1037/e542102009-007,Q10,287,16.501272,raw_crossref\Q10_environmental_robotics_datasets.json,286
10.3724/sp.j.1004.2013.00542,Q10,288,16.48814,raw_crossref\Q10_environmental_robotics_datasets.json,287
10.5220/0004987002390247,Q10,289,16.486824,raw_crossref\Q10_environmental_robotics_datasets.json,288
10.1109/icra40945.2020.9197332,Q10,290,16.483547,raw_crossref\Q10_environmental_robotics_datasets.json,289
10.1037/e705572011-088,Q10,291,16.47913,raw_crossref\Q10_environmental_robotics_datasets.json,290
10.1037/e515802018-001,Q10,292,16.475132,raw_crossref\Q10_environmental_robotics_datasets.json,291
10.1037/e584072011-014,Q10,293,16.472057,raw_crossref\Q10_environmental_robotics_datasets.json,292
10.1037/t65552-000,Q10,294,16.472057,raw_crossref\Q10_environmental_robotics_datasets.json,293
10.5220/0011874700003417,Q10,295,16.449734,raw_crossref\Q10_environmental_robotics_datasets.json,294
10.1142/9789812817839_0019,Q10,296,16.429594,raw_crossref\Q10_environmental_robotics_datasets.json,295
10.6019/empiar-10982,Q10,297,16.42859,raw_crossref\Q10_environmental_robotics_datasets.json,296
10.1109/oceans51537.2024.10706638,Q10,298,16.4157,raw_crossref\Q10_environmental_robotics_datasets.json,297
10.5194/egusphere-egu23-11489,Q10,299,16.40667,raw_crossref\Q10_environmental_robotics_datasets.json,298
10.26434/chemrxiv-2024-btd4m,Q10,300,16.406372,raw_crossref\Q10_environmental_robotics_datasets.json,299
10.2139/ssrn.6923420,Q10,301,16.406372,raw_crossref\Q10_environmental_robotics_datasets.json,300
10.5194/essd-2025-791,Q10,302,16.406372,raw_crossref\Q10_environmental_robotics_datasets.json,301
10.2139/ssrn.7317752,Q10,303,16.404459,raw_crossref\Q10_environmental_robotics_datasets.json,302
10.1145/3807503.3819377,Q10,304,16.392958,raw_crossref\Q10_environmental_robotics_datasets.json,303
10.1109/icra46639.2022.9811673,Q10,305,16.389265,raw_crossref\Q10_environmental_robotics_datasets.json,304
10.1109/icme55011.2023.00270,Q10,306,16.387608,raw_crossref\Q10_environmental_robotics_datasets.json,305
10.1007/s13278-024-01318-6,Q10,307,16.387608,raw_crossref\Q10_environmental_robotics_datasets.json,306
10.1109/lra.2021.3135928,Q10,308,16.382442,raw_crossref\Q10_environmental_robotics_datasets.json,307
10.1109/cacre50138.2020.9230314,Q10,309,16.376877,raw_crossref\Q10_environmental_robotics_datasets.json,308
10.1109/tro.2019.2936747,Q10,310,16.373253,raw_crossref\Q10_environmental_robotics_datasets.json,309
10.5121/csit.2023.131211,Q10,311,16.366695,raw_crossref\Q10_environmental_robotics_datasets.json,310
10.22260/isarc2011/0258,Q10,312,16.365465,raw_crossref\Q10_environmental_robotics_datasets.json,311
10.4018/979-8-2600-0701-3.ch003,Q10,313,16.365465,raw_crossref\Q10_environmental_robotics_datasets.json,312
10.1109/icoris67789.2025.11296044,Q10,314,16.363857,raw_crossref\Q10_environmental_robotics_datasets.json,313
10.1109/cvpr52688.2022.02061,Q10,315,16.360737,raw_crossref\Q10_environmental_robotics_datasets.json,314
10.1016/j.engappai.2021.104447,Q10,316,16.354017,raw_crossref\Q10_environmental_robotics_datasets.json,315
10.1037/t39975-000,Q10,317,16.352962,raw_crossref\Q10_environmental_robotics_datasets.json,316
10.70295/smdj.2412023,Q10,318,16.347275,raw_crossref\Q10_environmental_robotics_datasets.json,317
10.54254/2755-2721/73/20240411,Q10,319,16.338665,raw_crossref\Q10_environmental_robotics_datasets.json,318
10.1109/iccvw.2019.00536,Q10,320,16.338665,raw_crossref\Q10_environmental_robotics_datasets.json,319
10.36227/techrxiv.19941335.v2,Q10,321,16.338518,raw_crossref\Q10_environmental_robotics_datasets.json,320
10.1037/e558902006-009,Q10,322,16.334267,raw_crossref\Q10_environmental_robotics_datasets.json,321
10.1037/t31793-000,Q10,323,16.329319,raw_crossref\Q10_environmental_robotics_datasets.json,322
10.36227/techrxiv.19941335.v1,Q10,324,16.324615,raw_crossref\Q10_environmental_robotics_datasets.json,323
10.1037/e665402011-570,Q10,325,16.324131,raw_crossref\Q10_environmental_robotics_datasets.json,324
10.36227/techrxiv.173687667.70476692/v1,Q10,326,16.323387,raw_crossref\Q10_environmental_robotics_datasets.json,325
10.22260/isarc2013/0099,Q10,327,16.31959,raw_crossref\Q10_environmental_robotics_datasets.json,326
10.36227/techrxiv.19941335,Q10,328,16.31384,raw_crossref\Q10_environmental_robotics_datasets.json,327
10.1109/icrom48714.2019.9071820,Q10,329,16.302952,raw_crossref\Q10_environmental_robotics_datasets.json,328
10.1109/irc.2020.00046,Q10,330,16.271362,raw_crossref\Q10_environmental_robotics_datasets.json,329
10.4018/979-8-3373-6675-3.ch003,Q10,331,16.263544,raw_crossref\Q10_environmental_robotics_datasets.json,330
10.1108/s0573-8555(2000)0000246005,Q10,332,16.253902,raw_crossref\Q10_environmental_robotics_datasets.json,331
10.1080/01691864.2025.2532606,Q10,333,16.248835,raw_crossref\Q10_environmental_robotics_datasets.json,332
10.1002/tqem.3310020206,Q10,334,16.240173,raw_crossref\Q10_environmental_robotics_datasets.json,333
10.1037/e546352010-001,Q10,335,16.2336,raw_crossref\Q10_environmental_robotics_datasets.json,334
10.1201/9780203495476-6,Q10,336,16.231068,raw_crossref\Q10_environmental_robotics_datasets.json,335
10.4018/979-8-3373-6675-3.ch007,Q10,337,16.222273,raw_crossref\Q10_environmental_robotics_datasets.json,336
10.1007/978-981-96-1151-5_16,Q10,338,16.220707,raw_crossref\Q10_environmental_robotics_datasets.json,337
10.1145/3478586.3478590,Q10,339,16.215656,raw_crossref\Q10_environmental_robotics_datasets.json,338
10.1037/e529982010-028,Q10,340,16.211988,raw_crossref\Q10_environmental_robotics_datasets.json,339
10.1201/9780203495476-7,Q10,341,16.20116,raw_crossref\Q10_environmental_robotics_datasets.json,340
10.1201/9780203495476-8,Q10,342,16.192999,raw_crossref\Q10_environmental_robotics_datasets.json,341
10.1201/9780203495476-21,Q10,343,16.19062,raw_crossref\Q10_environmental_robotics_datasets.json,342
10.6019/empiar-11537,Q10,344,16.18427,raw_crossref\Q10_environmental_robotics_datasets.json,343
10.5194/essd-2022-52,Q10,345,16.18427,raw_crossref\Q10_environmental_robotics_datasets.json,344
10.3390/s21041299,Q10,346,16.18427,raw_crossref\Q10_environmental_robotics_datasets.json,345
10.1109/ialp.2018.8629109,Q10,347,16.18427,raw_crossref\Q10_environmental_robotics_datasets.json,346
10.20944/preprints202508.0384.v1,Q10,348,16.178343,raw_crossref\Q10_environmental_robotics_datasets.json,347
10.2139/ssrn.6865775,Q10,349,16.178343,raw_crossref\Q10_environmental_robotics_datasets.json,348
10.3390/drones10040244,Q10,350,16.164188,raw_crossref\Q10_environmental_robotics_datasets.json,349
10.52202/068431-0059,Q10,351,16.164188,raw_crossref\Q10_environmental_robotics_datasets.json,350
10.1109/icra.2018.8460821,Q10,352,16.163013,raw_crossref\Q10_environmental_robotics_datasets.json,351
10.1145/3469877.3490575,Q10,353,16.160295,raw_crossref\Q10_environmental_robotics_datasets.json,352
10.4018/979-8-3373-6675-3.ch006,Q10,354,16.150127,raw_crossref\Q10_environmental_robotics_datasets.json,353
10.1007/978-3-658-15971-9_7,Q10,355,16.143877,raw_crossref\Q10_environmental_robotics_datasets.json,354
10.5194/essd-2020-390,Q10,356,16.137451,raw_crossref\Q10_environmental_robotics_datasets.json,355
10.2139/ssrn.6550918,Q10,357,16.136345,raw_crossref\Q10_environmental_robotics_datasets.json,356
10.55461/qfkl9711,Q10,358,16.131199,raw_crossref\Q10_environmental_robotics_datasets.json,357
10.1109/mercon.2019.8818859,Q10,359,16.128002,raw_crossref\Q10_environmental_robotics_datasets.json,358
10.2139/ssrn.7366633,Q10,360,16.12756,raw_crossref\Q10_environmental_robotics_datasets.json,359
10.2139/ssrn.7300321,Q10,361,16.12756,raw_crossref\Q10_environmental_robotics_datasets.json,360
10.1002/ieam.4068,Q10,362,16.12044,raw_crossref\Q10_environmental_robotics_datasets.json,361
10.2139/ssrn.5066028,Q10,363,16.11656,raw_crossref\Q10_environmental_robotics_datasets.json,362
10.5194/egusphere-egu24-11310,Q10,364,16.111866,raw_crossref\Q10_environmental_robotics_datasets.json,363
10.5194/egusphere-egu23-4932,Q10,365,16.087517,raw_crossref\Q10_environmental_robotics_datasets.json,364
10.2172/2584398,Q10,366,16.08565,raw_crossref\Q10_environmental_robotics_datasets.json,365
10.5772/28533,Q10,367,16.082169,raw_crossref\Q10_environmental_robotics_datasets.json,366
10.1007/s11082-022-04399-9,Q10,368,16.069462,raw_crossref\Q10_environmental_robotics_datasets.json,367
10.2139/ssrn.7206471,Q10,369,16.0685,raw_crossref\Q10_environmental_robotics_datasets.json,368
10.26434/chemrxiv.15004280/v1,Q10,370,16.0685,raw_crossref\Q10_environmental_robotics_datasets.json,369
10.1109/icrom48714.2019.9071825,Q10,371,16.064365,raw_crossref\Q10_environmental_robotics_datasets.json,370
10.15607/rss.2024.xx.061,Q10,372,16.053055,raw_crossref\Q10_environmental_robotics_datasets.json,371
10.12795/11441/166429,Q10,373,16.050444,raw_crossref\Q10_environmental_robotics_datasets.json,372
10.1037/t44227-000,Q10,374,16.0475,raw_crossref\Q10_environmental_robotics_datasets.json,373
10.1037/t45011-000,Q10,375,16.042559,raw_crossref\Q10_environmental_robotics_datasets.json,374
10.1037/t36569-000,Q10,376,16.040215,raw_crossref\Q10_environmental_robotics_datasets.json,375
10.1002/pits.21823,Q10,377,16.034603,raw_crossref\Q10_environmental_robotics_datasets.json,376
10.1037/t47901-000,Q10,378,16.025002,raw_crossref\Q10_environmental_robotics_datasets.json,377
10.22260/isarc2014/0112,Q10,379,16.014507,raw_crossref\Q10_environmental_robotics_datasets.json,378
10.1109/icra.2017.7989443,Q10,380,15.99724,raw_crossref\Q10_environmental_robotics_datasets.json,379
10.1037/e451832006-001,Q10,381,15.9949,raw_crossref\Q10_environmental_robotics_datasets.json,380
10.1037/e534452010-001,Q10,382,15.987483,raw_crossref\Q10_environmental_robotics_datasets.json,381
10.1109/icarcv.2010.5707327,Q10,383,15.978862,raw_crossref\Q10_environmental_robotics_datasets.json,382
10.1561/2300000073,Q10,384,15.978862,raw_crossref\Q10_environmental_robotics_datasets.json,383
10.7250/conect.2025.020,Q10,385,15.977669,raw_crossref\Q10_environmental_robotics_datasets.json,384
10.1126/scirobotics.add5762,Q10,386,15.973562,raw_crossref\Q10_environmental_robotics_datasets.json,385
10.1039/d5dd00016e/v1/review2,Q10,387,15.972436,raw_crossref\Q10_environmental_robotics_datasets.json,386
10.2139/ssrn.4489180,Q10,388,15.965181,raw_crossref\Q10_environmental_robotics_datasets.json,387
10.1109/icfsp55781.2022.9924854,Q10,389,15.96316,raw_crossref\Q10_environmental_robotics_datasets.json,388
10.7490/f1000research.1117573.1,Q10,390,15.959257,raw_crossref\Q10_environmental_robotics_datasets.json,389
10.6019/empiar-12850,Q10,391,15.956564,raw_crossref\Q10_environmental_robotics_datasets.json,390
10.26434/chemrxiv-2023-fjjk7-v2,Q10,392,15.955656,raw_crossref\Q10_environmental_robotics_datasets.json,391
10.1037/t65452-000,Q10,393,15.950045,raw_crossref\Q10_environmental_robotics_datasets.json,392
10.1039/d5dd00016e/v2/review1,Q10,394,15.944822,raw_crossref\Q10_environmental_robotics_datasets.json,393
10.1037/t93087-000,Q10,395,15.941859,raw_crossref\Q10_environmental_robotics_datasets.json,394
10.1039/d5dd00016e/v1/review3,Q10,396,15.940443,raw_crossref\Q10_environmental_robotics_datasets.json,395
10.1109/iccv51070.2023.01845,Q10,397,15.936232,raw_crossref\Q10_environmental_robotics_datasets.json,396
10.3390/robotics9020047,Q10,398,15.932998,raw_crossref\Q10_environmental_robotics_datasets.json,397
10.1109/telepresence66096.2025.11521191,Q10,399,15.918265,raw_crossref\Q10_environmental_robotics_datasets.json,398
10.3390/robotics14040040,Q10,400,15.917053,raw_crossref\Q10_environmental_robotics_datasets.json,399
10.22541/essoar.174785648.88080344/v1,Q10,401,15.91679,raw_crossref\Q10_environmental_robotics_datasets.json,400
10.1186/1752-153x-2-s1-p1,Q10,402,15.91507,raw_crossref\Q10_environmental_robotics_datasets.json,401
10.1038/s41597-026-06718-1,Q10,403,15.912242,raw_crossref\Q10_environmental_robotics_datasets.json,402
10.31224/7511,Q10,404,15.910635,raw_crossref\Q10_environmental_robotics_datasets.json,403
10.52202/079017-2430,Q10,405,15.910635,raw_crossref\Q10_environmental_robotics_datasets.json,404
10.1093/database/baae120,Q10,406,15.908623,raw_crossref\Q10_environmental_robotics_datasets.json,405
10.64898/2026.04.25.720793,Q10,407,15.907811,raw_crossref\Q10_environmental_robotics_datasets.json,406
10.2139/ssrn.5197295,Q10,408,15.90597,raw_crossref\Q10_environmental_robotics_datasets.json,407
10.1201/9780203495476.ch22,Q10,409,15.905905,raw_crossref\Q10_environmental_robotics_datasets.json,408
10.5772/27207,Q10,410,15.902351,raw_crossref\Q10_environmental_robotics_datasets.json,409
10.1039/d5dd00016e/v1/review1,Q10,411,15.9000435,raw_crossref\Q10_environmental_robotics_datasets.json,410
10.1016/b978-012064477-3/50007-2,Q10,412,15.897281,raw_crossref\Q10_environmental_robotics_datasets.json,411
10.15607/rss.2024.xx.133,Q10,413,15.892115,raw_crossref\Q10_environmental_robotics_datasets.json,412
10.52202/075280-1724,Q10,414,15.891797,raw_crossref\Q10_environmental_robotics_datasets.json,413
10.1109/access.2020.2992612,Q10,415,15.887478,raw_crossref\Q10_environmental_robotics_datasets.json,414
10.1109/icra46639.2022.9811564,Q10,416,15.887455,raw_crossref\Q10_environmental_robotics_datasets.json,415
10.4018/979-8-3373-3246-8.ch011,Q10,417,15.879047,raw_crossref\Q10_environmental_robotics_datasets.json,416
10.3390/info17050402,Q10,418,15.877823,raw_crossref\Q10_environmental_robotics_datasets.json,417
10.1109/conit61985.2024.10627334,Q10,419,15.877823,raw_crossref\Q10_environmental_robotics_datasets.json,418
10.1016/j.dib.2024.110916,Q10,420,15.867388,raw_crossref\Q10_environmental_robotics_datasets.json,419
10.2139/ssrn.5166760,Q10,421,15.848761,raw_crossref\Q10_environmental_robotics_datasets.json,420
10.6019/empiar-13602,Q10,422,15.848761,raw_crossref\Q10_environmental_robotics_datasets.json,421
10.20517/ir.2021.15,Q10,423,15.842558,raw_crossref\Q10_environmental_robotics_datasets.json,422
10.1002/rob.22196,Q10,424,15.838396,raw_crossref\Q10_environmental_robotics_datasets.json,423
10.1109/icra48506.2021.9561476,Q10,425,15.82082,raw_crossref\Q10_environmental_robotics_datasets.json,424
10.1007/s10661-017-5802-0,Q10,426,15.818443,raw_crossref\Q10_environmental_robotics_datasets.json,425
10.1177/02783649241304789,Q10,427,15.809928,raw_crossref\Q10_environmental_robotics_datasets.json,426
10.1109/icra.2018.8460664,Q10,428,15.807095,raw_crossref\Q10_environmental_robotics_datasets.json,427
10.1145/2952744.2952753,Q10,429,15.799521,raw_crossref\Q10_environmental_robotics_datasets.json,428
10.1201/9780203495476-16,Q10,430,15.797737,raw_crossref\Q10_environmental_robotics_datasets.json,429
10.3390/electronics15122642,Q10,431,15.795465,raw_crossref\Q10_environmental_robotics_datasets.json,430
10.1109/iccar64901.2025.11073028,Q10,432,15.795257,raw_crossref\Q10_environmental_robotics_datasets.json,431
10.1037/t54381-000,Q10,433,15.795071,raw_crossref\Q10_environmental_robotics_datasets.json,432
10.1109/iccar69571.2026.11549626,Q10,434,15.794543,raw_crossref\Q10_environmental_robotics_datasets.json,433
10.1037/t54121-000,Q10,435,15.7909775,raw_crossref\Q10_environmental_robotics_datasets.json,434
10.18196/jrc.1321,Q10,436,15.787075,raw_crossref\Q10_environmental_robotics_datasets.json,435
10.22541/au.160337371.17978204/v1,Q10,437,15.78569,raw_crossref\Q10_environmental_robotics_datasets.json,436
10.1109/iscait69154.2026.11477405,Q10,438,15.78569,raw_crossref\Q10_environmental_robotics_datasets.json,437
10.3389/fnins.2020.568000,Q10,439,15.78569,raw_crossref\Q10_environmental_robotics_datasets.json,438
10.31256/wp2023.4,Q10,440,15.783356,raw_crossref\Q10_environmental_robotics_datasets.json,439
10.1109/maris64137.2025.11139641,Q10,441,15.781267,raw_crossref\Q10_environmental_robotics_datasets.json,440
10.1109/icra57147.2024.10609975,Q10,442,15.781267,raw_crossref\Q10_environmental_robotics_datasets.json,441
10.3389/frobt.2025.1492526,Q10,443,15.778685,raw_crossref\Q10_environmental_robotics_datasets.json,442
10.1109/ccra.2016.7811411,Q10,444,15.778282,raw_crossref\Q10_environmental_robotics_datasets.json,443
10.1201/9781003626336-18,Q10,445,15.769424,raw_crossref\Q10_environmental_robotics_datasets.json,444
10.7490/f1000research.1115681.1,Q10,446,15.767178,raw_crossref\Q10_environmental_robotics_datasets.json,445
10.2139/ssrn.5389831,Q10,447,15.765163,raw_crossref\Q10_environmental_robotics_datasets.json,446
10.1109/cai68641.2026.11536323,Q10,448,15.765163,raw_crossref\Q10_environmental_robotics_datasets.json,447
10.1109/cvprw.2018.00277,Q10,449,15.765163,raw_crossref\Q10_environmental_robotics_datasets.json,448
10.1037/e640432007-006,Q10,450,15.76429,raw_crossref\Q10_environmental_robotics_datasets.json,449
10.1037/e441512008-001,Q10,451,15.76358,raw_crossref\Q10_environmental_robotics_datasets.json,450
10.1088/2632-2153/adfcb0/v2/decision1,Q10,452,15.759665,raw_crossref\Q10_environmental_robotics_datasets.json,451
10.1007/978-3-540-88256-5_1,Q10,453,15.755468,raw_crossref\Q10_environmental_robotics_datasets.json,452
10.1007/bf00400057,Q10,454,15.750801,raw_crossref\Q10_environmental_robotics_datasets.json,453
10.1201/9780203495476-10,Q10,455,15.750226,raw_crossref\Q10_environmental_robotics_datasets.json,454
10.1016/b978-012064477-3/50013-8,Q10,456,15.748246,raw_crossref\Q10_environmental_robotics_datasets.json,455
10.1007/978-3-032-34384-0_22,Q10,457,15.748102,raw_crossref\Q10_environmental_robotics_datasets.json,456
10.1109/icdar.2011.37,Q10,458,15.748011,raw_crossref\Q10_environmental_robotics_datasets.json,457
10.3390/rs17111906,Q10,459,15.744579,raw_crossref\Q10_environmental_robotics_datasets.json,458
10.1109/wacv.2014.6836024,Q10,460,15.744579,raw_crossref\Q10_environmental_robotics_datasets.json,459
10.1145/3746027.3758306,Q10,461,15.728274,raw_crossref\Q10_environmental_robotics_datasets.json,460
10.26434/chemrxiv-2023-9s6r7,Q10,462,15.728274,raw_crossref\Q10_environmental_robotics_datasets.json,461
10.1037/e705452011-014,Q10,463,15.727655,raw_crossref\Q10_environmental_robotics_datasets.json,462
10.3390/rs15041116,Q10,464,15.724079,raw_crossref\Q10_environmental_robotics_datasets.json,463
10.3390/robotics7030032,Q10,465,15.721916,raw_crossref\Q10_environmental_robotics_datasets.json,464
10.1007/s10489-025-06699-5,Q10,466,15.720945,raw_crossref\Q10_environmental_robotics_datasets.json,465
10.1109/access.2024.3427783,Q10,467,15.720247,raw_crossref\Q10_environmental_robotics_datasets.json,466
10.1109/icra.2014.6907786,Q10,468,15.704092,raw_crossref\Q10_environmental_robotics_datasets.json,467
10.1109/access.2026.3707213,Q10,469,15.70314,raw_crossref\Q10_environmental_robotics_datasets.json,468
10.30534/ijeter/2020/958102020,Q10,470,15.702079,raw_crossref\Q10_environmental_robotics_datasets.json,469
10.2139/ssrn.5340605,Q10,471,15.702079,raw_crossref\Q10_environmental_robotics_datasets.json,470
10.5220/0014376400004918,Q10,472,15.699572,raw_crossref\Q10_environmental_robotics_datasets.json,471
10.1037/e602432011-001,Q10,473,15.699444,raw_crossref\Q10_environmental_robotics_datasets.json,472
10.1037/t88937-000,Q10,474,15.696661,raw_crossref\Q10_environmental_robotics_datasets.json,473
10.3390/electronics15163749,Q10,475,15.695619,raw_crossref\Q10_environmental_robotics_datasets.json,474
10.2139/ssrn.7218474,Q10,476,15.693554,raw_crossref\Q10_environmental_robotics_datasets.json,475
10.1038/s41597-026-07341-w,Q10,477,15.690384,raw_crossref\Q10_environmental_robotics_datasets.json,476
10.1109/lra.2020.2965078,Q10,478,15.686425,raw_crossref\Q10_environmental_robotics_datasets.json,477
10.64898/2026.07.15.26358117,Q10,479,15.681823,raw_crossref\Q10_environmental_robotics_datasets.json,478
10.2139/ssrn.7265308,Q10,480,15.681823,raw_crossref\Q10_environmental_robotics_datasets.json,479
10.1037/e623202007-001,Q10,481,15.678682,raw_crossref\Q10_environmental_robotics_datasets.json,480
10.1016/j.nlp.2023.100043,Q10,482,15.678561,raw_crossref\Q10_environmental_robotics_datasets.json,481
10.1109/gcitc60406.2023.10426593,Q10,483,15.677406,raw_crossref\Q10_environmental_robotics_datasets.json,482
10.1680/jenge.20.00099,Q10,484,15.669808,raw_crossref\Q10_environmental_robotics_datasets.json,483
10.21203/rs.3.rs-10487060/v1,Q10,485,15.664041,raw_crossref\Q10_environmental_robotics_datasets.json,484
10.21203/rs.3.rs-7286169/v1,Q10,486,15.662748,raw_crossref\Q10_environmental_robotics_datasets.json,485
10.21203/rs.3.rs-3980138/v1,Q10,487,15.660621,raw_crossref\Q10_environmental_robotics_datasets.json,486
10.1007/s12665-022-10242-x,Q10,488,15.659899,raw_crossref\Q10_environmental_robotics_datasets.json,487
10.1007/s10661-024-12790-0,Q10,489,15.659505,raw_crossref\Q10_environmental_robotics_datasets.json,488
10.1115/1.4037114,Q10,490,15.653303,raw_crossref\Q10_environmental_robotics_datasets.json,489
10.1109/iccar.2019.8813415,Q10,491,15.653303,raw_crossref\Q10_environmental_robotics_datasets.json,490
10.5194/egusphere-egu2020-10001,Q10,492,15.653201,raw_crossref\Q10_environmental_robotics_datasets.json,491
10.3390/bioengineering9030118,Q10,493,15.653201,raw_crossref\Q10_environmental_robotics_datasets.json,492
10.3390/rs14184635,Q10,494,15.653201,raw_crossref\Q10_environmental_robotics_datasets.json,493
10.1109/icarcv.2014.7064566,Q10,495,15.647986,raw_crossref\Q10_environmental_robotics_datasets.json,494
10.20944/preprints202404.1478.v1,Q10,496,15.645051,raw_crossref\Q10_environmental_robotics_datasets.json,495
10.3389/frobt.2021.647634,Q10,497,15.637973,raw_crossref\Q10_environmental_robotics_datasets.json,496
10.1088/2632-2153/adfcb0/v1/decision1,Q10,498,15.634951,raw_crossref\Q10_environmental_robotics_datasets.json,497
10.1109/icra.2019.8794390,Q10,499,15.628777,raw_crossref\Q10_environmental_robotics_datasets.json,498
10.1177/02783649231191145,Q10,500,15.622984,raw_crossref\Q10_environmental_robotics_datasets.json,499
