shortlist_rank,doi,doi_url,title,authors,year,venue,type,publisher,volume,issue,pages,article_number,crossref_cited_by,relevance_score,primary_topic,topics,is_review_title,is_dataset_title,has_abstract,screening_decision,screening_reason,matched_title_categories,exact_normalized_title_doi_count,provenance
1,10.1016/j.measen.2021.100365,https://doi.org/10.1016/j.measen.2021.100365,Variational Bayesian calibration of low-cost gas sensor systems in air quality monitoring,Georgi Tancev; Federico Grasso Toro,2022,Measurement: Sensors,journal-article,Elsevier BV,19,,100365,100365,19,26,particulate_air_quality,"[""particulate_air_quality"", ""gas_sensor_calibration"", ""embedded_environmental_sensing""]",False,False,False,metadata_candidate,particulate_air_quality;gas_sensor_calibration;embedded_environmental_sensing,"[""env"", ""air"", ""gas"", ""calib"", ""sensor"", ""embedded""]",1,"[{""query_id"": ""Q04"", ""query_rank"": 160, ""api_score"": 25.506231, ""raw_file"": ""raw_crossref\\Q04_low_cost_particle_calibration.json"", ""raw_item_index"": 159}, {""query_id"": ""Q05"", ""query_rank"": 38, ""api_score"": 25.621094, ""raw_file"": ""raw_crossref\\Q05_gas_sensor_calibration.json"", ""raw_item_index"": 37}]"
2,10.1108/sr-10-2025-0761,https://doi.org/10.1108/sr-10-2025-0761,A review of machine learning approaches for improving calibration and performance of low-cost air quality sensor networks,Chaohua Yan,2026,Sensor Review,journal-article,Emerald,,,1-21,,3,24,particulate_air_quality,"[""particulate_air_quality"", ""gas_sensor_calibration"", ""embedded_environmental_sensing""]",True,False,True,metadata_candidate,particulate_air_quality;gas_sensor_calibration;embedded_environmental_sensing,"[""env"", ""air"", ""calib"", ""sensor"", ""embedded"", ""review""]",1,"[{""query_id"": ""Q04"", ""query_rank"": 112, ""api_score"": 27.380661, ""raw_file"": ""raw_crossref\\Q04_low_cost_particle_calibration.json"", ""raw_item_index"": 111}]"
3,10.1145/3446005,https://doi.org/10.1145/3446005,Low-Cost Outdoor Air Quality Monitoring and Sensor Calibration,Francesco Concas; Julien Mineraud; Eemil Lagerspetz; Samu Varjonen; Xiaoli Liu; Kai Puolamäki; Petteri Nurmi; Sasu Tarkoma,2021,ACM Transactions on Sensor Networks,journal-article,Association for Computing Machinery (ACM),17,2,1-44,,255,24,particulate_air_quality,"[""particulate_air_quality"", ""embedded_environmental_sensing""]",False,False,True,metadata_candidate,particulate_air_quality;embedded_environmental_sensing,"[""env"", ""air"", ""calib"", ""sensor"", ""outdoor"", ""embedded""]",1,"[{""query_id"": ""Q04"", ""query_rank"": 367, ""api_score"": 22.40459, ""raw_file"": ""raw_crossref\\Q04_low_cost_particle_calibration.json"", ""raw_item_index"": 366}]"
4,10.3390/app13052805,https://doi.org/10.3390/app13052805,Developing and Field Testing Path Planning for Robotic Aquaculture Water Quality Monitoring,Anthony Davis; Paul S. Wills; James E. Garvey; William Fairman; Md Arshadul Karim; Bing Ouyang,2023,Applied Sciences,journal-article,MDPI AG,13,5,2805,,21,24,water_quality_monitoring,"[""robotic_environmental_monitoring"", ""water_quality_monitoring"", ""embedded_environmental_sensing""]",False,False,True,metadata_candidate,robotic_environmental_monitoring;water_quality_monitoring;embedded_environmental_sensing,"[""robot"", ""env"", ""water"", ""sensor"", ""nav""]",1,"[{""query_id"": ""Q06"", ""query_rank"": 190, ""api_score"": 20.858732, ""raw_file"": ""raw_crossref\\Q06_robotic_water_quality.json"", ""raw_item_index"": 189}]"
5,10.3390/s21144781,https://doi.org/10.3390/s21144781,An Approximation for Metal-Oxide Sensor Calibration for Air Quality Monitoring Using Multivariable Statistical Analysis,Diego Sales-Lérida; Alfonso J. Bello; Alberto Sánchez-Alzola; Pedro Manuel Martínez-Jiménez,2021,Sensors,journal-article,MDPI AG,21,14,4781,,20,24,particulate_air_quality,"[""particulate_air_quality"", ""gas_sensor_calibration"", ""embedded_environmental_sensing""]",False,False,True,metadata_candidate,particulate_air_quality;gas_sensor_calibration;embedded_environmental_sensing,"[""env"", ""air"", ""gas"", ""calib"", ""sensor""]",1,"[{""query_id"": ""Q05"", ""query_rank"": 12, ""api_score"": 28.61457, ""raw_file"": ""raw_crossref\\Q05_gas_sensor_calibration.json"", ""raw_item_index"": 11}]"
6,10.3390/atmos12050645,https://doi.org/10.3390/atmos12050645,"Improving Air Pollutant Metal Oxide Sensor Quantification Practices through: An Exploration of Sensor Signal Normalization, Multi-Sensor and Universal Calibration Model Generation, and Physical Factors Such as Co-Location Duration and Sensor Age",Kristen Okorn; Michael Hannigan,2021,Atmosphere,journal-article,MDPI AG,12,5,645,,14,24,particulate_air_quality,"[""particulate_air_quality"", ""gas_sensor_calibration"", ""embedded_environmental_sensing""]",False,False,True,metadata_candidate,particulate_air_quality;gas_sensor_calibration;embedded_environmental_sensing,"[""env"", ""air"", ""gas"", ""calib"", ""sensor""]",1,"[{""query_id"": ""Q05"", ""query_rank"": 39, ""api_score"": 25.585503, ""raw_file"": ""raw_crossref\\Q05_gas_sensor_calibration.json"", ""raw_item_index"": 38}]"
7,10.1080/02786826.2025.2484244,https://doi.org/10.1080/02786826.2025.2484244,Field evaluation of low-cost particulate matter (PM) sensor instruments in indoor and outdoor environments: A university lecture hall and urban southeastern United States,Sabrina Westgate; Zahra Shivji; Laura Hyesung Yang; Jean C. Rivera-Rios; Nga L. Ng,2025,Aerosol Science and Technology,journal-article,Informa UK Limited,59,10,1250-1271,,9,24,particulate_air_quality,"[""particulate_air_quality"", ""embedded_environmental_sensing""]",False,False,False,metadata_candidate,particulate_air_quality;embedded_environmental_sensing,"[""env"", ""air"", ""calib"", ""sensor"", ""outdoor"", ""embedded""]",1,"[{""query_id"": ""Q04"", ""query_rank"": 289, ""api_score"": 23.184853, ""raw_file"": ""raw_crossref\\Q04_low_cost_particle_calibration.json"", ""raw_item_index"": 288}]"
8,10.46488/nept.2022.v21i01.041,https://doi.org/10.46488/nept.2022.v21i01.041,Low-Cost Calibration MOS Gas Sensor for Measuring SO2 Pollutants in Ambient Air,R. Purbakawaca; A.S. Yuwono; I.D.M. Subrata; H. Alatas,2022,Nature Environment and Pollution Technology,journal-article,Technoscience Publications,21,1,339-347,,1,24,particulate_air_quality,"[""particulate_air_quality"", ""gas_sensor_calibration"", ""embedded_environmental_sensing""]",False,False,True,metadata_candidate,particulate_air_quality;gas_sensor_calibration;embedded_environmental_sensing,"[""env"", ""gas"", ""calib"", ""sensor"", ""embedded""]",1,"[{""query_id"": ""Q04"", ""query_rank"": 320, ""api_score"": 22.813484, ""raw_file"": ""raw_crossref\\Q04_low_cost_particle_calibration.json"", ""raw_item_index"": 319}]"
9,10.1149/ma2016-02/50/3807,https://doi.org/10.1149/ma2016-02/50/3807,Active Airflow Generation to Assist Robotic Gas Source Localization: Initial Experiments in Outdoor Environment,Ayano Murai; Haruka Matsukura; Ryuichi Takemura; Hiroshi Ishida,2016,ECS Meeting Abstracts,journal-article,The Electrochemical Society,MA2016-02,50,3807-3807,,0,24,gas_olfaction_mapping,"[""robotic_environmental_monitoring"", ""gas_olfaction_mapping"", ""outdoor_navigation_fusion""]",False,False,True,metadata_candidate,robotic_environmental_monitoring;gas_olfaction_mapping;outdoor_navigation_fusion,"[""robot"", ""env"", ""gas"", ""nav"", ""outdoor""]",2,"[{""query_id"": ""Q03"", ""query_rank"": 26, ""api_score"": 29.443954, ""raw_file"": ""raw_crossref\\Q03_robotic_gas_mapping.json"", ""raw_item_index"": 25}]"
10,10.4314/njt.2025.5256,https://doi.org/10.4314/njt.2025.5256,Robotic and IoT devices and systems for river water quality monitoring and management: A scoping review,R. Stojche; К. Saso,2025,Nigerian Journal of Technology,journal-article,University of Nigeria,44,4,,,0,23,water_quality_monitoring,"[""robotic_environmental_monitoring"", ""water_quality_monitoring"", ""embedded_environmental_sensing""]",True,False,True,metadata_candidate,robotic_environmental_monitoring;water_quality_monitoring;embedded_environmental_sensing,"[""robot"", ""env"", ""water"", ""sensor"", ""embedded"", ""review""]",2,"[{""query_id"": ""Q06"", ""query_rank"": 116, ""api_score"": 21.62288, ""raw_file"": ""raw_crossref\\Q06_robotic_water_quality.json"", ""raw_item_index"": 115}]"
11,10.51244/ijrsi.2025.12110008,https://doi.org/10.51244/ijrsi.2025.12110008,Review Paper on Advanced Floating Robotic System for Water Quality Monitoring,Mr.Aviraje Bhosale; Ms.Tejashree Sakhale; Ms.Rahi Jadhav; Mr.Nishant Gaikwad; Dr. A. R. Nichal,2025,International Journal of Research and Scientific Innovation,journal-article,RSIS International,12,11,92-99,,0,23,water_quality_monitoring,"[""robotic_environmental_monitoring"", ""water_quality_monitoring"", ""embedded_environmental_sensing""]",True,False,True,metadata_candidate,robotic_environmental_monitoring;water_quality_monitoring;embedded_environmental_sensing,"[""robot"", ""env"", ""water"", ""sensor"", ""review""]",1,"[{""query_id"": ""Q06"", ""query_rank"": 329, ""api_score"": 20.075481, ""raw_file"": ""raw_crossref\\Q06_robotic_water_quality.json"", ""raw_item_index"": 328}]"
12,10.1007/s10514-011-9219-2,https://doi.org/10.1007/s10514-011-9219-2,Odor source localization using a mobile robot in outdoor airflow environments with a particle filter algorithm,Ji-Gong Li; Qing-Hao Meng; Yang Wang; Ming Zeng,2011,Autonomous Robots,journal-article,Springer Science and Business Media LLC,30,3,281-292,,188,23,gas_olfaction_mapping,"[""robotic_environmental_monitoring"", ""gas_olfaction_mapping"", ""outdoor_navigation_fusion""]",False,False,False,metadata_candidate,robotic_environmental_monitoring;gas_olfaction_mapping;outdoor_navigation_fusion,"[""robot"", ""env"", ""gas"", ""nav"", ""outdoor""]",1,"[{""query_id"": ""Q08"", ""query_rank"": 466, ""api_score"": 21.475792, ""raw_file"": ""raw_crossref\\Q08_outdoor_mapping_fusion.json"", ""raw_item_index"": 465}]"
13,10.1109/icsens.2009.5398498,https://doi.org/10.1109/icsens.2009.5398498,Using local wind information for gas distribution mapping in outdoor environments with a mobile robot,Matteo Reggente; Achim J. Lilienthal,2009,2009 IEEE Sensors,proceedings-article,IEEE,,,1715-1720,,37,23,gas_olfaction_mapping,"[""robotic_environmental_monitoring"", ""gas_olfaction_mapping"", ""outdoor_navigation_fusion""]",False,False,False,metadata_candidate,robotic_environmental_monitoring;gas_olfaction_mapping;outdoor_navigation_fusion,"[""robot"", ""env"", ""gas"", ""nav"", ""outdoor""]",1,"[{""query_id"": ""Q03"", ""query_rank"": 101, ""api_score"": 24.371527, ""raw_file"": ""raw_crossref\\Q03_robotic_gas_mapping.json"", ""raw_item_index"": 100}, {""query_id"": ""Q08"", ""query_rank"": 28, ""api_score"": 29.304178, ""raw_file"": ""raw_crossref\\Q08_outdoor_mapping_fusion.json"", ""raw_item_index"": 27}]"
14,10.1109/access.2023.3238470,https://doi.org/10.1109/access.2023.3238470,Integration of Bayesian Inference and Anemotaxis for Robotics Gas Source Localization in a Large Cluttered Outdoor Environment,Yaqub A. Prabowo; Bambang R. Trilaksono; Egi M. I. Hidayat; Brian Yuliarto,2023,IEEE Access,journal-article,Institute of Electrical and Electronics Engineers (IEEE),11,,22705-22713,,16,23,gas_olfaction_mapping,"[""robotic_environmental_monitoring"", ""gas_olfaction_mapping"", ""outdoor_navigation_fusion""]",False,False,False,metadata_candidate,robotic_environmental_monitoring;gas_olfaction_mapping;outdoor_navigation_fusion,"[""robot"", ""env"", ""gas"", ""nav"", ""outdoor""]",1,"[{""query_id"": ""Q03"", ""query_rank"": 331, ""api_score"": 21.855581, ""raw_file"": ""raw_crossref\\Q03_robotic_gas_mapping.json"", ""raw_item_index"": 330}]"
15,10.1016/b978-0-323-85769-7.00004-5,https://doi.org/10.1016/b978-0-323-85769-7.00004-5,Mobile robot for air quality monitoring of landfilling sites using Internet of Things,Rajesh Singh; Anita Gehlot; Shaik Vaseem Akram; Prabin Kumar Das; Sushabhan Choudhury,2021,Cognitive Computing for Human-Robot Interaction,book-chapter,Elsevier,,,311-325,,0,23,particulate_air_quality,"[""robotic_environmental_monitoring"", ""particulate_air_quality"", ""embedded_environmental_sensing""]",False,False,False,metadata_candidate,robotic_environmental_monitoring;particulate_air_quality;embedded_environmental_sensing,"[""robot"", ""env"", ""air"", ""sensor"", ""embedded""]",1,"[{""query_id"": ""Q01"", ""query_rank"": 82, ""api_score"": 19.610159, ""raw_file"": ""raw_crossref\\Q01_mobile_robot_environment.json"", ""raw_item_index"": 81}]"
16,10.22533/at.ed.3172115109,https://doi.org/10.22533/at.ed.3172115109,Water Quality Monitoring through Arduino Robotic Sensors,Lorenzo Domarco Silva; Christiane M. Schweitzer; Elerson Gaetti Jardim Júnior,2021,Journal of Engineering Research,journal-article,Atena Editora,1,1,2-24,,0,23,water_quality_monitoring,"[""robotic_environmental_monitoring"", ""water_quality_monitoring"", ""embedded_environmental_sensing""]",False,False,False,metadata_candidate,robotic_environmental_monitoring;water_quality_monitoring;embedded_environmental_sensing,"[""robot"", ""env"", ""water"", ""sensor"", ""embedded""]",1,"[{""query_id"": ""Q06"", ""query_rank"": 61, ""api_score"": 22.965128, ""raw_file"": ""raw_crossref\\Q06_robotic_water_quality.json"", ""raw_item_index"": 60}]"
17,10.1088/1361-6501/ae6298,https://doi.org/10.1088/1361-6501/ae6298,Calibration strategies and measurement frameworks for low-cost particulate matter sensors: a comprehensive review,Zikang Feng; Lina Zheng; Yingshuo Zhu,2026,Measurement Science and Technology,journal-article,IOP Publishing,37,20,202001,,2,22,particulate_air_quality,"[""particulate_air_quality"", ""embedded_environmental_sensing""]",True,False,True,metadata_candidate,particulate_air_quality;embedded_environmental_sensing,"[""env"", ""air"", ""calib"", ""sensor"", ""embedded"", ""review""]",1,"[{""query_id"": ""Q04"", ""query_rank"": 54, ""api_score"": 29.932194, ""raw_file"": ""raw_crossref\\Q04_low_cost_particle_calibration.json"", ""raw_item_index"": 53}]"
18,10.1017/s0263574708004694,https://doi.org/10.1017/s0263574708004694,Gas distribution mapping of multiple odour sources using a mobile robot,Amy Loutfi; Silvia Coradeschi; Achim J. Lilienthal; Javier Gonzalez,2009,Robotica,journal-article,Cambridge University Press (CUP),27,2,311-319,,66,22,gas_olfaction_mapping,"[""robotic_environmental_monitoring"", ""gas_olfaction_mapping"", ""outdoor_navigation_fusion""]",False,False,True,metadata_candidate,robotic_environmental_monitoring;gas_olfaction_mapping;outdoor_navigation_fusion,"[""robot"", ""env"", ""gas"", ""nav""]",1,"[{""query_id"": ""Q03"", ""query_rank"": 255, ""api_score"": 22.53933, ""raw_file"": ""raw_crossref\\Q03_robotic_gas_mapping.json"", ""raw_item_index"": 254}]"
19,10.3390/s21123960,https://doi.org/10.3390/s21123960,Calibration Method for Particulate Matter Low-Cost Sensors Used in Ambient Air Quality Monitoring and Research,Janani Venkatraman Jagatha; André Klausnitzer; Miriam Chacón-Mateos; Bernd Laquai; Evert Nieuwkoop; Peter van der Mark; Ulrich Vogt; Christoph Schneider,2021,Sensors,journal-article,MDPI AG,21,12,3960,,60,22,particulate_air_quality,"[""particulate_air_quality"", ""embedded_environmental_sensing""]",False,False,True,metadata_candidate,particulate_air_quality;embedded_environmental_sensing,"[""env"", ""air"", ""calib"", ""sensor"", ""embedded""]",1,"[{""query_id"": ""Q04"", ""query_rank"": 114, ""api_score"": 27.369225, ""raw_file"": ""raw_crossref\\Q04_low_cost_particle_calibration.json"", ""raw_item_index"": 113}]"
20,10.3390/s21186162,https://doi.org/10.3390/s21186162,Practical Particulate Matter Sensing and Accurate Calibration System Using Low-Cost Commercial Sensors,Hyuntae Cho; Yunju Baek,2021,Sensors,journal-article,MDPI AG,21,18,6162,,16,22,particulate_air_quality,"[""particulate_air_quality"", ""embedded_environmental_sensing""]",False,False,True,metadata_candidate,particulate_air_quality;embedded_environmental_sensing,"[""env"", ""air"", ""calib"", ""sensor"", ""embedded""]",1,"[{""query_id"": ""Q04"", ""query_rank"": 18, ""api_score"": 34.62316, ""raw_file"": ""raw_crossref\\Q04_low_cost_particle_calibration.json"", ""raw_item_index"": 17}]"
21,10.3390/mi14081578,https://doi.org/10.3390/mi14081578,Three-Dimensional Printed Biomimetic Robotic Fish for Dynamic Monitoring of Water Quality in Aquaculture,Xiaojun Chen; Dejin Li; Deyun Mo; Zaifu Cui; Xin Li; Haishan Lian; Manfeng Gong,2023,Micromachines,journal-article,MDPI AG,14,8,1578,,13,22,robotic_sampling,"[""robotic_environmental_monitoring"", ""water_quality_monitoring"", ""robotic_sampling"", ""embedded_environmental_sensing""]",False,False,True,metadata_candidate,robotic_environmental_monitoring;water_quality_monitoring;robotic_sampling;embedded_environmental_sensing,"[""robot"", ""env"", ""water"", ""sensor""]",1,"[{""query_id"": ""Q06"", ""query_rank"": 160, ""api_score"": 21.079634, ""raw_file"": ""raw_crossref\\Q06_robotic_water_quality.json"", ""raw_item_index"": 159}]"
22,10.21175/rad.abstr.book.2026.12.3,https://doi.org/10.21175/rad.abstr.book.2026.12.3,Enhancing low-cost air quality monitoring using LSTM networks for in-field sensor calibration,,2026,Book of Abstracts - RAD 2026 Conference,book-chapter,"RAD Centre, Niš, Serbia",,,,,0,22,particulate_air_quality,"[""particulate_air_quality"", ""embedded_environmental_sensing""]",False,False,True,metadata_candidate,particulate_air_quality;embedded_environmental_sensing,"[""env"", ""air"", ""calib"", ""sensor"", ""embedded""]",1,"[{""query_id"": ""Q04"", ""query_rank"": 118, ""api_score"": 27.286854, ""raw_file"": ""raw_crossref\\Q04_low_cost_particle_calibration.json"", ""raw_item_index"": 117}, {""query_id"": ""Q05"", ""query_rank"": 365, ""api_score"": 21.257545, ""raw_file"": ""raw_crossref\\Q05_gas_sensor_calibration.json"", ""raw_item_index"": 364}]"
23,10.1021/acssensors.4c03293,https://doi.org/10.1021/acssensors.4c03293,"Low-Cost Particulate Matter Mass Sensors: Review of the Status, Challenges, and Opportunities for Single-Instrument and Network Calibration",Jingzhuo Zhang; Li Bai; Na Li; Yu Wang; Yibing Lv; Yaolong Shi; Chao Yang; Chi Xu,2025,ACS Sensors,journal-article,American Chemical Society (ACS),10,5,3207-3221,,7,21,particulate_air_quality,"[""particulate_air_quality"", ""embedded_environmental_sensing""]",True,False,False,metadata_candidate,particulate_air_quality;embedded_environmental_sensing,"[""env"", ""air"", ""calib"", ""sensor"", ""embedded"", ""review""]",1,"[{""query_id"": ""Q04"", ""query_rank"": 139, ""api_score"": 26.291414, ""raw_file"": ""raw_crossref\\Q04_low_cost_particle_calibration.json"", ""raw_item_index"": 138}]"
24,10.1039/d5ay01554e,https://doi.org/10.1039/d5ay01554e,Analytical performance and calibration strategies of low-cost particulate matter sensors for indoor and workplace monitoring—a review,Zikang Feng; Lina Zheng; Dou Liu,2026,Analytical Methods,journal-article,Royal Society of Chemistry (RSC),18,1,39-52,,3,21,particulate_air_quality,"[""particulate_air_quality"", ""embedded_environmental_sensing""]",True,False,True,metadata_candidate,particulate_air_quality;embedded_environmental_sensing,"[""env"", ""air"", ""calib"", ""sensor"", ""embedded"", ""review""]",1,"[{""query_id"": ""Q04"", ""query_rank"": 56, ""api_score"": 29.742523, ""raw_file"": ""raw_crossref\\Q04_low_cost_particle_calibration.json"", ""raw_item_index"": 55}]"
25,10.1016/j.envpol.2016.12.039,https://doi.org/10.1016/j.envpol.2016.12.039,Ambient and laboratory evaluation of a low-cost particulate matter sensor,K.E. Kelly; J. Whitaker; A. Petty; C. Widmer; A. Dybwad; D. Sleeth; R. Martin; A. Butterfield,2017,Environmental Pollution,journal-article,Elsevier BV,221,,491-500,,401,21,particulate_air_quality,"[""particulate_air_quality"", ""embedded_environmental_sensing""]",False,False,False,metadata_candidate,particulate_air_quality;embedded_environmental_sensing,"[""env"", ""air"", ""calib"", ""sensor"", ""embedded""]",1,"[{""query_id"": ""Q04"", ""query_rank"": 94, ""api_score"": 28.000645, ""raw_file"": ""raw_crossref\\Q04_low_cost_particle_calibration.json"", ""raw_item_index"": 93}]"
26,10.1080/02786826.2015.1100710,https://doi.org/10.1080/02786826.2015.1100710,Laboratory Evaluation and Calibration of Three Low-Cost Particle Sensors for Particulate Matter Measurement,Yang Wang; Jiayu Li; He Jing; Qiang Zhang; Jingkun Jiang; Pratim Biswas,2015,Aerosol Science and Technology,journal-article,Informa UK Limited,49,11,1063-1077,,386,21,particulate_air_quality,"[""particulate_air_quality"", ""embedded_environmental_sensing""]",False,False,False,metadata_candidate,particulate_air_quality;embedded_environmental_sensing,"[""env"", ""air"", ""calib"", ""sensor"", ""embedded""]",1,"[{""query_id"": ""Q04"", ""query_rank"": 104, ""api_score"": 27.43793, ""raw_file"": ""raw_crossref\\Q04_low_cost_particle_calibration.json"", ""raw_item_index"": 103}]"
27,10.1016/j.jaerosci.2021.105833,https://doi.org/10.1016/j.jaerosci.2021.105833,From low-cost sensors to high-quality data: A summary of challenges and best practices for effectively calibrating low-cost particulate matter mass sensors,Michael R. Giordano; Carl Malings; Spyros N. Pandis; Albert A. Presto; V.F. McNeill; Daniel M. Westervelt; Matthias Beekmann; R. Subramanian,2021,Journal of Aerosol Science,journal-article,Elsevier BV,158,,105833,105833,343,21,particulate_air_quality,"[""particulate_air_quality"", ""embedded_environmental_sensing""]",False,False,False,metadata_candidate,particulate_air_quality;embedded_environmental_sensing,"[""env"", ""air"", ""calib"", ""sensor"", ""embedded""]",1,"[{""query_id"": ""Q04"", ""query_rank"": 348, ""api_score"": 22.544703, ""raw_file"": ""raw_crossref\\Q04_low_cost_particle_calibration.json"", ""raw_item_index"": 347}]"
28,10.5194/amt-11-4823-2018,https://doi.org/10.5194/amt-11-4823-2018,Field evaluation of low-cost particulate matter sensors in high- and low-concentration environments,Tongshu Zheng; Michael H. Bergin; Karoline K. Johnson; Sachchida N. Tripathi; Shilpa Shirodkar; Matthew S. Landis; Ronak Sutaria; David E. Carlson,2018,Atmospheric Measurement Techniques,journal-article,Copernicus GmbH,11,8,4823-4846,,323,21,particulate_air_quality,"[""particulate_air_quality"", ""embedded_environmental_sensing""]",False,False,True,metadata_candidate,particulate_air_quality;embedded_environmental_sensing,"[""env"", ""air"", ""calib"", ""sensor"", ""embedded""]",2,"[{""query_id"": ""Q04"", ""query_rank"": 435, ""api_score"": 21.910267, ""raw_file"": ""raw_crossref\\Q04_low_cost_particle_calibration.json"", ""raw_item_index"": 434}]"
29,10.1016/j.envpol.2018.11.065,https://doi.org/10.1016/j.envpol.2018.11.065,Long-term field evaluation of the Plantower PMS low-cost particulate matter sensors,T. Sayahi; A. Butterfield; K.E. Kelly,2019,Environmental Pollution,journal-article,Elsevier BV,245,,932-940,,312,21,particulate_air_quality,"[""particulate_air_quality"", ""embedded_environmental_sensing""]",False,False,False,metadata_candidate,particulate_air_quality;embedded_environmental_sensing,"[""env"", ""air"", ""calib"", ""sensor"", ""embedded""]",1,"[{""query_id"": ""Q04"", ""query_rank"": 202, ""api_score"": 24.7299, ""raw_file"": ""raw_crossref\\Q04_low_cost_particle_calibration.json"", ""raw_item_index"": 201}]"
30,10.1021/acs.est.8b05174,https://doi.org/10.1021/acs.est.8b05174,Field and Laboratory Evaluations of the Low-Cost Plantower Particulate Matter Sensor,Misti Levy Zamora; Fulizi Xiong; Drew Gentner; Branko Kerkez; Joseph Kohrman-Glaser; Kirsten Koehler,2018,Environmental Science & Technology,journal-article,American Chemical Society (ACS),53,2,838-849,,201,21,particulate_air_quality,"[""particulate_air_quality"", ""embedded_environmental_sensing""]",False,False,False,metadata_candidate,particulate_air_quality;embedded_environmental_sensing,"[""env"", ""air"", ""calib"", ""sensor"", ""embedded""]",1,"[{""query_id"": ""Q04"", ""query_rank"": 133, ""api_score"": 26.746548, ""raw_file"": ""raw_crossref\\Q04_low_cost_particle_calibration.json"", ""raw_item_index"": 132}]"
31,10.5194/amt-13-2413-2020,https://doi.org/10.5194/amt-13-2413-2020,Laboratory evaluation of particle-size selectivity of optical low-cost particulate matter sensors,Joel Kuula; Timo Mäkelä; Minna Aurela; Kimmo Teinilä; Samu Varjonen; Óscar González; Hilkka Timonen,2020,Atmospheric Measurement Techniques,journal-article,Copernicus GmbH,13,5,2413-2423,,155,21,particulate_air_quality,"[""particulate_air_quality"", ""embedded_environmental_sensing""]",False,False,True,metadata_candidate,particulate_air_quality;embedded_environmental_sensing,"[""env"", ""air"", ""calib"", ""sensor"", ""embedded""]",2,"[{""query_id"": ""Q04"", ""query_rank"": 433, ""api_score"": 21.934155, ""raw_file"": ""raw_crossref\\Q04_low_cost_particle_calibration.json"", ""raw_item_index"": 432}]"
32,10.1016/j.envint.2019.105329,https://doi.org/10.1016/j.envint.2019.105329,Calibration of low-cost particulate matter sensors: Model development for a multi-city epidemiological study,Marina Zusman; Cooper S. Schumacher; Amanda J. Gassett; Elizabeth W. Spalt; Elena Austin; Timothy V. Larson; Graeme Carvlin; Edmund Seto; Joel D. Kaufman; Lianne Sheppard,2020,Environment International,journal-article,Elsevier BV,134,,105329,105329,149,21,particulate_air_quality,"[""particulate_air_quality"", ""embedded_environmental_sensing""]",False,False,False,metadata_candidate,particulate_air_quality;embedded_environmental_sensing,"[""env"", ""air"", ""calib"", ""sensor"", ""embedded""]",1,"[{""query_id"": ""Q04"", ""query_rank"": 149, ""api_score"": 25.756575, ""raw_file"": ""raw_crossref\\Q04_low_cost_particle_calibration.json"", ""raw_item_index"": 148}]"
33,10.1371/journal.pone.0137789,https://doi.org/10.1371/journal.pone.0137789,Laboratory Evaluation of the Shinyei PPD42NS Low-Cost Particulate Matter Sensor,Elena Austin; Igor Novosselov; Edmund Seto; Michael G. Yost,2015,PLOS ONE,journal-article,Public Library of Science (PLoS),10,9,e0137789,,88,21,particulate_air_quality,"[""particulate_air_quality"", ""embedded_environmental_sensing""]",False,False,False,metadata_candidate,particulate_air_quality;embedded_environmental_sensing,"[""env"", ""air"", ""calib"", ""sensor"", ""embedded""]",1,"[{""query_id"": ""Q04"", ""query_rank"": 51, ""api_score"": 30.157524, ""raw_file"": ""raw_crossref\\Q04_low_cost_particle_calibration.json"", ""raw_item_index"": 50}]"
34,10.1007/s42452-019-0630-1,https://doi.org/10.1007/s42452-019-0630-1,Regression methods in the calibration of low-cost sensors for ambient particulate matter measurements,Marek Badura; Piotr Batog; Anetta Drzeniecka-Osiadacz; Piotr Modzel,2019,SN Applied Sciences,journal-article,Springer Science and Business Media LLC,1,6,,622,85,21,particulate_air_quality,"[""particulate_air_quality"", ""embedded_environmental_sensing""]",False,False,False,metadata_candidate,particulate_air_quality;embedded_environmental_sensing,"[""env"", ""air"", ""calib"", ""sensor"", ""embedded""]",1,"[{""query_id"": ""Q04"", ""query_rank"": 57, ""api_score"": 29.739449, ""raw_file"": ""raw_crossref\\Q04_low_cost_particle_calibration.json"", ""raw_item_index"": 56}]"
35,10.1016/j.envpol.2019.113131,https://doi.org/10.1016/j.envpol.2019.113131,Development of a calibration chamber to evaluate the performance of low-cost particulate matter sensors,T. Sayahi; D. Kaufman; T. Becnel; K. Kaur; A.E. Butterfield; S. Collingwood; Y. Zhang; P.-E. Gaillardon; K.E. Kelly,2019,Environmental Pollution,journal-article,Elsevier BV,255,,113131,113131,82,21,particulate_air_quality,"[""particulate_air_quality"", ""embedded_environmental_sensing""]",False,False,False,metadata_candidate,particulate_air_quality;embedded_environmental_sensing,"[""env"", ""air"", ""calib"", ""sensor"", ""embedded""]",1,"[{""query_id"": ""Q04"", ""query_rank"": 111, ""api_score"": 27.387653, ""raw_file"": ""raw_crossref\\Q04_low_cost_particle_calibration.json"", ""raw_item_index"": 110}]"
36,10.5194/acp-18-15403-2018,https://doi.org/10.5194/acp-18-15403-2018,Airborne particulate matter monitoring in Kenya using calibrated low-cost sensors,Francis D. Pope; Michael Gatari; David Ng'ang'a; Alexander Poynter; Rhiannon Blake,2018,Atmospheric Chemistry and Physics,journal-article,Copernicus GmbH,18,20,15403-15418,,82,21,particulate_air_quality,"[""particulate_air_quality"", ""embedded_environmental_sensing""]",False,False,True,metadata_candidate,particulate_air_quality;embedded_environmental_sensing,"[""env"", ""air"", ""calib"", ""sensor"", ""embedded""]",2,"[{""query_id"": ""Q04"", ""query_rank"": 313, ""api_score"": 22.934568, ""raw_file"": ""raw_crossref\\Q04_low_cost_particle_calibration.json"", ""raw_item_index"": 312}]"
37,10.1007/978-3-642-28169-3_15,https://doi.org/10.1007/978-3-642-28169-3_15,On-the-Fly Calibration of Low-Cost Gas Sensors,David Hasenfratz; Olga Saukh; Lothar Thiele,2012,Lecture Notes in Computer Science Wireless Sensor Networks,book-chapter,Springer Berlin Heidelberg,,,228-244,,78,21,gas_sensor_calibration,"[""gas_sensor_calibration"", ""embedded_environmental_sensing""]",False,False,False,metadata_candidate,gas_sensor_calibration;embedded_environmental_sensing,"[""env"", ""gas"", ""calib"", ""sensor"", ""embedded""]",1,"[{""query_id"": ""Q04"", ""query_rank"": 237, ""api_score"": 23.96798, ""raw_file"": ""raw_crossref\\Q04_low_cost_particle_calibration.json"", ""raw_item_index"": 236}]"
38,10.1016/j.scitotenv.2020.141396,https://doi.org/10.1016/j.scitotenv.2020.141396,Low-cost sensors for measuring airborne particulate matter: Field evaluation and calibration at a South-Eastern European site,G. Kosmopoulos; V. Salamalikis; S.N. Pandis; P. Yannopoulos; A.A. Bloutsos; A. Kazantzidis,2020,Science of The Total Environment,journal-article,Elsevier BV,748,,141396,141396,76,21,particulate_air_quality,"[""particulate_air_quality"", ""embedded_environmental_sensing""]",False,False,False,metadata_candidate,particulate_air_quality;embedded_environmental_sensing,"[""env"", ""air"", ""calib"", ""sensor"", ""embedded""]",1,"[{""query_id"": ""Q04"", ""query_rank"": 130, ""api_score"": 26.787792, ""raw_file"": ""raw_crossref\\Q04_low_cost_particle_calibration.json"", ""raw_item_index"": 129}]"
39,10.3390/s20133617,https://doi.org/10.3390/s20133617,Long-Term Evaluation and Calibration of Low-Cost Particulate Matter (PM) Sensor,Hoochang Lee; Jiseock Kang; Sungjung Kim; Yunseok Im; Seungsung Yoo; Dongjun Lee,2020,Sensors,journal-article,MDPI AG,20,13,3617,,51,21,particulate_air_quality,"[""particulate_air_quality"", ""embedded_environmental_sensing""]",False,False,True,metadata_candidate,particulate_air_quality;embedded_environmental_sensing,"[""env"", ""air"", ""calib"", ""sensor"", ""embedded""]",1,"[{""query_id"": ""Q04"", ""query_rank"": 7, ""api_score"": 37.44986, ""raw_file"": ""raw_crossref\\Q04_low_cost_particle_calibration.json"", ""raw_item_index"": 6}]"
40,10.1016/j.measurement.2021.109725,https://doi.org/10.1016/j.measurement.2021.109725,"A Deep Q-Network for robotic odor/gas source localization: Modeling, measurement and comparative study",Xinxing Chen; Chenglong Fu; Jian Huang,2021,Measurement,journal-article,Elsevier BV,183,,109725,109725,46,21,gas_olfaction_mapping,"[""robotic_environmental_monitoring"", ""gas_olfaction_mapping""]",False,False,False,metadata_candidate,robotic_environmental_monitoring;gas_olfaction_mapping,"[""robot"", ""env"", ""gas"", ""sensor"", ""nav""]",1,"[{""query_id"": ""Q03"", ""query_rank"": 12, ""api_score"": 32.175148, ""raw_file"": ""raw_crossref\\Q03_robotic_gas_mapping.json"", ""raw_item_index"": 11}]"
41,10.1109/lra.2021.3057290,https://doi.org/10.1109/lra.2021.3057290,Information-Driven Gas Source Localization Exploiting Gas and Wind Local Measurements for Autonomous Mobile Robots,Pepe Ojeda; Javier Monroy; Javier Gonzalez-Jimenez,2021,IEEE Robotics and Automation Letters,journal-article,Institute of Electrical and Electronics Engineers (IEEE),6,2,1320-1326,,45,21,gas_olfaction_mapping,"[""robotic_environmental_monitoring"", ""gas_olfaction_mapping""]",False,False,False,metadata_candidate,robotic_environmental_monitoring;gas_olfaction_mapping,"[""robot"", ""env"", ""gas"", ""sensor"", ""nav""]",1,"[{""query_id"": ""Q03"", ""query_rank"": 61, ""api_score"": 25.624329, ""raw_file"": ""raw_crossref\\Q03_robotic_gas_mapping.json"", ""raw_item_index"": 60}]"
42,10.1016/j.scitotenv.2023.164063,https://doi.org/10.1016/j.scitotenv.2023.164063,Calibration methodology of low-cost sensors for high-quality monitoring of fine particulate matter,Marie-Laure Aix; Seán Schmitz; Dominique J. Bicout,2023,Science of The Total Environment,journal-article,Elsevier BV,889,,164063,164063,44,21,particulate_air_quality,"[""particulate_air_quality"", ""embedded_environmental_sensing""]",False,False,False,metadata_candidate,particulate_air_quality;embedded_environmental_sensing,"[""env"", ""air"", ""calib"", ""sensor"", ""embedded""]",2,"[{""query_id"": ""Q04"", ""query_rank"": 62, ""api_score"": 29.367456, ""raw_file"": ""raw_crossref\\Q04_low_cost_particle_calibration.json"", ""raw_item_index"": 61}]"
43,10.1016/j.scitotenv.2020.136791,https://doi.org/10.1016/j.scitotenv.2020.136791,The evaluation and optimization of calibration methods for low-cost particulate matter sensors: Inter-comparison between fixed and mobile methods,Xiaoliang Qin; Lujian Hou; Jian Gao; Shuchun Si,2020,Science of The Total Environment,journal-article,Elsevier BV,715,,136791,136791,44,21,particulate_air_quality,"[""particulate_air_quality"", ""embedded_environmental_sensing""]",False,False,False,metadata_candidate,particulate_air_quality;embedded_environmental_sensing,"[""env"", ""air"", ""calib"", ""sensor"", ""embedded""]",1,"[{""query_id"": ""Q04"", ""query_rank"": 106, ""api_score"": 27.42887, ""raw_file"": ""raw_crossref\\Q04_low_cost_particle_calibration.json"", ""raw_item_index"": 105}]"
44,10.3390/s20164381,https://doi.org/10.3390/s20164381,Field Evaluation of Low-Cost Particulate Matter Sensors in Beijing,Han Mei; Pengfei Han; Yinan Wang; Ning Zeng; Di Liu; Qixiang Cai; Zhaoze Deng; Yinghong Wang; Yuepeng Pan; Xiao Tang,2020,Sensors,journal-article,MDPI AG,20,16,4381,,44,21,particulate_air_quality,"[""particulate_air_quality"", ""embedded_environmental_sensing""]",False,False,True,metadata_candidate,particulate_air_quality;embedded_environmental_sensing,"[""env"", ""air"", ""calib"", ""sensor"", ""embedded""]",1,"[{""query_id"": ""Q04"", ""query_rank"": 355, ""api_score"": 22.495459, ""raw_file"": ""raw_crossref\\Q04_low_cost_particle_calibration.json"", ""raw_item_index"": 354}]"
45,10.3390/s18124174,https://doi.org/10.3390/s18124174,A Semantic-Based Gas Source Localization with a Mobile Robot Combining Vision and Chemical Sensing,Javier Monroy; Jose-Raul Ruiz-Sarmiento; Francisco-Angel Moreno; Francisco Melendez-Fernandez; Cipriano Galindo; Javier Gonzalez-Jimenez,2018,Sensors,journal-article,MDPI AG,18,12,4174,,44,21,gas_olfaction_mapping,"[""robotic_environmental_monitoring"", ""gas_olfaction_mapping""]",False,False,True,metadata_candidate,robotic_environmental_monitoring;gas_olfaction_mapping,"[""robot"", ""env"", ""gas"", ""sensor"", ""nav""]",1,"[{""query_id"": ""Q03"", ""query_rank"": 373, ""api_score"": 21.60978, ""raw_file"": ""raw_crossref\\Q03_robotic_gas_mapping.json"", ""raw_item_index"": 372}]"
46,10.1016/j.apr.2021.03.012,https://doi.org/10.1016/j.apr.2021.03.012,A new calibration system for low-cost Sensor Network in air pollution monitoring,Houxin Cui; Ling Zhang; Wanxin Li; Ziyang Yuan; Mengxian Wu; Chunying Wang; Jingjin Ma; Yi Li,2021,Atmospheric Pollution Research,journal-article,Elsevier BV,12,5,101049,101049,40,21,particulate_air_quality,"[""particulate_air_quality"", ""embedded_environmental_sensing""]",False,False,False,metadata_candidate,particulate_air_quality;embedded_environmental_sensing,"[""env"", ""air"", ""calib"", ""sensor"", ""embedded""]",1,"[{""query_id"": ""Q04"", ""query_rank"": 462, ""api_score"": 21.521465, ""raw_file"": ""raw_crossref\\Q04_low_cost_particle_calibration.json"", ""raw_item_index"": 461}]"
47,10.1109/icra.2017.7989450,https://doi.org/10.1109/icra.2017.7989450,Bringing Mobile Robot Olfaction to the next dimension — UAV-based remote sensing of gas clouds and source localization,Patrick P. Neumann; Harald Kohlhoff; Dino Hullmann; Achim J. Lilienthal; Martin Kluge,2017,2017 IEEE International Conference on Robotics and Automation (ICRA),proceedings-article,IEEE,,,3910-3916,,37,21,gas_olfaction_mapping,"[""robotic_environmental_monitoring"", ""gas_olfaction_mapping""]",False,False,False,metadata_candidate,robotic_environmental_monitoring;gas_olfaction_mapping,"[""robot"", ""env"", ""gas"", ""sensor"", ""nav""]",1,"[{""query_id"": ""Q03"", ""query_rank"": 480, ""api_score"": 21.091991, ""raw_file"": ""raw_crossref\\Q03_robotic_gas_mapping.json"", ""raw_item_index"": 479}]"
48,10.3390/atmos13030416,https://doi.org/10.3390/atmos13030416,Learning Calibration Functions on the Fly: Hybrid Batch Online Stacking Ensembles for the Calibration of Low-Cost Air Quality Sensor Networks in the Presence of Concept Drift,Evangelos Bagkis; Theodosios Kassandros; Kostas Karatzas,2022,Atmosphere,journal-article,MDPI AG,13,3,416,,36,21,particulate_air_quality,"[""particulate_air_quality"", ""embedded_environmental_sensing""]",False,False,True,metadata_candidate,particulate_air_quality;embedded_environmental_sensing,"[""env"", ""air"", ""calib"", ""sensor"", ""embedded""]",1,"[{""query_id"": ""Q04"", ""query_rank"": 197, ""api_score"": 24.787167, ""raw_file"": ""raw_crossref\\Q04_low_cost_particle_calibration.json"", ""raw_item_index"": 196}]"
49,10.5194/amt-12-5161-2019,https://doi.org/10.5194/amt-12-5161-2019,Gaussian process regression model for dynamically calibrating and surveilling a wireless low-cost particulate matter sensor network in Delhi,Tongshu Zheng; Michael H. Bergin; Ronak Sutaria; Sachchida N. Tripathi; Robert Caldow; David E. Carlson,2019,Atmospheric Measurement Techniques,journal-article,Copernicus GmbH,12,9,5161-5181,,36,21,particulate_air_quality,"[""particulate_air_quality"", ""embedded_environmental_sensing""]",False,False,True,metadata_candidate,particulate_air_quality;embedded_environmental_sensing,"[""env"", ""air"", ""calib"", ""sensor"", ""embedded""]",1,"[{""query_id"": ""Q04"", ""query_rank"": 155, ""api_score"": 25.576664, ""raw_file"": ""raw_crossref\\Q04_low_cost_particle_calibration.json"", ""raw_item_index"": 154}]"
50,10.1016/j.scitotenv.2022.160336,https://doi.org/10.1016/j.scitotenv.2022.160336,Calibration of low-cost particulate matter sensors for coal dust monitoring,Nana A. Amoah; Guang Xu; Ashish Ranjan Kumar; Yang Wang,2023,Science of The Total Environment,journal-article,Elsevier BV,859,,160336,160336,32,21,particulate_air_quality,"[""particulate_air_quality"", ""embedded_environmental_sensing""]",False,False,False,metadata_candidate,particulate_air_quality;embedded_environmental_sensing,"[""env"", ""air"", ""calib"", ""sensor"", ""embedded""]",2,"[{""query_id"": ""Q04"", ""query_rank"": 58, ""api_score"": 29.662783, ""raw_file"": ""raw_crossref\\Q04_low_cost_particle_calibration.json"", ""raw_item_index"": 57}]"
51,10.1109/icra.2013.6630893,https://doi.org/10.1109/icra.2013.6630893,Towards real-world gas distribution mapping and leak localization using a mobile robot with 3d and remote gas sensing capabilities,Victor Manuel Hernandez Bennetts; Achim J. Lilienthal; Ali Abdul Khaliq; Victor Pomareda Sese; Marco Trincavelli,2013,2013 IEEE International Conference on Robotics and Automation,proceedings-article,IEEE,,,2335-2340,,32,21,gas_olfaction_mapping,"[""robotic_environmental_monitoring"", ""gas_olfaction_mapping""]",False,False,False,metadata_candidate,robotic_environmental_monitoring;gas_olfaction_mapping,"[""robot"", ""env"", ""gas"", ""sensor"", ""nav""]",1,"[{""query_id"": ""Q03"", ""query_rank"": 31, ""api_score"": 29.121449, ""raw_file"": ""raw_crossref\\Q03_robotic_gas_mapping.json"", ""raw_item_index"": 30}]"
52,10.3390/s21237977,https://doi.org/10.3390/s21237977,"Calibration of CO, NO2, and O3 Using Airify: A Low-Cost Sensor Cluster for Air Quality Monitoring",Marian-Emanuel Ionascu; Nuria Castell; Oana Boncalo; Philipp Schneider; Marius Darie; Marius Marcu,2021,Sensors,journal-article,MDPI AG,21,23,7977,,30,21,particulate_air_quality,"[""particulate_air_quality"", ""embedded_environmental_sensing""]",False,False,True,metadata_candidate,particulate_air_quality;embedded_environmental_sensing,"[""env"", ""air"", ""calib"", ""sensor"", ""embedded""]",1,"[{""query_id"": ""Q04"", ""query_rank"": 346, ""api_score"": 22.55555, ""raw_file"": ""raw_crossref\\Q04_low_cost_particle_calibration.json"", ""raw_item_index"": 345}]"
53,10.1016/j.apr.2024.102208,https://doi.org/10.1016/j.apr.2024.102208,"Designing a low-cost wireless sensor network for particulate matter monitoring: Implementation, calibration, and field-test",A. Zafra-Pérez; J. Medina-García; C. Boente; J.A. Gómez-Galán; A. Sánchez de la Campa; J.D. de la Rosa,2024,Atmospheric Pollution Research,journal-article,Elsevier BV,15,9,102208,102208,28,21,particulate_air_quality,"[""particulate_air_quality"", ""embedded_environmental_sensing""]",False,False,False,metadata_candidate,particulate_air_quality;embedded_environmental_sensing,"[""env"", ""air"", ""calib"", ""sensor"", ""embedded""]",1,"[{""query_id"": ""Q04"", ""query_rank"": 40, ""api_score"": 31.216824, ""raw_file"": ""raw_crossref\\Q04_low_cost_particle_calibration.json"", ""raw_item_index"": 39}]"
54,10.1016/j.scitotenv.2024.174089,https://doi.org/10.1016/j.scitotenv.2024.174089,Feasibility of low-cost particulate matter sensors for long-term environmental monitoring: Field evaluation and calibration,Zikang Feng; Lina Zheng; Bilin Ren; Dou Liu; Jing Huang; Ning Xue,2024,Science of The Total Environment,journal-article,Elsevier BV,945,,174089,174089,27,21,particulate_air_quality,"[""particulate_air_quality"", ""embedded_environmental_sensing""]",False,False,False,metadata_candidate,particulate_air_quality;embedded_environmental_sensing,"[""env"", ""air"", ""calib"", ""sensor"", ""embedded""]",1,"[{""query_id"": ""Q04"", ""query_rank"": 108, ""api_score"": 27.41501, ""raw_file"": ""raw_crossref\\Q04_low_cost_particle_calibration.json"", ""raw_item_index"": 107}]"
55,10.1145/3512889,https://doi.org/10.1145/3512889,Evaluation of Low-cost Air Quality Sensor Calibration Models,Kasimir Aula; Eemil Lagerspetz; Petteri Nurmi; Sasu Tarkoma,2022,ACM Transactions on Sensor Networks,journal-article,Association for Computing Machinery (ACM),18,4,1-32,,26,21,particulate_air_quality,"[""particulate_air_quality"", ""embedded_environmental_sensing""]",False,False,True,metadata_candidate,particulate_air_quality;embedded_environmental_sensing,"[""env"", ""air"", ""calib"", ""sensor"", ""embedded""]",1,"[{""query_id"": ""Q04"", ""query_rank"": 174, ""api_score"": 25.241093, ""raw_file"": ""raw_crossref\\Q04_low_cost_particle_calibration.json"", ""raw_item_index"": 173}]"
56,10.3390/s24103023,https://doi.org/10.3390/s24103023,Calibration Methods for Low-Cost Particulate Matter Sensors Considering Seasonal Variability,Jiwoo Kang; Kanghyeok Choi,2024,Sensors,journal-article,MDPI AG,24,10,3023,,24,21,particulate_air_quality,"[""particulate_air_quality"", ""embedded_environmental_sensing""]",False,False,True,metadata_candidate,particulate_air_quality;embedded_environmental_sensing,"[""env"", ""air"", ""calib"", ""sensor"", ""embedded""]",1,"[{""query_id"": ""Q04"", ""query_rank"": 13, ""api_score"": 35.589825, ""raw_file"": ""raw_crossref\\Q04_low_cost_particle_calibration.json"", ""raw_item_index"": 12}]"
57,10.5194/amt-17-6735-2024,https://doi.org/10.5194/amt-17-6735-2024,Calibration of PurpleAir low-cost particulate matter sensors: model development for air quality under high relative humidity conditions,Martine E. Mathieu-Campbell; Chuqi Guo; Andrew P. Grieshop; Jennifer Richmond-Bryant,2024,Atmospheric Measurement Techniques,journal-article,Copernicus GmbH,17,22,6735-6749,,23,21,particulate_air_quality,"[""particulate_air_quality"", ""embedded_environmental_sensing""]",False,False,True,metadata_candidate,particulate_air_quality;embedded_environmental_sensing,"[""env"", ""air"", ""calib"", ""sensor"", ""embedded""]",1,"[{""query_id"": ""Q04"", ""query_rank"": 90, ""api_score"": 28.052813, ""raw_file"": ""raw_crossref\\Q04_low_cost_particle_calibration.json"", ""raw_item_index"": 89}]"
58,10.33050/atm.v7i3.2062,https://doi.org/10.33050/atm.v7i3.2062,Enhancing Machine Learning with Low-Cost P M2.5 Air Quality Sensor Calibration using Image Processing,Untung Rahardja; Qurotul Aini; Danny Manongga; Irwan Sembiring; Yulia Putri Ayu Sanjaya,2023,APTISI Transactions on Management (ATM),journal-article,iLearning Journal Center,7,3,11-19,,23,21,particulate_air_quality,"[""particulate_air_quality"", ""embedded_environmental_sensing""]",False,False,True,metadata_candidate,particulate_air_quality;embedded_environmental_sensing,"[""env"", ""air"", ""calib"", ""sensor"", ""embedded""]",1,"[{""query_id"": ""Q04"", ""query_rank"": 455, ""api_score"": 21.567432, ""raw_file"": ""raw_crossref\\Q04_low_cost_particle_calibration.json"", ""raw_item_index"": 454}]"
59,10.3390/s23073776,https://doi.org/10.3390/s23073776,Smart Multi-Sensor Calibration of Low-Cost Particulate Matter Monitors,Edwin Villanueva; Soledad Espezua; George Castelar; Kyara Diaz; Erick Ingaroca,2023,Sensors,journal-article,MDPI AG,23,7,3776,,23,21,particulate_air_quality,"[""particulate_air_quality"", ""embedded_environmental_sensing""]",False,False,True,metadata_candidate,particulate_air_quality;embedded_environmental_sensing,"[""env"", ""air"", ""calib"", ""sensor"", ""embedded""]",1,"[{""query_id"": ""Q04"", ""query_rank"": 3, ""api_score"": 39.454838, ""raw_file"": ""raw_crossref\\Q04_low_cost_particle_calibration.json"", ""raw_item_index"": 2}]"
60,10.3390/robotics8010019,https://doi.org/10.3390/robotics8010019,Development of a Robotic Airboat for Online Water Quality Monitoring in Lakes,Marcelo Melo; Francisco Mota; Victor Albuquerque; Auzuir Alexandria,2019,Robotics,journal-article,MDPI AG,8,1,19,,22,21,water_quality_monitoring,"[""robotic_environmental_monitoring"", ""water_quality_monitoring"", ""embedded_environmental_sensing""]",False,False,True,metadata_candidate,robotic_environmental_monitoring;water_quality_monitoring;embedded_environmental_sensing,"[""robot"", ""env"", ""water"", ""sensor""]",1,"[{""query_id"": ""Q06"", ""query_rank"": 51, ""api_score"": 23.277214, ""raw_file"": ""raw_crossref\\Q06_robotic_water_quality.json"", ""raw_item_index"": 50}]"
61,10.3390/atmos12101306,https://doi.org/10.3390/atmos12101306,Assessment and Calibration of a Low-Cost PM2.5 Sensor Using Machine Learning (HybridLSTM Neural Network): Feasibility Study to Build an Air Quality Monitoring System,Donggeun Park; Geon-Woo Yoo; Seong-Ho Park; Jong-Hyeon Lee,2021,Atmosphere,journal-article,MDPI AG,12,10,1306,,21,21,particulate_air_quality,"[""particulate_air_quality"", ""embedded_environmental_sensing""]",False,False,True,metadata_candidate,particulate_air_quality;embedded_environmental_sensing,"[""env"", ""air"", ""calib"", ""sensor"", ""embedded""]",1,"[{""query_id"": ""Q04"", ""query_rank"": 463, ""api_score"": 21.51905, ""raw_file"": ""raw_crossref\\Q04_low_cost_particle_calibration.json"", ""raw_item_index"": 462}]"
62,10.1016/j.ecoinf.2024.102568,https://doi.org/10.1016/j.ecoinf.2024.102568,HypeAIR: A novel framework for real-time low-cost sensor calibration for air quality monitoring in smart cities,Chiara Bachechi; Federica Rollo; Laura Po,2024,Ecological Informatics,journal-article,Elsevier BV,81,,102568,102568,20,21,particulate_air_quality,"[""particulate_air_quality"", ""embedded_environmental_sensing""]",False,False,False,metadata_candidate,particulate_air_quality;embedded_environmental_sensing,"[""env"", ""air"", ""calib"", ""sensor"", ""embedded""]",1,"[{""query_id"": ""Q04"", ""query_rank"": 257, ""api_score"": 23.625477, ""raw_file"": ""raw_crossref\\Q04_low_cost_particle_calibration.json"", ""raw_item_index"": 256}]"
63,10.1109/jsen.2023.3233982,https://doi.org/10.1109/jsen.2023.3233982,Modular Air Quality Calibration and Forecasting Method for Low-Cost Sensor Nodes,Yousuf Hashmy; Zill Ullah Khan; Fahad Ilyas; Rehan Hafiz; Usman Younis; Tauseef Tauqeer,2023,IEEE Sensors Journal,journal-article,Institute of Electrical and Electronics Engineers (IEEE),23,4,4193-4203,,20,21,particulate_air_quality,"[""particulate_air_quality"", ""embedded_environmental_sensing""]",False,False,False,metadata_candidate,particulate_air_quality;embedded_environmental_sensing,"[""env"", ""air"", ""calib"", ""sensor"", ""embedded""]",1,"[{""query_id"": ""Q04"", ""query_rank"": 464, ""api_score"": 21.51905, ""raw_file"": ""raw_crossref\\Q04_low_cost_particle_calibration.json"", ""raw_item_index"": 463}]"
64,10.4209/aaqr.230097,https://doi.org/10.4209/aaqr.230097,Calibration of Low-cost Sensors for Measurement of Indoor Particulate Matter Concentrations via Laboratory/Field Evaluation,Doheon Kim; Dongmin Shin; Jungho Hwang,2023,Aerosol and Air Quality Research,journal-article,Springer Science and Business Media LLC,23,8,230097,,17,21,particulate_air_quality,"[""particulate_air_quality"", ""embedded_environmental_sensing""]",False,False,False,metadata_candidate,particulate_air_quality;embedded_environmental_sensing,"[""env"", ""air"", ""calib"", ""sensor"", ""embedded""]",1,"[{""query_id"": ""Q04"", ""query_rank"": 74, ""api_score"": 28.726458, ""raw_file"": ""raw_crossref\\Q04_low_cost_particle_calibration.json"", ""raw_item_index"": 73}]"
65,10.1109/icsens.2009.5398495,https://doi.org/10.1109/icsens.2009.5398495,Estimating gas-source location in outdoor environment using mobile robot equipped with gas sensors and anemometer,Yuichiro Fukazawa; Hiroshi Ishida,2009,2009 IEEE Sensors,proceedings-article,IEEE,,,1721-1724,,17,21,gas_olfaction_mapping,"[""robotic_environmental_monitoring"", ""gas_olfaction_mapping""]",False,False,False,metadata_candidate,robotic_environmental_monitoring;gas_olfaction_mapping,"[""robot"", ""env"", ""gas"", ""sensor"", ""outdoor""]",1,"[{""query_id"": ""Q03"", ""query_rank"": 287, ""api_score"": 22.258657, ""raw_file"": ""raw_crossref\\Q03_robotic_gas_mapping.json"", ""raw_item_index"": 286}, {""query_id"": ""Q08"", ""query_rank"": 318, ""api_score"": 22.636158, ""raw_file"": ""raw_crossref\\Q08_outdoor_mapping_fusion.json"", ""raw_item_index"": 317}]"
66,10.1016/j.measurement.2024.114529,https://doi.org/10.1016/j.measurement.2024.114529,Field calibration of low-cost particulate matter sensors using artificial neural networks and affine response correction,Slawomir Koziel; Anna Pietrenko-Dabrowska; Marek Wojcikowski; Bogdan Pankiewicz,2024,Measurement,journal-article,Elsevier BV,230,,114529,114529,16,21,particulate_air_quality,"[""particulate_air_quality"", ""embedded_environmental_sensing""]",False,False,False,metadata_candidate,particulate_air_quality;embedded_environmental_sensing,"[""env"", ""air"", ""calib"", ""sensor"", ""embedded""]",1,"[{""query_id"": ""Q04"", ""query_rank"": 42, ""api_score"": 31.145908, ""raw_file"": ""raw_crossref\\Q04_low_cost_particle_calibration.json"", ""raw_item_index"": 41}]"
67,10.20944/preprints202109.0130.v1,https://doi.org/10.20944/preprints202109.0130.v1,Assessment and Calibration on Low-cost PM2.5 Sensor using Machin Learning (Hybrid-LSTM Neural Network): Feasibility Study to Build Air Quality Monitoring System,Donggeun Park; Geon-Woo Yoo; Seong-Ho Park; Jong-Hyeon Lee,2021,,posted-content,MDPI AG,,,,,16,21,particulate_air_quality,"[""particulate_air_quality"", ""embedded_environmental_sensing""]",False,False,True,metadata_candidate,particulate_air_quality;embedded_environmental_sensing,"[""env"", ""air"", ""calib"", ""sensor"", ""embedded""]",1,"[{""query_id"": ""Q04"", ""query_rank"": 329, ""api_score"": 22.78641, ""raw_file"": ""raw_crossref\\Q04_low_cost_particle_calibration.json"", ""raw_item_index"": 328}]"
68,10.1109/access.2022.3145945,https://doi.org/10.1109/access.2022.3145945,Stochastic Online Calibration of Low-Cost Gas Sensor Networks With Mobile References,Georgi Tancev; Federico Grasso Toro,2022,IEEE Access,journal-article,Institute of Electrical and Electronics Engineers (IEEE),10,,13901-13910,,14,21,gas_sensor_calibration,"[""gas_sensor_calibration"", ""embedded_environmental_sensing""]",False,False,False,metadata_candidate,gas_sensor_calibration;embedded_environmental_sensing,"[""env"", ""gas"", ""calib"", ""sensor"", ""embedded""]",1,"[{""query_id"": ""Q04"", ""query_rank"": 148, ""api_score"": 25.848442, ""raw_file"": ""raw_crossref\\Q04_low_cost_particle_calibration.json"", ""raw_item_index"": 147}]"
69,10.1063/1.4975258,https://doi.org/10.1063/1.4975258,Cross-sensitivity of metal oxide gas sensor to ambient temperature and humidity: Effects on gas distribution mapping,K. Kamarudin; V. H. Bennetts; S. M. Mamduh; R. Visvanathan; A. S. A. Yeon; A. Y. M. Shakaff; A. Zakaria; A. H. Abdullah; L. M. Kamarudin,2017,AIP Conference Proceedings,proceedings-article,Author(s),1808,,020025,,14,21,gas_olfaction_mapping,"[""gas_olfaction_mapping"", ""gas_sensor_calibration""]",False,False,False,metadata_candidate,gas_olfaction_mapping;gas_sensor_calibration,"[""env"", ""gas"", ""calib"", ""sensor"", ""nav""]",1,"[{""query_id"": ""Q03"", ""query_rank"": 271, ""api_score"": 22.426353, ""raw_file"": ""raw_crossref\\Q03_robotic_gas_mapping.json"", ""raw_item_index"": 270}]"
70,10.5194/amt-17-3303-2024,https://doi.org/10.5194/amt-17-3303-2024,Evaluation of calibration performance of a low-cost particulate matter sensor using collocated and distant NO 2,Kabseok Ko; Seokheon Cho; Ramesh R. Rao,2024,Atmospheric Measurement Techniques,journal-article,Copernicus GmbH,17,10,3303-3322,,13,21,particulate_air_quality,"[""particulate_air_quality"", ""embedded_environmental_sensing""]",False,False,True,metadata_candidate,particulate_air_quality;embedded_environmental_sensing,"[""env"", ""air"", ""calib"", ""sensor"", ""embedded""]",1,"[{""query_id"": ""Q04"", ""query_rank"": 8, ""api_score"": 34.56468, ""raw_file"": ""raw_crossref\\Q04_low_cost_particle_calibration.json"", ""raw_item_index"": 7}]"
71,10.4209/aaqr.230010,https://doi.org/10.4209/aaqr.230010,"Validation of In-field Calibration for Low-Cost Sensors Measuring Ambient Particulate Matter in Kolkata, India",Siddharth Nobell; Arnab Majumdar; Shovon Mukherjee; Sukumar Chakraborty; Sanjoy Chatterjee; Soumitra Bose; Anindita Dutta; Sandhya Sethuraman; Daniel M. Westervelt; Shairik Sengupta; Rakhi Basu; V. Faye McNeill,2023,Aerosol and Air Quality Research,journal-article,Springer Science and Business Media LLC,23,11,230010,,13,21,particulate_air_quality,"[""particulate_air_quality"", ""embedded_environmental_sensing""]",False,False,False,metadata_candidate,particulate_air_quality;embedded_environmental_sensing,"[""env"", ""air"", ""calib"", ""sensor"", ""embedded""]",3,"[{""query_id"": ""Q04"", ""query_rank"": 275, ""api_score"": 23.35263, ""raw_file"": ""raw_crossref\\Q04_low_cost_particle_calibration.json"", ""raw_item_index"": 274}]"
72,10.3390/electronics12010171,https://doi.org/10.3390/electronics12010171,Mobile Robot Gas Source Localization Using SLAM-GDM with a Graphene-Based Gas Sensor,Wan Abdul Syaqur Norzam; Huzein Fahmi Hawari; Kamarulzaman Kamarudin; Zaffry Hadi Mohd Juffry; Nurul Athirah Abu Hussein; Monika Gupta; Abdulnasser Nabil Abdullah,2022,Electronics,journal-article,MDPI AG,12,1,171,,13,21,gas_olfaction_mapping,"[""robotic_environmental_monitoring"", ""gas_olfaction_mapping""]",False,False,True,metadata_candidate,robotic_environmental_monitoring;gas_olfaction_mapping,"[""robot"", ""env"", ""gas"", ""sensor"", ""nav""]",1,"[{""query_id"": ""Q03"", ""query_rank"": 86, ""api_score"": 24.76645, ""raw_file"": ""raw_crossref\\Q03_robotic_gas_mapping.json"", ""raw_item_index"": 85}]"
73,10.5194/amt-2017-260,https://doi.org/10.5194/amt-2017-260,Closing the gap on lower cost air quality monitoring: machine learning calibration models to improve low-cost sensor performance,Naomi Zimmerman; Albert A. Presto; Sriniwasa P. N. Kumar; Jason Gu; Aliaksei Hauryliuk; Ellis S. Robinson; Allen L. Robinson; Ramachandran Subramanian,2017,,posted-content,Copernicus GmbH,,,,,13,21,particulate_air_quality,"[""particulate_air_quality"", ""embedded_environmental_sensing""]",False,False,True,metadata_candidate,particulate_air_quality;embedded_environmental_sensing,"[""env"", ""air"", ""calib"", ""sensor"", ""embedded""]",1,"[{""query_id"": ""Q04"", ""query_rank"": 417, ""api_score"": 22.00426, ""raw_file"": ""raw_crossref\\Q04_low_cost_particle_calibration.json"", ""raw_item_index"": 416}]"
74,10.1016/j.jaerosci.2023.106284,https://doi.org/10.1016/j.jaerosci.2023.106284,Development of a physics-based method for calibration of low-cost particulate matter sensors and comparison with machine learning models,Brijal Prajapati; Vishal Dharaiya; Manoranjan Sahu; Chandra Venkatraman; Pratim Biswas; Kajal Yadav; Delwin Pullokaran; Ramya Sunder Raman; Ruqia Bhat; Tanveer Ahmad Najar; Arshid Jehangir,2024,Journal of Aerosol Science,journal-article,Elsevier BV,175,,106284,106284,12,21,particulate_air_quality,"[""particulate_air_quality"", ""embedded_environmental_sensing""]",False,False,False,metadata_candidate,particulate_air_quality;embedded_environmental_sensing,"[""env"", ""air"", ""calib"", ""sensor"", ""embedded""]",1,"[{""query_id"": ""Q04"", ""query_rank"": 221, ""api_score"": 24.244444, ""raw_file"": ""raw_crossref\\Q04_low_cost_particle_calibration.json"", ""raw_item_index"": 220}]"
75,10.1039/d2ea00124a,https://doi.org/10.1039/d2ea00124a,"Particulate matter in a lockdown home: evaluation, calibration, results and health risk from an IoT enabled low-cost sensor network for residential air quality monitoring",Nicole Cowell; Lee Chapman; William Bloss; Deepchandra Srivastava; Suzanne Bartington; Ajit Singh,2023,Environmental Science: Atmospheres,journal-article,Royal Society of Chemistry (RSC),3,1,65-84,,12,21,particulate_air_quality,"[""particulate_air_quality"", ""embedded_environmental_sensing""]",False,False,True,metadata_candidate,particulate_air_quality;embedded_environmental_sensing,"[""env"", ""air"", ""calib"", ""sensor"", ""embedded""]",1,"[{""query_id"": ""Q04"", ""query_rank"": 45, ""api_score"": 30.609783, ""raw_file"": ""raw_crossref\\Q04_low_cost_particle_calibration.json"", ""raw_item_index"": 44}]"
76,10.3390/atmos14081228,https://doi.org/10.3390/atmos14081228,The Development of a Low-Cost Particulate Matter 2.5 Sensor Calibration Model in Daycare Centers Using Long Short-Term Memory Algorithms,Hyungjin Jeon; Jewan Ryu; Kyoung Min Kim; Junyeong An,2023,Atmosphere,journal-article,MDPI AG,14,8,1228,,12,21,particulate_air_quality,"[""particulate_air_quality"", ""embedded_environmental_sensing""]",False,False,True,metadata_candidate,particulate_air_quality;embedded_environmental_sensing,"[""env"", ""air"", ""calib"", ""sensor"", ""embedded""]",1,"[{""query_id"": ""Q04"", ""query_rank"": 17, ""api_score"": 34.88508, ""raw_file"": ""raw_crossref\\Q04_low_cost_particle_calibration.json"", ""raw_item_index"": 16}]"
77,10.1109/isoen.2017.7968898,https://doi.org/10.1109/isoen.2017.7968898,Exploration and localization of a gas source with MOX gas sensors on a mobile robot — A Gaussian regression bout amplitude approach,Mikel Vuka; Erik Schaffernicht; Michael Schmuker; Victor Hernandez Bennetts; Francesco Amigoni; Achim J. Lilienthal,2017,2017 ISOCS/IEEE International Symposium on Olfaction and Electronic Nose (ISOEN),proceedings-article,IEEE,,,1-3,,12,21,gas_olfaction_mapping,"[""robotic_environmental_monitoring"", ""gas_olfaction_mapping""]",False,False,False,metadata_candidate,robotic_environmental_monitoring;gas_olfaction_mapping,"[""robot"", ""env"", ""gas"", ""sensor"", ""nav""]",1,"[{""query_id"": ""Q03"", ""query_rank"": 124, ""api_score"": 23.8489, ""raw_file"": ""raw_crossref\\Q03_robotic_gas_mapping.json"", ""raw_item_index"": 123}]"
78,10.1109/cenim.2018.8711381,https://doi.org/10.1109/cenim.2018.8711381,Gas Source Localization Using an Olfactory Mobile Robot Equipped With Wind Direction Sensor,Helmy Widyantara; Muhammad Rivai; Djoko Purwanto,2018,"2018 International Conference on Computer Engineering, Network and Intelligent Multimedia (CENIM)",proceedings-article,IEEE,,,66-70,,11,21,gas_olfaction_mapping,"[""robotic_environmental_monitoring"", ""gas_olfaction_mapping""]",False,False,False,metadata_candidate,robotic_environmental_monitoring;gas_olfaction_mapping,"[""robot"", ""env"", ""gas"", ""sensor"", ""nav""]",1,"[{""query_id"": ""Q03"", ""query_rank"": 163, ""api_score"": 23.445143, ""raw_file"": ""raw_crossref\\Q03_robotic_gas_mapping.json"", ""raw_item_index"": 162}]"
79,10.1016/j.apr.2025.102676,https://doi.org/10.1016/j.apr.2025.102676,Field-based calibration and operation of low-cost sensors for particulate matter by linear and nonlinear methods,Chao Mai; Zekai Wang; Lehan Chen; Yuhan Huang; Meng Li; Arezoo Shirazi; Ali Altaee; John L. Zhou,2025,Atmospheric Pollution Research,journal-article,Elsevier BV,16,12,102676,102676,10,21,particulate_air_quality,"[""particulate_air_quality"", ""embedded_environmental_sensing""]",False,False,False,metadata_candidate,particulate_air_quality;embedded_environmental_sensing,"[""env"", ""air"", ""calib"", ""sensor"", ""embedded""]",1,"[{""query_id"": ""Q04"", ""query_rank"": 124, ""api_score"": 26.84517, ""raw_file"": ""raw_crossref\\Q04_low_cost_particle_calibration.json"", ""raw_item_index"": 123}]"
80,10.3390/su16219499,https://doi.org/10.3390/su16219499,AI-Aided Robotic Wide-Range Water Quality Monitoring System,Ameen Awwad; Ghaleb A. Husseini; Lutfi Albasha,2024,Sustainability,journal-article,MDPI AG,16,21,9499,,4,21,robotic_sampling,"[""robotic_environmental_monitoring"", ""water_quality_monitoring"", ""robotic_sampling""]",False,False,True,metadata_candidate,robotic_environmental_monitoring;water_quality_monitoring;robotic_sampling,"[""robot"", ""env"", ""water"", ""sensor""]",1,"[{""query_id"": ""Q06"", ""query_rank"": 33, ""api_score"": 24.562092, ""raw_file"": ""raw_crossref\\Q06_robotic_water_quality.json"", ""raw_item_index"": 32}]"
81,10.1109/icicict46008.2019.8993292,https://doi.org/10.1109/icicict46008.2019.8993292,Autonomous Navigation of an Unmanned Ground Vehicle for Soil Pollution Monitoring,K P Akhil; Gayathri Manikutty; Rahul Ravindran; Bhavani Rao R,2019,"2019 2nd International Conference on Intelligent Computing, Instrumentation and Control Technologies (ICICICT)",proceedings-article,IEEE,,,1563-1567,,2,21,outdoor_navigation_fusion,"[""robotic_environmental_monitoring"", ""outdoor_navigation_fusion""]",False,False,False,metadata_candidate,robotic_environmental_monitoring;outdoor_navigation_fusion,"[""robot"", ""env"", ""sensor"", ""nav"", ""outdoor""]",1,"[{""query_id"": ""Q02"", ""query_rank"": 105, ""api_score"": 25.481354, ""raw_file"": ""raw_crossref\\Q02_ground_rover_air_quality.json"", ""raw_item_index"": 104}]"
82,10.1109/icassp49660.2025.10888054,https://doi.org/10.1109/icassp49660.2025.10888054,Enhancing Network Calibration for Low-Cost Gas Sensor Networks Through Adaptive Similarity Search,Cheng Yang; Saikat Chatterjee; Tobias J. Oechtering,2025,"ICASSP 2025 - 2025 IEEE International Conference on Acoustics, Speech and Signal Processing (ICASSP)",proceedings-article,IEEE,,,1-5,,1,21,gas_sensor_calibration,"[""gas_sensor_calibration"", ""embedded_environmental_sensing""]",False,False,False,metadata_candidate,gas_sensor_calibration;embedded_environmental_sensing,"[""env"", ""gas"", ""calib"", ""sensor"", ""embedded""]",1,"[{""query_id"": ""Q04"", ""query_rank"": 301, ""api_score"": 23.061338, ""raw_file"": ""raw_crossref\\Q04_low_cost_particle_calibration.json"", ""raw_item_index"": 300}]"
83,10.1177/17298806221081325,https://doi.org/10.1177/17298806221081325,Configurable simulation strategies for testing pollutant plume source localization algorithms using autonomous multisensor mobile robots,Tyrell Lewis; Kiran Bhaganagar,2022,International Journal of Advanced Robotic Systems,journal-article,SAGE Publications,19,2,,17298806221081325,6,19,outdoor_navigation_fusion,"[""robotic_environmental_monitoring"", ""outdoor_navigation_fusion""]",False,False,True,metadata_candidate,robotic_environmental_monitoring;outdoor_navigation_fusion,"[""robot"", ""env"", ""sensor"", ""nav""]",1,"[{""query_id"": ""Q03"", ""query_rank"": 493, ""api_score"": 21.05238, ""raw_file"": ""raw_crossref\\Q03_robotic_gas_mapping.json"", ""raw_item_index"": 492}]"
84,10.3390/iot7020042,https://doi.org/10.3390/iot7020042,IoT-Based System for Real-Time Water Quality Monitoring and Advanced Turbidity and pH Sensor Calibration to Improve Accuracy and Reliability Using ThingSpeak,Mulhim Al Drees; Abbas E. Rahma; Samah Daffalla; Rawabi Alsudais; Naser Fathi Alsubaie; Mohammed Albrahim; Hassan Abdullah Alghanim; Mustafa I. Almaghasla,2026,IoT,journal-article,MDPI AG,7,2,42,,2,19,water_quality_monitoring,"[""water_quality_monitoring"", ""embedded_environmental_sensing""]",False,False,True,metadata_candidate,water_quality_monitoring;embedded_environmental_sensing,"[""env"", ""water"", ""calib"", ""sensor"", ""embedded""]",1,"[{""query_id"": ""Q06"", ""query_rank"": 20, ""api_score"": 25.463734, ""raw_file"": ""raw_crossref\\Q06_robotic_water_quality.json"", ""raw_item_index"": 19}]"
85,10.1109/vts60656.2024.10538731,https://doi.org/10.1109/vts60656.2024.10538731,Calibration and Source Localization Using an Array of Resistive Metal Oxide Gas Sensors,Ishaan Bassi; Sule Ozev,2024,2024 IEEE 42nd VLSI Test Symposium (VTS),proceedings-article,IEEE,,,1-7,,1,19,gas_sensor_calibration,"[""gas_sensor_calibration""]",False,False,False,metadata_candidate,gas_sensor_calibration,"[""env"", ""gas"", ""calib"", ""sensor"", ""nav""]",1,"[{""query_id"": ""Q03"", ""query_rank"": 64, ""api_score"": 25.333298, ""raw_file"": ""raw_crossref\\Q03_robotic_gas_mapping.json"", ""raw_item_index"": 63}, {""query_id"": ""Q05"", ""query_rank"": 37, ""api_score"": 25.632027, ""raw_file"": ""raw_crossref\\Q05_gas_sensor_calibration.json"", ""raw_item_index"": 36}]"
86,10.36561/ing.30.11,https://doi.org/10.36561/ing.30.11,System-Level Design and Outdoor Validation of a Solar-Powered Mobile Robot for Autonomous Environmental Monitoring,Halar Mustafa; Sadiq Ur Rehman; Muhammad Ahsan Shaikh,2026,Memoria Investigaciones en Ingeniería,journal-article,Universidad de Montevideo,,30,164-176,,0,19,four_wheel_steering,"[""robotic_environmental_monitoring"", ""four_wheel_steering""]",False,False,True,metadata_candidate,robotic_environmental_monitoring;four_wheel_steering,"[""robot"", ""env"", ""sensor"", ""outdoor""]",1,"[{""query_id"": ""Q01"", ""query_rank"": 60, ""api_score"": 19.94741, ""raw_file"": ""raw_crossref\\Q01_mobile_robot_environment.json"", ""raw_item_index"": 59}, {""query_id"": ""Q08"", ""query_rank"": 348, ""api_score"": 22.435814, ""raw_file"": ""raw_crossref\\Q08_outdoor_mapping_fusion.json"", ""raw_item_index"": 347}]"
87,10.36922/ajwep.6564,https://doi.org/10.36922/ajwep.6564,Enhancing swimming pool hygiene: A robotic approach to debris removal and water quality monitoring,Hemalatha Senthilmahesh; Kiran Mayee Adavala; Thilagam Thangamariappan; Pullela S. V. V. S. R. Kumar; Ramesh Tumaati; Muthuvairavan Pillai Nagappan,2025,"Asian Journal of Water, Environment and Pollution",journal-article,AccScience Publishing,22,2,19,,0,19,water_quality_monitoring,"[""robotic_environmental_monitoring"", ""water_quality_monitoring""]",False,False,True,metadata_candidate,robotic_environmental_monitoring;water_quality_monitoring,"[""robot"", ""env"", ""water"", ""sensor""]",1,"[{""query_id"": ""Q06"", ""query_rank"": 315, ""api_score"": 20.145798, ""raw_file"": ""raw_crossref\\Q06_robotic_water_quality.json"", ""raw_item_index"": 314}]"
88,10.1201/9781032664828-9,https://doi.org/10.1201/9781032664828-9,Calibrating the IoT-Based System for Monitoring Water Quality with Known pH and Turbidity,Hasifah Namatovu; Fiona Ssozi,2024,Interactive Media with Next-Gen Technologies and Their Usability Evaluation,book-chapter,Chapman and Hall/CRC,,,114-130,,0,19,water_quality_monitoring,"[""water_quality_monitoring"", ""embedded_environmental_sensing""]",False,False,False,metadata_candidate,water_quality_monitoring;embedded_environmental_sensing,"[""env"", ""water"", ""calib"", ""sensor"", ""embedded""]",1,"[{""query_id"": ""Q06"", ""query_rank"": 1, ""api_score"": 32.113297, ""raw_file"": ""raw_crossref\\Q06_robotic_water_quality.json"", ""raw_item_index"": 0}]"
89,10.1109/tmech.2017.2722009,https://doi.org/10.1109/tmech.2017.2722009,Development of a Novel Robotic Dolphin and Its Application to Water Quality Monitoring,Zhengxing Wu; Jincun Liu; Junzhi Yu; Hao Fang,2017,IEEE/ASME Transactions on Mechatronics,journal-article,Institute of Electrical and Electronics Engineers (IEEE),22,5,2130-2140,,81,18,water_quality_monitoring,"[""robotic_environmental_monitoring"", ""water_quality_monitoring""]",False,False,False,metadata_candidate,robotic_environmental_monitoring;water_quality_monitoring,"[""robot"", ""env"", ""water"", ""sensor""]",1,"[{""query_id"": ""Q06"", ""query_rank"": 271, ""api_score"": 20.366928, ""raw_file"": ""raw_crossref\\Q06_robotic_water_quality.json"", ""raw_item_index"": 270}]"
90,10.1007/s42235-022-00282-1,https://doi.org/10.1007/s42235-022-00282-1,Design and Realization of a Novel Hybrid-Drive Robotic Fish for Aquaculture Water Quality Monitoring,Yiting Ji; Yaoguang Wei; Jincun Liu; Dong An,2022,Journal of Bionic Engineering,journal-article,Springer Science and Business Media LLC,20,2,543-557,,32,18,water_quality_monitoring,"[""robotic_environmental_monitoring"", ""water_quality_monitoring""]",False,False,False,metadata_candidate,robotic_environmental_monitoring;water_quality_monitoring,"[""robot"", ""env"", ""water"", ""sensor""]",1,"[{""query_id"": ""Q06"", ""query_rank"": 313, ""api_score"": 20.148026, ""raw_file"": ""raw_crossref\\Q06_robotic_water_quality.json"", ""raw_item_index"": 312}]"
91,10.1109/aeeca49918.2020.9213466,https://doi.org/10.1109/aeeca49918.2020.9213466,Research on Mobile Water Quality Monitoring System Based on Underwater Bionic Robot Fish Platform,Chen Kai; Zhu Weiwei; Dou Lu,2020,2020 IEEE International Conference on Advances in Electrical Engineering and Computer Applications( AEECA),proceedings-article,IEEE,,,457-461,,12,18,water_quality_monitoring,"[""robotic_environmental_monitoring"", ""water_quality_monitoring""]",False,False,False,metadata_candidate,robotic_environmental_monitoring;water_quality_monitoring,"[""robot"", ""env"", ""water"", ""sensor""]",1,"[{""query_id"": ""Q01"", ""query_rank"": 298, ""api_score"": 17.187632, ""raw_file"": ""raw_crossref\\Q01_mobile_robot_environment.json"", ""raw_item_index"": 297}]"
92,10.1080/07438140809354064,https://doi.org/10.1080/07438140809354064,Turbidity and temperature patterns in a reservoir and its primary tributary from robotic monitoring: Implications for managing the quality of withdrawals,Anthony R. Prestigiacomo; Steven W. Effler; David M. O'Donnell; David G. Smith; Donald Pierson,2008,Lake and Reservoir Management,journal-article,Informa UK Limited,24,3,231-243,,9,18,water_quality_monitoring,"[""robotic_environmental_monitoring"", ""water_quality_monitoring""]",False,False,False,metadata_candidate,robotic_environmental_monitoring;water_quality_monitoring,"[""robot"", ""env"", ""water"", ""sensor""]",1,"[{""query_id"": ""Q06"", ""query_rank"": 85, ""api_score"": 22.094048, ""raw_file"": ""raw_crossref\\Q06_robotic_water_quality.json"", ""raw_item_index"": 84}]"
93,10.1109/cenim.2018.8711409,https://doi.org/10.1109/cenim.2018.8711409,Online Gas Mapping in Outdoor Environment using Solar-Powered Mobile Robot,Richa Watiasih; Muhammad Rivai; Ontoseno Penangsang; Fajar Budiman; Tukadi; Yusril Izza,2018,"2018 International Conference on Computer Engineering, Network and Intelligent Multimedia (CENIM)",proceedings-article,IEEE,,,245-250,,4,18,outdoor_navigation_fusion,"[""robotic_environmental_monitoring"", ""outdoor_navigation_fusion""]",False,False,False,metadata_candidate,robotic_environmental_monitoring;outdoor_navigation_fusion,"[""robot"", ""env"", ""nav"", ""outdoor""]",1,"[{""query_id"": ""Q08"", ""query_rank"": 95, ""api_score"": 25.904003, ""raw_file"": ""raw_crossref\\Q08_outdoor_mapping_fusion.json"", ""raw_item_index"": 94}]"
94,10.3390/s26185729,https://doi.org/10.3390/s26185729,Real-to-Sim Calibration and Cross-Domain Trajectory Validation of a Low-Cost Multi-Sensor UGV Digital Twin,Carlos Villagomez Alfaro; Zandra Betzabe Rivera Chavez; Marco Claudio De Simone; Domenico Guida,2026,Sensors,journal-article,MDPI AG,26,18,5729,,0,18,outdoor_navigation_fusion,"[""outdoor_navigation_fusion""]",False,False,True,metadata_candidate,outdoor_navigation_fusion,"[""robot"", ""calib"", ""sensor"", ""outdoor"", ""embedded""]",1,"[{""query_id"": ""Q04"", ""query_rank"": 382, ""api_score"": 22.251707, ""raw_file"": ""raw_crossref\\Q04_low_cost_particle_calibration.json"", ""raw_item_index"": 381}]"
95,10.55248/gengpi.07.0526.c1330,https://doi.org/10.55248/gengpi.07.0526.c1330,"AI-Powered Smart Farming Robot for Insect Detection, Targeted Spraying, and IoT-Based Environmental Monitoring",Magesh Manickam M; Jaibalaji S; Harsh Bothra S; Ms. S. Shamili Shanmugapriya,2026,International Journal of Research Publication and Reviews,journal-article,Genesis Global Publication,7,5,9205-9216,,0,18,robotic_environmental_monitoring,"[""robotic_environmental_monitoring"", ""embedded_environmental_sensing""]",False,False,False,metadata_candidate,robotic_environmental_monitoring;embedded_environmental_sensing,"[""robot"", ""env"", ""sensor"", ""embedded""]",1,"[{""query_id"": ""Q01"", ""query_rank"": 166, ""api_score"": 18.202652, ""raw_file"": ""raw_crossref\\Q01_mobile_robot_environment.json"", ""raw_item_index"": 165}]"
96,10.1109/compas67506.2025.11381712,https://doi.org/10.1109/compas67506.2025.11381712,IoT-Enabled Mobile Robot for Environmental Monitoring with Multi-Modal Communication,Shahin M. Khan; Mumtahina Tasnim Mahi; Tajreen Ferdoush; Mirza Rasheduzzaman,2025,"2025 IEEE 2nd International Conference on Computing, Applications and Systems (COMPAS)",proceedings-article,IEEE,,,1-6,,0,18,robotic_environmental_monitoring,"[""robotic_environmental_monitoring"", ""embedded_environmental_sensing""]",False,False,False,metadata_candidate,robotic_environmental_monitoring;embedded_environmental_sensing,"[""robot"", ""env"", ""sensor"", ""embedded""]",1,"[{""query_id"": ""Q01"", ""query_rank"": 14, ""api_score"": 21.639486, ""raw_file"": ""raw_crossref\\Q01_mobile_robot_environment.json"", ""raw_item_index"": 13}]"
97,10.3390/s21227456,https://doi.org/10.3390/s21227456,"A Portable Device for Methane Measurement Using a Low-Cost Semiconductor Sensor: Development, Calibration and Environmental Applications",Leonardo Furst; Manuel Feliciano; Laercio Frare; Getúlio Igrejas,2021,Sensors,journal-article,MDPI AG,21,22,7456,,28,17,gas_sensor_calibration,"[""gas_sensor_calibration"", ""embedded_environmental_sensing""]",False,False,True,metadata_candidate,gas_sensor_calibration;embedded_environmental_sensing,"[""env"", ""calib"", ""sensor"", ""embedded""]",1,"[{""query_id"": ""Q04"", ""query_rank"": 241, ""api_score"": 23.93868, ""raw_file"": ""raw_crossref\\Q04_low_cost_particle_calibration.json"", ""raw_item_index"": 240}]"
98,10.3390/atmos15111313,https://doi.org/10.3390/atmos15111313,Addressing Low-Cost Methane Sensor Calibration Shortcomings with Machine Learning,Elijah Kiplimo; Stuart N. Riddick; Mercy Mbua; Aashish Upreti; Abhinav Anand; Daniel J. Zimmerle,2024,Atmosphere,journal-article,MDPI AG,15,11,1313,,4,17,gas_sensor_calibration,"[""gas_sensor_calibration"", ""embedded_environmental_sensing""]",False,False,True,metadata_candidate,gas_sensor_calibration;embedded_environmental_sensing,"[""env"", ""calib"", ""sensor"", ""embedded""]",2,"[{""query_id"": ""Q04"", ""query_rank"": 225, ""api_score"": 24.201365, ""raw_file"": ""raw_crossref\\Q04_low_cost_particle_calibration.json"", ""raw_item_index"": 224}]"
99,10.1115/1.4071125,https://doi.org/10.1115/1.4071125,A Novel Unmanned Ground Vehicle-Based Soil Sampling System for High-Precision Soil Moisture Monitoring,Elias Small; Ilektra Tsimpidi; Ilias Tevetzidis; George Nikolakopoulos,2025,ASME Letters in Translational Robotics,journal-article,ASME International,1,4,,041004,0,17,robotic_sampling,"[""robotic_sampling""]",False,False,True,metadata_candidate,robotic_sampling,"[""robot"", ""sensor"", ""outdoor"", ""sampling""]",1,"[{""query_id"": ""Q02"", ""query_rank"": 104, ""api_score"": 25.488197, ""raw_file"": ""raw_crossref\\Q02_ground_rover_air_quality.json"", ""raw_item_index"": 103}]"
100,10.1016/s0925-4005(00)00639-0,https://doi.org/10.1016/s0925-4005(00)00639-0,Micromachined metal oxide gas sensors: opportunities to improve sensor performance,Isolde Simon; Nicolae Bârsan; Michael Bauer; Udo Weimar,2001,Sensors and Actuators B: Chemical,journal-article,Elsevier BV,73,1,1-26,,582,16,gas_sensor_calibration,"[""gas_sensor_calibration""]",False,False,False,metadata_candidate,gas_sensor_calibration,"[""env"", ""gas"", ""calib"", ""sensor""]",1,"[{""query_id"": ""Q05"", ""query_rank"": 341, ""api_score"": 21.489288, ""raw_file"": ""raw_crossref\\Q05_gas_sensor_calibration.json"", ""raw_item_index"": 340}]"
101,10.3390/s130709160,https://doi.org/10.3390/s130709160,Metal Oxide Gas Sensor Drift Compensation Using a Dynamic Classifier Ensemble Based on Fitting,Hang Liu; Zhenan Tang,2013,Sensors,journal-article,MDPI AG,13,7,9160-9173,,38,16,gas_sensor_calibration,"[""gas_sensor_calibration""]",False,False,True,metadata_candidate,gas_sensor_calibration,"[""env"", ""gas"", ""calib"", ""sensor""]",1,"[{""query_id"": ""Q05"", ""query_rank"": 82, ""api_score"": 24.10106, ""raw_file"": ""raw_crossref\\Q05_gas_sensor_calibration.json"", ""raw_item_index"": 81}]"
102,10.1016/j.snb.2021.130769,https://doi.org/10.1016/j.snb.2021.130769,Global calibration models for temperature-modulated metal oxide gas sensors: A strategy to reduce calibration costs,Albert Miquel-Ibarz; Javier Burgués; Santiago Marco,2022,Sensors and Actuators B: Chemical,journal-article,Elsevier BV,350,,130769,130769,34,16,gas_sensor_calibration,"[""gas_sensor_calibration""]",False,False,False,metadata_candidate,gas_sensor_calibration,"[""env"", ""gas"", ""calib"", ""sensor""]",1,"[{""query_id"": ""Q05"", ""query_rank"": 60, ""api_score"": 24.813894, ""raw_file"": ""raw_crossref\\Q05_gas_sensor_calibration.json"", ""raw_item_index"": 59}]"
103,10.3390/s150510180,https://doi.org/10.3390/s150510180,Metal Oxide Gas Sensor Drift Compensation Using a Two-Dimensional Classifier Ensemble,Hang Liu; Renzhi Chu; Zhenan Tang,2015,Sensors,journal-article,MDPI AG,15,5,10180-10193,,34,16,gas_sensor_calibration,"[""gas_sensor_calibration""]",False,False,True,metadata_candidate,gas_sensor_calibration,"[""env"", ""gas"", ""calib"", ""sensor""]",1,"[{""query_id"": ""Q05"", ""query_rank"": 83, ""api_score"": 24.097927, ""raw_file"": ""raw_crossref\\Q05_gas_sensor_calibration.json"", ""raw_item_index"": 82}]"
104,10.1016/j.atmosenv.2023.119955,https://doi.org/10.1016/j.atmosenv.2023.119955,Long-term field calibration of low-cost metal oxide VOC sensor: Meteorological and interference gas effects,Gung-Hwa Hong; Thi-Cuc Le; Guan-Yu Lin; Hung-Wen Cheng; Jhih-Yuan Yu; Racha Dejchanchaiwong; Perapong Tekasakul; Chuen-Jinn Tsai,2023,Atmospheric Environment,journal-article,Elsevier BV,310,,119955,119955,29,16,gas_sensor_calibration,"[""gas_sensor_calibration""]",False,False,False,metadata_candidate,gas_sensor_calibration,"[""gas"", ""calib"", ""sensor"", ""embedded""]",1,"[{""query_id"": ""Q05"", ""query_rank"": 57, ""api_score"": 24.994198, ""raw_file"": ""raw_crossref\\Q05_gas_sensor_calibration.json"", ""raw_item_index"": 56}]"
105,10.1007/s00216-013-7502-0,https://doi.org/10.1007/s00216-013-7502-0,Grain shape influence on semiconducting metal oxide based gas sensor performance: modeling versus experiment,Julia Rebholz; Peter Bonanati; Udo Weimar; Nicolae Barsan,2013,Analytical and Bioanalytical Chemistry,journal-article,Springer Science and Business Media LLC,406,16,3977-3983,,28,16,gas_sensor_calibration,"[""gas_sensor_calibration""]",False,False,False,metadata_candidate,gas_sensor_calibration,"[""env"", ""gas"", ""calib"", ""sensor""]",1,"[{""query_id"": ""Q05"", ""query_rank"": 440, ""api_score"": 20.768353, ""raw_file"": ""raw_crossref\\Q05_gas_sensor_calibration.json"", ""raw_item_index"": 439}]"
106,10.1109/rose.2012.6402609,https://doi.org/10.1109/rose.2012.6402609,Automated odometry self-calibration for car-like robots with four-wheel-steering,Karsten Bohlmann; Henrik Marks; Andreas Zell,2012,2012 IEEE International Symposium on Robotic and Sensors Environments Proceedings,proceedings-article,IEEE,,,168-173,,5,16,four_wheel_steering,"[""four_wheel_steering""]",False,False,False,metadata_candidate,four_wheel_steering,"[""robot"", ""calib"", ""steer"", ""nav""]",1,"[{""query_id"": ""Q07"", ""query_rank"": 464, ""api_score"": 23.840519, ""raw_file"": ""raw_crossref\\Q07_four_wheel_steering.json"", ""raw_item_index"": 463}]"
107,10.1109/icra.2013.6630701,https://doi.org/10.1109/icra.2013.6630701,"Estimation-informed, resource-aware robot navigation for environmental monitoring applications",Lonnie T. Parker; Richard A. Coogle; Ayanna M. Howard,2013,2013 IEEE International Conference on Robotics and Automation,proceedings-article,IEEE,,,1041-1046,,3,16,robotic_environmental_monitoring,"[""robotic_environmental_monitoring""]",False,False,False,metadata_candidate,robotic_environmental_monitoring,"[""robot"", ""env"", ""sensor"", ""nav""]",1,"[{""query_id"": ""Q01"", ""query_rank"": 366, ""api_score"": 16.869785, ""raw_file"": ""raw_crossref\\Q01_mobile_robot_environment.json"", ""raw_item_index"": 365}, {""query_id"": ""Q10"", ""query_rank"": 241, ""api_score"": 16.775389, ""raw_file"": ""raw_crossref\\Q10_environmental_robotics_datasets.json"", ""raw_item_index"": 240}]"
108,10.1109/access.2026.3712023,https://doi.org/10.1109/access.2026.3712023,Robust Offline Coverage Path Planning for Multi-Robot Environmental Monitoring in Structured Grid Domains,Ignas Sablinskas; Vishnu G. Nair,2026,IEEE Access,journal-article,Institute of Electrical and Electronics Engineers (IEEE),14,,107492-107510,,0,16,robotic_environmental_monitoring,"[""robotic_environmental_monitoring""]",False,False,False,metadata_candidate,robotic_environmental_monitoring,"[""robot"", ""env"", ""sensor"", ""nav""]",1,"[{""query_id"": ""Q01"", ""query_rank"": 314, ""api_score"": 17.109175, ""raw_file"": ""raw_crossref\\Q01_mobile_robot_environment.json"", ""raw_item_index"": 313}]"
109,10.1109/mhtc65808.2025.11086438,https://doi.org/10.1109/mhtc65808.2025.11086438,Wireless Environmental Monitoring with a Mobile Rover: A Multi-Sensor Approach,Andres Rojano Martínez; Mariana N. Ibarra Bonilla,2025,2025 IEEE Mexican Humanitarian Technology Conference (MHTC),proceedings-article,IEEE,,,144-149,,0,16,robotic_environmental_monitoring,"[""robotic_environmental_monitoring""]",False,False,False,metadata_candidate,robotic_environmental_monitoring,"[""robot"", ""env"", ""sensor"", ""outdoor""]",1,"[{""query_id"": ""Q01"", ""query_rank"": 400, ""api_score"": 16.738857, ""raw_file"": ""raw_crossref\\Q01_mobile_robot_environment.json"", ""raw_item_index"": 399}]"
110,10.3390/agriengineering4040053,https://doi.org/10.3390/agriengineering4040053,Autonomous Vineyard Tracking Using a Four-Wheel-Steering Mobile Robot and a 2D LiDAR,Dimia Iberraken; Florian Gaurier; Jean-Christophe Roux; Colin Chaballier; Roland Lenain,2022,AgriEngineering,journal-article,MDPI AG,4,4,826-846,,22,15,four_wheel_steering,"[""four_wheel_steering"", ""outdoor_navigation_fusion""]",False,False,True,metadata_candidate,four_wheel_steering;outdoor_navigation_fusion,"[""robot"", ""steer""]",1,"[{""query_id"": ""Q07"", ""query_rank"": 25, ""api_score"": 35.10904, ""raw_file"": ""raw_crossref\\Q07_four_wheel_steering.json"", ""raw_item_index"": 24}]"
111,10.3390/s24041066,https://doi.org/10.3390/s24041066,Calibration of a Low-Cost Methane Sensor Using Machine Learning,Hazel Louise Mitchell; Simon J. Cox; Hugh G. Lewis,2024,Sensors,journal-article,MDPI AG,24,4,1066,,10,15,embedded_environmental_sensing,"[""embedded_environmental_sensing""]",False,False,True,metadata_candidate,embedded_environmental_sensing,"[""env"", ""calib"", ""sensor"", ""embedded""]",1,"[{""query_id"": ""Q04"", ""query_rank"": 146, ""api_score"": 25.898046, ""raw_file"": ""raw_crossref\\Q04_low_cost_particle_calibration.json"", ""raw_item_index"": 145}]"
112,10.1115/1.4070719,https://doi.org/10.1115/1.4070719,Intelligent Flying Chemical Sensor Network for Gas-Leak Localization and Mapping,Joseph R. Bourne; Kam K. Leang,2025,ASME Letters in Translational Robotics,journal-article,ASME International,1,3,,031003,0,15,outdoor_navigation_fusion,"[""robotic_environmental_monitoring"", ""outdoor_navigation_fusion""]",False,False,True,metadata_candidate,robotic_environmental_monitoring;outdoor_navigation_fusion,"[""env"", ""sensor"", ""nav""]",1,"[{""query_id"": ""Q03"", ""query_rank"": 95, ""api_score"": 24.572174, ""raw_file"": ""raw_crossref\\Q03_robotic_gas_mapping.json"", ""raw_item_index"": 94}]"
113,10.1561/2300000073,https://doi.org/10.1561/2300000073,A Survey of Decision-Theoretic Approaches for Robotic Environmental Monitoring,Yoonchang Sung; Zhiang Chen; Jnaneshwar Das; Pratap Tokekar,2023,Foundations and Trends® in Robotics,journal-article,Emerald,11,4,225-315,,10,14,robotic_environmental_monitoring,"[""robotic_environmental_monitoring""]",True,False,True,metadata_candidate,robotic_environmental_monitoring,"[""robot"", ""env"", ""sensor"", ""review""]",1,"[{""query_id"": ""Q10"", ""query_rank"": 384, ""api_score"": 15.978862, ""raw_file"": ""raw_crossref\\Q10_environmental_robotics_datasets.json"", ""raw_item_index"": 383}]"
114,10.1016/j.atmosenv.2020.117440,https://doi.org/10.1016/j.atmosenv.2020.117440,The calibration and deployment of a low-cost methane sensor,Stuart N. Riddick; Denise L. Mauzerall; Michael Celia; Grant Allen; Joseph Pitt; Mary Kang; John C. Riddick,2020,Atmospheric Environment,journal-article,Elsevier BV,230,,117440,117440,43,14,embedded_environmental_sensing,"[""embedded_environmental_sensing""]",False,False,False,metadata_candidate,embedded_environmental_sensing,"[""env"", ""calib"", ""sensor"", ""embedded""]",1,"[{""query_id"": ""Q04"", ""query_rank"": 327, ""api_score"": 22.788202, ""raw_file"": ""raw_crossref\\Q04_low_cost_particle_calibration.json"", ""raw_item_index"": 326}]"
115,10.3390/s131014133,https://doi.org/10.3390/s131014133,Multi Sensor Fusion Framework for Indoor-Outdoor Localization of Limited Resource Mobile Robots,Leonardo Marín; Marina Vallés; Ángel Soriano; Ángel Valera; Pedro Albertos,2013,Sensors,journal-article,MDPI AG,13,10,14133-14160,,36,14,outdoor_navigation_fusion,"[""outdoor_navigation_fusion""]",False,False,True,metadata_candidate,outdoor_navigation_fusion,"[""robot"", ""sensor"", ""nav"", ""outdoor""]",1,"[{""query_id"": ""Q08"", ""query_rank"": 73, ""api_score"": 26.553478, ""raw_file"": ""raw_crossref\\Q08_outdoor_mapping_fusion.json"", ""raw_item_index"": 72}]"
116,10.1109/tro.2008.2004887,https://doi.org/10.1109/tro.2008.2004887,Gaussian Process Models for Indoor and Outdoor Sensor-Centric Robot Localization,A. Brooks; A. Makarenko; B. Upcroft,2008,IEEE Transactions on Robotics,journal-article,Institute of Electrical and Electronics Engineers (IEEE),24,6,1341-1351,,28,14,outdoor_navigation_fusion,"[""outdoor_navigation_fusion""]",False,False,False,metadata_candidate,outdoor_navigation_fusion,"[""robot"", ""sensor"", ""nav"", ""outdoor""]",1,"[{""query_id"": ""Q08"", ""query_rank"": 268, ""api_score"": 23.015314, ""raw_file"": ""raw_crossref\\Q08_outdoor_mapping_fusion.json"", ""raw_item_index"": 267}]"
117,10.3390/s16081255,https://doi.org/10.3390/s16081255,A Novel Cloud-Based Service Robotics Application to Data Center Environmental Monitoring,Ludovico Russo; Stefano Rosa; Marcello Maggiora; Basilio Bona,2016,Sensors,journal-article,MDPI AG,16,8,1255,,19,14,robotic_environmental_monitoring,"[""robotic_environmental_monitoring""]",False,False,True,metadata_candidate,robotic_environmental_monitoring,"[""robot"", ""env"", ""sensor""]",1,"[{""query_id"": ""Q10"", ""query_rank"": 164, ""api_score"": 17.185436, ""raw_file"": ""raw_crossref\\Q10_environmental_robotics_datasets.json"", ""raw_item_index"": 163}]"
118,10.3390/s24237482,https://doi.org/10.3390/s24237482,Resilient Multi-Robot Coverage Path Redistribution Using Boustrophedon Decomposition for Environmental Monitoring,Junghwan Gong; Hyunbin Kim; Seunghwan Lee,2024,Sensors,journal-article,MDPI AG,24,23,7482,,15,14,robotic_environmental_monitoring,"[""robotic_environmental_monitoring""]",False,False,True,metadata_candidate,robotic_environmental_monitoring,"[""robot"", ""env"", ""sensor""]",1,"[{""query_id"": ""Q01"", ""query_rank"": 215, ""api_score"": 17.769588, ""raw_file"": ""raw_crossref\\Q01_mobile_robot_environment.json"", ""raw_item_index"": 214}]"
119,10.1007/978-94-017-2376-3_3,https://doi.org/10.1007/978-94-017-2376-3_3,"Distributed Heterogeneous Sensing for Outdoor Multi-Robot Localization, Mapping, and Path Planning",Lynne E. Parker; Kingsley Fregene; Yi Guo; Raj Madhavan,2002,Multi-Robot Systems: From Swarms to Intelligent Automata,book-chapter,Springer Netherlands,,,21-30,,10,14,outdoor_navigation_fusion,"[""outdoor_navigation_fusion""]",False,False,False,metadata_candidate,outdoor_navigation_fusion,"[""robot"", ""sensor"", ""nav"", ""outdoor""]",1,"[{""query_id"": ""Q08"", ""query_rank"": 298, ""api_score"": 22.783073, ""raw_file"": ""raw_crossref\\Q08_outdoor_mapping_fusion.json"", ""raw_item_index"": 297}]"
120,10.1039/d2ea00100d,https://doi.org/10.1039/d2ea00100d,Laboratory and field evaluation of a low-cost methane sensor and key environmental factors for sensor calibration,Joyce J. Y. Lin; Colby Buehler; Abhirup Datta; Drew R. Gentner; Kirsten Koehler; Misti Levy Zamora,2023,Environmental Science: Atmospheres,journal-article,Royal Society of Chemistry (RSC),3,4,683-694,,9,14,embedded_environmental_sensing,"[""embedded_environmental_sensing""]",False,False,True,metadata_candidate,embedded_environmental_sensing,"[""env"", ""calib"", ""sensor"", ""embedded""]",1,"[{""query_id"": ""Q04"", ""query_rank"": 315, ""api_score"": 22.862411, ""raw_file"": ""raw_crossref\\Q04_low_cost_particle_calibration.json"", ""raw_item_index"": 314}]"
121,10.1109/icet.2018.8603597,https://doi.org/10.1109/icet.2018.8603597,Robot Localization in Indoor and Outdoor Environments by Multi-sensor Fusion,Sofia Yousuf; Muhammad Bilal Kadri,2018,2018 14th International Conference on Emerging Technologies (ICET),proceedings-article,IEEE,,,1-6,,8,14,outdoor_navigation_fusion,"[""outdoor_navigation_fusion""]",False,False,False,metadata_candidate,outdoor_navigation_fusion,"[""robot"", ""sensor"", ""nav"", ""outdoor""]",1,"[{""query_id"": ""Q08"", ""query_rank"": 35, ""api_score"": 28.930918, ""raw_file"": ""raw_crossref\\Q08_outdoor_mapping_fusion.json"", ""raw_item_index"": 34}]"
122,10.1109/iros.2010.5649693,https://doi.org/10.1109/iros.2010.5649693,Autonomous navigation of mobile robot based on DGPS/INS sensor fusion by EKF in semi-outdoor structured environment,Heesung Chae; Christiand; Sunglok Choi; Wonpil Yu; Jaeil Cho,2010,2010 IEEE/RSJ International Conference on Intelligent Robots and Systems,proceedings-article,IEEE,,,1222-1227,,8,14,outdoor_navigation_fusion,"[""outdoor_navigation_fusion""]",False,False,False,metadata_candidate,outdoor_navigation_fusion,"[""robot"", ""sensor"", ""nav"", ""outdoor""]",1,"[{""query_id"": ""Q08"", ""query_rank"": 21, ""api_score"": 30.074564, ""raw_file"": ""raw_crossref\\Q08_outdoor_mapping_fusion.json"", ""raw_item_index"": 20}]"
123,10.3389/frobt.2025.1492526,https://doi.org/10.3389/frobt.2025.1492526,Reinforcement learning-based dynamic field exploration and reconstruction using multi-robot systems for environmental monitoring,Thinh Lu; Divyam Sobti; Deepak Talwar; Wencen Wu,2025,Frontiers in Robotics and AI,journal-article,Frontiers Media SA,12,,,1492526,6,14,robotic_environmental_monitoring,"[""robotic_environmental_monitoring""]",False,False,True,metadata_candidate,robotic_environmental_monitoring,"[""robot"", ""env"", ""sensor""]",1,"[{""query_id"": ""Q01"", ""query_rank"": 157, ""api_score"": 18.317709, ""raw_file"": ""raw_crossref\\Q01_mobile_robot_environment.json"", ""raw_item_index"": 156}, {""query_id"": ""Q10"", ""query_rank"": 443, ""api_score"": 15.778685, ""raw_file"": ""raw_crossref\\Q10_environmental_robotics_datasets.json"", ""raw_item_index"": 442}]"
124,10.21236/ada607968,https://doi.org/10.21236/ada607968,Infrared Stereo Calibration for Unmanned Ground Vehicle Navigation,Josh Harguess; Shawn Strange,2014,,report,Defense Technical Information Center,,,,,6,14,outdoor_navigation_fusion,"[""outdoor_navigation_fusion""]",False,False,False,metadata_candidate,outdoor_navigation_fusion,"[""robot"", ""calib"", ""nav"", ""outdoor""]",2,"[{""query_id"": ""Q02"", ""query_rank"": 37, ""api_score"": 27.822342, ""raw_file"": ""raw_crossref\\Q02_ground_rover_air_quality.json"", ""raw_item_index"": 36}]"
125,10.3390/electronics14050867,https://doi.org/10.3390/electronics14050867,Multi-Sensor Information Fusion for Mobile Robot Indoor-Outdoor Localization: A Zonotopic Set-Membership Estimation Approach,Yanfei Zhu; Xuanyu Fang; Chuanjiang Li,2025,Electronics,journal-article,MDPI AG,14,5,867,,5,14,outdoor_navigation_fusion,"[""outdoor_navigation_fusion""]",False,False,True,metadata_candidate,outdoor_navigation_fusion,"[""robot"", ""sensor"", ""nav"", ""outdoor""]",1,"[{""query_id"": ""Q08"", ""query_rank"": 7, ""api_score"": 33.871517, ""raw_file"": ""raw_crossref\\Q08_outdoor_mapping_fusion.json"", ""raw_item_index"": 6}]"
126,10.1109/aics60730.2023.10470795,https://doi.org/10.1109/aics60730.2023.10470795,Extreme Learning Machines for Calibration and Prediction in Wireless Sensor Networks: Advancing Environmental Monitoring Efficiency,Asif Yar; Shagufta Henna; Marion McAfee; Salem S. Gharbia,2023,2023 31st Irish Conference on Artificial Intelligence and Cognitive Science (AICS),proceedings-article,IEEE,,,1-4,,3,14,embedded_environmental_sensing,"[""embedded_environmental_sensing""]",False,False,False,metadata_candidate,embedded_environmental_sensing,"[""env"", ""calib"", ""sensor"", ""embedded""]",1,"[{""query_id"": ""Q05"", ""query_rank"": 307, ""api_score"": 21.667545, ""raw_file"": ""raw_crossref\\Q05_gas_sensor_calibration.json"", ""raw_item_index"": 306}]"
127,10.3389/frobt.2018.00052,https://doi.org/10.3389/frobt.2018.00052,Simulating Fine-Scale Marine Pollution Plumes for Autonomous Robotic Environmental Monitoring,Muhammad Fahad; Yi Guo; Brian Bingham,2018,Frontiers in Robotics and AI,journal-article,Frontiers Media SA,5,,,52,2,14,robotic_environmental_monitoring,"[""robotic_environmental_monitoring""]",False,False,True,metadata_candidate,robotic_environmental_monitoring,"[""robot"", ""env"", ""sensor""]",1,"[{""query_id"": ""Q01"", ""query_rank"": 313, ""api_score"": 17.11057, ""raw_file"": ""raw_crossref\\Q01_mobile_robot_environment.json"", ""raw_item_index"": 312}, {""query_id"": ""Q10"", ""query_rank"": 192, ""api_score"": 17.013144, ""raw_file"": ""raw_crossref\\Q10_environmental_robotics_datasets.json"", ""raw_item_index"": 191}]"
128,10.1109/issc61953.2024.10603082,https://doi.org/10.1109/issc61953.2024.10603082,Accelerating Deep Learning for Self-Calibration in Large-Scale Uncontrolled Wireless Sensor Networks for Environmental Monitoring,Asif Yar; Shagufta Henna; Marion McAfee; Salem S. Gharbia,2024,2024 35th Irish Signals and Systems Conference (ISSC),proceedings-article,IEEE,,,01-06,,1,14,embedded_environmental_sensing,"[""embedded_environmental_sensing""]",False,False,False,metadata_candidate,embedded_environmental_sensing,"[""env"", ""calib"", ""sensor"", ""embedded""]",1,"[{""query_id"": ""Q05"", ""query_rank"": 248, ""api_score"": 22.214056, ""raw_file"": ""raw_crossref\\Q05_gas_sensor_calibration.json"", ""raw_item_index"": 247}]"
129,10.1016/j.array.2026.100813,https://doi.org/10.1016/j.array.2026.100813,Accelerating graph-based deep learning for self-calibration in large-scale uncontrolled wireless sensor networks for environmental monitoring,Asif Yar; Shagufta Henna; Marion McAfee,2026,Array,journal-article,Elsevier BV,30,,100813,100813,0,14,embedded_environmental_sensing,"[""embedded_environmental_sensing""]",False,False,False,metadata_candidate,embedded_environmental_sensing,"[""env"", ""calib"", ""sensor"", ""embedded""]",1,"[{""query_id"": ""Q05"", ""query_rank"": 133, ""api_score"": 23.293598, ""raw_file"": ""raw_crossref\\Q05_gas_sensor_calibration.json"", ""raw_item_index"": 132}]"
130,10.30564/jees.v8i4.13213,https://doi.org/10.30564/jees.v8i4.13213,Autonomous Multi-Robot Systems for Real-Time Environmental Monitoring and Disaster Response,Xiaolan Li; Xinrong Ma; Yanwei Xu,2026,Journal of Environmental & Earth Sciences,journal-article,Bilingual Publishing Group,,,184-202,,0,14,robotic_environmental_monitoring,"[""robotic_environmental_monitoring""]",False,False,True,metadata_candidate,robotic_environmental_monitoring,"[""robot"", ""env"", ""sensor""]",1,"[{""query_id"": ""Q01"", ""query_rank"": 239, ""api_score"": 17.510736, ""raw_file"": ""raw_crossref\\Q01_mobile_robot_environment.json"", ""raw_item_index"": 238}]"
131,10.3390/app16157524,https://doi.org/10.3390/app16157524,Environmental Monitoring for Smart Logistics: A Hybrid Mobile–Fixed Sensor Fusion Framework,Elvezia Maria Cepolina; Pardis Ahmadi; Luca Tavanti; Lucanos Strambini,2026,Applied Sciences,journal-article,MDPI AG,16,15,7524,,0,14,embedded_environmental_sensing,"[""embedded_environmental_sensing""]",False,False,True,metadata_candidate,embedded_environmental_sensing,"[""env"", ""sensor"", ""nav""]",1,"[{""query_id"": ""Q08"", ""query_rank"": 362, ""api_score"": 22.29893, ""raw_file"": ""raw_crossref\\Q08_outdoor_mapping_fusion.json"", ""raw_item_index"": 361}]"
132,10.3390/s26061761,https://doi.org/10.3390/s26061761,Reinforcement Learning-Based Control of a 4-Wheel Independent Steering Mobile Robot for Robust Path Tracking in Outdoor Environments,Hyoseok Lee; Hyun-Min Joe,2026,Sensors,journal-article,MDPI AG,26,6,1761,,0,14,four_wheel_steering,"[""four_wheel_steering""]",False,False,True,metadata_candidate,four_wheel_steering,"[""robot"", ""steer"", ""outdoor""]",1,"[{""query_id"": ""Q07"", ""query_rank"": 18, ""api_score"": 36.343872, ""raw_file"": ""raw_crossref\\Q07_four_wheel_steering.json"", ""raw_item_index"": 17}]"
133,10.63056/ijair.1.1.2025.88,https://doi.org/10.63056/ijair.1.1.2025.88,Sustainable Robotics: Leveraging AI for Energy Efficiency and Environmental Monitoring,Zainab Nisar,2025,International Journal of Advanced and Innovative Research (IJAIR),journal-article,Academia (Private) Limited,1,1,27-32,,0,14,robotic_environmental_monitoring,"[""robotic_environmental_monitoring""]",False,False,True,metadata_candidate,robotic_environmental_monitoring,"[""robot"", ""env"", ""sensor""]",1,"[{""query_id"": ""Q10"", ""query_rank"": 242, ""api_score"": 16.770075, ""raw_file"": ""raw_crossref\\Q10_environmental_robotics_datasets.json"", ""raw_item_index"": 241}]"
134,10.1109/idaacs-sws.2012.6377642,https://doi.org/10.1109/idaacs-sws.2012.6377642,A mobile wireless sensor network simulation framework for outdoor environmental monitoring applications,Mircea Ionel Strutu; Dan Popescu,2012,2012 IEEE 1st International Symposium on Wireless Systems (IDAACS-SWS),proceedings-article,IEEE,,,96-101,,0,14,embedded_environmental_sensing,"[""embedded_environmental_sensing""]",False,False,False,metadata_candidate,embedded_environmental_sensing,"[""env"", ""sensor"", ""outdoor"", ""embedded""]",1,"[{""query_id"": ""Q08"", ""query_rank"": 116, ""api_score"": 25.351336, ""raw_file"": ""raw_crossref\\Q08_outdoor_mapping_fusion.json"", ""raw_item_index"": 115}]"
135,10.1016/j.compag.2022.107410,https://doi.org/10.1016/j.compag.2022.107410,Navigation and control development for a four-wheel-steered mobile orchard robot using model-based design,Satyam Raikwar; Jens Fehrmann; Thomas Herlitzius,2022,Computers and Electronics in Agriculture,journal-article,Elsevier BV,202,,107410,107410,79,13,four_wheel_steering,"[""four_wheel_steering""]",False,False,False,metadata_candidate,four_wheel_steering,"[""robot"", ""steer"", ""nav""]",1,"[{""query_id"": ""Q07"", ""query_rank"": 308, ""api_score"": 25.440487, ""raw_file"": ""raw_crossref\\Q07_four_wheel_steering.json"", ""raw_item_index"": 307}]"
136,10.1088/1361-6501/ac17fb,https://doi.org/10.1088/1361-6501/ac17fb,GNSS/INS/ODO/wheel angle integrated navigation algorithm for an all-wheel steering robot,Zaixing Zhang; Xiaoji Niu; Hailiang Tang; Qijin Chen; Tisheng Zhang,2021,Measurement Science and Technology,journal-article,IOP Publishing,32,11,115122,,27,13,four_wheel_steering,"[""four_wheel_steering""]",False,False,True,metadata_candidate,four_wheel_steering,"[""robot"", ""steer"", ""nav""]",1,"[{""query_id"": ""Q07"", ""query_rank"": 385, ""api_score"": 24.632, ""raw_file"": ""raw_crossref\\Q07_four_wheel_steering.json"", ""raw_item_index"": 384}]"
137,10.3182/20130410-3-cn-2034.00092,https://doi.org/10.3182/20130410-3-cn-2034.00092,Mechatronic Design of a Four Wheel Steering Mobile Robot with Fault-Tolerant Odometry Feedback,Reza Oftadeh; Mohammad M. Aref; Reza Ghabcheloo; Jouni Mattila,2013,IFAC Proceedings Volumes,journal-article,Elsevier BV,46,5,663-669,,13,13,four_wheel_steering,"[""four_wheel_steering""]",False,False,False,metadata_candidate,four_wheel_steering,"[""robot"", ""steer"", ""nav""]",1,"[{""query_id"": ""Q07"", ""query_rank"": 33, ""api_score"": 33.937645, ""raw_file"": ""raw_crossref\\Q07_four_wheel_steering.json"", ""raw_item_index"": 32}]"
138,10.22616/erdev2018.17.n503,https://doi.org/10.22616/erdev2018.17.n503,Soil sampling automation case-study using unmanned ground vehicle,Eero Vaeljaots; Henri Lehiste; Meelik Kiik; Tonu Leemet,2018,Engineering for Rural Development,proceedings-article,Latvia University of Agriculture,,,,,7,13,robotic_sampling,"[""robotic_sampling""]",False,False,False,metadata_candidate,robotic_sampling,"[""robot"", ""outdoor"", ""sampling""]",1,"[{""query_id"": ""Q02"", ""query_rank"": 336, ""api_score"": 23.255608, ""raw_file"": ""raw_crossref\\Q02_ground_rover_air_quality.json"", ""raw_item_index"": 335}]"
139,10.2316/j.2021.206-0368,https://doi.org/10.2316/j.2021.206-0368,NAVIGATION MODEL FOR FOUR-WHEEL MOBILE ROBOT: A BOND GRAPH AND ROBOT OPERATING SYSTEM APPROACH,Rajmeet Singh∗; Tarun K. Bera∗,2021,International Journal of Robotics and Automation,journal-article,ACTA Press,36,5,,,5,13,four_wheel_steering,"[""four_wheel_steering""]",False,False,False,metadata_candidate,four_wheel_steering,"[""robot"", ""steer"", ""nav""]",1,"[{""query_id"": ""Q07"", ""query_rank"": 109, ""api_score"": 29.763535, ""raw_file"": ""raw_crossref\\Q07_four_wheel_steering.json"", ""raw_item_index"": 108}]"
140,10.1016/j.ifacol.2025.10.252,https://doi.org/10.1016/j.ifacol.2025.10.252,Integrated-Kinematic Modeling and Autonomous Navigation Performance Analysis of Four-Wheel Independent Steering Mobile Robot,Seungmin Kim; Youngeun Song,2025,IFAC-PapersOnLine,journal-article,Elsevier BV,59,18,391-396,,2,13,four_wheel_steering,"[""four_wheel_steering""]",False,False,False,metadata_candidate,four_wheel_steering,"[""robot"", ""steer"", ""nav""]",1,"[{""query_id"": ""Q07"", ""query_rank"": 2, ""api_score"": 43.23964, ""raw_file"": ""raw_crossref\\Q07_four_wheel_steering.json"", ""raw_item_index"": 1}]"
141,10.1109/rap.2026.3676941,https://doi.org/10.1109/rap.2026.3676941,Design and Integration of a Compact Mobile Outdoor Soil Sampling Agricultural Robot,Christopher Masuo; Peter Wang; Andrzej Nycz; Udaya C Kalluri,2026,IEEE Robotics and Automation Practice,journal-article,Institute of Electrical and Electronics Engineers (IEEE),1,,71-75,,0,13,robotic_sampling,"[""robotic_sampling""]",False,False,False,metadata_candidate,robotic_sampling,"[""robot"", ""outdoor"", ""sampling""]",1,"[{""query_id"": ""Q08"", ""query_rank"": 352, ""api_score"": 22.351772, ""raw_file"": ""raw_crossref\\Q08_outdoor_mapping_fusion.json"", ""raw_item_index"": 351}, {""query_id"": ""Q09"", ""query_rank"": 243, ""api_score"": 21.104288, ""raw_file"": ""raw_crossref\\Q09_robotic_sampling.json"", ""raw_item_index"": 242}]"
142,10.1109/ccdc65474.2025.11090895,https://doi.org/10.1109/ccdc65474.2025.11090895,A Path Planning Method for the Four-Wheel Steering Mobile Robot,Ming Huang; Yu Wen; Ze Liu; Ting Lan,2025,2025 37th Chinese Control and Decision Conference (CCDC),proceedings-article,IEEE,,,5293-5298,,0,13,four_wheel_steering,"[""four_wheel_steering""]",False,False,False,metadata_candidate,four_wheel_steering,"[""robot"", ""steer"", ""nav""]",1,"[{""query_id"": ""Q07"", ""query_rank"": 15, ""api_score"": 36.93957, ""raw_file"": ""raw_crossref\\Q07_four_wheel_steering.json"", ""raw_item_index"": 14}]"
143,10.1109/icras65818.2025.11108938,https://doi.org/10.1109/icras65818.2025.11108938,Visual Servoing Control Algorithms for a Crop Row Navigation of a Four-Wheel Steering Robot,Carlos Avila; Celso De-La-Cruz; Joaquin Gonzalez; Erik Vilcarromero; Miguel Cataño,2025,2025 9th International Conference on Robotics and Automation Sciences (ICRAS),proceedings-article,IEEE,,,1-6,,0,13,four_wheel_steering,"[""four_wheel_steering""]",False,False,False,metadata_candidate,four_wheel_steering,"[""robot"", ""steer"", ""nav""]",1,"[{""query_id"": ""Q07"", ""query_rank"": 208, ""api_score"": 27.258465, ""raw_file"": ""raw_crossref\\Q07_four_wheel_steering.json"", ""raw_item_index"": 207}]"
144,10.29327/9786527215080.1295033,https://doi.org/10.29327/9786527215080.1295033,Steering Controller and Odometry for Four-Wheel-Steering Robots,Walter Fetter Lages,2025,Proceedings of the VI Brazilian Humanoid Robot Workshop (BRAHUR) and the VII Brazilian Workshop on Service Robotics (BRASERO),proceedings-article,Even3,,,,,0,13,four_wheel_steering,"[""four_wheel_steering""]",False,False,False,metadata_candidate,four_wheel_steering,"[""robot"", ""steer"", ""nav""]",1,"[{""query_id"": ""Q07"", ""query_rank"": 38, ""api_score"": 33.5933, ""raw_file"": ""raw_crossref\\Q07_four_wheel_steering.json"", ""raw_item_index"": 37}]"
145,10.1088/1361-6439/ac5b98,https://doi.org/10.1088/1361-6439/ac5b98,A review of MEMS-based metal oxide semiconductors gas sensor in Mainland China,Gaoqiang Niu; Fei Wang,2022,Journal of Micromechanics and Microengineering,journal-article,IOP Publishing,32,5,054003,,55,12,embedded_environmental_sensing,"[""embedded_environmental_sensing""]",True,False,True,metadata_candidate,embedded_environmental_sensing,"[""env"", ""gas"", ""sensor"", ""review""]",1,"[{""query_id"": ""Q05"", ""query_rank"": 263, ""api_score"": 22.030556, ""raw_file"": ""raw_crossref\\Q05_gas_sensor_calibration.json"", ""raw_item_index"": 262}]"
146,10.3390/su18136867,https://doi.org/10.3390/su18136867,From Benchmark Accuracy to Field Performance: Hybrid Deep Learning-Based Plant Disease Classification with IoT-Enabled Environmental Monitoring,Jalampelli Thirupathi; Nandagopal Malarvizhi; Potula Sree Brahmanandam,2026,Sustainability,journal-article,MDPI AG,18,13,6867,,0,12,embedded_environmental_sensing,"[""embedded_environmental_sensing""]",False,True,True,metadata_candidate,embedded_environmental_sensing,"[""env"", ""sensor"", ""embedded"", ""dataset""]",1,"[{""query_id"": ""Q10"", ""query_rank"": 90, ""api_score"": 18.24784, ""raw_file"": ""raw_crossref\\Q10_environmental_robotics_datasets.json"", ""raw_item_index"": 89}]"
147,10.3390/chemosensors5020017,https://doi.org/10.3390/chemosensors5020017,Two-Dimensional Zinc Oxide Nanostructures for Gas Sensor Applications,Salvatore Leonardi,2017,Chemosensors,journal-article,MDPI AG,5,2,17,,176,12,embedded_environmental_sensing,"[""embedded_environmental_sensing""]",False,False,True,metadata_candidate,embedded_environmental_sensing,"[""env"", ""gas"", ""sensor""]",1,"[{""query_id"": ""Q05"", ""query_rank"": 462, ""api_score"": 20.608402, ""raw_file"": ""raw_crossref\\Q05_gas_sensor_calibration.json"", ""raw_item_index"": 461}]"
148,10.3390/s150101252,https://doi.org/10.3390/s150101252,A Customized Metal Oxide Semiconductor-Based Gas Sensor Array for Onion Quality Evaluation: System Development and Characterization,Tharun Konduru; Glen Rains; Changying Li,2015,Sensors,journal-article,MDPI AG,15,1,1252-1273,,63,12,embedded_environmental_sensing,"[""embedded_environmental_sensing""]",False,False,True,metadata_candidate,embedded_environmental_sensing,"[""env"", ""gas"", ""sensor""]",1,"[{""query_id"": ""Q05"", ""query_rank"": 202, ""api_score"": 22.60942, ""raw_file"": ""raw_crossref\\Q05_gas_sensor_calibration.json"", ""raw_item_index"": 201}]"
149,10.36227/techrxiv.17050970,https://doi.org/10.36227/techrxiv.17050970,A Mobile Semi-Autonomous Robot For Soil Sampling,Vistasp Edulji; Sumedh Soman; Atharva Pradhan; Jay Shah,2021,,posted-content,Institute of Electrical and Electronics Engineers (IEEE),,,,,1,12,robotic_sampling,"[""robotic_sampling""]",False,False,True,metadata_candidate,robotic_sampling,"[""robot"", ""sampling""]",2,"[{""query_id"": ""Q09"", ""query_rank"": 38, ""api_score"": 24.17142, ""raw_file"": ""raw_crossref\\Q09_robotic_sampling.json"", ""raw_item_index"": 37}]"
150,10.1108/ir-11-2016-0305,https://doi.org/10.1108/ir-11-2016-0305,Research on a mobile manipulator for biochemical sampling tasks,Weidong Wang; Wenrui Gao; DongMei Wu; Zhijiang Du,2017,Industrial Robot: An International Journal,journal-article,Emerald,44,4,467-478,,7,11,robotic_sampling,"[""robotic_sampling""]",False,False,True,metadata_candidate,robotic_sampling,"[""robot"", ""sampling""]",1,"[{""query_id"": ""Q09"", ""query_rank"": 2, ""api_score"": 28.926157, ""raw_file"": ""raw_crossref\\Q09_robotic_sampling.json"", ""raw_item_index"": 1}]"
