MAE,RMSE,R2,Bias
0.35438275186564683,0.5142680494932272,0.832909948537418,-0.010476301950007818
0.3740535339598318,0.5450650435418996,0.8171678770415416,-0.04819175033865914
0.3944392472107072,0.5535148995131375,0.8410828014856119,0.07857681827112303
0.42240355278789066,0.5982066973146524,0.7771862607397898,-0.0406636775590269
0.3614166434987545,0.5282530331354937,0.8338794154077811,-0.006854187007767999
0.40379617320349337,0.5771881580746029,0.7853609872353128,-0.01524603948413643
0.3553450374741526,0.5262138812166383,0.8153242259082142,-0.019600350093518702
0.4106504234260417,0.5949270622102297,0.7921633162466033,-0.0059270194995865895
0.43615904031464486,0.6074881391314761,0.7997830808311184,0.07880231788767963
0.4003651447683349,0.5743775610826036,0.8044008455297923,-0.020186246805298628
0.37294176404739376,0.5282236219537287,0.8254279822977015,-0.012819393666859198
0.3746424446507004,0.5342232785721512,0.8409115063232996,-0.043543103353202946
0.4184453839292626,0.5945588829876893,0.8096364959417799,0.033563025307802835
0.43193163956324454,0.6039087220057906,0.7904137931556914,0.03706625606843809
0.47099640181774605,0.6620071455582365,0.7346397895983265,0.0598122906410118
0.3583693496368092,0.5279119641774616,0.8238897407491992,-0.034823597117258215
0.3838920365447344,0.5564296542064004,0.8092591986049247,0.029403672975903912
0.36957073453808587,0.5393551207332146,0.7981189599942478,-0.027096429495563113
0.3826545809595102,0.551211273198542,0.821132736200984,0.05666078147980547
0.4635407972344765,0.6406694907967269,0.7788370754815446,0.0690116855535693
0.40997447083755795,0.5889498034404685,0.7761191181696383,0.0333708210613075
0.35919953778377006,0.520165958372464,0.8407097691119769,-0.016225950058747027
0.3679755382013007,0.5438160634827836,0.7832297005948626,-0.05060664761994755
0.4232801059665784,0.5935063276404288,0.7824281723328075,0.1299868849822501
0.3596408785255415,0.5319991451680449,0.8068165452228427,-0.026791759306302027
0.38624615312788035,0.5483949831059522,0.8389829314804573,0.10237182213624796
0.4095645959305981,0.5702309973296801,0.8299748008907107,0.09789817719952014
0.3685130584567397,0.5434553886399073,0.8188950730368827,0.0009502837466496388
0.3753132884706349,0.5304656881269937,0.8236861343800164,-0.021212025016544216
0.4017326281098799,0.5840130566188252,0.8151636919482306,-0.08135492910428285
0.3820436400754341,0.5346660851084521,0.8490892636961919,0.01818804136730519
0.39727873109595646,0.574211244303419,0.7831193649735804,-0.03290463206059059
0.4048894667524391,0.5807390109486212,0.8034209392250624,0.007923062823253448
0.384530548475562,0.5545292536042379,0.820336983090671,0.0412927810040293
0.42137616089286434,0.607900747477661,0.7782393305242998,0.007532923138169465
0.40608344829913096,0.578183001328106,0.8003398026493987,0.029214453756599663
0.40104550371685094,0.5742269078741489,0.8146536110786364,-0.009295723938881723
0.3673574518672342,0.5303827099266905,0.824381956761846,0.09264208071213176
0.33983264279106434,0.4974839944007196,0.8202161157099047,-0.10409203470583346
0.373915740436107,0.5396771436461328,0.8267440953629462,0.07738268966654388
0.3766789688316763,0.5434731807345073,0.8313976116646723,-0.08295535029223987
0.4470785791090593,0.6351738853329338,0.784627570923307,-0.1046763215924284
0.3865392948821419,0.5703229543885061,0.7835475710906377,-0.03085884016330539
0.3721767465477896,0.5377796143579175,0.8363828231069586,-0.038952535193374556
0.4494276678278886,0.6234212398858722,0.781269516716623,0.0390971269255542
0.41764573363873425,0.5920370096595321,0.7736610267321518,0.02906306560772281
0.3855108350867937,0.5556826008454803,0.8021910021759788,-0.02368921331141179
0.45439133510105406,0.6513655598712669,0.7449894364247762,0.12908895411900825
0.3643202230015489,0.5237559510510745,0.835632426199836,-0.03316581351204831
0.36122265774194845,0.5231052694219708,0.7992820499038656,0.028178228511772877
0.39715863051375694,0.5634900121155711,0.8146670165705396,-0.0796310719599137
0.3980671599913799,0.5787660738898919,0.8183689278395194,0.00816191109675343
0.40479816008962727,0.5793002587250596,0.7936993500115321,-0.013281690878017014
0.3710358673447254,0.5296998253783181,0.8436766849989821,0.026425217868844168
0.4026251653504976,0.5780657869028653,0.7968991870339989,0.06720700192498441
0.38640494971788597,0.5732282457520114,0.7869691463921915,-0.005986147714476607
0.3667579755039863,0.5440645820411386,0.8188793162458123,-0.005823864045143524
0.4275297698972532,0.5953959229801365,0.8113809390123127,0.0385783608457829
0.424417216853085,0.6235374385887776,0.7439509298569997,0.04123563094949308
0.4149016665236693,0.5933053652049054,0.7855269397636553,-0.006202053416785469
0.3999266006595997,0.5753317573374711,0.7896354849696932,-0.004777432611367315
0.41123939594968667,0.5885908826538649,0.8075445842544311,0.003811809439383725
0.38056904241058537,0.5446407815762732,0.8337194284076159,0.017571881839102646
0.3838337399932779,0.5525109701921316,0.8156573184535046,-0.03123100928797219
0.38295596793923997,0.5428793139252733,0.846983975437273,0.05490628901002406
0.362122449612772,0.5370361407583297,0.8296638431216808,0.02469758876363585
0.38115700905177285,0.549627379504621,0.8057182434262934,-0.05675814002352872
0.41529308854804925,0.5916419956500584,0.8163046313392965,0.08540707469558395
0.37457108586498367,0.5433435405410603,0.8375521036491501,0.017903930475150123
0.42299175093232727,0.6055995204982271,0.7690283742305366,-0.021197335948944962
0.3986083465907673,0.5700493175432431,0.805312427539288,0.03379423046194847
0.36873974758720474,0.539139207789241,0.8113458800250012,-0.058072716266118284
0.40244787941750704,0.5713172551932586,0.8035505658494305,0.006731059859943261
0.3732294102078246,0.5421034414367398,0.8075760789771036,-0.012838230186900154
0.40412448060568146,0.5841669723082922,0.7954657666137308,-0.0461487499857366
0.38577066450983494,0.5686651010440561,0.7911761073830634,-0.01363751090964789
0.4691471469539059,0.6610526753287461,0.7248383407141619,-0.0268175493292341
0.3916426352452547,0.563186540574399,0.8265136056628059,0.06106456970797412
0.4075929861080786,0.5846894293849217,0.7951675808826009,-0.033621327482567534
0.3947950223096248,0.5663038440984801,0.7989796385994528,-0.028121789351049534
0.34200461494557766,0.49356751206453914,0.8507837755862482,-0.054369322238362154
0.3394604482773668,0.5013339518760461,0.842446365643058,-0.01875164497053196
0.4215920226061986,0.5960498046227991,0.8167990947486048,0.05036721777137508
0.37579982779844023,0.5493909042157739,0.7974099563658636,-0.030507323035477613
0.4135211135479556,0.5844000993880458,0.8121769472094533,-0.0011570768666566383
0.4795642626430292,0.6696486639463458,0.7452254241618819,0.03425361488999012
0.446012118695964,0.6276826936288733,0.7760834288641075,0.08237420610893614
0.3545898957080735,0.5129812880398625,0.83422693185465,-0.030190880926520596
0.4041236437845491,0.5838461251458904,0.8080839106905024,-3.916998012927721e-05
0.4044872119259101,0.5637584000217636,0.8323590371113426,-0.0360778599515661
0.38633054040638576,0.5653295836081577,0.8081441412596614,-0.09685135234973102
0.38030437234144365,0.5461663616675172,0.817846232729813,0.09683164367008205
0.4080248026826936,0.5932450655343885,0.7729782542560452,-0.18552796938683735
0.4033191236273918,0.5832903477107446,0.7973245929061424,0.043640776472362995
0.35218553658733587,0.5026638718476538,0.8586053842811369,0.003406425974851908
0.3992877258880283,0.5716617128833203,0.7707307696178858,0.010242295362607963
0.39091302899052066,0.5650926455043848,0.7880161028455741,0.026932378352218074
0.42957193270079475,0.6097335828636986,0.7871633952531397,0.004502299619888437
0.4222829707309103,0.5921058851629917,0.794976689791587,0.05346449290979205
0.40807307966605666,0.5863109019067878,0.7644305203825146,-0.11343277034196848
0.4063727307708741,0.5893524089865431,0.8049949530119733,-0.020000367761850175
0.40081473512854626,0.5854042780206754,0.7979569819151808,0.02417232668532459
0.4049775077596952,0.577816797565844,0.7853086490000669,0.08762555891299693
0.4097256486853593,0.5848213628488163,0.8023444309291644,0.0035571059065329837
0.3943304140254529,0.5882249287039794,0.7363612478255357,0.07991806372771511
0.36818543617999766,0.5219639788823038,0.8399991520277101,-0.07019562949685894
0.36796770123770206,0.5457875363945855,0.7621383657933404,-0.06735086858227417
0.40884932922547507,0.5946353109965742,0.7913237871478618,0.0416143215854468
0.3756301271811861,0.5473623321600982,0.8178801758467146,-0.02772571308000375
0.3666323192163243,0.5281012692901504,0.8347669511390273,-0.016713855478388703
0.3935364067686471,0.5649058774517424,0.8019462785395977,-0.0667993122369094
0.38957610592703784,0.5524157010846799,0.8107042036421763,-0.018241115892692
0.3938987240455664,0.5720804940488642,0.8061004908932811,0.04782234470145108
0.39960311950198185,0.5671844333750359,0.7956084707833351,-0.018953065247878074
0.37602594940907114,0.5428390882490565,0.8143159535938589,-0.029053132399736014
0.4221731075540811,0.6080644152401812,0.7588436068459802,-0.010745932687773019
0.4057081339793055,0.5751625815165431,0.8186256069533793,0.03045270859737712
0.4458617770311343,0.6427038369147644,0.7789894329414314,0.017568664529061133
0.4372249115414383,0.61969417937448,0.7777438505435625,0.01873460985500169
0.39075857104165834,0.5649875378136795,0.8102599806586633,0.01811676666568338
0.4093868357558619,0.5878991383062715,0.7917376866148031,-0.0857840762383077
0.3546993410328805,0.5305063203866257,0.8075977565503043,0.012478393397932084
0.372308731461642,0.5389103909288396,0.8198207905914271,-0.08120278751616847
0.33170166986992117,0.49986336524136926,0.8166426814983161,-0.02737091526432157
0.35859873773597817,0.5406527840027596,0.8051533385716909,-0.041595010393618216
0.4075432462974578,0.5816447276949438,0.8230801796195691,-0.009957090414958424
0.3979102994444983,0.5719222565989323,0.8045107690867371,0.04153370586866044
0.41829200213460893,0.600883649404252,0.7897197407759233,0.07508711757504578
0.4275178299831003,0.6083146269897766,0.7863682123048378,-0.002515256629834409
0.39516208354027416,0.5545714128795706,0.8392768560027339,0.08071123253615485
0.3291062418133809,0.47438224043357413,0.8254927893295044,-0.08841683919666443
0.3379979011239159,0.4922635143092282,0.844336586766778,-0.01899635179846112
0.34929221009600536,0.4965452086118948,0.8500616419321523,-0.00584054747916415
0.3857786218124972,0.5506347273837611,0.8104106032108898,-0.0480474718445311
0.37816503789063866,0.5613250483617571,0.7931484241373374,-0.08088600426724216
0.390506950523095,0.5651078346877283,0.7872591720927111,-0.07150274726923818
0.4016154938538124,0.5779496111557556,0.8096444173277367,-0.030012351490823073
0.4303799943032514,0.6115768506344079,0.8116568792665655,0.08338279840570359
0.3758646453195893,0.5512873935920685,0.8185964859207734,-0.031198481992722227
0.36791986132429083,0.543855702764929,0.8274032451619993,-0.03491252972035501
0.35365194480692325,0.5236745478698733,0.8331662059172216,0.03944269273005913
0.39344681519474345,0.5713208520199092,0.8005105640114073,-0.07685793366163009
0.37730466703149834,0.5414565421720655,0.8327582769943195,0.03550383254836261
0.3638997073421593,0.5302475324389632,0.8283954863386438,-0.003141586523086824
0.36407333039191414,0.5275858726430613,0.8250366253632363,0.031365594641562
0.3772618235892265,0.5522533833335268,0.8047492160469746,0.000891203604810452
0.39433552115458836,0.5688157304684568,0.7908562191781314,0.030512842775758397
0.3696596080027289,0.5471204290000664,0.8178021280260134,-0.07054347557735638
0.3742765857851533,0.5430396704394382,0.8154066227442408,-0.003479658956898876
0.39330272182469606,0.5774461114065784,0.7900325365972567,0.010511876779150827
0.3746474650643095,0.5382976419843538,0.8234549214827789,0.04897440743604522
0.3864527129241151,0.5603164657717341,0.7974578792589853,-0.0035459020121040336
0.36263528015667146,0.5315322057883319,0.8356763301425785,-0.03732240958816224
0.35110812490298604,0.5251428694608502,0.8190269175682648,0.00501679314511168
0.3765990003419347,0.5426925216374079,0.8072449175862937,0.016509855581022855
0.39432507829712804,0.5782821820362664,0.7595772857518104,-0.04198469815264692
0.3774585214780786,0.5476394343399016,0.78953347578076,-0.0015925004092857407
0.3378060712894023,0.4919732652026722,0.8563270984125576,0.0338938571734516
0.3999523154594527,0.5654838291762555,0.8273298854606528,0.015043924239764103
0.37689820723121803,0.5416459779981845,0.8395448763935717,-0.006230006448870473
0.4152616869995692,0.5875727766269215,0.7900215064412828,-0.05859694959822953
0.4165016296593119,0.594493033881797,0.8076922518670209,0.05962802751152173
0.3793964893492299,0.5513239322014704,0.792937254325758,-0.00909445822818149
0.3843421363085332,0.5491581663188595,0.830726069955023,-0.06214820725852786
0.3946222405839122,0.5809385878692427,0.7932819514760938,-0.026001068193276435
0.4302527363884138,0.6236425890737229,0.7379729638492429,0.028541242263967755
0.3739639379145472,0.5337262092594114,0.8508737051110692,0.04335655472479052
0.40988591307599337,0.5798919732081876,0.8024754029131106,0.05248608800319091
0.3871178635471744,0.5573175248536425,0.8296104610984156,-0.02892328672098985
0.35776866232883875,0.5265018666655529,0.8392875503308392,0.060395911485924825
0.4033027015460061,0.5901937409740079,0.7794860957748311,0.11618695667667699
0.45756831174361,0.6390614102390012,0.7493768345578511,0.004581387142099831
0.365650458879659,0.5261656962082008,0.8394454229254638,0.07391042054979
0.4040505734540296,0.5872887285195976,0.7923370710384237,-0.07929970094846532
0.4165861629751972,0.5921939052946393,0.7825340782135897,0.11632010709430077
0.38958417328474215,0.5514046366117991,0.8164246413613303,0.018085214856474494
0.3851203620557162,0.5558068211530703,0.8045155077282782,-0.06915421391948123
0.3514728139691935,0.5141387841657927,0.8354738250652227,0.04678182846438608
0.4120302319148903,0.5984785340450839,0.7617402617158233,0.0874603258459429
0.4296235020156722,0.6158861563968921,0.7760954131854301,0.07327931748287168
0.34748354926820324,0.5157159270400687,0.8429555316880808,-0.10708122842197657
0.3920152818461572,0.5636601475343228,0.8009050807173153,0.0432241678793088
0.4290058060398075,0.6051402792310735,0.7987270723803243,0.04290735902024929
0.4299880632958832,0.6119888279725362,0.788208673745944,-0.03879272572258219
0.3634769195963007,0.5263571755963509,0.8337342977365512,0.002392899300080067
0.3676132806824976,0.545894099344826,0.7984709043707938,-0.11262658562197467
0.4136941208476044,0.5969552628872102,0.7766926490530899,-0.03516847451018084
0.40867889606751245,0.5926633078856731,0.7841554399016119,-0.01920375297846513
0.3684667687297339,0.5313383854266077,0.8057685090608451,-0.043864117450580414
0.41788513249538123,0.5943619458605953,0.8185259881553306,0.07138591432262513
0.36550537044312026,0.5323586241227302,0.8090501725719766,-0.03442828645624648
0.3439574770493631,0.49748549611869874,0.8520726752959552,-0.07187056240380602
0.3939276546337978,0.5670040825741879,0.8213116661016807,0.03674737517319664
0.3955274490113976,0.5730952654769029,0.8006858688480454,0.03312736942711474
0.3912779185219016,0.5678802361262818,0.8198681951631924,0.020483700681117448
0.4015948254318435,0.5862153736308421,0.7936929318580774,0.07515717140168877
0.3402595283008708,0.5018477239206381,0.8400967762364553,-0.0573100495056017
0.41280017560511023,0.5873209164769586,0.8013183101598347,-0.0520977449903878
0.35568682458353057,0.5217400932055353,0.8211838254700105,0.03329327615180857
0.36646380113130783,0.5369947751459035,0.8111237538262398,-0.04447764511008075
0.406429178171156,0.5913747949093353,0.7718338306935981,0.0698420900312039
0.37323879773572866,0.5412513155632754,0.8222419131195673,-0.030399346026181048
0.43783286666208393,0.6204624099502288,0.7648614265337115,0.012657762056652613
0.4572505120028679,0.634754800778679,0.7876618506657282,0.11787087870896866
0.3912388211923368,0.5743743101409959,0.7845610178262745,0.029718684203728616
0.39069422895816375,0.5609336566968469,0.8200811722437358,0.03036339707366114
0.43889191794503774,0.6172540622357852,0.7885524640619799,-0.05288604281238218
0.3400663729612352,0.4899995405918142,0.8576088648458917,0.0032279431371752686
0.4117829463601995,0.5982851839765928,0.8042123593684676,-0.0056590560479990275
0.38926792015106976,0.5624419254860356,0.8280271885487042,0.02234570095563771
0.36260560215265925,0.5235758864375049,0.8293275657254374,-0.05433888040543847
0.3870684717904555,0.5503405878472218,0.8234038590184241,-0.0064866196161307435
0.434052419870498,0.614725848444605,0.7730094934592213,0.10050888137788748
0.43745215134501897,0.6187719786759627,0.7816479441926923,-0.024143046973931888
0.3821611640282468,0.5537505323739667,0.7973162305666334,-0.06926069852514455
0.39575548944003064,0.5665058291479493,0.8125807990731174,0.053556658784128235
0.3522430249313686,0.5141042056398418,0.8429845913968247,-0.07320080920618177
0.4055036800171388,0.5978460072029438,0.7640666647953097,0.018589378235644372
0.41343923938528804,0.5878479071825604,0.7905113728640228,0.04459607515277099
0.3987583004619608,0.5752328506324397,0.8166861590625749,0.033578837488224045
0.4154363205250519,0.6037605019545504,0.7469464190204036,-0.03253441274319039
0.383815273345132,0.5496494029923781,0.8410495562755691,0.0432754760645709
0.3858657311629508,0.5568939132461145,0.7791801063317396,0.0006731730516369661
0.35960232807115167,0.5213828825754709,0.8326920225816272,0.02611983564304985
0.45042933295495496,0.6268023982029981,0.7940199846193463,0.1521971788941626
0.4008417118325852,0.5808376945830085,0.7811540727371586,-0.03227373746069641
0.39591448066080637,0.5740815735462518,0.8073195709229465,-0.06751412029418792
0.3996698258350174,0.5790356396920744,0.7830703185663475,-0.08572571709529883
0.431278914008536,0.6187169924188654,0.7554842994134727,0.1167158026805011
0.4063363982469972,0.5870333551437626,0.7922245480054356,-0.008606535033503025
0.3900522161776021,0.5667285322238124,0.8150767576648904,-0.07916237714090289
0.44658112127390903,0.6275659724373734,0.7713801460171245,-0.06748767747498509
0.3434786277300094,0.5104306653508727,0.8268065648520795,0.008573892746925969
0.36503821394291913,0.5236566977961007,0.8334040255719625,0.02375159196315173
0.37943240047295224,0.5591405934837431,0.813210210262696,-0.06261054953106293
0.34570688188947707,0.4990675083880478,0.8581020642337641,0.0006518891770390275
0.36608568465443186,0.5305537561488508,0.8074784692114518,0.03460309257625921
0.415336922682273,0.590601009336099,0.8111166307795183,-0.007495188116606394
0.3822355653870953,0.5429003063729849,0.8077997469361228,-0.010523721344641431
0.3705534555864236,0.5426900610275383,0.8161523538279987,0.023082695819839717
0.4050881489847135,0.5725618344708399,0.8215430220365689,0.01647570767295773
0.4429171595595026,0.6245384617869776,0.7974771816648997,0.0695596114928006
0.41963862489088677,0.6009143239952398,0.7856726052080478,0.011996090172650985
0.34447858722453517,0.5036834346159865,0.8198372351198251,-0.05474497861067903
0.42307145450420747,0.6029298994967252,0.7970025814705851,-0.06466122278397991
0.3381566670404225,0.49395253233314373,0.8465558530110119,0.001014484091692558
0.38580551578426237,0.5511437800656386,0.8251573005259423,-0.06793277399781932
0.3559829553433888,0.5240699483368578,0.8185791735995193,-0.017457449361934985
0.3793837179660587,0.5446100432513045,0.8176953754035358,-0.014914808967458561
0.39491078566011434,0.5602370025542481,0.8221471605636155,-0.010591047505445306
0.36666078643231226,0.5367991602138907,0.8165020749174006,0.04614082483601867
0.35752991856244015,0.5218995455145771,0.8053718401431766,0.017323713227963704
0.4157676980939028,0.5912140447429584,0.8006736146065436,-0.022474295445194598
0.42113677936684346,0.5988354159048339,0.7928458434744667,0.06795215181364651
0.3491408560567139,0.5109336693780477,0.8365551512437094,-0.012514688366516449
0.3871607882286932,0.5591049778140061,0.7993156336393691,-0.10260464325333164
0.3979143393255159,0.5783838951878858,0.7827240930859091,-0.0063983808614042305
0.40339630282710853,0.5800700867353182,0.7998172876515631,0.0005227370763667178
0.4447933021247737,0.6256703995435561,0.7978666803144445,-0.05745093404279087
0.42276448015782064,0.6133401805537418,0.7649151633745511,-0.011739236721531873
0.38028135375390476,0.5580962587126201,0.8068199789268173,-0.0019274075722253274
0.42787233256003987,0.6142514717018975,0.7789702968308505,0.018128062935420006
0.38920049415336405,0.5681502929208241,0.7799628869879386,-0.041840626712161426
0.3227901300149052,0.47588209903775913,0.8521082681271501,0.005009046046408184
0.3737075357961824,0.5347075338406969,0.836293608456959,0.07029820590877617
0.4206049034037557,0.6057404620029998,0.778017086156507,-0.05717433498128897
0.39382583690107,0.578813656402732,0.7641821218339958,0.03959535810392082
0.40395623726023006,0.5727365370649157,0.8360422631776049,0.01800728916721539
0.37689764971534273,0.5408985881889556,0.8288176955810816,0.006435990516723162
0.3907791608741577,0.5712995844815966,0.8031219769109328,-0.08900199087457751
0.3606309393757987,0.5314819559114029,0.802243644519167,0.059106194941715
0.35199853260996017,0.5055451592766508,0.8581456149932648,-0.012900898746041924
0.3793378662904568,0.5539292264230355,0.8154233874404125,0.016472038553138283
0.3486108629216729,0.5112769050967941,0.8369032818327232,-0.051500247456676695
0.4199152299636035,0.5948743816755974,0.7917012014810303,-0.09373392048261055
0.3728799160769566,0.5394002904230185,0.8146639753355458,-0.006541542180006104
0.4117108412718114,0.5780437573558745,0.8084638526423249,0.04955831508334245
0.4437759124197985,0.6236748573630846,0.7989350497530496,0.016574294664559425
0.406305769267438,0.5860774976706633,0.8021411667535568,0.03696917474699452
0.4401014357879014,0.6220759053190197,0.7437164583350593,-0.06214066734266152
0.41536577071406805,0.6022087419016657,0.7954917524915504,0.05326869541588287
0.3823999196336583,0.5554878572805089,0.8254737985093402,0.08333710886377478
0.34202467488431815,0.5196896658903025,0.8056895198135775,-0.03033202217510887
0.397182237367795,0.5643626909425743,0.8205170077222023,0.06335813950681626
0.36845724145612807,0.5355666253753811,0.805486301535272,-0.05817573771597493
0.3918379713095255,0.5575589006198856,0.8203667883834691,-0.007776110068559741
0.4276444257200809,0.6091689413721674,0.7817901765979727,-0.014019814909816724
0.379672009986999,0.538422245190572,0.8493511823387822,-0.011145232409294851
0.40951439574758464,0.5814055492057373,0.812867809845524,-0.003212284662255011
0.4861746043291115,0.6734043251976918,0.7383936402049621,0.036342627519794675
0.37163556462418845,0.5377031800898833,0.8277215460297772,-0.01865973110094188
0.3786168326362604,0.5644483777972227,0.788021621214161,0.00524678729996715
0.43908876353503196,0.622239831317248,0.7746440446765858,-0.01997016754624778
0.45279419513328056,0.6375032078652966,0.7747264718214625,0.08818998048974655
0.4406331404809059,0.6153361081324404,0.7533442963470884,-0.049162570654990835
0.3880605641593488,0.5546191952206349,0.8033649858678882,-0.031042344330498007
0.3591178709429605,0.5129074425113481,0.8474032601163648,-0.0320886204230692
0.4735092271508775,0.6701327249310027,0.7380725972808402,0.02030983706518247
0.4003398266351724,0.5733375391743142,0.8208824219465173,-0.09552195822615439
0.43252327284509956,0.6161227291897636,0.7521074393414282,0.06724950264975418
0.383135965350665,0.5479139046428081,0.8145596591548689,-0.02731513482770694
0.41977070255792426,0.5992091451427376,0.7824892549027054,-0.023106920591862153
0.3679237313039542,0.5269037726509216,0.8180450380880453,-0.00569318030054891
0.37887758565860047,0.5621019431709582,0.797379479662757,-0.04999440693109639
0.4144723691104798,0.5977267340388216,0.7914853084066286,-0.02406999871985899
0.386941965239757,0.560158828304116,0.7767707839885793,0.0021256523703653708
0.349660601080553,0.5174369993761576,0.8085643568208827,-0.0354005932359786
0.3948826003805434,0.5692113365702206,0.8205749952128107,-0.02395432259767742
0.3800314074580817,0.5537927434336568,0.794616583801036,-0.05164322631011757
0.416365278119266,0.5945709521941012,0.8015724765063632,-0.016197971161164136
0.3681779854094233,0.5381432922600509,0.8196254401874123,-0.012859559216263305
0.3867117711602822,0.5519496563629981,0.8403445265645257,0.01559867907100194
0.3521976421264993,0.5012137994403933,0.8613694817017934,0.027158593305940972
0.40476667685240897,0.5828186944722695,0.788728209409828,0.000822108050256247
0.33383313006604254,0.48562960545284284,0.8354278878530434,-0.012091176479640722
0.3915124135529121,0.5694631382066638,0.7851423157316287,-0.08464550278543945
0.37116716037800335,0.5265155648535684,0.8414061067025572,-0.004956470677637585
0.42436228983218965,0.6212338652109065,0.7449856167963504,0.0757745319732187
0.38959971343360017,0.5603270069575954,0.81621764777148,-0.05710609021438372
0.35489755876338824,0.5076084546739991,0.8462266656243191,-0.03655449676036385
0.4103835189653089,0.594455343753713,0.7620872482803075,-0.03788204514463866
0.4125764537468556,0.5828685412454294,0.7924436143258995,0.1080850463327993
0.38722423466496353,0.5588376853047503,0.810606752379867,0.07628311516238197
0.39127605448926406,0.5593346027772902,0.8176749123306353,0.09011176638082503
0.41724782395498655,0.587760531734207,0.8159959257794018,0.02011006737271907
0.4834595837457561,0.6698106659690565,0.7084361083298116,0.007051622749945897
0.3839542123700614,0.5629018840564701,0.8244746333843737,0.0007017609210975322
0.3863551925488911,0.5593734045323784,0.8340628818185148,0.00825269925249624
0.35778752823167986,0.5271328665838562,0.8295221073186877,-0.06959264396822426
0.41176699338662937,0.5786807306533897,0.8114223926953127,0.014964019759297124
0.38397346275640487,0.5561251995402664,0.8145477373339022,-0.0007238733783712521
0.3704629845027165,0.5570791980530846,0.7970270093560983,-0.12046190129336593
0.3807824725253541,0.5447650119344085,0.8234393952504758,0.022375017729934246
0.3406399898517454,0.49095016587763696,0.8467217336324587,-0.09663984661671925
0.4210463275995729,0.6024089838418165,0.7858392236609777,0.010512597286130503
0.36557887542685163,0.5256262919733767,0.8346406051169015,-0.0947048179569372
0.35330701196233005,0.5324046328188486,0.8113770421807309,-0.08374138243656308
0.39283422433319554,0.5664926117135667,0.8132069639961176,0.022673645711269057
0.4160735611690449,0.5971679592957467,0.8038072049615528,0.018151129027121377
0.34820997358045963,0.4978377231894274,0.8502154473990251,-0.021797870477502933
0.43049123017938573,0.604687273447372,0.7946984626623147,-0.04185697675834572
0.41762332024073384,0.6041723159490463,0.785937201734277,-0.08083293572419759
0.42472278623236187,0.6061618368009448,0.7847714785215781,0.05016653750295164
0.41161560920723156,0.5828927743374991,0.8199229283453248,-0.07341838173949815
0.39950870074519806,0.5657858526992071,0.8037228730773982,0.03307260341774443
0.3743827235119023,0.5451991780944183,0.8257644111187309,-0.0361990828373601
0.3765743601478221,0.5461029238058689,0.8105949830488488,-0.05042042529988708
0.39138065495888424,0.5603250445549018,0.8233187057963879,-0.035307396265813966
0.38891368071893717,0.5545892811359325,0.817474784798676,-0.040237422548120315
0.4288553672666556,0.6100667873715387,0.7914411213296324,0.03433152413659393
0.3918500412856975,0.5845800160244452,0.7943972444291133,-0.006553344916704555
0.3593883156947492,0.497525182758591,0.8655805736686728,0.012368696407015673
0.44141350703634785,0.6356920044793266,0.7545259790016431,-0.1646803402863001
0.42232017766059965,0.6002791740262099,0.7923396883069838,0.030978878307676247
0.44591438644772796,0.627049145260752,0.796845091462531,0.019567318771463955
0.40157279653454014,0.5858702099145964,0.7859943800026539,-0.012700069795430929
0.4219552461259364,0.5982107860590743,0.7979992076322129,0.006161757739935881
0.45150495697678567,0.6373251750733446,0.7451545292208224,-0.003987713122747571
0.3519973009879265,0.5245392287716685,0.8135552888617751,0.0020899931727314616
0.4463596160928121,0.6411868273325134,0.7110688802699231,0.022045857366578273
0.39171820590522066,0.5597191059802986,0.8415112518374144,-0.05264722508352538
0.37256740526018567,0.5493815125595375,0.8090806914603297,-0.06149305524946713
0.3999074513566482,0.5681632147528449,0.8190754902469677,-0.036657204323042786
0.3752770150854795,0.550178331614187,0.7882276829654224,0.05610387960878659
0.31757019688369714,0.469750303282925,0.851035754572058,0.05273265688201128
0.43296287987568916,0.6108096636676343,0.8027101641807675,0.10639120322755309
0.38414368483548406,0.5540358396199081,0.8151527153568701,-0.03304043077767016
0.4615335411650906,0.6462061150608519,0.7902957612057435,-0.009524811759170226
0.43318687278409457,0.62331092049872,0.748983425663112,-0.03988270401446103
0.372367367459329,0.5391577598508653,0.8254227438726183,-0.0006385835752456864
0.3447992536307002,0.5038934464322438,0.84366873147717,-0.07622456353921213
0.39066219135022273,0.5628675055468109,0.7843034292220056,0.03614909051359369
0.3461633957500446,0.5069392701028763,0.8201062202244664,0.014698811223833676
0.3825084599497478,0.5566393487985066,0.8139695945762564,-0.0038816220445556295
0.3979174209330654,0.5710134381391834,0.8013826938044727,0.09481766277680356
0.3987110719722357,0.5824104939304711,0.7643182540438658,0.02725364180239213
0.38845886091062903,0.5610544558816886,0.8015614549550277,-0.0059512182677457
0.42420263643245876,0.629360991472023,0.7449210247169692,-0.0060133887619022676
0.3622859914504514,0.5241413580356685,0.832769272164512,-0.08065556674194585
0.44633541383040937,0.6324455883507097,0.7498302217151955,0.09844949283961374
0.3722311374446319,0.5413683944096644,0.8094316797678085,-0.018804619852647877
0.41432489404814876,0.5863014256906409,0.8069518839137296,0.022788380336145237
0.44207262071686587,0.6177198361805569,0.7945091480811095,0.00915719676973254
0.3501191917386372,0.5091779455552424,0.8351117292966171,-0.021851413810218275
0.36568186744250225,0.5293699656248066,0.8104952460894235,-0.054081632056652146
0.40265512489511596,0.574318140754658,0.8084734661300252,0.005262183717026961
0.3992719489137271,0.5879195259994575,0.762372830608649,-0.10381055811960622
0.41899347466353315,0.602327483542667,0.7690552669801662,0.021916304044863347
0.4198443146730781,0.5898987057885997,0.8026668084910851,0.09784200561143803
0.3773780665361065,0.5445835005457743,0.8158067241593564,0.039540821355164395
0.357721198922072,0.5156337856658473,0.8284613750425833,-0.019608999227236232
0.3849340365133545,0.5685550875013526,0.7867423189364682,-0.06744528380305359
0.37412690530488557,0.5331526738603517,0.8375848407539959,-0.013084079827427134
0.3827145446423157,0.5368739340887265,0.8322324708417584,0.0001631538812091193
0.3713540031021749,0.5411259618772625,0.8206495027714018,0.01902147778536041
0.38743057704422423,0.5568324355546196,0.8291598515241538,0.0803828069596261
0.4164816896553956,0.5975693908164904,0.7760084297950075,-0.03409328674042331
0.4116804470396464,0.6005480459273336,0.7662895015327864,-0.027098812085597397
0.3770758063836879,0.5520681013019991,0.7819913221445418,-0.0064577481529853025
0.38414383205142916,0.5507468825415899,0.8317560100324748,-0.02531354165792398
0.34083500661873123,0.4994408265349636,0.8252610267948594,0.02928850910083774
0.42545040962255837,0.6058944710485918,0.7819191542399274,0.06168089674289841
0.3805788908606267,0.5574492121624991,0.8012047872649064,0.1142626734998561
0.40733892303880365,0.5903368352716923,0.7890655671092532,0.02005969851316815
0.37032714871284683,0.5314313990098741,0.8518739966690428,-0.007363631231915536
0.3879934306859165,0.5608019663188192,0.8064708738786109,-0.007929915541387233
0.3635515092824844,0.5335208160562385,0.8175175388267819,-0.036846905357249694
0.42968763440588176,0.6197660234897032,0.7496587219436811,0.035071905563512785
0.36614146029428635,0.5297607308438693,0.8131208127551194,-0.03759004998463315
0.3606860090744911,0.5284910022093285,0.8339532290063888,-0.01572348063417693
0.3752731505317773,0.5484340968650087,0.8175810504644687,0.0448428405097663
0.3589962390852146,0.5286489965899535,0.8360827529928027,0.005709077992384858
0.36025207879434074,0.5281190364748123,0.8240022198951555,-0.04282185080919656
0.37446562355686336,0.5422291743613863,0.8149625339139631,-0.07038054958906041
0.41710140381262567,0.587675152511325,0.8132555298793691,-0.005675378878732851
0.38570776195869294,0.5689591524048735,0.8004677308384907,-0.008465206209866336
0.3783967418072971,0.5491200812575537,0.8203213726327467,-0.02605131692563085
0.4005229473605673,0.5754220682777843,0.8127205511455929,0.001093242753434942
0.4087063871416795,0.5890724641655154,0.7855076629634076,0.018666026164530374
0.41696189967028446,0.599949912471577,0.8199212880123473,0.056280381634895835
0.3862930232940315,0.5562378404321202,0.8255050295631441,-0.010476293471052958
0.3967343072271991,0.5702450148536171,0.8130237956114023,0.07773363037481433
0.34215524790528007,0.503160780198375,0.8033194200653804,-0.10185619198494847
0.3325205293897638,0.48555385372695314,0.8658350438905899,0.02590658493459767
0.3943727740455173,0.5734162402777899,0.8055515168133187,0.07427500629476336
0.3652649999800485,0.5350357817250352,0.8439164337283322,0.005739173061421288
0.3833669886386287,0.5470657339385934,0.8338950814588427,0.04047345793718649
0.40729085685567706,0.5805926234518249,0.8156081153296906,0.07944803663109941
0.4134711274713887,0.5967133425397746,0.7857527222130315,-0.03534347593729544
0.4299979570792485,0.6042677793492595,0.7714287715195213,0.00015834391870011487
0.3940855658915373,0.5670087771062685,0.8199178948646603,0.020635139493092623
0.39839078030832664,0.576355365713747,0.7996468963893634,0.049723285255705574
0.3882196185056328,0.549603037236712,0.8176550215832077,0.011194324000899362
0.4269560149836282,0.6174730662442295,0.7678146684139089,-0.0811702955390686
0.361302824562666,0.5103434473193358,0.852974661577687,0.0026013362417434747
0.37313027728954457,0.5348784602122315,0.8377528994174591,-0.024154281017834418
0.3654958999709422,0.5191047027443055,0.8424240707990508,0.021171060194657518
0.40065032916700233,0.5741479637241648,0.8054493277393453,-0.009834816371574304
0.3528797487144666,0.5187602307646546,0.8221284959039976,-0.048761183739442215
0.3703370256867569,0.5428086121188626,0.7941591370387292,0.010948777218455118
0.3782899972815293,0.5446190962066895,0.8201850280828441,0.018654274741988285
0.40269801388310494,0.5756607759104284,0.8038147983418819,0.08950455543140769
0.3748018569034039,0.560854758558177,0.807675979941924,-0.04328770369539404
0.43401879114849584,0.6242839209595872,0.7590896107768483,0.010850674208107685
0.4041447580858165,0.5707250897904352,0.8117041628348682,0.025741548516166675
0.3790195595748172,0.5543422121333879,0.8291350722975026,-0.1019794166826048
0.3587679843356052,0.5083371601577096,0.8500325666298404,-0.0007085279244448909
0.3683224586657589,0.5348243044524955,0.8257964233470352,-0.047167708399181996
0.38762783817034874,0.5613277793819773,0.8071446632887997,0.014099907742930184
0.35423302147741587,0.5251034384305879,0.8216390527536502,-0.055482902368212426
0.35948762599268513,0.5212872321914602,0.8341951324915862,-0.001512646676867896
0.4280629194429937,0.6094707147621345,0.7501768319680514,-0.09122112228092558
0.37198594302162225,0.5346649498393614,0.8362461033446389,0.02168859732197276
0.4062071985462303,0.5710571200820769,0.8364531588911995,0.017011176210744747
0.4068033496841245,0.5778804531877528,0.8186112048489674,0.09599897203637779
0.4010537295504254,0.5819191366455867,0.7966073412764407,-0.07422937701003035
0.3628935620101088,0.5369093083408395,0.7829571329973616,-0.11109633121663481
0.4108349039652014,0.5889491945197767,0.783649680341469,-0.05514249248781255
0.44345655689755054,0.6394024100010571,0.7419546392144594,-0.04160472646323197
0.3826164643601404,0.5718359385191826,0.7841091198593347,0.03612689889159341
0.4052925190082111,0.5832924051029224,0.8128172748559185,-0.013902104158810635
0.35444567203719207,0.517178650652806,0.7965525724386414,0.027028956706509538
0.37574244475623897,0.5431937690300342,0.8307492754624769,0.010757740802158078
0.3880789999620413,0.5691976155627171,0.7638547851222629,0.02019907573594064
0.3830751995698881,0.5498808478136428,0.8133845494181969,-0.026963904713290222
0.3778182508617299,0.5356262134963058,0.8149606181586178,0.04624185361619711
0.41816713004708683,0.5987966866500426,0.7819731274823328,-0.03228343857183389
0.39613201408214455,0.5682585572489406,0.7980238153015389,-0.036646042763745106
0.4100175661441221,0.5878877900846138,0.7829400066260148,-0.0022700550093340786
0.40816317559715826,0.5944602908248239,0.7926856041222925,-0.005572081196704223
0.4193316239566422,0.5960460283637117,0.8006223125913456,0.0836851634807548
0.47409657031135777,0.6746360026530933,0.7328928269038009,-0.05099931793455693
0.3694448153225848,0.5345313666051449,0.8347471043516324,-0.021787210575019388
0.408352211822031,0.578715916197767,0.8091865275221233,0.04966520890123598
0.4235720402735012,0.5959023311133982,0.819467759740621,0.0505610450444968
0.3644062656317127,0.5316568934226709,0.8228500884460476,0.012301170485004053
0.41249568687873744,0.5967987439248333,0.7514020713071466,-0.05457622225311726
0.37924833863241997,0.5448339032834612,0.8272389422493505,-0.010956204226211227
0.3847380635559869,0.5573106123082805,0.8357251192231934,0.035516052445023864
0.41007908597598747,0.5882444864449342,0.7859729109211201,-0.023280515577484926
0.41036244415169026,0.5956644967773688,0.7429541945483829,-0.06508116885722087
0.3981147095120329,0.5718689207140876,0.7955075378304477,-0.0918700286281541
0.3394165353189479,0.4887882276894454,0.8572129205820647,-0.0755159098147684
0.3868810799332014,0.564246267724514,0.7884924664099561,-0.10674837924955011
0.4437732691469644,0.6272821518496025,0.7580468091662462,-0.05533844602223788
0.4256058540995772,0.6058536010889551,0.803009192794421,0.05060117346858001
0.3762328044346405,0.5385378831076317,0.8310259752235873,0.10218311952669368
0.3738668457485361,0.543914619686095,0.8165985343369753,-0.06516439914624078
0.4094235060693125,0.5827757452354553,0.8100289900752065,0.09175060932136889
0.351301644444999,0.5015631610885383,0.8414208798161424,-0.04772942605815045
0.37955536977371995,0.5674396171036377,0.7956612168332478,-0.01274584033603121
0.3909598274838424,0.5717685745959766,0.776206026385148,0.027567524479740223
0.38629529786011496,0.5605698232851931,0.8307684435495687,0.035549204939693796
0.3890871810214452,0.5682976621112917,0.7549591380276446,-0.020699420681412194
0.40952843406827555,0.5860081852101345,0.7911338688407664,-0.03776052074839038
0.39901182514894756,0.5811686381293752,0.7941620004998229,-0.01539752008334444
0.3502067536470444,0.5190064389937569,0.8217263537549584,-0.02761558884489767
0.39346656311914807,0.5729859129674614,0.7919655469393809,0.04644225832837524
0.3445486958039375,0.5161938987950069,0.837169052261828,-0.004454251549625572
0.4303024228241525,0.6146839728180215,0.7797185963547411,0.046845757579572475
0.39605830807473946,0.5679123472497583,0.7708478950876462,-0.05795670635745969
0.37405229887813113,0.551945604390789,0.8051442673084386,-0.02611759453081632
0.40962725778419873,0.5862721296314108,0.7865211906004118,-0.022501522182982465
0.4222688136694475,0.6042161721379147,0.7871734410477521,0.05261988180354807
0.3688751431283629,0.5392156841117685,0.80523176850065,-0.003860571746162918
0.3805525539348181,0.5484566801856097,0.8251066438261803,-0.04138165581307561
0.396867138074724,0.5515246068631011,0.8462423765144171,0.09939729138196078
0.4104944870207566,0.5869902379172324,0.8122390975516394,0.1357682446217904
0.40317804909103927,0.5678585259135118,0.8098186307571672,-0.0031075880528428487
0.4032944099888478,0.5804188605730266,0.7999388449708066,0.005723490335273722
0.3886861597474068,0.5656691175981174,0.7957553260786753,-0.01846301616715203
0.36935676662818673,0.5378167167831741,0.8327445888434887,-0.027807819754586773
0.4458463277322148,0.6240073074285994,0.7886658658770117,0.09204438569508391
0.4354177693562911,0.6193819884878313,0.7697294648599832,-0.0815369041062168
0.4040135949033133,0.5778879430740677,0.8108431271803892,-0.007676831012848723
0.35664432051597356,0.516365927152385,0.8361202132323582,-0.029054581154856426
0.3084508166000216,0.4834787062955094,0.7928885659759726,-0.08435243944094827
0.40210507245294236,0.5796447233354733,0.7965828321604097,-0.04328060900293524
0.38694467653306014,0.5591664235497593,0.8065700771189588,0.06602662597107405
0.3785427203424985,0.5543480996816553,0.7971192625593899,-0.03106066588926609
0.34647536094498005,0.500364490345856,0.8487927352765194,0.005310087705596787
0.40180483680794854,0.5735040101258558,0.8231886833493591,-0.015130998231014058
0.40041055073063264,0.5895397532229789,0.7384037471379655,-0.02243287245167185
0.3845358411481336,0.5477390766242478,0.8251494972943756,-0.09486484636649134
0.3788191708807402,0.5486898712617111,0.802498500882884,-0.08539203807603851
0.3520391826753827,0.508119391398008,0.8461004663679292,0.0006410947219237768
0.4530377592441607,0.6421922244513297,0.7497678099026106,-0.033946234318032315
0.40297285739944044,0.565682629317758,0.8261867076153853,0.06914615465826293
0.38783713109070805,0.5711092317536514,0.7767602220523477,-0.011294633505851102
0.38313929796695834,0.5489268807551826,0.8340269136475853,0.07460618383845041
0.39768462477546235,0.5842677936002917,0.7990019225456255,-0.012565316355170948
0.3930659470777776,0.5708144143247007,0.7965160846130299,-0.06037854002383544
0.39386098212879794,0.5660954204651287,0.7841133456033818,-0.0016903798393180073
0.4640475785489335,0.6450026825947867,0.7780947141539201,0.052449466367193616
0.4121451612776122,0.5933653755324374,0.7694184127400653,-0.06380677641970611
0.3551301880176768,0.5145754299736858,0.8356061128766051,0.035900663553772104
0.37639905297628357,0.5493980063624776,0.8362992033318299,-0.08369394038633374
0.3858402735934332,0.5691081764658629,0.8169084459644381,0.0401549870727903
0.37327661114867083,0.5435334754902708,0.8269475711128634,0.08042589304208758
0.41589517562630346,0.5917772863890339,0.7990854459031843,0.046248752155381094
0.4043189725200081,0.5761878381312587,0.8178858060268525,0.027769840012583605
0.40116026603296756,0.5711801469837616,0.81077520460595,-0.002494378166802454
0.3778681410229702,0.550151836565573,0.8113638077559777,-0.027077357114308254
0.3696120935545563,0.5298111560768106,0.8363599893481533,-0.044034648958010285
0.3889870251032982,0.550001596598238,0.8361939907876739,0.06567107969206191
0.36449893664537214,0.5306049058538074,0.8332584423965319,0.013195216708386796
0.3889408195955705,0.5565446774025645,0.8136502044752882,0.014982987516284628
0.33951543641885323,0.5044879548928293,0.84166214177696,-0.035831003709941356
0.405815129359941,0.5917716401628365,0.7841029240610009,-0.0156948050981768
0.414265523006038,0.5925142268452418,0.7910721754550042,0.07612332411932045
0.34196055232681793,0.5114678805955584,0.8303726920508031,-0.05509534278419949
0.39194962315090814,0.5581765316210626,0.8223309363779419,0.07046305032150488
0.3675214060574132,0.5215717803182215,0.8493252725383369,-0.015591599199960194
0.4053047980292019,0.5831477993489044,0.7897486996471806,0.0149376212061019
0.3600240183400506,0.5177258349773012,0.8605909575256656,0.0694550890349285
0.3297255330600713,0.4766300691537995,0.8595905708280301,-0.030503198019489374
0.361920302901013,0.5257041134042792,0.8303150335910594,-0.064465089972993
0.3813562884979335,0.5553943841675928,0.8023464127470445,0.0069141744701758795
0.35943237856106164,0.5338793167264166,0.8085676859333282,-0.0537704500960173
0.42766633736888865,0.5905111789333676,0.8249756797749261,0.007093350217916818
0.3380980864341876,0.49518126898422477,0.8447515135537015,-0.004009441500874379
0.43562779143553815,0.6099668388668099,0.7869084206005748,-0.033297816466175724
0.39183364685296956,0.5743028569000573,0.8040135163444296,-0.024036082466323206
0.3549230019028963,0.5193478913524772,0.8008617616201364,-0.044634290726047236
0.38334636656453197,0.5545747376727184,0.8239566392921882,0.06739326575558395
0.4366702884889713,0.6222320996051657,0.7783598559006528,0.05657163446711565
0.41541686014192375,0.5990421420083889,0.7757904800259363,-0.09894369885599222
0.39338425123930976,0.5602653634653848,0.8229426756684114,0.012308967156147961
0.3085035294984899,0.4410303560651789,0.8765998056771329,-0.06315079552913688
0.37497100116432996,0.5438889398875989,0.807934017052848,0.03433199298995433
0.3397986064350605,0.49465660024451863,0.8462545672030909,0.01533921591369891
0.40421454930931167,0.5814834833629474,0.7768395480828995,-0.048279093813361866
0.417279606063101,0.5962512337104391,0.8032678567328743,0.08253327756583317
0.4315345217619749,0.6158847877789807,0.7788503357486896,-0.047486780301486425
0.39780586944336943,0.5746810115671365,0.7691595041305652,-0.01740989102641456
0.3749429990422172,0.5379627077186852,0.823395801896436,-0.015526311186756778
0.38008085018844245,0.5580629236677271,0.8021311801810193,-0.09489940454239995
0.4136104982469869,0.5955254468753868,0.7791645219755592,0.07219418273673608
0.4269504608988735,0.6027380270997735,0.7667570011180582,0.07988267287918595
0.3853760618131849,0.5550308677527573,0.8163100288353305,0.057282528931465335
0.38126506086137973,0.5446137458437236,0.8284594033606358,-0.07218383653399858
0.32538212505352054,0.4944511616059818,0.8248928857446082,0.03305043808997976
0.424072237141362,0.6058906856681572,0.7761962890822721,0.06780874291466359
0.37689170390492416,0.5420063446425452,0.8295211766506327,-0.08406530099847519
0.4281863618644709,0.6107183708133996,0.7962700260352455,0.022591890283912446
0.45452397389549465,0.6409562810783147,0.7986704220242844,0.04199068933970793
0.3980577478522737,0.5769549460052117,0.7964771513643369,0.03500955362139084
0.3553637729738549,0.523027000178054,0.822612976639642,-0.01309551715470481
0.4034493172338275,0.5949281713157049,0.7653818167001203,0.03363869139651508
0.37255637793949076,0.5423163905627233,0.8078260218910326,0.008886042440912043
0.4318631654760033,0.6107200351063404,0.8114569250493588,0.1244839027450781
0.38257321701718894,0.5455445439610627,0.843004581106565,-0.047961238507884064
0.38678220412517655,0.573896717306468,0.7976712575502654,0.0026016093213472886
0.38485007681942635,0.5587309992946142,0.7985817333247945,-0.042775609742639095
0.3616381773745248,0.5342501509915456,0.8150742319134135,-0.1049669123756126
0.3599439604081538,0.5348950694609602,0.7958320623685642,-0.09514940927003195
0.3246173406013445,0.47285620123156813,0.8599001458975859,-0.06847878821670819
0.39523795787094873,0.5670391655726364,0.7971804305579043,0.04100410067500278
0.3810759576125913,0.549295281528148,0.8242437239663479,-0.013737509964599732
0.44772366603568925,0.6347430827693185,0.7807820706391528,0.016299272011328098
0.38630603888567083,0.5547509293463412,0.8387109258665246,-0.05183585716383577
0.4066849644649448,0.5833714797803476,0.8067263384371092,-0.06619401378320722
0.38673383020857327,0.5673629735798109,0.7840895795524454,-0.03784387916039347
0.4297861889152405,0.6099133342115131,0.769895230827201,0.015616091750871695
0.476723657371629,0.6614947767127384,0.7665419061280132,0.14035627072131238
0.3221419229999001,0.48008647160312584,0.8364807089926325,-0.05642240015068595
0.42050605918650846,0.5912431197925869,0.7910857199200828,0.04699092008435296
0.37721678881880555,0.5493049104410697,0.8451122029893008,-0.08150051729494256
0.39561405911304964,0.5710473534543267,0.8117311387689484,0.08929434073635077
0.3996935647114664,0.5828439836885092,0.7599366474698063,0.06625790798086047
0.37679005735754223,0.5491229767739061,0.7906570111187738,0.016004492752198098
0.4211454285909651,0.5986088459205219,0.800192982580354,0.0064898667744544124
0.44893707528983123,0.6265370397422775,0.7933052225313912,0.049844587003237684
0.37283204563133693,0.5513388247398444,0.8133333409583652,-0.021330488820014024
0.4708809435393035,0.6634536647278925,0.6750730164546355,0.0827808717094423
0.3604629777486327,0.5312837676418924,0.8251725178855223,-0.014818717825525891
0.44447997927519817,0.6316649519830569,0.7577030491518318,-0.029786291544101597
0.3844497237760327,0.5522142176992939,0.7958347542437314,-0.03500989851881808
0.37303284416238536,0.5501745991310937,0.804660344725979,-0.06182087272342126
0.343598097639656,0.5053724217626095,0.8357337946118846,-0.048938176380902906
0.3670553933505341,0.5190487261322929,0.8456782981564671,-0.006176683928048499
0.40518355643093296,0.5831709966160727,0.7955399799870985,-0.06003159716961756
0.33060750256384464,0.4906449412088183,0.8397226281270702,-0.020340990052391775
0.4103377527721364,0.5812180575020498,0.8143567888604297,0.03836945564673167
0.4240246571382834,0.6033940631281037,0.7814829572169867,0.031005436405260878
0.3825655403871862,0.5462358422318205,0.8271993955131618,-0.0177404954947074
0.3916240727807998,0.5754699637742308,0.7735184996664706,-0.08752589352005428
0.33128022342236446,0.4914320917381594,0.82125453578143,-0.07392120333412153
0.3643530354916996,0.529578656440252,0.8148283558044257,-0.03667083649782529
0.38578650211836973,0.5691528057166406,0.7969494908515333,0.05555369589358111
0.32802641452709846,0.4826139068646679,0.8305710287244503,-0.12271025573312584
0.3676734415585508,0.5435478231937049,0.7838897164009958,-0.09866591516542546
0.40460462820698284,0.5733727657790393,0.8180332090783645,0.05113514857691195
0.3752415691618655,0.5441107913143524,0.831224274851468,0.07544380368251154
0.3262349795979083,0.48437413307056904,0.8534053007761132,-0.056203275923877326
0.3823776756184551,0.5655806169891534,0.7948857425049032,-0.0499178914338727
0.40899710701578684,0.5737989409712583,0.8277941082462488,-0.050158438701152774
0.3598402130978466,0.5344384173198812,0.8207114130573799,-0.007032488778583976
0.42018019786322164,0.6043305865116738,0.7826807428642406,0.019904003725796343
0.3661697852254573,0.5334513311401041,0.8032366695944456,0.007077743687567993
0.38223148054900874,0.5557289309045194,0.8146132515477684,0.00022871397597986582
0.38883598492706933,0.5669460506528209,0.7929478715158472,-0.023311186051686722
0.4469425845053636,0.6356374034047816,0.7915097695017178,-0.022179491099168423
0.3960909604245834,0.5593839723307986,0.8262670711895996,0.011635681028527854
0.3644836705985923,0.5381984115460979,0.8336714273150567,-0.02273106969484633
0.4275235987713936,0.6033601262885879,0.7634234356310625,-0.09713815051153293
0.3247873050240982,0.4876918619267308,0.8301372897141415,0.007603005803232554
0.3312900644549482,0.49104011714453455,0.8502277369417047,0.00084319176828934
0.4216401044252951,0.5993542069385568,0.7806784976494829,0.002389762973424873
0.4273953520529894,0.6092998558856174,0.7826434203151434,0.0179697673328275
0.4563525190123785,0.639943049285635,0.7541270553958597,0.07437145078229218
0.4121047906511435,0.5851493312140968,0.8002839098895596,0.09384195846796352
0.3742755227506093,0.5405038647895748,0.830932566469021,-0.028898827234443362
0.3518004525602033,0.5252234466445118,0.8010806576236915,-0.013640322222992673
0.39334570812742625,0.5658428925379231,0.8035242172299811,0.006100348274834377
0.3784549149564905,0.5491271101201496,0.8154993114699665,0.004857636922025783
0.3789907967727618,0.5565705191811933,0.7959773858905027,-0.08800163779191993
0.372388451832303,0.5428089765699324,0.8232526523384297,0.0549487420428421
0.38337443018380907,0.5515392755434463,0.8244138095246452,0.014976759803836979
0.43369362235254266,0.617644110774478,0.7827495138402009,-0.011863681857338647
0.3570615218135672,0.5262735577263724,0.8078208457481098,-0.03838789694195346
0.4396331481624921,0.6233908641193991,0.7983773210136769,0.0658022113645581
0.37493627140784036,0.5468061975967486,0.8226834852366052,-0.008600315318222874
0.3638656020250229,0.5440110274362513,0.8074851744435503,-0.0330468889629314
0.3916134518067051,0.559989226960614,0.8032577531025038,-0.0568009048064426
0.42878240340082885,0.6146137957890327,0.7672793769739958,0.04899635095904181
0.39926443867121125,0.5757259073204107,0.8030156950533623,-0.03438913252034233
0.39879489126978,0.5727336611273504,0.7797967460707259,-0.04897716275114134
0.3796156864891607,0.5560210079216931,0.7890163707563479,-0.055515212387399246
0.3973852713980093,0.5654615114462477,0.830268723476897,-0.04797486722329813
0.3917810879603724,0.5632713468314863,0.8388444143230859,0.04206105527125547
0.3827148019882047,0.5564741299420187,0.8146902979512395,0.024725616121214242
0.38328103378852024,0.5544738095810949,0.8031625518073613,0.048095718213067705
0.41625203641483594,0.5978383916511647,0.7893811815636353,-0.06869386764252972
0.3713711217093412,0.5341183052620294,0.8267627528033812,-0.006208822664870339
0.38536044579988216,0.5566596810279953,0.7956661979485083,-0.05480277310826276
0.39086009960470747,0.551389106234814,0.8381667044723178,-0.0685895499879439
0.3946894242072058,0.5793981662228245,0.7745342952963497,0.007750555425677673
0.4091802679831111,0.5995626852242094,0.7882466259017658,-0.06045378636672046
0.3988192457840969,0.5732206606373949,0.8241885468610107,0.0412165933991188
0.47527794625352837,0.6638625570957905,0.7658226396302876,0.05808179026180586
0.40471707252811545,0.5856837248725903,0.7663005113967495,0.08918415730354297
0.40265281653472884,0.576555437736632,0.811933160839138,-0.0003334934958076991
0.38207196587512887,0.5526288022229655,0.7871463411697714,-0.028615512479585693
0.37625912314102716,0.5390115084036362,0.814603505271736,-0.01587520758107724
0.3872223308663663,0.5571897824770521,0.7992560274827268,-0.09620192400022703
0.37790402035718057,0.5431004896768075,0.8106704522778341,0.026084491887308384
0.3671773514667806,0.550154054245236,0.808794584735533,0.054142702912724106
0.3693304635693147,0.5269652500859049,0.8249617010408428,-0.07393819525018255
0.43897172417199004,0.614876566650621,0.7793151227760385,-0.06516635017032876
0.3969623373674191,0.563390562341729,0.8208225533494948,-0.08621927826613314
0.37923324103157957,0.5452381049393075,0.8141326755901562,0.014254747364705708
0.36102044292920543,0.5169783161200366,0.8479216392294694,0.04903237953851607
0.40382527092501175,0.5851589710169794,0.7768301205689434,-0.005980009750922251
0.4575606196347219,0.6441056299626038,0.7537633073492035,0.05684956844531404
0.3784712298297121,0.5471349143805856,0.8300728831372132,-0.017698427019679264
0.37396023804178774,0.532708708386299,0.839873469896013,-0.030752109359100385
0.39782901345340854,0.5686769594186981,0.8224467179538189,0.06251636888074906
0.38843373647591894,0.554603921562447,0.8324309869115862,0.003255833334365729
0.3650353089676787,0.5363388232931022,0.8190124860140192,-0.024403652307331273
0.38826005924985185,0.5559513782750856,0.8353562439817568,0.03141494608984952
0.37075134020729317,0.5477988835284185,0.8130139150219371,-0.07365968938307918
0.40882549911263183,0.5816287481359019,0.8184667293869504,-0.007262916282906929
0.37403455741845126,0.5474813872568313,0.7999112022095755,-0.0838919108126668
0.39237013908643215,0.5605361244749953,0.8085790326734903,0.04393751929409308
0.3583616623473113,0.523458914354097,0.8096577654046426,0.013048557511738052
0.3480507702359475,0.5101547403338501,0.8174490126431492,0.004522062402537244
0.41629540604075915,0.5862665158131096,0.7981514049049586,0.019905837282210175
0.346602841947199,0.5031459565644713,0.8517736182777944,0.016903377719300675
0.4033363020668456,0.5831126040712659,0.7960921473053864,0.08862702563384398
0.37171887875473814,0.5481208246886524,0.8085587638623085,0.01322620900496242
0.33951350859922236,0.4897672821727794,0.8238064253575834,0.08860492428106415
0.3370796510023432,0.4881987816103109,0.8514384643267429,0.006593701142668002
0.3549054040574337,0.5179245723269055,0.8220435256785183,-0.044261801210019554
0.4013842185362514,0.5796270826857123,0.7955351825309921,0.042700170722816996
0.4259575284842177,0.6151848679408333,0.7572656769325263,-0.0501115652862557
0.34402401759432144,0.5008575683353677,0.8263798382820559,-0.06508296540059856
0.3668838554016723,0.5368444626059142,0.8185612275127897,-0.026376345511289777
0.44027412374146774,0.6167862844194261,0.7846038348672086,0.01255123370368283
0.40831685200329615,0.5918336841644236,0.7962633212579324,-0.02967519990697884
0.4692731766904396,0.6546918124946213,0.7659757410233178,0.04291949244116875
0.44073092881237963,0.6329963957125953,0.7707902653480533,0.01427043185996292
0.39397211138478994,0.5692854943375991,0.7777258901846446,0.036906728094405664
0.3881165612513537,0.5655872912239921,0.8014765780921936,0.005243757102227069
0.3674253084435344,0.538724916137777,0.8177619941299563,-4.563523348354695e-05
0.44622344347943954,0.6177145003749653,0.807380541885309,-0.011280572909950739
0.3350501908954793,0.49461342871833447,0.8398050869636515,-0.01733813186023308
0.3999460705425188,0.573994200525496,0.801469107088051,0.055880970269896246
0.4493623458835373,0.6357478651507064,0.7721835829198662,0.04664106401202572
0.3673720334910247,0.5271227336591078,0.8306522932144464,-0.12147891872171346
0.3803534094698892,0.5585026140256966,0.7999219821829543,-0.02998346504820429
0.3926538460627847,0.5716985658772822,0.797375117525313,-0.06676896039180527
0.352303665814672,0.5064918842907831,0.8577149181795715,0.06732476204043417
0.3650779051117785,0.5345078256812572,0.8230923361982082,0.06140238067413207
0.32322283671705754,0.48106397612635654,0.8439776778521634,-0.0757343407519967
0.4228633441507923,0.6009453449152046,0.8040298661904131,0.04370246680395421
0.37418565685455607,0.5393721031499922,0.8330651882479927,-0.05336797090451748
0.3866347714013421,0.5641313604273392,0.7802140651426237,-0.0392137263154029
0.394958568276215,0.5651736138854146,0.7776953491992225,-0.016391924223354167
0.35823371033308765,0.5240619255699732,0.815328727682901,-0.06344645245162257
0.3904344309590803,0.5552874990274864,0.8323376634353458,-0.07219334461150459
0.40397613160562357,0.5757329567547222,0.7763190696247178,0.03601598934139418
0.4025243460623338,0.5652519497496533,0.829064128371267,0.05699361557874988
0.3594615081039961,0.5283457136425231,0.7890744588410293,-0.023767076577130734
0.37113378452419754,0.5457883512473359,0.7703681629780936,-0.021725006103574862
0.37223599219237247,0.5324084962140498,0.8348173064325188,0.0335150705940244
0.3763149328463183,0.5428739683252232,0.8446694357593124,0.043259242735084934
0.3501713325078449,0.5238149110971546,0.8278394320794538,-0.10279241214986368
0.3902026320260499,0.5676893938431357,0.8122603083846518,0.017130201788451066
0.4155988104080234,0.6018949243475755,0.7926746010761556,0.05094763172422654
0.3942679451777322,0.552974858317374,0.8239538155823398,-0.0331840731673678
0.42902559882456526,0.607633944323761,0.789039040771103,0.0840551797731392
0.3996429492123097,0.5797187953617748,0.7852372505180935,-0.0693027518922564
0.3852856226738418,0.5670314953304055,0.774084989687847,0.02258539386535072
0.3933610703551933,0.5560748167015961,0.8212201238289054,0.033902251468943295
0.35153510022398615,0.5064384388759323,0.8342926937586929,-0.04429971121494826
0.4003240314102665,0.5863438289294108,0.7747957393901045,-0.009272788523372818
0.324635921106912,0.4692656984553264,0.8718551228312915,-0.013897230694015088
0.34005234969885173,0.49882307086222616,0.8390141066787108,-0.046851695152379566
0.42426398684745503,0.6070556579677809,0.7710904525437825,-0.020819978410089517
0.3720441398201874,0.5272795842799893,0.856386768517529,-0.005226094016082799
0.4029354496443344,0.5705111739259013,0.8137148454345366,0.04869203362334837
0.3915059228916819,0.5755566319445045,0.7687227998703267,-0.011591651009192174
0.4137780301544617,0.5918640235788999,0.7847090790996061,0.024029156578418715
0.40333087150340685,0.5825533104809316,0.7898182539100094,-0.035402737237609776
0.4449489584514193,0.6350172083085521,0.7530040917128883,0.17811794799177244
0.4379633127149797,0.6340899432157303,0.7591036103003448,0.014945506045491245
0.4118973337774502,0.5957904788840931,0.789609273221224,-0.008094901509599859
0.36786579021032234,0.5366328676086295,0.830616211722295,0.02367105618218251
0.3913225050917885,0.5695588938595743,0.7817509015750976,-0.03602247751859997
0.38501897608268904,0.5539871423289272,0.8193130978772418,0.01050373279933334
0.41248593374090475,0.5973858966795772,0.7996663399710748,0.060890809314734326
0.3641235036006373,0.5313724707552653,0.8348105745070014,0.0007120283113569509
0.40346247035810223,0.5785660243114275,0.8029093621498977,-0.015338671405398829
0.39707407602937606,0.5818635987043962,0.7881889014985435,-0.05531979703550758
0.4003163378450806,0.5745633457753804,0.7918533484538569,0.009770583605179134
0.41809709646470894,0.5999148127581727,0.7800344946584072,0.07736502024364067
0.39047373230472954,0.5843313874841839,0.7422816596421606,0.023447655559412365
0.37757851483347427,0.5268102592982795,0.8534305631583164,0.07378938666809576
0.3603369589256411,0.5279239798723405,0.7741171634695805,0.008338711790044525
0.3980590022150973,0.57926438437638,0.7945669700927226,0.00275418156362112
0.4411836770861449,0.6209014980802853,0.792999712540491,0.06414995942939221
0.36958042240394456,0.5236726519592627,0.8368755983458382,-0.011635155517369876
0.4091130936222588,0.5897220862573983,0.7841507636139765,-0.035466904590853304
0.3926443229559756,0.5579796452991539,0.8200216600165047,0.04380231223647066
0.41901128523097764,0.5843757806865035,0.8124339972342621,-0.08543754582232584
0.3708154577182747,0.5336485338137849,0.8136616795386197,-0.008899228773014878
0.38875340743932085,0.5705679812250523,0.7706844230637317,-0.06742264538345949
0.45272348731798956,0.6350627704083041,0.7592916582069719,0.04194089561923676
0.3895212351262196,0.5753592018769168,0.7762525214374869,-0.050482258351330224
0.416488999044955,0.591052467436423,0.785296968327913,0.09534602396369375
0.38529293835645273,0.5493936809426297,0.8325098551644994,0.02053067581692901
0.3986790021011339,0.5619305948506711,0.8208225239346671,-0.013518501044903916
0.3831153440192509,0.5515998850033006,0.8075022579955803,-0.013123883826299698
0.38340212771319415,0.5653752115074739,0.795081107660809,-0.03282015247274742
0.4497145741021121,0.6342542835424659,0.7732729528022768,0.1860731608161898
0.4126852943357059,0.591357786352773,0.7847282978631152,0.026019279061122894
0.39890621084390127,0.5784278191327434,0.8038355355950004,-0.013726719310687334
0.42659107204536567,0.6154334311797286,0.7763531980907028,-0.01491628961596791
0.36243539978953376,0.5370113936904645,0.7641833248123502,-0.13622342003172683
0.32998124704059206,0.4893337169414148,0.851145486451367,0.007397541859982886
0.38407276957338354,0.5672302577104081,0.7759434679829404,0.06891037232034108
0.36464794805448225,0.5340990782653579,0.8117754945767978,-0.05786636291079209
0.4306761246780173,0.6067245883700664,0.7908624784830751,-0.026276643366784324
0.3615032974600393,0.5307143272576462,0.8228835835385401,-0.09343808876099224
0.409925083990554,0.5793878373340432,0.7799048858436515,0.04020617756097824
0.3478369442908826,0.5098248014701192,0.8563084557716663,-0.074032136871458
0.3706583929077401,0.5411715550331565,0.8372660523429453,-0.019944509208221467
0.38895698187508737,0.5677727540815374,0.7879829458968546,-0.047478909362916696
0.33644889766551495,0.4960612764844344,0.850809589248738,-0.033276268789268176
0.36325262625115873,0.5276293581847639,0.8559573666617497,-0.016702700055919596
0.3603781831865361,0.5123407714712941,0.8530584316159322,0.027316513414620047
0.3520068397872505,0.5109529364737665,0.8312481674454298,0.051548857395536225
0.3753758463633218,0.5367663042981125,0.8259055346861548,0.02637817246744558
0.386592719896468,0.5550236953871324,0.8182679718997609,0.029265667543998997
0.3967039845204488,0.5757246341722521,0.7947680069749253,0.02531316026118034
0.45102572622306086,0.6430765645711215,0.6928915114044204,-0.026018132138279595
0.37523084521747524,0.540350909029421,0.8218711459703287,-0.02885931552645066
0.4117647758495607,0.5993943709781469,0.8021229829053984,0.008823724321617018
0.34606621430766416,0.5148114501919814,0.807698963299756,-0.10941813465532461
0.3581761310616968,0.5159013258776745,0.8530782372153488,0.0011339528596590418
0.3817730472030613,0.5419661256738773,0.8449425337860601,-0.03775406640126581
0.3794039373947319,0.5633335663128695,0.7409644610440969,0.04057703152051144
0.4607749077114342,0.6434537688430894,0.7815838412134186,0.09980119240423418
0.41674871438327626,0.5854235760143293,0.8150491042679584,0.015683190667193075
0.4076469979502684,0.5800100487198787,0.8198212946535429,-0.009271426965569199
0.4417850004402806,0.6319183911749127,0.7590618414009378,-0.0060942174600384265
0.3754488531671655,0.5419049043373446,0.8262375998462077,-0.011707496417556805
0.44071115999421767,0.6233270411608708,0.7797482748988178,0.017454004228393324
0.40456117173312195,0.5905905702493303,0.7532285227054065,0.0002731640728410309
0.32246417427084073,0.4756881451262693,0.8632554720507322,-0.049452497183965105
0.35692387233600503,0.5271791243802225,0.8173262787948905,-0.1280271313176603
0.3943288960318919,0.5640723485852425,0.8233756494203778,-0.008501705352013066
0.3280429374217969,0.47929348704569824,0.859132382474863,-0.04645372674732208
0.35597221984578126,0.5205359798287557,0.8231001001082677,0.07258765922613103
0.3441086309981173,0.5067718094864991,0.833837243947227,0.0337424030556281
0.38782049595115753,0.563081431791211,0.812238792427791,0.038220224127736076
0.3578368147290441,0.5284240630043283,0.8205881987458005,-0.06836604254684925
0.4178287333522558,0.5962710048695888,0.7855778814254721,0.04975988700352401
0.40351113280280054,0.5714130012420244,0.8394620323336799,0.0022009706419010957
0.34138190178510175,0.4954883511094408,0.8633179416392531,-0.036915648704822085
0.37199039752833024,0.5501162642052956,0.7890213443974767,-0.007565346132099956
0.4374180722551718,0.6103486831459481,0.7929133872837189,0.048293877618304004
0.4159493266890372,0.5755649657894362,0.8207615647800923,-0.04121766654483009
0.38832579377864734,0.5723090228029265,0.8062548328336963,-0.026746731533180294
0.4325785358671714,0.6145143034459125,0.7825779694261371,0.04874405124236189
0.35523347999864024,0.5142801548108022,0.8296079544246117,-0.10560419222431583
0.3950174615409042,0.5712261297675317,0.7858758697318062,-0.09497070483719221
0.3873936550430531,0.5541746806464141,0.8207279512767743,0.05471759637872911
0.362146477548015,0.5320707412988342,0.8412751012071756,-0.041287613390541114
0.3980824191390842,0.5667692501403745,0.8100104978759823,0.025517217572470954
0.4286109462514006,0.6083596989987684,0.791996583101258,0.08309746440117698
0.4118084065825571,0.5909789265725819,0.7960144141994109,-0.029749343645283765
0.36317442189199234,0.5310613105410376,0.7998638258582725,0.06823595593532064
0.447269447599786,0.6283838692032396,0.7823514028768567,0.0544545537310571
0.39795383310846494,0.578328033176855,0.7990133769076476,-0.049506811269144475
0.4121280071651989,0.5908385125507405,0.797804065130188,-0.05726936906259082
0.41996185084539595,0.5939899274553397,0.8134017732655632,-8.431615695066209e-05
0.38483258740480497,0.5569196917087262,0.7932712869991332,-0.014104511541635717
0.37089616236095496,0.5340281151596019,0.8372269294864176,0.0961920864230679
0.4134717330014869,0.6003038194710301,0.7699402486110098,0.05628565780915843
0.39920454380416204,0.5653140608630701,0.8126243130431596,-0.026811317089417048
0.45956566890688866,0.6388921806515665,0.791461069984312,0.10992303150893852
0.36937605236528526,0.5246698080304395,0.8399286317719393,-0.08692295682500009
0.34506788030570196,0.505208406875384,0.83938327273489,-0.03015719072040848
0.3668495652974125,0.5250076395120344,0.8223809708038285,-0.02131867098369095
0.3784149859497246,0.5437714262626706,0.8301419304846762,0.017335417272295074
0.3980504208301541,0.5823877422122025,0.7526039214158288,0.025300728975241812
0.367928594744985,0.5437754037087302,0.8050073299614103,-0.12926160052118255
0.39791309664515273,0.5744155618630283,0.7892011789783229,-0.014790446381892504
0.39394136777232847,0.5643628756360801,0.8116045122472004,-0.08210608651913578
0.3930797190444654,0.5661071986689751,0.8076235830693532,0.023781351173129472
0.4156692702737752,0.590998366722707,0.8053180642108709,-0.0180876864798918
0.39679997214928786,0.5599350737312223,0.8194858128508139,0.011418608786354208
0.4061150061444859,0.5850416291838942,0.7947085846902381,-0.06293580382480153
0.39820289391178637,0.5612338444022038,0.828988893331267,0.0038555342282435108
0.313700235174255,0.4702812639274958,0.8679252748781178,-0.009291050104113144
0.39093399987849636,0.5729341794498198,0.7981343628851387,0.07349334462432974
0.45627044421403895,0.6493978830004279,0.7279746298093396,0.0904382856349897
0.34272030882527293,0.5001441590241701,0.8487626103554788,0.0015085230390183952
0.3810300211330356,0.5499071630137277,0.8140305502969105,-0.01603092668284028
0.4627774198434935,0.6487245361479425,0.7647101600380031,0.11913835658091419
0.3557572465719686,0.5073820837358496,0.8575860259303267,-0.021514699813356252
0.3888935492521176,0.552169727911561,0.8345996595455385,0.007734647369560172
0.4131268467523082,0.6012240725771147,0.767187624749897,0.06454547603827113
0.3833440139720648,0.5516013834385274,0.8324060868160622,-0.02925434858569246
0.4254719519523065,0.611139897079842,0.7862371678820557,0.031668608448617123
0.36357940744029027,0.5299989944638839,0.8126474481202497,-0.033548365626117724
0.41994284390511655,0.5929497159147396,0.800757824298433,0.02780115154091229
0.4391598432992849,0.6117673912238382,0.7829795355197219,0.0517404173750509
0.39505299828516977,0.5862023376457963,0.7639146856828994,0.04598748212690585
0.3976583920182136,0.5748380288504947,0.8265945819699965,-0.02744019636106799
0.37141651439620404,0.5368959729092891,0.8355386240971574,0.07384150116155781
0.422473231125724,0.5877090719028707,0.8108061006420932,0.0827207892213203
0.32657155401540394,0.48630745070863723,0.8429631473589535,-0.07326019998763116
0.3768669409185673,0.5310128321175795,0.8430268627392405,0.07961781178879863
0.36723180728489,0.527967541324344,0.8463203784719446,0.05781441010740599
0.422552327286104,0.5973494625055099,0.7970384290898798,0.03179257809213753
0.38920845096791956,0.5470577892323757,0.8189630514876411,0.04835792628240984
0.37667182187186865,0.5402963021440146,0.8278397133890883,0.04247526725328667
0.4431548039681307,0.6095242468598355,0.7927205420383228,-0.050749925431510086
0.34216515599765357,0.4992184442235878,0.8406686637040439,-0.0551580746927968
0.4281510930433743,0.605424611393396,0.7727406546206113,-0.015733358358433803
0.35400877102038747,0.5260090922649987,0.8292358980153187,-0.04644726768388795
0.3423513769168325,0.5064794642642884,0.8246330477826969,-0.046291759569418924
0.36847848320168386,0.5336655454448556,0.8234480354738556,0.0993620726508214
0.4254302119104875,0.6101297894581845,0.8108622470206386,-0.007893884096895072
0.40850935668176247,0.5770676946178742,0.8235176554369785,-0.04604417416767908
0.3784623552639864,0.5401169110171868,0.84101143847244,0.040889456692724695
0.3876072314387684,0.5606339340620443,0.8199708299930849,0.05411177844585601
0.43613448187938164,0.6108148585557637,0.786731025781178,0.09248628523108164
0.40107645354062393,0.5809239170213935,0.8010652424935689,0.03360445131447593
0.3936298133718026,0.5665452142064726,0.8208412483765612,-0.02301463170153577
0.3557385122838958,0.5164988063572576,0.8289815302211375,-0.026636878089219676
0.3908192180319796,0.5521435704414297,0.8377421359689161,-0.060561133463068864
0.39254880085252103,0.5592425797843261,0.8196699386598643,0.04079656118350867
0.41095225299330096,0.5889364187521304,0.7926373705308728,-0.0005188176168224345
0.44988639668458186,0.6450674588320489,0.7780378791324033,-0.06897571722160165
0.39764236623837357,0.5728205310323485,0.8039518541714065,0.017840068308226865
0.34381055027987584,0.5026471896605001,0.829226478053127,-0.005174664866601666
0.39086106855300035,0.5620919074399142,0.8064276573598731,-0.08706441060325026
0.46987222778596444,0.6448645580153723,0.7883341911831504,0.11657803154940208
0.4017381477372842,0.5749217956369795,0.7716232421575853,-0.0743641877863678
0.43814090409485495,0.6060112830613366,0.8124144178589093,0.056747530676820986
0.3728484282837781,0.5312643863111769,0.8405745710187129,0.007510175763428606
0.41252975098815126,0.5938191220831737,0.7822704734019921,-0.0002739285481469175
0.3814957460909238,0.5484178815378041,0.7990437736643272,0.01996975028493687
0.3737689056095748,0.530637207567246,0.8372080341594045,-0.0017154160159082634
0.3612343501283266,0.5261955577377035,0.8411116392437732,0.06558780981886164
0.42047624108566944,0.6068412069767845,0.7805116021201826,0.046245841175897445
0.36622528688924333,0.5445818989030258,0.8026524027406434,-0.08046008653635162
0.41350049587252297,0.5882142030773391,0.815985846623836,0.02520469032741522
0.37801636834166324,0.5503495453681568,0.8152814675389736,-0.08049856913023286
0.4401813009439938,0.6066725214748995,0.81167658437085,0.050829555936005376
0.4097902350940198,0.5908158529297836,0.8208904371892378,0.015323106047976215
0.41662032519593206,0.6014500967569951,0.7916698213746989,0.13646946014640224
0.42837491633651836,0.6110357954821182,0.7687740856207439,0.07096669075486335
0.3858901463555629,0.5578759890145062,0.8217622269531368,-0.06796224043688148
0.44270736880007056,0.6162422512223497,0.800341090065266,0.10340694589984992
0.3830928960631134,0.5568289325937255,0.8208664602573061,0.02065858519015952
0.3823920967321395,0.5524792453624333,0.808771772880395,-0.05562233780206533
0.35458761635290476,0.5086025733526637,0.8476635331533388,0.06454782409999715
0.33624046156393694,0.4878268272357239,0.8439374565856648,-0.053663159893812144
0.4352629897621436,0.6253826212752297,0.7670034287205103,0.022999612991692793
0.38335274682541864,0.5670346428905358,0.7892362149063582,0.003244314156188512
0.43987794886552367,0.6275202925040854,0.7577940538123916,0.1252358579390722
0.42649511380827193,0.6060726746040584,0.7724831772516039,0.05152453550621352
0.36359758307376133,0.5216357094216921,0.8128698137190431,-0.05956122583625562
0.36607859030362044,0.5170812538118411,0.850963134871299,-3.086420707656984e-05
0.39605378372334243,0.5780007618099021,0.7952911727881473,0.1418644889847778
0.3615109041578592,0.5202608450994965,0.8280455104321879,-0.04653162204453877
0.45605814596965244,0.6559753471039091,0.7215626335010744,0.059118555826106166
0.41226482437715084,0.5838505437528219,0.8171544347453428,0.07339627083793475
0.3842369018602612,0.5619655449260893,0.8140850995584484,0.08264087396043897
0.3959393635259382,0.5785927800105726,0.7581124871371385,0.05408264072369641
0.3169560138207442,0.45351288253769717,0.8677624636951558,0.019227898113878546
0.3669148408475941,0.5273047496585542,0.8302033851584849,0.02272460029594
0.3519086105244014,0.5209824608472605,0.8248932969643625,-0.023296995511945744
0.41540283838133757,0.5822046637854654,0.824245057995036,0.007649585042018299
0.38858034534557145,0.5671167629560708,0.8119409982711173,0.0397073098173452
0.3797108458345309,0.5458805424864286,0.8227802301845644,-0.015560356115505448
0.4529367403924691,0.6281880658163744,0.784356588719151,0.09128217355999516
0.38872614389476967,0.571939359773065,0.7891090660635309,0.04503373258606786
0.37904472077372947,0.5617348639525832,0.8099871765096405,-0.026583825320839128
0.38600977301030986,0.5515926887882889,0.829883206028898,-0.009813572452309032
0.3982618612148404,0.5774462715401023,0.7835948367120427,0.024824358640205074
0.41453645734458,0.5977250716236194,0.7814296614524694,-0.004164705272078174
0.38095593781984183,0.5623226083130528,0.7840985368155625,-0.16288402089686801
0.3625077975359946,0.5095155793420597,0.8413903851771176,-0.007043562727390369
0.3856022121794131,0.5558645920817505,0.7941883861580348,-0.06627269223815668
0.371001142854829,0.5414620655116484,0.7935672130393887,-0.04624281169287658
0.3724445313265647,0.5407305014376689,0.8155722843855937,-0.008842829328315793
0.3790266326897625,0.5420842242078704,0.8238053026026549,-0.09477795591735201
0.4448116286917446,0.6387728104858929,0.7531041361075846,0.036216262191764964
0.29593231905532086,0.4373603969764975,0.8525235884063399,-0.012128617769733308
0.35399509316047584,0.5077393225434014,0.8540546827309344,0.037659015516674145
0.4426334182718135,0.6199199820144264,0.7961486537852135,0.05207404986414592
0.373140921354594,0.551336615744839,0.7942552410675452,0.05121442991024758
0.37336902835687846,0.5373619172141039,0.8220060835341495,-0.04662751586639629
0.39991846223838495,0.5785431101040792,0.775889026761267,0.027846005789978926
0.3774996192068684,0.52967816686404,0.836549974760129,0.03241174629717097
0.3563097892117944,0.5216102229258963,0.8212025685285722,0.003599751991624791
0.4107103913075138,0.5827420649360769,0.8141396744580123,-0.09841775904682729
0.3946614145360267,0.5788893855314904,0.7708401104591368,-0.0339982228011273
0.3228731326469167,0.4681498703548621,0.8522734750966141,0.04692414761603857
0.3845456527056477,0.5622588738815193,0.8014186658158827,-0.1331137249554481
0.4386533446643784,0.6153933410056504,0.7923898767481883,0.08240088751476791
0.388284969628721,0.5451806452735501,0.8184065036500243,0.00822464217228713
0.33828226452238797,0.5022442239685116,0.8325507993769933,-0.0022864910940314062
0.38768365151717843,0.5592933337007815,0.8139948704751782,0.13641830054098367
0.4009263065475272,0.5838876784583265,0.7728341012352851,0.009946720090458364
0.3801325740449709,0.5439461628649134,0.8320118118333457,-0.050167381743564464
0.4069748199924985,0.5789050810310508,0.7750096485303553,-0.050500498167553094
0.38732300525175445,0.5436222180385771,0.8298942450759799,0.0407402196169614
0.39597125267336675,0.5669538528259088,0.8050678036039609,-0.03467196911274729
0.4306572106864705,0.6089707858160508,0.8091931540113265,0.11997696993774927
0.39999304748856923,0.5747435449558258,0.7896223157394232,0.06924947671083603
0.3514563072418858,0.5267053404989283,0.8161207525804108,-0.04094166253359505
0.3468998601301412,0.5027786839212197,0.8346970249907514,-0.017289254139595683
0.433927152015434,0.6160930883616764,0.7781257300683025,0.057487698593455386
0.40385383614900416,0.5736402710738379,0.8242401403986913,0.06761336820273717
0.40815326408942376,0.5919957513269427,0.8010034703236641,-0.09271522639335245
0.39483455087513386,0.5512377920961415,0.8496377378879112,-0.008004378254113206
0.3590773547808522,0.5231487931541254,0.8080025659984225,0.016992462816364386
0.39231305833121516,0.5557087050173127,0.8436879396420081,0.036008661188651474
0.3734165207341897,0.5508637884563468,0.806906516109217,0.01795956583584236
0.41636313239823386,0.5858691059124066,0.8125572292197896,0.018276549003536317
0.3740881590480582,0.5428579311067627,0.8310221417633066,0.01519969803371222
0.39257945682547724,0.5790015466259931,0.8054460648180212,0.06695123303971952
0.45323269135440497,0.6373102759184495,0.780513266333296,0.023373898074357382
0.4063794854265062,0.5842731162179499,0.802989184097247,0.0013736927734893211
0.40482705185208273,0.5769731973085723,0.8156624731617654,0.002956361965137902
0.40828911627142456,0.5754105801028223,0.8211628751250438,-0.009062706326885507
0.4040599005692237,0.5671542364942891,0.8417922263928582,0.08338164169960906
0.4185867084979168,0.6022137395034721,0.785228759032046,0.004598761899363403
0.3766175351816508,0.5460376813340998,0.8053880097873906,0.021664110349600932
0.4174456146374879,0.6049252804882229,0.7860508567039213,-0.012487420184117885
0.3598271050141194,0.532551239603129,0.8293941074323401,0.03210931034296532
0.3783671023004401,0.5544690770799198,0.813340420115479,0.042193746600770236
0.3441389544267754,0.49344571491159117,0.863233571276377,-0.009385720277810785
0.4346907910316119,0.613248806164393,0.8063290858146563,0.03940052889994614
0.4092267282423596,0.5951038898774401,0.7762902369991052,5.4635932169779396e-05
0.3434773542935482,0.49196542951444394,0.8485196309819595,0.0055116666999989765
0.40801868180885564,0.5837524729301601,0.8124137742907878,0.03358732741384182
0.430818485841551,0.6127742528692796,0.7618974149892558,0.055881293750987666
0.40585987650526273,0.5780155407883569,0.8215520212712767,0.07866369704041747
0.4189691983972184,0.6072751418700719,0.7936591517971456,-0.03232357135623923
0.38224263003141473,0.5535008456774091,0.8162038158462679,-0.03280058297662256
0.3837296829102016,0.5521229081182244,0.8116785485367389,0.0273259618255447
0.40699089490642454,0.5767323314560966,0.7930684181281226,0.05823722059640913
0.4755433988301348,0.6733932344709719,0.7688269660325304,0.11579383385111403
0.4599784925419058,0.645864212345199,0.7290052991946583,0.03217465702073335
0.4272626944078075,0.622814471477265,0.75698214186886,0.0414133846802561
0.3991195479868331,0.5839308260113557,0.7851790509153427,-0.09697454742397332
0.39752337843000585,0.5698259077867557,0.8231912145463101,-0.029109268266465184
0.4107209302284988,0.5864751667870328,0.8091235282652885,0.016236900223067677
0.4343057113991169,0.6133837900267906,0.7769752729345292,0.022866938034551323
0.36623859054911867,0.5286510407705514,0.8257294559954768,-0.02013463674084
0.4589867162866811,0.6442753843016231,0.7698823703036732,-0.001318306453322703
0.4019202303957395,0.582028469315592,0.8030639460919923,0.009094598992560965
0.40477393739696227,0.5854104289758468,0.7398957971031976,0.006810797031139454
0.39558562367759775,0.5670196453379054,0.8230507131637281,0.03301978505813741
0.34524853701804,0.4980735103656227,0.8518616784211467,-0.03501353511204702
0.35723865318508163,0.517028222231417,0.8312169574684785,-0.07289753166880521
0.43785293076290066,0.6144155533503666,0.7916293769389293,0.09608577283894593
0.36232820577085506,0.5260890729948412,0.8229772357844392,-0.03175106506825954
0.3105809162802537,0.46810592080996805,0.8545121184048636,-0.04223044945838492
0.43368461809753456,0.6179257195334233,0.780106597512799,0.030315880425884005
0.35098416773147145,0.50171966314907,0.8534225936147088,-0.007294273494804026
0.3996660412916037,0.5706228328490355,0.8218317642752697,-0.012693615478211007
0.3873852493496985,0.5527092334091034,0.8083407965607654,0.02174357830396635
0.38892169779485763,0.551857912612933,0.8280237829967866,-0.05872058329554533
0.3712469607644619,0.5407695112059231,0.8261949111008092,-0.03230073690085701
0.4163927927989166,0.5955846166087243,0.7949467374772166,0.05948848710270184
0.3435672870164077,0.5006838981776042,0.8398272535634604,0.056589219961745506
0.3672453358676338,0.5335249848984068,0.82421581140336,0.05870394248965139
0.4467503703819329,0.6392128180538762,0.7463797779896105,0.030389878720767604
0.41545318512726165,0.5796429837510394,0.8107969298181466,0.03912526897115606
0.38255830809951835,0.5535820011640318,0.824598412163031,0.0043334698307249545
0.3823572446151223,0.5541288550798246,0.8026921847801994,-0.05517905249863619
0.3613502522391835,0.5279163176203392,0.8520736237004155,-0.019903991581295803
0.40011592914209687,0.5722885607656637,0.7936576629837827,0.0458389135639002
0.3815170132083783,0.5683302881551842,0.8117881855809368,-0.11312467186368033
0.4080014413813626,0.5837509875273716,0.7949617054213263,-0.03571636579890644
0.4513729264332137,0.6382953658909092,0.7635722518113196,0.11826242069306347
0.3519206271753864,0.5044573694669298,0.8355113266729406,0.0014233225616434929
0.32669429565158564,0.48707198611098107,0.852111473411388,-0.05644027164861016
0.3648844507687254,0.5436750128848762,0.8033506720428604,-0.009416814778556293
0.3545682166482339,0.5151306179947394,0.841358276935551,-0.03511891007768081
0.3136224003394614,0.45589605881143636,0.8571657157234137,0.1156040390331882
0.3936657407516651,0.5675851863599798,0.7909506405559179,0.022372637647233507
0.4023349817036785,0.5828500574193043,0.7851584846018764,0.14191833429159517
0.40760238711461416,0.5808343366984553,0.819844965003615,0.03512994226507405
0.4183703449738318,0.5935183961539203,0.8043476359064978,0.10117588717844064
0.3624532368642866,0.5144502984798,0.8570601748585469,-0.01699160325650853
0.33670180023651225,0.48801624250865766,0.859626689656517,-0.0439570841156905
0.37615906981738506,0.5558258543221755,0.7974250651834289,-0.0037623514751581244
0.3273977285878517,0.48582193150298425,0.8378277921142214,0.007648173807261852
0.36682834124380903,0.5313337981525644,0.8267824137662453,0.017053090208822792
0.3495247005756173,0.5067822540590657,0.8383671237763148,0.041432586180826333
0.4432387105544364,0.6180961654367856,0.7717946720719127,-0.029563530100722022
0.3798980042411526,0.5482762602094606,0.8211578916214084,-0.041757423527017536
0.36546219940187813,0.5334100339837249,0.819900711564498,0.021302606790945398
0.3785224546071897,0.5541650495594109,0.8083867174315202,-0.10103242994411062
0.3237515152977509,0.4820436205827522,0.844748409317619,-0.05800887805169071
0.34488968589013896,0.508353235151236,0.8488155049400246,-0.013294693700118102
0.4153137590304572,0.5983005991262015,0.7855221789565525,-0.04048773676734369
0.4182812652657218,0.5980771236194656,0.8074772986087655,0.014884840976275413
0.39213883437006064,0.5699368072895405,0.8035484641474311,0.01047954122225737
0.40389251539115856,0.5799996110330489,0.7898314780196777,-0.10426079800992202
0.3774668494946337,0.5443725312896516,0.8250053977904002,0.039964948867031405
0.3842196868961757,0.5419124731438769,0.8478447061689967,0.0940842092455147
0.39007566627789514,0.5644182246091285,0.802127597492608,0.010541046029621543
0.38568551050086475,0.5557452932186447,0.8251125561590632,-0.040174522036161966
0.39240742378176885,0.5483135274752811,0.8330817520953129,0.014516873461475139
0.36963824325311495,0.543028151297063,0.8069877452778281,0.0584861589030995
0.43527729848142493,0.6211508841857697,0.7491806686940305,0.0625647276421949
0.3470285179165533,0.5162414383379621,0.8318696175202561,-0.1262685589804918
0.4703091851964843,0.6602880598665917,0.7530789610597693,0.060924725589098706
0.32183521623960903,0.46597926996031536,0.8490668305188727,-0.03995869125400802
0.4367037118656295,0.6171450797457871,0.804678411490683,0.0011844500810063874
0.4314020498967067,0.6083609851145301,0.7772466490803291,0.04041162600691836
0.4230621975804713,0.6040764817782192,0.7979474680971606,-0.00645709474760744
0.3643355582693761,0.5326812722155292,0.8349888171526514,0.038138591707945445
0.38029766369850665,0.5584525114204527,0.8066996454088051,-0.07802439724857205
0.38857820424026646,0.5549032970011191,0.8103366775295111,-0.02113601490176821
0.3734962892389348,0.5518049670207948,0.7927733652125977,-0.044578396976848664
0.41855300677283325,0.5981885287472519,0.7982930181092819,0.07841621757084923
0.38708367078753103,0.5535505512649636,0.8378648352915732,0.04939262619817725
0.3797826598347629,0.5554989352490658,0.8016939007854629,0.009757162197806056
0.43172215319317775,0.613334496605177,0.7895718811469237,0.1098804876797566
0.42503177262925307,0.595896985377067,0.7996648936394489,-0.002069385865096946
0.3878255900182617,0.5644380408405401,0.8208147536662622,0.003251010822433262
0.307620451356732,0.45397821570323693,0.8551017995814236,-0.01855284713983817
0.38450713535648373,0.5477764958738541,0.8146244238937204,0.021259918510467164
0.42604424293039966,0.6131823939247018,0.763091207008475,0.024277600489633393
0.36525057534645633,0.5288921606405464,0.8286302622852642,0.03197619394668193
0.3381549381898361,0.4995722450635488,0.8395863888588556,-0.06341124628881246
0.42713738951735025,0.6115722581425512,0.7714541956388046,-0.01575578191806853
0.35206301120546396,0.5197399368419496,0.8474712172629139,0.03874831195528107
0.42441229931313695,0.6056538881392272,0.7526968522159193,0.05774498445030306
0.36670715751193594,0.5155301067637177,0.8544853713725178,0.06075413718417143
0.37093647511482314,0.5230940798810166,0.8351141049319452,-0.009411582750382863
0.402087702669055,0.5895664217672404,0.7892520995296484,-0.00294379573639096
0.38495450465114495,0.546016260964751,0.821598337753431,-0.015273891755010347
0.3747136083155646,0.5406554413260831,0.8391584712396536,0.0012790179581607612
0.3729095426514456,0.5278601675883158,0.8370603349591489,0.034452117080786424
0.3806243105046345,0.5622194419797137,0.807994735052177,0.05815786669927945
0.3648103534660803,0.5381819891524019,0.8357217954438289,0.023778837736246516
0.3831825088466987,0.5655717776201602,0.7764324938483862,0.05009710237761452
0.3734870507215193,0.5313815042796974,0.8463099080373527,0.011603784270018767
0.38948592676024246,0.5693881320209332,0.7821767907412938,0.03541412855056582
0.359116028324417,0.5201958065722115,0.824725110339556,0.029195350031683807
0.34431905918246225,0.4901155964609806,0.8542292627146788,0.04039893072247351
0.380621243541153,0.5388194596973477,0.8569969640414962,0.09522982709438416
0.41689372624754534,0.59566151299689,0.768908245314731,0.012271564686506795
0.4046953920557699,0.5791590950950074,0.7922065065262576,0.049887141848495874
0.4253664710261877,0.6019892963976242,0.8009672234235944,-0.038801911159000814
0.34240400773129215,0.5003183851779208,0.8369961515405696,0.05508531668072249
0.41154139407341583,0.5847744741297609,0.780353299574253,-0.041896309922402196
0.3997614944330627,0.5818216848548944,0.7603798394963244,0.024175735510185464
0.3604048476390157,0.5129254408275495,0.8235290017867049,-0.03023161204495005
0.3651146828413689,0.537412768235677,0.8077926255277204,-0.03918735289528219
0.3618108613510321,0.5305467815494875,0.7888684538427384,-0.011474830320962191
0.366918442624279,0.5303113946120049,0.8320441799713458,0.0018001382597055847
0.4034698712045872,0.5932657647917223,0.7825241171142038,0.046507855287369955
0.3697663132699161,0.5321584057940969,0.8299501258530035,-0.04399895073761432
0.39310462532140306,0.5700811672545458,0.8094459189570475,-0.047383077879406627
0.3658881083231353,0.5344488217709324,0.8044265443118473,-0.06316762358153806
0.4085486314945084,0.5788282125013403,0.8079141927923079,0.10104715610933489
0.37399888757041555,0.53177070148863,0.8311575506902869,0.030506837661473055
0.3900866590774243,0.5527454378259747,0.8089983965514322,-0.05749948001039072
0.3731023229248756,0.5373689646554006,0.8333090203129407,0.015355345370400933
0.398130108639756,0.5716665729162274,0.7877602323232441,-0.005745894659213351
0.3624437590185369,0.5265180737444899,0.8138009868912477,-0.03818208521935614
0.4026636057686019,0.5706298262267697,0.8025125007981944,-0.04981252199219323
0.348161101915548,0.5078059661558019,0.8463499056091152,0.04740130267823748
0.44705587769988747,0.6212291026616958,0.8047010503615203,0.09585915321399258
0.39821136417265984,0.5707362213073154,0.8110763615777417,0.06514797106094851
0.39753250455574257,0.5735035861046024,0.8060551094723664,0.04091133053344067
0.3718083888602069,0.5439818050786622,0.8055273824201941,0.038642049042284535
0.40183053201838775,0.5781794688224148,0.8034995576628261,-0.08303038084481146
0.375694135427174,0.541800781800348,0.8146361524808752,0.03267353008643123
0.35828723713237254,0.5258165874978338,0.827109549894443,-0.0008843800379959088
0.40379315957556894,0.5790787562044942,0.8064136288317216,-0.0051490551237432
0.42437539320689166,0.6037869044371539,0.767646437986521,0.03900936806775478
0.38354796607202774,0.5633623309477139,0.8003777262793289,0.0003036195789285418
0.43944282797781875,0.6272344442399507,0.748901900479999,0.08366745684370734
0.4546557456666263,0.6389300212526411,0.7785378212164338,0.0435992014926039
0.38075821120890596,0.5546828291314381,0.81437227692449,0.010394915295220004
0.3680330327092689,0.5317942582546896,0.8193491275656534,-0.08554131074242716
0.39112245977187327,0.565854914169442,0.8014622466385646,-0.021642063051984496
0.3677663426890396,0.546416702735147,0.8026952718856112,-0.03951617048575112
0.4251959377348162,0.6067091239750628,0.7941705914860546,0.020347785192704335
0.33763804154245747,0.4894204700070019,0.8408975112913085,-0.04563580655003701
0.41050461016706086,0.5839083791873756,0.803477156254237,0.03337698920188028
0.4319226774710055,0.6159394487315003,0.7896715640792387,0.04557081402599234
0.5040344343108946,0.6900158775622358,0.7371572193475686,0.1816840606892902
0.43017726445595933,0.6128317222734435,0.7554470284665755,0.0716060264990363
0.426251377350494,0.6000619721495729,0.8077049428002775,-0.05195471204604779
0.3032619501818531,0.4425649640416839,0.8863993674995198,0.011745832718127928
0.40946368617772966,0.5849847635506927,0.8163403446946771,0.06812791235095406
0.34300415340137347,0.500457005899608,0.8558269845144179,0.05693045370730415
0.35678679349212644,0.5166228636711112,0.8296327874237635,-0.0633654033380186
0.3799066163713332,0.5464051703019956,0.8178118431024907,-0.008270587418692354
0.4059487323112026,0.5711629300778861,0.8382770291398671,0.054830280470253394
0.3486196814471781,0.5109989217897724,0.8310959367772078,-0.06622646086234636
0.36051458605257314,0.5419459357105323,0.7675303904325567,-0.035279221421728645
0.31879088994182236,0.45972454927907735,0.850843354374121,-0.02539801102587469
0.37926188999033894,0.5519849718089905,0.8214249191646473,0.023484072065255015
0.4081756115974838,0.5830951550557563,0.8085214051912591,0.03434225171457825
0.3575900898489948,0.517436692503696,0.8239614824120144,-0.03439680297859933
0.35714056111789916,0.5236512130162488,0.8355911033551341,-0.03855766178213824
0.3698863007778924,0.5182823806404063,0.8575706262174565,-0.024066325175804593
0.3835928667968288,0.5622400736061077,0.7922119367536864,0.03930993737821303
0.39040838438137065,0.5521690198093926,0.8243109323877861,0.005757991464123125
0.40596428447493643,0.5921243217969888,0.758049234355191,-0.018897213343177864
0.3327564327829872,0.4925542584442641,0.835775565247387,-0.06727398936238936
0.39743180488227847,0.5660830265940452,0.8135410722979666,-0.01553660983466273
0.34312913903077896,0.5051336950438997,0.837050133801062,-0.039368595657112114
0.4359029599471476,0.6179593439789155,0.7672577618188748,0.00797185631918113
0.35281663166148436,0.5139367489190226,0.8368850995056506,-0.05319863683524196
0.43183481965566894,0.6160552820876682,0.7667298917148686,0.15643682089258223
0.4386580922669095,0.6179436380846599,0.8010388034096081,0.06497457293274649
0.3957718637588787,0.5690003586642028,0.812080828776734,0.02939624905189308
0.45896665450178525,0.6534132115082656,0.7710778106884906,0.06627306984888787
0.38880741128183544,0.5520371985897434,0.8418042888265178,0.008513833960383748
0.41623354694133013,0.5963954176679728,0.7694707782744306,-0.11275522576705498
0.38568294594116986,0.5679181221112108,0.7852595970541973,-0.1006253750941776
0.3572917793163111,0.5328355173484203,0.8151317026254681,-0.10921064873914647
0.35626234920550404,0.5251314494811772,0.7936819216340708,-0.07578836840907975
0.36776464353741245,0.5317238336471846,0.8255628577488304,-0.05090786386191958
0.3439068322954173,0.5138603817427047,0.8207289665205331,-0.055325343337063675
0.41911891823313535,0.5918565672932616,0.8191685849027697,0.08204100590689158
0.45832229806011715,0.6411815895156706,0.7530458463690112,-0.03966363080213636
0.4151793277908187,0.5959360058140961,0.7593184507491378,0.14315275223932897
0.4044676455615552,0.5709934218988877,0.8099527993813052,0.08630436461169778
0.41324424344157257,0.5860625810033706,0.8053200176929832,-0.028379784042259153
0.36248059704571595,0.525414910111589,0.8198734664631645,-0.07591052165856775
0.39042761791810443,0.5542291302181978,0.8350349795914087,0.08557205066198767
0.3930941978479748,0.5784653935443816,0.7570424936565453,0.06353880945879364
0.38612818376292934,0.5605308462841482,0.8108392289532529,-0.1506916060923733
0.4213827349821106,0.6053807450979561,0.7639752332644614,-0.1126969253881058
0.3610330366691266,0.5135177173616452,0.863282522632788,-0.045418114328205306
0.379746603166373,0.547292058170576,0.804221838711526,0.009550238265158136
0.36802172300626845,0.5181052127772023,0.8608412933520275,0.0465494707107999
0.3813006264146669,0.5546493585356967,0.8351451607191128,0.05451530987282566
0.38490738705083105,0.562409790666218,0.7989050209028543,0.06155028625495945
0.3836063150834825,0.5532606827200567,0.8147676657253586,-0.04426229416968751
0.3901707045479763,0.5646516795737218,0.7815866749798063,-0.020580789887717527
0.3731222947568085,0.5346932519949953,0.840224430221087,0.057570497562513555
0.4228406810842817,0.6018454552577411,0.783046365921758,-0.021714906421532475
0.42047487815473883,0.5902429678387248,0.8084277311926131,0.07631035005051173
0.3554353073225756,0.5212009406208525,0.818732231466168,-0.08822917307558893
0.36223657660962566,0.5131308245322007,0.8478123147820106,-0.006796493255872185
0.3527368110194326,0.5265431277016808,0.8221022299861211,0.11319596364715098
0.36033605662447193,0.5144336967259386,0.8600645396753168,0.06592328158106912
0.410325071132189,0.5824963529057533,0.8180764390648192,0.10061542152242187
0.37915338779238367,0.549522020462032,0.8319939323562622,-0.04730819101692436
0.37097256332333617,0.5363042665976314,0.8222300804506869,0.02935964424860742
0.36471510643068306,0.5354364244798205,0.8031503168112262,0.013005157884517443
0.395810742246739,0.5652714089384593,0.7975323388646482,0.08370304039627116
0.3690313186924273,0.5317102899238451,0.8247639459071243,-0.07188414256185474
0.42137729183822703,0.607745858333474,0.7697670366505724,-0.011897578243334742
0.4070440445952856,0.5877666867701772,0.7737997933098479,-0.11056700148750372
0.39658122495692555,0.5743081689683225,0.7857150104982761,-0.02560742650332631
0.40685463767221147,0.5881584960496385,0.753908402340299,0.09742356034575086
0.4037753876947437,0.582115234546782,0.8105285512262902,0.07858818187344671
0.41004184604523114,0.592079093670848,0.7969103338862144,-0.015536938860127372
0.3302690196540212,0.48491903510251405,0.8494037791284144,-0.0360193199932318
0.37770348358163375,0.5492127412976531,0.8318627765947796,0.0011246899522272293
0.3920609338143453,0.5712732925442371,0.7918621725951567,-0.015991551093385546
0.3817323810702709,0.5524598256454247,0.8230476374275058,-0.02338155287081829
0.41579164104310196,0.5970431480875799,0.8110994554263362,0.04250335235255206
0.47854681570759966,0.6745368817798489,0.725354017905998,0.06650207431615943
0.36473841851330957,0.5425175138472468,0.7893947746316415,-0.08326834311367072
0.35288870870765193,0.5221432969075855,0.8319709924083716,0.0019718241500306117
0.3872398187638939,0.5620789504421282,0.8162359062482543,0.04138003248123727
0.37283149984320285,0.5384942159753239,0.8188976381577455,-0.04856758467234384
0.4246361886003794,0.6047167009409544,0.7801325539162175,-0.0717702349545477
0.300674582790503,0.44039281818635534,0.8689035155593171,-0.021893797610902297
0.3673823186744248,0.5519792354805589,0.77555618602276,0.04855775261332348
0.3628244772343988,0.5251032850362093,0.8310182650429245,-0.017389038039388193
0.42490217256972346,0.6035406681595109,0.7698293644446232,0.07395386541530158
0.3953042339074117,0.5707469406894259,0.8248620761795364,0.02688237820620432
0.4051632779488824,0.5740448873535878,0.7995014745646384,-0.06256009085558219
0.3835229827794306,0.5429406883513518,0.826518497003138,0.007938875641977625
0.36264921933548067,0.5426692990470486,0.8269185984393574,-0.08245485625490831
0.34716169821550646,0.519357266109122,0.8350868467071965,0.03491283063962765
0.3809858765280318,0.5582023377972251,0.8081514542342311,-0.005062214405258056
0.4023413557642717,0.5755675521003708,0.7981096645042567,-0.03459154214446807
0.42230278912379576,0.5960951858857072,0.8021532378900753,-0.05135988601677896
0.3893304463391407,0.5653095501763268,0.8256671878805134,-0.07770862701159469
0.41879453592692917,0.5871841924566137,0.8119984688359425,0.09233793722306761
0.34240246860477647,0.5030468692415866,0.8475723566595895,0.023429699170682872
0.40153927887396523,0.568799741996567,0.8238433909670634,0.0037399670448487257
0.3893813494386315,0.5571594627200829,0.8318692243145654,0.03879636125507493
0.3660246009253837,0.5344489483676287,0.8293337290130169,-0.005308532899222932
0.3901923436833611,0.568477762903846,0.7998227697868194,0.012462909541429116
0.37472692498355037,0.5422901097132599,0.8205819607781375,-0.066434500176557
0.4097804309468882,0.5907481311900241,0.8003721485893758,0.034506748798756634
0.3587546195567727,0.52199235814778,0.8372525885361399,0.02691287824648771
0.3831020311782181,0.5501585720557786,0.820265469006513,-0.061021829766382
0.393107267549661,0.5653352871374655,0.7962966988690021,-0.043865430242804884
0.38584547608314956,0.5644390147743399,0.8147181116471504,0.011560646371219193
0.42582928853138347,0.6182220319705704,0.762631547807381,-0.00038526891283575964
0.379000794420782,0.5447669149812422,0.8338527651313165,0.028318981542825274
0.3456460129213691,0.5144256618428745,0.7974218953944276,-0.03748823098144191
0.43070076396577084,0.6068068172915874,0.8168359873346502,0.07290084293164378
0.4053536677330087,0.5859286084104915,0.7981634592790686,0.01066918223713428
0.3915333489257726,0.5701422267481757,0.8145543479282027,-0.02390065050153017
0.3352467689147981,0.48344560146332577,0.855068532829195,-0.0792659768072329
0.3572095149262316,0.5307724675972119,0.8192343012847173,-0.04090937472086337
0.41882099782760646,0.6024379013760301,0.7951340657256236,0.03623984341966608
0.35745323535321,0.5183241055260929,0.8338961875377587,-0.055790382304062185
0.42225400871984275,0.5978320808733527,0.7962123611280035,0.044713993647108
0.3668059156377408,0.525412742644632,0.8213545499733236,0.019778752564924035
0.3793746145446183,0.5566616456043298,0.8085815375957505,0.01564966432114485
0.33874044781491447,0.48316644996777747,0.8625121029196663,0.004140525347260008
0.4447169392494443,0.6442544451458023,0.7376552750530594,0.0033993650434117847
0.401308653250456,0.5751854569361475,0.8121430892202146,0.0407578456758973
0.3957290385304803,0.5740937900673425,0.7930191113546614,-0.06536931682831967
0.3917395898661849,0.5752708050326419,0.7535097567916621,0.03163365241435312
0.4230238631635548,0.6043614068692353,0.8030584854516034,0.06632453295066523
0.4025433227588372,0.5751913922763379,0.8077705271406317,0.04789352922297696
0.38477913650889195,0.5529086397076868,0.8244761808915194,0.00013603818613027263
0.34722955695951907,0.5043653558345096,0.8342101804713312,-0.045017497788343575
0.36961579980233633,0.5327525323069723,0.8257728005880473,-0.012905200611312577
0.38193906067157546,0.557859713268013,0.8273070029692022,0.016080936363506923
0.3723032059532827,0.544324060743795,0.8192243020208316,-0.012970853911101159
0.3966604213066309,0.5800429108280204,0.7920912157187651,0.009284041746715804
0.4556068185624025,0.6393605056866174,0.7630227205231658,0.014685993351764678
0.37903326540072263,0.5524230520003195,0.7882834352096455,0.10571569546310541
0.4080107181364785,0.5889925320322305,0.7686861991694627,0.01341199889179026
0.4435331182536235,0.6404612061738644,0.7540366468619171,0.06437259392852548
0.43475722065076516,0.6075955720050363,0.7814488105266251,0.019987154682253906
0.3220546070122192,0.4737350435949314,0.8564318026956803,-0.08624520985639443
0.4348738618931694,0.6152088441231898,0.7706437147229236,0.031135273588984963
0.4161564645049752,0.5990430047132247,0.7836409114050567,0.05275647157803012
0.37396966008514065,0.5435442797835633,0.8332892314215521,-0.025459655603562482
0.3550322001303944,0.5260232261557749,0.8309730971402025,0.0018981242432580224
0.42227002752774423,0.6053003215586468,0.7785599756438238,-0.05229724164155457
0.43073433739735534,0.6133545174786722,0.7690859602934108,0.022947496503104053
0.41805106105965845,0.5972710231306293,0.7984781051451105,0.029842458405130758
0.4109663477494484,0.5863198544092676,0.8091030660663701,-0.03392731119567832
0.3720197153326464,0.5374122923838838,0.8213044153865132,0.008198289011032329
0.34765206565705215,0.5040589230649382,0.8395229357284759,-0.005056738202160677
0.37598985296212534,0.540893747030811,0.8310514044808515,-0.0041325003771041004
0.3877343985697504,0.5481850824493177,0.8459232587248255,0.0975568541455958
0.3832898827209204,0.5578881742032457,0.7906889929071899,-0.013615031506713438
0.4300717292707429,0.6243922309535552,0.7260226301088997,-0.08223969718915075
0.4339768564118712,0.6255720272534943,0.7710388348615578,-0.03483947576532436
0.34086865831648805,0.4827468377254892,0.8523771144520036,-0.098209090495981
0.3903425304126546,0.5797892005210025,0.7680956936741794,-0.046269712020165624
0.41683031434223417,0.5993749594895088,0.8044700504003381,-0.05607386051286283
0.3778984266842493,0.5604867910094741,0.8098701377972418,0.019825721732660798
0.4320412191269197,0.6178873214000042,0.7551905872926029,-0.0350031137040343
0.3804696907351273,0.5407095001187,0.823130873343353,0.0011968921645960286
0.4116493928746401,0.5822752006167167,0.8116703615739722,0.0943156050582466
0.3964493508673049,0.5720155315695635,0.8045890060056885,0.10712429384374875
0.4327714235223314,0.6084373867232514,0.8022223098062232,0.02124436853548128
0.3831620204788566,0.5511524500302926,0.838530001686234,0.000773889255094354
0.390594618639175,0.5601124846669102,0.7918834981590088,-0.01840563877805068
0.3167440602644206,0.47982642836006406,0.8366188579144739,0.06871473929366849
0.3829500046737877,0.5558722501338111,0.7989169475623721,-0.013089966903624066
0.3292371543115013,0.49214718164923676,0.8317203168435309,0.0033818957343998103
0.351104141605407,0.5140716549425387,0.8284169975744425,-0.012840464010113755
0.42552733072416166,0.6084534536655958,0.7913312485871823,0.018578742414372844
0.37393376276815016,0.5439762764728293,0.8058142584625292,-0.13021228509813154
0.37447978597965625,0.5390802294353548,0.8311259636412602,0.05226410094252793
0.40328262016267696,0.5788249091860573,0.8110159977260485,-0.00555665606277306
0.370521389769633,0.5343314528081898,0.823524975616969,0.012191716861986557
0.4165081204054559,0.6114502434238489,0.7493308063011768,-0.11112243525065177
0.3730653518645789,0.5393940256617079,0.7986649813526585,-0.029062237086694604
0.3764678214229548,0.5376738788429112,0.8337605478316854,-0.01723205214992306
0.40625282646022876,0.5940614628525134,0.7814958530575351,0.02810606985656204
0.3861489157717023,0.56099858592215,0.8154157339474668,0.0762660743050477
0.35770312443941726,0.5225314276646822,0.8263642389800004,-0.009677246480640203
0.35547489229049567,0.513789825153196,0.8253878788452711,-0.04138748227504186
0.39669516632598506,0.582487451247346,0.7830401590536036,-0.11385665325051822
0.4359060718889053,0.611679999798473,0.7764142473440092,0.017952952457844673
0.37590901750953476,0.5582369778663171,0.7114987483438512,-0.08986539863762627
0.4058064554333597,0.5925639897617769,0.7929627444582625,-0.004700184703996775
0.3958551445809612,0.5672489907559535,0.8045011504556883,-0.00344222172088548
0.3635366058943742,0.525794955459919,0.825471343771333,-0.033208831816293104
0.3534507744532985,0.5198186919416767,0.8193558326141048,0.002930939671435953
0.377104016995152,0.5535576439478974,0.792942145815161,-0.1005139980991217
0.34230612092661195,0.4943802560182553,0.8393743645284654,-0.0415377351612172
0.4096511036500651,0.5845444736981809,0.8027434823768497,0.0017312785419563578
0.3331607493303908,0.5027805292135922,0.8156652156184946,-0.09676077222930413
0.3706852482027805,0.5454407863354899,0.7983343137489622,0.025878549680486664
0.41655097564719773,0.599588150204272,0.8272018226407818,0.08719621697834665
0.4088664358204739,0.5828059478359386,0.7881354312708578,0.0416114912785497
0.38418911471571626,0.551917523606067,0.8264310036970434,0.07830112958864012
0.41096665362583495,0.589811987828066,0.7966758547973632,-0.061191109665953265
0.40264543559359334,0.5705434981510124,0.8163261217094968,-0.03917152119351886
0.3800235359861848,0.5568363464304679,0.8018005991866547,-0.07654913016619388
0.34764725693345544,0.494976731944564,0.864390052212974,-0.011309904265128037
0.3646891162144665,0.533632412427197,0.795829575153659,0.01773230802511008
0.3613284821872618,0.5102002469007975,0.857841476588565,-0.01321507246672202
0.3583163498444848,0.5287120215268907,0.8188938546241152,0.012980376043515443
0.36810826677434155,0.539330086101166,0.821948195863441,-0.012040340382083669
0.3490338169104875,0.5127528776258587,0.8162478927592347,-0.038959855199947206
0.3619116741334435,0.5063718357154392,0.8646570208350616,0.004813611792744427
0.4025497855020435,0.5896232874010456,0.7749732263205766,-0.022402323346294717
0.3692034554927265,0.5369153984020671,0.8113402665557697,0.07148867509154296
0.39164899544357135,0.5849540617031331,0.7662677130261533,0.0766084514677769
0.4176496399524361,0.5894124846383922,0.8033348748060591,0.062194021020566544
0.4340724000488823,0.6189403916736193,0.7967251443105343,0.0863109524324682
0.3961569748653201,0.568578013031442,0.8120588874857615,0.07890948534581868
0.3756679173237427,0.5294045469024053,0.8416575484062627,-0.055369626108909956
0.3650372789626866,0.5305387448227495,0.8459921962240935,-0.08892554892790758
0.35159430677300163,0.5083784792606065,0.8412912818346161,-0.09370630793823481
0.37150498608688126,0.5390883255008924,0.8246997110142348,-0.060578221672372264
0.398753151091534,0.5825308020633116,0.8100180507338108,0.026381340995926823
0.3516831617808287,0.5182941138656243,0.8425758433125494,-0.036624200117923986
0.35284779851208287,0.4982924577346601,0.8642804162537264,0.03024551545926047
0.4578225539336236,0.6389976732475013,0.7849994286806247,0.06510334731474914
0.4173956642097387,0.6059609929138532,0.7943593054674073,0.04771463243781617
0.35335526624158425,0.504143613819687,0.8201133070679898,-0.027890669121214847
0.36192680368496766,0.5369075878239254,0.8164272939502233,-0.010957918442320712
0.3482574406563743,0.5090600930446367,0.8363698617905376,-0.006424575602864769
0.3867931483851769,0.5736084124386969,0.755254848593986,-0.041218683492534366
0.37818146821456267,0.551177815902891,0.8061842048031302,0.07598165591893379
0.4254325171174004,0.621210582166852,0.7942144512842844,0.05852009186824865
0.3490801039566152,0.5078636339485224,0.8345449017469267,-0.04774005879553697
0.3573218708265166,0.5128094186566382,0.8329608601209326,-0.05528449765969733
0.38824832618615596,0.5690680952528807,0.8145326071315477,-0.03609582247864252
0.4233092029629885,0.6000970490056934,0.8016717350748609,-0.0073322847871926024
0.40732626877013545,0.5850546347770043,0.775374145213022,-0.0218574989616582
0.37090743737186316,0.5302210486514944,0.8241631724879023,-0.03216489045150605
0.3520458416303084,0.5255413248908035,0.8181383623662704,0.0592192499513648
0.35377578082746747,0.5064155100189536,0.8435420282846431,0.04339789546071573
0.3768228665955443,0.5536533291663701,0.82952552971485,-0.03506187970067659
0.3903665555796733,0.5807924569847196,0.765564461140618,0.005082405835487607
0.40511772719493705,0.5770616945741432,0.7903184930762943,-0.01584856664205216
0.4125100553507324,0.5950949535451198,0.8136459139226474,0.01614720534789326
0.38123739115468935,0.5600832492921975,0.8047954921449815,-0.022152410456746773
0.40604333219929994,0.5818984086976462,0.8004904472136212,-0.08821239163118197
0.4536795957768556,0.6415665169001059,0.7765681826803055,0.022211874615482914
0.36573267861647774,0.5476842656065609,0.792622837997867,-0.12028666308143095
0.3505716843927045,0.5249680567612783,0.820031607425717,-0.030214724721522507
0.41766710424362063,0.5970732343983748,0.7653589402841146,-0.058265071127749056
0.3986651391074209,0.5761649061135456,0.8009807210977338,0.043700138768572205
0.4355273827980644,0.6171616799665244,0.7812375181788664,0.09203817612838885
0.40415348575975246,0.5729851230602803,0.8214868344831907,0.010568368442764094
0.35047303084994275,0.5070079590468325,0.8524350090160269,0.03394290588238532
0.351315673977688,0.5141619607133562,0.8352042145618893,-0.03151771214141224
0.42733711142411385,0.6184773422564593,0.7958092025015245,0.06969788176081983
0.39913784288220094,0.5582638084864064,0.8162247751628693,0.014862411812628545
0.4126731051648239,0.5884340829212743,0.8125274707195526,0.05998365101256642
0.4281864920635206,0.610015894860943,0.7863263722019098,-0.008106010808737423
0.33084925410828886,0.48881331874166495,0.8443504979581318,-0.059229302688720675
0.478433019830691,0.6599522193213407,0.7775744230904832,0.07598838649306267
0.3807170502578048,0.5580240387262412,0.7986016129869401,0.06145914851540906
0.37114530791987776,0.5366878176137471,0.8062926729527177,-0.04940973227022163
0.43662687421711627,0.6281450163050909,0.7588553971814713,0.037174225470006136
0.443680096690331,0.6325107546642093,0.7899942748637209,0.07900550449247919
0.44584946951016213,0.6192965645574273,0.778818124844154,-0.053890394756045824
0.40043992717015126,0.5700313214616681,0.8047024118551993,0.004350839886460248
0.38047199548488186,0.5501481048209714,0.7911520410549557,0.002235605106114028
0.3658556244868173,0.524448003467535,0.8522853554795338,0.03905404310220731
0.3531116163169623,0.5172491574780008,0.839122975151932,0.006458715577285309
0.39146632694118083,0.5776194966586937,0.8099273703180594,0.03589318528098134
0.4243911414744183,0.6032710656131465,0.7818815319834173,-0.10917154621245703
0.349185606990025,0.5124838623715308,0.8079767314796712,0.009280165768265911
0.3802729446491463,0.5383067753462296,0.8192280607169291,0.02658367442813681
0.4195973778848153,0.6002656531782775,0.7914543518095126,0.009445174674139124
0.3467809714821967,0.5155033267479497,0.8340107214276173,-0.041969868170799535
0.3196423372309976,0.4629186670989104,0.8521816194348169,-0.04409431443744985
0.41284883460200694,0.6043790337478793,0.7767686927180399,-0.002139476676947505
0.37861429840827465,0.5565734655548197,0.7716254969580016,-0.06038519470341411
0.42585653741242063,0.6134640673232706,0.7789929300968244,-0.030128667775729208
0.38030846197570933,0.5542645903675721,0.8054407051602908,-0.008346652878814217
0.38962795925777627,0.5648798756692903,0.7936606850861807,-0.013672388284796428
0.3742928987601776,0.5477718770011174,0.8183150573288216,-0.0032580371102623315
0.434385432422383,0.6118061269642814,0.7954771786741633,0.05072681239648508
0.40643509341823014,0.5929980322067369,0.7974728563023374,0.015964022472331443
0.3334751239254831,0.5000523910068351,0.8276210095136115,0.027824364797153053
0.34702081660058404,0.5087143271841363,0.8446977107883981,-0.05581109894131305
0.4346526489744833,0.6104951531330955,0.8110913354691106,0.04622878052646629
0.3162787375494611,0.4529330067016737,0.8711549964604709,-0.005581698560557601
0.41719470952547305,0.5884760552824408,0.8110682883456084,0.1189472305332746
0.40645754624223407,0.5715205319569029,0.8329689137149567,0.028840901745113997
0.45948430948337976,0.6426923872501994,0.7587015258224139,0.17658233221132036
0.38808379173060914,0.5737740395207025,0.7637647620660101,-0.06753598222401118
0.34797829832008687,0.5216834145440972,0.8250547104844292,-0.06083924898427195
0.41429369631026836,0.5901182958346305,0.804508891631463,0.053453094259465345
0.4297843745145149,0.5945621339323222,0.8077599973294987,0.10046083870755833
0.3965001563635038,0.5719522359108299,0.7918068414608257,0.09629534159643204
0.3771694013691681,0.5553954826787054,0.7946734432159216,0.037517380545105776
0.38415220127559596,0.5539313183633977,0.8173349587189973,-0.023084085524791083
0.3865041523923154,0.5517151967458315,0.8255122832167163,0.002534735033731464
0.41559439134520454,0.6050909556680466,0.7241958277948173,-0.0711735598051657
0.3010787898693871,0.4409438754220397,0.8832963385870807,0.03807934871851041
0.37681374116796545,0.5450546527164097,0.8311511054311047,0.041846383980324336
0.3347902101105413,0.4864392706003894,0.8528942690474518,-0.03643436736387783
0.42269667405322203,0.6039375378116203,0.8019303159260778,0.03520650632668502
0.3826252955798291,0.5589607882612632,0.8133379710204428,-0.13148060067963968
0.43540504380863254,0.617346593121963,0.776410117944003,0.03636249964028026
0.37291649589059916,0.5494311660994635,0.8218866012159187,0.010984943637130097
0.37727945449333694,0.5475595979759511,0.8398919003863469,0.052187837909088666
0.3621024408325454,0.518116179788692,0.8287426958449748,0.05048417650474549
0.3842701749603825,0.5586318820270388,0.812812749716359,-0.07728849561013075
0.37448870119552535,0.5661564107968702,0.7849296367870213,-0.06519632967379263
0.38899124319008294,0.5458552455834648,0.8349064362288253,-0.0062448542271209845
0.42437053730624913,0.6083413263978952,0.7897842674252771,-0.021621114061258676
0.3392493710087221,0.48983213966175887,0.8537254681305205,-0.051119370164373235
0.36869527476051833,0.5304518376741599,0.8422564410059955,0.030480777615850566
0.37762494210635855,0.5513664075731525,0.8159218935368536,-0.0890462603289458
0.45482707720292,0.6447786436848658,0.7504005614073999,0.045219834794647557
0.37989105254189914,0.566599644727932,0.7849274429167774,-0.0812511834711918
0.4213715176754079,0.6005101926842454,0.7910816557440528,0.07927249710808809
0.41984363333495495,0.6080789450471075,0.7379961538235897,0.08170644069587571
0.3595076121427628,0.5325518306142811,0.8155666539419095,-0.007809962196014756
0.3770960116516651,0.547894342104116,0.8123567061796774,-0.06630050037812842
0.38956402138692897,0.5616920031976048,0.7977107171323902,0.01533506418360703
0.3977565469973218,0.5754517346415536,0.8185238201715569,-0.01688291663184918
0.37797807645845427,0.5435722658070107,0.7986834623534335,-0.070342736386293
0.36395374582868095,0.5183258915654458,0.8369119840905704,-0.05550137018761985
0.34014875668040634,0.5003703383980728,0.8286525081048306,-0.004458425672329975
0.3848882239663684,0.55623733185229,0.8112926577391112,0.053160559243038814
0.4076085480961055,0.5882294918084959,0.8008856960241367,0.009953599859407913
0.38746141006481044,0.5510618471580098,0.81403233608256,0.09160055532201843
0.4082633896139509,0.5726872403093287,0.8274044522872788,0.010041481780667348
0.39309323288134385,0.5559225441045703,0.8355351696964775,0.017045559412568766
0.4270656334941495,0.6129157950120057,0.7521975823223552,0.15614667747380015
0.4289783360557199,0.6031401854491265,0.7893176968014239,0.058231405739207216
0.38524235934686246,0.55918046379747,0.8159198874044278,-0.0778236281006498
0.38869119878953,0.5589280485061002,0.7945631462359125,-0.05646091600556554
0.4000079824549132,0.5764139541884002,0.7790484200806703,-0.16263318171083904
0.3804591994942879,0.5446716737365542,0.8416880582347784,-0.01636113383812423
0.39434895012818605,0.5630498595725653,0.8322632322661032,0.010385694850143175
0.3620751370587835,0.5248600262370119,0.807721472336502,-0.0492555938452444
0.3337588618665336,0.5008300910413365,0.8289187665678781,-0.012454030600236582
0.41224934295295024,0.5950621355453412,0.804305107239834,-0.030926684391767774
0.3591696491027663,0.5313888072421163,0.815612472267631,0.07313828673795242
0.41630309664416904,0.59740949379726,0.7799388670980134,0.040694085531835525
0.4065811095084746,0.58637577579035,0.7883462935247811,-0.03231327009727925
0.42289648590131756,0.6023361158606452,0.8008041032351337,0.056431191380531494
0.3603841757321967,0.5252283151429483,0.8055822046554574,-0.06376190461104997
0.45729612322254587,0.6381930111660307,0.762655587197006,0.10389636816952583
0.3674201472398338,0.5299422400890833,0.8385073068515865,-0.030076605364664482
0.4186298686138304,0.6061798711956468,0.7987867240447861,-0.013510137474421218
0.39944966209077587,0.5815327447891001,0.7934576135657883,-0.006485079194039427
0.4328350329039992,0.6248477125975642,0.7501895702420115,0.040808054307215194
0.39723887953308723,0.5818059027289368,0.8054788958986,-0.058120922801155876
0.3524091382911149,0.512554082976723,0.8390730975256022,-0.042637249199531366
0.3605544155542404,0.5076282788463331,0.8528808333843094,0.012078622632270561
0.36713738673506535,0.543123105739861,0.8017098693410278,-0.04730599776363601
0.3786552784551928,0.5524296054905984,0.815207530358353,0.015723325695161567
0.37613823214458764,0.5656116520970303,0.7911112495358994,0.026681929222321658
0.4025072299001817,0.5820411026819814,0.7815617420647402,-0.06540618123057906
0.3928196282333382,0.5752924205714313,0.78061586032371,-0.03071310071388586
0.37008426147339785,0.5380307452419144,0.8385928871882264,-0.0024750885930837864
0.37392687341451547,0.5384954120626584,0.840224140058388,-0.06595607045037584
0.40948810687452164,0.586735482520093,0.7905900323472475,-0.09716519735359812
0.3601741109937405,0.5202104142863536,0.8370629581745146,0.005341847913828911
0.41934618279603647,0.6020625540892772,0.7906856518448621,-0.00811552398919055
0.36845334012112607,0.5514108031463936,0.7617698381968111,-0.03938037630754183
0.42332677997980817,0.605938024415628,0.7998823362389968,0.07362301530453998
0.37440268957037054,0.5418049863536486,0.8190798204276599,-0.05339808778304575
0.4035066114960919,0.5787292206548307,0.7859379450191658,-0.08283060762658244
0.377342868034949,0.5523043481766743,0.8281908768580041,-0.025160677365814624
0.3605193734973054,0.522874503440616,0.8397216828078342,0.021454438891924468
0.39248399595498523,0.5714956258583629,0.7998299637128916,-0.017594778316776517
0.3433133473485684,0.5066972473900622,0.8470845684815069,-0.04023777515104328
0.398166744501962,0.5647573619410424,0.8306594438898864,0.037669886964063565
0.34069005441437783,0.5152800316199716,0.7734587260907783,-0.09105199280823024
0.361738122932032,0.527767676719899,0.8342573035153406,-0.07786057176880848
0.3676824568941696,0.5366809277462065,0.832758882317933,0.01294926865771903
0.4231023578412555,0.6003457347483041,0.7826124542424234,0.019213687925187788
0.3872427426127991,0.5611122743120294,0.8267584689505274,0.03200067966209785
0.3617330395304004,0.5147251743821134,0.8540928680572282,-0.07779873652954174
0.41106482286454493,0.5876194996701953,0.7916044116466806,-0.07204041886657175
0.414209590003723,0.5916516220694013,0.7988945546444189,0.08283548064076239
0.41647252809312546,0.5912243246628957,0.7978303143856773,0.005738373905472982
0.4405069982355263,0.6342826917306537,0.7489837033872728,0.03600122166583606
0.38283785830435846,0.5511493637798087,0.830067016787131,0.02267957669173389
0.42010144345512035,0.6016585513839651,0.8016544107857397,0.07843632774099005
0.36416663018515155,0.5275696610191093,0.840146842100008,-0.03591286495457816
0.40253878253812925,0.5859723819192818,0.773627144722167,-0.04242766051251288
0.4233055331588671,0.6244449088519092,0.7206357856237213,-0.21338129551345483
0.3748958775403647,0.5450682825741613,0.7980375364148289,-0.07539905048653948
0.4388544854017595,0.619985512982645,0.7810162879449877,0.08328006097489256
0.41231410109621963,0.5904812251090039,0.7987816234511245,-0.0782079864477005
0.4141517416994351,0.5943955993831818,0.805877486153793,-0.13350537923974823
0.40420048356044674,0.5766150779033777,0.8151885647557544,0.025259601533396975
0.41112349071248616,0.5987517194115566,0.7533528106509028,0.02503874476243597
0.36315076980821176,0.5135499225152977,0.8601142804789478,0.04158075298480821
0.3672111770519835,0.522580302053289,0.8272776039887536,0.04121302134198409
0.31661607323223895,0.46395075366978067,0.8685159203254602,-0.07340263055133178
0.42643563544036817,0.6184435623517216,0.7594882656159108,-0.0697998572587982
0.4399487597643647,0.6281205335442831,0.7670233055939141,0.054121841684346014
0.3503939490549918,0.5018940504895443,0.8457591175037311,-0.059258121434406834
0.37696107024434644,0.5366840396873073,0.8274764923715858,0.0028102056949258
0.3684651254630179,0.5389249336070355,0.8132281274147257,0.0299725578814102
0.4412365740886024,0.6371047431099671,0.7616122847270094,0.018984775862559828
0.40140951001146646,0.5733613633048033,0.8157703553997758,0.12596076679323723
0.4079596153596488,0.5871411800116129,0.8096951716168407,0.012748199680430394
0.4385573255907653,0.6291905584700295,0.7854826736199195,0.10448611971157364
0.4008396102819464,0.5853480851782131,0.7786166639720932,0.09613444768146871
0.33525599669494005,0.4926685667233771,0.850573280001769,-0.07656514231154996
0.34522411529914876,0.5099664419702381,0.827684782955971,0.001399221689299403
0.36635023313702747,0.5280617641802069,0.8403463411896998,-0.026709522593060586
0.3912376103548531,0.56772359496574,0.8148471461712671,-0.008117017516457175
0.40067037152529233,0.5741134653468006,0.7857004891786235,0.008611005803710846
0.4149566887986004,0.5986323429387559,0.7743499128616198,0.03582474436171401
0.40338813942233687,0.570926115294178,0.8126054606810407,0.038972773352133505
0.41452139434654306,0.5838232599083453,0.8077429257572484,-0.051240248080421706
0.367051896846272,0.5250212535122976,0.8359322577965159,-0.026163375692214066
0.405412436861044,0.5822407876258134,0.795420680313191,0.06721755291871763
0.40464284131632644,0.5734682833417679,0.8371681075776307,-0.003595645858455618
0.40419748322452254,0.5763865187156954,0.8070765584924859,0.045283477207755454
0.4124343281706133,0.5916479292757356,0.8058156836062382,0.07834148555577951
0.4646462397830307,0.6412074290183775,0.7691696899468987,0.0784849085223931
0.40793413508315723,0.5894674647848698,0.784651404131494,-0.014162065641035716
0.33783110082087253,0.5088351043700075,0.8261494872713014,-0.081149674977657
0.3529126815131736,0.5203631084340028,0.820352096151885,-0.04797664555718439
0.40257564397509316,0.5864721274891186,0.7901599159141706,0.06216182704491614
0.3750880489199511,0.5455110048986194,0.8170319194114781,-0.056243498740129835
0.4022098749876843,0.5857712209265032,0.7932616582171349,-0.01856515409996662
0.3468259513137231,0.5092565204557687,0.8181002009126914,-0.026424137743397445
0.41128382122153306,0.5931984312158692,0.8017208771514748,0.10665083471052626
0.3691792761006513,0.5512016221415087,0.7678111776513695,-0.12419497780475858
0.3717171058219294,0.5523825205286017,0.800340090770312,-0.02349727383425224
0.33606823986752093,0.4997170526567582,0.8173496365406695,0.020289839883371085
0.3936063218978748,0.5729173287589554,0.79732227970745,0.05610798882385242
0.35994696972294066,0.5083092988627033,0.8420008326819525,-0.03065029930588866
0.3722846690030496,0.5270092452940751,0.835917719372095,-0.038210980975071876
0.44287320923079915,0.6333594760842497,0.7285782425591079,-0.047825162985752845
0.40878230942469745,0.6031759329396754,0.7701435341610883,0.02814554851471937
0.38171853156752106,0.5597268168873467,0.810326895798997,-0.008690041304415218
0.3444667099681086,0.4968944117780782,0.8587418780110838,0.03349060461343479
0.3559879228443929,0.5112290800089621,0.8378737396910368,-0.08193460798539677
0.3867604754915056,0.550434250152825,0.8489585807989469,0.01671810278548169
0.40151635743906694,0.562816135918696,0.8269994785310733,-0.004600382878044977
0.3390621330070363,0.5020712342250954,0.835118787781751,-0.0274669135152478
0.3984877243129678,0.5690640891455276,0.8022847769620206,0.027701766826128137
0.3646147410405743,0.5257667551059575,0.8431452696060633,-0.017288397856806657
0.3807269358637308,0.5540090834599269,0.8138179978294291,-0.012652122202180916
0.3827282316016662,0.5489918940547469,0.8177793231163569,-0.019501012765108617
0.39528285180036077,0.5564782682235764,0.8062917514976623,0.10585824287017245
0.34212046987307515,0.4956086675627047,0.8600545251296262,0.02277410840177484
0.4146697412094356,0.5964768415535535,0.7792523428150655,0.08622190890080304
0.3691889397349561,0.5318483840907834,0.8300833993799609,0.0481187553234991
0.39505204226505375,0.561713349648392,0.8278152276810206,0.06489184250339194
0.36565141827428693,0.5259409940931077,0.8453663994142275,0.051382731831948886
0.4857853632084917,0.6835944612333226,0.6638482465084985,0.14691820205803768
0.365053419254405,0.5219851588727189,0.8352569004201538,0.0356822228027982
0.3817623681695727,0.5574214952347689,0.7920123637887716,-0.036268164510750114
0.3358765023501805,0.4927966376556014,0.8586015614978054,0.0782436043615883
0.3616829938036672,0.5278017895276527,0.849505937076219,-0.019174582716395213
0.39934947270841764,0.5708258428278798,0.7909685617816439,0.0023551471923659506
0.45223465726493267,0.6535736028589114,0.7439574583532221,0.05040611832668562
0.38073863445242306,0.5538668199526474,0.810935502222048,0.01860626616736652
0.4000666223395054,0.5767571452290972,0.8036821539489956,-0.039459310983407776
0.41571041610297776,0.5886679784441302,0.815160752410263,0.0496955298955014
0.36356880955892823,0.5257752853146392,0.824513463626219,-0.09678672801575246
0.398508525475778,0.5737311698725901,0.8100498221621989,-0.016250653570160173
0.34753705517094696,0.5088000534444566,0.8282312543850552,0.00634105397848497
0.420610176958381,0.6127361321875531,0.7503768853596245,0.008739874986430534
0.39415845700058966,0.572890699666235,0.7998133857302838,0.008912923682290673
0.48201994953785277,0.6745379594625458,0.7180706869406308,0.01473251398390721
0.4008649094850381,0.5886199855336252,0.7609423681359502,0.007912982912482179
0.35094016258637073,0.5091827645071467,0.8545640885725928,-0.007623405640286896
0.37732405233080235,0.5427581918524709,0.8408015427588778,0.1022380350547495
0.37006212856444304,0.5507908061679337,0.7856203087236575,-0.005075943049420987
0.42989624974285473,0.6113069800845532,0.7540112826668136,0.006231690095759615
0.3498915065277024,0.5021684133424217,0.8513819011811282,0.04044457475869699
0.4070039016873148,0.5939001838528192,0.7672402969894373,-0.09741578985241522
0.37321981824322087,0.5424413510707717,0.8075751690135258,-0.04992818000993325
0.4239786351324335,0.6038222482143264,0.7787421675085296,0.03151671620621385
0.38190191003469054,0.5534968371681733,0.8267826034448479,-0.0013053489573080156
0.3728233633342644,0.5465267719726046,0.8036152560194233,-0.015860491872410967
0.43335966697602324,0.6133736515396733,0.7890399474499987,0.010896412017651652
0.37746956207367605,0.5443161267884574,0.8240814495412477,0.0012333301027936227
0.4259299542564655,0.6125823637229039,0.7592987264256169,0.02584396845659742
0.38694418602752756,0.5632456979966236,0.8023068878733993,0.05270003630017131
0.3926190533761959,0.5749401960177276,0.7929320145233032,-0.01839476862992361
0.3435232352335018,0.5082625241397822,0.8483106256658463,-0.022518201479511016
0.33932600908294397,0.5054623172490693,0.8264718671979785,-0.049684516329564866
0.33280373584123796,0.49545057429622996,0.8566336982223182,-0.09145921793429136
0.36868465661296257,0.5466366766123171,0.7904174582813446,-0.010578575160874293
0.33103063056078863,0.484318635604139,0.8607062658125916,-0.009556423275140944
0.40617227630260694,0.5884993334443078,0.7921543284136323,-0.12725009750302305
0.43821138774405205,0.6283921167169431,0.7789971090031338,0.051974409994102244
0.4129060866651026,0.5999621603324048,0.7578416198219986,0.09355647953897718
0.4209156117636279,0.6049133852877407,0.7621833117632782,0.05006688735043454
0.4061777921079282,0.5815641985176881,0.8006615701404001,-0.02809989798531623
0.4038368848493936,0.571803176722338,0.7944879239110619,-0.030656151937858554
0.39328450102778284,0.5604175809340114,0.8273459227742596,0.04851747626451104
0.3747409724160709,0.5394973698822088,0.8128463364714537,-0.0067119220877860505
0.4438042867970369,0.6281917767011311,0.7767594701078563,0.10088963622000102
0.41798671747680666,0.5906865235179741,0.7879208253713204,-0.021319318639956064
0.36368114070440916,0.5338075809968387,0.7996283705073846,-0.0029360466793036956
0.36877112604924067,0.5205961871313853,0.8515929108988499,0.030915094358398197
0.3512437849568751,0.5165251366752293,0.8185947849011597,-0.036154948036093044
0.36937792897879795,0.554097232652833,0.8125944535572673,0.01101004649397862
0.39763427389111944,0.5775835528984181,0.7891105067767148,0.08873214619557698
0.45167039752667243,0.6233116853566526,0.7959028920277412,0.04694433569716489
0.37794078530026326,0.5457270550706085,0.8191275462216704,0.0181269286935906
0.4088461779557304,0.5850232976273759,0.77157722872496,0.035867029567558995
0.3683738696028989,0.5259154707641757,0.8478503804546159,0.016722810595884093
0.4008847397542463,0.5704286993176905,0.8068608938485581,-0.024512939399379874
0.4348494799268776,0.6171439720118344,0.7598274972397411,0.1083466861498884
0.39121120090090394,0.5755837226962712,0.771297437808531,0.008372523468954774
0.3901063833475507,0.5627386451600409,0.8203682933724477,-0.018480854144422507
0.3766229601973711,0.5510193155841714,0.8160282987281193,-0.04190560495024996
0.3923217750305981,0.5716623689558155,0.7866190802919382,-0.07758132076165634
0.4511928865926583,0.6330215124167365,0.786453741238231,0.023665091918158306
0.35513220681006896,0.5142906822657731,0.8129508841805739,-0.06867419970231549
0.4217965536717081,0.6001935555500167,0.790365964579249,-0.03570654467331816
0.4063372374908437,0.5879184106382566,0.7972997587524558,0.02767463941323772
0.39748157041733667,0.5664352883341368,0.8278965958068123,-0.019399365032303346
0.4245404385889974,0.6152122723181677,0.7946801024617518,-0.004433245865022298
0.40458434732040993,0.5777673680732536,0.8120679540615525,-0.001158167883187234
0.35536769757468034,0.5205226759247908,0.8127810437672567,0.0140281998012733
0.39854091801681535,0.5774313601644608,0.8080035046427557,0.004112619641332102
0.4096297643035808,0.5800122722214456,0.8032654060111774,0.11820968070228423
0.3863004852028313,0.5551607922919399,0.7998269154554549,0.052040245613582496
0.36965541903320465,0.5251011840117672,0.8535878311818476,0.032293269224738935
0.3864163659307583,0.5537396270972301,0.8253122836788389,0.04848036745296069
0.37030248150671324,0.5388775449099922,0.8293824074686955,0.04582774352952745
0.3685286973527127,0.5322821949032726,0.8298717188427304,-0.002079946572568739
0.4464571842019429,0.6298706701403878,0.7662173986213525,0.06508197240040674
0.4067573825524268,0.5701849172973961,0.8265676933059687,0.017395806513166717
0.39901072683941713,0.57838470343919,0.8034432840096751,0.08003083344135525
0.37872241008950774,0.5570405318587224,0.780567084945848,0.002518300674175584
0.35586441314610545,0.5325420018079959,0.8197152138814157,-0.023111871567385704
0.43304211466781267,0.6262941667716156,0.7674841771391836,0.08286663508631094
0.41717189294240514,0.6017070963115858,0.7978738226003412,-0.019750922344019414
0.35779133752611814,0.5234250532052808,0.8088321911730165,-0.03275803807433148
0.3811194940810116,0.5623149485349374,0.7736957800576727,-0.1289914879935796
0.39787367910961785,0.5606546658114356,0.8334221967164739,0.03383069544163558
0.428967560590724,0.6169889686518674,0.7647505605977191,0.024008067228066643
0.3881133258162733,0.5612846245281946,0.8143480376414399,0.05086409500721518
0.40683463948163806,0.5873723993738782,0.7653474262548491,0.08210679566941545
0.35606183025823607,0.5136406183142351,0.843183882657023,-0.02908421022046728
0.36207805743729776,0.5275868257698524,0.8359897724027382,0.03959863907303969
0.4263493392134744,0.6035331275536047,0.800099407810386,0.06959626694825839
0.3373201662888674,0.48686627898390145,0.8516065082649278,0.028669076144984693
0.35974346133968543,0.5205609657776502,0.8476197051524377,0.0033788156928995965
0.3291542606562379,0.4821587696596276,0.8330430741174614,-0.04052428108337851
0.34090819768972674,0.48874624743761513,0.847433393867276,0.039158423868869724
0.3911780405068886,0.5714803983420071,0.7943970228075209,0.007983221167679532
0.4260868694247943,0.5950341907032003,0.8116037991436973,0.09873841214193883
0.3817328991749123,0.5613837829041134,0.7705112539137366,-0.05780892185774887
0.39362587587531095,0.5756808027909018,0.7939024093191845,0.04451013493536719
0.4276221196786605,0.616334553847208,0.7738081825451465,0.024916166069939256
0.38671701016157145,0.554867554279084,0.8215509847505432,-0.09450316859484026
0.3256155544065986,0.47647811110708416,0.843946573643876,-0.013947298499542505
0.49548331460455647,0.684961489624105,0.755068537605901,0.11751573192071045
0.366218520391051,0.543692108928268,0.8013342837065822,-0.042974674916838713
0.3681101489733926,0.5364951000267271,0.8194699556685706,-0.0671975860216353
0.38371389693872116,0.5605163592221297,0.7865984683144873,0.035632541547739156
0.3326742032317903,0.4769236225175425,0.8571783705900838,0.0036662543594029604
0.38948928526685134,0.5630620755605406,0.7981262377482062,-0.07986391487232529
0.4116723875792041,0.6051718419323049,0.761165204787603,0.04011380075399942
0.3212389414892516,0.45430357630369406,0.8774716205364356,0.02346491478930442
0.3674584337931757,0.5447854970764547,0.7955722104865567,-0.0031702976469147734
0.3670570855161039,0.5279007692514154,0.831056356920774,0.028855401165034728
0.40022988568239115,0.5667528149464985,0.8006704293768676,0.050100800550080614
0.4198418577784031,0.6034006596674769,0.7924080275094846,0.035423707200450044
0.42117805252541407,0.6064905426664231,0.7841208497847416,-0.08614016875043966
0.4884375019284566,0.6684259229885408,0.7642269758579449,-0.0366526680934971
0.41376278074107337,0.5940206877519295,0.7824246670217049,0.04349235722239617
0.33319844195074727,0.4917442066715512,0.8622189549113921,-0.026003022140064773
0.37262145410269193,0.5304195569076459,0.8456705825036444,0.05564223419501576
0.43100409112094595,0.6107807177331303,0.7605432336899518,0.016943868524901227
0.3721215777739409,0.5273624041906023,0.8375495147160541,0.010375667319211211
0.3477380568944883,0.5270848017749499,0.7774493713327553,-0.1486267323825772
0.39894658272115974,0.5707242736765663,0.8150903067532461,0.05381851634258668
0.3553800476460765,0.5178472778153947,0.82011690268551,-0.07042749431287709
0.4324625063356625,0.6197905714895257,0.7828021970547444,0.008724753601652735
0.3793965456143516,0.5460713143791943,0.8362525902257719,0.07618887476480313
0.3903053553338708,0.5662892185486924,0.7886636502893509,0.013603641954217429
0.33977506502841404,0.49239698030630336,0.8561048928216427,0.04718246850387467
0.3576606507983848,0.5204028281247581,0.8316293349063205,-0.015970421774326355
0.39751324737447435,0.5740770113079259,0.8135335569412877,0.04915524074312543
0.48071370611192016,0.6753630106582517,0.7245168315560429,-0.01228106587191914
0.34676336856097856,0.5021627941725589,0.8427927926180265,0.06886080656656249
0.349173156189432,0.5170923329770812,0.8261097151053873,-0.02396250078399964
0.3690888809633352,0.534017627591697,0.8172302841886806,-0.11469815572477321
0.4121792227469823,0.5988387613272677,0.7848229780513769,0.014530190730689202
0.39496470626634667,0.5830906394518657,0.7912398567954664,-0.02058331781979557
0.40089116470575253,0.5747579390648136,0.803615066433363,0.06001703221720802
0.4253520517987881,0.6002957484922561,0.8120507486557416,0.056034921277170344
0.35491328614741335,0.509395204816274,0.8484662908768273,0.03974545067625645
0.4156162747197084,0.5882192946883319,0.8080183236603966,0.0820227938241629
0.39423986766637825,0.5662615666795763,0.8232630067636292,-0.0266268124317305
0.36943308691109505,0.5425600916198491,0.8068370816571855,-0.014455010558365265
0.40045932999463846,0.5757573871965461,0.7989235683059184,0.07813185107138731
0.44356283501267024,0.6253971129011467,0.7656979109206711,0.1020282067403544
0.38163229282403915,0.5404527472586166,0.831995641068659,0.013332150770259
0.3684365586617607,0.5355765913121231,0.8010903559719661,-0.06774220347235702
0.38992977065862133,0.5603757970424557,0.7884876847527653,-0.04876795184806055
0.3798964594384971,0.5545493247061385,0.7970310167125346,-0.11618963357066922
0.3715929274585139,0.5451536505563137,0.774363110172183,0.02229590317817808
0.4499884384324677,0.6378182457694175,0.7600831617978101,0.11993161035186284
0.35836732858413956,0.5265549574949816,0.811780919884222,-0.08794168946076075
0.37556523293919,0.5479272990706269,0.8081267942032978,0.05435284614426972
0.3746155469119006,0.5455251530644544,0.8225332300673734,-0.014289488033442738
0.4000281807097084,0.5786078542651705,0.7790820203482555,0.053886492595205046
0.39441373456629725,0.5728966064409644,0.7786725189592123,-0.0319354075400695
0.34462135997309157,0.4987655068228539,0.8578673076510149,-0.001085146255471386
0.35845711208584613,0.5198001939608441,0.8252621151213665,-0.06862014263237504
0.35345927632840946,0.515853546568439,0.8240009755211787,-0.038525782226785696
0.48468383869303827,0.6692939700883462,0.7645553330927135,0.12909867794986102
0.3580709132841324,0.5154228256527735,0.8441004910044351,0.003481091413417424
0.3711211969491948,0.5369979515969714,0.8313289036158106,-0.003478196313915979
0.36849195145786184,0.5309671597662609,0.8320364665621154,0.0020757847641794795
0.4092879045092456,0.5965665861704682,0.7573228449164867,-0.032829212464800576
0.394715674619668,0.5700290604319331,0.771085895518925,-0.06731868950953131
0.398941709503118,0.5797512258226344,0.8156742021979935,0.020040103947388727
0.36707037071113285,0.5238880029038246,0.8220043247350044,-0.025359146716300296
0.36952629818390714,0.5270941829928877,0.83934699150166,0.08233217803687284
0.42240089369033446,0.6140559008990588,0.7669712221559775,0.01833124791014467
0.36678022167223134,0.5445183134191568,0.8092358635905356,0.04366889922316859
0.42756488828466754,0.6010854293197054,0.753966315010356,-0.014137542487773882
0.402497802611498,0.5773954179822419,0.8253470629977804,-0.06825623630277386
0.41195236697691434,0.6059667373643226,0.7802535160223809,0.10251986577851813
0.3926881781687826,0.5651153888972859,0.8134873331419805,0.013608929943118577
0.4304674278288343,0.6080284771177974,0.7674093806022513,-0.023103686376132842
0.33967820339978966,0.48345825405051307,0.8628693248767272,0.05251053314286689
0.43978152979935314,0.6149889517894024,0.8124368041512485,-0.012871844454633982
0.3481365021542533,0.5015530539687091,0.8357783847450885,-0.11887112719178972
0.39529858229100734,0.5683754115327636,0.8146657422473744,0.07070805189190829
0.40544353047047127,0.5748093983474791,0.8190014749581489,0.09229995036402186
0.4465018415292392,0.6295289571105724,0.7635126203815334,0.09424372794185865
0.37709785155566405,0.5516637466277527,0.8180797390204716,0.04924012592055265
0.37941317516012363,0.5440736489582897,0.8323948204014721,-0.008728213801516099
0.4077592269011895,0.5887505911267561,0.8017671253417789,-0.07281159205407187
0.3594572238743839,0.5192772634613038,0.8392439983118942,-0.04192195780844675
0.3768345811772851,0.545054271800945,0.8056555103266588,0.007290686082781742
0.38257527983435896,0.5407474454778202,0.8327496486897963,0.012657440772463622
0.37157394263820376,0.5435492983568219,0.8310515076783022,-0.04218190454176538
0.3613278015557977,0.5129738998554554,0.8503675153460757,0.006775194003423024
0.3954764779708218,0.5744408477977827,0.7986967011378794,-0.058558930738590045
0.42687820454894404,0.5953641426992601,0.7969924639812969,-0.06421969921272068
0.4065111525499246,0.5748885241703957,0.8239647466857853,-0.03733363272903317
0.4073620494982642,0.5868698200159207,0.80701051112097,-0.00033842468140198706
0.377216192477913,0.5545103599923563,0.7996318189390758,-0.04129403555071391
0.3724251629964362,0.5531228080181726,0.795025103194952,0.02391927173268923
0.4500391620707808,0.6385233464071872,0.7256191376747654,0.00904664799701906
0.3780334142627359,0.5469140124361007,0.7878463684975555,-0.0285509531825485
0.4154795065767095,0.5981343417130079,0.7898249377036296,0.017867727737902534
0.4082511382425569,0.5840982091514696,0.7922033053617006,0.00015497248712997312
0.3736322569611202,0.5377590246134131,0.8308502249428238,-0.025208273631750003
0.3987263209230751,0.5709798438756966,0.7927534338018153,0.02689909181028959
0.35451045488779015,0.5159190978911262,0.8447022168544776,0.028115931020318726
0.4182113713361322,0.6046621734497486,0.7896226909600768,0.09007496149660024
0.41329004712276435,0.5910637824020442,0.787717423793703,-0.020496243262233427
0.3974309101383886,0.5713114998536476,0.7862363701011058,-0.028881640117261725
0.44867783614713747,0.6470141080648432,0.7652457808333273,0.06997882229117187
0.37543410231117924,0.5350061565102453,0.8273860743593682,0.011472034764326917
0.36555524045061843,0.5299048729954052,0.8357641742640343,0.0006285277924055923
0.39199238306274836,0.5585213541895258,0.8220934685167545,0.04123677452512336
0.3845724533983676,0.5507739424802094,0.8226509773045414,0.12212143122147805
0.39544504175021317,0.5845605538310953,0.7846048833042334,-0.04824138442577031
0.4078492966113874,0.5918706286375333,0.7772718475386691,-0.050798091162007515
0.3665229748787696,0.5451477621304217,0.785626664166589,0.022332567664561372
0.3740514027527722,0.5397989340568399,0.8337118153784246,0.07823205031935582
0.4169428800944106,0.5957566680497358,0.8025985326700339,0.04071502480720496
0.3774542695252706,0.538505146632939,0.8416287018423771,0.010609764285112825
0.40893770986371547,0.5944335833674756,0.7694975113877595,-0.0004305177708087577
0.4188296287773484,0.6082498290373184,0.7806069521969959,0.04612749582254026
0.3549466227677578,0.5153578606597665,0.8379061752298672,-0.0071679051244234295
0.3822283243244976,0.5580884778801702,0.8237153763030325,-0.06419001384752046
0.41474561192552845,0.5802848197871466,0.8202120920352104,0.0748749414749056
0.34885339960822787,0.493904173941538,0.849764911506332,0.02899817996390295
0.42720331997668004,0.6146219192818204,0.7616027678850729,-0.06994175668978149
0.43343054421218424,0.6165565121286297,0.7671844938983108,-0.025130097786364547
0.35261711477581115,0.5006988925071979,0.8491549276823163,-0.018133521791482643
0.3889641171313807,0.5626595450641713,0.8167435713135125,-0.011315075681080566
0.40217726358275296,0.5821919318744168,0.8067289582184644,-0.042988576356830864
0.44973046000014766,0.6268302896928832,0.7956916996551853,0.04094301367898956
0.4213851021127112,0.5996695008645425,0.79613015577126,0.0424341201371631
0.41921190581859463,0.5996920396713346,0.7928450358318978,0.04283713726984902
0.43324175187341646,0.6168096989938517,0.7633036975130983,0.05223552975318441
0.405139418594719,0.579318009620563,0.8235834955446064,-0.04654462935985429
0.3925056391811622,0.5584883579613713,0.8195506975127024,-0.032226680803970044
0.3329023636691862,0.49946181141591295,0.7825523101096397,0.018919765220243807
0.3905443981153918,0.5620718916200766,0.7930431407918654,0.016811674802756037
0.4045285905644322,0.5931324712966825,0.7702265389354428,-0.02398753031756079
0.4042041314853869,0.5719293529287017,0.8125960502352287,0.044341917586459015
0.4070325071206642,0.6028854415206313,0.7283947810908133,-0.059585038337348656
0.4084347793403491,0.5849159308297568,0.81136682358395,-0.0008628486088063678
0.36017819558690106,0.5344617336930586,0.8293047529303249,-0.049491734647121054
0.40550712146865836,0.583188643550021,0.8151963861584488,0.012312200653543852
0.4101766187706451,0.5904489325657021,0.8228982048439066,-0.017146461176971432
0.435449479163268,0.6344543513336893,0.7091331753636424,0.06444873463125912
0.34907627884159953,0.5106661092799878,0.8440284966103313,-0.04761200959905529
0.3680033984099646,0.5456946877981851,0.8025837204254763,-0.03683580720019534
0.42355448505675114,0.6082942068734335,0.7717646000539904,0.01921048594144406
0.404763007743383,0.5877177093274901,0.7997304549164915,0.045224273411775366
0.3599722204721457,0.5244226329158085,0.8268137666708492,-0.004205035035414846
0.39424538699859174,0.5758478867762333,0.7694252633241536,0.07155133133438965
0.3263697432738215,0.4649092342149577,0.8582489747496241,-0.05091060809090383
0.38264744300040987,0.54939013958849,0.8323745181815231,-0.10610747360994507
0.40580609194738415,0.5949909613673426,0.7434791822881082,0.03022132789717648
0.3685476840047652,0.5304768397359902,0.8067561650834998,0.0008046204329127127
0.3981657670451416,0.5739417715451374,0.8066522266554546,0.05222871898916493
0.3603209224712101,0.5248426739864818,0.8222252301664655,-0.05514990781070648
0.46501383995446793,0.6606307896203748,0.7482406324202242,0.08538597801351347
0.4025423146622905,0.5674926440094137,0.8401208746527397,0.12133676806399886
0.39605773760555013,0.5813558220712275,0.7701200874182926,-0.053025055177185046
0.35710117442285866,0.5066381074914008,0.8729852037178443,0.030080351171334976
0.4094307728619561,0.5789585630337873,0.8082945465422656,0.025388304053446015
0.41252168251246024,0.5923204375833505,0.7708484940550762,-0.02575005673056287
0.3987598097853172,0.5732853103208978,0.7931007468207346,0.00905779916288454
0.34157209061100763,0.48812614597170834,0.8523043285909785,-0.008059557109142681
0.3574412094496407,0.5257389631663643,0.8301744566324891,-0.004250588088908417
0.3559010804750232,0.5126876848173388,0.8296645167229086,-0.01180281159463729
0.38200095159868486,0.558000074070837,0.8206459219692561,0.06292076475181532
0.4013532910163121,0.5667403960315065,0.8179785833715425,0.012508301871132837
0.4051183474330774,0.5804423918787344,0.797738865968682,-0.0076802281666335185
0.38776213664582376,0.559690031236218,0.7928715679364274,0.06391999073204599
0.3625867571801973,0.5341758779117239,0.7993693137703021,-0.07474190481615434
0.3676158431250411,0.5492929716745667,0.799523043785155,-0.0528408942991676
0.41019073730854577,0.5823031715561203,0.8074852532532347,0.01821127467472197
0.38239459652229935,0.5402854736636605,0.8451894570922565,0.036246043868377265
0.4280720724629639,0.6046152318811389,0.7906412385918118,0.11266903972380955
0.36297302593810443,0.5265122333037319,0.8152052770640624,-0.018652369677123352
0.3941011118367625,0.5539491799414784,0.8379250055879351,0.06455308450378752
0.3976619945306882,0.5785845844377309,0.7946421799779795,0.03350725030697606
0.46061879043970916,0.6507254319888987,0.7312181090270102,0.08156026289423753
0.3560629286915269,0.5254850880639268,0.8193665401730441,-0.0574790227751177
0.35555689667487195,0.5214575195599583,0.8306535116382476,-0.047380042123072764
0.3884995186468585,0.5459676568664906,0.8422388365270698,-0.005107587892387766
0.4245423442866603,0.6092681199467074,0.7795460435363535,0.0397278601986519
0.3927542010494404,0.5519394776241598,0.8362055155175684,-0.02502831904325856
0.4067716869823467,0.5802968532856231,0.799706160035328,-0.09023375329795127
0.35116388219787276,0.5096871653893107,0.8413978320424125,-0.035252565311413214
0.39711327035011834,0.5718868439071256,0.8282339681486981,0.012012098801150981
0.3564778189531336,0.5251060762842624,0.8126148104000553,-0.040717649261853506
0.41983677271746445,0.6043925740000246,0.7712609248861592,0.05263331164134752
0.41787223584295535,0.6016927545499157,0.783291333186318,0.034004228400888174
0.3978728264250014,0.5753782436904419,0.7869184468328385,0.02191179127588968
0.4252476339861468,0.6119698255418372,0.7830915015845524,-0.028457580346862542
0.45799443084895086,0.6448379140207905,0.7443313250788899,0.09852352061916457
0.3845981515993261,0.5579196772720848,0.7821420178547186,-0.04210633376948013
0.3365582693580499,0.5024118328214258,0.8341554856704919,0.053812794338848176
0.40543150656461674,0.592542513941545,0.785460152706672,0.02046957427341895
0.3373904382169371,0.4910984648879658,0.8406496266601395,0.002600958363440542
0.38197420839212465,0.5383718848745647,0.839798150499221,0.04401725414269158
0.41203989733695057,0.5779459445417925,0.779860887952319,0.00762995715691384
0.3768955662389519,0.5386574433402156,0.8382889004393921,0.09974413272621814
0.38669043850185536,0.560645531534019,0.8041602925779228,-0.006616337186609011
0.3965551100715151,0.568890803593205,0.8145272323285753,0.09465068240559536
0.4212243380985068,0.6120568324802007,0.772338707337216,0.04186284292249446
0.38964134170882475,0.5597181212036099,0.8280436715028187,0.07471687810365879
0.37030436370718794,0.5358152443517001,0.8311898397138809,-0.058889711728834046
0.4103142471489375,0.5876921361939074,0.8048563323273663,0.027844542488940867
0.4098440229505755,0.5972877271577839,0.7745344078794227,-0.00818074742252574
0.36455503326036065,0.5396283675563038,0.8319444045509139,-0.03976951924376494
0.33297933046022005,0.4814546141754565,0.8682481309559671,-0.05124341571538321
0.44292896435781764,0.6277895856131219,0.7628240188918697,-0.015402664812731563
0.40825011009279843,0.5848884563111336,0.8097944705707438,0.056951182149490465
0.3739276123550212,0.5473872948654319,0.8091913490027932,0.02820456792836382
0.4540855414100696,0.6456140221522241,0.7484628402505225,-0.04364762003245473
0.3788549188885536,0.5513590018543644,0.8020839201468484,-0.04847782143816745
0.3878431861973589,0.5678752989074455,0.7898566848104678,-0.038482195916593506
0.4016156722059278,0.5781097541357285,0.8148345188002365,0.07806465456270065
0.4212690717459615,0.5991302444220059,0.7872409094162577,-0.00023723495925865698
0.3539448884546979,0.5244380296560891,0.8188593477558634,0.0065864369731722045
0.41533980314329144,0.5982798110219123,0.787620482603473,0.0419994871312793
0.42185071541053193,0.5909398557406185,0.7999230849914283,0.04784238190104208
0.448810065092077,0.6288865130855895,0.800938602610514,0.0377121401296344
0.38964538620786465,0.5562602179117636,0.8317532789357565,0.04440978082851251
0.34884351574472433,0.5092284304428418,0.8457161847427671,-0.031609809127933326
0.4479736077351128,0.6279279951501617,0.7767939741005193,0.03618109569829461
0.3801723003132466,0.554646785641107,0.8123291438861636,-0.03799857557001265
0.38428950916332827,0.5485311360307515,0.812300971357777,0.029898794614211938
0.3698491322364436,0.5346562050919715,0.8472726163770337,0.028071000184555505
0.39472806663872984,0.5634970844408679,0.8101128110193304,-0.024148674666551607
0.3881808747556611,0.5577152755616691,0.8112784184695591,-0.04936239984602503
0.38324118654421346,0.555129222228135,0.8000696259473256,-0.07415621563191417
0.3552067775522197,0.5166084271583176,0.8328319643618196,-0.03193276635451216
0.36549294141389166,0.5339687301212037,0.8210617872165628,0.03254582036354996
0.3642587014079484,0.5431942147511553,0.8267640415554929,-0.030455109743984292
0.3603417453455644,0.5334477865490277,0.8270719697659243,-0.02771204729710271
0.4094740108078998,0.5943907896510737,0.7500012691804393,-0.04628612405390433
0.3654344332957811,0.5328725229483796,0.8248812110283159,-0.0601029467777804
0.4116134040485044,0.5881444481974663,0.7944776416542159,-0.0867051235205359
0.3665606134109355,0.5275628675450946,0.8374378405695908,-0.06458834864401779
0.3459385975412969,0.5174515205494623,0.7974824870618844,-0.09930292776747887
0.44333678698370915,0.6309939974643346,0.7707488255487488,-0.016898826812325803
0.4051182908634069,0.5802023013333334,0.7898571653605746,-0.031595819675410086
0.3949318945346485,0.5621145440707643,0.8223567095624281,-0.014910035758278047
0.3963664974139237,0.5686824229794989,0.797179875918689,0.028178413138179533
0.39756229942600047,0.5682363684161061,0.8335744835536503,-0.0018371123689793908
0.3986723972266839,0.573542514973919,0.823008631570344,0.04816327357043606
0.35215406194940957,0.5163890218536387,0.8176158689921103,0.006315059725277524
0.3843226369069337,0.5510539818515414,0.8027389012637156,0.037041585980060604
0.3664512162650828,0.5291450847782257,0.8237425718658171,-0.04546596499230469
0.4391888033681418,0.6163854658317391,0.7792299116226599,0.05231195172520946
0.40836851393395945,0.583618333262715,0.7909787932368589,0.04778116727969298
0.3973440508822848,0.5695918844665842,0.8114597056495583,0.02358438012709791
0.3900729973503913,0.5642467394977995,0.7930484717214623,-0.10025140249817309
0.37978184526162884,0.5444117312943936,0.8151523724017546,-0.07828529264281893
0.42908545983823004,0.613536972174807,0.777007662232174,-0.021007004870639077
0.3634309284158404,0.5318724498237051,0.8216311067202989,-0.061363708945916313
0.4020821927334749,0.5796364148876714,0.7797119921758495,-0.03626297913885871
0.3663403689385871,0.5356396464740523,0.8312800197441395,0.0575419893487099
0.3819686699076131,0.5582888817471701,0.7962689785433734,0.08048078777448743
0.43085809287415866,0.6120496663680779,0.7699399950578489,0.037228748607857215
0.3774792308161704,0.5423959670594851,0.8369169275106667,0.08851325047483338
0.42674453736544865,0.610755170564935,0.7777199254846064,0.003387166180828344
0.4911696889858688,0.6701419954764606,0.7505347591007248,0.12602937790428811
0.40373637375366783,0.5774513645067139,0.809359388288042,0.09009181802204337
0.4130927290825917,0.5898470083309486,0.8088718879994878,-0.007512884997398015
0.40805731160358594,0.5875921382091377,0.8076984884340744,-0.00031671484577587366
0.3986455247264295,0.5689491872425874,0.8155880929486602,0.07925867263645517
0.46688724011223676,0.6548604244683018,0.7693943811332813,0.07628820743464965
0.39532952714357794,0.5674892587016457,0.7975424175157872,-0.047586479762057675
0.40229674634101215,0.5907069821843842,0.77049297455727,0.05078488967794229
0.35850202330172354,0.5220337710075242,0.8250197943354335,-0.00860357262096944
0.3576973626378821,0.5187073395777252,0.8183233401006149,-0.0910219543630231
0.41421778546800153,0.5867417126139409,0.8058334771465896,0.03997978125018642
