MAE,RMSE,R2,Bias
0.2776544181316436,0.4257484371889544,0.8854809778123334,-0.04023353688745411
0.29757783585060527,0.45102070316154713,0.8748160080243548,-0.07249917212532646
0.3207776764858354,0.48332754296011327,0.8788299301530509,-0.010363590463972451
0.34502150855616387,0.5290188834995884,0.8257463939178319,-0.07615415146616937
0.29214843221086967,0.45340218211414385,0.877621066558022,-0.05181439786828417
0.33144703820843824,0.5012405217646378,0.8381300679708421,-0.05265757151173167
0.2924752934677221,0.4499872860596677,0.8649527284695565,-0.04032159528971087
0.330826902985403,0.4953691750634495,0.8559037389714534,-0.022525356844449347
0.34132184842775204,0.5033883595154138,0.8625225381113838,0.013842765498114147
0.3378593538531361,0.52302097680407,0.8378151596552931,-0.07649414871068365
0.28395666493239985,0.4294265350103683,0.8846236628182541,-0.04363781830995402
0.29845001588826503,0.4547741139963819,0.8847118617426214,-0.07860001827515263
0.35655512997076083,0.5360713707957979,0.8452469652484355,-0.03538687623164646
0.34175621244285936,0.515226614627197,0.8474484335129316,-0.013075588899276533
0.4149444727960565,0.6123376706787428,0.7729652140883908,-0.026243331370981202
0.28564645660665156,0.43011500054371105,0.883095608574696,-0.03693803724366135
0.3102336828983359,0.4672342513754365,0.865509250871907,-0.013671880470196865
0.2897049999322816,0.4320387989614931,0.8704637200161994,-0.02883676380406932
0.30639648728187563,0.4652580028363394,0.8725668596547038,-0.0187145432097286
0.37410543308518246,0.5522722392599491,0.8356572065209869,-0.009716072548478177
0.33167939943459895,0.4871057180346983,0.8468535613659223,-0.0025986988906925197
0.29545603346666394,0.44559725530486655,0.8831065162158234,-0.05862356013822883
0.29126031640652844,0.4552824742258798,0.8480650877525271,-0.06628422065519969
0.3300729846412235,0.48581018881187954,0.8542242814507122,0.06512493669900558
0.27307138260383795,0.4238752583170526,0.877362244236422,-0.034572859269061305
0.3117345402370028,0.4616764209642807,0.88588036904077,0.01147119627053127
0.3193936555724972,0.4649451909578469,0.8869644194616462,0.014712313870880633
0.2933798485958924,0.44093787182028227,0.8807777619890688,-0.029580641001474405
0.29399249966132673,0.43505901730541224,0.8814044972110354,-0.039148625271543336
0.3197780019545324,0.49294687937157844,0.8683131481840631,-0.09230419135340151
0.3103826860619566,0.4588788434916827,0.8888393866071916,-0.0442090368828642
0.3290684368335097,0.49882878714099793,0.836325731849511,-0.04473068163782618
0.33483401139021873,0.5250441383411981,0.8393181278440848,-0.0738444756447048
0.3314371204582466,0.5059270122120649,0.8504503159766991,-0.05006948201096981
0.33757063358498884,0.5084342739358911,0.8448724951225047,-0.018330436940672133
0.32136601169883766,0.4860207440985603,0.8589183696840109,-0.032541027386291464
0.31193614328131125,0.4684606879001318,0.8766431263825754,-0.027363749353585955
0.2902551159874035,0.4338686690945501,0.8824812949783063,0.01627918644323382
0.2717391094924268,0.4230115812646012,0.8700138594317125,-0.11028181573546916
0.30855935505680426,0.4674179833906586,0.8700336780030028,-0.008319655920219127
0.29735911803321174,0.46392263365948117,0.8771433667201449,-0.11411350074495555
0.38308790578732327,0.5901729176756878,0.8140640398436777,-0.14052131162148995
0.3192901305685334,0.5085465236787508,0.8278994966543991,-0.061484346163008366
0.3245020923687576,0.501746577309125,0.8575740708413404,-0.10763788333646275
0.3779152988787754,0.5699676027870422,0.8171704184878773,-0.039323929948643664
0.34128484410973753,0.5103656818399612,0.8318005558583126,-0.012837202040455957
0.3044040394983957,0.4635343752710771,0.8623562999897112,-0.042118784586036885
0.3668629554207911,0.5387593494482061,0.8255390525871702,0.0935938457295164
0.3011266937218511,0.46016648450154074,0.8731214601050027,-0.07296332691982685
0.28858107923720605,0.4293262448555263,0.8647980675791531,-0.013088668712626712
0.3045777017195722,0.4483071624322657,0.8826909205610723,-0.0691346100396318
0.32438337097714603,0.5083176361874177,0.8598947624072619,-0.05157221655259028
0.32906047572382446,0.4866589924627951,0.8544062752884698,-0.032662396278632135
0.3107154801175853,0.4604746916214595,0.8818658045085468,-0.04100554321910779
0.32621547608371565,0.48755531405565594,0.8555209364549441,0.018490159106499603
0.33023982236309357,0.5145296274973318,0.8283641054231399,-0.07763517768518638
0.2951750467826024,0.45653170747977373,0.8724709773428988,-0.03706541445753976
0.3280860859084602,0.49003060268937676,0.8722325370574405,0.008765561846560365
0.36629099969865064,0.5538139380356647,0.7980118474681458,-0.014594935420176331
0.32953207903363424,0.49239271182106237,0.8522799556110644,-0.006532861901225634
0.33066298620376827,0.5085358236720584,0.8356465240019788,-0.06906911006326928
0.333933606535916,0.4969386452591092,0.8628143709347571,-0.01550465919205498
0.3115294532949405,0.4657772015157697,0.8783876589993401,-0.043674368473317224
0.30629105964915937,0.47879975367875743,0.8615630806157724,-0.07452233157407767
0.3110635440999208,0.4661881714036442,0.8871626631307079,-0.04675782024244959
0.3080141110230943,0.4717822026062229,0.8685432396500631,-0.04845167844991957
0.3178481878535893,0.48580572857251314,0.8482178965636844,-0.08956259121241346
0.3516885386529941,0.5229084457707702,0.8565067298165705,-0.013172591743976775
0.31574330136164686,0.4791905808120722,0.873648145509204,-0.04683615777210496
0.34359213870130734,0.532162409949326,0.8216488251077304,-0.08413970375547007
0.32425830665366195,0.4914368568312421,0.8553065675881417,-0.013314019364117975
0.2980708395743631,0.4694636566442347,0.8569564050823114,-0.10768659791071052
0.31645032226312214,0.4808279351386951,0.8608524759929708,-0.025697834175175155
0.3019118485158724,0.46616056936297184,0.8577128100780087,-0.0481026882235159
0.35321489134545875,0.5447827166842653,0.8221152772730093,-0.11049981001898466
0.3178309123089129,0.4872979093586324,0.8466597628937211,-0.03475750981934687
0.39464254738540316,0.5919284901416052,0.7793752287988198,-0.05310271881740412
0.31419784535549433,0.4674893812970015,0.8804624397166453,-0.0021176516742038762
0.3396533766937348,0.5299834992624716,0.8317043440257026,-0.0853870197122652
0.3171345862588071,0.4866605037915286,0.8515455457119148,-0.06732229224718253
0.27513768724950055,0.4085726407995814,0.89775043262007,-0.06775009466832119
0.2788467321933616,0.42920384174242454,0.8845214313498787,-0.0416611871188628
0.3434879008388814,0.5025852233067373,0.869748735980792,-0.004130667030048861
0.2885761099261723,0.4366050416576332,0.8720522476946518,-0.04009302133433921
0.333251115184094,0.5046584990333192,0.8599369703426483,-0.0350964038246059
0.3821873389311167,0.571873982921238,0.8141927088445046,-0.002914581906203621
0.3764705277822004,0.549293025358642,0.8285197550179916,-0.003945358566346528
0.2948879416026334,0.46232967194929786,0.865347487263873,-0.08672325219085301
0.33786415380747237,0.5304662404429759,0.8415726780307523,-0.07662748844049137
0.33035783499871896,0.4969281879501064,0.8697489119541454,-0.0927715902643731
0.3121206610882763,0.48914745347032906,0.8563679911988148,-0.12207307155281985
0.3136220114882105,0.46860456799786465,0.8659084853729729,0.011859152459265136
0.32260319157141565,0.5170571118989858,0.8275448286406316,-0.16687766491196135
0.32137768061728506,0.4873715384892226,0.8585015111490151,0.00488997841440484
0.27944064997170726,0.41634167458950316,0.9029987575513551,-0.049407256862248804
0.31459030425050727,0.46867456844741506,0.845897268430695,-0.01649659036873149
0.32170537767313057,0.4884414176488822,0.8416243071150562,-0.029592860868522582
0.36223961099263585,0.5564736154893993,0.8227218356670476,-0.06960919053280125
0.3494898627205366,0.5355707274557984,0.8322594164837986,-0.0367604654342997
0.34095640595596577,0.5329597481458861,0.8053511224543407,-0.13987882873320356
0.3357492046652199,0.5170779983086519,0.8498906157974879,-0.05402440197828923
0.3300653673780327,0.5023725745582934,0.8512065175086884,-0.02100515155171955
0.3209040176373639,0.4735025722927056,0.8558286688768307,0.04279535555083115
0.3217043117378782,0.49741254571254423,0.857013160129805,-0.044827188624235084
0.31544859649086304,0.48622809853628624,0.819863176142118,0.032687261680273146
0.2714165877690987,0.4139953867281455,0.8993457257977636,-0.0647946718044685
0.2936831780502118,0.4606904096170285,0.8305289526467572,-0.05700313957873332
0.3448467860449865,0.5195581862080991,0.8406911362816829,-0.012371775595540497
0.2885101115268221,0.43794184052318014,0.8834156417965958,-0.06061558494536107
0.3106943324672222,0.47479710410018483,0.86643932148013,-0.07364853400573944
0.3173259999021319,0.4965903119951436,0.8469521243095243,-0.1078710744471888
0.3173830024032644,0.4658585410907456,0.8653776812331948,-0.045202157697029025
0.32945264883033376,0.5059364510119752,0.8483458255069307,-0.025533930983277164
0.30105858735545216,0.4532442985548149,0.8694794225396547,-0.0103376177501299
0.3119608645067518,0.48807844542912804,0.8498893089347755,-0.08102402124445639
0.33573138314595885,0.5109015792351763,0.829755107060652,-0.026114200201476197
0.33002688046095213,0.48203444671976453,0.872605443110842,-0.02077609890041265
0.3589754357990724,0.5361616930420573,0.846190621490525,-0.012615745570591117
0.3390243968820473,0.5197066185678347,0.8436796756580809,-0.014378467969546472
0.33175255323750585,0.4926682366699254,0.8557252500872182,-0.034723713130130306
0.3363269996000978,0.52615164809658,0.8331881452705581,-0.09996716506299994
0.2892786937803647,0.4529978367763401,0.8597117611813414,-0.028554901503425004
0.2992207770400115,0.4698052514921967,0.8630672607273825,-0.10020030683678507
0.26978295022399373,0.41625491198995307,0.8728505826245079,-0.05427445127181076
0.2958257344190437,0.466196141978559,0.8551250057019174,-0.06579498056650178
0.3370180089152433,0.5057507109761649,0.8662376462827629,-0.06485589479120098
0.3160568304314683,0.47806989975213515,0.8634059934803259,-0.009505771784501633
0.3403694136475198,0.516290292184162,0.8447592798849175,-0.0030557108716326243
0.33396225759772935,0.5075589739414145,0.8512755478655798,-0.02384956409747717
0.32218396025173707,0.4770488463366982,0.8810706181361027,-0.009010146006379593
0.26828636054791155,0.4195067426504752,0.8635308696047456,-0.1106579975325129
0.27706223618911374,0.4175799530962443,0.8879864566292145,-0.06758977421946305
0.27840384961836373,0.4148847090649986,0.8953233013278313,-0.050730857291376774
0.30834176490072707,0.4716265782595079,0.8609140081374104,-0.06618606309458996
0.30617536169764414,0.4782982998993555,0.849814618072509,-0.09326216227237152
0.30900094985929943,0.4785658490063997,0.847429139570396,-0.08254111896112076
0.32602300551339475,0.5004633623892655,0.857265076950838,-0.07910194099485998
0.3459979033759407,0.5217695904952194,0.8629101774852077,0.028038402492289765
0.31344143191981183,0.4825590422194235,0.8610077809680464,-0.09643704316346509
0.3082500333504407,0.4750459805494497,0.8683149273091508,-0.06753193863094906
0.2859889560879136,0.42358542125546444,0.890845133605924,-0.012567142605845174
0.31159293552510975,0.46849716905752975,0.8658552458087294,-0.061582714019570994
0.3112092708263884,0.47041910060627407,0.8737628105595971,-0.0375030833660813
0.30866151586804,0.4578248439938007,0.8720706755193333,-0.05418348186707856
0.3004160053139334,0.4633271740349412,0.8650613454551221,-0.04476725776939153
0.32746709186644146,0.49447626031986025,0.8434666398277184,-0.056912030661372695
0.33067196012784233,0.5010444846129393,0.8377239865371557,-0.03730080983086184
0.2983168264206464,0.46479961055899927,0.8685050880216207,-0.08311474884047891
0.3132034785434776,0.4817374861806686,0.8547306860461404,-0.06436513324682126
0.333314046543676,0.5113020740466033,0.8353793969854797,-0.0360226521631525
0.30535989338282843,0.4562222996623614,0.8731870284635035,-0.009901932721354013
0.31401416933010834,0.47760155736883453,0.8528432961983342,-0.03710020267385815
0.2867844741584587,0.4449373138499561,0.8848567151145939,-0.061700392342946685
0.2914946969393021,0.4528920850000861,0.8653989340059324,-0.04012911403873126
0.3041674953444424,0.4514535429049997,0.8666096858856489,-0.026204076171171622
0.3417764332854109,0.5331443756740172,0.7956448731526481,-0.07790002091756212
0.29487574089802443,0.449987202594017,0.8579000489995586,-0.03143527890560867
0.27981302024296906,0.418228257833723,0.8961710164477004,-0.045003242063165444
0.29939936738766315,0.450391078492772,0.8904641316954947,0.0004889939573870139
0.32452727084838723,0.502896188056552,0.8616818309229102,-0.09811876543751509
0.3371636250709874,0.507674283647043,0.843244851704111,-0.08251077586909619
0.36837577071184785,0.5459900113871222,0.8377918625581354,-0.026807732633971182
0.30585057441597724,0.45698103138760016,0.8577394034468573,-0.026496128953325867
0.2978975271225893,0.4724928186284683,0.8746900348681375,-0.09956059157537837
0.3256015496683325,0.5028583315487487,0.8451150402599087,-0.060340439147118945
0.3560493108491232,0.5372986338476764,0.8055060729140006,-0.007290400553107384
0.29841377603732894,0.4588915644755957,0.8897604791846878,-0.02643201552250701
0.3419453208624987,0.5099433377882051,0.8472536523800601,-0.02888276910010984
0.3125684615140074,0.48930224326996263,0.8686615332485769,-0.07850910539191108
0.308748990434858,0.4658108470371469,0.8742034052161858,-0.018321401108485902
0.35116372237593957,0.5270511565270205,0.8241459718089645,0.02781510833417782
0.37925172985583633,0.5637791598072457,0.8049463596123783,-0.04775239501284488
0.2918994699870111,0.44592277684230663,0.8846820425208627,-0.015038734187557388
0.32231452717471015,0.5044924597787842,0.8467625194860484,-0.09019439671365506
0.3543198645600617,0.5214597551535194,0.8313816108817934,0.02376815462420094
0.3190490689851606,0.4832961450346671,0.8589736648259267,-0.05473226212466763
0.32256683048974805,0.4933867005340888,0.845957895476947,-0.09799401481429522
0.2885397895587948,0.44198465828006517,0.8784125757889352,-0.0242807508175947
0.3414246203773868,0.5189758477683767,0.820837217556863,0.03025337032741526
0.3622128250508434,0.5336002890720737,0.831928445015206,0.016675239392891596
0.28596722150189385,0.4410642106287153,0.8851303775405451,-0.13317976489919547
0.32891096289252275,0.4913720126892087,0.8486974141358535,-0.007961501995815377
0.36546179783474836,0.5487306856004829,0.8345023866379571,-0.07342074616737977
0.3383580553621046,0.5112330199282185,0.8522052609377174,-0.041212695731941404
0.31683058231427985,0.47555842614026705,0.8642782854170422,-0.0534731332776323
0.3223545253237312,0.49925335654110775,0.8314367319014426,-0.1276725121446508
0.3207955449730467,0.5017604197816846,0.8422344234583179,-0.04695594978295969
0.35198245654706484,0.5353047906264214,0.8239130032359456,-0.07056528785982534
0.3003710929752299,0.45405782369470343,0.8581597177295652,-0.056495138561056576
0.33901496266931297,0.5068785911999628,0.8680162858715833,-0.004807672985016346
0.2978761632684285,0.4617550293868422,0.8563406321201144,-0.07007720636244766
0.26767382142029794,0.40087076176234065,0.9039502324078094,-0.07772667036312483
0.3108627621855955,0.47250434563271354,0.8759103836782717,-0.02354786236173753
0.32019440560401824,0.48772909501566797,0.8556416939969713,-0.008386245509729969
0.3115732381076397,0.4721981505537921,0.8754552413167513,-0.012762579166741374
0.3320987473800914,0.5017762617982221,0.8488459029530501,0.025331970967057398
0.2622232968673099,0.40222718163822396,0.8972797343688986,-0.0879939979287432
0.3314745262200532,0.5016864188674711,0.8550321832598171,-0.05428357091383315
0.29273746575489445,0.4427357465930816,0.8712380474708458,-0.03329084432661873
0.2914647301967457,0.43978251724044704,0.8733185154654981,-0.055624767754582846
0.3430625129388606,0.5096359759471837,0.830548356273656,0.024274266357163565
0.3296270801124926,0.5116606056308388,0.8411470081697043,-0.10281040186868491
0.38016706483058693,0.5679918706080422,0.8029496692410811,-0.0589156533054833
0.3654160561252419,0.529649339924992,0.8521596744508636,0.046594708873149364
0.33120312901982624,0.5068275515528603,0.8322530218898516,-0.036498806595237625
0.3205287566169288,0.4863296121158561,0.8647569230008032,-0.050282732667118885
0.35334698828586686,0.5488543388369741,0.8328182301412183,-0.08854990512569404
0.28261231807656756,0.43299062107459707,0.8888143894738622,-0.058883283902070524
0.34090949518648844,0.5289022730880051,0.8469900603615457,-0.047331421601078554
0.31643372313931056,0.46704324841277534,0.8814180425186662,-0.029051042149494045
0.2921979784050941,0.4475617381001019,0.8752874920353493,-0.08571956325719829
0.290815968240356,0.4464566601378743,0.8837811070106131,-0.052993144243718565
0.35090793787515506,0.5171435488540467,0.8393550910420076,0.031614813981177915
0.352925336555922,0.5311275675506348,0.8391230975342464,-0.057130237263494976
0.31523077078708195,0.4933481630627142,0.8391216179278365,-0.1080388930805069
0.3227306390509607,0.4778442865038601,0.8666545776795205,-0.0013641894368346817
0.290088981609483,0.4532425872672227,0.8779602300232248,-0.10596033799180497
0.32562177337608644,0.4956358408055191,0.837842870234035,0.00662876845687669
0.3602860082398449,0.543361597094585,0.821018402782597,-0.03712667906383607
0.3323896652079644,0.49893392983713203,0.8620905662480769,-0.028314550702900423
0.3493192848016437,0.5468085801705413,0.7924351869836304,-0.08080148347301822
0.3028424079641424,0.4598182559886979,0.8887595740249156,-0.03227576079676747
0.310278355152988,0.4758556553911177,0.8387707906087468,-0.03612756675652298
0.2900528375790368,0.4346900885131402,0.883704586530064,-0.02768768531822769
0.3747535302945421,0.5459335762507712,0.8437415910482154,0.04152086238642907
0.3491479101100834,0.5377320292677747,0.8124311595533329,-0.09364955963221402
0.31902703810498917,0.4791121478384333,0.8657962179901301,-0.07662085900629745
0.3144502955786842,0.48036230824517484,0.8507046663392333,-0.08009683544048699
0.33748995334149035,0.5040186692659796,0.837738341633481,0.058958898136358566
0.3421550820093561,0.535331088074431,0.8272119878792423,-0.07068761367108445
0.31351156002464875,0.4701370465932207,0.8727404764079336,-0.09676629409500831
0.39294534902237516,0.592588244695537,0.7961544513839311,-0.11583842609056245
0.2880094620341278,0.44236964467607787,0.8699146029580673,-0.05488912106106506
0.314114021954572,0.48365897039305844,0.8578818087213155,-0.06744084859421644
0.3355135289293092,0.5165030326601341,0.8406115531390188,-0.09883997657675431
0.28589234578296424,0.4303135155717647,0.8945060730236238,-0.05813752137425746
0.29370060753316185,0.46225751479647803,0.8538534797332458,-0.05197536527824412
0.3345560988900696,0.5155657749341509,0.8560626474173202,-0.060404360894328935
0.30397670245855835,0.47215931903287256,0.8546246031546283,-0.06923114770580709
0.306548910358023,0.4723030754059601,0.860749781543143,-0.026155653038486246
0.3475943439952766,0.5240525145282255,0.8505009746702461,-0.05540124291124873
0.37518829716925656,0.5587096348641835,0.8379205682246772,-0.0022508638026225384
0.34964879380289143,0.5314848973512565,0.8323380826024519,-0.04837063172353689
0.2886436022151607,0.445120672217181,0.8592963930034391,-0.10365325430701763
0.3378127909918942,0.5151719561432331,0.851795530800772,-0.08615410857226267
0.28056947383061925,0.42205193281409953,0.8879758437094007,-0.057342040817965956
0.30946897366917264,0.49043825594604623,0.8615521037990024,-0.12005173425211423
0.300562136793544,0.4649336399119726,0.8572123756093585,-0.06472857070357087
0.2871971875135142,0.4239281663730039,0.88953849931755,-0.03376352395111515
0.2988964375078194,0.44289126077720253,0.8888494937170085,-0.03981492405816677
0.3191265236984666,0.48785927239261634,0.8484358006057768,-0.03569731223452498
0.2870322802162821,0.44045720654162157,0.8613757276807372,-0.03374712487812299
0.33500279745572376,0.5139186688384161,0.8493864326987004,-0.06420800936171092
0.33964603863539183,0.4970583920601108,0.8572771469850815,0.030374799206788417
0.2832028098091589,0.4364409541032098,0.8807404447759616,-0.045812348553688875
0.30419256726141475,0.4583563006195677,0.8651244480422995,-0.09286796816073895
0.3195043534392614,0.48855505612180994,0.8449734035730861,-0.048955267925859226
0.31847920781994044,0.48938113479626244,0.8575179758171574,-0.034421072857874116
0.34711378173657426,0.5146639886432705,0.8632289271790098,-0.04129717099322103
0.3451481986871856,0.525911542689785,0.8271588331842172,-0.04052491681252729
0.30505829946797,0.4806913767093766,0.8566899494294599,-0.03590486597340037
0.3286412780116886,0.4935280490441001,0.8573138204999172,0.007476258115619001
0.31689334257882584,0.48777173548125413,0.8378179706660316,-0.0724264182288278
0.2561697688494061,0.39364166087290914,0.8988077462115875,-0.04605360963184744
0.2934873336450807,0.44630417012328305,0.885950097347933,-0.0024721021843557814
0.3427433113829496,0.5235613110461803,0.8341629850040426,-0.07469143886834663
0.3242606292320163,0.5077498463975362,0.8185325275161798,-0.024709835962167612
0.33890605710950256,0.5051060787669669,0.8724773507350038,-0.05152182486258832
0.3138190799886804,0.48879526914396326,0.8602083727056946,-0.07340399323887742
0.3217393899118123,0.5166433488308564,0.8389906454841193,-0.11791535802131732
0.3030247494382318,0.4581949895808413,0.8530214115552404,0.0021584987088798663
0.27216409812637304,0.4168104066159827,0.9035727103573044,-0.06761391789449446
0.30447081402102943,0.4689220943449479,0.867727517850495,-0.043281901131822405
0.2873261603152937,0.4477009112612274,0.8749427634357938,-0.09287798688824675
0.328045230879846,0.4969442646682958,0.8546377630880145,-0.09503964582832063
0.30558901637601243,0.4663381109230403,0.8614714431925158,-0.05130755794783453
0.30630703687771516,0.4555619288534877,0.8810336429166572,0.015021932164304934
0.3541987847801817,0.5352980887446236,0.8518808253251391,-0.036120446853340024
0.33683499909378484,0.5173100139643214,0.8458487252105582,-0.037377391028897075
0.3574585991118866,0.5393530658349018,0.8073450110288614,-0.0787468895174452
0.3488687227286667,0.5328654366305806,0.8398777003519491,-0.016409835356671107
0.3012186766344705,0.4522881208913206,0.8842977353616034,0.01950577065198499
0.28478229433401997,0.45132200004677914,0.8534516033292137,-0.05657840008977598
0.3270632568838613,0.4866394339194342,0.8665491615503678,0.007025109013891027
0.28068063785083497,0.42001372513755186,0.8803672336152656,-0.05778841695492081
0.31281495320676134,0.4746603582484316,0.8698119704608875,-0.047966898745702764
0.36377624919498786,0.5425002553358628,0.826939208181265,-0.04396863136902667
0.29934490262943036,0.4421013812752949,0.8984304608922765,-0.03900693039536689
0.3467858905154008,0.514774579137458,0.8533019503966687,-0.049120221315420175
0.4070252795946978,0.5958491004605517,0.7951815520702338,-0.02374853838042398
0.29271807873290606,0.4461598188401779,0.8813885360875726,-0.03850506954550612
0.3074670666522507,0.480364944563502,0.8464726615995901,-0.034812450994693586
0.3443065218805565,0.5280847697439691,0.8376842331231433,-0.03696034215910577
0.38556480919000635,0.5710871636722127,0.8192200719149334,0.015171314357213054
0.36359478612923096,0.5538046867489121,0.8002073003101662,-0.10083507748434564
0.30091745546348275,0.4659111723352322,0.8612358401398958,-0.0651726795771159
0.2887127074972512,0.4293224382382422,0.8930860370168687,-0.06994972593115509
0.38774148013542287,0.5852240486223536,0.8002422618307062,-0.018459762931611445
0.3070026107141759,0.48733492389250593,0.8705886037731521,-0.09380634637276453
0.36420230088392586,0.5414296954365894,0.8085685999005221,0.0024595282643035767
0.2958481577119428,0.4560947940805221,0.8715039423141646,-0.056665453524845685
0.3465885741398849,0.5235509554559301,0.83394889760255,-0.06045216048536582
0.2944281808583617,0.44533953793852704,0.8700178263180305,-0.054289800259200036
0.30526244938656694,0.47470746694045984,0.855487511679749,-0.053156770320004244
0.3407063193472798,0.5200569004181173,0.8421542019218854,-0.04807699076223686
0.3184124366190715,0.48481824053150524,0.8327806364106495,-0.048157247758948196
0.28508664784840193,0.4529755517062415,0.8532907937257461,-0.07290442366754844
0.31280221630619476,0.4676878241859632,0.8788710335247083,-0.043380585615488645
0.31691962086217657,0.48535888730682186,0.8422400265479114,-0.0701545398463958
0.32816452967655385,0.5012197098559972,0.858989706071005,-0.051927947958944315
0.2987286557778189,0.46391966341880564,0.8659505665299144,-0.059704885481864624
0.2978657336683269,0.45614470039786176,0.8909589199947522,-0.053705755669763065
0.32028530161519747,0.48551350098232243,0.8699185317688173,-0.07598795842983451
0.3364657680751767,0.5202606999069176,0.8316486484356067,-0.06442640867805699
0.2727362161648841,0.4166312706001903,0.878870573853897,-0.06146026592051488
0.32564830564649144,0.5057219405303036,0.8305493465893203,-0.10240723796613126
0.29007533462744584,0.42339981642404045,0.8974429871483781,-0.03637906448947616
0.3525173236316122,0.5264409788226309,0.8168723985206571,0.02462789362025434
0.31046589735927,0.48297183984727454,0.8634586117528271,-0.07453907941318967
0.2826387166172074,0.43792476430303917,0.8855482737871706,-0.08172751445035634
0.3331613450480851,0.5223926705990618,0.8162728242196913,-0.0791202119039094
0.33465170009658257,0.4876945891399919,0.8546915929950654,0.04082557017103024
0.3056726690667158,0.46034379246638485,0.8714838509986276,0.01453016121154663
0.31838240878173524,0.4785865794014283,0.8665175749920929,0.019709067430952062
0.3211346206706796,0.47643255677953594,0.8790991199786696,-0.003022789702439921
0.39375800377058967,0.5810840267840834,0.7805641933540632,-0.020626762119647854
0.30250949229567103,0.46676025726228304,0.8793125182763677,-0.04692737071008946
0.3060241966728913,0.4737459140805538,0.8809770061203038,-0.04277400719194205
0.29646528926579196,0.4699412622875331,0.8645075686370118,-0.10319798227152428
0.341988715144723,0.5142010804140558,0.8511057081931873,-0.04686843168273146
0.31028568604013645,0.4757395268079221,0.8642857472446146,-0.0349314384184927
0.3041044015625113,0.4869686197376624,0.8449019564141007,-0.12628888005002914
0.316087806503126,0.46784738547341365,0.8697781659539521,-0.04154545425937538
0.28268276612343196,0.4381120812129533,0.8779391988588912,-0.12132262081586338
0.32459959473406874,0.5004202658189628,0.8522161994443138,-0.01412342244674039
0.30558671322658265,0.45171778685567787,0.877873729019416,-0.10357306878238204
0.27057709290928816,0.42869686248473093,0.8777042093736713,-0.0902901961522994
0.3455937463387186,0.5188593410473153,0.8432991110431918,-0.05695248022286277
0.36466356840306513,0.5467827720224191,0.8355174980447901,-0.07126862095972088
0.2738024762804031,0.40993389827549603,0.8984408428434325,-0.0465092830804946
0.3408680323118787,0.5284811485050122,0.8431842985065587,-0.08655293667532768
0.3260137074585134,0.5168912795516994,0.8433184114615793,-0.0840849018373754
0.36320528448225975,0.5382678099035744,0.8302853008330648,-0.021885337805570244
0.3214095981567711,0.4956185166324027,0.8698104507713489,-0.09931434636167134
0.32099223134914956,0.489780137633482,0.8529151769527441,-0.031476764466439856
0.31439811273454793,0.4903219137948572,0.8590746605639431,-0.09143298164837095
0.3029596161848816,0.4755321587152224,0.8563841875725016,-0.08373383255760641
0.32085711011551127,0.4843355369577597,0.8679911115396828,-0.07543509348132943
0.3219063224997146,0.4955614154675612,0.8542612985063434,-0.08110348369026742
0.3317787004269387,0.5022815631553714,0.8586263753209772,0.004285456242939446
0.32549347987194815,0.5063671259639219,0.8457333647347227,-0.046725696711869116
0.2854765289419349,0.4287883743086512,0.9001569347856343,-0.08064647487845264
0.3453641980674563,0.5436830096408737,0.8204424954120442,-0.13446557809136633
0.3372168983968858,0.504443447918634,0.8533534264742562,-0.014094115118230485
0.3552033628014938,0.5328135064272903,0.8533187472932285,-0.022690653115466683
0.34060101839489165,0.5294098748331012,0.825254330302274,-0.06199807670785546
0.32453286663694175,0.49891041296232796,0.8594956626370313,-0.03052380995027237
0.36745281045420036,0.5508265504762141,0.8096361398168267,-0.028175346637284587
0.28555890623778873,0.4352251455481544,0.8716422546598959,-0.049692855188133586
0.3683116066004806,0.5549449887355763,0.7835662393837495,0.003129908465035474
0.3139181452403355,0.48445332978877503,0.8812695641350674,-0.08189832876049159
0.2824691579946322,0.43871517836474233,0.8782505265815741,-0.06171798888676941
0.3132783810142636,0.47803209299666655,0.8719247275422188,-0.06179509927059016
0.3112395149114992,0.46431859518699053,0.8491676915443304,0.006557793345760432
0.27387964202229953,0.4222998845999653,0.8796101625093855,-0.04628960626877354
0.3461635066952638,0.5168000543543338,0.858766405024279,0.02806940303805609
0.29858800756648424,0.46425323326658313,0.8702082074258618,-0.05675977225477809
0.3736441022505611,0.5512444736080386,0.8474003353265915,-0.03150273901823797
0.38439841784584905,0.5793818461669467,0.7831184076209583,-0.0855246758260835
0.30611611204982425,0.4618080498908509,0.871920701339061,-0.03959432512295995
0.27432473946309693,0.4278904065752684,0.8872715511712034,-0.09991571014683596
0.3277451701175451,0.49962165969611116,0.8300530397124387,-0.0335027003083699
0.2775011687900686,0.4097988214020457,0.8824437600765426,-0.020410988242112845
0.3064975370504003,0.4639432321018573,0.8707692653181652,-0.04775975421727805
0.3285591227438984,0.48335283894056835,0.8576842463959322,0.013729114632473793
0.3135587379932536,0.47315817792921255,0.8444463288448932,0.00019798130534181047
0.329543538494045,0.5048629982555701,0.8393195325034315,-0.07230817822960019
0.3561599996722273,0.5395641893631662,0.8125172750836203,-0.027405575926475516
0.28971770375194433,0.45149954812270404,0.8759108354240706,-0.09878473456706974
0.37588938955673135,0.556767691212417,0.8061184157285746,0.019692545940398633
0.2959948743775547,0.45863480101326043,0.8632274569279321,-0.042133600889945874
0.34659043053987,0.5240887304897327,0.8457471099643256,-0.05934941727692536
0.339686114507695,0.501283554708337,0.864675537154343,-0.0168155866790388
0.28065144325277314,0.41986984202896915,0.8878808083791756,-0.06143992684221483
0.2999226103887515,0.4509149916038218,0.8625037469399719,-0.06833929854645736
0.3201593870232515,0.4796162178653016,0.8664291774555845,-0.03850880697733116
0.34036762929970993,0.5338480334418985,0.8040723990573351,-0.13050076416925627
0.3630746685619438,0.5422131299534327,0.8128530463570414,-0.02018699484238426
0.32088020743734885,0.47495866380631657,0.8720745711854889,0.026348260838179222
0.30191225171671837,0.4614734371905977,0.8677370427547756,-0.01719774924129214
0.2858672794132066,0.4322891288761208,0.879433175859755,-0.06002846114557053
0.28298478341458133,0.4403846067486623,0.8720548455788191,-0.04956497208828929
0.277496534937659,0.42162182561547906,0.898429042185012,-0.03894761349942708
0.3065950742201057,0.454033269767826,0.8800117759545681,-0.03164817959666977
0.30202685625896325,0.46267545074655536,0.8688830745611591,-0.02682412837929382
0.3104035033541831,0.4627076204290011,0.882034722355303,0.013475404814088966
0.32771420824351527,0.4959476835297597,0.8457139291218205,-0.045871866865539124
0.34634470679700646,0.5365458601679872,0.8134495066281215,-0.08364772849325708
0.3184664280462305,0.47890236108715006,0.8359476601026744,-0.058380136138486145
0.3090118702445246,0.46814571742456784,0.8784380735773114,-0.06008010927705466
0.28796373465166697,0.43284718586557425,0.8687525438148362,-0.01823499179348472
0.3484317136801957,0.520261213112392,0.8392072575960954,-0.0016924682539166936
0.3187097870994903,0.4821598259500381,0.8512772685460305,0.050534745288144875
0.3466205208628226,0.5300858396711061,0.8299251408148579,-0.04116292441435223
0.2999494257717444,0.45051270268531346,0.8935487009550408,-0.055660904297952736
0.3296604937793311,0.5098981897986412,0.8400094908528065,-0.0862954377970705
0.28474781469677624,0.44382024347140836,0.8737205717205005,-0.061266949343283174
0.3570374449281996,0.5276398990615493,0.8185519962695195,0.020867237102245088
0.29230505509579224,0.441256939092816,0.8703464216040697,-0.05325661792392791
0.3005041789735968,0.4621995941015402,0.8729968891660357,-0.055904702343250054
0.31838938566116315,0.47957864689322854,0.8605107525295433,-0.02619260043764476
0.2963773627225068,0.4418593658458238,0.8854861656076323,-0.03191981734905847
0.31806435012775447,0.4888862180843216,0.8491799312405668,-0.0884898159845749
0.3200323640387334,0.489270124814863,0.8493423089298217,-0.0939340490615557
0.35518043810850686,0.5175938655925596,0.8551390483258837,-0.0611829647760084
0.3330200312421101,0.5118492561504666,0.8385139102565128,-0.06613033871434199
0.2984557367375293,0.4484533410105654,0.8801615186591312,-0.047267844421138544
0.33827739140698593,0.5133129448983769,0.8509673141375065,-0.05985777634518909
0.3300536922606168,0.5039645409864806,0.8430091657100821,-0.016537020205826525
0.34016157620364484,0.51417014400431,0.8677346463859162,-0.011258943341352962
0.3142959108151905,0.4838440983515914,0.8679699616711453,-0.05187899448784007
0.3233038880894885,0.498143220429047,0.8573171442838314,-0.011149926448054156
0.29470466666288214,0.46356539240807665,0.8330563407016616,-0.127677124818171
0.2945721454071042,0.44871499651482527,0.8854208883250907,-0.07040952564187082
0.33914188074348955,0.5110824364001263,0.84552916471422,-0.003891684314523928
0.30102606452181807,0.4493711466290697,0.889896305476232,-0.026865697659648295
0.3063179774636366,0.458778031624048,0.8831822885581216,-0.017774738008434328
0.33129023932971846,0.49642942415642094,0.8651925773440416,0.012731240784860374
0.32427338854463583,0.5012019128817619,0.8488496160822672,-0.06098020770260655
0.33184593936722745,0.4948185537710196,0.8467308888921325,-0.018187309892503858
0.30542618112995434,0.4600663435851331,0.881441711224084,-0.023530656163348068
0.33575648643390654,0.49856267650388586,0.8500816066591464,-0.013884260429643466
0.31002533431444346,0.45904161773915464,0.8727963179771361,-0.03010109897014023
0.3515894065275205,0.5398388818971869,0.8225291354785487,-0.09956516402456064
0.2760068088919568,0.40841218602485163,0.9058404258449657,-0.028888966010904907
0.3021862240341392,0.46967307531513647,0.8748997852610858,-0.07679520411158018
0.28708207299419264,0.42479253699186026,0.8944802614355022,-0.04441564766885479
0.3329695293273053,0.5045177169553504,0.8497764842944158,-0.05822718946096755
0.2894907019936448,0.447160885014636,0.8678398137467737,-0.07828351337938111
0.3134927791609834,0.47796506572888103,0.8404008971710604,-0.04453636893551775
0.30581290768851166,0.46676767963926835,0.8679185973005065,-0.029254717283768213
0.3318472159710021,0.4943577441786585,0.855317617589584,0.010975227336555472
0.31822358978673876,0.4960343280711976,0.8495624762840006,-0.0689686319650857
0.38688205320147495,0.5764715156757679,0.7945780078970253,-0.0615206940073781
0.3323989023551348,0.5008033306196723,0.8550156233814696,-0.048976465954795885
0.29637929140785274,0.4651115325399451,0.879715063808691,-0.11495264561207881
0.28615004960185864,0.4293410221263763,0.8930211281475979,-0.06073227930808475
0.292607649684378,0.44803349410908067,0.8777480593748876,-0.07243787966254861
0.32378773585601905,0.4992523985114864,0.8474406216620916,-0.0515520421257607
0.3036162342782028,0.4721791363041282,0.8557806171312863,-0.10020576986018284
0.29393638419148926,0.45110252542123913,0.8758365941682088,-0.05771481833885676
0.35375103401755387,0.5406499577962337,0.8034109276935514,-0.09586705729597875
0.3064564212298123,0.4673040312791475,0.8749086530550757,-0.042412492635916045
0.3136827210695028,0.47089606459977107,0.8887927297445032,-0.03772452610092685
0.31259083049391173,0.47315508261540024,0.8783977905460079,0.025786441459215523
0.3214992486166068,0.4994380936427433,0.8501787821174798,-0.0866247373095252
0.32023274232181653,0.5037068722658685,0.8089709556151079,-0.1372323894828362
0.3378265409084603,0.5075593893240371,0.8393148993055667,-0.07554566426271661
0.35760776107174136,0.5529584189976161,0.8070110392800851,-0.057644337558419995
0.33850856010971014,0.5273274327013298,0.8164086843615335,-0.03828720899022074
0.3338646895512848,0.5136309573812327,0.8548571971488186,-0.057564181339679506
0.2916468858435384,0.43752383819036206,0.8543956111049273,-0.028788211921764374
0.3014715689243203,0.46377503780055085,0.8766225708554867,-0.03931003113095604
0.3144690181016894,0.4839150740860776,0.8293165915446684,-0.022584341234498012
0.30582392969062944,0.45715829605906144,0.8710136892803585,-0.043939487977927266
0.29557222133478783,0.4443714116126857,0.8726400896500786,-0.013742434466910952
0.3453603174080891,0.5202160270763428,0.8354421123063215,-0.05510246189738705
0.30844487497333145,0.4671689381068676,0.8634926256166274,-0.02989375350662792
0.3179793989609828,0.48591140919572023,0.8517123108049166,-0.029512575586029793
0.33650372066771284,0.5139010728679165,0.84506739967228,-0.05485346890572842
0.35216915065830356,0.5225563231238287,0.8467561085767998,0.004186973737523985
0.3825720673277827,0.5836421557680924,0.800087555911213,-0.06284031880499595
0.2930159116326192,0.43540202577908893,0.8903563261855619,-0.054009036625071845
0.3226162805756446,0.4802550611227412,0.8685919162825672,0.004161418476086898
0.33816488818102924,0.5038701314938159,0.8709250894953092,-0.015573212513642479
0.30306840691981707,0.4645949210029831,0.864722067625856,-0.0533103943820944
0.3277278793810635,0.5196852658434651,0.811495156894308,-0.0691023806324526
0.3120942680072233,0.4724073925321643,0.8701173994550067,-0.06645679735010646
0.31147038752719014,0.4721854791884233,0.8820761120390022,-0.030428252206878902
0.3189284951761982,0.4661804880698497,0.8655808333169128,-0.045674475822461015
0.3243981114030607,0.5042525431853527,0.8157942068594093,-0.06543417348694738
0.29342875215561226,0.4412938166750434,0.8782300860243725,-0.0584707867781747
0.2643604422731173,0.41352720116214353,0.8977988930732292,-0.10685849715564454
0.311959130655003,0.501572261965598,0.8328695921818852,-0.12840443391058715
0.3596034276380217,0.5415045721328068,0.8196941787518626,-0.08339918480361302
0.34335975171135613,0.5084227785930656,0.861273134964798,-0.013280958693961674
0.3230199396953374,0.4714969562462381,0.870477500177709,0.010543517769325291
0.2955989954605634,0.45774745939537703,0.8701047641840131,-0.08295626413704736
0.3302944742782628,0.4908940874609548,0.8652092787065774,0.015986711547836013
0.27299858864084975,0.4071106604332841,0.8955232409752408,-0.06993348220251985
0.2984220872639729,0.45610718822086044,0.8679782975554806,-0.02659045029093956
0.3415239901717186,0.5112827730758849,0.8210506424822693,-0.028435893961078686
0.3052388434076921,0.46151634237208594,0.8852913715927885,-0.005608021540967549
0.3188334388573379,0.4951226001964115,0.8140002872422815,-0.06132418568600674
0.3281001675886554,0.502363128955387,0.846504314915986,-0.0724716776314288
0.32673847381059007,0.5041063327637968,0.845130634725527,-0.04844287999832373
0.2894067501925425,0.4417309712321832,0.8708610188341346,-0.060324692827944996
0.3219125952104907,0.49189071442259785,0.8466850081033108,-0.015253689135125238
0.3004397621207996,0.4763808250482574,0.8613181070312026,-0.07915404762969584
0.3474469243677282,0.5231979343699186,0.840409844655378,-0.011872173783579442
0.30418966495078487,0.4734809810256561,0.8407181444125804,-0.07999534897250121
0.32278896976262866,0.4979643285649038,0.8413949190024199,-0.07609674565889608
0.3394277886058844,0.5061196541947328,0.8409027477116465,-0.06142784005840042
0.3336458116901495,0.5114192630553793,0.8475261743726396,-0.0010473836596838865
0.2950129223871652,0.4560486848804905,0.8606793460682072,-0.04609209062622808
0.3051378237023506,0.46196307369087064,0.8759196027165465,-0.07598056518164382
0.31378666113342857,0.4630674824442662,0.8916084465955247,0.004807600353528272
0.35311225052358264,0.5206834034460346,0.8522624554762037,0.0330548215687191
0.33053861571169924,0.5070394302294909,0.8483748875267743,-0.08273192374468902
0.3233168193775533,0.49095543095220223,0.85685905621633,-0.03594632194425829
0.3263216265444113,0.502165112647033,0.8390396616616274,-0.0631343879993408
0.28640492394375777,0.42440696833033764,0.8958458461857334,-0.0632301036140287
0.37319523804385046,0.5441634279282539,0.8392877436110774,0.013712527994686695
0.3705802834244956,0.5736439978138755,0.8024822481244303,-0.10965595692493163
0.33272628875400884,0.5108333117091677,0.8521935866284502,-0.06917232601944276
0.30792383890193914,0.4776286037704704,0.8597861576238836,-0.1074778535307043
0.24948599539632596,0.39898675098553443,0.8589521982715687,-0.0899570659082852
0.30926730495436994,0.4792035908876619,0.8609714614779338,-0.05519003854499282
0.32178353245251196,0.4740712019204717,0.8609635607979359,0.00024905585358612575
0.3093636101839984,0.4784909351758829,0.8488447910694021,-0.06445255801500871
0.2919704296645045,0.4392168873586385,0.8834914615095458,-0.04734720006717038
0.3326227980108608,0.49872183114336843,0.8662930755226251,-0.07199880112529411
0.3228033375657689,0.49491707133704516,0.8156385153290358,-0.02352216241181743
0.321697722864183,0.48541988602844005,0.8626734332649152,-0.1177598726068121
0.29843500866431183,0.4589567898403065,0.8618152527911077,-0.08711854666519478
0.28040489895708515,0.4252546669529436,0.8922036781937682,-0.045598717242422405
0.37326188936780924,0.5619683667582089,0.8083817671138,-0.061851396427758124
0.3497797003476833,0.519297096104718,0.853523117420235,-0.019055935769794172
0.31604917041810965,0.4869525258064305,0.8377045043003828,-0.04656018204435061
0.3042965883542073,0.45974144330548466,0.8835777514969242,-0.006761767298142547
0.3172687735399713,0.503131025496386,0.8509506089203527,-0.05890278173290649
0.33455701910725705,0.5139026782926427,0.835069116708393,-0.08733739573406166
0.3297411715558748,0.4998185100983176,0.8317050113490088,-0.051728441570779785
0.37014465970477073,0.5418976882814812,0.8433684656544985,0.01615022074781877
0.3420061275904967,0.5243902797411997,0.8199100451308858,-0.10122775268563923
0.30070771595118684,0.4585104264322324,0.8694773132070512,-0.04575683268364174
0.30976612177690044,0.47983172608962193,0.8751310228491189,-0.10406062246375537
0.3262534689085006,0.49361453327521876,0.8622617577816238,-0.007688599983788649
0.31671049186032235,0.4711697419126163,0.8699591226518452,0.015858888704761914
0.34642878466621224,0.5075290021167532,0.8522197003626553,-0.0279848384894539
0.3278838792915479,0.4894311832885086,0.8685989322907876,-0.026109107456070327
0.3186510119233241,0.4840135555901436,0.8641227068898809,-0.035250642839969565
0.32733020856129524,0.48116941880107883,0.8557034584630584,-0.06806899642406891
0.3042921007560569,0.4638620146643562,0.8745632130234765,-0.08069513896702551
0.31413705575272916,0.4722906269878166,0.8792128920844746,0.005681098636593501
0.2975201337779229,0.45409966549099534,0.8778752476733257,-0.04212533664882361
0.31486803797821356,0.4701469777773634,0.8670169924905868,-0.014257819084936455
0.2769114601725376,0.42676706331972997,0.8866908577631332,-0.07049529232587376
0.3341180511794745,0.5158487767669372,0.8359473410672671,-0.0448305972421033
0.3290701417914403,0.49539048815326997,0.8539525279716496,0.02883034390192212
0.30290983501325125,0.4711426645351553,0.8560658307608155,-0.10649386382959643
0.311779081366897,0.4785504047785074,0.8694057535451328,-0.0057351788323441325
0.2895820375115857,0.4526589141676777,0.8865108358155724,-0.08465406964361331
0.34393342494458196,0.51879256257561,0.8335940345400628,-0.04665841335757471
0.29878290460482565,0.45517251151367444,0.8922435381657252,-0.03253621670112685
0.27806850032923364,0.4274535950675612,0.8870694749264844,-0.08114144600439842
0.27213096391542574,0.41172549509825596,0.8959178781444079,-0.06275991508845735
0.32099515949554336,0.49616320754854687,0.8422567277600465,-0.05005329251988446
0.3022461563279386,0.47762190563847495,0.8467863244303899,-0.08509058402894605
0.31938448828480304,0.49172228730683804,0.8786382197219404,-0.04492351911412231
0.2852543554344841,0.44819752716652533,0.8728144213840031,-0.07651169416054582
0.3295564390585938,0.48648255894935216,0.8644534750367581,-0.030511663927263045
0.33432314352112263,0.5193707161659962,0.8397127102498319,-0.07966866736242748
0.28054048542608506,0.4343791396654651,0.8606920705570655,-0.08670290093704085
0.3231768209484529,0.48496577613146347,0.8653762545375671,-0.012655862898323765
0.34819552885980537,0.5310287326078414,0.8385717119515148,0.008724408205525431
0.33968361180865875,0.5286677607858261,0.8253755900238855,-0.10997471238489175
0.31191837043040904,0.47457101688723047,0.8729634266622159,-0.0358114559485465
0.2600245653472345,0.3920004118006911,0.902511828623576,-0.10645492396751817
0.2979669812918656,0.44498771102118473,0.8714340292575635,-0.004935781888415323
0.2688272920025259,0.4207465874026973,0.8887664465951262,-0.047923553782563286
0.3121264033288474,0.47831297104272,0.8490035342829554,-0.05428470698253214
0.33732759533537565,0.5094783890628313,0.8563623550615251,-0.01301016774495257
0.34746850523907075,0.5128805486951348,0.8466372855082176,-0.046834891848064004
0.34572516622625904,0.5312295683887173,0.8027473786329206,-0.08516041364626535
0.30427464001560095,0.45975911630467303,0.871009602779245,-0.049693913017417206
0.2958740761275602,0.4608967569326761,0.8650358798160898,-0.08455698173098378
0.340618394192837,0.5093711704067401,0.8384388558133757,0.013436142797282238
0.34081366020663395,0.49417014324535397,0.8432150262813248,0.045146336669245196
0.32759576160195314,0.4893300409056972,0.8572240923389196,-0.01802157813614446
0.3061920114453347,0.47041180373653363,0.8720188110450643,-0.08655621543255368
0.2801467738974435,0.4319683374787488,0.8663525065932747,-0.040184776214071675
0.35322953986225825,0.529034559061506,0.8293733683895372,-0.004072592524094017
0.3042135847133984,0.46771923044561714,0.8730501618864169,-0.1247709087615055
0.35185339914586067,0.5240874066039035,0.8499692052850776,-0.013847155024001032
0.3606637920565382,0.5400629618136101,0.8570646809810142,-0.0020910009466307638
0.33915533094631417,0.5068490356234485,0.8429323954948876,-0.018108703310320134
0.29623885422347057,0.455540314706696,0.8654365035662024,-0.042382516642656944
0.34952437201813996,0.5273855465117381,0.8156305136567177,-0.029519232086950557
0.30721996005510455,0.45538537064596496,0.8644975121765659,-0.02236803270653747
0.3494164026656857,0.5138658845185385,0.8665170419223136,0.04397584772165621
0.31552862060704223,0.47804554296972884,0.8794505888358233,-0.10186179553064532
0.31847470351324,0.496323096352913,0.8486720767379556,-0.040134228291505536
0.31363796082172407,0.49338439313916665,0.8429405273803213,-0.0790122413814172
0.29188627023633834,0.4714655144432436,0.8559849142959863,-0.12681156258836104
0.2843834713069642,0.43868567889207966,0.8626725783279325,-0.08696375366976974
0.25859340399402353,0.3903968471986358,0.9045024766726183,-0.0820905894078437
0.3169425620949142,0.48450622779080904,0.8519247513936887,-0.010004886389090088
0.3052006882350108,0.4646215552128821,0.8742529476291646,-0.0532137508333544
0.36602400109935523,0.5446854136647725,0.8385746977193972,-0.022126595120267725
0.3065063940581117,0.4700810286427514,0.884187797547415,-0.09143353903859848
0.3193569636989306,0.4936567493059627,0.8616011612617949,-0.08010281374196275
0.3232998403512062,0.505031783097701,0.8289240171691189,-0.07792990780753821
0.3354566450800674,0.5240126496469716,0.8301471237568662,-0.029088940234100025
0.37071776923983296,0.5401054286095888,0.8443628815037145,0.0773425977329656
0.27389066430466724,0.4390927344278957,0.8632137129456704,-0.10999401364284626
0.3374438920876329,0.5122213867722721,0.8431980923664544,-0.00822897322663853
0.3028696324622786,0.45008127876296056,0.8960146548841356,-0.08385928601793399
0.32353545410116696,0.4838716488419722,0.8648255526829198,0.02645853502583894
0.33773379017462835,0.5128357240456403,0.8141434924996067,-0.0010502462183468602
0.3193785304512452,0.48768610714509797,0.8348798950383134,-0.05129837605753228
0.3572498587536892,0.5517055384914797,0.8302776001648152,-0.0752604813447642
0.3716945817481943,0.5364871993019351,0.8484504224683301,0.0076047287942867916
0.3173518038661309,0.4885157800987087,0.853449671562339,-0.06561449908575741
0.3793422155400491,0.5693061814578362,0.7607475560225169,0.013916144853454989
0.2922024667398294,0.4469243080426519,0.87628437270983,-0.07362332263386051
0.3541063418050101,0.5383018319699859,0.8240350772611359,-0.04650476378847446
0.30772430552482344,0.46342655360368123,0.8562100685380105,-0.05663933344882523
0.28232381887298935,0.44617518692527597,0.8715304585109697,-0.07967042073606109
0.2713335703974965,0.42262436089906724,0.8851227048032067,-0.08277723428252237
0.29313725383280553,0.45266636368084534,0.882627273245246,-0.061897773709319204
0.32489794147543666,0.5032875388876449,0.847717877657764,-0.06934887058512956
0.29427663742848637,0.46734767222943246,0.8545821465947668,-0.10985710303861432
0.33007462978883323,0.48987276116302375,0.8681234861813233,-0.012850740913009194
0.3684075197940604,0.5473542516656966,0.8201873503247571,-0.040384315613585645
0.31030235030281933,0.4728957670510004,0.8704862962821367,-0.06643325838019669
0.33847662773740284,0.5273459221787334,0.8098139775203184,-0.11486361826766535
0.2769608917514892,0.4312498969357247,0.8623532341918991,-0.11187122039380337
0.29742806635514,0.45477392856523446,0.8634459281851519,-0.0644980933178409
0.3088581586580251,0.4814063975153123,0.8547319738833168,0.001655021761848526
0.2714673412213273,0.4302373814712132,0.8653506402365646,-0.13946463995611796
0.304354727210243,0.4848776842722899,0.8280254010443238,-0.11963676547630532
0.32912507757562914,0.4955809078370124,0.8640600367286653,-0.006754584457141697
0.3255249051338531,0.4842099044602015,0.8663396354641794,-0.011730689210669599
0.2661814321993826,0.4099008046903805,0.8950182220914605,-0.09695124583052023
0.3276910501856303,0.510120699099514,0.8331398203042637,-0.10366359594537859
0.315061401627344,0.47797702418474325,0.8805069728152118,-0.07466553099960495
0.30015463764463507,0.4659200359549186,0.8637363306557047,-0.05634588240761646
0.32988146078844915,0.47869786635710637,0.8636446933168691,0.013257181824923301
0.30488337558933826,0.4741051767147619,0.8445810562227736,-0.046866136511385124
0.3333105128324548,0.49999370452890113,0.8499341935006361,-0.06110493647659008
0.3211907907099681,0.4976547203849182,0.8404662821434845,-0.06331932179524398
0.3262196374786528,0.48946154136218295,0.8763756654943462,-0.009793112097337077
0.32502081001129324,0.48605561852863893,0.868830144780637,-0.060814085400394964
0.2897111283129774,0.45347746864034544,0.881915345068627,-0.05123078593801611
0.35531109136856875,0.5375471582799426,0.8122189992330134,-0.12132401067132204
0.2724645932957322,0.432230570278088,0.8665747602563377,-0.0604451426039478
0.26434391965987347,0.4072371707101232,0.896986945314017,-0.03606278186510615
0.3495185026039014,0.5197951728946639,0.8350400257198598,-0.050992865643814465
0.34305655384283384,0.5117210710656744,0.8466876145499946,-0.01995530586163524
0.370822329686847,0.5469661240913365,0.8203823753883933,0.041820081620865784
0.3407533738348864,0.5125912849274955,0.8467423841199255,0.009015033974498397
0.2977495215984931,0.461038733813069,0.876990917154346,-0.06771083395073016
0.30130759972248633,0.4694643293112306,0.8410743475550952,-0.06386119627039469
0.30479224971256647,0.4701334647420018,0.8643687921558012,-0.03904065074872861
0.3130153648748185,0.48193454562768623,0.857888789995757,-0.03769676522703647
0.31793707540419514,0.5080582508459819,0.8299937342634409,-0.13903458720301778
0.3021512036818832,0.46515838979628815,0.8702042177635673,-0.027797307650180555
0.32190252431153243,0.4866780316832521,0.8632834930955083,-0.04266773071175671
0.36465185466951805,0.5586589087761071,0.8222630984776217,-0.06236911942713979
0.3047861116787776,0.48446650441411754,0.8371414027630342,-0.0946912144964485
0.36007162166110496,0.534236251609729,0.8519238127577649,0.01182952398063324
0.29044876122571356,0.4344428856084691,0.8880696893283755,-0.031368485592823896
0.30138587848185505,0.46830047082454346,0.8573413984029971,-0.07586041829028671
0.31974529323805634,0.4805072374679975,0.8551434459931212,-0.07757753013321594
0.3435043066411595,0.51061654066549,0.8393724555292477,0.013237434607164287
0.3211243927482413,0.48180949786404265,0.8620407602206877,-0.04237833616654107
0.3236691930973739,0.49199641761300217,0.8375041790872184,-0.06730559589829911
0.3250669490897751,0.5071432940466998,0.8244795467878903,-0.09087584356530126
0.31606895768555576,0.4830552217964714,0.8761347908115675,-0.07225295793637022
0.3175791376765467,0.469665799375834,0.8879561775903022,-0.013829360311304027
0.31164261029805373,0.4777286475985666,0.8634251382106697,-0.03101049632641703
0.3026483152743236,0.4563502870566625,0.8666655702315083,-0.005601587075631974
0.3579184964766035,0.5468303721391211,0.8237882652352992,-0.09940165923001969
0.29304993365071486,0.44956189909420813,0.8772715233466983,-0.05718505314885534
0.29934023817093486,0.46812234203926073,0.8554961488625429,-0.08662795597615319
0.3238412886429125,0.5007228386332748,0.8665414763650907,-0.11561489805035816
0.3192620183175114,0.48339641252067406,0.8430601964648984,-0.015586667294771773
0.3489910021464245,0.5380952958946977,0.8294390768348483,-0.09891882005033789
0.3158614419053205,0.48107146213959917,0.8761709097462461,-0.0036114560711421164
0.3777153009262828,0.5670071029683652,0.8291694432627228,0.009689266258313898
0.33715949618243,0.4945031868258741,0.8334020551220424,0.02144859124973676
0.32351298072425455,0.4847374211328634,0.8670638256493804,-0.025777145733377114
0.31250643141130013,0.4712185505240273,0.8452399554810479,-0.05928866712456383
0.29022108575142164,0.44260767924249167,0.8749904095711192,-0.041649199753123846
0.3057672375285257,0.4624133805296008,0.8617398539653712,-0.08010151268555135
0.3124105599131463,0.4606739442774581,0.8637786100949592,-0.029990792440430986
0.30828244550904865,0.4773380410862976,0.8560592883284752,-0.008008807361017436
0.30631854910361894,0.4680030042869692,0.8619404633253355,-0.12031986435595311
0.36957562661762167,0.5614131003447295,0.8160237449629483,-0.11592330854099954
0.3042880877576319,0.4628404848483208,0.8790719950739951,-0.07730590524027954
0.31846298829724345,0.4804086149978943,0.8557046879847123,-0.028675873387361193
0.2870543902021471,0.44660775479436865,0.8865053768957736,-0.023844509264480448
0.31552200395035923,0.46934257737538254,0.856428660754974,-0.022704541832255377
0.3871505901138214,0.5704310069888677,0.80687218466597,-0.009266687356709363
0.3187454028292643,0.47960064752263437,0.8694330222036515,-0.07310282894995945
0.303539355429727,0.47169314330387097,0.8744540155906229,-0.07547877052842321
0.344768400097824,0.5111438276571264,0.8565555727233796,-0.03317778781582762
0.31139666585413656,0.47740304498967273,0.875835281274886,-0.05241428858770027
0.31654643981891184,0.4841866881916199,0.8524987043001482,-0.06778309976673287
0.33359977451288647,0.4975819216845368,0.8681133525434719,-0.03750689021876057
0.3184065343714554,0.4951040336764544,0.8472574867418244,-0.10177148065739768
0.3154025658389956,0.47392750647932635,0.8794718931683034,-0.026215269336504428
0.29582369911997974,0.46413117421090233,0.8561977981408929,-0.09079720101252693
0.29642678108186693,0.4434696080534886,0.8801853240159873,-0.006976626941211474
0.28575453788238786,0.4329683422312352,0.8697786333413906,-0.03892504921394382
0.30311515928026284,0.4588304516192317,0.8523325415561335,-0.05313622715769054
0.34020247539929205,0.5042532238664201,0.8506748646717576,-0.020431730270447764
0.29005774860846684,0.43746503546734766,0.8879468089691132,-0.04406550602108453
0.33424933729364664,0.5027861603126079,0.8484012141477546,0.011075722462912458
0.3001508099826333,0.4629153111837197,0.863451801124502,-0.03555639595351421
0.2851721940888082,0.4281096074669189,0.8653766244818423,-0.00670033165152816
0.29156802020721406,0.45107078835506287,0.8731757206520687,-0.08652040987575232
0.2808116516933628,0.4296747510182239,0.8775213393145102,-0.07029235060628601
0.33746859388966494,0.5007377009236369,0.8474044628360661,-0.0007153549585840467
0.3399873528913456,0.520532847212695,0.8262134418565433,-0.05724807011636138
0.2798424579258093,0.4320658802849525,0.8707972911948416,-0.10950528293594577
0.29780628258016156,0.466929061699578,0.8627428572882774,-0.06954295690731781
0.3490267181017395,0.5143389796348624,0.8502153084134204,-0.012998797265672383
0.32117620528207724,0.4971755714585039,0.8562229970011346,-0.03810579623063643
0.3738335291906884,0.5547956835495478,0.8319443158100631,0.019341059507990626
0.369310921813795,0.5469683196818012,0.8288586593753182,-0.022094137870803828
0.32504714923443806,0.49199877888624016,0.8339814205320711,-0.022823231953490966
0.32125736937048843,0.48176913377323693,0.8559575791310061,-0.03743796508410101
0.31707426951700224,0.4935260341604329,0.8470586340889771,-0.05766021811290004
0.3441635974638546,0.5137659021251589,0.8667537120040727,-0.033856175035847064
0.2594475556622387,0.3893494856062898,0.9007350050020356,-0.03580151767926997
0.3472279544372407,0.5186395643423205,0.8379144218009715,-0.02373111319145151
0.37460392409871446,0.551399573963902,0.8286247707364,-0.0027238730907249787
0.28885595911666995,0.4589198855721177,0.8716400380463641,-0.12518490919550587
0.3067375589567545,0.47948170875137835,0.8525336114056821,-0.08210938629163747
0.30994811437537806,0.49073830379079286,0.8507004546052104,-0.0942985307858572
0.29780415300699975,0.44708570117251667,0.8891346207743153,-0.0309325840598379
0.3065754454905365,0.4765846538988856,0.8593568389164216,-0.035462019570746454
0.2651162812402832,0.4041643840799617,0.8898721542333552,-0.09613104893888404
0.331966415965344,0.5009158563179306,0.8638400142980713,0.007953278302059826
0.3028379243078387,0.4591279751874173,0.8790412021747163,-0.07333649068386378
0.3119206254451922,0.483918979796429,0.8382721839139258,-0.05249647352597941
0.32781561856838176,0.4925628649426317,0.83114725465841,-0.05910343987499726
0.28718199256840604,0.443532097872557,0.8677230312324858,-0.07504176313403586
0.30767774521781427,0.4800137389558683,0.8747126979607375,-0.08345507201854828
0.33479846315113365,0.5058363538442163,0.8273339889195296,-0.023281826580399345
0.3247462324071126,0.4901048543726607,0.8714929124448021,-0.028959439343463587
0.28868962868698883,0.4511393029849972,0.8462149480830498,-0.051095197736485784
0.3033065211938368,0.47159214007224104,0.8285582102183275,-0.05105378433204297
0.29741789133277463,0.4477858603323331,0.8831535988888309,-0.026455076099866713
0.292927694325591,0.44760716336563416,0.8944026688125806,-0.005669181031261088
0.28340867509890255,0.44438816473440396,0.8760909747611205,-0.10465491721022623
0.299926826574279,0.45097105768311263,0.8815235913978552,-0.014545358495365071
0.33962633355135546,0.5145740990225075,0.8484670799299676,0.005491121214086694
0.3098670272503411,0.48155202446645257,0.8664935430215917,-0.0798880014387298
0.3551794686211421,0.533883351118103,0.8371413639185049,-0.015457956215753134
0.3346064878342611,0.51670534298593,0.8293877941753698,-0.09510893295063211
0.3072431303176743,0.4791904283560553,0.8386581648709273,-0.00963833449804833
0.3042051090717731,0.4652490078238332,0.8748522376825123,-0.018953536653268238
0.2765116336277881,0.42982489142642116,0.8806365235892081,-0.078963849018904
0.3380814241436255,0.5254295007344056,0.8191573796408969,-0.04185290631167754
0.256238616145786,0.3838581175631237,0.9142557339307122,-0.06815910799707436
0.28785437087183835,0.4472153792519074,0.870601804895178,-0.09067246592191121
0.37478303841323046,0.5736274983138969,0.7956066279316062,-0.10361501773330029
0.3045317389311348,0.4550367876189453,0.8930438997587208,-0.04544934336625973
0.3192844493972733,0.46891936678625773,0.8741520120399022,0.004294627890698111
0.3335530013447942,0.5258684953285678,0.8069316868008397,-0.0831547398346191
0.3317270981032549,0.504692089717032,0.8434565766917309,-0.03062945626616851
0.327598362979334,0.5131305868054282,0.8369279794445481,-0.07255734698264663
0.36999585929045026,0.5330306375912361,0.8259704030349069,0.09053991187856232
0.36748260453055004,0.5533630208313759,0.8165368576494125,-0.023811717857316644
0.3198818294939267,0.47770155138939324,0.864745170890634,-0.005532406885100865
0.2999929520117694,0.444394852437257,0.8838403369404144,-0.025381988477078402
0.3218181670433606,0.4974663275058235,0.8335044763691369,-0.07792046301950324
0.291616088981602,0.44063869483458706,0.8856878044748777,-0.0274897303462267
0.3449473661789625,0.5037537295788209,0.8575440662538185,0.02222599355161142
0.29840089124182895,0.45299894662952184,0.8799454773139374,-0.04068159800351945
0.3338475525951533,0.5080884143403692,0.8480017016449422,-0.07082839857094765
0.3245845133693508,0.5044363792432994,0.840808771318068,-0.08241402234588584
0.32450601371398646,0.49087596238446024,0.8480722427895697,-0.041373236747348684
0.3465486824227385,0.5188267990312607,0.8354794278280453,0.005240282044979764
0.33107977967738833,0.513670008728731,0.8008431195842074,-0.020585705837325642
0.29147802217568425,0.4237236338794934,0.9051799134196502,-0.010660357823571408
0.2923350583675591,0.4537020623870353,0.8331669994310773,-0.04564277372503251
0.33521457998884163,0.5072982773887816,0.8424409358241746,-0.03186927070382206
0.35762790506474307,0.5335120002249341,0.8471681331804497,0.01247099468625786
0.280083497593372,0.4187700160251968,0.8956841501240818,-0.048540480613908414
0.34501209045606246,0.5295920298860176,0.8259241152626406,-0.07490650049914464
0.32848357359083946,0.5007604156676951,0.8550415584066413,-0.031151526624593272
0.34509639406957626,0.5323875527157563,0.8443226276726407,-0.11824425061659538
0.31030209715213763,0.46308946444066285,0.8596794310591953,-0.052870397867650694
0.3228137178338239,0.5087612853288648,0.8176747259230519,-0.09638034262606417
0.35902556695741783,0.5354908811507834,0.8288558758768678,0.009681622263305907
0.3143463247737844,0.48823689216817123,0.8388830587595684,-0.06512000178881333
0.3580539463861142,0.5362224238389941,0.8232839277075072,-0.006024171529182055
0.30356011394003785,0.47568958296903574,0.8744348209438698,-0.03674940029082559
0.3128761106283162,0.4819222943471828,0.8682131450941566,-0.043080197551420535
0.31451713900979394,0.4729822373227951,0.8584639835307827,-0.040820194271562915
0.3216556825875802,0.4964038579458992,0.8420284900139559,-0.07804277432723511
0.3618571654331593,0.5232091744048312,0.8457137528637328,0.10120822893518398
0.3409050149656118,0.512089057341925,0.8385725832338459,-0.010679958759226341
0.30799833942849064,0.4733805266795301,0.8686159122236892,-0.017992131858293674
0.34210028304006224,0.5191021089467196,0.8408868363960316,-0.0663693879408408
0.29713156123083034,0.4697298542636659,0.8195720403620912,-0.12958768217531044
0.2697817996332734,0.41234792031590295,0.8942989400793939,-0.044225730061251
0.33160358710505844,0.49812351400797855,0.8272122627722827,0.0025432010567511187
0.29400838126168927,0.4567944229872098,0.8623189740197367,-0.07890774284954773
0.35393649417188827,0.5256873123017161,0.8429985165160423,-0.06352340409180048
0.3096990486814566,0.4783162630075061,0.8561309130987684,-0.11886782464126149
0.31515998075953994,0.4725531642477624,0.8535892367215455,0.018177588345128125
0.2696493303933598,0.3985120747667135,0.9122044984252993,-0.09264868648652856
0.2955376759197046,0.451961347401471,0.8864960888529082,-0.06083281787741575
0.33481407552704845,0.5189313385507944,0.8228906466801584,-0.09550891040102048
0.2784048142374286,0.4283596313969171,0.8887532508071798,-0.07883733091465545
0.3029199743403136,0.4662009750476138,0.8875448102888192,-0.07376128660865083
0.29605709728491286,0.4525700160566529,0.885343576646819,-0.046150299733380404
0.2963586849241423,0.4440268500999922,0.8725601757367869,-0.01867234237303898
0.30250937122629123,0.4514091318263352,0.8768724734045603,-0.023090283934831483
0.30855759912702024,0.467717044923534,0.870945005050192,-0.02352179222142732
0.3077972770400979,0.46197022603978427,0.867857228869375,-0.008179966708160956
0.3766637090508081,0.5666924372080482,0.761514879275737,-0.05220693029833161
0.2968711624000713,0.46149958650653655,0.870065304323912,-0.07405769114299642
0.34984488276928033,0.5410415638837625,0.8387754051418874,-0.05445613532626167
0.27425133480941044,0.4380068783127094,0.8607974819781121,-0.11016525552798284
0.28808476704049685,0.43345132002673414,0.8962869270894417,-0.04281583957893508
0.3252959729602978,0.4970656791649932,0.869570463111801,-0.09649111204096514
0.30111864099093394,0.4658919929913109,0.8228265727539233,0.004204233931263387
0.36764284130024527,0.5350818073392334,0.8489605353203117,0.06233266125201894
0.34193742652442816,0.5108943699531407,0.8591430578533911,-0.0431570367817218
0.33135538599722647,0.4908492556166622,0.8709587088523315,-0.04133321130812939
0.36337396238809866,0.5539498185738652,0.8148496891434719,-0.041365640572097316
0.3136927052461297,0.4874583826408663,0.8594001911554527,-0.06597614076934236
0.3635329934282682,0.5381153128581238,0.8358510593285666,-0.028213138937345145
0.3356461841018001,0.5109592295112806,0.8152882850120018,-0.03501094672937204
0.26844963715801534,0.40155849561084117,0.9025542422948412,-0.07109757925232717
0.31648116241686114,0.5023607614849593,0.834121122784806,-0.15802658252470064
0.3060476114454776,0.46583378094746786,0.8795399844316294,-0.03268651074596978
0.2613830342016184,0.4052660623493561,0.8992862915217643,-0.0765834510947903
0.295772917373195,0.4553483663237492,0.8646327377967766,-0.02152566508338966
0.29185855195023935,0.4440016983548172,0.8724507076522634,-0.03585467009664815
0.32698503370285814,0.4895474106667321,0.8580769378875277,-0.017652383849385934
0.29694224390303164,0.4622772229246356,0.8626935857427196,-0.10046808341913838
0.3329501812581847,0.5067947246627041,0.8451017998872163,0.0002176878083637249
0.32658728255089936,0.4939835207625955,0.8800217707666166,-0.03489123130167877
0.2754639059220262,0.4186347122918115,0.9024302739692388,-0.08311166127798644
0.2991483258550473,0.4619540634358166,0.8512259678473203,-0.030399758237793322
0.34771060396122333,0.5147920009072718,0.8526807223608454,-0.013298421388219394
0.3245069152396487,0.5024706659968675,0.8633958580004116,-0.09041543835732926
0.3320646407316879,0.5180427072792723,0.8412547200629567,-0.08854656447842704
0.34435327389270526,0.5149093434267241,0.8473484914529055,0.019562066717715553
0.292157585516637,0.4524632089180299,0.8681086458463132,-0.11508716884376528
0.31326841067795974,0.48660726720315134,0.8446158692666064,-0.09089775514014055
0.31188315913963716,0.46367322843856623,0.8745001331845954,0.013590210667093887
0.30856844202667977,0.48031678080993523,0.8706513729715294,-0.0783137223702563
0.32138731417219396,0.4888278187608382,0.8586717856700294,-0.021746787182652733
0.3564957412458422,0.5309127547031822,0.8415851412105159,0.02052572828213016
0.3112129880093576,0.47147357903856474,0.8701714487480016,-0.026980072268653777
0.2946074386503951,0.44716473113526334,0.8581036080548727,-0.012306415767632523
0.35957923182866,0.5276228300242287,0.8465549178019139,0.02830084536634893
0.31593809970512277,0.4908165085434754,0.8552371954476494,-0.0648723047480507
0.3484179938524171,0.529385729076516,0.8376772891777171,-0.09744545758445908
0.3514142683740003,0.5350588930934119,0.8485907093628173,-0.05301778114930572
0.31130041634840844,0.4708635067395279,0.8522233836774296,-0.0448651672411219
0.30671212859614594,0.46178089389961097,0.8782900085186154,0.011037631542460546
0.33526259794127033,0.5052444850306347,0.8370322774647418,0.010914387462885427
0.32778166907193595,0.49579824807774714,0.855873566975025,-0.07453915426540116
0.36571011850736096,0.5314885587580104,0.8556822214838435,0.053860767196324606
0.29699083431829854,0.45577157857973927,0.8792086071636394,-0.11059645795315327
0.29881910509736875,0.4571061927501812,0.8685126886695687,-0.09158599600793742
0.28601401088209866,0.44635451355108485,0.8716138701128205,-0.05529945199326179
0.2998423471070275,0.45914327914890085,0.8788983999194724,-0.04498885330261727
0.3273361337816441,0.49076797223397883,0.8243206217912917,-0.019082754918228542
0.2938876279692026,0.46449118039921017,0.8577231925528028,-0.12216940822337097
0.31452734287863604,0.4756281753460766,0.8554723536060198,-0.03211661647750456
0.31878013227252266,0.4907756808255769,0.8575312250803993,-0.10468825444672256
0.32398019223979796,0.48887085319669443,0.8565360556745854,-0.02410302754422593
0.3419782574945651,0.5175970503539308,0.8506735707969919,-0.06332449744957594
0.3160994482986114,0.4720853651926907,0.8716851056703917,-0.030829331265062057
0.3131689844802134,0.48010826071822804,0.8617466682350757,-0.05485343382907387
0.32439628686961625,0.49012695444505666,0.8695771199054958,-0.05523434789267594
0.26806167301544015,0.40261920322059436,0.9031959935103983,-0.043336321589159836
0.32447340918002415,0.4952818498482142,0.8491456771950647,-0.012723381910554611
0.3724909840144783,0.5525091501750792,0.8030905212199562,0.04917686262949472
0.28408969754590985,0.44062952837918684,0.8826140914589454,-0.05481167504000764
0.30798343947077444,0.45684535928625813,0.8716483997570352,-0.03188527589815765
0.38226217019589975,0.5596742593793168,0.8248729659924601,0.04483404940853483
0.28829398990588523,0.4286391812081575,0.8983596659907539,-0.08050469119694395
0.31658878585342587,0.4707186049403,0.8797973781572325,-0.056000143987072384
0.34826853188025525,0.5258617154715053,0.8218948624200844,0.0004413525711121477
0.3100303037976775,0.4749423067408464,0.8757520412494608,-0.08281813631430371
0.3546411161462322,0.540353886267234,0.8328880604046476,-0.022882037761799617
0.2861252796039827,0.4297014954776493,0.87684749448707,-0.05929002810430473
0.34694952022434183,0.5266335913620468,0.8428325310785304,-0.0318658147429591
0.3624651431723672,0.5451726191601515,0.8276560226311087,-0.035953972874108876
0.33407834387766744,0.5182536525801131,0.8154735511661306,-0.02565466035635755
0.3303263460661559,0.5075332318395697,0.8648236711452213,-0.06349099212867104
0.30810582023711264,0.45804090403686654,0.8803005506069507,-0.021361128829721462
0.33518635208361514,0.4791363444089746,0.8742521497178593,0.025830504833960547
0.2512096783794571,0.38211975069653087,0.9030431031922297,-0.0562845266951327
0.3082674779301313,0.4587282863214993,0.8828543012389649,-0.017719359909000115
0.3100939803971477,0.47669246860898723,0.8747209602020292,-0.02748624579094027
0.35189747507850166,0.5371976778835894,0.8358559614251274,-0.04914061504410857
0.3231747496959688,0.4741870963793358,0.8639807825105091,-0.013261811804600824
0.3042116566650358,0.4573244001402708,0.8766560837547295,-0.044371206149778096
0.359316706083488,0.5376116067591561,0.8387456036117513,-0.09020260221798973
0.2642537824564569,0.3990682656180513,0.8981843963143878,-0.06350224801752694
0.357555806975804,0.5346605187106895,0.8227615926784402,-0.05933286173880679
0.2758893148636834,0.42414837105717845,0.8889686339389167,-0.06490415482480447
0.2767446146854596,0.42857248611299853,0.8744338308555508,-0.0803510778197676
0.30822431492201585,0.46651128611212433,0.8650855290362603,-0.0008967877021375176
0.334989314427238,0.5067784251653311,0.8695121724794517,-0.0435457628745766
0.3292674980056765,0.5053548436462385,0.8646555020979395,-0.07878923821470164
0.29126334571982243,0.43678500676985277,0.8960257553476133,-0.002325210583948225
0.3348509212618342,0.5002997385202856,0.8566344950625668,-0.01889070484222714
0.3610136659936284,0.5333066100174328,0.8374217565357276,0.017601472425636398
0.32330538294124445,0.4980501989178845,0.8537760907072676,-0.02946320125979292
0.3162356713806553,0.4809161638962875,0.8709055339576983,-0.07512125106030353
0.2875058805522831,0.42926843343809906,0.881869435635338,-0.054515835701023266
0.302347510674202,0.46941021210348577,0.8827246377617285,-0.09312346327724387
0.3165756873719697,0.4810557373028968,0.8665684697376221,-0.0043469120255597475
0.32873127147272463,0.49554488855917767,0.8531886369815237,-0.04061717162972473
0.35484652344767315,0.5385858524955734,0.84526859095053,-0.05895039939535505
0.31232707710917845,0.47998386478294014,0.8623491604028283,-0.03370075551507718
0.2811602164956061,0.4323033978921822,0.8736802330056497,-0.041047077644339944
0.30665586585491966,0.47494445618838294,0.8617980133651562,-0.10056674428360031
0.3897218890280874,0.5651881809278296,0.8374077518533443,0.02722399080190993
0.31664035048450384,0.4886114764877894,0.835046443578134,-0.07936945108963883
0.34631077442729963,0.5068349772222274,0.8687887140814201,-0.0014459015821430673
0.3226424144855929,0.483672971980582,0.8678583194777444,-0.0695490627933625
0.33212702281358775,0.5178867909355448,0.8343930192273664,-0.062208266218418455
0.3031089982410686,0.4542506364679236,0.8621301376265009,-0.03292805259837278
0.3041559251382353,0.4460278684936181,0.8849831260266479,-0.044117233931859665
0.3103610207712903,0.46650721909629655,0.8751137953908225,-0.028850169535978763
0.3610900505531102,0.5338892976690357,0.8301115430890116,-0.010986348720355546
0.2806315043167618,0.43281964315995425,0.8753422268374246,-0.059305027139803755
0.3328484534500052,0.5078893929865185,0.8628112496746729,-0.01429844060631103
0.294678192494481,0.4429015172271445,0.8803679398868232,-0.06758068556473017
0.34978862132541233,0.5128251575425646,0.8654343177664803,-0.0025780943068596488
0.338914013781473,0.5159715978073606,0.8633951602387243,-0.038739234582590584
0.3354725832190076,0.4946389210655486,0.8590939759993744,0.06573341604381758
0.3334476735370659,0.50308354363806,0.8432587077796002,0.020397114059651653
0.3011892299210134,0.4654659033089071,0.8759204658852232,-0.08410848106705193
0.35477491882456336,0.5189911078378288,0.8583861967043546,0.04216054628984723
0.32046281644462027,0.4844888320283674,0.8643871437650199,-0.04539678147924474
0.31445876155527136,0.4825476216115908,0.8541184322491415,-0.09145778679448706
0.29644837975788974,0.4459599000675127,0.8828780239073402,-0.020395403398732102
0.27496216401781387,0.4293322406785865,0.8791200347004352,-0.08989465995262198
0.34299682141613014,0.5202642004340589,0.8387477441081781,-0.008880768042990756
0.3127171543965202,0.48392440789732605,0.8464917013319819,-0.03630655783439387
0.3647737469277657,0.5335148055843462,0.8249257783730917,0.08281007346256355
0.32681521095111693,0.48956614627363626,0.8515477229217905,0.012414252646944578
0.28475288198970944,0.4387353218341546,0.8676224247138493,-0.08317920392300913
0.29934659643035566,0.44525052854296376,0.8894942165633627,-0.07017455221715045
0.3281439365161279,0.4908270026386742,0.8523829088887438,0.06138763491308163
0.2793474821405595,0.42726872918682046,0.88402257738388,-0.06721623121417153
0.3548942951550081,0.5350161143864605,0.8147807133119027,0.049750188710872695
0.3388750139393981,0.5113370400521026,0.8597523607434419,-0.018444702084127105
0.3049018132329272,0.4629130509355085,0.8738481364600105,0.004452236794164441
0.3318694783132323,0.5091905108824804,0.8126610712841469,0.0011414838925723934
0.2636209897652887,0.38654166948792995,0.9039343492305365,-0.04992411368983587
0.28469397792757745,0.4220583690757135,0.8912195893373707,-0.01524260103641804
0.2938307602115955,0.44281933725302636,0.8734944087577475,-0.05828641228224104
0.32767208396018815,0.49878805873197984,0.8710004245773846,-0.03562594269549085
0.3167895255449401,0.48430490945052646,0.8628528141527372,-0.016677962294700026
0.29024058676723585,0.4427219744536903,0.8834320667415547,-0.039595349783129494
0.35807100812765,0.5178555217931877,0.8534539715338405,0.052461126639352554
0.3135249781093709,0.4765484307505448,0.8535895660425776,-0.007244230690706419
0.30379164507870476,0.47004179907459265,0.8669566680434169,-0.04108327215571324
0.3130174303240581,0.4674034174194355,0.8778498642280003,-0.03742142161786342
0.3227249927176921,0.4923383581222945,0.8426843962039509,-0.005934494961930213
0.33259898102589214,0.5159875895077637,0.837120363376954,-0.044968524341803616
0.3177278503965499,0.512888744127148,0.8203898678868343,-0.17619768959979423
0.286593065640218,0.42305219609711797,0.8906541053096465,-0.05811810609796185
0.3110474707912525,0.48022078252376216,0.846392026892644,-0.08027126419713353
0.31024800001931746,0.4884471277363323,0.8320122068536284,-0.08498539716102767
0.29969189166421834,0.4562246396081317,0.8687129394568768,-0.03311721330124839
0.27841604202388176,0.42514579274109693,0.8916235132756626,-0.08463547173269233
0.36649314207723666,0.549575270618409,0.8172424466551382,-0.01177734925539566
0.2551245107193576,0.3914910892732691,0.8818353930579206,-0.08011192271929189
0.28835139222229067,0.43233916750772133,0.894182443077512,-0.04203333246608295
0.3487832414011178,0.5185148542110409,0.8573851603141089,0.0024291248790627475
0.3141385716448979,0.4821582978753827,0.8426472275182121,-0.014535092385312625
0.30261866038384205,0.45826017678080866,0.8705519161613924,-0.08672635151135838
0.30990794541491584,0.4638709874462583,0.8559258416926505,0.014193085289535856
0.29986216173090424,0.4394892855912728,0.8874728209035654,-0.02081326714745568
0.2881923326519335,0.44876863002352224,0.8676530098639771,-0.04380481293417807
0.33190430190049297,0.5270130950943145,0.8479883862146564,-0.14080245554219056
0.3339214645779162,0.5002067243172633,0.8289013894673548,-0.05586643647551435
0.2752350774414725,0.4267334780284842,0.8772554840517379,-0.02721386334566861
0.3308361914620675,0.5296645714455053,0.8237749524617234,-0.15628410350721658
0.35053866969918024,0.5157861717369824,0.8541580944429539,0.030597155063215444
0.29082184186541876,0.43150683333281453,0.8862386369475266,-0.02984587523223497
0.28939452238881525,0.4568719041014131,0.8614386583973945,-0.08010016786487172
0.31783664686333624,0.4712065677051975,0.8679713127127924,0.058821864861807224
0.33030450021698476,0.5051354476692176,0.829979923130697,-0.034826069377446575
0.3034675534146277,0.457606437607754,0.881108402632377,-0.07955138965705674
0.3272043871518479,0.504156971963166,0.8293600456702641,-0.0781601665742245
0.3134991601844128,0.45067582990228955,0.8830896005001081,-0.012844109156208377
0.33371670405004794,0.5073274820411019,0.8439136475224245,-0.06824329790360713
0.3485028938511291,0.5128056323937751,0.8646972546923255,0.05683685578619202
0.32437904777244864,0.47480856334558313,0.8564217843798066,0.02102855906780437
0.3165066447206496,0.48861718422105965,0.8417532690601397,-0.08269326291008135
0.2770382854439705,0.43744895501100617,0.8748641572005882,-0.07845294628696349
0.37206540729461546,0.5492706973552559,0.823645263014671,-0.015316157123285393
0.33172006906918167,0.491078875771627,0.8711919699972663,-0.007546889190617019
0.35847113033992134,0.5691839979933553,0.8160441147101503,-0.15265136034488083
0.32856305192128427,0.4855165246102419,0.8833542517814643,-0.07904637773420718
0.2865760041608126,0.4230146040164178,0.8744676407325882,-0.02586526399858549
0.32296686172034406,0.48826071336119525,0.879329350493203,-0.04147275284532258
0.31471006339953594,0.48659822206879827,0.8493322839873204,-0.02041480649049059
0.31938353011630743,0.4732740911712631,0.877681270637036,-0.0073870813452681225
0.3101809693976073,0.47974376615604253,0.8680297294232355,-0.053593059874100804
0.3363550242778065,0.5181964770666206,0.8441633928667769,-0.023744153670935447
0.37060311444558913,0.5451520193749917,0.8394014263739208,-0.019239679944279043
0.3415098433625421,0.5158684938329275,0.8464194314404904,-0.05988637379683206
0.3395525022869341,0.5049903766339204,0.8587889498615362,-0.058182628527040446
0.33009214178710444,0.49669129044489746,0.8667475869224162,-0.06080576480682396
0.32222479137734067,0.4743405105407493,0.8893361204285559,0.004280197948706947
0.34661457641607474,0.5340671810615085,0.8310856333762433,-0.05399704565810417
0.3149740777452916,0.4857397594705582,0.845996116257063,-0.05625740284063541
0.33886728872171845,0.5172248825528223,0.8435895008162221,-0.03237515052766425
0.303607239761777,0.47320577611020215,0.8652988505711328,-0.024395044850031175
0.30320128444786537,0.4577244191371282,0.8727951155992557,0.0017356157413255685
0.2749554832159085,0.4115807916754351,0.9048495296908184,-0.07195552839560168
0.3342001107052482,0.48830423348907737,0.8772074668352822,0.008243197240858502
0.3519916282906178,0.5453733496420785,0.8121171310383655,-0.04998875420285216
0.2722485658706513,0.4092953097799153,0.8951518628782337,-0.05703836005342086
0.351851174546863,0.5340923624383648,0.8429723201822055,-0.06392572507027211
0.3593347124813062,0.5365881920748321,0.817423315899359,0.005334905739448313
0.3325405735487899,0.4877089172536415,0.872956047943189,0.018560719396491544
0.3244372586094131,0.49985681146155275,0.8602005598256635,-0.053798039954510976
0.2945820797809516,0.4526283717013458,0.8770910640117732,-0.0450125976560944
0.3196401156784309,0.48199526866704306,0.8564795427062701,-0.03562604483883879
0.3276381247641065,0.4909907931643841,0.85002292556904,-0.005178317034942586
0.39295256934244865,0.5832443673106852,0.8265793610988705,0.033731183030272366
0.377129111532426,0.5690583971994888,0.7896260169338514,-0.015446278833308623
0.3363748133336186,0.5149743196375492,0.8338532143600252,0.01483412069591824
0.3353689009224098,0.5280726602554652,0.8243123665033478,-0.12307368847408434
0.32934302771384033,0.49162334468163454,0.8683913443177413,-0.043320409103771815
0.32919506625328065,0.4898917961602375,0.8668155636007868,-0.011210183461298238
0.3434686201320679,0.5182336058586087,0.8408012799424593,-0.03439850207868539
0.2974335867869009,0.46792138968828206,0.863468896575623,-0.07092377299985288
0.3753889967508973,0.5559233712994215,0.8286687121343392,-0.02386206856852151
0.33485018441481895,0.5052711236483102,0.8515822877699533,-0.04029250272548225
0.32426664464492533,0.4854641988385231,0.8211286126699759,-0.014209051661687412
0.31896438389791926,0.48937535256364895,0.8681935117499078,-0.035751403486785134
0.2821023681414707,0.4354416985050835,0.8867754610441333,-0.08753403559425638
0.26868498023073634,0.40936684191668493,0.89419026257648,-0.07566705655550524
0.36069916546104486,0.5321804793120285,0.8436744486181692,0.023996508808533136
0.28571184250263565,0.4341127613576253,0.8794643094033865,-0.05696471475236747
0.26653843018524753,0.4068300804230768,0.8901083574701163,-0.07831973959820768
0.355634417707094,0.5431681173006921,0.8300942035756755,-0.046710281128504255
0.277217010154784,0.4092627491515445,0.9024675299117866,-0.04476411099448116
0.3389042096736776,0.5234949198798352,0.85004638788412,-0.06611352539400527
0.31491209066725,0.47422349443807327,0.8589080057625851,-0.018312899721722783
0.29588270159390606,0.4531855554006673,0.8840245779852888,-0.06830295201966417
0.3097582253836721,0.47707837913712703,0.864724993819077,-0.08437234248575516
0.34142448551944393,0.5198312103362044,0.843791579381459,-0.001948265604462168
0.27704810167887967,0.41629679385759377,0.8892694377952322,0.0018073379681937136
0.2999136605230205,0.4517026324884696,0.8739985544763054,-0.014268244345495932
0.36342079023584334,0.5372038630567187,0.8208688219780765,0.00360008800940975
0.32708749553937666,0.4873255326828553,0.8662649190091822,-0.018252691783727324
0.3128450632684598,0.4764809373292208,0.8700546752574476,-0.01893162076652018
0.3297409904291091,0.5136494032517049,0.8304661861518037,-0.10109815651518313
0.26734251394734004,0.40810061119797203,0.9116004738680138,-0.04534772837357293
0.31744210770870535,0.4806697502365046,0.8544367316267056,-0.012374443471436009
0.3077271966498911,0.4830693779624182,0.8640233634133985,-0.11308471416501134
0.3540370540949607,0.5474527264053108,0.8196679289995981,-0.10235178031739456
0.37324462974121847,0.5511507360990869,0.8237229205054482,0.03116046278664334
0.2704392877999143,0.4200305073051331,0.8859622274677511,-0.05231000495271574
0.26723970326326996,0.4208080027809303,0.8896134502336501,-0.08901780978940327
0.30955924197769824,0.4908886998879243,0.8396829216993398,-0.06342783178212516
0.2881002652864812,0.4320876001681561,0.8883840405020698,-0.06016265670070291
0.2578987610941105,0.38474360902323,0.8982712714840976,-0.004428929287951423
0.31892604455169227,0.4895344502886762,0.8444918133837117,-0.027914121465385765
0.34092764579842794,0.49845211472656314,0.8428727876513435,0.06230278033445161
0.3227220120043576,0.4788861463224728,0.8775365791012031,0.0019019345906026643
0.336095623449232,0.4982768020696367,0.862101968101938,0.04924411878266669
0.29633604403496816,0.45213402589752505,0.8895919390347106,-0.08181079630949968
0.2876349029900237,0.4445642940177033,0.8835109387319687,-0.10029393829138165
0.32023568075459996,0.4864786971188245,0.8448199547984082,-0.04597558868153741
0.27920716851183786,0.4255163996024975,0.8755901397806605,-0.054688631888630025
0.2907148891129507,0.43845403177186476,0.8820480204688317,-0.006344975258380173
0.2907696719441732,0.42702216820456934,0.8852407381302475,-0.017926155350851212
0.34274500810294384,0.5172454994885781,0.8401888332290303,-0.0396038309754618
0.3193571719055618,0.49260855937477854,0.8556307152128003,-0.07966884060378049
0.2987982927073844,0.451838990757695,0.870771874430442,-0.03004706549581529
0.3329362138954382,0.525735934165727,0.8275422676098927,-0.1357990703623457
0.27687712745239296,0.4434236305628076,0.8686285340892452,-0.11114832309609468
0.2944013622220176,0.44277488983991964,0.8853056465305654,-0.0631191495631355
0.33295498431512516,0.5297634058335545,0.8318459141634205,-0.08721548235406147
0.34085255011725946,0.5245166035328107,0.8519235324744523,-0.05360353471148995
0.31936917534501996,0.4897128494504362,0.8549609264258354,-0.04239960200005841
0.3236586344750908,0.5161600152274222,0.833551079664625,-0.13261766981331008
0.2960424150594713,0.4424738110493273,0.8843868087506687,0.003484597384834803
0.30823006723956425,0.46201504360878115,0.8894035960307438,0.003469687108672142
0.31471937209294965,0.47570979788677753,0.8594381828399487,-0.019443127282887954
0.3129597680723851,0.4726970233555137,0.8734760392660582,-0.07395068798098087
0.3126699253841197,0.4730613172483253,0.87575447089959,-0.046114449793257906
0.3085401338384115,0.47438984435921855,0.8526972138787305,-0.012285930875091895
0.34718356522660415,0.5133103230556001,0.8287120598116915,0.02939039833650424
0.2772957660137936,0.4421197423567118,0.8766837546223626,-0.12268672257782094
0.3602301808432191,0.5285009896955054,0.8418086189112255,0.04413015505906868
0.2782880693220968,0.41723166575836046,0.8789942459849884,-0.1033943058029029
0.33406670175863207,0.5020297950910788,0.8707487678800292,-0.027057633623979838
0.35604011283595755,0.5293090496367785,0.8313756939418792,-0.01796968981929397
0.36406754992449997,0.5616613263516587,0.8253255101362366,-0.09666643394878573
0.30753103061964615,0.47091245103011553,0.8710388587763369,-0.03280060819964964
0.3317559297320308,0.5226886610907641,0.8306651639020697,-0.11440858830481572
0.3025334620900959,0.45462015648062337,0.8726948074972544,-0.030952834952414656
0.30935307703584647,0.48086501239780677,0.8426304431927685,-0.07445808178251617
0.3298226990919615,0.4902494920724587,0.8645187874195823,0.031375353581465655
0.32295865932578816,0.48569955702988676,0.8751760111630956,-0.02959390086292656
0.3325647893182741,0.5186940079254793,0.8271011629930098,-0.07150129142158981
0.3668940648594204,0.5385501031492019,0.8377587754431897,0.022301400825372204
0.3410354523327674,0.5057498035322131,0.8556934215024545,-0.04049116887138863
0.32480585043895616,0.5008607966235085,0.8589075494932952,-0.07826624777240225
0.2589894055555941,0.3978404148614056,0.888721628144846,-0.08099545127193652
0.33925320131748965,0.5125739290499833,0.8376849639072936,-0.06317307919445721
0.33706136412888094,0.5022268382591135,0.8410715452006357,0.0056768464299068585
0.2855122959556371,0.4234669311568033,0.890140181912426,-0.015088868900793325
0.27374132391331235,0.42668699512615077,0.8829791026811374,-0.1052857155065043
0.34101713990783117,0.5096578087752738,0.8412787538827828,-0.021637403799889317
0.2907694496671165,0.4350313935045068,0.8931386091162605,-0.023118917807743222
0.3511716634156851,0.5270852225783564,0.8126980469306272,0.002465082700320618
0.29672662541302247,0.4421303210395384,0.8929715617074695,-0.026459164672824245
0.30109608342158656,0.4645224296504112,0.8699718827780524,-0.07656404750268685
0.32342803743157567,0.49767481930766017,0.8498279496961196,-0.04495121340661608
0.3019565373262608,0.4586530150286906,0.8741201407175374,-0.04915733165543712
0.28898862229507666,0.4343097425024961,0.8962098405538919,-0.045618599677477153
0.2894786178307693,0.43305704497591635,0.8903321693402718,-0.019669540411675766
0.31574317299056004,0.4748895836059096,0.8630106813853764,-0.0010633079027726384
0.3032386047454397,0.450400969991647,0.8849410880259699,-0.007711861720517116
0.3231713588473646,0.4845985232410957,0.8358664376461833,-0.011948710066467961
0.30343201489179344,0.44940461269465115,0.8900720689864574,-0.047965267485083854
0.3104495401351928,0.4668196030176296,0.8535850239483767,-0.009716807946496554
0.2953632876394585,0.4517529742519965,0.8678132120492457,-0.04457959217013013
0.28017476612436854,0.41665765436448426,0.8946506079125538,-0.01869363092030861
0.3163918605633644,0.4605421401133541,0.8955285883508772,0.0016689653210031532
0.33569019461536964,0.5029360083778096,0.8352555355348882,-0.008186688658587135
0.33235590915321334,0.49759076953841885,0.8466157335228317,-0.010818010391443216
0.3307040921071747,0.5170095872549145,0.8531938477862927,-0.06890726958554456
0.2887818277017329,0.44269091445525505,0.8723836992654568,-0.029625598398303563
0.3200902079897495,0.487207750512773,0.8475328626176619,-0.05042866158617821
0.3400103501814282,0.4928632891428946,0.8280522531076489,-0.01681536776705684
0.317608535158748,0.48118135861844136,0.8446960686179771,-0.09193397775439874
0.30373109551140437,0.47931025972027586,0.8471070233927027,-0.06729528913000964
0.2998339855047945,0.4652112399305817,0.8376672455595433,-0.058163835835587624
0.2908487287083039,0.44007020206475284,0.88434163048233,-0.03852557099400204
0.3357698158069058,0.5135524102107105,0.8370396040536304,-0.02211747309869143
0.3117124234925271,0.4761609282176187,0.8638549129029923,-0.08683422496820545
0.3150784523866958,0.48200482079534335,0.8637778816278147,-0.06701105096898015
0.2978129789305716,0.4623982013111293,0.8536037562323469,-0.08419304856127552
0.3369005698885167,0.5061846501230202,0.8531026917630212,0.01618877874416121
0.2960570250660931,0.4331632020276218,0.887969585430145,-0.015171701685461796
0.3212339049332678,0.48970098795138367,0.8500837742397302,-0.08524339904549072
0.30821411017328276,0.4622122188158622,0.8766753810328834,-0.04105494535629094
0.3154745506102818,0.4847446690303005,0.8473955324343548,-0.03874507885401203
0.29716403515627615,0.4564979157212547,0.8600321133843677,-0.06940926760338452
0.3523741723595396,0.5354281204357454,0.8261266478567317,-0.11035234201596769
0.28302347843596076,0.4339939168813532,0.8877711487113809,-0.02545628547313821
0.3691366119808138,0.5459237364942272,0.8491795344452265,0.013069577669453544
0.33142116273139244,0.4918323763443191,0.8597025886192754,-0.0017441150159060185
0.3343027810951325,0.5026508264494569,0.851016261232533,-0.041423151793465514
0.31386924593890636,0.47628652948276656,0.8509176225969185,-0.03159582672840347
0.3307924859966844,0.5189157326835351,0.8417178733431444,-0.1330506159839913
0.29944286311436796,0.46419783257501673,0.8639332545088421,-0.044157241495171654
0.2895937216441854,0.45680815912574774,0.8695121291263557,-0.04195930928213006
0.3367198921184589,0.5093814187988626,0.8502090032940197,-0.05012098736105056
0.34152312795936224,0.515386757885768,0.8307033098277683,-0.003494845799217433
0.3105603031491567,0.47601415362456523,0.857480883716521,-0.040519346098882365
0.3801104092822356,0.5709893150024817,0.7919155678961602,-0.015552389699230508
0.3614137161147114,0.5503645753197901,0.8356786767160849,-0.009529029170192108
0.3060216144217626,0.4538759244217967,0.8757124329911022,-0.026217566594891058
0.28613075719602765,0.44654688446413837,0.8726242064527778,-0.0914188635407738
0.3058544292162256,0.46927132521653325,0.8634533799830089,-0.03576930950193709
0.2903713761449963,0.447964918903696,0.8673896047115006,-0.06508846086258795
0.3327137383032943,0.510892163298376,0.8540497457899172,-0.016965970266983366
0.27074345004533046,0.41211888695777804,0.8871873632751485,-0.07190509008724114
0.3429698312412772,0.5132436668926738,0.8481653742952564,-0.024723994515810227
0.3281887287633856,0.49205867490599053,0.8657680999187616,0.009208218809109745
0.42861784076918386,0.6174927744863241,0.7895050675304174,0.068856372209921
0.34044017491130163,0.5049003557529582,0.8340023950116643,0.033604946057204106
0.3295072809555544,0.5042603506308749,0.8642044451000279,-0.06304844603148947
0.2577367523982043,0.39184566592662895,0.9109453122862675,-0.05686703496873775
0.3382216384029044,0.5088551997363604,0.8610325498128364,0.0006610417547805278
0.27697697087630735,0.4200324475629032,0.8984415374843864,-0.024832627860827506
0.2864268593103032,0.45504450985713024,0.8678258485557392,-0.10082527158920164
0.32463706528056346,0.49558315590821994,0.8501269256984675,-0.06785492138815002
0.32343549616774314,0.47532192640534093,0.8879975862556031,-0.00028005657711187727
0.28177092708366774,0.4307365625902448,0.879988295061501,-0.08815672164187442
0.3175402832920156,0.5031753046399131,0.7996022250019568,-0.08241033524466593
0.2602830747188346,0.3923672816965788,0.8913492351040184,-0.06649480076341445
0.3032694208286197,0.4674362165807237,0.8719407175985909,-0.027416488632473857
0.3068308924996276,0.47126562565309044,0.8749243143076029,-0.0010733612288389253
0.29143058278491046,0.4526637501973579,0.8652760856528192,-0.07731646546476578
0.305817083727095,0.4707878746959997,0.8671102070365039,-0.09456393248426198
0.29029324890830976,0.43273113640123084,0.9007105819252649,-0.07367189043248375
0.3185763714884436,0.4924145646830035,0.8406181799621599,-0.009944816788217653
0.30580068918193865,0.4635161324520042,0.876197226611334,-0.046411298502999895
0.350213922178332,0.537191151887442,0.8008598171023207,-0.07211893749108893
0.2615856764877175,0.39893237006158033,0.8922721050374177,-0.07952830246948676
0.3128520521948184,0.4731657571536805,0.8697284649725736,-0.06102236378481765
0.2657700697968441,0.4144177658953388,0.8903223692920935,-0.05227469122731117
0.34842314895754994,0.5204010133110422,0.8349438668068072,-0.015241455800853218
0.2852083541461326,0.43916249182962525,0.8808964322615271,-0.07949518532703544
0.3518823290323887,0.5238449689704471,0.8313348820506605,0.06876216990494914
0.34168156575283076,0.49180122057507814,0.8739769872195536,0.02227704788283092
0.32036059245818405,0.4754124572742068,0.8688141109364834,-0.01812366791566194
0.37188584865268953,0.5545040429420721,0.8351376439857912,0.023075296631702387
0.29428942142137116,0.4426123446082367,0.8983037208365767,-0.014429496102416776
0.32951874044624546,0.4972831128866462,0.8397253596694045,-0.10911716270454913
0.3116094886593393,0.48684480341906455,0.8421940453428016,-0.09617245586252911
0.29098358576642813,0.4662417680251098,0.8584537189358421,-0.1107278184388118
0.29581641833142774,0.470911112570421,0.8340875007646554,-0.11433241416145996
0.2976659725196124,0.46102328260417164,0.8688668704523991,-0.07992034849973699
0.28234338905145445,0.4451502923772128,0.8654656521994024,-0.0764675396048684
0.3459200377063059,0.5126724890764965,0.864318397247922,-0.009308031239467288
0.38870756961935726,0.5920687379372049,0.7894290249212491,-0.10016007220574412
0.3321004807381154,0.4927355847476791,0.8354600344928302,0.07469541242955588
0.3429394556972783,0.4975964493448462,0.8556709302948065,0.033597744181475694
0.33341604317462625,0.5107829842032756,0.8521211196953444,-0.08621516267998072
0.2881243024782091,0.45383901947107563,0.8656070243600404,-0.08755741149075595
0.32615560946758043,0.47934309889940535,0.8766025666555052,-8.940022185649958e-06
0.341435584373678,0.5246827087265803,0.8001201291197989,-0.01372642263467493
0.31880803902840904,0.49863068837814706,0.8503109441580207,-0.16159701583162533
0.3394318096223814,0.5275813306469562,0.8207417271067665,-0.10894437277729417
0.3043197131072558,0.45430890676615243,0.8929921410584837,-0.09664254120079281
0.3047778100535005,0.4627552530252661,0.8600320286844143,-0.0506338562806571
0.29863881352791183,0.45074617017596963,0.8946732822246989,-0.04071904399554282
0.30499335729018695,0.47262947163700936,0.8802966598745835,-0.022875319843869164
0.31607639327312137,0.4778765175703872,0.8548132904051055,-0.0014197776973289518
0.3025546587402484,0.45934959314264256,0.8723138315246748,-0.056274035753233836
0.307038822902282,0.45475824243562707,0.8583296259796427,-0.02901833604112412
0.32671231083276303,0.4902532507704457,0.8656796135235096,-0.04663520030934945
0.33819703656868305,0.5141349690499013,0.8416743624528823,-0.0529890049999444
0.34042474200811196,0.4934644198798082,0.8660993491077574,0.02429789579385592
0.2946230382928748,0.45919440951772544,0.8592969890960459,-0.11397667078691061
0.30035244818544277,0.4446441042480808,0.8857257500400723,-0.044801745993973026
0.2854193952498656,0.4341406214715878,0.8790618130242019,0.0545716621383039
0.3010364871242397,0.44193266978201556,0.8967283347560904,0.0004151099997664877
0.32371334286979075,0.4843608556744235,0.8742115972084796,0.017904468604615056
0.32359205891764464,0.5043481708035433,0.8584807016846757,-0.1101995335921271
0.30195303312670424,0.46086957150300256,0.8687220331087421,-0.027397456538733923
0.3031547011996621,0.4649572423405974,0.851562056101543,-0.03709313836027463
0.32249967100194055,0.48988238132718154,0.8479364002340704,0.0005375309805203526
0.28101732536079704,0.42158195265947696,0.889836593385166,-0.07797049536382254
0.33564322346859493,0.5067610847094709,0.8399226074036894,-0.02862087622248347
0.35757695719304616,0.5498968079057371,0.8020089953106442,-0.14803754307968311
0.3263065833508948,0.49700694746074225,0.8395178692763989,-0.07458030218600017
0.309925710668552,0.47261145148428196,0.841102700246351,0.05896168057908982
0.327536978821273,0.49666704024544606,0.8620707019795528,0.030630237225740327
0.33142787334364543,0.5039453092175088,0.8528720489198647,-0.05723659296549838
0.29588599793044207,0.45685132183789146,0.8663326369162313,-0.09567119635836338
0.30247549657242206,0.4594082148544754,0.8823531843100899,-0.04519136979620693
0.3145926716277959,0.4762378004943283,0.8553525097783621,-0.030377685333328696
0.31297665602653,0.46812974483700054,0.8729462653467461,-0.05424836764606811
0.34807406523829687,0.5289036120622133,0.8517567803413953,-0.04678988159676441
0.3678434612193698,0.5516351273362041,0.8163183906371119,0.046319943169576334
0.28468467280199244,0.4584903426846191,0.849581240945017,-0.0967444689644904
0.29969706052983125,0.4625642127497431,0.8681291190285357,-0.060075993391893234
0.29444246592227413,0.4464899577741045,0.8840450200944435,0.001420780123293389
0.303962240746561,0.4718622948413568,0.8609430884478031,-0.08162948951435194
0.34406380427332883,0.5212725939644434,0.8366245523633765,-0.08249169452355173
0.24154678856845616,0.37285163705888646,0.9060314126433687,-0.07594475215049243
0.3076885727539825,0.4637042114098068,0.8416039893528485,0.01110707344986632
0.28268741275268355,0.4343248181159619,0.8843942096371338,-0.05863935762083312
0.34334920321159346,0.5173958720527493,0.830845811049272,0.016184262510483282
0.31414568026307715,0.4795052070727484,0.8763825821217968,-0.018592798175648
0.3089397977313078,0.47628805501345917,0.8619746503495418,-0.06645614464284358
0.3112812245810357,0.4739215542083384,0.867821347573056,-0.047721869638502765
0.306287600020173,0.48938029526199706,0.8592420751375671,-0.11374005447860944
0.30131954378950065,0.46754638439679275,0.866348979992423,-0.04492258235461519
0.3182658782330069,0.4876632049160158,0.8535750155654056,-0.04925270822373496
0.3096582275121722,0.4628484190128397,0.8694429001717744,-0.048800594333327466
0.3453716065260495,0.5257507982789488,0.8460932739595377,-0.10337986488947856
0.29418617094895283,0.45036477877253633,0.8893540993030612,-0.06863726531968464
0.34596469539497376,0.5170061422090262,0.854251504361699,-0.0021885360946506
0.28352122986480277,0.4248094539987536,0.8912985891946398,-0.033290781647631836
0.309302871592025,0.47455459595922,0.877382480072372,-0.03872283809696322
0.32601895745906534,0.4922449221104436,0.8687646951871888,-0.04064166077572117
0.28510291029722407,0.4362032842370565,0.8863123975130808,-0.046413840650035135
0.31349545686389946,0.48350238316585825,0.8551945353013504,-0.03733266203131626
0.29796713100511113,0.45333520515181325,0.8746161410072799,-0.07958244864949261
0.3575738206753166,0.532662836206438,0.8376989931540264,-0.038038760977048454
0.29290930339714855,0.44432558722672844,0.8820797349586377,-0.0415574418549972
0.29817048393061907,0.4684794694101756,0.8696722550267398,-0.08137578233327752
0.317576966700055,0.49099039987963855,0.8463502421798436,-0.10099725353136235
0.31485445175363613,0.49186461442045637,0.8593013023028075,-0.03236445390513186
0.32751706787895657,0.5079844180397186,0.8397364261380741,-0.02166863911245061
0.32163661730567705,0.4899341511263438,0.865616144645899,-0.046096627728269376
0.2840733297678666,0.42771262766599777,0.8599602269515694,-0.06350369101115719
0.3476850471069837,0.5194016532755846,0.865802043707785,0.010802837645543843
0.332093535367386,0.5109787023128016,0.8464973116996088,-0.03606191402001711
0.3138683030333553,0.480336589040966,0.8683740315070791,-0.05627447355449444
0.27372243566266835,0.40676992382816024,0.8973958019130235,-0.09312097352494844
0.29391251551181036,0.4607390080342979,0.8637899299580559,-0.06978401622395414
0.3347164516570193,0.5036126650077064,0.8568344713184911,0.007163435346382694
0.2840042374801264,0.44290117455175526,0.8787196474198921,-0.07409634125784685
0.35834798808637214,0.5372449864080969,0.835424892563563,-0.03544705254836023
0.28101417579545096,0.42247383302027014,0.884497765333795,-0.018213750299035287
0.3107016777771696,0.480970209789714,0.8570982388721684,-0.04412150452639836
0.2634961883486116,0.39412874853865193,0.9085155760875122,-0.038377616321307956
0.372231673892916,0.5714558085071515,0.7935937747729758,-0.033144497927759364
0.33425915942949785,0.5056363775489907,0.8548262800410729,-0.031058450621593174
0.29476755028020246,0.4615009379620946,0.8662450926275693,-0.05570906399326799
0.3226298776239828,0.4810231506862029,0.82765962951633,0.0008817264827688876
0.34305578559769073,0.5106382066348596,0.8594048178236855,0.008753093662949896
0.3276096502136413,0.5016424549665038,0.8537877407966796,-0.0276555951892555
0.320000361865907,0.5069932215857572,0.8524179246561595,-0.09154807379108143
0.270415287351868,0.41332403824108555,0.8886606476176572,-0.07299249781109914
0.3064142767218545,0.4777081667118242,0.8599154491388254,-0.07719038676413606
0.3222114206493454,0.4858541700778135,0.8690104659430888,-0.0494168860354491
0.33266961156878455,0.504467508135256,0.8447286310459451,-0.08146150432712569
0.32673227822371115,0.5172065717343612,0.8346970282144295,-0.06578586784919815
0.39392933577130085,0.58464952245948,0.8018444244953405,-0.048325941626055566
0.3092072968444246,0.467306201893085,0.848499403569815,0.03651587784999817
0.33458538702160345,0.5101200056613928,0.8264891330193144,-0.0283851603807179
0.3640212427462599,0.5490863257321176,0.8192134971570835,0.03432384538581917
0.3606678579913329,0.5384819725066737,0.8283411056347105,-0.03334017530025869
0.26219143665936256,0.41432284990778767,0.8901841584843718,-0.11226248185231777
0.34149588520762153,0.5173014045285681,0.8378366076905849,-0.0065267092313210625
0.33285137978716417,0.5014461283197873,0.848397031192101,-0.003869113087186013
0.3303736795801713,0.5153960519512035,0.8501088576904687,-0.09638127120955192
0.292652523037549,0.44833295192800354,0.8772144349725968,-0.03890542422937678
0.3506695096795895,0.5265778471564859,0.8324133265056495,-0.07964991679534299
0.3557404232531102,0.5278610522352292,0.8289723057222319,-0.023558241907522662
0.3577936468017636,0.5314626966101454,0.8404396717466611,-0.03034113155593141
0.32826247951312426,0.4970947523751005,0.8627829404897722,-0.06914709114759698
0.3149070251854764,0.466163854299249,0.8655453515397775,-0.031637640630163444
0.29216194018298697,0.45043005399074165,0.8718539934100982,-0.06704567417956973
0.29371482173468094,0.453155515110707,0.8814162434556775,-0.042420582581058755
0.3041945894481289,0.45085001532793084,0.8957810157831309,0.013412779668270603
0.32093821705063214,0.484024933965888,0.842444624569811,-0.062166046970675404
0.36392161394891503,0.569877768992164,0.7717750389044271,-0.11582615388412519
0.3689185128938173,0.5620210844762222,0.8151955595728988,-0.07304515240813395
0.25362305537678154,0.37549662637676845,0.9106844876408562,-0.09267864224240732
0.3135404191991771,0.4857968615746929,0.8371911609376207,-0.059143558424527
0.31171334867273454,0.4788091158644503,0.8752211673411608,-0.04005298949576168
0.32491899570712396,0.5076211393202126,0.8440451201656878,-0.05261510577378404
0.3568022753747677,0.5476507096298677,0.8076833639872479,-0.06575107781278011
0.30180140033815284,0.4514468075019089,0.876707345365909,-0.0413765476429763
0.3281584168490399,0.49251743741369974,0.8652572807779133,0.00338796903662075
0.3341420671732248,0.5019123296230459,0.8495510779260773,0.011082430568164532
0.3477635808524313,0.531003808302465,0.8493598333466339,-0.04459694831608569
0.30094141299868843,0.45748745347916714,0.8887482804517285,-0.053937071424355575
0.33040942572774784,0.5028033527315025,0.8322925555248892,-0.06988825740057353
0.28000699828607634,0.42613528828905206,0.871136893317163,-0.017911382723902983
0.2914992203869212,0.4310567617596765,0.8790810394593774,-0.01754043166279598
0.26856479121123533,0.4181935655945828,0.8784943778155486,-0.03814387896217297
0.2824322054400383,0.42619658701719587,0.8820638675408865,-0.045713413024432735
0.32897974689034093,0.4914787786349738,0.8638516955979503,0.004531167745735067
0.3096733322121289,0.48922795557982485,0.8429348081257647,-0.13671094589951435
0.3046219511152567,0.44822196051607427,0.8832539121024485,-0.01934692271205695
0.33792565435959826,0.5239805941995309,0.8451322375551338,-0.0809734207099641
0.3044720148592168,0.46972281531896937,0.8636217596401835,-0.051338186329619374
0.3440920096147985,0.5419498010357792,0.8030768192500797,-0.11235258560887625
0.3014962492472488,0.46668646623219,0.8492846561175454,-0.0746008530945612
0.29791427910216695,0.4591334507871382,0.8787800521860133,-0.062187533491305194
0.3345917174333456,0.5112550377169558,0.8381651223080167,-0.013179112238183558
0.33197932651656986,0.4952545774734948,0.8561439462903129,-0.003128084588833
0.28625416436640155,0.4342909078368307,0.8800567487656612,-0.04869693115686679
0.2802865605660874,0.42405554112174515,0.8810542650312829,-0.06508233989706524
0.300175911217597,0.4704404502008651,0.8584807493250569,-0.07906793128399958
0.3736148945309805,0.5531180996449628,0.8171768004896567,-0.04734416725333732
0.30668282032097777,0.47489672445688014,0.7912104068880116,-0.08021631448922936
0.3470342979429865,0.5405581463267927,0.8277089079242937,-0.06663292710033888
0.31879490916003544,0.4800944512351467,0.8599606405977707,-0.041766592849700135
0.3049543847151529,0.4594808245734799,0.8667188601732907,-0.0713569388150555
0.28380759074080153,0.43350791052124044,0.8743639675374434,-0.03141402300875209
0.29793466145406416,0.46762374453208266,0.8522392404250124,-0.10209086288882192
0.28097180549637146,0.4271103423801709,0.8801128051800894,-0.10507196106690075
0.35239248199897033,0.5422322897336327,0.8302667230821481,-0.08338617167484745
0.27687554651832885,0.45729939429178257,0.8475063898591768,-0.13804887321969567
0.31548139420726634,0.491043343280611,0.8365531915965807,-0.0471532759229741
0.3384025566328388,0.49863419374430357,0.8804919421594521,0.022916074743870182
0.34234601075215365,0.5205294528007812,0.8309944375817787,-0.03149245731589221
0.3383847340970828,0.5016873379818501,0.8565864898555791,-0.015221592799765144
0.3465393066335375,0.5257629284528823,0.8384370828508101,-0.09370990263012946
0.3331222227704602,0.5006218731762536,0.8585869409940511,-0.07751740855877008
0.33100064478122104,0.5167977924516272,0.8292783944588744,-0.10377988877792814
0.2772468749635697,0.4202842435343685,0.9022294185249049,-0.07782933399108533
0.295102547055575,0.4554221145624164,0.851291202269906,-0.03255403046223628
0.2940551443583276,0.4423020698424641,0.8931610728128581,-0.0857323790594357
0.30228435742749005,0.4612698144182431,0.8621505977539232,-0.0484863044225492
0.2981472606240617,0.45735349299014627,0.8719613507934079,-0.04035362124968392
0.29139307914966295,0.43798416928271333,0.865929588498421,-0.07016796495989214
0.30046979293078,0.4580561443534187,0.889252463725706,-0.08788401014010902
0.30330692541824267,0.4737123746621548,0.8547505831129572,-0.027238720956665262
0.29276551019358815,0.4487585713460829,0.8682067975357614,-0.004630331162901541
0.3222693560527443,0.48804959738954157,0.837294173853149,0.01739194629366535
0.34099128507908005,0.5009678808269671,0.8579280124155296,0.006359508183709623
0.35477186666248545,0.529754862247359,0.8510858682850657,0.017111519205341128
0.32445451091079197,0.4868020910415598,0.8622325751940232,0.01814530194454757
0.276747022735944,0.4255545573372906,0.897686598744097,-0.06898563934527228
0.29513910790775544,0.4628683484346461,0.8827741245357985,-0.11002470979427205
0.2879285909549594,0.4359298781781454,0.8833029867201808,-0.09451789995272708
0.2899382390817057,0.4415106645598066,0.882416827157472,-0.06613872625498916
0.315981260178316,0.4665253485726544,0.878150137611463,0.013281608442308043
0.29184794396930164,0.4498909110878664,0.8813867349163668,-0.0762286202691602
0.2868408731079561,0.4339094083861949,0.8970865764927481,-0.049216461149516444
0.3518228647396212,0.5293449722361434,0.8524569879100828,0.019684590532710034
0.3624565259132179,0.5465162909482034,0.8327269601593938,-0.02983616285659351
0.2777509003910888,0.41723958754950125,0.8767855870520086,-0.059895531515791245
0.3056940121284484,0.4809119917801138,0.8527211990658559,-0.0364648525465265
0.2688240983231176,0.4143342173079761,0.8916006212832244,-0.03483121060883343
0.3174369942353531,0.4849523851592048,0.8250631620510673,-0.06017167607033084
0.31780691718230797,0.46242772871104154,0.8635751628011914,0.02459412356533956
0.3532695634173316,0.5282268947581539,0.851208472609387,0.009402972681234226
0.28624856355011097,0.44089352329669673,0.8753037594176823,-0.07906906741063631
0.2846526257965038,0.44443757378270143,0.8745334966085896,-0.09306708276283618
0.3118415200721826,0.4783912955531807,0.868929296697836,-0.056771312052115726
0.35059539682996327,0.5266791523666643,0.8472314747717894,-0.07367326311952106
0.31766914094745036,0.4718959934571752,0.8538632399254158,-0.030561741568163426
0.29780679283884653,0.46153310166759237,0.8667701251256866,-0.07218712214773994
0.29971125395213866,0.45224647182223426,0.8653278699607339,0.0013413121286045522
0.2894034794674922,0.4281068677893944,0.8881880841510077,-0.023936992912587298
0.29595299664930214,0.4558732885688056,0.8844228955164403,-0.062067099823693246
0.3342359372592587,0.5130121748741535,0.8170902493410289,-0.04169994127922977
0.3155433801881747,0.478898645782355,0.8555881427037624,-0.034150479898319874
0.34678607243561177,0.5221175466579779,0.8565492040869771,-0.03057465822538489
0.3198526109201961,0.4943154575666086,0.847947677912012,-0.06353664751274805
0.3354406429805009,0.5130507271315541,0.8449077948484573,-0.11267062130371937
0.35863385794072,0.5413782892536878,0.8409025172395117,-0.014309852764265099
0.31003563994625705,0.4892472574664662,0.8345155473248641,-0.12135087313300268
0.2941295531927871,0.46621037231212636,0.8580634175072648,-0.06425055780279929
0.3419841593918032,0.5265874472507939,0.8174886784928418,-0.0922904809304625
0.32880204213464953,0.4899668042140989,0.8560754572666359,0.004861649255972052
0.35363129010710986,0.5230675012612406,0.8428586745530046,0.04405309755449651
0.3200342358616416,0.4866557662045328,0.8712262609164161,-0.04330539030443661
0.2976585926276466,0.4458740503047453,0.8858756869701403,-0.03183994535154034
0.2773715585573469,0.41538537391973335,0.8924405393731089,-0.05958772218133212
0.33147468547895437,0.5079934385707826,0.8622458209342654,0.02117445812057033
0.3121590046195652,0.4673000129476171,0.8712344756080537,-0.015176087519924747
0.3238924799200922,0.49381544634497926,0.8679703901389366,0.00013502320409444814
0.3753279264592976,0.5708046858267759,0.8129129701684633,-0.10001856397983347
0.2573992827705187,0.4007177651355365,0.8953982699837437,-0.07540624879629113
0.3753508899578405,0.5541145349584062,0.843195391355183,0.018395038539091548
0.3111577010933298,0.4761295304098487,0.8533775716281459,0.004208065586198696
0.2968090701747564,0.4536764679695439,0.8615811999077381,-0.06921254633024632
0.35938765521019206,0.5393544038605546,0.8222104758433202,-0.01924583005302457
0.36097461266154435,0.5518745519555971,0.840126662013206,0.005761454360932599
0.355529548646362,0.5378228065282246,0.8331867194516833,-0.06497232052608291
0.3189803712966856,0.49013993335580514,0.8556091690251921,-0.03592028373129421
0.302479230196155,0.457381329753181,0.8556463204539544,-0.018116151641012924
0.2936896901338826,0.45013330913295035,0.8911819389545614,-0.014525031874152656
0.29647930189974026,0.4586403132646756,0.873515038457596,-0.05758067767848665
0.3230591127079887,0.49347030084863214,0.861273977039738,-0.005465324697436904
0.3265939938494342,0.5052110768031889,0.8470275668167594,-0.09125438812478559
0.2935378702361798,0.4462448511864948,0.8544071976528016,-0.049280570288580315
0.29506401969402124,0.44538681274112185,0.8762497647878322,-0.02849145926440621
0.33569693462755396,0.5056520550040652,0.8520150000058405,-0.03584582220566052
0.2879919625319777,0.4497136762789254,0.8736750069392688,-0.08980386707077093
0.23932850805954142,0.36258867696005903,0.9093124796073399,-0.07495690005966153
0.3272753670375966,0.49688616250475576,0.8491135893240018,-0.02337371881459336
0.3307102487720279,0.5097774444118123,0.8084139640885728,-0.10299249071797395
0.3570300822912456,0.551645103568881,0.8212905810452812,-0.07838261358917328
0.3264011857326778,0.501841437891329,0.8405036485432357,-0.08853646355287416
0.33189783583595706,0.5021129773680545,0.8369680696974517,-0.05539606600949439
0.30899085748386335,0.46950289885000096,0.8665261986710324,-0.05044109238583429
0.3473688801699654,0.5183722875503861,0.8531757865630852,0.002971988795878777
0.33908853552937707,0.5181511163588595,0.845371476236799,-0.028940729346207218
0.2915756133664266,0.4349832171007237,0.8695637457924141,-0.02437488890043679
0.30047043923793837,0.4524322495119704,0.8771607864490274,-0.09213021476204462
0.34947050446838474,0.5185447124426948,0.8637112973357401,0.0035963919942053712
0.2543470995463733,0.3825669474500158,0.9080790439855021,-0.054059507022939914
0.335686866305883,0.48991490247935776,0.8690551064632746,0.042282236009680736
0.32421136886987184,0.4863442855439211,0.8790457129060983,-0.04402456208781834
0.3558592400226437,0.5161963511788726,0.8443396061320638,0.10314540232236048
0.3244723590642681,0.5099683939135026,0.8133837698816142,-0.08808570918476924
0.27481703500925714,0.41941757783866435,0.8869211327049568,-0.06959895439679945
0.33693780925220124,0.5135210852200152,0.8519646582207807,-0.03187228952781414
0.3325495969269715,0.4878327202271118,0.8705830612023753,0.037291230035507036
0.33655519172146897,0.48891398769025946,0.8478710545521645,0.02628679453509481
0.31686929747147846,0.47270689849387115,0.8512611844702429,-0.007722681588877164
0.305546306674586,0.4782201429932013,0.8638557420898197,-0.07021618945931954
0.31889518193108124,0.47106551247679074,0.8727969318706261,-0.04438737420337044
0.3513927503643478,0.5344298030680711,0.7848502495707025,-0.0801222966660774
0.24824263963765036,0.3761843550048513,0.91505862012026,-0.04459382869897266
0.3229423727788477,0.4809313066451114,0.8685428487057782,-0.0431151444653951
0.2685657537365641,0.4141101231999338,0.8933885059352469,-0.08314186277368263
0.3475424990314441,0.5277530795556836,0.8487499548018324,-0.02195381950246693
0.31630659066913586,0.49927221249449805,0.8510748356451323,-0.1511164901206826
0.34789964102385545,0.516482866710668,0.8435030515020294,0.0027646682594629785
0.2923530254790258,0.4501508088808326,0.8804399524578798,-0.012100395920909147
0.30843495308349617,0.4525588808636536,0.8906293748865064,-0.0051495101071879065
0.2936485926270308,0.441333884301579,0.8757405751667532,-0.03014447190099573
0.3086427077369767,0.4854188138714961,0.8586622939853388,-0.09722900532365256
0.3198303610638697,0.5059543140610139,0.8282367233066965,-0.0974709664731609
0.3169852440865553,0.4711899699826529,0.876982402640165,-0.037951852377651245
0.34688810114004215,0.5235429215335268,0.8443048231274771,-0.048957248729946445
0.27091393085193577,0.42168963113745045,0.8915923308470081,-0.08217912875142507
0.2897377067361336,0.43197150279660657,0.8953907922220893,-0.0028952804449682056
0.3105332510839817,0.4859963488922672,0.8569830388798394,-0.10620679902402522
0.3859790376434803,0.5774175371247158,0.7998284945495819,-0.01226723412427901
0.31440394518295534,0.5052858786850039,0.8289564407916631,-0.10041783526545908
0.3385178395602129,0.5032234584597297,0.8532907269792447,0.012956372406908147
0.35704702637787994,0.5347108269014589,0.7974064146646106,0.030492197580684777
0.30004696836558337,0.4630187880995419,0.8605839064759457,-0.06507860863488453
0.30943085632761913,0.4861444758609585,0.8522695139286238,-0.10611798327640835
0.31285247788674936,0.48689497693210787,0.8479988123271605,-0.028289178467668215
0.3033153126240617,0.47337231424570114,0.8771974091038991,-0.03698267716336649
0.30733611404424743,0.47385362903801365,0.8470134346232726,-0.08791490112456334
0.274477374196247,0.426203564990752,0.8897317712318287,-0.08379088306973298
0.2980491605019864,0.4574733559540558,0.8567725540070553,-0.07270654350781285
0.33111267605795264,0.5071725053768402,0.843115537106884,-0.03987896391999797
0.3315166008610151,0.493398325598317,0.8599109425861093,-0.029782214550076864
0.3244196248927644,0.474350414782722,0.8622044103096402,0.00937362766003189
0.3148275717802,0.46946186621221003,0.8840167654607483,-0.020300690430289193
0.307579431190114,0.464709746539224,0.8850767150418746,-0.030172055087367037
0.35942318118247646,0.5201862885099043,0.8215067844067128,0.06626383646727922
0.35927715496512935,0.5326416398047915,0.8356908470528809,-0.006415231711541833
0.31647443379156065,0.49413656799989436,0.8562536319542805,-0.11267271496165275
0.32433560433516095,0.4948842099126693,0.8389451746709589,-0.08652817607905827
0.3352886262426869,0.5306643683238149,0.8127300929558463,-0.18626089820717667
0.3141600405082999,0.47846723679267933,0.8778345201157469,-0.07163273182901529
0.32753550367897954,0.49651374885346694,0.8695641060859431,-0.05812041309749352
0.28432320216286067,0.4339636103789987,0.8685530784008557,-0.057175447969754364
0.27922210271413517,0.4341328626499294,0.8714515430757998,-0.05801372663643536
0.332800486158823,0.5053468912365031,0.8588652184659065,-0.05627272821259552
0.3021844903403508,0.4672017726221921,0.8574669101192371,-0.016291923814598392
0.3501829886479577,0.5263484455422752,0.8291772166602134,-0.01756533684286215
0.33458748651915626,0.5247474703446109,0.8304981102454234,-0.07508469247877148
0.33013275780774554,0.4843874383352658,0.8711785082422172,0.023731699979556053
0.3092939690150671,0.48461472386735305,0.834486675437606,-0.103855435902051
0.36842751768255233,0.5434630405025186,0.827886493282438,0.03525193257621956
0.2988121873361941,0.45848308037575547,0.8791233460926181,-0.08682112913851704
0.3475598534069122,0.5334316173439398,0.8441843353417388,-0.06743547307427258
0.34373469361951675,0.5346408625628432,0.8254237580083744,-0.07293054344692033
0.3506466823076351,0.52453439180397,0.8239604965075218,-0.002622977643539043
0.32777426226268386,0.5090489332995002,0.8510880525691435,-0.08425206896414167
0.2869972264213136,0.4333988535886853,0.8849398929912087,-0.07400975121780512
0.29457055140041877,0.4420998328587814,0.8884117820094902,-0.05369012803775157
0.30469947409861653,0.4724896480952087,0.8499316399835135,-0.07449927751854138
0.3042698653749207,0.46289000920390827,0.8702563850554574,-0.015227244654775695
0.30788973589919943,0.4798776510887167,0.8496375458845004,-0.004579481096456577
0.33990350525032087,0.5336805157365766,0.8163528938030788,-0.12509706764153652
0.32484061005540954,0.4921231022244878,0.8394628943742811,-0.05121423111092793
0.29344605487807535,0.446133039165948,0.889021907611956,-0.04949787623631634
0.3022364110208916,0.468008503893398,0.8793146268523004,-0.08893797625730024
0.33934491814662887,0.5259521208804069,0.8317306311853319,-0.11057398610349328
0.29097254613736945,0.45256968152061666,0.8766802443310489,-0.06390135740463498
0.31868676706330396,0.4902201516381797,0.8612292018500622,-0.018866730808963405
0.3161020328401625,0.49842036806781703,0.8053574579533611,-0.0946710388889835
0.347372502714547,0.5053463564256461,0.8608102392240188,0.017351027271911578
0.3091997517133592,0.47142924158006977,0.8630272896877214,-0.08128536233623582
0.3300637143152089,0.5059935252491594,0.8363640253075005,-0.09447029895753321
0.302257107032494,0.4563413567090743,0.882707847838851,-0.04773948935795659
0.3096927384506045,0.4651384510355776,0.8731634769472678,-0.049786993990130465
0.3051974338444929,0.45842970257463767,0.8711991456316548,-0.041165292642700003
0.29669288241136355,0.45440751572813265,0.8770169565608316,-0.09382306203793314
0.3216403840486538,0.47936446108388886,0.8779974672795988,-0.015296177952835485
0.2835697064019827,0.4637973777963089,0.8164656785251514,-0.12132852038816061
0.26639520802457195,0.41089162332838325,0.8995376347361675,-0.08513262193900958
0.29791989525635243,0.45330273614390754,0.880687095380129,-0.04803862912330678
0.35578476806708786,0.537609071737463,0.8256728710977115,-0.051969866117204805
0.3147811801050813,0.48432559613923776,0.8709294030564789,-0.02828793731596104
0.2936989964683955,0.4561241569876237,0.8854244767411951,-0.12384693567606718
0.3369130848982677,0.5175664075812949,0.8383304295040381,-0.0992433492556254
0.34441275660937515,0.5052419222131056,0.8533471630452125,0.013670744750662569
0.3476189771632577,0.5290584263774241,0.8381104858604331,-0.06867918065170868
0.36555627797140894,0.5451677921250054,0.8145629211182688,-0.004368484657597906
0.30678111960087107,0.4625795433900973,0.8802951058461076,-0.025117564904944684
0.341084749096987,0.5134027853922141,0.8555761890079028,-0.003795923344492055
0.29852508714378123,0.46689826238188664,0.8747994864414836,-0.09485923846252123
0.3465592175185891,0.5407318025896283,0.8072324712044017,-0.09709206601334161
0.3503244135134014,0.554870021691119,0.7794205555760604,-0.19214667110045575
0.3178634137514362,0.4972695277207041,0.8319058765398462,-0.10722740427168977
0.3563238273307557,0.5371449423551659,0.8356265343590222,0.007469034524823915
0.33788906215003733,0.5121751667415015,0.8486116383558806,-0.09270549786594158
0.3445954370476985,0.5349850068580106,0.8427437345825364,-0.14666311496246043
0.3305668855611635,0.4952552961567922,0.8636625685992257,-0.02610398682384287
0.34885356967384057,0.528706066439487,0.8076858627757144,-0.021016178157886572
0.31655299475262266,0.4657569510917076,0.8849393732668637,-0.04048808952738931
0.29822918152368905,0.45295576372407637,0.8702360181996336,-0.049208453502395805
0.2613661303914283,0.4121543463371899,0.8962354111024762,-0.0980215456117733
0.32991110873999935,0.513814795924638,0.8339842330093649,-0.0703902178011065
0.3523901913625826,0.5286853396264902,0.8349479083275813,0.012710345872466286
0.2845185388196236,0.430270035460419,0.8866405810968939,-0.09068108044831456
0.30277668787668144,0.4547716577393317,0.8761209972104617,-0.04852979408062705
0.30046564026981337,0.4529384504205685,0.8680731177278413,-0.028526530391452747
0.37502660888382516,0.5740491479194274,0.8064646296047703,-0.04931835829468255
0.32787201807162997,0.4804241944391309,0.8706541773545268,0.04486383210253289
0.3298638485360515,0.5040336463054297,0.8597561642974809,-0.030199256895821057
0.3642043176198329,0.5455047878538191,0.8387517110723126,0.020080481397695197
0.31832245526440284,0.4814799808512943,0.8502133897052038,0.025724928448936635
0.274093790643194,0.42173802854800324,0.8905025306448419,-0.10206250930814932
0.28248633427129577,0.4260851363550538,0.8797089811894383,-0.033247475363837806
0.3081130324674801,0.47363068557691057,0.8715633129746561,-0.08597769766727244
0.32624106398752634,0.5074454523036702,0.8520771548264028,-0.08059329381316364
0.3058527532431677,0.45706223578211835,0.8641760385066293,-0.009739691760192171
0.3498076283395729,0.5340949402021751,0.8203810809617493,-0.035957035123933896
0.32456897225871356,0.48133951008902254,0.8668012538468939,-0.01411029154702258
0.3236273882605239,0.4979516194689266,0.8601398981733108,-0.0801516368887675
0.28820639213680155,0.4373884812701759,0.8861313646863868,-0.0463275402625593
0.34028653494753797,0.5106374027881154,0.8426445737921974,-0.004242952006997013
0.3408676404854455,0.517012379445457,0.8676504261182927,-0.07135624522950444
0.3303112321434733,0.4875855190671171,0.8619428290698167,-0.014075329695732322
0.3188805405302462,0.4835260544481997,0.8703038112292092,0.024181477434746083
0.3720376263142625,0.5429900343871095,0.8344689530200771,0.02168443950592515
0.33698270365451416,0.5153598519031769,0.8353948076208464,-0.0647482062785451
0.27997471766960935,0.44329918855285705,0.8680480789060028,-0.108185885104657
0.3145315004674,0.49083001964924367,0.8401651826749837,-0.09619307730580894
0.32704010844569065,0.4872586191514649,0.8551519148636555,0.00619349315008403
0.3088932745342046,0.4734810035964172,0.862160585856739,-0.08735467017727201
0.3264991599802822,0.49609486333088104,0.8517159540358366,-0.043833520760080215
0.28141957832076725,0.43729147432219545,0.865877684346636,-0.0678084867419729
0.3339366964829442,0.48563095560502867,0.8671107881173258,0.04712698184912925
0.31745243914389565,0.5060443374486054,0.8042970041711736,-0.13479914933865858
0.2998969141478517,0.4637385988806998,0.8592794559281893,-0.041603735082727376
0.28131600866926715,0.4421680685762686,0.8569964054083394,-0.04531187515487911
0.3208228435434112,0.48948882236947744,0.852052492800107,0.0023506620989988333
0.2853129114661868,0.44282854542876215,0.8800859956810945,-0.06772440589949356
0.3077671027278832,0.4660328530645973,0.871690656621334,-0.08961723260083244
0.3468478319943997,0.5289936534533866,0.8106588388383693,-0.0577492512072226
0.3250050841848977,0.4957970795633518,0.8446981446192026,-0.004985807062438365
0.31653798276946593,0.4931794695910981,0.8527472206030213,-0.058105237933409465
0.2946767628103218,0.4444925612474599,0.8869646723576909,-0.057715706673999896
0.3044060758524293,0.46538577926503066,0.8656466552199449,-0.1349170762369342
0.301937150443417,0.44603043995918173,0.9008222717847733,-0.0334354656052746
0.2980205078349505,0.44844048199710085,0.8901692489838791,-0.048232464846452876
0.27116648186996883,0.42906602783874365,0.8795827368792434,-0.056048855966544305
0.3175370889749107,0.47697639843388306,0.8610970310976755,-0.021931092508080827
0.2888653264919086,0.43733483420470237,0.891472569985376,-0.05196648490937056
0.3041431679647336,0.4625324137191016,0.870225826560861,-0.05029807255681882
0.29375039897026883,0.44420964537033225,0.8806996383557184,-0.05083766490001411
0.32646216992524424,0.49088212184304597,0.84926776905563,-0.006756383701384835
0.2875946720283316,0.439040924655017,0.8901775614437802,-0.03956915921513695
0.34953674633183424,0.5200296486342678,0.8322103610409973,0.009455111494219936
0.3013001902359611,0.4516127233428874,0.8774840983607689,-0.02413297959142995
0.3250805860163544,0.49560641633396985,0.865958558255543,-0.021765084253551874
0.29956967534626694,0.4430118829256154,0.8902863727500516,-0.021474961160819653
0.39489815379682136,0.5807033291987032,0.7574244960378698,0.07831711638506157
0.2947035057468904,0.43356165932041135,0.8863439229838502,-0.007182149298935619
0.3016317438451206,0.4553535500891094,0.8612070045128526,-0.04302499153534021
0.2802715851356172,0.4262375998614493,0.8942177849429533,-0.02188366887632509
0.2918936741773724,0.44488034558280154,0.8930787347784976,-0.06854745106235359
0.32655934409534876,0.4926386689054063,0.8443097730331396,-0.03668419063189098
0.38289133449673063,0.5705001578678844,0.8049101561464085,0.005351814940908164
0.31511029430993764,0.48589769178264575,0.8544913004365211,-0.049911884181518255
0.3145395634018178,0.4850270448682558,0.8611628391425538,-0.05466693247817718
0.34267312973919906,0.5156546829990857,0.8581689559509696,-0.016831358872584926
0.30213185272696835,0.48156782977148443,0.8527828517274038,-0.1447722429986373
0.31832558115132525,0.47709414471581896,0.8686497246331154,-0.04599318094210517
0.2875450129036086,0.4465402624894273,0.867696572821093,-0.050010549774299445
0.3553539889280904,0.5398067523826355,0.8062621652422352,-0.031478813782797474
0.3085158532253959,0.47494416573123055,0.8624132523128399,-0.025858348384432423
0.3929536722373138,0.5809926497081194,0.790844774098589,-0.0188256533168044
0.3194792983941226,0.4933603174728207,0.8320573369870087,-0.01812549930317851
0.2850704914354143,0.44975677166656297,0.8865303567399394,-0.07075766212046274
0.3174398891487469,0.47375901446493474,0.8787055152423876,0.0005161901217828986
0.30190218103175664,0.4653498724457681,0.8469725029739299,-0.0454869817011887
0.33938376607621507,0.5124864882552959,0.8271134062380603,-0.02691921153338781
0.2810999031540484,0.42305148613608096,0.8945226117443318,-0.018807678984450592
0.35765167990102686,0.5674727149402191,0.787494172342676,-0.1475193759686809
0.29925003962429614,0.46028169067934804,0.861451146899505,-0.06436376610311845
0.3416702852618317,0.5104404109353706,0.8418859251824002,0.004009958546217514
0.32183825749566536,0.48465248668277944,0.8671926501293674,-0.048188068747828175
0.31633023897727797,0.5079562438777245,0.8303564034947545,-0.09394829104463198
0.34815776023846357,0.5223022270194762,0.8470344094411887,-0.007796714915628217
0.3244476152096135,0.48627300312190946,0.8595992095641918,-0.04430095133379188
0.34748811556781267,0.5273843490789512,0.8215962888930981,-0.02808435152652326
0.3124281635864615,0.46201337595470343,0.8669836979504575,0.004784263644739745
0.3387731837925606,0.5256971753868522,0.8268833258571046,-0.06257887688148593
0.2935532623802499,0.4365321276310407,0.8881048129804543,-0.05507131705232321
0.2708525525565881,0.42073520799587605,0.8797707776501407,-0.07940916364412778
0.278044689732797,0.4405344564355774,0.8866540060865532,-0.12215609964669043
0.3124418227570542,0.4758658094169034,0.84117218084517,-0.05289987739819306
0.26546185432331204,0.3956377170953163,0.9070467465042383,-0.0475523571603968
0.3198896142818484,0.5011525990036201,0.8492737104891175,-0.10319740295892062
0.36270388740793763,0.5394518776913281,0.8371296923095531,-0.0021260772601868544
0.34325581210431017,0.518764089002721,0.8189528919624254,0.028183674474259807
0.33808373990393575,0.5163311715008146,0.8267342880946849,0.009456424415423765
0.34287746274946035,0.5233018607596263,0.8386012136473893,-0.082716934275402
0.33018854292769756,0.49553528463747176,0.8456547079990202,-0.0715912785869365
0.31838186050383577,0.4862663185478595,0.8700124631247763,-0.02716246777200474
0.28854748968811594,0.4313513754697809,0.880358446448303,-0.024306883232358138
0.35850641125753946,0.5343448676785627,0.8384779434669327,0.03195674571157816
0.3615008856051928,0.5514696556535492,0.8151467286907463,-0.09296847137239499
0.30789156925911787,0.4749642771579219,0.8413687854934805,-0.07473243207841279
0.31175375509829517,0.4686040461944405,0.8797556305621258,-0.04606950785013674
0.27580448382691836,0.4318598759387795,0.8731902761247852,-0.0616381171398735
0.32905827060962145,0.5082876706198239,0.842300749828915,-0.05512686105898152
0.32938014630220047,0.48935224071795624,0.8486200107916544,0.0326974511623261
0.368857150882178,0.5562949390843072,0.8374314503509164,-0.026996102539838304
0.3180797848224867,0.48749312602900835,0.8556693880730806,-0.06386261891080312
0.3460341009851019,0.5139966236362213,0.8236751165155751,-0.003403620444290317
0.31075118163460963,0.4695444256281229,0.8787191154884793,-0.05276472747107646
0.3215866688978085,0.48452989016557124,0.860649468702402,-0.054553217712467475
0.37023003844889724,0.5464617888285529,0.8116915104213175,0.015504349510491233
0.3208657309836221,0.49196133092230354,0.8329232733120334,-0.021361023390450207
0.28433173549253515,0.43909708577784057,0.8906319108608726,-0.03568904693014016
0.31022297959782197,0.4783591208157726,0.861348204947201,-0.07856550969076044
0.3065932765450898,0.4736651446829122,0.8535062053364734,-0.07927129429221916
0.37748355074115186,0.5677827270073185,0.8282014945159799,-0.04265957600740633
0.28712131097606935,0.44033157219282837,0.8628808856661347,-0.095716048848867
0.3244338961473156,0.5027060118126259,0.8529356876934275,-0.04578636558251309
0.32613055443954797,0.4945468785901684,0.856571625954162,-0.009630194684095544
0.32033945078944237,0.49677571756203986,0.8676239017718166,-0.06620903726308126
0.32570882049537814,0.510280336610573,0.8587466602031723,-0.027560661779754903
0.33269332691597414,0.49604410423345924,0.8614726880530444,-0.02969385029664434
0.284433286195338,0.43797462570317924,0.8674534547899944,-0.03485379937048154
0.32966681187961533,0.49455208828776887,0.8591630380498799,-0.031070209110268632
0.33005869499987955,0.48537637740830125,0.862227150775702,0.032519808307093896
0.31806080751813975,0.4729831421848227,0.8547020684053324,-0.006577260445337388
0.29394986927927985,0.45122762863905536,0.8918858480469468,-0.03523341330968526
0.3130157716326398,0.4874260131615993,0.8646467881667417,-0.036915882300038234
0.2993702419920306,0.4527645350320444,0.8795550935932475,-0.01610043489198602
0.2920407097946592,0.4344299803775959,0.8866733076061133,-0.03861499454300909
0.33734478993917155,0.4945166849698338,0.8558975669796685,0.03278348114674105
0.31937978770337994,0.4838456841821339,0.8751144204953996,-0.035822742142560135
0.3239682715062913,0.47981498168184816,0.864729872741961,0.02758117717399191
0.31968357086717203,0.5031289016801446,0.8209861181911795,-0.05211738353225638
0.3093276447620835,0.4910433542055129,0.8467180483319975,-0.09338000357382249
0.36248357731514913,0.5394200214094914,0.8275155681035706,0.034221232835341744
0.33183900735717065,0.5000909850958076,0.8603791275525294,-0.04886120170055116
0.2813549900535022,0.44120392578226486,0.8641735072342984,-0.07344047224851097
0.3271334571261842,0.5272152512125896,0.8010658582778474,-0.1589137419734258
0.33559399329890366,0.4901994922366001,0.872657912986432,-0.038721971000100386
0.34679552966019556,0.5199468247692736,0.8329326209224273,0.003314610037901271
0.30169496257268935,0.4598483137654267,0.8753872588328796,-0.008082154542393472
0.3396218683728746,0.5181195244359088,0.8174179124901099,-0.011018166378344301
0.28164640791039086,0.4360884482711351,0.8869628649063764,-0.07121711033527635
0.30474886284606173,0.47240306755404277,0.8685052345786426,-0.023330674979279924
0.3552244332334631,0.5311455654315226,0.8451757538920835,-0.006163921601576334
0.27908304666228184,0.42105536077294753,0.8890125522386734,-0.05346606729856909
0.29332640247327285,0.4458492179459185,0.8882206373390117,-0.07252600253507457
0.2828991935564334,0.43157951056402577,0.8662339399763483,-0.07695700736567938
0.2763544531743362,0.4119439325359912,0.8916150866634777,-0.03025722307807
0.31585306471592,0.48635465928823285,0.8510869073925742,-0.03228902396831618
0.3459185020365711,0.5067581703027283,0.8633562357395175,0.015957808732987775
0.3235016739504513,0.5117822839370224,0.8092730061039108,-0.09390936644649787
0.329412622547809,0.5066017442091585,0.840396363745781,-0.012822241866776067
0.3464072736080205,0.5280724914953535,0.8339530332360368,-0.014132230992537968
0.33038190095422054,0.5061523096090514,0.8515097491625871,-0.12182812376159073
0.27933483483776395,0.42949161179809,0.8732065636363963,-0.08316363534501493
0.39051621694027827,0.572074001571438,0.8291493292443078,0.055381266219290355
0.26776635508034996,0.42225136786811523,0.8801718103233823,-0.04203603657563559
0.2942718897276727,0.458793548749724,0.8679760949660659,-0.08681498187039802
0.31308213315843486,0.471188161367843,0.8491971018774362,-0.002172646792500266
0.2690665338092792,0.41621443730496793,0.8912246231322923,-0.06123114150325123
0.31145309736484683,0.4936139292572076,0.8448534451558031,-0.08579080091648307
0.33296332075634344,0.5094141219762183,0.8307681376092245,0.0063510341909320004
0.26608137403006066,0.39575695285641177,0.9070174429118649,-0.05297126751574249
0.3153988021946241,0.4940697841002423,0.8318621667452197,-0.053272126207319984
0.2893859677558884,0.4457686328026702,0.8795362783887254,-0.04926192479947928
0.3168567980574441,0.47570614110351844,0.8595693598912142,-0.005583088066155091
0.3622787100788764,0.543411688214666,0.831633011083072,-0.026611515623474857
0.3241714369989283,0.5058403080668982,0.8498278148181285,-0.08216679660963473
0.3634349587295265,0.5410826727359387,0.8455048684902144,-0.018304604373043154
0.35750127112395913,0.5374750254961631,0.8218757313309437,-0.03448625112757294
0.27385171730021546,0.42311789505629566,0.8979921116678173,-0.07606585448648168
0.31657188044913875,0.47158311652459384,0.8780094591953713,-0.03178139226583594
0.349348059728558,0.5229628425399041,0.8244510878648429,-0.022236704294491285
0.3032945349377454,0.4601469225048639,0.876321068262743,-0.06456519055140371
0.2913606964899389,0.4635830331922587,0.8278437066578254,-0.14196966048685028
0.3287712094270379,0.5052251711147131,0.8550971426969789,-0.020557033427345626
0.3021123589248066,0.4707821581399344,0.851328763831102,-0.1118992622480407
0.34158750710811964,0.5254888747158101,0.8438677749026908,-0.03602838796603518
0.31745035754807666,0.49272772078832905,0.8666817190860583,-0.018962141625043814
0.32614339035287043,0.49869285072377934,0.836105681136803,-0.04668214057977911
0.2727347854804698,0.41506337846609764,0.8977545245639795,-0.020456252751494337
0.2850819010691542,0.4402689039197915,0.8794899806524638,-0.06887236882292332
0.3248337183724237,0.48432592561723553,0.8672801724630227,-0.001411110296760044
0.4036359083090103,0.5976222635568871,0.7842881199657916,-0.03259435034148609
0.2980960646230337,0.4426273182643889,0.8778594651549126,-0.015537905118480924
0.29975442445458145,0.4590549860751378,0.8629533134369216,-0.0780758458205627
0.2888139205499395,0.45166262152132797,0.8692561250655171,-0.10001809246240008
0.33599981357085795,0.5129929431238318,0.8420939144631375,-0.03164926903230992
0.33173611955182497,0.5112540411157206,0.8395096387706554,-0.053548316753207356
0.32394538633886066,0.48738771666403324,0.858782874238667,-0.01311543891082632
0.3490644017855231,0.5128576948670318,0.8628158877836722,-0.002832678184851126
0.29593323076808603,0.43991375669854604,0.8869853784210272,-0.019700813401847487
0.3495997290487177,0.5063609827486466,0.8577338052174003,0.00693732374340122
0.31711430217923725,0.4956065337975675,0.86461600159067,-0.09447372606212154
0.31734137179087324,0.4809146536431988,0.8482376344349571,-0.049902046669599284
0.3194404080122921,0.482490074806129,0.8587921307079274,0.019568439975206253
0.3542353584563955,0.516951798154109,0.8399098846937998,0.03127347368387843
0.2952536208004862,0.44620191865569914,0.8854835282430179,-0.029885760407231027
0.32464903379014054,0.5074005124797876,0.8214686580049302,-0.11903680698089883
0.31814883582444825,0.48638026676201934,0.8406585323072562,-0.07163302505201374
0.3194125820931716,0.500912504561188,0.8343951462635605,-0.13380550821900083
0.308760971249418,0.4819763515289881,0.8236304059924002,-0.03861088543826655
0.3515660299743038,0.5158335626460591,0.8430772017303899,0.06939682947146093
0.2865373230749334,0.4509722666022622,0.8619374455659086,-0.09031938914886034
0.30974128056611744,0.4723439180096251,0.8574112998607013,-0.014519692755026967
0.2850570041783274,0.4275794547324841,0.8909762431356407,-0.045483347757405035
0.34242442797667605,0.515399657676004,0.8247126138089618,-0.00964800995391511
0.3246887104059374,0.5060838671375718,0.8272858863532659,-0.07200584583688584
0.27887426188144854,0.42426380796819396,0.8971573801628473,-0.06425798895234536
0.29904943957805136,0.4544567612166729,0.8664329487627509,-0.0954612580062863
0.2774062494902221,0.42020521292054464,0.883216821638936,-0.05058608920732967
0.3888207823309379,0.5646325717369404,0.8324336198094611,0.05038181073953741
0.2948915040472666,0.45369682558782265,0.8792050068227188,-0.05925665538687834
0.2889361348733238,0.4499244240596602,0.8815937713708204,-0.053609268537318816
0.30532768375184655,0.46968151807765657,0.8685723862666318,-0.04602810773999391
0.33636375202285096,0.5115121106099713,0.8215884827241161,-0.053080202165810234
0.31629135100076416,0.4919264032546857,0.8295178848147928,-0.09079220552821084
0.33021330486342326,0.5036540253824221,0.8608871046010952,-0.035324473271347696
0.2841789513560874,0.4315995822064848,0.8791923113357909,-0.05084523311092588
0.30177280652751737,0.4468957856393788,0.8845151713178352,0.01056185027695022
0.36128998767048126,0.5477750709289376,0.8145621998354614,-0.04326433207942824
0.30785902918102614,0.460664122944352,0.8634660892557992,-0.004850568996190691
0.35298036657726634,0.5275052393941179,0.8105146119630346,-0.052673036666438376
0.3260834805498149,0.4927520984637766,0.8728002692915414,-0.09788791972243484
0.33963508761413214,0.5098040059719386,0.8444640266766407,0.03119327637732315
0.30415553789515076,0.45865238897844407,0.8771425819607429,-0.031057070335562112
0.34450820768800794,0.5204936121233308,0.8295585724490773,-0.05270792562912731
0.2776302922457973,0.4262501722571495,0.8934028016322566,-0.04266637464826527
0.35831205702671215,0.5370524926887277,0.8569636333795244,-0.05669697421115088
0.2925839040263137,0.45988068780476926,0.8619339482643573,-0.14875117894877402
0.3268589460873263,0.48248211777058125,0.8664488650273297,0.008286340716154694
0.3300820314105035,0.49679270757149924,0.8647996738048532,0.003702288081849478
0.37202704303678724,0.5374215915788533,0.8276517938676091,0.052662641708631636
0.3143887137719341,0.4775910135011789,0.8636533493724128,-0.021728015298091787
0.31645342923721026,0.4867669253631009,0.8658427418479844,-0.07568686948792129
0.32881617811090763,0.509074119644182,0.8517908541694285,-0.10152831828471882
0.2845391028044935,0.42376241070401116,0.8929434010878771,-0.05903121384304683
0.3131206505726776,0.4812662602893194,0.8484822306349277,-0.03373866384771713
0.302901835352523,0.46691469014928355,0.8753038164424777,-0.04529860980837279
0.3149884868853867,0.49420960684250387,0.860331390898569,-0.0941810599452982
0.28054502173235085,0.41881837263291744,0.9002559955644982,-0.03202850199511266
0.3202943321965461,0.4943998869895611,0.8508864915936256,-0.09313359151098999
0.3272423631301952,0.5025584644034112,0.8553494814459414,-0.08936594713274355
0.3506377836099741,0.5290005024946435,0.8509456895165523,-0.10806143209958548
0.34378898920636025,0.521484428376309,0.847618307517236,-0.037683894480532595
0.30388857128177327,0.4685323317761928,0.8569497709933668,-0.0765760181941279
0.3198199928517222,0.48676221701283956,0.84125821355373,-0.021428621517171894
0.3680744461451787,0.548504963388835,0.7975296758148114,-0.022828519488073462
0.29544708539829256,0.444240233156066,0.8600257510690668,-0.041209215251311396
0.33511526384552853,0.5022429854784637,0.8518125350353304,-0.020469101274859968
0.32430466145600373,0.486284606079953,0.8559716686911728,-0.02250311450214507
0.3031182247963044,0.4641287081634257,0.8739993243658488,-0.08817442580134471
0.31815854666031845,0.47562384168279187,0.8561953195192471,-0.016071141549032015
0.29470618507825946,0.45176901978620193,0.8809210658773001,-0.057944297736471764
0.3436201697020524,0.5182229178240613,0.8454722345140682,0.011443205056615337
0.33888201095340675,0.520338788847424,0.8354802444036128,-0.06935428494374676
0.3366740594709437,0.5203545074347751,0.8226682396352345,-0.08943667653505971
0.3582329611959601,0.5319394407641248,0.8413243484882349,0.028876831526715725
0.31852625780774235,0.4876566024106273,0.856587671473691,-0.06493848914018076
0.3116917274456333,0.471265904206675,0.8701015073021258,-0.06341570238334134
0.3218650342543136,0.4914995965658987,0.8622287307916326,-0.036169159245764186
0.32853979697370117,0.4848941553013846,0.8625401303543802,0.0233387237173068
0.34444107617601233,0.535740759524893,0.8190801497841401,-0.08784904290961634
0.32161625019013007,0.49418520080821016,0.8447251894002237,-0.05452926316263065
0.3044146095446056,0.46616328501184173,0.8432460729145654,-0.002112056022545522
0.3254440997416129,0.4858923802908973,0.865265900526386,-0.01748406813786144
0.35234873375213066,0.5354981955415471,0.8405117927986531,-0.03126410141219959
0.3096842087615028,0.45831702677881575,0.885282745729039,-0.042971570347336896
0.3406350612593066,0.5259465670713699,0.8195519500826798,-0.04209971453164563
0.3517524742104073,0.5289006550590807,0.8341150141248361,0.0002910873322934931
0.29912450542189034,0.4520155937042235,0.8753031463316598,-0.07100408537605087
0.30328180733734256,0.47697546280143854,0.8712342397115247,-0.08164007077337157
0.3047513395047948,0.46786876711574765,0.8831237768782705,0.021071311219270354
0.2848435561562533,0.4240883785176103,0.8892359754197654,-0.03002487136458975
0.3680518521009077,0.5629132216695466,0.8000285393731961,-0.10620686969824156
0.3455768612691619,0.5349368817700045,0.8247446811470902,-0.06536561043961457
0.2778303337051229,0.42336603363240244,0.8921525477703804,-0.06282714834321607
0.3127052080960482,0.4826814632440936,0.8651381606735081,-0.029217101516938328
0.32865338652344,0.5202638230756776,0.845658869026984,-0.10108328028448701
0.36480784080962986,0.5328794532046753,0.8523464094464542,-0.004350058225762259
0.34043373886793504,0.5186786663046236,0.8474803361033153,-0.017888536623779
0.35052786080688814,0.5265999676703015,0.8402648723570205,-0.021273245313800825
0.35073882399157896,0.5266710855387164,0.8274289118463197,-0.002561762756232134
0.334999288392592,0.508790761835063,0.8639233568424382,-0.08253046480406422
0.30631643944741405,0.4683662170089038,0.8730893457232372,-0.06923032807817583
0.27791213365263123,0.42511937415180107,0.8424668280023666,-0.032272794866431934
0.3191495780220081,0.4823945848341162,0.8475592987452725,-0.03545709982114073
0.3216589447150259,0.4939116711808953,0.8406709220673926,-0.04568592022593584
0.30733569189549054,0.47080926446755955,0.8730057762520107,-0.004955179322195139
0.31548853361479673,0.49948561159765537,0.8135705656323496,-0.0526109408454271
0.33123431800542796,0.5029955652396181,0.8605047273808328,-0.040009460183060244
0.2867305133518989,0.4597528333338684,0.8736902065211162,-0.08148425537194619
0.3269312135051069,0.4950126545678374,0.866854974321983,-0.04390237190550181
0.33908997996805906,0.5273721671591023,0.8587160947496068,-0.07804628201213426
0.3683050307106683,0.5533473875160148,0.7787470056494583,0.012101164322622308
0.28764967626705057,0.44478163515166785,0.8816781696102698,-0.09021503035042737
0.31273770710503185,0.49178727726275917,0.8396613992157236,-0.08170162979034766
0.3410823080672188,0.5114892734854448,0.8386278052557672,-0.012073774565463507
0.3393746391871585,0.5026435035420266,0.8535135330508741,-0.014815206517038233
0.2889697905181007,0.4356181634575568,0.8805014947376153,-0.02765681191181522
0.32330904481886624,0.4823088016300513,0.8382491612639935,0.0031141225853833702
0.255311166649644,0.3794747238293035,0.905560088578975,-0.07849461180456156
0.29932542295065256,0.45560237759734046,0.8847209783976804,-0.11235457741150794
0.34712049931751343,0.5281290332497367,0.7978927164503608,-0.02112303025704937
0.2952375479640226,0.4606804807844891,0.8542621309753287,-0.04994531794223178
0.32034105978249483,0.47780682013027315,0.8659989516154782,0.009051197402638288
0.2930267334567291,0.4508028580069555,0.868844904647185,-0.0897750415749917
0.37123183728500275,0.5622489614508343,0.8176417812933644,0.0367428757291905
0.3269308809507691,0.47574391943730143,0.8876384340566161,0.0336372963449014
0.318892821668865,0.4950080783232818,0.833336098551684,-0.06345410540165505
0.302069291434246,0.4514759050175791,0.8991379560076255,-0.042026948479189155
0.3298872605007714,0.4975883364118604,0.8583945763276896,-0.034772501123253745
0.32976155776977606,0.49846497269787426,0.8377149284692821,-0.033123329700131994
0.3214087721156975,0.4885569840527913,0.8497384903865992,-0.04948882639476902
0.2654999955785319,0.39767300407962897,0.9019707125575064,-0.04089643803090219
0.2898460537484435,0.4406335036399454,0.8807062431920426,-0.04166701595287844
0.2890796716051732,0.4474273658570399,0.8702687978428557,-0.07512691178145152
0.3180019839577539,0.47330740211603545,0.8709585199262305,2.8903118909733738e-05
0.2967678579702458,0.44857797913695113,0.8859671308575486,-0.009927071596701358
0.33094494395641766,0.5072137663149061,0.8455541453600188,-0.038404507748847704
0.3155465689639263,0.4661188794889447,0.8563393054180806,0.02171653613182431
0.2885799312619935,0.43835732090308616,0.8648906695721664,-0.07193048778553039
0.31856286171396087,0.4952880854377514,0.837005805069432,-0.08994314485667208
0.3341708494432691,0.5031737491264878,0.8562520557484665,-0.027606754730975014
0.31194889300985945,0.4625400732782553,0.886537413057239,-0.04242953905980243
0.3513551729322235,0.5133238408041254,0.8490907563515895,0.0405737650860341
0.2853131041685342,0.44900750444207393,0.865606014959488,-0.06264862862302181
0.30777817591661116,0.45391238762971986,0.8911771143142546,0.0012788126987805474
0.34430268434928807,0.5163528026382279,0.8364424463892535,-0.04429142524987635
0.3610591520511128,0.5288176590467654,0.8224926490229219,0.054327335075689334
0.3054889176396711,0.4769927152815773,0.8511664294737212,-0.11302953297029
0.29578133789480493,0.4638998987516602,0.8659746710389917,-0.09572779283616702
0.3265601461839336,0.4970718396411214,0.8692310644210327,-0.09480953514572119
0.3516762655556755,0.5159101106753032,0.8419301404570994,0.005679720021471683
0.3340590587663319,0.5055739409287312,0.862568679745588,-0.08427281140397754
0.334451692505328,0.5275432008861423,0.8344675199332003,-0.12806031578355656
0.2769183383495653,0.4110441079322168,0.8968477800931566,-0.05859386588710249
0.31607910734109357,0.48345678477372384,0.8772469222443342,-0.028443666974282227
0.2857932504181746,0.43978010408096757,0.8685646062892647,-0.05905099630427612
0.33586930976534346,0.49967815905430074,0.8436554110098314,0.0004643772929318209
0.35028467470851804,0.5278923093988351,0.8331918035529032,-0.033386724296426515
0.33066926904905075,0.49255659454985595,0.8438466674529405,-0.018488630500510885
0.35390590679021283,0.5428853730423188,0.8293002711000874,-0.07052278947548316
0.3619520707035113,0.5162445879010941,0.8361345423633445,0.07094095878720308
0.3128016875955062,0.4901840492123867,0.8318300212914949,-0.08420772522632385
0.28833593481866626,0.43391615320638344,0.8762933553335361,-0.011891835509677259
0.33621446993500637,0.5219627555327835,0.8335254053484698,-0.024864394924127
0.2942750521696679,0.4535636973997477,0.8640771393861717,-0.07888380982758746
0.3154119538062341,0.4705187202253737,0.8776351742478622,-0.022257375364484782
0.3263637253511984,0.4915943967615815,0.8407290328169245,-0.028811830581403994
0.3196681753119984,0.46706838202570905,0.878416277180368,0.011240332502797813
0.32388652555416236,0.49389595566063443,0.8480170180412101,-0.058497152722454926
0.34427612950188746,0.5236061067290856,0.8428799052942058,-0.016025337615182964
0.3528505488853063,0.5297078726740194,0.8294787326099627,-0.03038207956022398
0.32538792430539565,0.49027801694928136,0.8680637092904087,-0.009035907496430007
0.3053849743273462,0.4753924016529057,0.8671159293932983,-0.10357626168821571
0.3358186075511375,0.5121515554960364,0.8517988081570438,-0.026229762217916775
0.35989668935183783,0.540694289596451,0.8152362968821788,-0.04620560426076157
0.3009338787773097,0.4704924453883666,0.8722476957869874,-0.07051362771952902
0.26719681465028594,0.4116792704456529,0.9036694418122972,-0.09314628464114963
0.3659770794961175,0.5504175504776729,0.8176830535431674,-0.042333753365401065
0.33349706523519396,0.4902070873713415,0.866390847243699,0.004445639628791458
0.3053690517680497,0.4784850042257692,0.854204104377827,-0.025100402746197494
0.36189070927207717,0.546120272479102,0.8200164388021719,-0.03586184296722785
0.30173266630837614,0.4637618679435587,0.859976085565653,-0.05689860334854835
0.3148347558920323,0.49247741822209457,0.8419544524961309,-0.07128648285378351
0.31965158518845216,0.4775534170535255,0.8736476429586045,0.030834968416231134
0.3433407618973887,0.5109372035876089,0.8452678031357521,-0.02810498546647637
0.3205676509828312,0.4923081841075425,0.8403747155626213,-0.058894746375694425
0.34972540039231204,0.5279727281346115,0.8346032718434349,-0.017347299108290744
0.36544152582759853,0.5467811345240651,0.8287078492908359,-0.06194531401910588
0.3600548906358904,0.5267638523840625,0.860339235008574,-0.0025412106843041168
0.30054969889403715,0.4449399459617799,0.8923551142011886,0.013925862351520376
0.2907866998397943,0.44541107687532744,0.8819632858246944,-0.06722135937294668
0.3514125989250355,0.5323609317709651,0.8395652002604956,0.0017841395243499189
0.30862010311877974,0.49147171048459604,0.8526463549569411,-0.0754007540917454
0.3152959906424771,0.4760092937723968,0.8586517874781356,-0.04072541690231231
0.3188307716849936,0.4802001644481891,0.8767995489602559,-0.0649813058799054
0.3271091628378774,0.5044900233448099,0.847799007983689,-0.06900027930726468
0.3193581533307322,0.5023423767646308,0.8468926217214314,-0.09374684508598351
0.30871589463128796,0.4739572231945489,0.8542633130149404,-0.08632142836839685
0.26182925056795253,0.4047531630384053,0.8973850189631976,-0.04346538781306105
0.2859468890427245,0.4247287462681468,0.8867874019692221,-0.005401611438332735
0.3066893134309926,0.48570041665481717,0.8614952322139598,-0.08500164804168306
0.2883866609768512,0.4508514239241593,0.8764768236018712,-0.07251565682611733
0.3609467829086364,0.5601086171658712,0.7780075675429183,-0.09430911014010139
0.2865272664909146,0.4525294599349284,0.8737068469292999,-0.09309912782816611
0.34041369460427273,0.519417798548754,0.8397032469077935,-0.10241320555689336
0.3025461550339331,0.46328256350259284,0.8746388609925755,-0.1013790877902461
0.28425178577316595,0.4608119958655007,0.8393906580910253,-0.10715618243137714
0.363521524321229,0.5487384740500978,0.8266228195700795,-0.043573646701090714
0.30998901803777856,0.46991589462079114,0.8621534306459963,-0.04027287359424075
0.3096315049279791,0.47264422590891964,0.8744062934523,-0.04084576072868353
0.33886617899482807,0.5020334917231127,0.8419345997330736,-0.018272578489246155
0.33386713273733576,0.506603806328742,0.8677186074662883,-0.0580112430165054
0.3204162851854925,0.47595903429285225,0.8781122658620176,-0.008586489072791225
0.30515176756329115,0.4617896265943735,0.8541449762035015,-0.04823758439441014
0.3063055855872277,0.4594925198623647,0.8628455036522643,-0.013363831591278144
0.28794411964460137,0.4540326781194122,0.8702306530424355,-0.07927558476156871
0.3607133702893067,0.5378423689094342,0.8319086077296675,-0.01190381884698765
0.33109148413888095,0.5008138916747258,0.8460834810287529,-0.007408900781977348
0.33107447834143744,0.4973421163216577,0.8562568786658247,-0.033476482216109785
0.3195741670136903,0.4912479808409998,0.8431328240257409,-0.09526086837935129
0.30917023038932223,0.47829222046782977,0.8573257609266571,-0.11455187541623944
0.36484331721069896,0.550393815810637,0.8205450037505116,-0.06078174793640035
0.28321336176897327,0.43749265370849094,0.8793171223940702,-0.07359038625362922
0.3340282064734621,0.500463922015172,0.8357803651023656,-0.052616701541583315
0.3094359168548355,0.4690816094836907,0.8706048794121171,-0.017106815219991897
0.3281539669991074,0.49462549353936736,0.840083897026225,-0.0030504654335169732
0.34862844738028653,0.5149098142585878,0.8371716084087308,-0.004891543240557939
0.3126600281869376,0.4667588676587589,0.8792294242464813,0.002185420460189077
0.3728516775221679,0.5680596383449813,0.8077111531569143,-0.07040019004315294
0.3826847718729867,0.5611697070871162,0.8250697926198822,0.06594542527996981
0.3286961510049311,0.48571517185115204,0.865119881836528,0.004304909419887085
0.3206489932019704,0.4870652315544712,0.8696773008803056,-0.04585116976770711
0.31897817551472213,0.476956825530998,0.8732964213309446,-0.012371239473854236
0.3283829076428095,0.48899543719378696,0.8637766331987451,-0.0015849220948080862
0.36719607438007634,0.538056056247568,0.8443219286498442,0.02840927458218752
0.318066430144982,0.4908928293003202,0.8485071514952475,-0.07954916853870297
0.3427918470497271,0.5159149310923384,0.8249315165355564,-0.004296048705963449
0.30400360620942735,0.46930739174561653,0.8585814064213679,-0.059187398375301924
0.286188882886823,0.45224662553215267,0.8618963933673509,-0.1152566045611752
0.3277672067650671,0.5050088347900302,0.8561604297834566,-0.027341430348700024
