MAE,RMSE,R2,Bias
1.0292674751444515,1.2808089596112773,-0.03643058408986333,0.24013049384774168
1.026684248971049,1.285242695651533,-0.01654387948162417,0.16396107544704933
1.0986241983634597,1.390582886371301,-0.003011770686464521,0.07619997282883201
1.0102318606328096,1.2796660814157161,-0.019606845757580205,0.177453330035636
1.0760783620133587,1.320112439933369,-0.03743596386223591,0.2507695402179265
1.0298530430497013,1.2750046842069658,-0.04736341144722789,0.271134367040837
0.9805672224641448,1.2410240075941985,-0.027177962816901546,0.20186721263116483
1.0696776503261827,1.323369350497488,-0.02838775995446463,0.21987111798996126
1.1038818868775728,1.3684304655444988,-0.015946029019074492,0.17144060508656173
1.0390105614230127,1.3089382023421146,-0.015804959567936816,0.16327160922734849
1.0537618096495291,1.2983442772958347,-0.05467519042803848,0.2956144473395027
1.0464706130691452,1.3463992049960434,-0.010510536439340523,0.13731433074633578
1.059819909782721,1.364558461936711,-0.002716681584502556,0.07102682414517397
1.0793998201994468,1.3417233872829464,-0.03453710931166487,0.24515059164100972
1.062741870169199,1.3013276499283122,-0.025377453345529766,0.20472401711357985
1.065054784184044,1.293454787286736,-0.05721703486378438,0.30090669476290316
1.036387314611177,1.2908266245982094,-0.02649986819966421,0.2074007500140979
1.0057853026194024,1.2401155569298592,-0.06725999804012672,0.3113188839223504
1.0456810038350641,1.3135016260090566,-0.015677685012523535,0.16319003163228163
1.1003329637659154,1.3799990741357955,-0.026128684613826003,0.22020980601241455
1.0225859095508902,1.2683390151888672,-0.03831983487374435,0.2436585139892532
1.0450664807840362,1.31853318270919,-0.02349898358473057,0.19978914806106376
1.0191222113258744,1.231068857181793,-0.11086274909000937,0.3889062878955637
1.0662558645236437,1.315423990865025,-0.0687680674789175,0.33367020912143025
1.0314226276828564,1.2660367565904387,-0.09405886332583324,0.37121527051136977
1.0988220268869067,1.3787549556350804,-0.017792256360862124,0.18229427470022283
1.0770338607232777,1.385622891700263,-0.003926107406476698,0.08665133611810476
1.048371711481503,1.3095792839617233,-0.05163748909495869,0.2901892531505894
1.0326094967646837,1.280818963694773,-0.027891724804332663,0.21098508249966572
1.068226650133265,1.3589738341409638,-0.0008393259140699882,0.03935448468522392
1.0653522451947766,1.3767499385419044,-0.0006103618181521053,-0.034002922596009795
1.0172393708946634,1.2606609197823575,-0.04537947970924505,0.26265825865923914
1.041757727570169,1.3189232362381769,-0.01394475644126203,0.15467418608087466
1.041423550718141,1.3150457604743298,-0.010395714290302172,0.13338969678495213
1.028400377660792,1.2994814965483361,-0.013349760231161634,0.14915133611810477
1.0297377801130394,1.3070772638355004,-0.020383384888004175,0.18473863216791153
1.0425362575168022,1.3397771276810724,-0.008979097125416224,0.12638857270941095
1.042350067670445,1.305605379561771,-0.06417800801600149,0.32062538769525734
1.0194292781774332,1.2219430737288977,-0.08466214125809524,0.3413880832705466
1.0399722862617051,1.308596406779246,-0.018665131938682133,0.1771354704554858
1.0661602405376722,1.336193020929727,-0.019168249775505686,0.18324725857799778
1.0754355038659702,1.3687064175370125,-5.859137330777031e-05,0.010476456635925124
1.0537619384506545,1.269090113550864,-0.07178008357405519,0.32842907675981603
1.0287420094496944,1.3363470047298076,-0.010319448830753863,0.1350573235130627
1.0710776290764426,1.3373000859571273,-0.006477031557835744,0.10727905637661175
1.026674786203115,1.2644661264961952,-0.03246663978255748,0.22422697443576245
1.0459660200311844,1.2837626118823529,-0.05575194872555378,0.29500800685499157
1.0473457978058407,1.3101560390145615,-0.03170285644301529,0.2296650465661829
1.0200174474154284,1.29391756625438,-0.003162805427867621,0.07265359956796869
1.0363048352180426,1.2440957606657483,-0.1353130858345284,0.42950268935101193
1.0650956666573357,1.317504528190825,-0.01317509283794549,0.15024039134451186
1.0812109845197773,1.3625791227317614,-0.006717170636675984,0.11130154242364856
1.0626593018363393,1.297337119007575,-0.03466281155451245,0.23745718627318016
1.064072693046956,1.3464485089074543,-0.0100516816265932,0.13431895796295018
1.0814237836916698,1.3170709717110247,-0.05432738102920487,0.29897220881024733
1.0082468753417455,1.2670244351259192,-0.04077613311110495,0.2507894987494311
1.044358153358991,1.2907621303280405,-0.01943506986527166,0.1782212491650674
1.1089419335528286,1.3848946626938818,-0.0204866991906556,0.1962226165533558
1.0356576867739717,1.2637748000374387,-0.051810534330043456,0.28048521188152487
1.0484194139258283,1.308247126010316,-0.042787402586545564,0.2650024340955496
1.0534063449171167,1.2852947670271682,-0.049883881363378624,0.280163932112985
1.092995038018063,1.3569908704076816,-0.022955937185473285,0.20328061971227634
1.069012598102113,1.3482445355345727,-0.01896327502323114,0.18392724882903363
1.0240656381920499,1.293139981419787,-0.009799540568174336,0.12738867271941193
1.1191091467884733,1.3902641276802947,-0.003517526096951773,0.082310170303953
1.0291887857559627,1.3128233160126164,-0.0179170304888443,0.174173912420935
1.001673291716821,1.2664416315348308,-0.0314915176447399,0.22128355681213774
1.1343679097304848,1.3966778886910605,-0.023700076723841335,0.2125126396615607
1.050812820539713,1.3493043925207842,-0.0018090330818374412,0.057337759272272075
1.0455553418663992,1.2860668327377462,-0.041632836439928544,0.2571131014729669
1.049264908794878,1.308556595179933,-0.025884318078885915,0.20785557579269798
1.0539907850932024,1.2859418049317952,-0.07326530919396101,0.33598273609686885
1.0531833590469608,1.3122483282838446,-0.03640179507012142,0.2459310421357464
1.0100559777493714,1.2640476900204582,-0.04621670471734185,0.2656758768910927
1.016898702866185,1.2968895591482124,-0.00808695961431738,0.11615733317427616
1.025054243270218,1.2700719935395832,-0.0416545449454484,0.25397892468141114
1.0616071776936746,1.2990611338765634,-0.06261260724265716,0.31533559867909994
1.0878000626311566,1.369604928061621,-0.026009794271794506,0.21806602907669426
1.0401400504674048,1.3024507945619614,-0.016414517829723918,0.16551599160244257
0.9890240095910672,1.2672562879526776,-0.006630163380505927,0.1028469933919532
1.0125497702642918,1.2896739197097393,-0.018785489621050644,0.1751256666515715
1.0259032795997776,1.289385511748438,-0.042172868674520414,0.25937581356731226
1.1349773022049285,1.40405143561915,-0.016549547120583652,0.1791479319786712
0.9849058479366072,1.2436761314046325,-0.038173088795893984,0.23847950808032026
1.073932948797711,1.353860682259806,-0.008036562815121107,0.12088460767876152
1.0746660004394264,1.3375953650772205,-0.01650983354606428,0.17046699694527714
1.0566032140945711,1.3335792868237655,-0.010749671544754591,0.13752911055501707
1.0503729216653417,1.2979801723827797,-0.061321702015967094,0.31199787505013327
1.1082036316472113,1.35702335881061,-0.03678624696177413,0.25561447917102487
1.0727600426245327,1.3773597371290194,-0.0006653503952189777,0.03551633651166092
1.044460725811577,1.2983843130378014,-0.011994518466797555,0.1413531816929953
1.0310752815525186,1.3034342991691972,-0.0374485088205021,0.2476413336166565
0.9881866715628467,1.2514408537857942,-0.010229036478838216,0.12592668441531835
1.0291435530870272,1.305419876090826,-0.0151539673712906,0.1594951335881168
1.0734717658220017,1.3483580282069667,-0.017391203309071068,0.17628934017131612
1.047289718633494,1.2581193768809504,-0.11048133408174743,0.39683564471415467
1.0123260872686548,1.2570541435780214,-0.048990438514466605,0.271658865421339
1.0698373025812167,1.33215142670833,-0.015952209815074392,0.16692730473311193
1.0619051998585072,1.319847340865258,-0.018713096034021826,0.1788836222143614
0.935281846333379,1.2116813526402619,-0.006097180749210285,0.0943263420961057
1.0632366401962134,1.3406058779754382,-0.0090157934696653,0.12672261156288758
1.065142264353925,1.3287446501644067,-0.040914651504484034,0.2634349523922625
1.0032153773177785,1.2810607878018667,-0.05529455911062908,0.2932405924668404
1.057888189003856,1.3205673413084151,-0.007821696309727288,0.11633735234073732
1.058684910342078,1.2532994038787615,-0.19682888477693994,0.5082568235784137
1.0619241538604953,1.3294741498687992,-0.038008746488397804,0.2544023767517496
0.9804819882013305,1.1827301985273555,-0.11698808899573998,0.3827650168054334
1.0910105493826294,1.3411601923161365,-0.06153144832702018,0.3228960934975908
1.037256719682978,1.2960468762696624,-0.02105427296301965,0.18610859079416872
1.0374060734690376,1.3086031197745427,-0.014561543465485771,0.1567734293768959
1.0275468854068075,1.2761714570528282,-0.010761926638995556,0.13168296701370624
1.042039775183744,1.2931538060836918,-0.03731177279858611,0.2452553393860786
1.072254219970327,1.3242813158520477,-0.03901766840122556,0.2566252834308428
1.0635365561382732,1.2899072368957922,-0.057136932513769834,0.2998826340720689
1.0315553779877709,1.2887642251831906,-0.04659657908786086,0.2719323235130628
1.0159202033684671,1.2710544828550945,-0.05372658152887211,0.287008529154555
1.0724988488535987,1.353170347075186,-0.003921298436714293,0.0845702445351301
1.1142461363254756,1.3821280495682642,-0.022086884157477282,0.20317562289660604
1.0975094859462986,1.3432716006776793,-0.04430322255445063,0.2766738940543227
1.0573546536396945,1.3166905209630542,-0.03050148412497533,0.22652695333579476
1.0524695619430149,1.3076610622052165,-0.03037526640160504,0.22452128920686712
0.9918741539268426,1.22961901298585,-0.03364199722555439,0.2218331171638564
1.0208028937465765,1.2841001242734251,-0.022985170416053302,0.19248109603852628
0.9924291985576031,1.211670168712419,-0.07736897020586953,0.3247024700332092
1.017961236326261,1.2609850217817449,-0.05992695652097213,0.2998355130907806
1.0857240313882892,1.3844480568292048,-0.0023380806990407343,0.06686506933866569
1.0373491333569154,1.3045879597064716,-0.01717475923794254,0.16951998585072509
1.0877975665044808,1.3320594857604267,-0.033391701247380334,0.23944755555869401
1.0480487839577746,1.3312666469555017,-0.023150354898347603,0.20025074868934897
1.1083664675072469,1.3895238524336644,-0.009010008954468463,0.1313048840126724
0.9524929511197501,1.1872323693194557,-0.09301970351888511,0.34634522856917166
1.0487388375937572,1.2869943220526359,-0.06400707340323697,0.31565913241844307
1.049326775486728,1.3075586727068873,-0.03972271180348863,0.2555770570075291
1.0199329835389492,1.2830985309086105,-0.029453807730823733,0.2170337624552458
0.9674967574578469,1.2386788697448792,-0.007273590117843787,0.1052590430897823
1.0435327087049964,1.2676086341006496,-0.0704307228917953,0.3251524111871215
1.0619707237928409,1.3409715791743217,-0.024766248765091703,0.20846698350251974
1.130923211163094,1.4192255448107933,-0.014262864356187732,0.16829822402094136
1.0197129432493943,1.30003257266227,-0.008783663233168593,0.12130900814918136
1.0521017432338555,1.323696130468007,-0.022449462155264444,0.196141884765871
1.0359785095905434,1.2977967335112415,-0.024647411152801002,0.20128207832013462
1.0361306054897266,1.294286990589091,-0.023813669887731814,0.19739370037149842
1.0636266109225376,1.341089765508533,-0.02596635438056838,0.2133520296934072
1.0573385214007782,1.2997749972647288,-0.03111653562557848,0.22579271312345237
1.0666338900672856,1.299118532603034,-0.06086076475112989,0.3111632415120313
1.0218542559486452,1.2719710395735477,-0.03578701570474263,0.23643117143933004
1.055493767604265,1.2893053497112463,-0.07451709116873162,0.3395291510724244
1.0229368200676494,1.2947084793286099,-0.020284813231570276,0.1825562843776234
1.0272754300497595,1.2813204373065916,-0.02770509118255271,0.210379438283904
1.0354324404051187,1.2850055573608516,-0.039774329625127613,0.2513256963856775
1.0284346960894053,1.2953989421954353,-0.022392692614542353,0.19171135156263872
1.027371316898227,1.2756308907954694,-0.04978083049207793,0.2777837122233623
1.0679875759437505,1.3276073280964058,-0.025133060864862333,0.20787497619740516
1.0129490994242654,1.2582372575018093,-0.03892481486085586,0.24354754652534455
1.0149421624381572,1.2559832828155022,-0.03244251945008059,0.22264256914977892
1.026385311983876,1.2275776987099978,-0.08341252926550036,0.3406180891862385
1.0489435588469103,1.2635750376364083,-0.12045824784323989,0.41430623544342626
1.0416987415430994,1.3132526479058058,-0.023737064096617466,0.19997125530199453
1.0734728417323085,1.3634850927389577,-0.0038702521722409067,0.0846605787718058
1.0990433189647637,1.3616831090524537,-0.014085667667628643,0.16048241336032237
1.0573589449826017,1.298861988529852,-0.02607120119250128,0.2070402477219441
1.1021957155369222,1.365525582045347,-0.014618843577790752,0.16390978793056404
1.036816966660135,1.2521156175932207,-0.06801448662754406,0.3159778014164543
1.072146677482779,1.3423005955364307,-0.01133433223713487,0.14210206101937267
1.0340352166974482,1.2937570595848167,-0.02523497241113537,0.20297495024117332
1.0485577268224044,1.2661790437184424,-0.08010211225681019,0.34481384697115447
1.0982762151588552,1.3879718968426653,-0.008506063145522713,0.12746933414308606
1.063385353098062,1.3206342255485894,-0.024453112876023697,0.20403448743493174
1.053084618885177,1.3530334339473082,-0.00427947052269495,0.08832349693619444
1.091793945931558,1.3530231087247604,-0.06135365195472864,0.3253084646986099
1.022259802454355,1.2885776933393578,-0.051157994242854166,0.28427152842579706
1.0242642824031802,1.2869621286482948,-0.016406791610371396,0.16350981190914318
1.0693088229228251,1.3288555901056607,-0.024078398250641397,0.20376283840453166
1.045894270763451,1.3024524191390583,-0.02136125049103499,0.1883586263390933
1.0378493582407522,1.2898167654358579,-0.03161911033987197,0.2258099899642586
1.0404933768611264,1.3020154423646584,-0.023542377410626925,0.1974642044228506
1.007167495992461,1.274635281301764,-0.02810255079695989,0.21073690030356446
1.0382755652782012,1.2872944028128708,-0.031406895085307696,0.2246339364162885
1.0312433675274142,1.2571078885175422,-0.051232085366326396,0.27751998585072507
1.0648846034723976,1.320152965647074,-0.028751821347015705,0.22069964151071006
1.0690276610619531,1.311527520299001,-0.01567876194658213,0.16295027788174304
1.0506518909386109,1.3050938255871314,-0.0673552423026158,0.3278483050135766
1.0736302353295908,1.3521644560883224,-0.004921810747158251,0.094629345126136
1.0512579430618927,1.3328386006971078,-0.004560981979557566,0.08980873666825287
0.9976755907065922,1.2910164023307182,-0.00024202018224217525,0.020081909434387785
0.9490989329194015,1.224711308232195,-0.01435135053846226,0.14567529565719764
1.0907829434161895,1.3245474877947163,-0.09939691868524503,0.3982692133673944
1.033680334168525,1.288891192315959,-0.020839669414518536,0.18415473905146587
0.9573056388910157,1.2270855071874058,-0.035921660430926705,0.2285017715069293
1.1173134192080236,1.4008576561458534,-0.008092687854097669,0.12551342201744645
1.0135408906798427,1.2390607026481522,-0.03441747569244846,0.2260133882630945
1.01632516921019,1.3036040212693494,-0.015731541053750187,0.16223399252444526
1.0926583685732578,1.357959098346535,-0.02493708182699983,0.21181704322373182
1.0497660421901562,1.3133336237854087,-0.04672976939166307,0.27749463699431354
1.0849208536986186,1.36270923161238,-0.03724962874513027,0.25823941446933624
1.0288096345795974,1.300078516705126,-0.014702810892339713,0.15649495291264864
1.0339243044961346,1.2760530524223745,-0.03383388707423407,0.23084437511784558
1.0629573037019364,1.3278220991624627,-0.015515822254225098,0.16412847835011027
1.017555745074001,1.2545020326619365,-0.03381092046617229,0.22687116891423692
1.0237118480705387,1.2770849122247079,-0.06825951719092149,0.3228219041159461
1.017603232133271,1.2603221201973533,-0.03630775383864626,0.23590485346282444
1.0211301276436888,1.2887157856984377,-0.007733588631939403,0.11289502778296256
1.0151173848655553,1.285610563504546,-0.00951271390488495,0.12479746210581326
1.1181395937317777,1.3857656479603484,-0.012035209172643224,0.15111890625171898
1.039185315762696,1.272872821534296,-0.05804539514488072,0.29813759844071336
1.0334302850486647,1.3317270038097127,-0.01410757597047696,0.15707222342207092
1.060107682562664,1.345208962809578,-0.004278625524005264,0.08780409708832466
1.0447511166157333,1.3099341333315444,-0.017631458891179896,0.17242424029781087
1.0710194340867318,1.358684114243568,-0.009731191264508388,0.13338242712658427
1.1129067314114867,1.3773589740786676,-0.03133250187606307,0.24007411020048977
1.0169815567692064,1.280201201128662,-0.020376787035052413,0.18091134337212741
1.0496251644473524,1.315731330333912,-0.009375025127078995,0.126802308179559
1.0421988837438598,1.3052185201359754,-0.023319379726145284,0.19703170942127218
1.0792358744905,1.3343974877412803,-0.015468462309386144,0.16469316185205465
1.0124552886159994,1.2509780807886621,-0.03440368592658016,0.22814300503337728
1.0664664441184184,1.32791654431929,-0.029785753889574496,0.2258404031383555
1.0469649805447472,1.3206505509373425,-0.03613368788857518,0.2466244696022676
1.0232677509588288,1.263319315187734,-0.05350575719263806,0.2847048967321445
1.0276733837377285,1.2988774491717114,-0.022743790415097553,0.19369400243937582
1.0619683594277949,1.3511565745067986,-0.01139139629365804,0.14339517282097602
1.00516540451585,1.228034278431302,-0.04689727753183792,0.25991555443984204
1.0881600641450624,1.3858400011431677,-0.010453677689004515,0.14095790653842272
1.013512715397443,1.228231384214878,-0.07412205728745258,0.32264660922734845
1.0534267373788018,1.2922330994437738,-0.0277437236877629,0.2123150691703093
1.122554981466125,1.400996161220002,-0.02905284563475674,0.23540324466841012
1.0345463511917021,1.2837022404910012,-0.06895022048271571,0.3260268652294707
1.039234405675689,1.31848355502154,-0.016341886780432135,0.16718830842068697
0.9888901794529298,1.2532969496160236,-0.01628695948349157,0.1586594024043207
1.0689478656920408,1.2988854666096956,-0.07761686219079555,0.3485914324763886
1.0787185866096578,1.3162352653025542,-0.044565610383211496,0.2718726936949734
1.034762411139384,1.3179749216020555,-0.00012811657963340828,0.01491701739061376
1.055460022593197,1.3214715630603104,-0.013703187182634968,0.15364315300615028
1.0412406862204122,1.2701843233327137,-0.0724854458744133,0.3302147375765838
1.0225460128032602,1.2901078453684924,-0.011167750643266805,0.13558051066996304
1.0226365773287267,1.2982453126821911,-0.006988738128000049,0.10815431230858091
1.059801163745404,1.332688019375078,-0.011846123761734217,0.1441980509049369
1.0076964012965561,1.230638440801769,-0.035813275129866984,0.2288293674105507
1.0878763789520662,1.3662362584735377,-0.010780756138807801,0.14109835013876676
1.0171330111147947,1.265499810134967,-0.044330472231359996,0.260731971174818
1.0583738726230874,1.3097037809804044,-0.07078061610270936,0.336728596517167
1.0543783898644576,1.362449376932541,-0.010484118406752785,0.13877830765425725
1.096702227733356,1.3938704350600823,-0.008789136944584497,0.13010540043613966
1.0609041638142935,1.3204221127119122,-0.03485177671137496,0.24231827871556305
0.9542054336971867,1.2110815832059567,-0.0415892820467052,0.2420002754726076
1.0527064809761078,1.344333522481276,-0.009185331664761653,0.12825342887828572
1.031246315293008,1.2837856606364197,-0.03648956873052067,0.24087649208958423
1.0548844292144097,1.322808224164508,-0.0071901149267514786,0.11176583706095741
0.9862244369034701,1.2426702235592952,-0.020047536929103993,0.174211250181421
1.028143250414358,1.2858165113754725,-0.016212167016058654,0.1624079698959303
1.0834422457910473,1.3455775781446355,-0.025970106662608794,0.21408106413130468
1.041342412451362,1.290900957925952,-0.06119048787987924,0.30998323536716604
1.0160212239122743,1.2346906897697745,-0.08930171133591269,0.3535199858507251
1.0684605274535235,1.3381260247788576,-0.021102502936851897,0.19236645049718973
1.024812095848613,1.3249692973015728,-0.014122286529634431,0.15635549925818093
0.992857392123676,1.2732265975799826,-0.014970914605698438,0.15463331646629783
1.0325252521609936,1.2833814314521812,-0.05739761537949617,0.29900848530307994
1.0147874413987494,1.2607667255421087,-0.03240158935402637,0.22335391170141067
1.0840513676215684,1.3369655239726919,-0.0634229916162532,0.32650553449801123
1.1106143649456994,1.4007815461199797,-0.01318211299777805,0.15977880538939535
1.0375939326716288,1.28195217152416,-0.026988140795876747,0.2078143779847139
1.0382626337657108,1.2895262601197262,-0.031345951192279786,0.22481160859016225
1.0604865089581685,1.3209882137231974,-0.02224763507581673,0.19487799897162478
1.023875979102812,1.2505509756580315,-0.06603697214007087,0.31124962864740696
1.038313052706049,1.2734393304509755,-0.05901393727697091,0.3006108949416341
1.0796729952553368,1.3456338280393338,-0.03678050435449598,0.253450017427923
1.036206908628606,1.2978220655425394,-0.019005871517908224,0.17724365821796179
1.0228981378543633,1.2317992377312719,-0.06801917731365648,0.31086089494163416
1.104776369600165,1.415064882604081,-0.0008634802702540689,0.04156378993672739
1.0565055024606198,1.3203626942190525,-0.02003168669229538,0.1850312885015626
1.0257536735276307,1.292505053475887,-0.00770618243165444,0.1130277106840313
0.9851023170222244,1.231758080043904,-0.062194969278748236,0.29805809991057824
1.0665142935476046,1.350085258394983,-0.011684842318818944,0.14509418310784913
1.0512289381481414,1.3019674471339573,-0.01969047580168981,0.1809231121362043
1.0341117230922892,1.2819355418470695,-0.02533373875406042,0.2015037850616711
1.063857638301472,1.309956120767681,-0.010065945470723703,0.1307703152314892
1.0233384796736942,1.2755797337576567,-0.03646039786616284,0.23924449637148226
1.080905251859018,1.3508120755031692,-0.04596989661962558,0.28318621254598986
1.1082638332570383,1.396041639168472,-0.007434088503305958,0.11992339494163418
1.0662705776713557,1.3312189130841376,-0.020808571295413136,0.19006338362941697
1.0323752935815194,1.2624104270012024,-0.055443774177283744,0.28934062467136384
1.0994792704542355,1.3516824364105637,-0.030305592622411393,0.23182113752923525
1.0976261727741006,1.3541175955028935,-0.03710865708000699,0.25614263367208495
0.9727178048110164,1.214482636989495,-0.06118397658218355,0.29161832988587205
1.0786207615341856,1.3529115243647885,-0.03144364072913208,0.23621803779877695
0.9779376720562816,1.2337607573649794,-0.03225046066720494,0.21807524594711866
1.0444577023206336,1.315520040422555,-1.5039879452949378e-07,0.0005101755171737343
1.0368713599417947,1.314102359559491,-0.015446817449740191,0.1620765228059788
1.1097624925038005,1.3902149090034612,-0.004346618117380574,0.09145677307783491
1.0755109226840425,1.3456944870830798,-0.002497046622365273,0.0671611691646689
1.0852765873513959,1.340183958832244,-0.03615642793273355,0.2503482221305742
1.043525917176209,1.3191795392149843,-0.03693986005046823,0.24898589494163414
0.996815651224914,1.2433476290900882,-0.028556727124816383,0.2071727647858138
1.041028176327901,1.319839908793654,-0.013901897216789472,0.15454690956686268
1.0904111884460845,1.3581441099421674,-0.0224383269976427,0.20119747699059154
1.0073092690383547,1.2507250865032806,-0.01903730596651121,0.17095018065591985
0.9892734822431095,1.2643141703628173,-0.02183570121168077,0.18481960637539094
1.0484453795124127,1.3145344920133175,-0.00233114580738647,0.06339442870666652
1.0538755146285141,1.3260052175390904,-0.025533258227367295,0.2092297697147739
1.0626573790994995,1.3570419137327026,-0.0034690341345191555,0.07978946637020558
1.0418836810107643,1.2649803456572075,-0.0449525936013504,0.2623692058131526
1.045478438981569,1.2961334735038137,-0.03771722729392146,0.24710418052802627
1.045441811746263,1.3078240302585442,-0.03614962951432532,0.24428117497776783
0.9968292039217226,1.2480363873393079,-0.020835542154682862,0.1783001708353097
1.0558741397517948,1.280156809229199,-0.050944046310735125,0.28185133210010405
1.0494200198229942,1.3306706922591736,-0.03340957774983644,0.23925985983812378
0.9981365956126994,1.227031066421924,-0.07112407549112043,0.31618698189815586
0.9970904994393651,1.2272224295375331,-0.07684801171561273,0.3278403439027904
1.0742565119795766,1.3438857719400619,-0.00013953807894906411,0.015873709480310767
1.014734411565144,1.2458962279314472,-0.03952417537651298,0.24293829707686554
1.0435552431089166,1.3386283393396983,-0.005806797268417929,0.10171173527776861
1.048283481033271,1.2902557134844006,-0.036885982433389364,0.24335538833370465
1.1178196773925992,1.3913799868588546,-0.014556837311827886,0.16666372163301507
1.0575475041284828,1.3502663894380098,-0.006124495838467192,0.10534859985966695
1.0696959764281282,1.3090751537343748,-0.0658687408586014,0.3254261123329385
0.9931694691495275,1.2368842531020148,-0.06758891173447967,0.311218037798777
1.012814033158518,1.2578406089441048,-0.04826450308406338,0.26990075001409797
1.0320914125922633,1.3241666754548957,-0.0031118020487501674,0.07375202771786443
1.0301228259340864,1.2649221106096282,-0.05726048165157027,0.29437456500650905
1.0689987217126242,1.3261859476270104,-0.029507556457343487,0.2245206422340529
1.0492347600518805,1.316105874572392,-0.0337249362935772,0.23771900304974225
1.024594329780635,1.2545728162475884,-0.059670869083797484,0.29770872102859064
1.061535698046144,1.3128424305412405,-0.052979888087828275,0.29448154614591604
1.0544870439293972,1.3176017950071666,-0.05283781819033262,0.2951724891445327
1.0637086575875485,1.3284346492082655,-0.02845062282602151,0.2209501806559199
1.083953971980148,1.3785427906232175,-0.012201793566478436,0.15135561486817226
1.0191462151019137,1.2682574119895687,-0.04530839623871041,0.2640429247367924
1.0811510435090201,1.364173967934991,-0.03089397124537374,0.23615634948708875
1.1113612776252442,1.3783590137449377,-0.007545382120346167,0.11928083249738794
0.9963319899944411,1.2809486180465406,-0.006679667285636626,0.10434303779877703
1.0720361250305108,1.3466803122628201,-0.021271237389721698,0.19435259235860836
1.0652070594774874,1.3217663557764923,-0.04760213193341922,0.28175375208449127
1.0123648158963137,1.2482963221725971,-0.019153849493014574,0.1711298822834063
1.0314413347949583,1.3096255297131338,-0.02039814217350555,0.1851644502971697
0.9927545714623807,1.2569945171331391,-0.00478356830582749,0.0867307518289329
1.055076496101976,1.314337846049495,-0.01946208752604006,0.1816001422534621
1.012659786234975,1.2949979136090475,-0.003720630056955443,0.07884440652808693
1.0279250121034982,1.2538566869305394,-0.04618069021817828,0.26343577973426086
1.0601138385430982,1.3217536529407383,-0.01688822708586124,0.17033580200483117
1.0638524238372071,1.351780090062846,-0.0053149703773271995,0.09828910825065879
1.0381341980112406,1.3089775831149726,-0.03551368128312271,0.24241089494163418
1.0545375527097502,1.3424891819913314,-0.011933874934541455,0.14578923889067874
1.0636876061939735,1.3237797508325815,-0.027663715353230423,0.21719282585394592
1.0581031735838968,1.317802576427638,-0.017239806025556303,0.17155558718070643
1.0898913455730521,1.3756864013094137,-0.003043954731369647,0.07578418014019012
1.0210847830259462,1.2972856864527487,-0.03189801537787096,0.22808623126450409
1.05326069349619,1.3146013233389946,-0.0130120534032383,0.14899087722684232
1.0467546150702698,1.2853796353677456,-0.04931360763600767,0.2786519908320451
1.0394549942539566,1.3381312616342909,-0.0076458878974325906,0.1165624618932011
1.055117416932924,1.318435962746782,-0.031568346941952985,0.23064070523973715
1.0765611285823427,1.345569385576857,-0.01457957176385638,0.1613003926585291
1.0708400622857122,1.316092314159935,-0.04211034481810172,0.2645598271607614
1.0691064001073394,1.3579522750430828,-0.0013846175394809368,0.05049506823960055
1.0208095756491373,1.2890413605149094,-0.009359194477260635,0.1241261303986979
1.080180704860748,1.3359887090922624,-0.02861422150576498,0.22282683562745437
1.127034911868601,1.4005055720206327,-0.013430199254347075,0.1612237981674406
1.0470136012127225,1.2809746089554963,-0.023065382779394517,0.19233979978903093
1.0865431237339844,1.3498673416716103,-0.028553236005653515,0.22490824169369272
1.0708936658799515,1.3062684238144953,-0.07058124112671238,0.3354032446684101
1.0310124178504274,1.254388684974303,-0.06624836266250211,0.31267309589857195
1.0266102289059487,1.244717738993745,-0.0888470914940509,0.35555684088758005
1.1046325393518681,1.4076648238629328,-0.002436076171688395,0.06939310909771401
1.0520344232743384,1.2918542081292224,-0.05567145809283014,0.2966643854221418
1.0780911047448012,1.3496999193108807,-0.020999721937467797,0.19356693889767812
1.0573342964298644,1.26292298494384,-0.11587605682958735,0.4069731352307038
1.0079406979683232,1.2669249765302744,-0.08355185208324234,0.35180668634145107
1.1103737242963125,1.379982000978723,-0.007023850177320989,0.11525006085278555
1.0331149437375118,1.305633481948321,-0.026549542747126287,0.20997125530199454
1.1043715337077662,1.4144946186295817,-0.004772363652450151,0.09748419810905495
1.0146832469651599,1.2590644211264428,-0.024209571557071596,0.1935740285821872
1.043581839920935,1.3021711980348587,-0.01833838281960376,0.17474410986170522
1.0136390653185063,1.2854658028866708,-0.017394738086590422,0.1680833638581528
1.0345663315346287,1.2423534806269514,-0.05080286389188382,0.27316726524410895
1.0031108860579572,1.233082394500885,-0.0643598183475047,0.3032182008777072
1.049416166981857,1.3114708847291467,-0.03265067407038913,0.23319971369726988
1.0156914660191334,1.292038209914669,-0.0168927339908449,0.16652818817471685
1.0131647211413748,1.2426895939042177,-0.07298311317916562,0.3240987906585801
1.0424052855228554,1.2859116304459863,-0.042409236804282324,0.25937148426023454
1.0588373074949131,1.2824643648559997,-0.05916990875808481,0.30311884629804203
1.0359354807076038,1.2935297339919252,-0.018525843593955704,0.174453379190059
1.0409961658569202,1.294200250158865,-0.04759029774923307,0.2758448985979413
1.00353822405907,1.2584531999464348,-0.029767187561034802,0.21396190042609486
1.081456419192147,1.3514177510667333,-0.02565878828400292,0.21375005640461361
1.0971247433620572,1.3699105032560646,-0.010633729099695621,0.14051998585072503
1.0065652570516386,1.2733466637994788,-0.031202373541295847,0.22149734182808106
0.9818499422908129,1.241059530910438,-0.04156587465647443,0.2479235059540676
1.0494335856536232,1.3234215452244897,-0.016998428141828725,0.17109701848684455
0.9875935348697993,1.2256583521914388,-0.032759466168329254,0.21829221362295284
1.0487002907752605,1.2835642428597762,-0.048764364815892636,0.2767769599235836
1.0544416974532584,1.3311155973947297,-0.004793455758488996,0.09193941479722982
1.0311520188349406,1.2797252352177946,-0.017134256498721134,0.16609640218801097
1.042329374080594,1.2745940786627714,-0.048148907910904315,0.2731829710975725
1.0373074072490414,1.2674330351220398,-0.05976513515444304,0.30098452131526054
1.054656800794586,1.3297832872229756,-0.010380881515033025,0.1347893029928693
1.052817349297717,1.3280823148544854,-0.026628360939821016,0.2138900501298803
1.0291566070588396,1.28506651908688,-0.011479443259604816,0.13690127446502337
1.0508032567705339,1.3524348331474507,-0.007798217444787481,0.1189671959389143
1.0413241234533868,1.2921326475681665,-0.04729537686332441,0.27458818831129805
1.026868387551515,1.2649928082907511,-0.03695239321467869,0.23879758625401865
0.9644980973907072,1.2143691546186897,-0.054848106593431645,0.27690868905928123
1.0872597889718514,1.3640649216052423,-0.03206142435402137,0.24042170575244495
0.9937154673760067,1.2382467883272548,-0.0740787354577146,0.32518906330426134
1.0841581457057567,1.3177667673410962,-0.031574613100677995,0.23054581703146
1.0654913770660213,1.3020958839472043,-0.0846290743406184,0.36371577740094696
1.0351694375663247,1.2955066870667724,-0.01584402904118698,0.16179271312345234
1.0588181859872792,1.3810706984985568,-0.0003885356528416928,0.027217422593492732
1.0229800561846767,1.2911528889360566,-0.025847070911024783,0.20494721781158934
1.0533688674038937,1.2733737840673578,-0.039513661406735956,0.24826439583930024
1.040250138966092,1.2905921191990701,-0.08556280614598122,0.3623297889508508
1.0110849615776187,1.251725798347375,-0.04332549008425812,0.2550768447624227
1.0457151736601384,1.316013742427485,-0.029617909160244427,0.22320276936453354
1.0655616756784072,1.305524549550163,-0.033691966276582885,0.2356962381698345
1.039445221574678,1.3150355828202542,-0.014296286950549408,0.15612293776054587
1.0006343349635713,1.2740151343375885,-0.024218744519666657,0.1959088432021159
0.9793844971446098,1.2692005267007769,-0.013804928414878903,0.1481051376342825
1.0872747124044435,1.3630130886782812,-0.004553672006139431,0.09176864652821622
1.0332350493316926,1.2964263824442703,-0.03596882464521256,0.24156701925607657
1.0649996116011216,1.327506750970927,-0.05011109165219518,0.2899920201684944
1.060306223936068,1.333875775609408,-0.006347254469094787,0.10593376489679111
1.0317492717569263,1.2945517543109313,-0.035888881263038463,0.24095880022396565
1.1108116625878128,1.4199066592015104,-0.008676677096140839,0.13169234290543505
1.0543227635262427,1.3362088704434376,-0.006956139224121305,0.11105885874253914
1.0918065541962754,1.3491708599360566,-0.04663981051910304,0.28480441429356934
0.9476484670364544,1.1781255330737737,-0.07827876671800027,0.3174300438778043
1.0429528349855572,1.328216481882997,-0.0039267178258026725,0.08306779948287604
1.0484710010864395,1.3159916627026298,-0.024167187652288424,0.2021532678229901
1.078658778686572,1.3582591228680834,-0.005904581101208173,0.10406358510861004
1.0568581087029245,1.35126175272211,-0.01340358172558842,0.1554027501452541
1.0905231145261207,1.3585388775484248,-0.009585067077643172,0.13237262779361972
1.0661453837990802,1.307628799302509,-0.028851674626591883,0.21897453130527053
1.0060714048058503,1.2691018432845718,-0.008220763753455484,0.11459739359149915
1.0651468244291535,1.346993884077432,-0.016300743276736585,0.17059182137215184
1.0796552887707864,1.3284686870163958,-0.06443228229796172,0.32684666729935774
1.0665978924629933,1.3085278054248568,-0.03362134876386946,0.23599879529750603
1.028644724867611,1.2889163908968735,-0.011691812262343504,0.13856117118472808
1.036851917832865,1.3324134060064103,-0.0021785179552680223,0.06212222767055527
1.0637094915088474,1.3354917560984538,-0.011461017742410595,0.14216026657538638
1.0639261786100789,1.3281676433162641,-0.03153921253825254,0.2322391577679168
1.0527579962313096,1.3160132742636865,-0.02212878236139959,0.19363605217433857
1.0167047730919692,1.2635720742302747,-0.0552930215887073,0.28923353645106814
0.9847822897819754,1.225731674941208,-0.04961240107275011,0.26648701702421945
1.0491592982989169,1.3054497272213144,-0.033142965364356014,0.23381675119717985
1.0725754814559425,1.3241281555180746,-0.037989614662492954,0.25331794738286384
1.015013936780094,1.2879946122867199,-0.014286868757256155,0.15286292746195937
1.0425208119774836,1.2884405340991394,-0.026171594733861214,0.20576403988238162
1.0484228643242104,1.318128631061419,-0.0043899892371108695,0.08714416912087108
1.0774838459777805,1.3503699127782438,-0.01391729699225297,0.15820818000950745
1.0285809151865837,1.3200804913692137,-0.0113327421410363,0.13974004623314706
1.041518278157724,1.3021815432449306,-0.03270877761665458,0.23174734018400397
1.047755135614557,1.3095725785600822,-0.049681965720876686,0.28490501258869294
1.0326667915132095,1.2686206169252925,-0.04105476431699295,0.25192818549421886
1.0371472529323222,1.3045166648431898,-0.038346642508408246,0.250692950847856
1.0163791337998827,1.2495446611532444,-0.050099841563513214,0.27293212906141634
1.0549526531455526,1.327062013723499,-0.008812952584297262,0.12403567370269608
1.1228185374918564,1.4163336196450749,-0.006037540754295634,0.109720684511625
1.1043447748749307,1.3674571314385495,-0.015691662841669007,0.16996803779877703
1.035526204891205,1.3102461786964228,-0.031135640421422472,0.22767948699939589
0.9825661910938175,1.2015008718642686,-0.08690561271063313,0.3397442282749674
1.0057227742583243,1.281240073190025,-0.023912639409164438,0.19580005931261674
1.0299612665210327,1.274619478996683,-0.025436141847606786,0.2007482925758471
0.9856178328586275,1.2523685269492881,-0.03551333072060037,0.23192630059341177
1.0528575875486381,1.350569355238509,-0.003522016439421405,0.08001089494163416
1.0205906479259024,1.2302737601810285,-0.15126300199933618,0.44594453380506216
1.0446687777685792,1.3250725014295623,-0.00716415363423728,0.11175628501255615
1.0146755229698636,1.2265123168178882,-0.0964702006064646,0.3638061933141477
1.0204788605083082,1.2918864478924168,-0.030051871257066765,0.22066352652058158
1.0420078887052928,1.283840861433491,-0.063072565843868,0.31271591777268437
1.045288934623919,1.2977248694250654,-0.0240390143036473,0.19883036234291973
1.0288186549267058,1.2882371324695596,-0.038005899602832294,0.24650254680664305
1.0718943121995879,1.3171660787226687,-0.08961225732054867,0.3777358949416341
1.058973582183121,1.3238204189512721,-0.02811551306413329,0.21891782563470347
1.078544357254752,1.3504836970876708,-0.02351838688051,0.20471293575796068
1.0293189961649356,1.309035724972604,-0.00565616679019465,0.09817204602077087
1.0637945983905526,1.3260701556865524,-0.01703451152294755,0.1716182614241388
1.0914597783792928,1.3452812989251517,-0.03110855820168057,0.23366886595612696
1.1357971352537666,1.416191536019923,-0.01964405552140125,0.19656820647660236
1.0361408804592487,1.2886833820029235,-0.04080770270521272,0.25517143305822604
1.06814197884664,1.2599894011656647,-0.10809115637639644,0.39352672293797447
1.0551644195095464,1.3308207003945558,-0.03075796742116621,0.22988996470907602
1.118389118942578,1.3876604671549888,-0.01845763100114417,0.18680982446884203
1.0164280304867357,1.2872650176395766,-0.024917594368104812,0.20071348362811545
1.0007035704671707,1.2246799244035214,-0.08655643268116253,0.3456576155166566
1.0608581869329972,1.2947789595388994,-0.04827585204047313,0.27785794307969053
1.0478909733941961,1.303809811083947,-0.015958399095563625,0.16340710774596237
1.039971288657273,1.26447083955472,-0.062199487452704094,0.3059843240260148
1.0371311829786027,1.2893928094808607,-0.022294396887757584,0.19041235213653396
1.1161615633440676,1.3723667692241686,-0.010766778882179695,0.14164055203153222
1.0483510529759854,1.3219365450928056,-0.01814269261966661,0.17646442116224897
1.0287718480054016,1.2884883136901182,-0.02920599082529063,0.21705275540675043
1.110281462126161,1.3548753417374375,-0.026793409289971315,0.21886271975915245
0.9993852279917911,1.2712005803389383,-0.018645115973063398,0.17198286259662068
1.0352704509455994,1.2838300678014016,-0.04598770793145146,0.2691938505173368
1.0011995098107094,1.243150409108205,-0.05792572515644445,0.2908920337316698
1.1038776647828752,1.3827802937808562,-0.029741657373677732,0.2350020353751874
0.9982395368700768,1.2191885096755806,-0.127790662657288,0.41039888743694375
1.0207953423543759,1.2900961912381967,-0.01228976103639079,0.14214820837446998
1.0467796250442163,1.3040150953680893,-0.036302270415211835,0.24406544039617958
0.9987957624471014,1.2498346657762163,-0.033824423371977774,0.2260707489562327
1.0050029345912224,1.270180870265359,-0.022300353917360294,0.1875997217572766
1.0571910688449058,1.2953868103443398,-0.025439772831539198,0.20403327761311427
1.0564931906614785,1.3243370587472914,-0.02251837259138667,0.19653118479670664
1.0233341326154328,1.2439453968373437,-0.099420583469231,0.3740740135223998
1.0048207753174045,1.270127455320447,-0.03184683669694177,0.223137640181888
1.0596525796882892,1.294742438568754,-0.041173343556718534,0.25747195527070177
1.073249027237354,1.3307305652493464,-0.03233677211089758,0.23551998585072512
1.0411000997345097,1.269757858747692,-0.0800277337207842,0.3456397758080601
1.063530293068325,1.3315315254614861,-0.03084070044246623,0.23031264932759907
1.1246859775414433,1.4175040469282114,-0.015676689726976667,0.17610583514402603
1.0886730556316995,1.376685917160187,-0.03279266832203631,0.24531080345032588
1.0719275111687563,1.3140379967245261,-0.01836511865429169,0.176462746793486
1.0665758754863812,1.3105113236302002,-0.01990869666133177,0.18309713347374423
0.9914101277309538,1.2615512037068601,-0.015863990920970128,0.15764976419958468
1.0699408361679712,1.3307896342267254,-0.02407178754457706,0.20403204352868978
1.0780948858946735,1.3677446464391265,-0.01531393044975915,0.16797636785256162
1.0416749124073454,1.2955497938842704,-0.007463788998580911,0.11151134743032196
1.0866910079420073,1.3469901881796438,-0.027693767956109117,0.22111774425670266
1.0362993514915695,1.2880701958007668,-0.019739632042960364,0.17921089494163414
1.015533759762618,1.193894998496281,-0.26293685991715665,0.5447547798337206
1.070260034287836,1.3140616956855964,-0.045430922728179945,0.2739326910127286
1.0215093823946144,1.290623775044264,-0.030482949659532244,0.22197688385106112
1.0479349410667225,1.278974233289731,-0.07993913331764824,0.34797005629076816
1.0299825513426741,1.295993615613745,-0.014391073623982953,0.1543642581703337
1.0770059371152605,1.369210019234001,-0.007806783223714753,0.12050844707218719
0.9690472280726806,1.1835945718115528,-0.05441422828809128,0.2688769499875058
1.0333244739285434,1.3146468994155305,-0.007250931181196352,0.11154167818389282
1.0085745887906092,1.2553501689097613,-0.03382321596026849,0.22706447584349088
1.069330047557285,1.3228309674143681,-0.04307244239013097,0.2688108949416342
1.0648187369587103,1.3113647547154719,-0.04342227850207192,0.26751599789597613
1.0574954475760756,1.3581537340201928,-0.0019248871920727328,0.05952974074866754
1.0219065461607615,1.2423669859116193,-0.05641126900098459,0.2870888490862549
1.074361150205591,1.356799222715307,-0.01400441310459688,0.15945132047354904
1.0806273701158842,1.3274016050188617,-0.03746316306888864,0.25224247388900256
1.003806075622481,1.2723876190565588,-0.011065035165460868,0.1331086527891678
1.0370060881829715,1.2565102912021406,-0.06360069590357553,0.3072611681656779
1.1248378728923474,1.3861218785217597,-0.024819646498521974,0.2157125898568884
1.0265452460231939,1.2581066443763775,-0.03660938262754909,0.23643191007965733
1.0438066566139073,1.299720572710353,-0.0487876383057011,0.2803245354113722
1.0839737786040597,1.3698273118136781,-0.017673056966910128,0.1805167563981173
1.082724640304045,1.3489492847243294,-0.028655386971615293,0.22514577866256438
1.080014674619213,1.3308425493134393,-0.03747695962034503,0.2529412279749375
1.078616287801215,1.3314859507373291,-0.01711015496146384,0.17269492079574314
1.0747778347278067,1.3547080042819803,-0.006716102685433212,0.11064985598059521
1.0642552059215846,1.3323335743838762,-0.02957450750390933,0.22580982922227358
1.0269826671383093,1.2787918953895627,-0.019200522071479487,0.17551998585072506
1.030826943702989,1.311292547462195,-0.002412531528541928,0.06432989583369485
1.0564543194856681,1.3636745298356592,-0.006985894979242735,0.11358214381854344
1.0522898137854364,1.3196587619999143,-0.03139405382702343,0.23023589494163416
1.0258245952565233,1.3000694777686908,-0.01686190571455426,0.1674128931251037
1.0126402027630028,1.2826648705225576,-0.023551181760994133,0.19456502338200116
1.0555194884649404,1.299367211842159,-0.04088385156764085,0.25751745379158925
1.0914771906966916,1.3382288830636213,-0.06576024221645738,0.33241632480588756
1.0162847996861941,1.2653264149784986,-0.03815974971274794,0.24259019287142708
1.0780162814466818,1.3339372959634561,-0.014704294825895303,0.16057863687711804
1.1015390129019045,1.3570353720078658,-0.019986864481150723,0.1899617721346166
1.0627177030454615,1.3001378990982901,-0.04510576827329671,0.27010046883102673
1.1100213558548908,1.3919039427609385,-0.0076502104878262145,0.12128052193985794
1.0183668010005558,1.284198558615773,-0.01928998150223915,0.1766644663702056
0.9831070230502075,1.2820244205692433,-0.009144162207384898,0.12203703639194749
1.0573541549623033,1.2861658323011582,-0.059975113636173694,0.3059388806813846
0.9995093892742344,1.242112915672883,-0.036218192056975074,0.2322195905938081
1.110715953307393,1.4122361282928497,-0.0010523452905859543,0.04578867271941194
1.0158609685701516,1.272838049798366,-0.025758812849910218,0.20170350402444803
1.0586999900229472,1.3312228336120064,-0.014975022027372997,0.16169880702954625
1.0183445020896384,1.2992091916972794,-0.00300324132342622,0.07109237642311565
0.9960111510966638,1.2048217275318638,-0.07172533540625037,0.31168602910979165
1.0538303416740038,1.3290826593794203,-0.011121789383808478,0.13939191683944435
1.0743980326070734,1.3418071262156495,-0.030679857183073755,0.23150206354109892
1.0221270726923761,1.275711389069842,-0.016820194957476442,0.1640763037466656
1.0776758747952533,1.3474512530222014,-0.02412383336019519,0.20680450062547073
0.9988890210788568,1.2660900770969488,-0.01696987386791826,0.16354974386249746
1.0423817138389924,1.274029980407742,-0.053875465659475985,0.28805838352610913
1.055866212013444,1.2904993854079718,-0.046430069889860315,0.27183311716385633
1.02267165943485,1.2623793563103265,-0.05177352152832393,0.28008033692569084
1.0729254274800983,1.3542544954057472,-0.01488612197285688,0.16401456466640477
1.0587754677830492,1.3282044781111233,-0.028530583855253644,0.22121351912157788
0.9922626891482922,1.2300464720788602,-0.05755105516942782,0.2869442282749675
1.023839658033834,1.2859329164577316,-0.009097912796290464,0.12210193436815746
1.023759792477302,1.2740688707170087,-0.03132805727858612,0.22205533938607858
1.0327144080243347,1.287887389467436,-0.032818431893528066,0.22957511676632109
1.0489198853935384,1.2859221597361277,-0.061648603899778776,0.3098745484256266
1.0473502791405853,1.3099916086404704,-0.02326518859713378,0.19752756160830084
1.0288123532092404,1.3212481871881623,-0.009621355113794916,0.12898026431100354
0.9827280587980977,1.2299197245794895,-0.08345410877748627,0.34134643213171684
1.0363616747306261,1.2934517079485495,-0.01995067163804065,0.18090034489654847
1.0432905763398792,1.3203999496477772,-0.011748797036829073,0.14228720597237557
1.0662118942977914,1.3533318490705906,-0.0004181600970258881,0.0276684488984687
1.1452096688408027,1.4384162038133792,-0.013957848332027956,0.16876557120062696
1.0250450402430575,1.3039457450383443,-0.039557256344174174,0.25435975338912276
1.0307934677725565,1.2767021679235653,-0.056946049404025256,0.29634321365246674
1.0354398469472155,1.2631257635537052,-0.0576105776777871,0.29480497996936056
1.007771391853782,1.2541563888302676,-0.027761888713808247,0.20612465640952404
1.1510767165019526,1.421163897888904,-0.020973767296617707,0.2036925275946954
1.0819992418173494,1.3768503103318064,-2.428872658555292e-10,-2.145799954229784e-05
1.0577175542176145,1.3147009470510123,-0.061803255641299515,0.3171835284936491
1.0061374374652585,1.2608549574257597,-0.02570761593693649,0.19961089494163414
1.0457072227851845,1.2677891453410781,-0.04136309407045924,0.2526692823373709
0.9866816448181783,1.2172744716613222,-0.0573709655414798,0.2835442882809681
1.0080973009584755,1.273844918095163,-0.016746351925624126,0.16348215514109019
1.0565836575875487,1.2913433210023604,-0.05188238927378319,0.28679271312345234
1.026409005204545,1.3164687435538964,-0.009532279057206994,0.12792305465125303
1.0575958351347456,1.3606107880175575,-0.007274728054121882,0.11562941346015267
1.0974324045554458,1.3875271161998826,-0.009001543085972674,0.13105513625790474
1.0923279253317733,1.3367027107779885,-0.014733376764470396,0.16106827349342154
1.0103916542452813,1.2439787250230103,-0.03795261850319709,0.23787295135655678
1.0276809888979486,1.2883633048658798,-0.026753181145519944,0.20796633260741665
1.165361925189792,1.4137727884066726,-0.06638820641157506,0.352750322457793
0.974527131675508,1.2149930242121274,-0.04731573417567714,0.2582484728579298
1.012869398602271,1.2964338220890619,-0.00446921727123728,0.086476433677164
1.1137383314152096,1.4006388033114112,-0.007030322758053709,0.11702873531722102
1.079978224395816,1.3392707682696672,-0.035549895138432985,0.2481430050333773
1.012913008974238,1.241667309812288,-0.08951126664695552,0.35590020311773485
1.012297245051059,1.239246814557461,-0.06619050529885917,0.30877224407563597
1.0901380649642431,1.3566738670890568,-0.0263025201500533,0.21718830842068698
1.0964519528232366,1.3930880899117717,-0.02186414380501489,0.20377374947045393
1.0393932180455971,1.2950654858544928,-0.029942693386429076,0.2208160467355624
1.0181302214465553,1.218852172232795,-0.09664649631293254,0.36183515964751645
1.0610689403443119,1.3024358638956002,-0.05067718441719715,0.2860407674370804
1.0522340118631306,1.3005156392462804,-0.027083011413508107,0.21118413183132675
1.0082347659207354,1.2545081836919945,-0.05369190866206175,0.28318555557511826
1.0502029504800827,1.2802389279278374,-0.057721671629870075,0.2990713265963104
1.0309401112026788,1.2721663594240358,-0.040909474736028795,0.25220249458417215
1.0527627853785755,1.3344308396527598,-0.020006373629729124,0.18688688060471656
1.0580780989438576,1.3060915289211932,-0.025566416866545705,0.20621803779877704
1.0150731558977408,1.2400042298259908,-0.02372638075059652,0.18877608144252225
1.1004425150686274,1.3742097394892148,-0.03778387662403393,0.2622121550676468
1.0575362400053234,1.3089011095761416,-0.028245744214463242,0.21693762761490146
1.065823235130628,1.3229187749327616,-0.013564124123167653,0.15303946637020557
1.0102982170857773,1.250452966468046,-0.06935556517282637,0.3184541785237237
0.9627667754831775,1.1955981559137943,-0.057982480138948356,0.27989451799744386
1.010106234078885,1.2605111672133005,-0.049075950166314275,0.2726324776754471
1.041224656973172,1.28673700863938,-0.03782924593239745,0.24566352652058154
1.0242994709290933,1.2294569857081785,-0.09954925160484107,0.36993463594882836
0.9971310010170187,1.2117344819607931,-0.07402612377782081,0.3181211536392256
1.0877293573913998,1.3543879505685796,-0.015322889796800299,0.1663839122615977
1.0356020630966043,1.3291161925413029,-0.007073578510802481,0.11139147048120251
1.0134746030076769,1.281797951308482,-0.02658645051114572,0.20627756160830085
1.0325313040061477,1.2754754864590105,-0.04316029160168622,0.2594411004822955
1.0975179174619243,1.3831925499412094,-0.0006767365991859897,0.03597042520360346
1.0330433222395,1.2899373210129148,-0.04446651713343508,0.2661570070573665
1.1024203048584584,1.336841371321756,-0.06342977373924863,0.32649162888658834
1.0049573779774132,1.2475304256713635,-0.07611045559535268,0.33177593487064927
1.032848773663271,1.3044911524447542,-0.021491953948442166,0.18921763651466786
1.0386751798776097,1.2684563076481676,-0.03644737398774667,0.23786744417379313
1.1120218984707266,1.3983434740341123,-0.009007837343180336,0.13212252284861092
1.0437506313813054,1.343739020282527,-0.0025174969089298838,0.06733694686643271
1.0590191680400458,1.3344132186849813,-0.02249856765708058,0.19794129915956035
1.0488200162881187,1.2771745965464163,-0.060032185873071686,0.303936476336983
1.0268057565073256,1.2516696530177518,-0.11888764336752367,0.40800439674668826
1.0157643889642056,1.2877119797163898,-0.029994521311185407,0.219746641547969
1.0647838424661953,1.3110854143394295,-0.04948459458917709,0.284693767869811
1.0636353175685007,1.322848905048353,-0.024545204703850798,0.20475193224827656
1.084215068977715,1.3316050045814014,-0.06458153003729139,0.3279745313052705
1.061251065740861,1.3220862338778077,-0.019528089125828707,0.18297428538347368
1.036281237269803,1.3199751495605156,-0.008309508957930367,0.11982750143982909
1.033751235391282,1.2388894000699031,-0.10676107993565287,0.38477963384039077
1.0375504164917946,1.2928296024376775,-0.025651626111575343,0.20445550188861772
1.0046247713742964,1.2835538268099762,-0.008046097552041331,0.11467441581277751
1.0136366549068887,1.25704630553268,-0.04073572476478304,0.2486959818583771
1.0136411930678786,1.3040579282713205,-0.020123214839337766,0.1831551987391025
1.0507720119830586,1.325637660139737,-0.014348367992958355,0.1576639922867669
1.0678700100879088,1.3325831467732991,-0.011283171377261425,0.14075813974741555
1.0041888494008904,1.23159836347118,-0.05249825544395814,0.2750621584795403
1.1138143064310022,1.4046082337344052,-0.02359683434522375,0.21326403147299947
1.0720422946360835,1.328713415188139,-0.04699587233011249,0.2815066721204302
1.0134535526272765,1.265599475478523,-0.04193672555153616,0.25390594629550906
1.0040403500520232,1.267642128157573,-0.008164986590732282,0.11407975941049864
1.030687216091123,1.2801763181389458,-0.009647653284345248,0.1251398737824805
1.0559436690108164,1.3119766448532209,-0.022945006466789986,0.19649162888658828
1.046298672627425,1.2748718866224598,-0.09106695747789573,0.3683165687004994
0.9994971133180687,1.240057132364605,-0.04942098989296251,0.2691054797791792
1.0730555967946307,1.3770201385135896,-0.0065523371237588,0.11110157817144783
1.101826037764586,1.4038373984012633,-0.0010220855848477317,0.04485786605067424
1.0428437421013097,1.3039341636972928,-0.017465115190441027,0.17083687847319867
1.015972305289155,1.2797024296004789,-0.04848842606217074,0.2751985983774388
1.002398420961489,1.3066327110506128,-0.006089515164085402,0.10165449167187939
1.030271840520228,1.2938479705750014,-0.016559602916763838,0.16513600909688528
1.020107143856899,1.252523309430753,-0.03450433969981059,0.22874758558911615
1.0711421740560094,1.3714322129101593,-0.0011524336262873636,0.04652990902614121
1.0441652322335209,1.2757453177841143,-0.09308573000364562,0.37228747486728475
1.0720520668259832,1.3241765930482572,-0.032887355105101435,0.23628377471796222
1.081881366191094,1.378230506830673,-0.016359170916924404,0.17485533938607858
1.1251136339906587,1.3849721594860083,-0.019226352999167418,0.19021912392195617
1.030617045780699,1.2529148699838228,-0.06948470365720216,0.31935879410129797
1.0434990386198153,1.3359879025249137,-0.009799454128982532,0.13160909476161614
1.018303148213654,1.2438294713537394,-0.07829048631959279,0.3351563494870887
1.0342453316276672,1.2805206082352112,-0.04635387609180519,0.2695195707407209
1.002954103684849,1.2654878830890957,-0.035505020165041534,0.23432939360115163
1.0385026297046098,1.2738942493311267,-0.04165706290246751,0.2547506604961878
1.0076145448262706,1.270389443930255,-0.019542432336155713,0.17588286533941397
1.023410807549054,1.2734017205541415,-0.02211554707705865,0.18731142970099243
1.0296479458831702,1.3091105412648063,-0.00034390203314038637,0.024272752470939858
1.036468104321077,1.3431072775725823,-0.018323140506012914,0.18016393211298504
1.021829491720612,1.2775783832694054,-0.020482960990322097,0.18100102947078214
1.0760693459362256,1.3362208436211698,-0.015966180534781937,0.1675093811393189
1.0417369864978754,1.2820609460510999,-0.0712853987121449,0.3307168857250443
1.0547823214154615,1.3265731183494365,-0.044482009229805275,0.2737618383378606
1.0320161380623127,1.3326006717128083,-0.008030994563224203,0.11894542731573486
1.0788345344440182,1.3429011818804184,-0.017587613626085297,0.17654751465994403
1.0486636302034942,1.3503393387036409,-0.001113410473582599,0.045032797993698796
1.101197774530345,1.3660829788335513,-0.016674661690153858,0.17495026145747125
1.0112227108003895,1.27730891883565,-0.026507281375059977,0.20525678473386544
1.0832497347010968,1.3790694134533588,-0.013080358143819915,0.15670180403254325
1.0193358724794976,1.2842113842987724,-0.027637713558674948,0.21060445519922386
1.10149800087897,1.3729574067406367,-0.011529685100083675,0.14658059191133113
0.9960895475630204,1.2391109906339202,-0.024954236611240743,0.1933437403213231
1.0738865872138854,1.3198672126545563,-0.06131126654651342,0.31723346663451113
1.0240296955990391,1.2466554352497465,-0.07959989343489071,0.33850981190914314
0.971941651847809,1.236461939163535,-0.07236304246013736,0.321194605348874
1.0372850620516514,1.314095678737835,-0.014120412401649185,0.15506219074145544
1.0364774670897936,1.3122483143637242,-0.008253134212788948,0.11872459234539423
1.062225576241908,1.3270493750870829,-0.05609565807886563,0.30584407879813635
1.0338043458948527,1.2790825899590994,-0.042509593488746056,0.25828669402839216
1.005464136723588,1.2388194647708153,-0.12726641572355502,0.4162475044997947
1.027691778224164,1.2800363830348145,-0.021310097049609622,0.18489970360589408
0.9982068180286526,1.2438625867191524,-0.026421099666247505,0.19956531609022118
1.03807325418448,1.3004738841471482,-0.02925863870678702,0.21926354576430326
1.031328258357277,1.2819092525167646,-0.053985087907374885,0.2901195234611619
0.9882269131609924,1.226701902755815,-0.04147716657979372,0.24480410889073873
1.010916248105121,1.2775451986166524,-0.027509134774034827,0.20903638865797167
1.0602700785512356,1.3372867003278328,-0.012552621784835516,0.14889597090231332
1.0260093413693792,1.3223418179046946,-0.017085184337323867,0.1713858263231529
1.126544588115857,1.3907186402366631,-0.056004115310660296,0.3202701335674466
1.0600097092377512,1.3328219304181181,-0.016189830048846554,0.16823093274881754
0.9978485614473571,1.2443534635922076,-0.061979579017070296,0.30061454457667064
1.0466327851712027,1.2909233216421143,-0.03422102261634152,0.23482279755660262
1.0027685244800268,1.2712535217546674,-0.014773618585455894,0.15338787335890036
1.093842060197479,1.4079758751116505,-0.0007255574127915665,0.037911730596230285
1.016462816103724,1.2649194353419009,-0.04771375480814899,0.26993757370751437
1.0544085708371196,1.300177059017582,-0.01863380473328413,0.1758507506675133
1.0996532673645794,1.350382055018592,-0.02784709430585286,0.22227076519186587
1.0274138007604456,1.2907947464114762,-0.015477265167150644,0.15935628563522505
1.0450907502464801,1.2746367966549377,-0.0421299065914551,0.2562835730300021
1.0473792420290475,1.292322645326229,-0.035381687444808074,0.23889660922734846
1.0938718551960944,1.353777269164609,-0.016503367271637925,0.17249602406006692
1.0171112058703338,1.2824812686569993,-0.018452017142131405,0.17262459357177112
0.9983782644590671,1.2486028349758729,-0.05106529813923122,0.2752151921663432
1.0792959348578484,1.369559075522766,-0.017844604327728053,0.18133995020010119
1.0493471299197685,1.3302009710401625,-0.015323578245016511,0.16341620467614743
0.9931598789450929,1.2299916115754004,-0.04482536999047193,0.2547664504971897
0.9835345616845961,1.2221147817233478,-0.03946240596982231,0.23812192435339885
0.9806765969157242,1.2387734483191282,-0.03185316636248792,0.2176502861681337
1.0729479176692194,1.3621838584094368,-0.008953568389967526,0.1283211422914575
1.0446380896929763,1.2773110919092807,-0.10098181668186812,0.3868371723138969
1.0667533331425954,1.3675111329227148,-0.00048553496145031794,0.030125600823987107
0.9763443026959169,1.2071801426159123,-0.10112585710470623,0.36583454297096507
0.9909013330711204,1.213123821000799,-0.13447214459241752,0.4176614364578797
1.061753915861592,1.3228455518562658,-0.019748022065876336,0.18408758799352512
1.0970444346615922,1.389226590303552,-0.017196975752133303,0.18063279275185312
1.0365533786629326,1.2816272600726302,-0.030626832102909285,0.22093374415532518
1.1055244366528412,1.3465617768171314,-0.05629957359230531,0.3108746312053704
1.0249484693895714,1.3231087033354767,-0.0018488409299908248,0.056838708299365166
1.0776959792477303,1.3349012652223213,-0.025921506437303732,0.21218867271941194
1.053708431573923,1.3286682619593695,-0.008674774448988787,0.12321684289702449
1.0257256115143767,1.273177019309251,-0.03586169892583113,0.2368936030843606
1.033030869001297,1.2480638546557306,-0.09447119141546856,0.3666775616083008
1.0499106395254747,1.321887681899647,-0.010278913736190498,0.13333603056550394
1.014822235747061,1.259832702700409,-0.02544905639700268,0.1984685399328468
0.9776306355846667,1.2411520290249813,-0.009071286630036646,0.11767887347472897
1.0793654268503676,1.3321147518469667,-0.032635150943526314,0.23681597661132567
1.0102506171289904,1.2727194383065374,-0.047997177252812495,0.2723707515724586
1.0343458696078158,1.2789877966002758,-0.016107567280583046,0.1610317582509867
1.0733971465629055,1.391415849963263,-6.086944669170258e-05,0.010855339386078602
1.0651652820135311,1.3468386963457595,-0.038200200022942,0.2583496336803729
1.038452797264303,1.2494107335809255,-0.08985108595605085,0.35874290217490723
1.0774738267730077,1.320627475834181,-0.07187091897451836,0.3419681693431074
1.0390342799795764,1.2877994823421888,-0.027117523820126443,0.20924890399140794
1.077767428813913,1.3152743115415246,-0.05962317008791396,0.31199536813941603
1.0759304166988164,1.3167897505990807,-0.038870551834081724,0.2547100450832772
1.0473955305097127,1.3156659254771341,-0.025960712819133702,0.20928522444354986
1.0383032009802868,1.3132077566272113,-0.014341473066147525,0.15614864816447022
0.9932723699413645,1.2414835478130657,-0.03694833786474683,0.23434725016827612
1.0595029270515652,1.3236772614909913,-0.03155293396252645,0.23150278683352607
1.0658530670316995,1.3515791457276636,-0.025479443620770148,0.21304579798872558
1.028252957233849,1.3151822692934318,-0.011942955991475879,0.14287750094709367
1.044121581025406,1.3081348904082697,-0.007546735939681026,0.11321383611810475
1.0286476855919557,1.2770630787837387,-0.020307393311089106,0.18016645049718974
1.0074950772589308,1.271413620398158,-0.019218538766720306,0.17458759578040395
1.0733662942205406,1.303127377130436,-0.03788479042470749,0.24896869310677178
1.0083764191674218,1.2205513101864123,-0.12444696894153484,0.4060492511060177
1.0782011160807012,1.3788414632371986,-0.004069189029290099,0.08777815472811105
0.9913807492097935,1.1814045385359877,-0.13119564338211442,0.40233654284154485
1.0507839322499428,1.3056205503553941,-0.04363965337723341,0.2669822184710459
1.1299191135232296,1.378321836968818,-0.02006255790260303,0.19329934615022862
1.051530148541566,1.3073337254946238,-0.016651423917322772,0.16731162486864148
1.0532405321907288,1.296470569690049,-0.043232372626860194,0.2639226542852987
1.0715610184311088,1.328709348137118,-0.02057167295378015,0.18864401938209968
1.0651827884813716,1.3517855008416864,-0.0036568990678560453,0.08159651938008879
1.0195306397526587,1.2656973610552844,-0.04821720759223713,0.2714596344374325
1.0170264163389038,1.2456520510684292,-0.09298010885419505,0.3633169364204439
1.0814031491011533,1.32891355318235,-0.05402593035851644,0.3008653752283726
1.0196710293597453,1.2582001462687056,-0.06998942639413896,0.32179271312345237
1.0371429978680138,1.2875163133887417,-0.01880622139982746,0.1749273506378367
1.0837770557834203,1.3562352093661805,-0.02068555413769957,0.193073473841544
1.0651968115099448,1.3375139251677957,-0.015113684901937097,0.16320225407754774
1.0419027413419724,1.2853129666796885,-0.045189608993587926,0.26725795376516354
1.0159684112862042,1.2670956392171218,-0.02926514427070659,0.21365895409135688
1.0818128286541688,1.3523361519081296,-0.030732168520993808,0.2335115389158752
1.0391611037732482,1.2948561180477782,-0.03211795211232449,0.22841823439117542
1.0462168166008665,1.3219306591492779,-0.024564592814312336,0.204688662553711
1.0484409455930277,1.311433997211593,-0.015531502817529574,0.16218342879076375
0.9261638942785065,1.132764952342883,-0.0492696680829845,0.2454630139677839
1.0545299382848021,1.2975593507993808,-0.04666135329426835,0.2739698693006085
1.023255323148736,1.2364202723938873,-0.06456225859599485,0.30448783204281926
1.0288695808903825,1.2655503068385374,-0.0567964230184721,0.2933892782295542
1.070565233655315,1.3309537392927606,-0.006409405692042958,0.10621466852653981
1.0150195607014436,1.2741578066220483,-0.020901005168947773,0.1823118886182376
1.0167946250505557,1.267170032459176,-0.052789247976757325,0.2837506798878707
1.0510361723591295,1.3457821654782736,-0.0012414761606687197,0.04738867271941194
1.088519284159579,1.3521321199587084,-0.01588955853643892,0.1691031886859678
1.0228469578898722,1.2586817304294653,-0.04196602142473149,0.2526027353768109
1.0364101584213452,1.295470075577514,-0.017478000340665822,0.1697894663702056
1.0775128543635353,1.3907813141934626,-0.0008081693710380033,0.03952160922734845
1.0574089345173956,1.339412458610393,-0.004281595020536377,0.08745595282231092
1.015854367537921,1.268351406522016,-0.03983848915658683,0.24826075992813282
1.0448134584573128,1.3096893040696296,-0.03645639619139418,0.24562899448914546
1.0600952709311078,1.3170579472731354,-0.023335853884152158,0.19888756763602836
1.0381354012531738,1.293857277865534,-0.03654505411101594,0.24294422827496753
0.993093295723424,1.214332784216969,-0.09507003404234027,0.3577985674347345
1.0526106474543178,1.3033102040148583,-0.03628232803706921,0.24386884547166948
1.0753493302665882,1.359484480779723,-0.01793147519911842,0.18043591760709202
1.0127328495810985,1.222860012366757,-0.08502243363942763,0.3423135976443369
1.0670887118357935,1.3491302688245894,-0.004756014717770762,0.09282077148484402
1.0763323569273815,1.3770703086521898,-0.0010611936466984329,0.044835614042757765
0.9982320635290876,1.1874318802893622,-0.15092096879120942,0.42999236633127996
1.1268386458859432,1.3946115121852884,-0.02602173024799015,0.22209718378989743
1.106886662954148,1.3652322811570068,-0.005840503406501885,0.10403204352868975
1.063840127933027,1.3685375961194122,-0.0031038375129315288,0.07612604645678568
1.0569572813053492,1.3168535417550877,-0.0463055979448177,0.2770288186328497
1.0269293125810635,1.3134651771125074,-0.02081435868507886,0.1875541573529817
1.069136630008683,1.3361649748082558,-0.012063004181165793,0.1458760676773951
1.0200260946027249,1.237024753739094,-0.08262667763485121,0.3417426424256232
1.0644572054167885,1.310917268286822,-0.0385224003449085,0.252478278454179
1.0283227798583365,1.2573447730597636,-0.03912651900900754,0.24398086813198266
1.070527562190445,1.357230147284807,-0.02255800344229142,0.20158576029172393
1.0461621809115293,1.2983544574610446,-0.03370034438555969,0.23442995937234912
1.0482234049696597,1.2796718335127857,-0.06911224002174876,0.32536021374272406
0.9829543940827987,1.2563275655009016,-0.021208846936451975,0.1810523363830756
1.0669701878986881,1.321781832661232,-0.03462510904794169,0.24180420349181997
1.0477034342750802,1.2719901338561381,-0.03956899902655131,0.24816161957931532
1.069701222901612,1.309250588117753,-0.033779118567419664,0.23666446637020563
1.1232325761043718,1.4300063072557283,-0.005433685618356776,0.10512560082398709
1.0512605161134854,1.3467129294957694,-0.009705384885584145,0.13203348146258134
0.9727367413076646,1.220787927521997,-0.03898673336400149,0.23647958181032103
1.0875166809478993,1.3592972245300807,-0.027128691776178604,0.22091053393080382
1.0625278175984707,1.3631815822075792,-0.0054254207293427115,0.10013721073110786
1.0457416599908447,1.307775440189758,-0.011663419287851529,0.14041971847104595
1.0601153455689492,1.3354401889401015,-0.02680609778267562,0.21577296083655848
1.0115425186344298,1.2718126636767975,-0.042068036231038386,0.2555354909919035
1.0340179737818138,1.2637234226737473,-0.047981344085113786,0.27040297414955494
1.0548724831283771,1.323150322382755,-0.021968703235827558,0.19399592167960206
1.0661448003541898,1.3455460968057387,-0.015087465651485665,0.16404197727280898
1.0540415700336476,1.3104874675539058,-0.01574054718380502,0.16313659376940695
1.0525316235025033,1.335720105262164,-0.002721951522465682,0.06959297379468077
1.0307990550305726,1.3122612856048732,-0.005764084814178672,0.09934303779877703
1.0064008662429351,1.2471482486640668,-0.10375435475213979,0.3823710759371093
1.1135273344505419,1.3823695082460794,-0.053304907459901685,0.31097873227989664
1.074859290421698,1.3188312822640555,-0.04519456965483659,0.27424189125159726
1.0415160883392856,1.3173713328045726,-0.005197141194623223,0.09472505019277573
1.1001952467398133,1.3839868943130047,-0.013009005968720233,0.15683658628864577
1.0243074247453883,1.2587278058491844,-0.05603741395269668,0.28995540990083635
1.077603917407076,1.3412739035683372,-0.026808042208052996,0.21672319440687482
1.058168005178583,1.3073526924364176,-0.09114876192862087,0.3778558675193307
1.0760778280927479,1.325481196423696,-0.03010336292214877,0.22658996682516463
1.1388320457837484,1.4195246171243114,-0.02947985314720425,0.240213084722656
1.0578832264927358,1.3276867439007387,-0.025020965090635006,0.2074346359488284
0.9973296374091801,1.269357682681546,-0.013952631489167144,0.14890293033986426
1.008514990367151,1.2645438574379184,-0.03044790052098545,0.21736997377245787
1.0560328874691285,1.3294088417900705,-0.015244263011586101,0.16290203418214047
1.0168211187662868,1.227868756646465,-0.09969501874157616,0.36970263806090026
1.0003727605369437,1.2478612109799316,-0.026861183651215148,0.20182408374018881
1.0785673984318824,1.3014620618872974,-0.08212843435192552,0.35854104525109487
1.0384204035636069,1.3083661090734668,-0.012540010517037903,0.14560360896713506
1.036400690177298,1.3073421223287631,-0.025966039197499624,0.20798193566561607
1.1078974241597268,1.3543594580787792,-0.02240033826377119,0.20047062344842148
1.02562866084163,1.3202571839311403,-0.0035824880352295363,0.07888135757508612
1.0542447180228642,1.3123431351663075,-0.032980341999659935,0.23449249785602397
1.0727749149928139,1.3675747361632737,-0.015403721332184483,0.16843972377046298
1.034295705835175,1.30692919986581,-0.020019523738900702,0.18309424327646762
1.0464218562039855,1.2979618358025469,-0.03604061139201353,0.24208596293800771
1.0823948481502517,1.3023270937215696,-0.09402645631141615,0.38179584507762687
1.0603817491853542,1.3099545762199842,-0.03748360675282547,0.24899252038333028
1.0298149102798588,1.2983883650207877,-0.036745317597188576,0.24443848114853076
1.0757863090555035,1.34622964484404,-0.013259829581536042,0.1540024777412682
1.034893379507609,1.345178746995321,-0.001019054575548184,0.04291978586739034
1.0870383306903995,1.3681352651905003,-0.01542835739834958,0.16864141558795373
1.0522274134454257,1.286626321673304,-0.06619883422328354,0.3205962964014881
1.0775666509523576,1.3545067620041975,-0.010578147643198532,0.13858015353114592
1.0715124559562055,1.3316023072502132,-0.01484566113562713,0.16105503663100745
1.019865897720956,1.2615025567143108,-0.061416395223913955,0.3034501806559199
1.092354280687691,1.3527325602640374,-0.03697773591647402,0.25544498792249104
1.05682032418334,1.324128016476386,-0.01668868323028927,0.16964732481412959
1.0181805676145967,1.2439183858136447,-0.0630597001264368,0.3029625937478784
1.101217059725325,1.3838088403156124,-0.0049023949698612235,0.09665366109268056
1.0810981254741998,1.3429398060855404,-0.02895580168492473,0.225281735728754
1.0875152159075716,1.3597659011898278,-0.01276954111396722,0.15268503599045874
1.001482435468844,1.2430740114321674,-0.026062249198626652,0.1981144160683947
1.080622677086399,1.3463547545539394,-0.00910027074537112,0.1278555261274418
1.0672535049495153,1.3521635120579745,-0.007999368303953203,0.12045558159013553
1.0633955293267325,1.3378174144834176,-0.018006499878244542,0.17792469115443846
1.0706371639830403,1.3159982724558972,-0.0476384923418689,0.2806264484640495
1.0536382954805068,1.312632784732071,-0.016144523546603784,0.16545432457816722
1.0388397108282483,1.3394499578930952,-0.0009843259992734499,0.042003195583247326
1.0278040016159555,1.2857527804742255,-0.0569024335336219,0.29833584940429353
1.0410761346464108,1.2828915607030722,-0.020425973444446743,0.1815058292755929
1.0490795628538117,1.290609698731557,-0.02801612095379169,0.21305854837123708
1.023236216103507,1.2471190028966004,-0.06326095392734099,0.30419763426951796
1.0637041867416852,1.3086055503087886,-0.061577587288936364,0.31516952836730355
1.1204447590933744,1.4078738155143418,-0.007073640977813156,0.11799256004921134
1.090868068955506,1.3750520685871666,-0.0020422363649805764,0.062076773012607785
1.053821691393218,1.3601984882770894,-0.008311929090515369,0.12349681294519924
1.0590650769285688,1.332514567131767,-0.017016614319578904,0.17236318851961582
1.120470975579696,1.3529513548200038,-0.046340071416874906,0.28472401711357986
1.0773556391986272,1.3323131607362628,-0.04636882169694112,0.2804638894969881
1.0887629519520832,1.3470677346712334,-0.012856092807149722,0.1517644529940686
0.9890510159965413,1.2593484206684535,-0.01670784711696882,0.16143885193088145
1.093232543071818,1.3736185351978614,-0.004231872294489181,0.08916931260492762
1.0264707959352293,1.3346454966097188,-0.027068761606689806,0.21667078604871218
1.052047302535613,1.3093903424006597,-0.0250190476625598,0.20456840202378712
1.0748782448256333,1.3709885596118367,-0.0026197598118633536,0.07008037850970929
1.0333919519104247,1.3089988113449318,-0.023773991861594013,0.1994749021945807
1.0328522305673693,1.266052270471337,-0.08342110298708838,0.3513103582690045
1.0460450200772682,1.3025703143070955,-0.039515557123784406,0.2539625823306217
1.1062480882635388,1.4027874426179856,-0.0016071873407881299,0.05619224777527217
0.989196529717635,1.2314000281026036,-0.047689701330679624,0.26272120235573904
1.132375787750502,1.4127874173123147,-0.019510426414279802,0.19544040914878352
1.0317591832363544,1.331578526510731,-0.0015433527693335947,0.052271445400349774
1.04874241536328,1.2959491662137583,-0.03701468011378628,0.24484008109691946
1.0300144653891223,1.259394342896823,-0.05974586186210318,0.299030019159686
1.0282938799179548,1.3203170680009768,-0.007845694820310278,0.11649221968864427
1.0731557661281492,1.3327076859143652,-0.019219054979350947,0.1830067673618968
1.0428045280222065,1.3041680368993407,-0.013744581176275306,0.15185707643309868
1.003407448582546,1.2547224994765473,-0.04761283544099992,0.26749107927343135
1.1031073114430061,1.3765894987974332,-0.007834262816205362,0.121369331886572
1.0267266318856763,1.3010611310012576,-0.03235401373943447,0.2303283837308718
1.1067061721343663,1.3999808090494739,-0.002858911746512982,0.07474850962053325
1.0982947001695917,1.4048831412633145,-0.012732846532834463,0.15752718247575612
1.1024230296933022,1.3536446469243537,-0.055266929891880645,0.3097819976032311
1.0737649875873725,1.3072503788451768,-0.05832913699829545,0.3068959628149373
1.0379125932792252,1.325424535387789,-0.0060844096230112665,0.10307349881975052
1.0969009550760525,1.3881232705948774,-0.013075523207189077,0.15770180403254327
1.0548262555135082,1.3276978984973073,-0.0184315798735053,0.17861363968088395
1.0247862021666714,1.2748227638414533,-0.018168561039956677,0.17029434817904424
1.0224890995391451,1.3150871311424122,-0.018487793177804246,0.17718181692744975
1.0169597392544871,1.2596197230650714,-0.040509919850750586,0.24854042214948432
1.080392163836704,1.3197559627639022,-0.03763635355550754,0.25134764082828864
1.0490451474244615,1.27473999254984,-0.06517269757163247,0.31531486606076764
1.0327392007457257,1.296796321858952,-0.0343625595520094,0.23636225610315864
1.0550672575562496,1.3035274433147783,-0.05245725014329716,0.29101857318660673
0.9708019427656814,1.2283855576958973,-0.037716268316371426,0.2341853630267406
1.0493052917603496,1.339964189358991,-0.0008350458353889589,0.0387050022415462
1.062812065096992,1.311024481906944,-0.053176965771396745,0.29459264676645164
1.0204711335510095,1.2787470361260282,-0.03882050968137696,0.2471980263089264
1.0476081380537767,1.288574516526186,-0.07441375091993363,0.33911762139903323
1.0700012665264107,1.366407772543628,-0.0014786630258176725,0.0525042041640573
1.0805119935280412,1.3280435681799923,-0.038291900064244544,0.2550386778303186
1.0088325429452096,1.2339929848409976,-0.10025363133613907,0.3724914783509322
1.0127234547196093,1.2677152169648724,-0.033282085255824434,0.22751892018960532
0.9992625831555164,1.2891379587895937,-0.01485607102593467,0.15597290211009293
1.0136342047094498,1.2656804354091575,-0.03348624147458912,0.22782685738294872
1.0766526467541921,1.3889269803015116,-0.00026486488284782617,-0.022601335274193172
1.0615640601957963,1.3266042867518126,-0.029039273920236086,0.22285290407405423
1.0487237634269264,1.3065022127759562,-0.015166407894200429,0.1596919030424442
1.1076182579510023,1.3797799027132323,-0.04034278634570598,0.27170931648295266
1.0590364055066666,1.291196470692869,-0.07483698222716839,0.34070551460768245
1.0419510440170732,1.3154774519842054,-0.04204619003895815,0.2642428518536629
1.0688756818222198,1.3506218360644733,-0.01994727252124706,0.1888803013343282
1.0336005938601613,1.2712670664525223,-0.04886126748161668,0.27438485515863237
1.0713080837985676,1.31659892705485,-0.06046239628982386,0.31437538769525736
0.9829159764225449,1.2266044536201715,-0.0272912061783539,0.19992592644478444
1.0062338965393074,1.2878499387990834,-0.013316461865685802,0.14763425522914536
1.021425009481802,1.26197845921357,-0.06080544517917841,0.3021379707539085
0.9823766228762953,1.211284299197079,-0.03308196596954849,0.2167576096131013
1.0170911127839213,1.2747537421935333,-0.0249838967023841,0.19902052255289665
1.049155833958577,1.3122347259043459,-0.032481668849591694,0.23274990839454898
1.0566948647304308,1.3085006612423553,-0.036021727050373764,0.24398986139675655
0.9599746054084559,1.1769170316699273,-0.0679117061103478,0.2967908412263253
1.0472147349505843,1.3333008758002147,-0.006386715383391861,0.10621466852653981
1.0902362113607105,1.378232805964601,-0.007598424194348086,0.11968524438401336
1.046085031949452,1.2571383828442628,-0.06969824095124544,0.3208952986113589
1.0329226902212503,1.28496888255431,-0.017786323976677343,0.1698663693941889
1.0157936745485383,1.2596696762244741,-0.0624414829611053,0.305380125710865
1.0728154479669438,1.3366960048805943,-0.04094108084579151,0.26509359075219874
1.0519039974873934,1.2927780614124047,-0.09829001088872658,0.3867409397846835
1.0594526172690513,1.3522710721496765,-0.0008326660002808683,0.03900483433557355
1.0069805022219387,1.2422297566419207,-0.05524010333169738,0.2842192738123081
0.9945334072480905,1.2369449281106717,-0.03131039481691755,0.2155261338956468
0.9986899209015361,1.268484514567155,-0.010732258694803543,0.13071116113506803
1.108981342006766,1.3729696913455494,-0.033391396518364536,0.24680037816919537
1.0563791014831811,1.3106215611114496,-0.04947971429662901,0.28457967281852975
1.034011001315679,1.2715877434155782,-0.07336107877681797,0.33243463594882844
1.0443316291811344,1.311712080144905,-0.023110805689939173,0.19714452722862966
1.042292915483577,1.2573925937657728,-0.05348004126653416,0.2833045886353278
1.0617676538074665,1.333609948098931,-0.009774883237415155,0.13121163091219534
1.0099485888339172,1.2572550385123706,-0.06119682245624514,0.30191858724932646
1.0536356671360518,1.3308707910229558,-0.01952152042947297,0.184159664312646
1.030645469099545,1.2902431203431624,-0.009557962423723865,0.12554186678541254
1.0911747366084743,1.3970766145726137,-0.0042491703703715356,0.09087649208958425
1.0509809524156182,1.2910332589915938,-0.06151546727625634,0.31078956659738716
0.9821596545607901,1.2476173553953824,-0.03171581752647934,0.218745596101313
1.0273984651773616,1.2621310592823511,-0.04168369076298828,0.25247571141432884
1.06284747151758,1.323709325658329,-0.02423479394875172,0.20361629548168816
1.1062279864788653,1.37835211620078,-0.014754035244527897,0.16620159685594588
1.0338125378296585,1.3297214194190465,-0.0039906124456807746,0.08383311716385639
1.1330971466828883,1.4216986738246962,-0.00017500789928415195,0.018806084580857096
1.0087688856171346,1.2404533163953444,-0.07945817081784678,0.33654783187857107
1.1058516814507175,1.4066679402935867,-0.0015699054053313066,0.05569134395940778
1.0379037268697695,1.2820965229033328,-0.045973336888056826,0.2687901991343193
1.12826984149691,1.3787502986022397,-0.038098921049007695,0.2641329537651636
1.0381720355792692,1.3266045123887875,-0.009114315430134745,0.12607625906241568
1.0938277905311964,1.3383221848602445,-0.03944598545495781,0.2607120587733262
1.083259235020878,1.3711005408034311,-0.015886145887989533,0.1714573300421826
1.060643331995603,1.3266985277613417,-0.015787247564905016,0.16539564830486286
1.0700742996989276,1.3493546538704952,-0.008218590581204221,0.1218280895117699
1.0864522774090182,1.3678341058092074,-0.010575696854770777,0.1399276370230821
1.0948560311284048,1.4271077571130701,-0.0017030393109049857,-0.05884365051291131
1.0491701450300672,1.3076019369883531,-0.012572008480462582,0.14570180403254326
1.0334199987195811,1.263464585761569,-0.04195871898282899,0.253541425106168
1.0389747713832191,1.315311428516994,-0.011496233736915329,0.14022461335318648
1.0271723868137397,1.2985390925574563,-0.014334704242789265,0.15436852510321405
1.0661560461073818,1.3154890198140194,-0.05067906294545921,0.2889125959264148
1.071689868071827,1.3428124335701705,-0.012818092136534398,0.15106411928314187
1.0900358794338239,1.3956561380401216,-0.0031083362091706146,0.0776906050865617
1.0388747789175803,1.2828999041768978,-0.03964460696818861,0.25051998585072505
1.0069354406083553,1.2710664249892347,-0.011168837047371483,0.13358582779749806
1.0603883310700037,1.3532895121496005,-0.008149434418096124,0.12167237776261064
1.0583728077595442,1.294766836251337,-0.0630317260593607,0.31528118479670664
1.0884151191032394,1.3704629674558129,-0.0031530820016569816,0.0768336263806809
1.0716788134279112,1.3461800918968414,-0.013959317815244843,0.1579519514754618
1.056664436501928,1.313774298283373,-0.03547933445931495,0.24318555557511834
1.0054499424463479,1.280451599927539,-0.01287206483956882,0.14434773704689732
1.0579840151435482,1.2935436155480013,-0.040975082890986725,0.2566379219686612
1.1422270758387785,1.4187965826417301,-0.026218743949190104,0.22678070626238883
1.021238797031454,1.2718143443483472,-0.05081386601372584,0.2796739012422642
1.047659284290107,1.2874983004798577,-0.03851823718479985,0.24795496117898472
1.0254201206789602,1.2792693214833863,-0.031045417009267773,0.22198408334743125
1.0590830837275704,1.3574242950768096,-0.0033459328702027946,0.07838787335890034
1.0457113082323817,1.3453213179474777,-0.004396502932503932,0.08900760426521737
1.0623432182275048,1.3139860692129335,-0.023457820856113143,0.1989296960315524
1.0566688474914774,1.3010758964168376,-0.05557978907388561,0.2985489480389793
1.096224166345117,1.360067773882694,-0.02548170158290297,0.21439310068769535
1.044809686126649,1.314731129591242,-0.004871819785308373,0.09154343824154301
1.010493194173257,1.2133919677503244,-0.11745152153606075,0.3933834581185295
1.0599906784269137,1.3495975259159447,-0.0024463790875337565,0.06667078604871218
1.024205677694182,1.2991112079372615,-0.007797297637653466,0.11426988519849864
1.0340378893251403,1.280433806546651,-0.03517690826453679,0.23603623430815004
1.1152533777217035,1.3706309274197335,-0.036938842281613704,0.2586935470760574
1.020175312648068,1.271861780890561,-0.034642679246253305,0.23272897612244597
0.9921360188114099,1.250127255046525,-0.03764070251056384,0.23810010357472766
1.062629409037913,1.3248226772621976,-0.010776560449468953,0.13679501046509987
1.0744832898505272,1.3332919504820964,-0.035130971544336864,0.24562506677511506
1.044282145773715,1.3518844351117787,-2.561473933559988e-05,0.006841935506008038
1.0554310396062103,1.2973688084753516,-0.05599811712178826,0.2987573459748777
1.045552381421465,1.3362657281906891,-0.00832260536621865,0.12140113002300848
1.060354305062546,1.3110530180371287,-0.021594630220949096,0.19061358070707732
1.0539755925008842,1.3269033193206057,-0.01779028459128562,0.175429076759816
1.0325576174797964,1.2753005197914693,-0.039169630371664876,0.2475962429269821
1.050941767328484,1.3045750816206871,-0.05101385729469232,0.28741467531967196
1.0744292598568008,1.308430595839338,-0.0626599421178029,0.31772290939511205
1.050919002406077,1.3346430764223884,-0.003083966039017394,0.07400333418555853
1.1053155648984079,1.3525782734646588,-0.047115075048030475,0.28690964270549824
0.9932836396936279,1.2539218553276845,-0.010331050338798997,0.12679754958545741
1.0834538044250048,1.38146177316349,-0.012962085770017229,0.15627147888324
1.0393550957113082,1.2940671755529218,-0.055047122941962456,0.2955889570988554
1.062645914396887,1.3250689916471612,-0.023109836879419365,0.19914793197867123
1.0471324416787409,1.307221196267042,-0.02820068017224986,0.21649104132772748
1.0874094665448766,1.3325139776584347,-0.03038282201189091,0.22881607054237355
1.0539217240559289,1.2913959271663513,-0.07796802983601347,0.34730797200097874
1.0415162982283606,1.2976203952589918,-0.04964756865543096,0.2822116275423668
1.0343573573883516,1.2662345035022347,-0.06669929111922168,0.31663123092748735
1.0222843126277188,1.3008433211817634,-0.011655561564822836,0.13962888055314493
1.0280231077178934,1.2567824863416694,-0.08547800422976248,0.35267672000926265
1.0026708983008148,1.2657730914935017,-0.03967704397222915,0.24727276544523125
1.0583108115364102,1.304307603319331,-0.07588182694683221,0.34639102373648234
1.1078719882607804,1.3865699401809306,-0.026657067915677457,0.22342680200150905
1.083687065204575,1.3581790401940808,-0.024544388426235075,0.21021695554769476
1.072929678927366,1.3619466979921337,-0.0018129044940426997,0.057936767815403196
1.045933799700043,1.314167485313295,-0.017928851516381794,0.17440873860740233
1.0267153579553912,1.2675725307786705,-0.053546861664989676,0.2857675433933646
0.9837923846581434,1.232527810634517,-0.04379605638159023,0.25246803779877697
1.0449820652286599,1.303569319969286,-0.04261833789187364,0.26355405657573716
1.0287734162291153,1.2807433372047492,-0.032312328483880215,0.22658996682516463
1.0599699327909444,1.3113031141188636,-0.02711687912480354,0.21306544039617964
1.048340124428877,1.3077556770176861,-0.017475886539336294,0.17138947933364865
1.0279779317788067,1.2839890365677895,-0.04354760583483608,0.262293376693459
1.0090433083301802,1.2709910838431933,-0.007934602697750703,0.11276878967847626
0.9914785992217898,1.2433567750742436,-0.03289198987890929,0.22187756160830083
1.0174315496376682,1.315622551252277,-0.012601784992159581,0.14676685824438646
1.0346717145160724,1.2989248086268237,-0.010907774672664239,0.13492621025694948
1.104145410001441,1.3802902031468784,-0.025435564863065974,0.21738867271941192
1.036349618100591,1.3091604736556708,-0.036544107618567745,0.2458145986453379
1.025162245448607,1.275142749689878,-0.015850683660027176,0.1592824277883495
1.050147531297961,1.3200337908233564,-0.02896912687783293,0.2214887026684985
1.077413146192329,1.392102221455922,-0.0040862631900076,0.08880732351306272
1.0351820265444274,1.2904061729850875,-0.03427501633018548,0.23490769859460223
1.0739255514673458,1.334842192186835,-0.008943611545134011,0.12567617146021984
1.0402256246946386,1.3483755750366568,-0.009410110122934467,0.13018903405635865
1.014782341098048,1.2493283383283567,-0.021629387802551303,0.18178247671107114
1.05492976014322,1.280008822680874,-0.06510571841099977,0.31646535503553086
1.0323156649777454,1.2825643525523347,-0.037764491740875705,0.24466485177616654
1.1069398911089312,1.3619474781575036,-0.05053839005410743,0.2987205481749987
1.0046188468215003,1.236943608335213,-0.06353380884727633,0.3023268343895415
1.1060425078922251,1.3996600571648465,-0.004664008202249992,0.09536561192276623
1.048444279595779,1.3084277807830482,-0.030388611932214538,0.22470082299918812
1.0813304466870333,1.3486800092854776,-0.007159565190794304,0.11371116351817846
1.0349417039733344,1.31727603278485,-0.009095108693710996,0.12505892361546928
1.0302438391699091,1.2831741694205492,-0.020543148011695767,0.1820553393860786
1.0405372003821813,1.2962104669432921,-0.034903347832601295,0.23804505864270178
1.0117450324957207,1.2359342440283738,-0.039597183856155516,0.241209810930794
1.0687241090643873,1.3457244941150608,-0.020838603538699152,0.19227017472002753
1.085945305778511,1.377944998080885,-0.004676877617716846,0.09401489858130657
1.0342596653485983,1.2823683784710385,-0.05680585521520043,0.29731152614091283
1.0913992232035257,1.3445320744753775,-0.01123320745229095,0.14170898758468595
1.06514190682664,1.3415303234958744,-0.015349762972133751,0.1649466481176777
1.0850100530860805,1.3468230195763915,-0.02021277595660398,0.18957372022044458
0.9885313866602391,1.2271380822466313,-0.058716867775147286,0.28899142591508553
1.0241024254568714,1.2805283454527303,-0.013034228067396736,0.14525122191711098
1.0730040351635681,1.3127894749689413,-0.08590541602855195,0.3692405245712638
1.035001704751159,1.289544003952128,-0.0187607517395858,0.1749948154475059
1.0262095126414725,1.2723556364394817,-0.040546870523696654,0.2511634063571592
1.0105374425824214,1.2938144316682794,-0.022872920584656953,0.19347371082611067
1.0550347064240553,1.3481072091694009,-0.026191677170777306,0.2153732897030935
1.0607003891050584,1.28549826550116,-0.1140985654798512,0.4113862572604748
1.0984456717292164,1.3672205844829532,-0.02347152922575635,0.20704817092729724
1.0266155558043835,1.2919905483334253,-0.005871653317417458,0.09871161436609459
1.0791128835412869,1.3107941214531322,-0.04175776294925759,0.26243377317041644
1.0565362033870143,1.3177633243860813,-0.039112515511440904,0.2556607170056911
1.0866648841480147,1.3670923758114775,-0.02837795541680177,0.22709733255465406
1.0637345282321249,1.3251817269681625,-0.0269278076039694,0.21458827050724502
1.0634615666984804,1.3074829550408678,-0.03842106596743,0.2514976873944643
1.056574595067542,1.3355403268035388,-0.011662474093987685,0.14339517282097605
1.0100987140241615,1.2388036332633598,-0.07260091642024302,0.32229564704640495
1.056236075548056,1.356570747472481,-0.0016543891683951095,0.055131821032462315
1.0099101630283047,1.2491096152650876,-0.04830687442553927,0.2681395052958576
1.0055568513943818,1.2655451126946087,-0.03738812079443532,0.2402557632431782
1.021731274752561,1.2907965745593115,-0.011087900105876347,0.13517239226783737
1.1057540711918146,1.4251880765534175,-0.00046770471110857414,0.030814598645337865
1.034182125025876,1.2670350467192406,-0.04559289933731914,0.2645793349777027
1.044638560668261,1.2957548819119624,-0.04011627123313599,0.2544732802627351
1.0782774280401688,1.3503662512531642,-0.0014982934800951142,0.05223058780522947
1.016061668008612,1.2632499135184732,-0.039162552609634416,0.24523532520599148
1.0291837581151426,1.2746018437333562,-0.043510814302531564,0.2602703348693668
1.0214884965680864,1.233308541250782,-0.07668094216059851,0.3291333926459501
1.0128700613251986,1.2483914017283395,-0.04536125424188775,0.26005193904604457
1.0100873486958546,1.2555367355612264,-0.04909045029982151,0.2715948091507494
1.0025038294276103,1.2071729202903776,-0.093061829681379,0.35223532933077445
1.051040555904722,1.322505395512048,-0.044547142252471694,0.27311361726468314
1.046734527162113,1.2962279659080198,-0.03818631941166539,0.2485980035972511
1.044413613078409,1.299221426554679,-0.013586483304537378,0.1504202474596198
1.0797929317825068,1.3234482715802773,-0.026972485243373923,0.21448061641512922
1.0101557113207744,1.2335727827668594,-0.041902833105570636,0.2473847150663002
1.0729083872218452,1.3408074552541815,-0.030691578595185565,0.23137246077793308
1.0313229571984435,1.3013716304751288,-0.011196370712516002,0.13693744443284603
0.9956992364599124,1.2672916608634595,-0.004014150691056262,0.08013154126120327
1.0495270876982938,1.3330130401935372,-0.025736320865138884,0.2111493564800957
1.0257007719454554,1.2766632809702338,-0.058507402960960686,0.30014756757133004
0.9836624426919688,1.2379768343201032,-0.02938027796642917,0.20914743683111722
1.0335525743872203,1.290200857602999,-0.009590666057822439,0.12575030512930171
1.048336531859077,1.3160694736346938,-0.032036042627982875,0.23187333838054816
1.0987515627414346,1.4086222483336235,-0.004119517774269665,0.09022461335318652
1.0677237708461795,1.3368364016310574,-0.03650632186337832,0.2508859404789748
1.030487515162859,1.3059812003066784,-0.005726555272710598,0.09854706515440011
1.028481246557575,1.2687765363021106,-0.057937445847974,0.2969168310146935
1.0646149842623114,1.3236130513597673,-0.029817535001848583,0.22522508966410915
1.0366428410308464,1.281929130643317,-0.03770477172449005,0.24435727175322836
1.0167606400760978,1.2766792595479908,-0.019215562756222715,0.175297343125868
1.038675050080233,1.3208351445054314,-0.007156001907425047,0.1113359623270789
1.0361093446292362,1.2851539017621514,-0.052669970840685254,0.2874686973423729
1.0331260134808615,1.2872876481999749,-0.04228045260808222,0.25927050855708955
1.0376811748279504,1.2757134604915161,-0.038699452777040566,0.24624113173580542
1.0910673212942332,1.3647085217730521,-0.010352186797746299,0.13814003462711055
1.0188582143423066,1.295588579256289,-0.012715869795421941,0.14517650580136268
0.9999154654322159,1.2707593116442657,-0.031524094642475964,0.22214928699222133
1.0601233978800966,1.3114498297461235,-0.06643964466319252,0.3273385775385683
1.0005105660296236,1.2572644601324576,-0.04458272311120548,0.25973980838546473
1.113931161595119,1.360707116854298,-0.03532258098784613,0.2513350328726686
1.0165927481836026,1.258591149657991,-0.052160662071832675,0.28023036396818285
1.0190803395956614,1.3202908049723336,-0.004761122116370364,0.09088513316878097
1.0928929208676397,1.3594755518578088,-0.024624546754597354,0.21075269972984775
1.091098164439181,1.3683362218216226,-0.033626253743924917,0.2468029239271414
1.0668789752743668,1.2946279128783165,-0.09139108390762862,0.3746335603994764
1.088717174713406,1.3769058415578932,-0.012475204246106264,0.15283959449320367
1.067110301479012,1.332299156723905,-0.02950911471301998,0.22556138123694802
1.0862153188969716,1.373042896662926,-0.011795787633885002,0.14825219928946023
1.0991496285815352,1.3384761763713529,-0.03126843860853934,0.2330654403961796
1.0114212018240398,1.2717212393575046,-0.032339683923371165,0.22508600806380613
1.0431612585171752,1.3046404809370147,-0.03865721377018416,0.2516923429054351
1.1145178739501556,1.4219189858501278,-0.0023084487258402397,0.06823925453384917
1.010858484944088,1.266898353283605,-0.038206331292208295,0.24303431836505757
0.9477218526421488,1.156736766730494,-0.05906676252003895,0.2731772031853617
0.9812253322734055,1.2151882171875164,-0.04215979875872855,0.24441376232514667
1.0456977523125381,1.3113380914196917,-0.007849537645406857,0.1157281110588503
1.0793194573869496,1.3478137753985961,-0.023060100655099003,0.20235312528898333
1.0476826553686267,1.2705874542954443,-0.0614569476053648,0.30573056855904124
1.034952842158687,1.2975144261454874,-0.009405059655935188,0.12524495291264864
1.0827859781198894,1.3762682781618523,-0.004321765265035804,0.09028118479670662
1.0130420051834104,1.2629329258041273,-0.04842549536148644,0.2714241803994439
1.0270884329678103,1.3221653312184138,-0.007330992109650936,0.11279271312345233
1.0265627323821875,1.2489927684600934,-0.07651738524014351,0.3329886727194119
1.0026440349985728,1.2397422869713524,-0.04038108899206816,0.24424416864467532
1.0561366722722187,1.3203817780291454,-0.014429710539290541,0.15747707939009709
1.0309279142711438,1.2699245906022922,-0.02990506882993582,0.21639725041739719
1.0740202827614136,1.3172568901792667,-0.05753891489709262,0.30725795376516357
1.0066111478772464,1.2837498037867947,-0.01773584348725543,0.16946841942961277
1.0703830354529986,1.3178563132221564,-0.06747040332298027,0.33131934433810584
1.0984448730881933,1.3866965882722875,-0.001921157076874458,0.060722006052745255
1.0360816352192472,1.3174993512468034,-0.007504113961191328,0.11370425221272933
1.0946397668923122,1.3769357516087788,-0.016574989662577755,0.17582094060373463
1.1273595479712977,1.4052948376807903,-0.025162993080866114,0.22016695692887206
1.0186726127629413,1.2594929679787294,-0.028132013822821378,0.20833954769305732
0.993324088886405,1.2496939923257016,-0.039799665838366804,0.24449419835276523
1.0191146992932298,1.2676180935619321,-0.046292153689825755,0.26663406784716004
0.9744900155156074,1.191716167297374,-0.06254391788188007,0.2891291821851667
1.0205506150933643,1.2811646475146181,-0.012690185494874884,0.14341699907089805
0.9995423855432776,1.244749050408111,-0.05192180854737627,0.2765444709197961
1.0897123632220478,1.3918487724137962,-5.7659482231908754e-05,0.010568537667232687
1.0742982649340478,1.3164029000269124,-0.040954886671249024,0.26111134417793247
1.0794276448165518,1.291076029266859,-0.12965852079183215,0.43739997912294776
1.084588673198458,1.3406652833280253,-0.04770735737693399,0.28608365579112627
1.085347047379263,1.3507867525967054,-0.0342056282307206,0.24565868905928118
1.0113011925090276,1.2580625173031397,-0.032707549161533844,0.22389147048120248
1.0868058517839854,1.3705945922987979,-0.008860680292245515,0.12844788254887912
1.0102279806764662,1.2374229554659861,-0.11176217213945905,0.3923373359297403
1.0630888085800037,1.3135714689219782,-0.038817974014143886,0.2539220477063952
1.0258427085095585,1.270614934724766,-0.03974844943413558,0.24843335870975009
1.0829177172978774,1.3894167643290982,-0.0008713122403722906,0.040994946270690086
1.0186678810481045,1.255960362553572,-0.03104547420440129,0.21793961146979668
1.0852370491769197,1.3940983451912345,-0.007537648679182496,0.12058150936727974
1.0970440340158814,1.37533054734641,-0.013628582884402274,0.1594751483352993
1.0634493475523068,1.2986247464239815,-0.07216797600097324,0.3369182385499751
1.0323944214022036,1.2990243392688003,-0.021155215255006077,0.1869735323042715
1.029556190503539,1.258518081854655,-0.08501764564244829,0.3522861716944017
1.0715712398069805,1.3446062419641651,-0.01039506093204201,0.1363838780560807
1.0925534365130602,1.3259835009223024,-0.05310869581082689,0.2977723299192126
1.106277406491289,1.3658383146089648,-0.02581626853279584,0.21667621232893866
1.0113713209390922,1.2440715910989504,-0.03276367113742684,0.22158541723462782
1.0516013304656278,1.3248392263466924,-0.014494413642305526,0.15835751351692723
1.0539314127098212,1.3052847450564689,-0.09323400333687926,0.38118505326738483
1.0838504153213566,1.3790957332369187,-0.005675323564590329,0.10360025664376181
1.11118198919964,1.3850073447329647,-0.028505646067483292,0.23057604239471727
1.0638487778738963,1.3458724911369777,-0.0077727233792102,0.11819775362750276
1.066622147439268,1.3043190616720595,-0.05148590220842708,0.2886199039506432
1.017733863277253,1.248704441970026,-0.07062704445997525,0.32072001837633896
1.093404301519646,1.315865520164779,-0.09714654801594813,0.3915550893610761
1.003194766554508,1.2755984528542479,-0.008558985115694195,0.11750990305705346
1.021809356720889,1.2809802030124884,-0.02284146012357513,0.19142567511001585
1.0043192068730167,1.2518171901643604,-0.026041399226143236,0.19943006311523273
0.9798997490955985,1.251225159564591,-0.01712118435051302,0.16233644100051356
1.0507345024252437,1.2683334711743801,-0.1443923427457927,0.4505241369507666
1.0841210338173422,1.351815427105029,-0.021787632863141226,0.19739770614307953
1.0879665591586454,1.3389977973625324,-0.038695136213408476,0.2584425416757648
1.022974071140801,1.2652364525145368,-0.025224557899779843,0.19846045246375807
1.06859684022877,1.3576351968293212,-0.02742195159282934,0.22179811366350635
1.0468132610926464,1.2788850098917497,-0.043100536923387,0.2599619300451445
1.072840680720058,1.3430362719688995,-0.04575619368443462,0.2809295762603155
1.106679167751423,1.3855978482088909,-0.017410401333258774,0.18125646456188732
1.0464352614553165,1.3096716773905395,-0.035348884640205025,0.2419953011066387
1.001448964923896,1.2243194401743802,-0.07258348938911996,0.31849169566956864
1.0582521514385528,1.310498432409783,-0.0584683096330505,0.3080050555255758
1.0863667987591672,1.3358222065929333,-0.03791868867347015,0.25532518065591986
1.023321940931207,1.271900411245159,-0.010341620674293006,0.12868066238349463
1.037984875224143,1.2938048738465737,-0.006455485844511166,0.10361818091613326
0.988263139146161,1.2315572715137346,-0.02522648077520806,0.19318483860360597
1.0058356858822146,1.220181044214353,-0.09675773634012041,0.36241967810723336
1.0325624952484953,1.2938420300394615,-0.02591836495439037,0.20564997131818832
1.0453861266803453,1.284897817975621,-0.04321547670156112,0.2615177884062716
1.0949394923785387,1.3736796491296848,-0.014527774395892257,0.16438153714346904
1.0463826057211272,1.305749189383684,-0.0373827118049872,0.2478709682017074
1.0550910492075123,1.3226751436434299,-0.02956739830335131,0.2241467039602018
1.0420113282869274,1.3118735918337687,-0.011495320219586658,0.13985261383151779
1.0446248718200843,1.2989352426458247,-0.03156802544060566,0.22722822346148977
1.051252398531867,1.2916345525751745,-0.027198835011455813,0.21017814105325355
1.0347827902800302,1.288954794469387,-0.012507613382198635,0.1432602688235662
1.062431048552326,1.342595522645553,-0.003663446383051827,0.08111404525666564
1.0616675125472284,1.3592864563360687,-0.007925587257392896,0.12053480798511243
1.100367762487168,1.3684002599840377,-0.021031102014282155,0.19639239992803487
1.0518571082722543,1.3040199648224884,-0.024272034339513082,0.20073803651061523
1.102532678881699,1.3686178752489433,-0.01986943425394716,0.19103048164423975
1.0581677227426158,1.3588220259039696,-3.0741725709493295e-05,0.007533902998930508
1.0431986235927828,1.308268091484917,-0.02265405307952517,0.19471765650747047
1.0539215480071513,1.2998814270150179,-0.046634847960729475,0.274385669716409
1.0234482795313713,1.2914548024724337,-0.01756265942518076,0.1696655895633297
1.1000540220906547,1.3471847273242716,-0.038175369301509665,0.2583350975682758
1.0451851386971256,1.310347927106073,-0.02555522499699059,0.2068459179831088
1.0383953083849695,1.3079110823230176,-0.015809321775317686,0.16316565257179574
1.0381378843023703,1.2675258305121822,-0.023998960302980876,0.1940453653186539
1.070730379693492,1.322235374474586,-0.01675533961093656,0.1697372487322479
1.0605939822163537,1.3049155076586372,-0.0575449265227983,0.3043942884434392
1.0714651074646275,1.3379996241922212,-0.0022675113576235972,0.0636412792133053
0.9820395648148792,1.1957471968946276,-0.09452578278572399,0.3513998037072871
1.1202175104212184,1.4208169372286132,-0.004189088028758281,0.09176775768673219
1.0292585585263985,1.3170682817487493,-0.019828089244563918,0.18364759218934057
1.0461905359608386,1.3332153605090582,-0.014030125776803848,0.15682152112759237
1.0039051935866654,1.2716983138464881,-0.0028492478345685246,0.06778465380688238
1.0293261328540768,1.2742379283071785,-0.04183826957539183,0.25535080525553544
1.0777334186166339,1.3494351597819534,-0.027896098995497942,0.22230495886857482
0.9838119243238286,1.2766759881462655,-0.007716030413578601,0.1117142494293948
1.0697889744099518,1.3367846153173424,-0.01892515021026142,0.1821838876423641
1.0359193701471314,1.2754450865655407,-0.052723425187357176,0.28543447729987
1.041690382537586,1.2955967609989651,-0.03690968834362973,0.24443848114853076
1.0439813846654897,1.3186025955649716,-0.023997229275481757,0.20185759097687644
1.0378173395382997,1.2752902471870973,-0.027958461004588875,0.2103186989343746
1.0800394158370812,1.3369165977270405,-0.014892429390936268,0.1619485572792965
1.0464939223855927,1.2885936931525033,-0.04278926511695014,0.2610268241451739
0.9927317080054046,1.2124135109681757,-0.09485498446786189,0.3568638414511537
1.0568874409833873,1.3625865531924417,-0.0010874662030753157,0.04490926745519654
1.0414049534582632,1.324158960473133,-0.018768400845265543,0.1797281176648082
1.0525825587743365,1.3269721271915242,-0.011004081196331006,0.1384402068272463
1.0288134559983837,1.268499537065729,-0.0486920827685855,0.2733351563561373
1.035888620432932,1.2942126914013639,-0.028196731357588156,0.21432208627737423
1.1030172996474306,1.3611290293300253,-0.02807150256052804,0.22491605926088298
1.0281424462865845,1.2924467740521393,-0.019178649329720132,0.17729501206674506
1.0601128789921794,1.2987050422078736,-0.04225418035882589,0.261492083060446
1.055321998533807,1.3242834317951402,-0.016662931853800522,0.1695384311735182
1.0170508433013707,1.2468662275157643,-0.0785765569600041,0.3365432397053042
0.9947613346446031,1.251398887276502,-0.0441754956197562,0.25739477772551694
1.0742476526619869,1.3159077174088285,-0.03833050919131997,0.25283076614678596
1.074382734660145,1.329554347205688,-0.04649260284166523,0.28023988309113274
1.0356950137677994,1.278058848292193,-0.0449341579368876,0.2650297897722937
1.0246730585950656,1.292148322591174,-0.01178967199159242,0.13948198149780358
1.0322110154893058,1.2964313322901557,-0.013346981719748685,0.1487859636859055
1.0347979487321257,1.3358552801791268,-0.006960923067560243,0.11106737806774428
1.0461843295475757,1.303670265991283,-0.03820116848485133,0.2500721495541803
1.0428950706193434,1.3049731123238035,-0.029241853950552787,0.21996080286060282
1.0492100527105757,1.3079463721927118,-0.05004298459268197,0.2855341124919084
1.0685577837031552,1.3377460353881112,-0.01094305393776307,0.13918088579250332
1.102830765661742,1.3551017923941095,-0.01970275071682215,0.18836428247550954
0.9947290804104298,1.2828943564320414,-0.018310962266306685,0.17203082376725695
0.9876865044929037,1.2653745079280805,-0.011319819290031452,0.13387348486969172
1.0781009433698177,1.3372546572867825,-0.03266367925860347,0.23783031940206578
1.1103545974892521,1.3977601635589902,-0.001723762512455096,0.057982560075028826
1.0104915752592567,1.255843934661116,-0.06064268474344692,0.3002896279733083
1.0274852086775759,1.2372740220713736,-0.07579990090968791,0.328423680329762
1.0683297395399711,1.3203969259202235,-0.02003763103361922,0.1850629987912313
1.0359359366314618,1.2852126486231594,-0.046320651346548614,0.27041446637020555
1.052144209592176,1.266405307029747,-0.1064047040835503,0.3927318552371097
1.0871447282709035,1.36127646067392,-0.00857632033985678,0.1255285314680442
1.0567646298611937,1.31397289511952,-0.04494247446037791,0.272501379681311
1.0402200952237266,1.2831072795885867,-0.05568774988362213,0.2946965577008767
1.0259516383096356,1.294714793867903,-0.014080080707814968,0.15255995660383254
1.0971075579851508,1.3583918371713601,-0.02497249550456493,0.21203127710723924
1.059058589704112,1.3166577178896746,-0.03533079071238876,0.24322600285530319
1.098514748798352,1.3742345066548793,-0.00894435443422914,0.12939030670634002
1.1424206769283587,1.3922374068042955,-0.030326695958468264,0.2388572184710459
0.9879794964731803,1.244833110876124,-0.02796487247270929,0.20531865749871175
1.006890330274028,1.2286669874822755,-0.07127748416608126,0.316927103976178
1.048854400660731,1.2762071625313012,-0.05990718582703081,0.30340778423715115
1.0122325336218676,1.2430558394667064,-0.07355168270801804,0.32536847069920993
1.0142896631864358,1.2747573237563743,-0.05507170933672323,0.2912398542176523
1.0902072881558673,1.3465898875718973,-0.022052944554763698,0.1978025766776197
1.0356220515822459,1.2608674578309071,-0.043268969084191866,0.25677903653455453
1.0881081140495503,1.338006326118651,-0.04033308037079353,0.2634527028512387
1.0648417817102855,1.3490779050200996,-0.026608076593201746,0.21719080361743323
1.0440668527603902,1.2981093603818668,-0.041560101553901996,0.2593029239271414
1.0239238078001989,1.248972965942213,-0.04588707472840392,0.2616108949416342
0.9846958431251686,1.243034184115336,-0.06923508220305452,0.3163075646086008
1.0746770214417176,1.3275950661773428,-0.013508702546375151,0.15327054727466252
1.042241999594828,1.2976147223679448,-0.04252973716980546,0.2620884532899286
1.0404968301658446,1.3136304746276912,-0.012086369459096247,0.1435530287571857
1.0815783733579134,1.3037218430367568,-0.08089678785472776,0.3566633361712906
1.0009520056852963,1.247255440013826,-0.028997223303437902,0.20937581356731225
1.0122350736163965,1.2676639687720013,-0.02757729428602218,0.20766950300024223
1.0520170889763159,1.3071913155640684,-0.021113158533122567,0.18796579327804822
0.9204074813974371,1.1154238564981611,-0.1518352293907279,0.40497762123859304
1.029389745357829,1.3032722448440046,-0.0014938421707269,0.050334222247239956
1.0484261358984126,1.2961464711739141,-0.020715961002013117,0.18465206603038073
1.050236458894314,1.291572162898833,-0.0531040111356913,0.29003252647233996
1.0212885498976223,1.262519656396116,-0.06560550756926475,0.3132636978349434
1.0046120393682765,1.246464239630739,-0.04984612894912521,0.2716018451678785
1.0266263539804397,1.257569332498534,-0.039337264102232705,0.2446559399866792
1.0917206704686269,1.3348575886052687,-0.028646406583408224,0.22275986907187498
0.9959375537256194,1.2085562471868845,-0.06508465821270981,0.29875426734920857
1.0219980335550813,1.2510888852062756,-0.0609944696807152,0.29996931788070225
1.140708930435608,1.4484432746156761,-0.00840747919550755,0.13225629831874486
1.0249643174957688,1.2842408352076593,-0.028734566869907274,0.21463331646629782
1.0549027237354085,1.3285929302524195,-0.005790802134551187,0.10081089494163416
1.0510069696840123,1.3143267581074602,-0.009644453976541012,0.128457048787788
1.0452481807509695,1.3351604098957983,-0.005858215659030552,0.10189379556831277
1.037229936019177,1.28337831234389,-0.052825944312655526,0.28747497261153704
1.0517622335947001,1.3489179794356418,-0.007147473331322152,0.1136358281562379
1.0254811373194752,1.239270945608284,-0.10113601503830094,0.37557675298296384
1.0665096623749488,1.3549397668672012,-0.002608895647942644,0.06911663192309929
1.0632707376529842,1.2967311081413972,-0.08941832409780748,0.37150601913666637
1.0874761439441778,1.3195495804930482,-0.06583139599936572,0.3279427172444446
1.0185904355466298,1.2588785258655697,-0.1076020890373508,0.39237587190015955
1.07259146093194,1.376430744312436,-1.2379752587721171e-05,0.004842924059013606
1.0150969869671502,1.2748687874533497,-0.05200042381006398,0.283439891224162
1.0578161607612835,1.275606060918486,-0.06487993956608773,0.31486288433155457
1.0204537651636532,1.2576126372730354,-0.08036118422638605,0.3429932478828106
1.0789922680597057,1.347901036354868,-0.02850097119541517,0.22438069236336533
1.1010728894970139,1.383413150660122,-0.015523107905519806,0.1710394663702056
1.0804322960707056,1.3390706324408632,-0.04243417647867598,0.27016995715984876
1.049068838668333,1.336957826947624,-0.009851341892899601,0.13204947546938667
1.0878847778223963,1.3608968433154784,-0.01334873553903293,0.1561945248348726
1.0315124313987818,1.295656201229947,-0.030875040567047263,0.2242283566878088
1.002650494159928,1.2927547374460788,-0.008080129339200104,0.11573847805034937
1.0298259835711197,1.3378427608333403,-0.0020391662807974775,0.0603516356823749
1.008335076635566,1.3097263398020245,-0.0052635725281235946,0.0947721852642148
1.0603140985498272,1.3539349644518577,-0.0020041014103571175,0.0605512204389217
1.119558230024432,1.388178536821056,-0.014686099855784285,0.16700624377884343
1.0887995362038427,1.3627745760094456,-0.04008245504091401,0.26752679987764877
0.9780266616728049,1.2214727878139038,-0.055985827700299584,0.2812508236403864
1.0205705487005556,1.265351940720052,-0.019604392192956288,0.1754575972589247
1.0558077400934849,1.288316760629046,-0.048022256869921565,0.2757774091227869
0.9786039580874101,1.205269450020093,-0.08056617859952886,0.329105276964106
1.0202255514719105,1.2751069226911906,-0.03728695325976261,0.24175507239080238
1.0703042764674424,1.3720250842465707,-0.003832577380961988,0.08477677171888531
1.0018854097730163,1.2682620362495094,-0.031819918432034244,0.2227186420476003
1.051066046228004,1.2962878176624586,-0.06735561208507579,0.3256370143446192
1.0594028927551657,1.3322952773867986,-0.016576506490479703,0.1701284550155713
1.088951293287035,1.357953880167619,-0.015574227117655104,0.168163770637367
1.0295045512967234,1.2648771223070083,-0.04993779552793254,0.2758552388330369
1.0143198984581452,1.2796407923442605,-0.024170029902886192,0.19658059191133112
1.0169183649882496,1.2741342700606773,-0.0689508779188186,0.3235982936815081
1.0212317694482547,1.2884568063888902,-0.0127993809024054,0.14484470789127443
1.05136275932907,1.3461174639357973,-0.007742177073266632,0.11798853013870107
1.0200737345201925,1.2482912224259441,-0.08296232226413758,0.3455013059005383
1.0504957043645906,1.2952923221412718,-0.05645552355719352,0.2994300631152327
1.0841182781839904,1.3786251597913377,-0.0001353666201437953,0.016038826902242946
1.0215574124867994,1.2780641478285715,-0.01645926467591874,0.16263457435875617
1.046793774319066,1.3164234983585716,-0.02108197063477446,0.1891563494870887
1.0778322428247433,1.3628899021292573,-0.008284718484815157,0.12354013144070304
1.0052543179464208,1.2391332137288853,-0.06154007486690194,0.2983519021358788
1.0331655044197636,1.276380864608399,-0.0638760948532735,0.3127547670553109
1.033621065052185,1.269401143035363,-0.060587673617156,0.3034015086600457
1.0402142718805572,1.3027695493350346,-0.017505444934265535,0.170877863267426
1.098823801943087,1.355199463233601,-0.0548273420305867,0.3089663112352778
1.0882729111882352,1.3588041713557761,-0.003915828879539562,0.0848633307255137
1.086635389766328,1.3358465924506457,-0.024393833815568033,0.20614041193626745
1.0549381165017875,1.29988047996897,-0.053302363619414095,0.29241532298591455
1.0986053694289322,1.387311062195046,-0.027392227654104317,0.22652669437398987
1.0521446267110823,1.312173385069794,-0.015290830862929594,0.16103175825098667
1.0637027124365324,1.3612567872948251,-0.0032799093863686846,0.07783231054961964
1.0470363862042034,1.3259263707983056,-0.009502589591545929,0.12864315300615028
0.9949572958938625,1.2625624814725491,-0.03840658500751548,0.24281304163215295
1.1055918736084338,1.4011207785467397,-0.002561183115192822,0.07081747629446779
1.0173314467633534,1.2694776545464839,-0.04231813393475359,0.25579271312345236
0.9957387895480844,1.243983775498526,-0.040715460110372304,0.2460528425071772
1.0551022739442402,1.306427147477499,-0.04310518026090171,0.26557419769392776
1.1090086584639114,1.3869264967579704,-0.009722878182689465,0.13609738142812064
1.0658805905447122,1.3298836423111382,-0.019951409220949845,0.18599903510335924
1.0550730489685045,1.3118559641302534,-0.034360075450921235,0.23909876556158025
1.0038740094862109,1.2457396548421826,-0.07084243130681478,0.32041381464966334
1.0900421987175974,1.3681846997553344,-0.005328836124628644,0.09961089494163415
1.042579285857136,1.3096352897591912,-0.03132413349735752,0.22824029079375316
1.0655250426306777,1.3372890606140961,-0.018794237230973954,0.18163285285563233
1.0369497423685086,1.3067138314654916,-0.023359965202045085,0.19742510259190738
0.9889171601985101,1.2097599531942793,-0.07001995435516206,0.30946688054019406
1.0447998207929559,1.2906183465227723,-0.039123086641365656,0.25042685142395504
1.0830630826078436,1.3334536532516674,-0.029129422543581196,0.2243411107689723
1.0174195518191371,1.2725642180341898,-0.011524736917874367,0.13583352267886042
1.009230317231693,1.2504840622549043,-0.07863714971056779,0.33764036087165256
1.0479021208965857,1.305268175618964,-0.04120398436084849,0.25965784329844166
0.9840778140571592,1.2095734302444114,-0.0786165927371536,0.32655459467353765
1.0237489167160796,1.3142410412952317,-0.014326934461070806,0.1561934017044836
1.0266572273969508,1.2695012074526433,-0.020666713644182044,0.1806453777002549
1.0223838459215038,1.2662654584980728,-0.03685803840884039,0.23874331503295837
1.0516386003651657,1.3066202263287003,-0.03375643657074434,0.23611227235210244
1.091854816724082,1.3669170305902638,-0.020935816752304826,0.19574374298531025
1.0682659864114177,1.3326300122123462,-0.022812231426356133,0.19901944817184342
0.9986759816059426,1.2440195995507255,-0.06686080992619758,0.31142907675981596
1.0151667144024756,1.2955349651221237,-0.007228942341142908,0.10975452151254977
1.1193241259389122,1.4072343365502198,-0.003737809875376863,0.08587463120537041
1.0265096477922366,1.2748593948485003,-0.020761352626307517,0.18181428477214265
1.0720649969858058,1.3574488211963114,-0.005296558541032947,0.09853108273506139
1.1205182077668963,1.398953091224641,-0.0007830376686983609,0.03913132122937841
1.062620059630992,1.3246312294257445,-0.02503393577009949,0.2070095754317378
0.990228634213252,1.2161410467838607,-0.06128196470936098,0.2922367942222097
1.0308584960473264,1.2762748509927406,-0.04707217061158775,0.2706063700547563
1.1055367360952162,1.3533566890719269,-0.028190051465472044,0.22409053295068396
1.1123029623107727,1.3696048386430517,-0.020093155785689376,0.19222038399272903
1.0367253509698775,1.2823137058903153,-0.046491001277916055,0.2702781794643404
1.0657204098149187,1.2840898489505006,-0.09756756326687932,0.38285340175362326
1.0805417808099667,1.320398230496188,-0.037895111395943815,0.2523014779012754
1.0920577207940863,1.3327909845646067,-0.01826088058139108,0.17848156889427533
0.9934232550051083,1.2145929904249793,-0.1112737336715337,0.3843408763196603
1.0465694658775415,1.3097660207541042,-0.029687144803892673,0.22239513845103434
1.0666055665253498,1.3362292473115551,-0.014799082534260322,0.16136462628491774
1.0116399695422251,1.280257961785568,-0.018983861621340026,0.17474554485186752
1.0753739139704708,1.3648466151610967,-0.011583308670108039,0.14604925110601774
1.0713502541989313,1.3062576565831523,-0.019414942006759972,0.18026914561791912
1.05859491409323,1.3245973352364226,-0.02934696724111907,0.2236580818744835
1.073470706540144,1.3310714391046004,-0.04537651458786662,0.2773195983164121
1.1125106200692536,1.393412434642736,-0.036835538053834105,0.262638417877414
1.0690302304699193,1.2962366694802054,-0.07192253249623626,0.33576474109548027
1.046615891797002,1.3001098299699196,-0.013876163218925486,0.15209757344962704
1.0133226188462188,1.2529281865149322,-0.05331936526066672,0.28189581631073685
1.0565318048059356,1.3458815435297402,-0.0036651424773659347,0.08133132504916105
1.0710693183455828,1.3390845393266801,-0.018559881771009534,0.18075999275739862
1.0453280182852167,1.2977231131247018,-0.026687422257911653,0.20922627955701878
1.1170268046210214,1.368903922903031,-0.05052321626873013,0.30020342001000244
1.011062497975286,1.2877966871663822,-0.004190572111444579,0.08319091344302176
1.0417301825198202,1.3200531054090099,-0.046176888646405345,0.277332761364324
1.0103053779877709,1.2609901849164225,-0.06526047955964964,0.31211089494163413
1.081764892554354,1.3421680568470618,-0.04363733193451047,0.2744487077312541
1.015351800949559,1.2332191318237706,-0.07762644851575518,0.330987041730625
1.0133005137906572,1.2746449303152638,-0.056559909546110454,0.294914762344949
1.0278405366581593,1.2792329250394174,-0.022912943596968605,0.19145677307783487
1.0285293206156814,1.276296267063318,-0.04443012777699962,0.26323921352570495
1.0820549811510518,1.3598587550389942,-0.013419892521184584,0.15648532207270657
1.0046590581265258,1.2442782522038824,-0.05487231263675252,0.28378811013150756
1.0534217746784527,1.3034166983667763,-0.03129474203541749,0.22705316847627005
0.9796859115925264,1.2318264590064458,-0.03846937656409932,0.2370883724191116
1.0498707602967317,1.3017019650635966,-0.033455194944499,0.2342057302043234
1.0801173021573753,1.3388397769915108,-0.031492522590348404,0.23393720108278906
1.0649895020458469,1.298355884796545,-0.032343552613288695,0.2298134732105108
1.0775120774616254,1.381069954682839,-0.003750856756175258,0.08442439405353468
1.0913449158846418,1.3787830591045998,-0.011664117224905679,0.14804839494163416
1.075800358628706,1.2920557837244822,-0.10120060519146667,0.3916873976738746
1.0270663304724046,1.3174570431021988,-0.00522771546352474,0.09500800685499156
1.0589621008244914,1.3161468847108824,-0.019792025684957526,0.18335538833370466
0.9967682085214702,1.2461948556905635,-0.021265015930185704,0.17982479868494966
0.983475935455978,1.2364796088170606,-0.016721615588868755,0.15857146841833666
1.067078595019035,1.3747915611220303,-0.008597323299628368,0.12692862671481148
1.0964819294002175,1.3790911922460096,-0.006283914606910024,0.10898026431100352
0.9916806861460021,1.2340022070380001,-0.06285902650025688,0.3000971902555157
1.081241670329042,1.2894666129285295,-0.134074923443523,0.4433666341519189
1.0682072075348195,1.353689478810063,-0.012728345108054206,0.1517604276519145
1.0689764076906287,1.2899878273611625,-0.08662066661669687,0.3642146349238247
1.0471546472922577,1.301016924438922,-0.04367431815890299,0.2661420602532873
1.0568662722058833,1.3014894555813943,-0.042689847561201644,0.26334518578544025
1.0683918646183967,1.3600560684272898,-0.015584829974373493,0.16848053942659313
0.9962815224894481,1.2385159431393429,-0.08104296577029135,0.3391078057977684
1.101266392851996,1.3414258336283347,-0.048596144497164984,0.2887775616083008
1.0468072257337535,1.3288995038049143,-0.015500359048535639,0.1641810306882405
1.097705807419029,1.3590730723394113,-0.01143790466211514,0.1445261491789223
1.0501487651440462,1.2999253125321495,-0.03204264697207315,0.22905183272341959
1.0344738116157723,1.2854735027743889,-0.05727619972565812,0.2991961483978553
1.044945914040237,1.3257773402278317,-0.01007044486792541,0.13237899759974597
1.0939112264014985,1.329041922618922,-0.08199839817700783,0.36587105754326016
1.0402029408447528,1.3358233287976966,-0.018768922003880473,0.18131379349235877
1.004105430122184,1.2506634237006744,-0.05144228444428034,0.27663546273053313
1.0288038854720163,1.3143508709678242,-0.046051373714154575,0.2757757694936055
1.0367852872673489,1.2855702098689075,-0.07912053448178957,0.3481011258474956
0.995284417268853,1.2529293963951607,-0.012219250160662165,0.13766120940704296
1.0251371031410363,1.2568186871472506,-0.04706388786381166,0.26645872102859064
1.0809886708085215,1.3601382226122012,-0.03151268325808876,0.2377324419029601
1.0543929036342554,1.3478665783557775,-0.0010158591375069026,0.042938134429751175
0.9724333490476426,1.2834722671282224,-0.002041301199264378,0.05792915895610069
1.0119713283785916,1.2970342229861391,-0.012895434184809762,0.14634810834551426
1.1230324111293337,1.3582038217695924,-0.06523557673453162,0.3361122723521025
0.97892289594398,1.1830984671828553,-0.09670036531685255,0.3513103582690045
1.0828813390064445,1.363922873581667,-0.013931548624029677,0.15987670612403562
1.02671611976945,1.2858587077743089,-0.01903128026081724,0.1757249769380691
1.021602094688164,1.2741880632883136,-0.037662048216879684,0.24274904681720597
1.091970044240712,1.3521642932937195,-0.029788940211501025,0.22997619174528713
1.0337181541278586,1.308466682440298,-0.003702904726347933,0.0794751483352993
1.0816119597839684,1.3245134893036337,-0.07519198377546532,0.350266939927576
1.0384068155697412,1.3076818258025409,-0.018493825482974957,0.17621231842917864
1.0584631243456852,1.3730472142574217,-0.0009401785463389878,0.04208105104815388
0.9724907644666588,1.1638794518855013,-0.15578409688950035,0.42729833848273624
1.0699596224912504,1.3240664333181433,-0.04320191435391174,0.26944931504935404
1.0551207627861323,1.3204519268929051,-0.012408836053484418,0.14618747151821074
1.0447034066544905,1.2957448619965337,-0.01267663867251656,0.14497267601770095
1.0625086774343984,1.3580409643243165,-0.014794759683658176,0.16397503034877048
1.0514132654469188,1.3493752941757415,-0.0027466289050954718,0.07062153323950647
1.0356006634381212,1.2946139970052022,-0.011525228785330244,0.13819003163228166
1.0874842654521328,1.3410873919492066,-0.033251085744217646,0.240578636877118
1.07247808183255,1.3304516494738128,-0.023787070648358055,0.2027985087849857
1.0754823510445748,1.2995263649194724,-0.053674298247043506,0.2933020437175287
1.0904090768224235,1.357417692968916,-0.030780210186295287,0.23456664715402356
1.1151212692393895,1.3718506672811048,-0.031183695040926107,0.23856273630140754
1.0377476325000445,1.3218881190568033,-0.0035776790585646534,0.07892596343478485
1.0088250014098008,1.26208753159001,-0.05014436578194914,0.2757884311735182
0.9839564100607816,1.2069560113973123,-0.04367528623264039,0.24690314517506085
0.9826599221789882,1.234931899520158,-0.03670419344986198,0.2323664504971897
1.0554924087065376,1.3348768884919506,-0.015152195054985551,0.1630847721185361
1.0452041587770586,1.3181526744711776,-0.0027366398224215605,0.0688622318400299
1.050603771100904,1.349225714339489,-0.0002163629202320827,-0.019843992276410934
1.0453150034332799,1.3452505166755517,-0.005919403987680649,0.10319545376516356
1.02481684018649,1.2443778542818449,-0.0653373927333496,0.3081694535001927
1.08472044379968,1.3796500982901354,-0.009592132172218104,0.1344787162725366
1.0477648668336799,1.2943627974649838,-0.05963093027806221,0.30705381731606335
1.0460870086905842,1.2914433607553455,-0.018779340883609885,0.1753377671883302
1.0148682000235387,1.2739273375611868,-0.020529207222084178,0.18068330557408147
1.0693341197598463,1.3212724099766848,-0.030887396320973037,0.22870591756606856
1.0061592188897213,1.2839355129189933,-0.009396580258729248,0.12387886299842209
1.0243707330283207,1.296719182837247,-0.007170021005337368,0.10940942974016896
1.0524229059639696,1.2953390452262934,-0.07900096349401453,0.3505005746569367
1.0682511207525103,1.3204069183560023,-0.023947705250423557,0.20193000440360076
1.082314248656661,1.3545927626155976,-0.028300786338004258,0.22472320401620738
1.1022829495786166,1.3576566388342641,-0.017523902259243718,0.17816937182286718
1.135813848112373,1.3836994580932802,-0.03748427558419887,0.2630120039989355
1.0826733701079971,1.3149962747647062,-0.117289117139326,0.42605983698395244
1.0197272099327657,1.2894174828280418,-0.02354198958326359,0.1955520189380659
1.0263616898683303,1.275948724461445,-0.07871539900460456,0.34467488031640564
1.045847396292395,1.328246243110964,-0.010105238953415974,0.13285214724365993
1.0448695518293536,1.3219808088336649,-0.003937838537201976,0.08279434817904424
1.0142292408311946,1.268042761251757,-0.04542651788349161,0.26432720699837176
1.0337430859695345,1.2798449823102767,-0.0314065648640951,0.2233328680358046
1.065197062884398,1.3359801422204562,-0.02611755886755307,0.2131413608914549
1.0766180990244176,1.3390382628999926,-0.011359401625041343,0.1419116195793153
1.046241300426426,1.310541116127719,-0.022282047539233796,0.19348300861836595
1.0421938196855753,1.295684267406524,-0.013105911586137386,0.14736874247526646
1.1342500648508431,1.426611568174092,-0.007702058949829782,0.12472200605274528
1.0551946945383281,1.3218628377742911,-0.014682471748140635,0.15900870516061227
1.0940922118908527,1.3604322851593154,-0.026694682031802586,0.21936566333400473
1.1056491628886589,1.360093938712868,-0.038564693329609545,0.26208795916181765
1.071937498909459,1.298082523161014,-0.04430407077455745,0.26736874247526643
0.9784694614152156,1.241392691517865,-0.03476138464711731,0.22752944697783326
0.9841035301067034,1.2485373924605618,-0.034218406066760076,0.2271042753476359
1.0471580322924254,1.3018050610667904,-0.03391684074371315,0.23578210848820047
1.0544425738216823,1.300553592902336,-0.03997956566273775,0.2549968913509698
1.0526489743830476,1.3075168822026033,-0.030053013097417702,0.2233374364965939
0.9968338721675439,1.2302367943402013,-0.061540202798625376,0.2962101596475165
1.0675584553317425,1.3499438428810535,-0.026853307141676774,0.21830334429706696
0.9816412056366527,1.1864522212527704,-0.07577350103560176,0.31488248888642495
1.0239327256014539,1.2622301991124478,-0.04252900731706033,0.2549394917444761
0.9915948382012509,1.226289307064921,-0.09991236360400424,0.36959281175899394
1.1101122151195106,1.3282333402723232,-0.08935855593582187,0.3804144663702056
1.0330085006091696,1.298652621404764,-0.03129920247957352,0.22623890564636207
1.0199804747641574,1.30304607621717,-0.003101226055002071,0.07245262156033919
0.997254804005038,1.2453357481026075,-0.04934191994964032,0.2700448913249976
1.0480142348498729,1.2924448038644452,-0.055340792438011155,0.295963618856685
1.0761114697951588,1.327340760295917,-0.06664127317644541,0.33177593487064927
1.0728087734169416,1.3309758256391993,-0.013504165380244348,0.1536353918795169
1.0115135551208625,1.2767924631568313,-0.01126013378784041,0.13472886227375755
1.0740487461186858,1.4168493597869072,-0.0007659374520525564,-0.0391971123377107
1.0741279418570766,1.3628597232614004,-0.014417297064390322,0.16247433106498219
1.0622536372864153,1.2910718478737009,-0.09028820889322375,0.3715311847967066
1.0775392459412316,1.3132102794034757,-0.052897987670952995,0.2943477370468973
1.059149284514469,1.3473741472623562,-0.03011994845051924,0.23039413720028623
1.048518325131609,1.297551843716368,-0.021300074783714207,0.18738663023575183
1.061763799614478,1.308455007967249,-0.035102550989166925,0.24095527799872438
1.0656484489344233,1.2951167554222511,-0.04922720036740835,0.2805283261342947
1.053433984189306,1.3310126524730697,-0.009358493365306142,0.12816293114072919
1.037782173024205,1.294470889760151,-0.03966519795202106,0.2528426585612094
1.040736130429424,1.3101782267762865,-0.031147702436224334,0.22771044245294636
1.1161809072011086,1.3702103086190713,-0.024565460094179814,0.21216797256720496
1.0922260127009085,1.3557862999819552,-0.027572101773084112,0.22208540838000304
1.0479256014087308,1.2472279220669031,-0.11899967533250644,0.40672768326280206
1.0540311001830873,1.3165710605429155,-0.048044037596620015,0.2818865069089959
1.0431951033171651,1.2616112529895493,-0.06542087908274774,0.3126245935717712
1.067695349301467,1.3328054615545437,-0.03429081731625683,0.2426802018723272
1.0727175602516377,1.3670794710791294,-0.009636804884486816,0.1335603989993438
1.0636521484456716,1.2868924821132184,-0.0624020085962258,0.3118868806047166
1.0633863594872546,1.3166408161948069,-0.03910097342605212,0.2554066631109074
1.0764742815661907,1.3056346306716613,-0.05061260965114456,0.2865693387966297
1.048824195259993,1.3062980861130642,-0.0070670682196642964,0.10942907675981597
1.0760942047512145,1.3750992150004648,-0.008605740674471729,0.12701863571571154
1.014665537892103,1.2626256189690122,-0.012028308660215314,0.1376513733224989
1.0435490293330725,1.319372343383675,-0.004517638016761083,0.08847983569567366
1.0107731485875169,1.2473484516209974,-0.03234636315797079,0.22079427344208583
0.9720636058962195,1.2389327190968789,-0.020547588761770985,0.17579702632849545
1.040608515115778,1.310067533411206,-0.046836503993146206,0.2771063577365525
1.0699876554795953,1.3109865623979207,-0.06493702002698187,0.32372963334608684
1.0436386741760795,1.2554120007097331,-0.08743963288486234,0.3559900503773934
1.0439266229227737,1.3379396934262986,-0.004147114007465591,0.08598265544208099
1.0768337739054912,1.3638816941296845,-0.005262498752010236,0.09868086836944638
1.0044663328156898,1.2344752858340444,-0.0768992537061155,0.3298799532375983
1.0518728353358702,1.273366951467535,-0.06734206759201511,0.31984899017972945
1.0626853787889279,1.3210375132913295,-0.028497447787095398,0.21989559245053095
1.0226164723445137,1.2598950314050494,-0.04748931450330063,0.26826098375158086
1.0163277949089187,1.2594923177883965,-0.03740080709595217,0.23914577866256442
1.0572136239116399,1.309367227303424,-0.040407238518510136,0.25804138821517675
1.0486349999651963,1.3370310131849774,-0.01075100534077622,0.13789354252660732
1.0190024540345786,1.2575721370596482,-0.039802070523211164,0.24604265230113462
1.05899113120903,1.3437362404067983,-0.01246041653493335,0.14907035440109362
1.038869630508082,1.320505454928338,-0.035355831143493166,0.24402027275948804
1.0470648810062437,1.2895925107679445,-0.06672976710827005,0.3225411274997737
1.0624286817914426,1.2991585308929101,-0.05176828381735077,0.28822655978680717
1.0347978864121987,1.2877719464336526,-0.038832511223696686,0.2489796956630048
1.0295895084687572,1.3141442092203133,-0.014063225470980267,0.15475795376516358
1.0331016230238022,1.24654772430837,-0.05538312575005522,0.2855568408875801
1.0876025379095098,1.3231013301842134,-0.022427735904704926,0.19596093891700794
1.0022861254730557,1.2221081597939123,-0.047555052645412266,0.2603871506493967
1.0297591953601055,1.3087154776648298,-0.017090734921055173,0.16964683384549759
1.033060316453733,1.2971012752009334,-0.00971034702393192,0.12720168324987155
1.094431344493032,1.359098641496535,-0.033804588339215735,0.24576474109548033
1.008838446709679,1.2514614729679558,-0.05362665894974428,0.2823348437533343
1.070583307042451,1.2955404797812589,-0.09083210755673243,0.37384512917586843
1.0383822318157288,1.3141881353209286,-0.01791330423419657,0.17433717231389695
1.03785306385242,1.2729163854336065,-0.01845999058812664,0.17137348486969173
1.07799334946216,1.3589814067023949,-0.01526722414953996,0.16664925355001955
1.049758874372142,1.2852717840466246,-0.06220811787575187,0.31103817588111016
1.0810245000035827,1.3398875959680292,-0.015606060962319868,0.1660933995456857
1.016790866566464,1.2869866597414568,-0.006773996675318195,0.10556757364199518
1.0117864468300644,1.222147313477848,-0.050301221210573344,0.2674581810501898
1.1256583440445211,1.3737881891918913,-0.03345658639497362,0.2471806519173317
0.9983528114210556,1.2449938172583666,-0.05390444192837718,0.2815651202937468
1.067079033440478,1.3047302541881267,-0.03908707726947647,0.2530529239271414
1.0763157147320288,1.3083158155608274,-0.08205787522246188,0.360286077423386
1.0953047408001952,1.3828631852752313,-0.004580498671638011,0.09337771108513193
1.0638005684999663,1.309950516273616,-0.04215241964419647,0.2634514082321932
1.0770465327008154,1.2946246767693197,-0.1186155051529203,0.42157436526126885
1.0468599042478797,1.3510872396227207,-0.004166577243291059,0.08703024978034381
1.0329335293801214,1.3052802703588167,-0.011288408280311302,0.1379058258172102
1.0536171818874693,1.2936082332388685,-0.055251171649770114,0.2960026475189538
1.0049357130773136,1.2416743017426162,-0.06431310164790416,0.3052268369706197
1.0859049209120537,1.3490849434672918,-0.03240026043020694,0.23899537308614796
1.0484515774576382,1.3088136714007192,-0.037941852476380156,0.25023645347603984
1.0349081547701993,1.2700767101684594,-0.053261665515387024,0.28560722184705195
1.0874908171909217,1.375053373427382,-0.007613878083359893,0.11952959412862603
0.9710123704726442,1.215959153215241,-0.045625871186439015,0.2540015759452184
1.0392356014900668,1.3192776438782576,-0.012864954627687997,0.14868411088231995
1.056636169243173,1.3207504978181182,-0.022967205089696963,0.19789918322992245
1.1140569852877256,1.3765315952210837,-0.016391971044062537,0.17481196732769314
1.0871840061975104,1.3682820760191554,-0.01562254812811159,0.16970139267919068
1.0660364031807623,1.3463291494202605,-0.020463135537123645,0.19065082066122563
1.0032706382948644,1.2427319070919756,-0.06714985596678469,0.3117362355410892
1.0551338958114826,1.3327965335637086,-0.02286961335143789,0.199288907821119
1.074826579298493,1.3374663985960613,-0.04609741257099542,0.2807599075089591
1.0618442059284958,1.2836265107930327,-0.0701519906826582,0.3286517475171226
1.102126757107302,1.3874269517462954,-0.022142466914221615,0.20420548953622875
1.084269835292805,1.3508926674338564,-0.039663622194547665,0.26385820676959115
1.068163215675375,1.3304444703979263,-0.040009105297957426,0.26095018065591985
1.0432944228274967,1.3062634948515468,-0.024599681152601915,0.20240368773442693
1.0561542202933254,1.3132919361736937,-0.016323505961944873,0.16643781801855723
1.1117587971578413,1.3748821009280654,-0.008392173864230301,0.12542611233293854
1.0763645352435285,1.3442880534200141,-0.06179082539787739,0.32429096806777674
1.0361734692067859,1.2442574414383183,-0.09483499952743646,0.3662015968559459
1.0131431041936878,1.270978505947054,-0.026899064620967916,0.20570408490579184
1.0914905716851242,1.3303334887204739,-0.04909985340578138,0.28780094019050295
1.0722391293321447,1.3486064862058886,-0.015366391188483597,0.16590512212971611
0.9969387401858287,1.2312285136376535,-0.057750111582201,0.28768918675658073
0.9774272373540855,1.211595634659467,-0.05062757309162125,0.2659664504971897
1.0735394513197265,1.379563359231223,-0.008578140893409802,0.12722822346148976
1.0593232693337684,1.3045099337466213,-0.05164359204636648,0.289082180265244
1.0885754530908258,1.3383994993617117,-0.05561313116187239,0.3072005913537777
1.023476064197024,1.2494474021513915,-0.061779188149716946,0.30138523525100636
1.0166914268458194,1.306412609322938,-0.01445480521965603,0.15594452562852087
1.0366863344511341,1.31711894532071,-0.022193323152960742,0.19407502248813546
1.0708802044126846,1.3600402494149395,-0.015115307023149338,0.165959668783596
1.0482570275282737,1.295058760907899,-0.049964005104844667,0.2825080912033164
1.0565811767396254,1.3379694814796272,-0.006648905324399879,0.10873823243050326
0.9729672734852695,1.2238977349342908,-0.07575794237141231,0.32478946637020556
1.0424178701654658,1.2730812871734962,-0.03515380455401318,0.2346064025786512
1.049964788481921,1.2876258003651089,-0.04377300797564243,0.2636876773913599
1.0981243004104257,1.378872270246366,-0.011664182488961616,0.14805838352610903
1.0003427322637386,1.2241689684571835,-0.09125036073155979,0.3539944565854698
1.018174711676657,1.2804564901578543,-0.019621704740283574,0.1776289129596522
1.0453058505976793,1.3082207938364045,-0.019074543253678966,0.17898026431100353
0.995784341790449,1.3179401355958944,-0.006762111232703427,0.10801234816597567
1.0400957026779583,1.2563230758280288,-0.08490091006140177,0.35144913023575186
1.1007805283411856,1.389361189750566,-0.007726297301487106,0.12165489127527303
1.0323664174055605,1.2681883184973552,-0.08089713311446212,0.3469430016573655
1.0203968460568862,1.2747497250624844,-0.01921973250369091,0.17505103578670458
1.0098139002018875,1.2477026627284706,-0.05740936202348568,0.2907240008662302
1.0182073447429751,1.2845848879757187,-0.03614833316141253,0.23993631270768515
1.0314934484607663,1.279631767283342,-0.04264712302151552,0.2587981740935776
1.0186874873868355,1.250948918454924,-0.02051484172041307,0.17736339721642946
1.0457001121619565,1.3067837217549134,-0.013798887515687808,0.15245787003060216
1.0045196995420018,1.2379364215065696,-0.055566353842823046,0.2840282391150759
1.0550990656566541,1.309805748243415,-0.04004241108916018,0.25700494363414994
1.0501508847169756,1.297116559961067,-0.04410065286983422,0.26658169786134217
1.06537604021699,1.340777273906133,-0.024972643860911248,0.2092824277883495
1.0628450529331042,1.3236084725376276,-0.028209733119048064,0.21923918143302126
1.109263341373664,1.3839284312031555,-0.010682644793017948,0.14228057819955273
1.0215977934295426,1.2852675574509635,-0.018576393738996666,0.17357111193982583
1.0495301706893072,1.3321078744112278,-0.011089875055483756,0.13951080394982343
1.0491030213472634,1.3526946324761673,-0.0037121784303457694,0.08226395616612395
1.0310918698279803,1.2736093210356594,-0.041187474925948875,0.2533111724624482
1.0325269271978796,1.311062330685277,-0.004036175571682676,0.08312538769525733
0.9318780145049327,1.161622499662529,-0.08093074249338583,0.3178504593699464
1.0640675637408623,1.3442492231705445,-0.025809173076777103,0.21322275477990907
0.9782515260771784,1.2312558463787955,-0.01691247002889873,0.1587852068682397
1.0669621115673582,1.335653492219828,-0.008679292785630732,0.12389660922734844
1.098736974725573,1.3548395845542798,-0.007978958590127316,0.12054112749977368
1.0167013462618864,1.269039834264816,-0.06132434005146581,0.30504761508423667
1.0388918784667605,1.3166978654704924,-0.028934023710110335,0.2207988382040455
1.0137163887427763,1.2810216902145621,-0.020234717063518426,0.18040767202310237
1.0769778355253607,1.3442267244160777,-0.02236370933260079,0.1988116054212079
1.0289044923947648,1.2939204975519127,-0.011196861999060337,0.1361563494870887
0.9947736274790603,1.2766462022279832,-0.016072047391416877,0.16056242097395013
1.0265235179674983,1.2667628351679479,-0.0435896153600952,0.2588939831769283
1.014265507797721,1.2795587358898348,-0.049333415190324637,0.27744318753753067
1.0349692136657118,1.3009201020352343,-0.015493937250977696,0.16069148102222025
1.0684530666543026,1.3112890081783115,-0.055777222995389675,0.301398245995713
1.0413671258807446,1.3008687086057902,-0.006016590491881413,0.10060188593262516
1.0996604867627984,1.3855638693426928,-0.0012975763134632778,0.04987827462077856
1.04951187537481,1.3249567074067419,-0.02518660936003969,0.20767541107066637
1.0662296180953361,1.3505650262584816,-0.01207394805666806,0.1475142677766387
1.0824757213533527,1.3583364757660492,-0.016969705702377436,0.1754650038982362
1.03925484971522,1.275261053145475,-0.06715194300104854,0.3199007500140979
1.0278573140472564,1.301148755333814,-0.026918631013425065,0.2106616195793153
1.0840067979149313,1.3257206258816,-0.05285470730660369,0.2970363691963767
1.0618048012539356,1.3348306053324999,-0.024843152192659534,0.20782644264481434
0.972165078980124,1.2147925689039425,-0.02333285951236186,0.18343307642651044
0.9932963660116029,1.2382442661203947,-0.032736606002130575,0.2204592703928977
1.007331419970317,1.2497738749857972,-0.030889695984899657,0.21633767582531316
1.003030361401899,1.2093721881445931,-0.1104326156666684,0.38138407225936594
1.1058577864895702,1.3546947438275596,-0.08230519582746187,0.373577060355168
1.0226536824382513,1.2543023097230188,-0.0680231800124722,0.31654856431832795
1.0205954740753946,1.269870926137994,-0.030594011945557442,0.21879328487874106
1.0461692385080854,1.3126880878676754,-0.027568005503515902,0.21501013448536038
1.0428489272516879,1.2729551527756533,-0.06927304834207004,0.32400442593893874
0.9495531454126099,1.224505399861315,-0.011123609361905373,0.12843442435339886
1.0494213770435208,1.3366869396333994,-0.02084679485517138,0.1910157008566064
1.033304873610839,1.2732594869655316,-0.04845076653223446,0.27371161436609454
1.0212393560029323,1.2667851812652071,-0.061361592997128955,0.3045927789996052
1.1158882168055986,1.3903343147955625,-0.01599955192450131,0.1744722627789724
1.0702727949542765,1.3212419982792594,-0.02442977486649478,0.2040332776131143
1.0477240497663274,1.323867725565895,-0.02514335073459706,0.2073308231283487
1.0447880217226997,1.301931524762369,-0.00984789998082225,0.12856772947400824
1.024314805873498,1.2401920631539947,-0.048790973319233544,0.26749410662046624
1.0319050039554838,1.2517118527071163,-0.10379211696475399,0.38383352603639037
1.0962232667783807,1.3613782410406938,-0.01638999440443678,0.1728773182992984
1.0463401009361637,1.2856367015671568,-0.07193652170083897,0.33304923877601755
1.0630804033182992,1.332613325694238,-0.026882421733652295,0.2156145115781622
1.0570371204081852,1.3015596964991545,-0.04694031347637018,0.2755980391105965
0.9839321865981304,1.2598529394519493,-0.021201529717027823,0.18152971412982605
1.0104017246818806,1.2614207236500075,-0.08353287751659866,0.3502415255722648
1.087225438402244,1.3844441789281592,-0.004107303831645259,0.0885449509488609
1.0518198805121726,1.3093609085222222,-0.025989946566712163,0.20839654351569117
1.0625860796411346,1.3260713175064651,-0.026993812628882896,0.21498842716999514
1.0265000281960186,1.2860883170894695,-0.040605079297566515,0.2540493007387356
1.0397317554516698,1.313834901300619,-0.012740655050607952,0.14736269350278525
1.1202478022114197,1.421494909470118,-0.0020828140427271435,0.06480652733471878
1.0225971207607938,1.2595179771392253,-0.03563162085345706,0.23362510453310842
1.060280957262289,1.3336475031862411,-0.020392486739919224,0.18853523404828867
1.091358625162127,1.3653153615468383,-0.021158762299512857,0.19653118479670662
1.0959143968871594,1.3483990478575507,-0.08495923368988967,0.3773262507468776
1.027142616985434,1.2962395352954614,-0.004390757743574447,0.08570450430257028
1.0664433177667707,1.3431458655875228,-0.02145305190366331,0.19465184125646579
1.0506137216551132,1.3309282286437205,-0.013029842773892408,0.15094304414234463
1.0457243287247842,1.3034972200958963,-0.012951844626473585,0.14739458288489657
1.0816283262781319,1.2905175208399442,-0.08948322143246412,0.36984899017972933
1.0667422873818788,1.344289674492007,-0.033626919289704515,0.242468037798777
1.0615779451941383,1.334797671756623,-0.01884313265976445,0.18152578855865545
1.0731248447719182,1.334196687529624,-0.012220354392730615,0.14659671054447104
1.04264988629134,1.2972931174140447,-0.02668328378842788,0.2091411569109205
1.0414037658540747,1.3271835346275884,-0.008808611741805583,0.12401674503304184
1.0758329776238136,1.3715622533831773,-0.001990074657862051,0.06112494752549636
1.0631654184622679,1.3415616173431901,-0.008489433148721082,0.12308759745059476
1.0123763201778766,1.2649663559986595,-0.0427192139943271,0.2560394663702056
1.0089596926174542,1.2542303364681586,-0.053930916432138654,0.28372011606965564
1.0380747420678356,1.2566242140418327,-0.06270103225313317,0.3052370292429046
1.0407912962975854,1.2553642699701022,-0.1177685767461556,0.40748209351050724
1.0750099261494481,1.3303286791876687,-0.03968461192870265,0.25990774095276586
1.0502279994536419,1.3040916251875458,-0.035817150366270756,0.24250018387052702
1.0615380045742122,1.3191763859628833,-0.017892107432066373,0.1748971544836189
1.0258662893526707,1.2801386564910806,-0.041741134069072316,0.2562472585779978
1.0524786271146256,1.3189312197025498,-0.014953963425147432,0.1600947659093761
1.0751403722213748,1.3311993122092665,-0.019669580296821865,0.1848889259352531
1.0199075831942843,1.2912502657195517,-0.013133089696959921,0.14701465501325456
0.9792387198656983,1.2499413306401683,-0.023215572138436835,0.18827634283925754
1.100617990386816,1.3632441026696849,-0.042157025727717734,0.27418394997009715
1.0737483787289237,1.3178786796289057,-0.04739171556924204,0.28033161566235487
1.0397257564533182,1.3160250058944438,-0.01297879584936501,0.1489639448492127
1.111062176256536,1.3577321128163722,-0.051333511565591516,0.30001593544568456
1.0584765040407065,1.3270962069379808,-0.029643411330336322,0.22517650580136264
0.9898702752147354,1.2728924646540773,-0.02131632178457088,0.18389406502177663
1.0334529810809572,1.2789678756299396,-0.04001788897172953,0.2508801605808001
0.9732152146320148,1.2119187212390452,-0.05947152156994684,0.28713317658156284
1.0833495169368978,1.3440549961745505,-0.03093533704201734,0.23282453946587114
1.0893396351182976,1.353137480341959,-0.018348434391792123,0.18163236184682202
1.019234971522021,1.3535878267712993,-0.0006210616314645812,-0.03372243839169918
1.0436493995465104,1.2732523691595352,-0.05754274307883067,0.2970029812725694
1.0793745602825675,1.3339770543250655,-0.05525055455883865,0.3052382012146969
1.0187899747398346,1.2905077322196954,-0.016412231555416712,0.16398702514054914
1.0617011424345675,1.3374126313029089,-0.012369754077110384,0.14783469600735352
1.1291118916029075,1.394229474370277,-0.03787865161743453,0.2663533881172483
1.0377313942637816,1.3089752156836574,-0.055234135601645695,0.29947514833529926
1.0019597947975472,1.2664495199266477,-0.012187307884880871,0.13896688778599908
1.0315665892222843,1.2866358405307685,-0.013858656480472575,0.15042759185633472
1.0323924777629572,1.3003843948274967,-0.017469417361252404,0.1703924224727176
1.056811619119128,1.330489414008403,-0.024685720661306698,0.20650900134379827
1.0739352767323682,1.3381948322533888,-0.02111138688823999,0.19241599512378355
1.0877836491440394,1.3914770569462538,-0.006788305395668992,0.11425827288015133
1.0793716635027844,1.3377320662631318,-0.014535722962535136,0.16012302432168807
1.0687335824354887,1.3331022262824723,-0.02368345530758309,0.20276973970697712
1.0479472939511851,1.2946341776948944,-0.0427572580850768,0.2621563494870887
1.0899432805911282,1.3802986698145854,-0.0015007797828388014,0.05343255099258956
1.0554537579724623,1.3245524451554906,-0.014998209778741334,0.16101125400806146
0.9394952103435641,1.159967889340839,-0.172849147635721,0.4453059622062081
1.0376965868236896,1.280778333715191,-0.07459306755487827,0.337443594561406
1.0227449920737859,1.257845707998779,-0.03335896078991385,0.22599978383052305
1.0773763971674015,1.3467881579008005,-0.03918422513476982,0.2615222522823544
0.9993507230543859,1.202921375417641,-0.08129202965561388,0.3298296734284163
1.0762815946506108,1.3600141386434919,-0.019807084194554125,0.18953729788551646
1.07831908053252,1.3250408203921982,-0.04917204849189494,0.2868567359767543
1.0918651587330448,1.36794698119438,-0.016789080482743746,0.1757791192406996
1.1069232656781296,1.4059706951100832,-0.004178265267715364,0.09069197602271521
1.0115299175041037,1.2351020763562721,-0.10229828788425666,0.3762594947609657
1.0401861013785938,1.3104519900314548,-0.027101620779175217,0.21286881349367037
1.0188195983319084,1.26389972643703,-0.059031189514644256,0.2984001326097956
1.0461929160726473,1.310324942944178,-0.05904316358878914,0.30939050926670303
1.063203849024339,1.3264005159163172,-0.02006235666516143,0.18601685397329148
1.009076222901612,1.2735563380461898,-0.021378793600084656,0.1842537520844913
0.9974729788153914,1.2264612679418734,-0.0459329425298558,0.25701830234904155
1.0039067789076337,1.2543455600088342,-0.031868269072807154,0.2204369054864496
1.0419373244228856,1.3420709653563274,-0.0002977223669486939,0.02315349583849517
1.0030557646568206,1.2416141813081258,-0.11705667393607011,0.40192697123591203
1.01436271843577,1.2508791845924576,-0.07449283405970597,0.32935999888428646
1.09835295411256,1.3403703485047058,-0.05451589629899645,0.30476130515129685
1.0213605074474064,1.2647031167895384,-0.03225982169020858,0.22357593633997822
1.0709873540856032,1.3316277529771627,-0.022901212175364893,0.19924857610105443
1.1168276472725607,1.4202625482545352,-0.0014022453274045166,0.0531467063650249
0.9922489647583974,1.2353246473616317,-0.03795657490061233,0.23622998503976084
1.0943351294732142,1.42330169678677,-0.002426512948399129,0.07002643243034239
1.0484453468194812,1.3291454125291158,-0.01037943329530222,0.13471534544118
1.0602617742632805,1.276741396465395,-0.06467035060624071,0.31466465838249436
1.0336121395184605,1.290299331077055,-0.048089185692929304,0.2763853783198912
1.025244225515357,1.2886811443147503,-0.029424674938177908,0.2178733062891519
1.0186796742604722,1.2943811163039118,-0.029406772106505885,0.21877230161431224
1.0221831204159635,1.2587555404932005,-0.026791220025428997,0.20332770910092618
1.0766292835358984,1.3323746598616926,-0.02257570750901161,0.19796996830070754
1.0673565505220346,1.3434640543201402,-0.022836584471264798,0.20074211666109115
1.011422913964548,1.2951525657992207,-0.007015261150304486,0.10809978383052304
1.0338277775070825,1.2825992075448605,-0.0877435301707683,0.3642799468199884
0.9694687069603425,1.2058526933672953,-0.02239173315998233,0.17845529894527384
1.034315826572351,1.2626878757579063,-0.05937177174797359,0.2989247101291913
1.0558347893508842,1.3451393563750262,-0.02730700713594092,0.21930786463860383
1.1032165541313803,1.379361155206698,-0.009043605310576686,0.13058515964751652
1.0916612229827602,1.342761192872282,-0.032596228997306076,0.2385707489562327
1.0205963919349135,1.2567738958951422,-0.05289953921141444,0.28170180403254325
1.0849342394844796,1.3831309288788047,-0.010421906861134644,0.14047062344842148
1.0417288203859405,1.3047045205793342,-0.04424369828892827,0.26855729050540494
1.082503053196626,1.3149565845037425,-0.09755747640769274,0.39203790224090423
1.0401749213698186,1.2719138691766239,-0.05826105418698124,0.2984354880700248
1.038544832287199,1.2973311242605556,-0.048189973516940654,0.27816928910221805
1.0944884860905326,1.3772023398403108,-0.00383370263932048,0.08510911558220353
1.0487039290034017,1.3177583934844794,-0.03127044456130279,0.2294650426171127
1.0711245136186769,1.3639157832833673,-0.00021063329282489107,0.019792713123452363
1.0733555172829268,1.3261991097115478,-0.046127516791076184,0.27848156889427533
1.0064666567441332,1.2838700081606307,-0.006337905651822684,0.10188776197259955
1.1189025152862702,1.3944100259197487,-0.021170039625813653,0.2007716092273484
1.0321356449785746,1.2471361752682624,-0.056985254320619516,0.28957472857635386
1.0896215211038707,1.3096427133058772,-0.0740086602201977,0.3437876017689434
1.0594696290672376,1.307058126262999,-0.02262526868575132,0.19441667633278137
1.0137083643789497,1.2699076549349144,-0.037966324141979646,0.24287330628915188
1.024240061811322,1.3182977359216186,-0.0065690268005751395,0.10649819368939802
1.0582777130847227,1.2986625179623097,-0.03697671356182197,0.24523133289783855
0.9957345987825882,1.226332551943497,-0.05255944314875105,0.27403770270177524
1.0026984333221638,1.2483296633356755,-0.023858577895556676,0.1905599283335498
1.0576781071696533,1.3050448603422653,-0.0406862510983208,0.25804138821517675
1.0099018871417331,1.2511654369294514,-0.03429734388101813,0.2278359635601154
1.0997979646812333,1.3570252592466283,-0.017837962986078315,0.17964752497826417
0.997402503653362,1.2523382929039648,-0.033632341656497644,0.22590048770181514
1.0848206773146976,1.3533396051501227,-0.02077043354760022,0.19304809985192686
1.0360873483634698,1.2870636166315625,-0.032105396281737475,0.2270006008239871
1.030312606586247,1.3272103693587827,-0.00948962174223178,0.12868066238349463
1.0429087803933306,1.300649852263299,-0.028079000985132163,0.21495026145747123
1.0939171307609747,1.3648018449888146,-0.02239479599152827,0.20199184732258654
1.0426317201833242,1.3128242789786537,-0.01340175249231268,0.15097205646613504
1.0773434071560222,1.343993108917397,-0.02058407646279936,0.1908702934378748
0.9993521926595857,1.2670046275750955,-0.014540747147724131,0.15168296701370626
1.056422348164439,1.3200293381617225,-0.005612355171351391,0.09861451813003995
1.0793396461850482,1.3349709721131118,-0.01295399866881608,0.15096590849176966
1.0810110668468937,1.331650848678361,-0.0671445047582313,0.33402886011120336
1.0731612058620312,1.3555735886691644,-0.021699628527572568,0.197554820175279
1.0472520333197546,1.2780475295940144,-0.04016598004690719,0.251145190970515
1.0396324168697708,1.296719265273747,-0.014724556494448038,0.15620430153504078
1.0359712795100415,1.2679756357229908,-0.04672828119119199,0.2679068590671947
1.0597733195302181,1.2848073959417374,-0.07568640135896532,0.3408035554920929
1.0796049356749746,1.3565034654344839,-0.019485959944648856,0.18753882286956208
1.0430810818466025,1.3091015683424692,-0.015762848539937035,0.16307768293071512
0.9935374649088767,1.2496332761230287,-0.028472623505680472,0.20792176646005284
1.056679342860469,1.3204816834019288,-0.03459100167811591,0.2414513301184247
1.0328552138301086,1.3223848010812416,-0.0019040144454234298,0.05764742462199944
1.1196053662906251,1.412984037280897,-0.0048864667904628956,0.09853175825098667
1.0722717339161023,1.3657318275782022,-0.014195004118580101,0.16157436526126887
1.0328250015889044,1.3084200784459967,-0.018566726311771475,0.17665263722838548
1.0678927862625287,1.3398785786869705,-0.016288733984892723,0.16962917647728315
1.0273401107031293,1.2988505730137034,-0.029158380407539708,0.2186249794486764
1.033015028736658,1.2809828929660698,-0.023637332611057493,0.19465676650126718
1.0548538496229563,1.3700489468677022,-0.0028589513358168173,0.07315087697218223
1.0408720241547424,1.2983927151958756,-0.00814838575693333,0.11672923279167932
1.0229926192179513,1.2906120259239238,-0.010620033312082056,0.1323014779012754
1.0445356415408422,1.2766351211672973,-0.05736316218704185,0.2973522589806067
1.0348551313009886,1.2995189448237277,-0.05778035456441555,0.30372110271037855
1.0149966574675602,1.2790742064344147,-0.026745782730449363,0.20643908877423325
1.0533780289277572,1.3106226469559412,-0.00851673144277898,0.12044051135555031
1.0545683400800636,1.311100487433626,-0.044608408708120884,0.27093654335661976
0.9708157234769366,1.2049249734023977,-0.027338757929670443,0.19655883030967725
1.0173981048624134,1.2944328123549316,-0.03334446617231923,0.23252456400638236
1.0232511889321227,1.3004076400682363,-0.004731679282013346,0.08924052457126379
1.0586380606373296,1.317346314749941,-0.013610127196888033,0.15264956897478335
0.9821829658452225,1.2082778707597908,-0.10422326607884069,0.3712108949416342
1.090420375601869,1.3419068519381885,-0.03682594054153898,0.2528985661745109
1.038159173516648,1.2880083146180878,-0.03560234513064575,0.2388149205592005
1.0919804303044174,1.3505104745120173,-0.025404167262288446,0.2125704537651636
1.016426289302047,1.2853537085109725,-0.03613595304641892,0.24004023304539085
1.0921125905829436,1.3953247783115448,-0.0034886718087132618,0.08227144540034977
1.0803660688575667,1.3661336981460714,-0.004170046418620732,0.08803594237996432
0.9822758675454616,1.229615781933514,-0.0341223010474474,0.2233585758321722
1.0383566461430784,1.2804477817453979,-0.06506693492126203,0.3164853383966653
1.0477069720774295,1.2874523508483438,-0.04342256697507563,0.26263874759212835
1.0672116434158563,1.3307027240985272,-0.02895775353890251,0.2232362444290526
1.0879501238061546,1.317590941428218,-0.06535340807402612,0.3263381676689069
1.0313520956594355,1.3189936531625046,-0.01102526057151021,0.13773874882291268
1.011737544688699,1.2702969795586376,-0.04891682672262099,0.27432404586837733
1.0338400022194942,1.2874209123972238,-0.03371317060124279,0.23249859547639345
1.0677568235394357,1.3245575242860157,-0.0393219778516436,0.2576400920219261
1.0280656418488596,1.2832810075150325,-0.03835930959124845,0.2466512536860288
0.9832900222345746,1.2439030625420184,-0.014501296268768726,0.148718037798777
1.0624890630890815,1.3260055978777618,-0.033979197748822854,0.2403787194388919
1.0683059944838427,1.2934649687971784,-0.09357493322816168,0.3783643071345368
1.0724797084353046,1.310840406206874,-0.055279334638542066,0.30001813476063866
1.0791709929695392,1.3612367425660086,-0.027172320232018432,0.2213988554088399
1.031323677096794,1.3023389286142855,-0.010681401231596777,0.1338847154781744
1.0914378839615082,1.3621363129888449,-0.03066496790138462,0.2349541231420052
1.0893443077360185,1.3358682217190443,-0.02026229380625333,0.18825737757743113
1.0881726847527793,1.3591414895027714,-0.014787590676088369,0.16406872626693536
1.082578803691269,1.3592934866022837,-0.02909914373560296,0.22857289679520226
1.023851017322017,1.3308045345586499,-0.008952080749977442,0.12535480837716165
1.0997066973234289,1.375389989137578,-0.01724160021501464,0.17906165251739173
1.0106542181244007,1.2793847821022122,-0.029013604266672877,0.21482828624598202
1.0065199215358394,1.2608097444945012,-0.04556464425825668,0.2632013448957205
0.9908137146631715,1.2644176170428598,-0.02653273037539794,0.2032802141281947
0.996396624063586,1.2407015353598339,-0.03941502360116078,0.24160377750391174
1.1156562673707615,1.354866139273317,-0.0353166611822624,0.2502358949416342
