MAE,RMSE,R2,Bias
0.3265634213200963,0.4502848338381049,0.8719008802313453,-0.15911021357531638
0.33184797606567434,0.466164907959337,0.8662681057556946,-0.16396923951563996
0.3450345085378687,0.49405621441928066,0.8733908766276404,-0.14850975520760928
0.3735652190706349,0.5396788933556342,0.8186530349670413,-0.17640439814553435
0.34734019787244025,0.47347473433460874,0.8665455468353864,-0.19170173963964837
0.37414111821940865,0.5195700590526185,0.8260749767168303,-0.18517425699138867
0.32824915947431266,0.46238245578947806,0.8574103437809563,-0.13103272137555091
0.36350896484336626,0.5082851547520876,0.8482916076720731,-0.13411388172899213
0.3625997588192407,0.5050006975390753,0.861640455240626,-0.10028859040772196
0.37389635422753376,0.5423746142614873,0.8255902533502292,-0.18817880451604974
0.3245272377537079,0.4454953780971455,0.8758275073298066,-0.16750706873562607
0.336106190366307,0.4765353393779191,0.8734146697001429,-0.2096833141833276
0.37712140621217194,0.5494007368565454,0.8374554466881896,-0.15300391233488903
0.37245494756487774,0.5247516871239699,0.8417558073846313,-0.1385515367579524
0.4499560321822427,0.6208031006561656,0.7666444129442616,-0.12870844650197194
0.32240297719838923,0.4363727095196373,0.8796691978861312,-0.1377015752517288
0.3477432800147442,0.4817341231230525,0.8570323136098628,-0.12077385402848377
0.32705442486667674,0.4407466363154217,0.8651894334852306,-0.1110287377671532
0.3366692115105617,0.4689060996875947,0.8705606135085339,-0.12524332076689473
0.39969650530581347,0.5579164580878686,0.8322808765591014,-0.14007441516161384
0.35477607530643,0.48159193616770835,0.8503010137413498,-0.10074731978094684
0.325961034865187,0.458459207961315,0.876260975624796,-0.18281953991628794
0.33741292249288823,0.4697516143307854,0.8382544741058895,-0.17003796770315652
0.3498093014057912,0.4829261217497685,0.8559499718620807,-0.037563912440852096
0.33170402474721483,0.4536579258635583,0.8595230513384146,-0.14774943475660476
0.34821266103411297,0.48151439835762616,0.87586234832697,-0.12470487125738976
0.3398216801156084,0.4723098563573761,0.8833551238197029,-0.11727575516917907
0.35029019779687065,0.4712450155903736,0.8638254320440849,-0.15371196774791931
0.32752862914946923,0.44630874804095466,0.875191929115776,-0.13498318710541599
0.3522189168043924,0.5013433346659321,0.8637888489926067,-0.20573776943653968
0.3338041338284848,0.4715858562703813,0.8825977535596554,-0.1578596797996211
0.3617279963334257,0.5107267006985594,0.8284247985754816,-0.1321193589751042
0.3702557858606667,0.5379960612416971,0.8312928663366481,-0.18703782805312663
0.373015006237934,0.5258440032185053,0.8384438051956553,-0.1698249084818855
0.36462903386557827,0.5182447840214803,0.8388282027842624,-0.11090303999675845
0.35123416864198126,0.49237254320180296,0.8552066849928385,-0.16670999895973673
0.33325545103398074,0.4755848938176892,0.8728626504446301,-0.14803561818053151
0.33224342056801925,0.4614599359447125,0.8670591593003626,-0.12003803050493454
0.3246232069608429,0.4382803174884652,0.8604607228126135,-0.22315993126265227
0.34299366851359747,0.4891655792501897,0.8576584228573243,-0.1316516546260241
0.3503586763617726,0.4927072840539885,0.8614248194502248,-0.24442185931039023
0.4222148533727742,0.6112396577131368,0.8005528266236579,-0.24375375309421862
0.36555174630466186,0.5176287846852857,0.8216974318505984,-0.18854965008487137
0.37237794510395233,0.5336875190064608,0.8388633550431985,-0.23888075457142088
0.40548071150721876,0.579997640931805,0.8106790924534604,-0.15901146797927823
0.3602919108895147,0.5042603565650158,0.835800707350888,-0.09924850670729551
0.3577869348880989,0.48811275887891875,0.8473725089582751,-0.16068479600095897
0.3900013859761342,0.5432402822801289,0.8226249547144469,-0.003422306473415351
0.33685968341697126,0.47385735420676534,0.865459370941466,-0.18073086896046756
0.3293146523897298,0.4412754658156591,0.8571673192295568,-0.11535314333576525
0.3368940923157278,0.4595954384032346,0.8767089103457042,-0.1715061776092808
0.3703229534580215,0.5227347103347089,0.8518346358285527,-0.20829971975342773
0.36265647776409454,0.4933970531309008,0.8503467151415066,-0.11555575879617033
0.35531925714207324,0.48999278182060574,0.8662347019962886,-0.168155985208158
0.36682328380059404,0.5021918660710407,0.8467161225175159,-0.09370142336902107
0.365904326129406,0.5211932763877162,0.8238896206998838,-0.1857817034221382
0.33570170897731544,0.47345936503023484,0.8628383938153591,-0.15198560107766793
0.3578235048583518,0.5049491203827857,0.864334598159947,-0.09745739612299367
0.4058883768080635,0.5640841303520467,0.7904508530812505,-0.1208521859642116
0.3628991447347362,0.5061507478631618,0.8439096828287234,-0.12414518080304004
0.3787745806135717,0.5268384005914462,0.8236032274869645,-0.18477441363036426
0.36351788344539904,0.5033694235394389,0.8592408166481886,-0.13571655392023926
0.35280128828754836,0.4946340634600719,0.8628520765106573,-0.15005917871696084
0.335495266367471,0.4859774955779967,0.857381321799423,-0.17364304112995482
0.33994065726113926,0.47370305776467436,0.8834954990493986,-0.18035522234638626
0.33694789826944466,0.4859020162190182,0.8605568386442327,-0.16058424596748014
0.35613046552537786,0.49929528624955416,0.8396716822461086,-0.18735016141578179
0.39442413013808025,0.5444859537388516,0.8444200664679238,-0.15217476579185943
0.356041919328565,0.5014642423035438,0.8616290203204717,-0.16283585960640787
0.37797918411076376,0.5359798791360134,0.8190808415662304,-0.21222992132170618
0.3582740340637286,0.503761081276572,0.8479583427476427,-0.12230310406277627
0.34887155911016365,0.4932903596951218,0.8420681516405495,-0.23083307403160813
0.3431864805855055,0.48603016143029415,0.8578252274543559,-0.12994470308124603
0.3414305073974148,0.4842535511888765,0.846453344995365,-0.1630753172236814
0.38650319511472764,0.5580231083778678,0.813363587922391,-0.224188816656272
0.3586994232522739,0.5057401590546171,0.8348335190453113,-0.13922195749328048
0.43587765882915114,0.6057174528381862,0.7689766058845912,-0.1679292033265993
0.3584056996321851,0.49680721466077404,0.8649990966090209,-0.1277506054345418
0.38085884904552497,0.5488038168031428,0.819539375551133,-0.19932600693725508
0.32998109558756256,0.4870953104976024,0.8512801540172593,-0.15814779435503912
0.314735425902626,0.4350792765518291,0.8840529479241857,-0.1691927794186279
0.32415989884190877,0.449872467920588,0.8731317289186814,-0.14553086011439545
0.3778526632418072,0.513040994172161,0.8642728742176462,-0.13889620908060632
0.31634723328203845,0.4450444710689835,0.867058067304948,-0.13025033548285467
0.37738179906263936,0.5301142656406522,0.8454506026974192,-0.15541064523061093
0.4016832152104863,0.5689028947787205,0.8161183631272506,-0.09741841501628044
0.37975923655772953,0.5392094720404379,0.8347578065039507,-0.11718214060472755
0.34593719916897875,0.4938047117473041,0.8463893286598699,-0.21037018599690027
0.3886155478980263,0.5495233557983059,0.8299851361826108,-0.22170222823727823
0.36073835232710444,0.5214201410693478,0.856593214741241,-0.20643003719123873
0.3430738014152696,0.48874781314317084,0.8566025940524589,-0.22759039312793006
0.3503926024461604,0.4793447412744738,0.8596914310334695,-0.11172640173678786
0.36546512669982195,0.5369036063161416,0.8140518627980388,-0.2495777838889747
0.3459686180478759,0.496748363493076,0.8530043901035643,-0.10146694552413685
0.32202728649523277,0.44626474214159867,0.8885544633651654,-0.17520996032011366
0.3555293872890029,0.471344801295298,0.8441362921865248,-0.1337237096968141
0.3532185387689408,0.5017086535422239,0.8329037338356646,-0.1376362244606809
0.3955624761110071,0.5703212101500624,0.8137890836546795,-0.1809026950770624
0.37586467936997553,0.543503251485911,0.8272536901579496,-0.16008344051181608
0.3668283808900876,0.5415615044469361,0.799017309595795,-0.2418675679691402
0.3771963619091512,0.5422690782639632,0.8349082366139434,-0.1595148440104704
0.37647572337435964,0.523738993161233,0.8382806892920982,-0.12946739599636947
0.3470886648229181,0.4845598281209639,0.8490166573015503,-0.06661958501838146
0.36140478748749644,0.5091757034494611,0.8501702887779451,-0.14402386366623554
0.3808597527416615,0.5142849709856888,0.7984744746278483,-0.10338321282060259
0.31241545744072424,0.4334877906295503,0.8896442521979177,-0.1906147166615217
0.3405840216089096,0.47506273949509376,0.8197899080828102,-0.15598453698648432
0.3800969621735304,0.5272953543821072,0.8359110083603465,-0.1306219722179319
0.3246289969020077,0.44931365636103027,0.8772824587816196,-0.1677916006058934
0.35211167968657503,0.4970382017239749,0.8536333838375523,-0.1998115147818762
0.34380649519686846,0.5077244160767501,0.840012180900723,-0.2041290876797451
0.35181137625575626,0.479019519300525,0.8576638012573936,-0.15473480351257912
0.36723591569616787,0.5214920704712133,0.8388768856659252,-0.14499710449723546
0.3280642657000682,0.45865917687506047,0.8663421528049713,-0.10419261957879657
0.36446073191224904,0.5052524495719005,0.8391395710822707,-0.2002891246312803
0.36011747444609915,0.5096216336068152,0.8306070568726807,-0.12454156880633165
0.3533082837278865,0.48686110624553125,0.8700414411632919,-0.12483064946283447
0.3862086864467295,0.5391185409019361,0.844489474288054,-0.10304330030118862
0.3877085924183461,0.5370030033762433,0.8331015200119365,-0.146376070652295
0.3713509278481158,0.5070026310986506,0.8472076432409285,-0.13222994934436938
0.3762010314429946,0.5430775789595258,0.8222830760882651,-0.21168346438645166
0.32560450816116604,0.4674990460508683,0.8505862847206873,-0.12758397279014125
0.33700612807856584,0.48147552805710114,0.8561797635762123,-0.2003333512397062
0.33449303627207205,0.44975368212613437,0.8515620025050683,-0.17623555259542192
0.34920783811799194,0.4955380326879778,0.836314553964013,-0.16986898526115687
0.37569817396989824,0.5254268164327155,0.855627204189222,-0.19433621829942407
0.3535381868954867,0.49626193147909486,0.8528125552492017,-0.12950857004468963
0.37513021550355913,0.5265316885405029,0.8385393271939945,-0.1252221003816093
0.37401204175950564,0.5262380682830893,0.840127458098402,-0.14246319525667658
0.3647341788076995,0.49370876831532645,0.8726188566819488,-0.14069646320472884
0.3188379064883196,0.44254016843183763,0.848133520068583,-0.2198383432705681
0.32399193368161017,0.44306230163727167,0.8738983260083577,-0.19194424707622587
0.3267788333956734,0.4431374988312743,0.8805813481962838,-0.1673893321240167
0.3453303911136908,0.48705665935964476,0.8516642539509864,-0.16355103125285203
0.3387884481812758,0.48941674607710045,0.842751091545247,-0.1889981524707122
0.35042033302183423,0.4966269200005927,0.835695785933315,-0.20306471160886783
0.3654210835948681,0.5148385630656575,0.8489475389772622,-0.20701316731680555
0.37352503946512966,0.5244651515900914,0.8614900543491721,-0.1109312430231911
0.3595228575142698,0.5109249985664472,0.8441869325148114,-0.20132688579956948
0.3459738501053281,0.4974283032695435,0.8556136168635624,-0.18300313885653308
0.3275191004373523,0.4522939582358096,0.8755477746857667,-0.12558846141593674
0.34820373226542256,0.4868304139256463,0.8551511149820159,-0.15620448058460332
0.3552777856752695,0.49556848628699235,0.8599043066375451,-0.1704616100421769
0.33774208760563207,0.46471046638782065,0.8681936595058791,-0.1719147210088984
0.3469631680932317,0.4734041058630024,0.8591279379815506,-0.18668056260022106
0.37083382156157996,0.5140967830885089,0.8307978845555293,-0.17263469224119873
0.3790771514471833,0.5199960416799007,0.825215935748671,-0.17093445861371648
0.34183415087336294,0.4887023363778958,0.8546328525608796,-0.18771897455584766
0.35714369133204354,0.4988624495247856,0.8442189484174176,-0.18791225435068448
0.3704486409351697,0.5201558458942466,0.8296288531180518,-0.11707015920996187
0.32873606278433043,0.4596627545252398,0.8712671775835832,-0.1075953029127262
0.3501591780788622,0.4884762021733734,0.8460656991082662,-0.16372958336829724
0.3294748773375754,0.45827650559882144,0.8778492483394351,-0.1843802237849667
0.33659279270229997,0.4683649465234681,0.8560446512744876,-0.14204205008813406
0.34095869382921234,0.4584955259218649,0.8624158616773632,-0.13454145343529597
0.3794249841262411,0.540396872329015,0.7900472694711724,-0.17507270493144575
0.3328295020332655,0.4517028192031288,0.856814445815842,-0.13401771027577514
0.3215350199399957,0.44547999786467507,0.8821991905620542,-0.16294986993007096
0.32718505804576226,0.466242420297878,0.8826183078649255,-0.09601153673282845
0.364126790411943,0.5207362103435792,0.8516942120857816,-0.22426349822457123
0.3709904131805722,0.5186297753575435,0.836406374477359,-0.17778965927188134
0.4066471783455851,0.5689358907681101,0.8238713907900833,-0.1511056094139708
0.342643665026619,0.4641769521111631,0.8532238730613998,-0.1328340171816928
0.3293163070259048,0.47247598254261797,0.8746989649160039,-0.22143254137410293
0.36977886336016774,0.5133185486754402,0.8386043361847548,-0.17299681367720363
0.39629983719905704,0.5443376791320146,0.8003766372032964,-0.10960147392498214
0.34284622218771355,0.480264566687754,0.8792524687156952,-0.1583522311513586
0.3742655278345646,0.5249281046731429,0.838144805877099,-0.1507152175658991
0.34793930536136514,0.512893095904902,0.8556917253171996,-0.18750755747978617
0.3710431100332464,0.4993431056679022,0.8554401108872377,-0.17278092531028777
0.37568337811103647,0.5381546397393241,0.8166584251652923,-0.07941453442315195
0.4037035449504259,0.5694639191565646,0.8009929557335187,-0.13091146642905482
0.33642605501229056,0.47421775795410226,0.8695832853236025,-0.14709239898805418
0.3741881423897207,0.5292135581814424,0.8313767064185482,-0.19370743775023802
0.38376526664098803,0.5323218273910533,0.8242837638765647,-0.10537641925543607
0.35423969812782435,0.5000650329629416,0.8490175274809014,-0.17932481418795973
0.3530884677691434,0.5095384218480717,0.8357072340653816,-0.1921039622735155
0.33110343983380264,0.45926604150922135,0.8687186791529823,-0.14228360538866436
0.3680733899117765,0.5242499449946907,0.8171772271071631,-0.07483440537210712
0.39086718258875713,0.5460886062389636,0.8239693322027825,-0.08586044293768433
0.33990535804939337,0.4721623447349794,0.8683610974314266,-0.2554013542945088
0.3745846999784593,0.5094102564792085,0.8373848938244736,-0.13474395211752094
0.3886330077290346,0.5562673686356384,0.8299250273227627,-0.18174758565752946
0.3635565758977202,0.521569573413884,0.8461683571026564,-0.13755158125835681
0.3373567016699716,0.4846374811753604,0.8590465945466015,-0.1516497518308464
0.36040971025964436,0.5182778094296134,0.8183454898702469,-0.21867294419445835
0.3801298391269645,0.5209788056256153,0.8299175275790067,-0.1899510736498226
0.38221970822068496,0.5399730408502532,0.8208283961970196,-0.18749654492425616
0.32448139323718345,0.4615583257809568,0.8534349437195967,-0.14746535273172734
0.3762109922070724,0.5281317068435183,0.8567162525322058,-0.1290981635317844
0.3422496695819478,0.4755908476154526,0.8476025644543843,-0.1727538121384173
0.313517041620131,0.4312839929365433,0.8888231832679332,-0.17624539901431505
0.3433030160108029,0.48048886249611256,0.8716811442192943,-0.14587724596559806
0.3616642781203864,0.5049800844142516,0.8452491829321014,-0.12501351654514015
0.3531051182098452,0.49471102468934863,0.8632963628736569,-0.14750705279337784
0.3541754850797899,0.503662301288633,0.8477074737701704,-0.08975983838832294
0.308093430946529,0.4204657914334135,0.8877530270767005,-0.19717607656371647
0.36849460763501185,0.5073963831874885,0.851713490036834,-0.17273785967264527
0.3215607941472028,0.44860974184373875,0.8677986842843094,-0.14437659372117212
0.32693004426488026,0.4518147559259472,0.8662917996003694,-0.15377387923186644
0.3617305527518932,0.5073797017179787,0.832045436799137,-0.05466909626074906
0.3567933405934269,0.5240421797914414,0.8333658822200483,-0.22230051048444832
0.40301252012849825,0.5687607807171644,0.8024158005221087,-0.14685489063397075
0.3909119926594474,0.5311146219774454,0.8513405384258086,-0.06769536517641898
0.37351976440364326,0.5203585618061464,0.8231766216835982,-0.14176844369331632
0.35064492578160184,0.49732309909886774,0.8585734726973191,-0.16090114318565707
0.3760891892044172,0.557595768936824,0.8274505201994133,-0.18409609971883398
0.32880820683828305,0.45847423567473977,0.8753416205182091,-0.17960258774704985
0.3693578612276592,0.5393529130040287,0.8408836403760713,-0.16566658782609284
0.365237669321782,0.48951235522136394,0.8697338030982753,-0.1624525947164426
0.31874126079737536,0.4589245592608161,0.8688746354974293,-0.19260960042277847
0.3246913331990659,0.45635700879797014,0.8785695590660104,-0.15817591165379072
0.3835602804401583,0.5287806434663211,0.832043876677915,-0.07125714117688778
0.38489094649179273,0.5355876872350716,0.8364098399392029,-0.1606836302776458
0.3649168820832387,0.5121267501769919,0.8266413240613533,-0.2191045998713495
0.3580230319919748,0.49917671927741897,0.8544829235550866,-0.12867236110649383
0.336813016200272,0.47683670053897703,0.8649236524400947,-0.23281623730802564
0.36914518360298426,0.510001348114925,0.82830672330955,-0.10516736636341437
0.3945187407903543,0.5569420974022947,0.8119598495919609,-0.15523265826816218
0.35929985637520134,0.5058649414671182,0.8582323757828598,-0.12292404767073188
0.38664183197606167,0.5545644322556584,0.7865052914880695,-0.18167636545298002
0.34112020256508363,0.4782721400091831,0.87965158077641,-0.17921819742380102
0.34793273399943486,0.48319676128256556,0.8337577977409656,-0.13094208788538195
0.33331149293792944,0.4582263686701515,0.8707700234317308,-0.1562261639157661
0.41325646387543646,0.5653169317146045,0.832448710872743,-0.09094358056932667
0.3982037236068072,0.5584476123092321,0.7977009889819792,-0.2183326138183132
0.3486446937933214,0.4975993927564234,0.8552395003913387,-0.17533572529235458
0.33638845504055676,0.48506366529823813,0.8477680270686418,-0.16873752565973615
0.37283865658223697,0.5103762787296059,0.8336190400609501,-0.0610600939684352
0.39715324033563526,0.5642799902390364,0.8080191195491719,-0.20064908217296498
0.3382730055147384,0.476705243667234,0.8691597992497199,-0.19568185883655442
0.42763146133972724,0.6058741740188411,0.7869114817564692,-0.220413951169515
0.34589127068836195,0.4702355421513616,0.8530096534364722,-0.18818836162183253
0.34799859158703583,0.493839735957384,0.8518358134128456,-0.17476501942081407
0.3696159988596446,0.5345971311586184,0.8292485757893353,-0.19889160027316308
0.3203234367121275,0.4468163256776977,0.8862593905264445,-0.17847288834411262
0.32431985752029535,0.4634081262772609,0.8531250236639689,-0.17099202147417017
0.3708794575499403,0.5290827185650707,0.8484162998312244,-0.1680606074938079
0.345700989185409,0.4870816725819313,0.8452903658801838,-0.20179046905233297
0.35966013922403295,0.49619157830203897,0.846307343969929,-0.15578414684157713
0.37809447063340235,0.5367215704231394,0.8431852745251155,-0.19580611198017153
0.40695511404697393,0.5773046262441992,0.826952368536335,-0.12022202078330034
0.3886084242481248,0.5464108345230317,0.8227887958757655,-0.16594613512059606
0.32983722847944497,0.4622134634849396,0.8482827767093917,-0.20370120878895515
0.3550114408553796,0.5144099989894694,0.852233605675974,-0.20467499051446275
0.32499416793071556,0.4382489987948166,0.8792125646983019,-0.17938832218838308
0.34478735112497244,0.5040181153302739,0.8537789244260489,-0.22904398633222295
0.3379695194006677,0.48275039571768313,0.8460591414608086,-0.1524562907814402
0.3089619769182037,0.4320086770113857,0.8852873445037415,-0.12141061589076456
0.33549539246103377,0.45573823291497345,0.8823076724511477,-0.1655014521717557
0.36553016884978473,0.5140641809896799,0.8317162463714403,-0.16980538400449297
0.33251448329282457,0.4550200108271215,0.8520575412928885,-0.15057464835157613
0.37141144725779807,0.5212047532773497,0.845085509951041,-0.18426833631327438
0.35485769009011947,0.5016128223040133,0.8546496920000543,-0.062315551373307736
0.31863361204527996,0.459082312234997,0.8680457711407199,-0.13557690442836193
0.3560062515581807,0.48563848161983664,0.8485905405468626,-0.2143065634356608
0.3448543764017057,0.4952402982226371,0.8407017001298955,-0.14104526567306006
0.36487432080697696,0.503324654147845,0.8492830709345933,-0.15699854778347044
0.3751573637602454,0.5219026070355317,0.859354570663131,-0.15138392650052895
0.38428107815002704,0.5408149061604235,0.8172240329116786,-0.14608215092822346
0.35153808487913213,0.5008629259312668,0.8444099718968587,-0.15689319565636867
0.3535957729539483,0.49905759561382795,0.8540985631550783,-0.09028767412396874
0.36358656148628393,0.5073954608974998,0.824505858180373,-0.18396356761272642
0.3150316572952778,0.4273972250588997,0.8807087597394834,-0.17265785083175827
0.34746526126319505,0.47734058836861254,0.8695362800423294,-0.14529150479844608
0.3767208795009017,0.5415314995629382,0.8225835741063051,-0.1651905166919634
0.37176078868627505,0.5227629637839051,0.8076426382395383,-0.13926270531024543
0.3773559537148338,0.5271431850806093,0.8611073292594914,-0.17486588495056588
0.3595581078580153,0.5080349834652141,0.8489869737877274,-0.20596596967014305
0.3656210835361934,0.5353697823160627,0.8271071102962391,-0.22682193777095813
0.3231995027915268,0.4498490199053143,0.8583270432704899,-0.09762606273267821
0.31453713761440355,0.44710053299668123,0.8890484872484044,-0.19422746143016423
0.3539108495309865,0.49002502979461154,0.8555542930283945,-0.15444024109475096
0.3284847017350366,0.46733161118693867,0.8637353553537577,-0.19640729037858776
0.3592152383144502,0.5038900487417303,0.8505459131634197,-0.19194636521001984
0.3495027966721029,0.4861221294991317,0.849468193008848,-0.15535938519580997
0.3293126003727925,0.4557881807031616,0.8809154458481558,-0.1100178271642919
0.3781394099044968,0.5432242539425916,0.8474619457716547,-0.16409323243765217
0.37902785817372797,0.5289305042224146,0.8388454477040287,-0.17214945155127104
0.39232515241043936,0.5513384909013814,0.7986875738533648,-0.17163752830865192
0.39166254240475445,0.5501241657616023,0.8293374769559317,-0.14417713769138618
0.3490741280458588,0.47614682535686376,0.8717689250703042,-0.12080305685428694
0.3283513002827397,0.46506506334564446,0.8443907195546754,-0.15956416772419152
0.3615323620348135,0.4971254842259755,0.8607360323127474,-0.10400651519516314
0.31927625928065667,0.43999653004154615,0.868713012359967,-0.1471472938860507
0.338999552123881,0.47876099297461744,0.8675528411670366,-0.1389626502924929
0.402820441094896,0.5644485246933778,0.8126526833640259,-0.14027602737784892
0.33537599802788287,0.46463965560508125,0.8878104815943123,-0.16575050333326857
0.3677514704487118,0.5257734296839491,0.8469661778357582,-0.153780916196548
0.43399882804144024,0.6020750835908906,0.7908789243883405,-0.12571931671409126
0.3244541527062318,0.46915720750098744,0.8688456978383263,-0.15263399003819517
0.3419375183745341,0.48891454436057236,0.8409590278186663,-0.13610381914030806
0.372589261635436,0.5327300720220587,0.8348160492468619,-0.1461931887678032
0.4173138441126439,0.5777652950335486,0.814967373085957,-0.09656842949317503
0.3908577276527948,0.5608562526419755,0.7950870084961952,-0.1885185891684208
0.33811076080661145,0.48029630582729804,0.8525347967651188,-0.17709966415188386
0.3156003149454069,0.44168128886414504,0.8868420017099818,-0.1666336185941986
0.4087104535315531,0.5842406556455125,0.8009130316358744,-0.12212386007110203
0.3517262042573631,0.5067381999582934,0.8600784069972036,-0.20841756698301006
0.38474517376458395,0.5393529473873395,0.8100343205460543,-0.11858125709134809
0.3370866204208972,0.4660581673812501,0.8658286407800956,-0.17535725954346743
0.3820114550297584,0.5372515554410209,0.8251445338795292,-0.16747218080726464
0.32155989763519904,0.4512359720368973,0.8665530308081824,-0.15218290076205748
0.3569483501630955,0.49487394438159865,0.8429483766670162,-0.17280679386209258
0.3668656969358081,0.5297233279566534,0.83623182986132,-0.1722444719226104
0.3519921731584675,0.4906008107419642,0.8287678983403809,-0.14262034527657316
0.32510085905493047,0.4648603792103734,0.8454913113647443,-0.189603950265774
0.33693596346592647,0.47344929722591717,0.8758682617694905,-0.12950441385913464
0.3555617215501691,0.5037769560652153,0.8300397161080946,-0.1748181124792538
0.35597627013920513,0.5101985986013904,0.8538923151911073,-0.16371935832100967
0.33535525009025724,0.47663260995100704,0.8585030996674426,-0.1684103025524666
0.34860833596146545,0.4802792903284302,0.8791149490561078,-0.18870054928260646
0.3556660971033571,0.5037779761999742,0.8599474041684259,-0.21340415564403625
0.3882286002055122,0.5403280962754661,0.8184109455433513,-0.18780432109286713
0.32584836261371536,0.4485067269989083,0.8596269113228239,-0.17185199579632562
0.3796170748332894,0.5280071740895242,0.815286216891367,-0.21827764351786186
0.31383395734615627,0.44061892153481086,0.8889316504653125,-0.12869782304986635
0.3784537215781977,0.5326795968440751,0.8125063532751763,-0.06613151168695262
0.3493306696157125,0.4894697939628191,0.8597598114910476,-0.1924298020121677
0.32476393958084226,0.455372747127673,0.8762465232790244,-0.2135112498825774
0.38736161651496887,0.5445145189055766,0.8003826996838705,-0.20585825736646018
0.36777707957459727,0.49506408287216336,0.8502669380725655,-0.0760549370455115
0.3478218057390354,0.4740766824469869,0.8637017402373423,-0.10366576690743419
0.36060825047327244,0.49467272276660035,0.8573936111724181,-0.1028073011888313
0.3636062347676091,0.4985494619349903,0.8676136819841472,-0.12351030471442047
0.412108640904345,0.5766000466383335,0.7839377139049352,-0.10051001482650296
0.345428656849768,0.49457118929505317,0.8645022414256762,-0.1742529001989265
0.35601908005400457,0.49764228173499403,0.8686668197308439,-0.1843201533060202
0.3397895573365046,0.4920900745659072,0.8514348010841158,-0.20094696893067449
0.3841634240049284,0.5335446098119345,0.8396926066899721,-0.17665317659791974
0.3639136749903402,0.49836040337377807,0.8510727930492161,-0.15512042462963369
0.3478440811365775,0.5059042317744943,0.8326055743148896,-0.21861769002541026
0.3549841503863652,0.4856100855329112,0.8597022229417555,-0.15053074168270933
0.31305435760396744,0.4580480058569369,0.866577906426532,-0.20270537468868596
0.36677412928851993,0.5213997291242516,0.8395651712619117,-0.11160820987961813
0.32504552117595137,0.46633382775537613,0.8698426932265275,-0.1864796843726236
0.3173645209441732,0.45739377315960406,0.8607832808190483,-0.18582833753874875
0.3912852938896352,0.5431056903793908,0.8283116262603875,-0.16415701452382653
0.3918776435873368,0.5622659248016891,0.8260703640847046,-0.18738502973396023
0.31500075032576086,0.43158984767615644,0.887427097609016,-0.16792140963371638
0.3774162222279436,0.5400670263633607,0.836233197530276,-0.18852015306718084
0.3646843968038326,0.5287855118477075,0.8360246183458615,-0.19871592919770267
0.39349641308476696,0.5467965541493343,0.8248645027145287,-0.12374789746709494
0.36067218272051577,0.5180710326887856,0.8577475692863886,-0.21256416635686512
0.3505660719181276,0.4965063829544763,0.8488475480443516,-0.13476378509776993
0.36618639434456296,0.519397170737664,0.8418658597089196,-0.20063069746860032
0.34821743234661356,0.4944091032170676,0.844755797041074,-0.20368515982434346
0.34450263448808227,0.4971883466770631,0.8608919108584164,-0.17471692770591507
0.36275428738438403,0.5174294615577569,0.841115243627913,-0.20540960636375827
0.35947832445020306,0.5045069742370977,0.857370858812903,-0.10575409677645187
0.3741456582595091,0.5218337402159994,0.8361655177598873,-0.15546971861122622
0.3156063183091324,0.4533958069244405,0.8883684639789358,-0.18948282401803732
0.3691912311923486,0.554020006772185,0.8135497650131256,-0.2027894404326966
0.3741347309129141,0.5255783278038975,0.8408077772887346,-0.13202576243826922
0.3825646863094536,0.5366523813812084,0.85119748163013,-0.16220697549676683
0.3876780499376522,0.5478025262238136,0.8129014557543164,-0.16658907553177296
0.36494881793389466,0.5121090827223979,0.8519632468095075,-0.1425680842625036
0.40152167791209087,0.5570557314717852,0.8053062251398174,-0.1521409344350626
0.3263252544929612,0.44769798942197947,0.8641797862725091,-0.16605685175065976
0.4203233297254871,0.5760872487124503,0.7667607358284115,-0.10781991156038133
0.3542942566542841,0.5065644034426191,0.8701842136533042,-0.20836578043305212
0.3242563498266414,0.452270377022171,0.8706107911069363,-0.16562651738032796
0.3535808360661081,0.4986349537936605,0.8606469053575033,-0.18917691266948897
0.3788974391922288,0.49011531152870863,0.8319421647683686,-0.14054485447417037
0.3372324924334451,0.46489037963709107,0.8541021067267673,-0.17774567727915078
0.3698694620179509,0.5236040769246046,0.8550230525164,-0.0896154996227683
0.34837411748983016,0.4946367892240726,0.8526635554966243,-0.16734156600199837
0.4006957851230096,0.5632802666163462,0.8406639099115364,-0.16481555591661023
0.4200701073446998,0.5938242586560003,0.7721711084806988,-0.18162206087756366
0.34750164744434164,0.4815386492479352,0.8607426125463513,-0.15354261414301906
0.32225745699720004,0.4517448992373704,0.8743521831852915,-0.2084368886628901
0.3585092677795911,0.5097166626342796,0.8231160013199219,-0.1470502495621563
0.3074350099461844,0.417722578313968,0.8778537392763057,-0.11194065228274712
0.3542007622671854,0.47949298155146564,0.8619613716277239,-0.18705229133893933
0.3495677299892459,0.4941414119779282,0.8512602890709486,-0.09937306082611368
0.3589182058549738,0.49274205134772964,0.8313032102627969,-0.10845044330961325
0.3777572878402641,0.5336187147723525,0.8204943563288932,-0.17612973320532674
0.39978988874736876,0.5527145477609396,0.803267182284821,-0.13163602037590066
0.3284001038386171,0.45820886230517205,0.8721954868972815,-0.21306093715065472
0.40496894306297926,0.5644108375305341,0.8007587777667893,-0.10529793874757343
0.33644244205315016,0.4801508329039617,0.8500935623825325,-0.13311881831967667
0.3909156435518243,0.5383775363026209,0.8372213176025576,-0.2015789105576112
0.3619647874129088,0.5054884471375986,0.8623957441489882,-0.12757233835398485
0.3268796199669097,0.44403292257922866,0.8746047926006736,-0.1745983301400987
0.3343110729604058,0.46624120420285703,0.852998144116662,-0.1718647427945451
0.3478157306223527,0.4931328350395793,0.8587944645488413,-0.14162836970051487
0.3778912231449145,0.5473041337274375,0.7940708708381086,-0.21991551489642736
0.3832046541026743,0.5462732482208619,0.810039821896597,-0.10312707169221398
0.33682001456113736,0.4785531008775344,0.8701309922043242,-0.07163810010409324
0.3402265083793945,0.47754966654846975,0.8583613085968805,-0.1181737067503367
0.32550476838575365,0.44343572217341715,0.8731353735677082,-0.15925362816582975
0.33582666019011664,0.4647030728680595,0.8575341836574182,-0.15564681658260146
0.3118311304288822,0.4332601514052717,0.8927441785650778,-0.1580561107581787
0.3292823855636127,0.4647645879741882,0.87427277473184,-0.1359793091552369
0.33289006995931386,0.475017747792834,0.8617944397383523,-0.13450891425923264
0.3447042670689458,0.48516413228024324,0.8703064843715633,-0.10766649366981772
0.35306410803582905,0.5029716827407795,0.8413127415884969,-0.14301118837295068
0.38691990080469885,0.5460285927497681,0.8067971735966761,-0.1997647430735797
0.3542094408337664,0.48795033485319134,0.8296901707690535,-0.16815065265702522
0.3709965074567899,0.5076797204691109,0.8570398169980088,-0.20163608129333005
0.33136159885385125,0.4603343582532087,0.8515540068212807,-0.13214927606541813
0.3707696215159136,0.5154055074059217,0.842194675106352,-0.11142330901118777
0.3781869080895189,0.5103211277375068,0.8333971572581239,-0.07531318918318487
0.3814957409665449,0.5491385680253038,0.8174795176106144,-0.1421009382812619
0.3292261858207203,0.46997123329007073,0.8841544287646628,-0.183732625460263
0.3623698197404546,0.5290799487086515,0.8277457739168864,-0.2051693061345695
0.33756874694875144,0.4634540194979567,0.8623007107676998,-0.17983875097921592
0.38844596447428303,0.5363482552937293,0.8125132064169341,-0.07606969437482403
0.3201159458145625,0.4474377936005903,0.8666887682952021,-0.14082116954290136
0.3466488802441862,0.4894220759545901,0.8575959473777377,-0.1810456632781092
0.35159568263546576,0.4909434307993894,0.8538213449662067,-0.1534298902925957
0.34398105970373827,0.47219247618245436,0.8692240291833541,-0.14203646329018316
0.3608781795747041,0.5138529872022062,0.8333822303777005,-0.19881508748597118
0.359297109478431,0.514594477745291,0.8333427721541928,-0.19856124271281733
0.3824392589920001,0.5392617224524554,0.842756652043697,-0.1624405598225425
0.3757853731300336,0.5322356754897626,0.8253940941795062,-0.19108017348891168
0.3379737122944782,0.4604079742925984,0.8736871765240728,-0.16231135171686384
0.37103468168482806,0.5225697841022584,0.8455436797288438,-0.19457611270372113
0.37217686100160574,0.5179961614553742,0.8341454389065595,-0.1243968238285751
0.3771314310967285,0.5299764567628363,0.8594776054612443,-0.15789719815228234
0.35603543966994466,0.5093750093001045,0.8536687369868208,-0.15951731386282858
0.37164170954757314,0.5243061367472939,0.841935905898983,-0.1425527404863123
0.33763188381218323,0.47984809690648245,0.8211226015873991,-0.22975047680150287
0.3377450955912965,0.4765262164224636,0.8707775771770425,-0.20082760611586647
0.3844924485725068,0.5277483880765417,0.8352905894320625,-0.14426499267889123
0.3335552466866178,0.47375085931211025,0.8776253265061933,-0.13018202757377506
0.33612634022297255,0.4746842093772979,0.8749415515779928,-0.14565117275318284
0.36175122109818353,0.5037269970805557,0.8612000753020908,-0.11684247046581915
0.3654903052677331,0.5109733552054272,0.842898502911456,-0.17211786555942407
0.3509496439841338,0.4976100631782477,0.844996681384635,-0.09640241242500293
0.34616484119437757,0.47560239101983787,0.8732992883828053,-0.15920474552590846
0.3738226721448561,0.5070896544568921,0.8449096080710007,-0.14455040309045036
0.33923080197690536,0.47118684783253945,0.8659762150064898,-0.1392092000670319
0.3860583657217701,0.5472473178031226,0.8176246974354647,-0.1948441265349343
0.31329570407329305,0.4443571834618234,0.8885367985787935,-0.12999174278142075
0.34285698636679895,0.4840410678560367,0.8671287112809186,-0.19244029385464356
0.32313251038502677,0.43756381211360007,0.8880400373906238,-0.16102628928296306
0.3578948969497598,0.5115466588194811,0.8455614971518219,-0.16851302465348267
0.34368514986742066,0.4724681461500898,0.8524571747814429,-0.186448163249419
0.34248032831532144,0.48267390172690383,0.8372407165960827,-0.14478097892328678
0.338785727860222,0.46945361149940257,0.8663941457599889,-0.14901272570467858
0.3631138122731366,0.50658087209931,0.8480745461396151,-0.1169433142872427
0.36268344825834664,0.517565653497972,0.8362189667813004,-0.18195119195189385
0.42012070401338153,0.590828161092902,0.7842187994977154,-0.16525806522235378
0.35677576457417504,0.497231284199362,0.8570764881120896,-0.18206560246722617
0.3422540140115792,0.48615550305532507,0.8685842438526662,-0.23310872326765442
0.3289606665814965,0.4557144381785301,0.8794745341835006,-0.1769875248800453
0.3260028240810798,0.45865191792909443,0.8718846329315325,-0.16811551820099238
0.3719996590446638,0.5252056293490205,0.8311670009425955,-0.18040961493191054
0.35345196688372715,0.49845202525945786,0.8392848656081848,-0.2010608827968479
0.3374183308193343,0.47043624748056484,0.8649655268919507,-0.15640997316324723
0.38506566666118236,0.5478083941962207,0.7981706172817922,-0.19814675804167065
0.3403193765432625,0.4740246957512457,0.8712847068676839,-0.17449664694987732
0.33931837072974563,0.4804314518898661,0.8842433577032665,-0.17295823479900232
0.3507238779705036,0.4924173408283727,0.8682953454020538,-0.096485097778359
0.35769404399744753,0.50837566074356,0.8447686285689622,-0.198344294127038
0.36479047078183624,0.5266988879533627,0.7911336613994914,-0.23532262802484313
0.36319515480722747,0.5101212343520263,0.8376887282101444,-0.17394172366538074
0.38981541592598773,0.5556057393551721,0.8051587242518474,-0.1532202163007488
0.3825553538273658,0.5409356324408939,0.8068109153722567,-0.149688410274633
0.36378015443797423,0.5271675229118731,0.8471060093021492,-0.17177179235306925
0.33675666513206026,0.44831775416892494,0.8471227360578345,-0.1460354897397929
0.326493376400125,0.4739761825053372,0.8711352857755899,-0.1593100420305279
0.353161524469205,0.4947880246527725,0.8215603489823031,-0.12572068907983203
0.3381650647415783,0.4639741338130286,0.8671388675472952,-0.16387069920266528
0.3436054604136284,0.4602814568331033,0.8633569710039191,-0.14694833848110353
0.3800465118434153,0.5325492563819662,0.8275469764216451,-0.15337096202920592
0.3428716976409824,0.47689335210947714,0.8577505053300337,-0.1392803516693566
0.3549625078352348,0.49458746224235006,0.8463696180277993,-0.15086865104652958
0.3784457428379835,0.5334395247258423,0.8330624084014443,-0.1648457060932848
0.3747794161520587,0.5307022637189385,0.8419411428025916,-0.12136201851752042
0.40669067210684967,0.5929914325898209,0.7936315222876438,-0.16120212302534195
0.33691184957025144,0.464089429875989,0.8754321288937564,-0.15799891788882398
0.35350111754508373,0.48382709194309725,0.8666298782468412,-0.11946922055593737
0.3692928644802202,0.5159057406143954,0.8646851926554172,-0.14936723257845236
0.3273553282488216,0.4670606914065434,0.8632823209605323,-0.18019006704936713
0.3766637811680081,0.5246909861421464,0.8078462290793382,-0.1890017248802276
0.3599048116593319,0.49624152837755986,0.8566809842814392,-0.20374009074669802
0.3510674792764971,0.48399225378679445,0.8761051208156893,-0.17320495088967175
0.3410272746860779,0.47624604756950956,0.859713531344985,-0.1339157047030734
0.368001612330186,0.5159330492460213,0.8071614812949466,-0.1601640973507883
0.32506359696935283,0.4412557935117447,0.8782510692227701,-0.15524155134707077
0.3284806759910802,0.44908140458612383,0.8794693273701325,-0.2381649356953549
0.3661717927538737,0.5252574866301489,0.8167124554002957,-0.24607894293595003
0.3884556374802232,0.5482054691080325,0.8152041472695679,-0.16757330153225755
0.3790617973200882,0.5233773549388693,0.8529921829784675,-0.13889360099327233
0.34901714746007345,0.4789559271768941,0.8663470542794574,-0.09681893430315792
0.3355971625230897,0.4729673652677878,0.86132323931312,-0.19647382468560926
0.36829963274560185,0.503223433498651,0.85835341516884,-0.10737061573445524
0.30826035982102223,0.4313584622586154,0.8827071910593207,-0.16827517819504947
0.337822091762018,0.4742287803785843,0.8572791873930637,-0.11976992204748632
0.37159601738022885,0.5249097365923854,0.8113846296996925,-0.1274845238684801
0.3392220568418403,0.4767708090350839,0.8775831406810246,-0.12938452000983625
0.3609103097881597,0.5000918593352112,0.8102480084822238,-0.16652192827612897
0.35951746179287075,0.5150764286640965,0.8386369813859695,-0.18197650787756017
0.3634690111627611,0.5119768914857691,0.8402569654305678,-0.16743418482541844
0.3329482818619722,0.46123271997713194,0.8592067374496801,-0.16757912254898014
0.35588189383606145,0.5059275821166985,0.8378099941336371,-0.11241120899735058
0.3524150926161764,0.5012474633717606,0.8464621014461265,-0.19336135244826202
0.38214845952597293,0.527862610073963,0.8375514430582599,-0.12391100836823207
0.3438510587616781,0.4826174666799474,0.834511697876217,-0.1861908178427574
0.3721118452825614,0.5190541788409836,0.8276759023906464,-0.20101563300229533
0.3751229256337845,0.5189914056614445,0.8327074480417387,-0.17975177872080422
0.37954009782719667,0.5305047884932411,0.8359335619288166,-0.13434128538545823
0.3450147839384206,0.47670639256959507,0.8477718251227397,-0.1685226504281551
0.3458618017949539,0.4855243122205667,0.8629400357452641,-0.19740719042504312
0.3368434665499031,0.47189188419593286,0.8874379777681264,-0.13928399463671348
0.3868831640690683,0.5345346711055797,0.8442976504362485,-0.09254528046712208
0.35725498679437073,0.5080802597949052,0.8477517490902822,-0.1899999307598908
0.3598903712131185,0.5012270924682645,0.8508068737670922,-0.1323284798567982
0.36438444009452986,0.5211217802559516,0.8266578210789758,-0.15846900807419914
0.32244136749420876,0.4424763735117678,0.8867881844633483,-0.17999272692981028
0.38150360129201283,0.5396590185456432,0.8419373800845982,-0.11112643246560733
0.4062037358854956,0.5813514752058477,0.7971388963341728,-0.2116307736539262
0.3702681412149693,0.5208384075697772,0.8463470639568212,-0.18516666297954956
0.3472254093241448,0.4970176289989417,0.8481713179351887,-0.23235345188288734
0.33613302204943274,0.44127690480801424,0.8274671606125527,-0.22592881518413796
0.3490264838986766,0.4938447255917968,0.8523461860556244,-0.15938385110567027
0.3467373935259421,0.4782196636381444,0.858519577726516,-0.11074131510998379
0.3505795044220322,0.49117585810844083,0.8407242298484819,-0.1781436833951277
0.3352126209551254,0.45964131856198637,0.8724037771772393,-0.15604191462866002
0.3707841580462082,0.5182987347403017,0.8555899436185328,-0.1906308121461574
0.3552153875542868,0.5044690393044108,0.8084534371996731,-0.10920213511984414
0.35910773483236724,0.5053495336422438,0.8511656506881848,-0.22793310161300598
0.33651391250185325,0.4764527806922682,0.8510788978204963,-0.17664153050911774
0.32560077898770606,0.4414016997062824,0.883862153816673,-0.1685599673082077
0.4091528670039961,0.5697139511560305,0.8030632346811606,-0.16842562823569135
0.3775535118876149,0.531986230497094,0.8462772718458443,-0.12959641230929375
0.3546778923073276,0.4986726059697684,0.8297981627461067,-0.15389771576183878
0.3385893746185883,0.47716731624313746,0.8745848359432264,-0.14014951329561792
0.3676579713314962,0.5168944406881262,0.8426844217611557,-0.17775127268171048
0.3644115049493523,0.5235025127594669,0.8288496609347278,-0.17252110008189217
0.3761190320118492,0.5143738601606377,0.8217603612573198,-0.15525292024961312
0.39160364028917966,0.5402112830318772,0.844341834739657,-0.09514570196796797
0.3755496903115619,0.5340647332104833,0.8132038055007672,-0.19949487786212605
0.3442074578492445,0.47982606982500214,0.8570595141560069,-0.18097245215749921
0.3698390464121385,0.5106119116873371,0.8585970341865321,-0.2331247711058542
0.3525326162099675,0.4949945999606435,0.8614904932656393,-0.1294708129987486
0.3671909596145611,0.4989551059269387,0.854169606397196,-0.11714740689872452
0.3697584057966743,0.5116411456123894,0.8498152834765651,-0.13955620926491827
0.3582492129526202,0.5016964591226464,0.8619305186706236,-0.14050372544984904
0.36982857423281573,0.5074582818390913,0.8506406118183172,-0.16197788693925466
0.3622958376261512,0.489171897485538,0.8508638643833945,-0.1659418177717328
0.34047605626111344,0.49051967409701175,0.8597314965500269,-0.19034664215713892
0.3448808719122143,0.4951335400183882,0.8672463038373145,-0.1182550372515446
0.35012743340502794,0.47873181682403515,0.8642668537971614,-0.18041347286682355
0.33933265902543225,0.4744470491947486,0.8645732822046437,-0.1081527362836284
0.3183544461112162,0.44670205867106594,0.875857904770241,-0.18403124317402098
0.37734522767192336,0.5277936710194483,0.8282618343282204,-0.17010439351285803
0.37893703136653933,0.5143386256307372,0.842566555680857,-0.09598004363405079
0.3610456111405444,0.5092510461436485,0.8318399229618367,-0.22501170453487887
0.3443678024797947,0.487293666896076,0.8645901670825492,-0.13089539468299483
0.3436800953497305,0.4831708444477112,0.8706954869043796,-0.228554352082992
0.3907124866635494,0.5407618485098595,0.819202052328262,-0.1658072126862244
0.3395919516289273,0.47967092103708603,0.8803319946563745,-0.17098310210397757
0.3156928327642262,0.45450782816149127,0.8723219813235217,-0.19088330099129366
0.29159882623455624,0.4136266923028238,0.8949544327830864,-0.13997738374708538
0.37058686480174935,0.5104403004319933,0.8330479931477426,-0.18073932461054704
0.356938176798764,0.5045481546442808,0.8290243350425701,-0.20473224713822138
0.34092004511072943,0.49396222445759924,0.8775300254076487,-0.1823733890925346
0.3340316921600514,0.4668901306778483,0.861984346735987,-0.19154474117841722
0.3456847479673369,0.484192935448122,0.8657263682706874,-0.1237470694461796
0.3696348489453119,0.5392586881347411,0.8272020964003024,-0.19275810850218095
0.31869337168173606,0.4420352474976847,0.855738076793013,-0.18502987518939087
0.3546307994682476,0.4948604929920355,0.859826779070064,-0.13059481806509482
0.3916117577878906,0.5373042339998784,0.8347337677108485,-0.10982943861524647
0.3831947684152314,0.5470215099141976,0.8130402556728321,-0.20691631155745244
0.35322738598234443,0.49813274797784446,0.8600359387649021,-0.15685825243103602
0.30856343128184477,0.42450487046555957,0.8856742043540675,-0.21908624774958696
0.3281215708306643,0.4501175243543277,0.8684527294114369,-0.10099262298990774
0.31867263363794746,0.4426485488861823,0.8768845104107108,-0.1735276442652425
0.34941817410417425,0.48587437065040434,0.8441917507518116,-0.15511155936429014
0.3686351484084556,0.5197482086177322,0.8505132347323127,-0.1399388742672894
0.3646347842315865,0.5161334108991182,0.8446857598636028,-0.13892588543780557
0.38465133016791836,0.550195469557451,0.7884113715450789,-0.18182605142908587
0.3340469201242527,0.47294635189443235,0.8635038376687754,-0.15433673840718504
0.33016004494368956,0.4693788806226752,0.8600225385090736,-0.18305309497240788
0.3729691726624404,0.5139019048839357,0.8355519783081837,-0.10862478809270418
0.35816737538028176,0.4931206426390816,0.8438802675909773,-0.03088467902296254
0.36025850560564016,0.49857216249985487,0.8517798580766995,-0.13704146325482736
0.34867939004943616,0.4915323480665912,0.860268626578282,-0.20918938423547173
0.3319307489259686,0.4559226808549141,0.8511189636402542,-0.15107350257721985
0.3782154230688558,0.531816568620051,0.8275741172300657,-0.11526912603444153
0.34822976982438536,0.4958850103397361,0.8573001029866042,-0.24416322799917917
0.3714306126237378,0.5372041060006292,0.8423653784433094,-0.10198593947672477
0.39322506030808907,0.5496638313785859,0.8519374962386987,-0.1373445424099236
0.3604739788685521,0.5125868509197227,0.8393560797653047,-0.1300077337990143
0.3403830443938056,0.4771642343838361,0.8523581780520755,-0.15138239258087832
0.39539937704204003,0.547487447748192,0.8013077480262474,-0.12109423837377398
0.3384377920693229,0.4616036205190579,0.8607716961111533,-0.1276322394190333
0.37963709106320653,0.517570270838095,0.8645855856819792,-0.09691831628901287
0.3557280791998342,0.5036517201536279,0.8661904255188295,-0.22069218716032568
0.37230796152687684,0.5296927146964706,0.8276393589806894,-0.16904631263215164
0.35632168357179206,0.5109237391981859,0.8315754160093285,-0.1967090553715172
0.35402630707247046,0.49586746032396734,0.8406913548312963,-0.24983911930695613
0.321445025498361,0.44914878774108524,0.8560436534624105,-0.17740103002168944
0.2991085380041183,0.41066348678180864,0.8943300052914287,-0.18483337806456018
0.34687045450781306,0.4877665670426369,0.8499251903393941,-0.1208711766202783
0.3478328412676511,0.4864740369208588,0.8621462961720299,-0.18419067208191142
0.39089097721574967,0.5547935900973623,0.8325276990689954,-0.11227247840237509
0.36508562547646867,0.510083369972743,0.8636386785400268,-0.2220186676585795
0.3484871722521468,0.5029004641277766,0.8563696030322469,-0.1749910157940582
0.3639893785185126,0.5198265300950553,0.8187539693731756,-0.18716697852281475
0.3714575066274226,0.5324739647822002,0.8246175553791308,-0.1470943109822305
0.4013070834949095,0.5379667699518172,0.8455929956630703,-0.05583594068059916
0.322589027938205,0.4615086040392555,0.8488912324663458,-0.22954286663522594
0.35591778317428996,0.5109798280809511,0.8439573064021098,-0.11489632665764293
0.35198920058077177,0.4813496289691046,0.8810644944731146,-0.2177011514750933
0.36176734913111586,0.49184491565894534,0.860334023508041,-0.09582258833206266
0.3745196504771362,0.5199207742842189,0.8089726405728268,-0.09624674233410047
0.36590385725774216,0.5053010361283092,0.8227363997030523,-0.1606513292764419
0.4112987104767956,0.5682992232875994,0.8199145599924437,-0.19058994435391174
0.38976715945622364,0.5415588393860847,0.8455715545789174,-0.11156444921264487
0.35399838292541225,0.5042532131506365,0.8438554067255205,-0.1848641711022151
0.40461211295070454,0.5615179194948878,0.7672488557833625,-0.08135940426473265
0.3402081483871886,0.46821075695056147,0.8642188811043076,-0.19836395142829577
0.3941479196177903,0.5520392077605354,0.8149392851632129,-0.1604642305008767
0.338067980032797,0.46951831922207843,0.8524049708107762,-0.15634039699849558
0.3256191828437269,0.4555624798380202,0.8660677261156585,-0.19172722777145476
0.3263738057182703,0.4491774320471236,0.870233974454493,-0.19511566957975346
0.3389788967752384,0.48452168016714975,0.8655263558705002,-0.18949262262443184
0.3701708662387614,0.5223204471648301,0.8359823366817897,-0.17685891605752194
0.34426966088718153,0.482893175681984,0.8447471084484881,-0.22870283091607396
0.36626000786951707,0.5061377121740246,0.859220872268363,-0.12045079485170988
0.40654045541367184,0.5662426200140893,0.8075630971757122,-0.1636173479910165
0.34833320047560856,0.4867124863687639,0.8628076656047236,-0.18354459384801503
0.3816754606648431,0.5458871958986823,0.7962051395690547,-0.22256990507415242
0.31867498348569717,0.44899255589584264,0.8507940011913984,-0.21962707299965875
0.34142671304330935,0.4754180819733718,0.8507669802455339,-0.1636054727528083
0.34422475541387515,0.4927703893866675,0.8477926842933757,-0.10491760854307589
0.33898401452766663,0.4646227681064878,0.8429677023427325,-0.2529036061583453
0.35536141739047566,0.5051962264326635,0.8133104076086144,-0.2295310367317308
0.35896539701549307,0.5113201355599934,0.8552882467615467,-0.11713311473984661
0.364059298497274,0.4983065782825545,0.8584439143582777,-0.12697927742075665
0.3098252705400958,0.43801516384484024,0.8801233292033379,-0.21385513229728206
0.37124865292895165,0.5295873093589971,0.8201617973576875,-0.22863857079625635
0.3408702720428454,0.49665397680092443,0.8709861439341963,-0.1772729835340795
0.356507605128855,0.4941005403792081,0.846754417718361,-0.16964184289274584
0.3659984487140949,0.49407048752020644,0.8547464061061139,-0.0935296238778728
0.359044515242488,0.49428889003144616,0.8310663145965254,-0.16472100666246947
0.38005492952959996,0.5204234908435402,0.8374202477785109,-0.174917336156987
0.36896184253863723,0.5121191506600271,0.8310577539270867,-0.17848542076739338
0.3559147767858431,0.49925303561414175,0.8713800761546414,-0.10949388206324218
0.3438849738277667,0.4918784987090214,0.8656685256193307,-0.19628621822118164
0.3344089821342651,0.48011843989687547,0.867633279217502,-0.16366012030074795
0.3946474932756837,0.5510837711690558,0.8026424468823089,-0.21669421048031193
0.3491310392885926,0.4652131952280795,0.8454350274721647,-0.2088171358143056
0.3195671465594089,0.44649193260745096,0.8761703414996133,-0.16368653549491088
0.3814075539523134,0.5302645328306296,0.8283280833233978,-0.15107897466131368
0.37527606333512636,0.52788589055639,0.8368486209299528,-0.12196219898279705
0.4020745997823859,0.5598497607897719,0.8118210314804104,-0.0499009994289952
0.3697926188186607,0.5199823039422552,0.8422908986385849,-0.1103664013933212
0.33540907338760706,0.477777301742199,0.8678967873064883,-0.18038883944157166
0.34805851252316367,0.486704079464894,0.8291878429628445,-0.18871232513692063
0.3419408311384037,0.48009078762849106,0.8585626722795662,-0.1483282798103275
0.3387139179878483,0.4951801518532338,0.8499698034204636,-0.11460751583349461
0.37496716927504553,0.5323137369670731,0.8133735228467907,-0.264917041674115
0.34183576494981394,0.49010270866328437,0.8559102563688189,-0.15945825013272902
0.35591082038291627,0.503500697789453,0.8536685684302691,-0.174266496798982
0.4084933850935564,0.5816386244673905,0.8073404130714872,-0.1703325443253543
0.34405834115654566,0.5014155996462661,0.8255468318387216,-0.19962436469675746
0.40177560213153823,0.5507169052761847,0.8426468901168869,-0.12193882124311176
0.32600248880636634,0.45549213358093504,0.8769606319227995,-0.15272778711759855
0.35342279029841134,0.4989412620921513,0.8380624306678616,-0.17546518233962363
0.33730054567618156,0.4798342717623027,0.8555489143029642,-0.15126260647797926
0.36129589438302795,0.5108256192057197,0.8392408865513621,-0.07209623395821099
0.35610171211523206,0.49701375874637266,0.8531963338460355,-0.15448822650587887
0.36639373979527157,0.5097478434526905,0.8255668155311984,-0.1733005744043877
0.3668313449693526,0.5217415724561442,0.8142292892157709,-0.18390343361230244
0.353033998424206,0.5029365911188322,0.8657289930773171,-0.1791971311713824
0.3556582235120455,0.4993999319008243,0.8733203072820724,-0.12412840134948903
0.3487962612062793,0.49264129894462827,0.8547654869754622,-0.14278504701992162
0.3391683371600936,0.46527286198939655,0.8614006810976773,-0.11536418416075818
0.3877203512950708,0.5636448288791723,0.8127850077758585,-0.18965645425145458
0.329509921001361,0.4634554370729068,0.8695685530032549,-0.1805354511363038
0.3315791228049358,0.47324058556901216,0.852318991538791,-0.17972660849647537
0.36281649593186394,0.523254916845704,0.8542602061365667,-0.22159910704904756
0.3723482284025729,0.5086232355194614,0.8262524653192359,-0.13280032403817124
0.3903799052373666,0.5567877448458677,0.8173833033558691,-0.21301312170076117
0.3501168204568493,0.496983200018648,0.8678439927352036,-0.11953075310474404
0.401077506380137,0.5643434739098837,0.8307706945955216,-0.10161778899263726
0.370099646968037,0.5016462966697163,0.8285542707655229,-0.08125931336397052
0.35623950276278427,0.5024278903298219,0.8571837716520031,-0.12958420463279363
0.3488576461536619,0.4858062363995614,0.835509712692954,-0.16284717332548118
0.3344900608017206,0.4603601447937912,0.8647613337755526,-0.1540900858630684
0.3431049314659339,0.4792535319747521,0.8514861793895827,-0.17362920155340908
0.3464955693559321,0.4708289680071781,0.8577067302571136,-0.13847374130057408
0.34839260991214116,0.49428449639315647,0.8456575002073607,-0.12199450917075577
0.34629908696330697,0.4852885606578629,0.8515537476702582,-0.24067505125667008
0.38823358064369096,0.5631528852079861,0.8148817158357375,-0.21931942044430347
0.3523450505312405,0.49202570399841494,0.8633405114508957,-0.2015050147433494
0.348867497993455,0.49389362847517415,0.8474902900969379,-0.13211578855132153
0.32130062006686266,0.4555639054080822,0.881907754111512,-0.15761796740190448
0.353175947370487,0.48488842036443824,0.8467602377938103,-0.13663086399718477
0.41310639922325293,0.5789542760224651,0.8010577110012689,-0.11278535126451915
0.35167736108972275,0.49443568648953007,0.8612306838750851,-0.1730660259934736
0.35505426579424537,0.5081589417922742,0.8542921855826376,-0.1979395109654792
0.37016235279638143,0.5270804909971878,0.8474713863691586,-0.14304986093034414
0.3598708892013762,0.49805317007742583,0.8648614492931656,-0.17351803687515113
0.3571784236141601,0.5035194185974057,0.840484608831287,-0.1712805154579289
0.3667396927958723,0.5165806501981584,0.8578496570650211,-0.16577437874672982
0.36518208024975723,0.5197878873135416,0.8316475996762767,-0.20049551120752682
0.3564179444332964,0.4941655064219837,0.868958348123114,-0.13473146645301487
0.3302597231524969,0.46920347030287524,0.8530375146622302,-0.1839613855868099
0.3397674634876151,0.4604326960015145,0.8708439943145276,-0.11880179751649735
0.32322598783309275,0.4443917108154617,0.8628165052397072,-0.15977776656511986
0.32818586213446993,0.4664790718407962,0.8473683279254206,-0.1611124271771164
0.3560848234249468,0.5050615765687757,0.8501957239461052,-0.11588667452580423
0.3204874541829014,0.4501399754097013,0.8813595734854031,-0.1697398760574807
0.3713664951953352,0.5141348263737164,0.8414803373122667,-0.11453664583068869
0.33933815495189035,0.475606410376443,0.8558620689296144,-0.13637465860350778
0.3381735348374316,0.44790902511942904,0.8526364232508024,-0.14229067411717775
0.3416192421135904,0.4850425912510801,0.8533531467442602,-0.19680572049359074
0.32252995490963476,0.4434401540645176,0.8695479844235037,-0.17092628596082837
0.37256011275523154,0.516008736193966,0.8379551029487032,-0.11154743222191792
0.37290147525065676,0.5229652500514407,0.8245854693539983,-0.15012376399961114
0.3206440327513335,0.44604014265540903,0.8623045571512336,-0.2111781709899967
0.342524178637441,0.4963770878084904,0.8448840000515095,-0.15831510525556314
0.37464186276282824,0.5201989811402945,0.8467827913072236,-0.1292756590440286
0.3487792963673744,0.50361235878538,0.8524760195239465,-0.12765342119524653
0.4203348617297606,0.5738912494356607,0.8201765751310031,-0.11735823721745743
0.4019342671240626,0.5564697891540632,0.8228611720298553,-0.12110367982458879
0.35983209899246066,0.5025396453393092,0.8267914597465986,-0.14071907219069282
0.36750962153380184,0.49885222584350736,0.8455612433449103,-0.16985254443778694
0.353571814874325,0.5053342024700718,0.8396524911510049,-0.1481022641214598
0.366535547977751,0.522273127183703,0.8623044436271072,-0.14548646947539046
0.29763061396853335,0.4109732099992912,0.8894028489946701,-0.13932684412277263
0.38635390384498586,0.5303698004550083,0.8304996258140867,-0.13781156011765744
0.40353354256238433,0.5590878076306081,0.8238124407613292,-0.09545652231889566
0.33627091318476543,0.48461011843421337,0.8568666677895516,-0.22992254239410362
0.346312564449055,0.48753643924908807,0.8475374714640993,-0.19457658527419727
0.3632735948477498,0.508681393978168,0.8395830422273651,-0.21111845105352625
0.3493351983060531,0.47336334224653775,0.8757193169387879,-0.16518017733923288
0.34298145444550476,0.48764501233543595,0.85275312574074,-0.1371923720408502
0.31357234004346446,0.4353426614045747,0.8722256971064901,-0.20914703457276687
0.37145216071627596,0.5247810153814985,0.850556796221358,-0.11310883464417829
0.34758743180300883,0.49110425855328815,0.8616059716887449,-0.18008988304742057
0.35178835724154567,0.5024278659518753,0.8256640923409287,-0.15423047866000394
0.3563527062300011,0.4973103002123535,0.8278766850574368,-0.1711812716623829
0.32387379288645646,0.4571210583817649,0.8594934462054469,-0.1600553382577903
0.3482280756141426,0.5053442741339876,0.8611408764454123,-0.2042818005693224
0.3863553543894431,0.5278080712078611,0.8120082314068863,-0.14824655119883293
0.3398159181124453,0.49223173352881255,0.8703751430663762,-0.14369525200316613
0.3362418209242085,0.46493254318251287,0.8366674708730262,-0.16436928387894162
0.35624324048395123,0.4875477428903101,0.8167610156376885,-0.16629497374748986
0.3233810493577708,0.46433666970252935,0.8743563473726178,-0.14012091464995327
0.33797447726379415,0.4825020172668055,0.8772964429798529,-0.13827534543240735
0.3385101494369284,0.46738128530561907,0.8629368812236433,-0.21830379592817545
0.34847432958476365,0.47101443604806126,0.8707582067373429,-0.13668442420625773
0.36632572539629293,0.5230539249971496,0.8434316126321755,-0.09716570186438003
0.35239656360762484,0.49678444097081664,0.857913827420727,-0.2010137016503924
0.37711654271061357,0.5441017839094666,0.8308475325492525,-0.12346057016806966
0.3741724428162802,0.5272916636660973,0.8223251310446711,-0.2071807058961518
0.3579212071561439,0.4957503997828132,0.8273141035818015,-0.13611044117369167
0.3321824776044005,0.4753333762497818,0.8693682341979732,-0.12577090316398995
0.31470320962088677,0.4506074827268422,0.8688147119515701,-0.18860278633961092
0.36590850996236457,0.5365619701351766,0.811413039417185,-0.1091032176496081
0.3074464744840031,0.41975203676893497,0.8974704023163901,-0.18964775292307354
0.34818324495089775,0.48708859661644666,0.8464991858939027,-0.21858967958780112
0.4082859355713712,0.582224470598015,0.7894342198949851,-0.2108931886652474
0.3396605225650741,0.4916219256457216,0.8751538859204446,-0.16105479369548686
0.35258682776782013,0.4815080308268007,0.8673042520946189,-0.11965681997051844
0.3778731223349887,0.5357065375824591,0.7996402003118126,-0.20626384094454622
0.3719374145838979,0.5175459580487028,0.8353811083422354,-0.14668198662660428
0.36616710771147026,0.5193267693461312,0.8329659292514404,-0.1946874057826318
0.40617455329317964,0.5445688055836307,0.818354647649775,-0.019691595760947714
0.4053855383770509,0.568821791333172,0.8061432122195609,-0.12263390441349223
0.34878360540779374,0.4846267402254958,0.8607951958561859,-0.10749231959030416
0.33157748733310577,0.46132080628829863,0.8748233314770308,-0.13441408330317473
0.3495875420313019,0.506428045605188,0.8274517020530763,-0.1707428287550874
0.329071796243668,0.45732813905011754,0.8768645364436226,-0.14593828821086308
0.389760254198702,0.5298266307723328,0.8424162025855513,-0.08390016031051406
0.33176929005391975,0.47227006273555877,0.869513682758855,-0.13807897604799643
0.36573102464962814,0.5181296947344836,0.8419344932734225,-0.17681023938242757
0.36089881622006276,0.5205698762933244,0.8304630359574379,-0.17032700016024244
0.3530058607043435,0.5028554387017692,0.840566383095601,-0.13078560121120145
0.3840916399669887,0.5315259064861645,0.8273270600010718,-0.11100510461135632
0.36861789418707813,0.5162865101237015,0.7988090455450905,-0.11149083344139275
0.31424392250894184,0.4368303915360121,0.8992231770316106,-0.14109118611405264
0.3420224513781358,0.4647344542355416,0.8249548040108012,-0.15326027930190483
0.36401558221942737,0.5141005955933633,0.8381872154673352,-0.14297687351591137
0.3976826617541434,0.5450943209856527,0.8404602717502987,-0.10820128598349181
0.31590594731369376,0.436549755329882,0.8866382238570025,-0.16283027515277154
0.3840230783659169,0.5376710843653438,0.8205724644727331,-0.18411221924015309
0.36758079940502086,0.5190464286054898,0.8442615158850462,-0.15705641019003053
0.3857008391935263,0.5545472643195608,0.8310933140926007,-0.23285610015811137
0.3527940174385516,0.48122854692034633,0.8484715084257097,-0.17103595924077908
0.3774950087220112,0.5255845576121332,0.8054174204177807,-0.21880837023158395
0.38853288889746046,0.5380395014744743,0.8272229092239605,-0.09772856855940927
0.35863259105801115,0.5036116337745833,0.8285760368038919,-0.1601536103289794
0.38557295281961795,0.543322966421497,0.8185728686235767,-0.11525020685812701
0.35402977825180304,0.4987780039553163,0.8619499640423295,-0.15989484780823932
0.35030581263488236,0.4928298142862181,0.8621800765854126,-0.17350864093355314
0.3544901794173991,0.4856843890614909,0.8507598782168045,-0.15343729629962635
0.35993725885956634,0.5067099188701536,0.8354009650269061,-0.18190230777539398
0.38341693394969656,0.5267920294136433,0.8435934614996854,-0.007433781183161268
0.3577471347498018,0.5136444709330684,0.8375904582775386,-0.10029782616579846
0.3397465093344587,0.4852844222389971,0.861925113741848,-0.12101094637459298
0.3757398996108196,0.5315043864386197,0.833193015895213,-0.17505522121355765
0.3319926969463214,0.47671619049979247,0.8141650841111514,-0.20629678496783802
0.33039691420190065,0.4498539285954247,0.8741959101077896,-0.18578031628482905
0.36627304884389644,0.5077929612168629,0.8204389302191897,-0.10538298920678561
0.3466983821401838,0.48073983606879156,0.84750600932667,-0.18128660707493865
0.37256764085554706,0.5231970990758182,0.8444824448655671,-0.15042977121236958
0.3472164327765045,0.4942201487902177,0.8464046433326711,-0.2241243700978257
0.35170256997595045,0.49169592335291096,0.8414870061085331,-0.08154995953534484
0.3112772168873501,0.4296005070325912,0.8979721194498523,-0.20336075675182566
0.34482889557064195,0.4782667503291407,0.8728991028918826,-0.20598104805182488
0.37562935398244746,0.5299832044207652,0.8152663916997311,-0.19545670792887
0.3227776654347483,0.4479911275558169,0.8783228349681527,-0.19737861621712577
0.35089231716468094,0.49777608250779765,0.871796111281756,-0.2116841918009976
0.32117993025327746,0.4540478790861786,0.8845935351235668,-0.17844502928132872
0.32990734466999,0.4586077408285495,0.8640530524478098,-0.11744510651729548
0.3337669318602236,0.45693402448914283,0.873840060975913,-0.13523372882616314
0.34893589968157046,0.4874461635149104,0.8598278492268775,-0.13303415624721726
0.34216650907712104,0.4752971587318971,0.8601231402047275,-0.13686778653204867
0.404306472288814,0.5679187612528143,0.7604815975136505,-0.1399533756794751
0.34617870786659444,0.4812048402710082,0.8587324298182069,-0.1897199367710469
0.39339717982711414,0.5591458155452925,0.8278051362805132,-0.18835898653035432
0.3258169180330568,0.45662992229600535,0.8487086968620055,-0.21797980052813437
0.3273535417861905,0.46162333508996906,0.8823672226414617,-0.15278635547278765
0.3643410916210234,0.5315348090737908,0.8508539283928686,-0.22026478727004564
0.3515575954065815,0.4808003599488312,0.8113061866080368,-0.12092828100233013
0.4092536628961545,0.5580232338659303,0.8357313718292096,-0.06442928351532148
0.379816720078471,0.5253059371509795,0.8510842472299169,-0.16647760352840618
0.35095532900541493,0.49890282535655817,0.8666895012537388,-0.142297338669542
0.3950141933061387,0.5596272004682362,0.8110350631409793,-0.15947865569446495
0.35624202416673034,0.514073267551153,0.8436277500402871,-0.19494624556399395
0.3879149890570854,0.5457202832475487,0.8311785699726906,-0.12955964081508756
0.3780673103422182,0.5242035177806705,0.8055885648847326,-0.15282361611491113
0.33011460997054276,0.44257638086141027,0.8816299677527416,-0.2049762825648348
0.37425972750881187,0.5288413782315463,0.8161724819025412,-0.274220039037976
0.34943205743697947,0.4871198727353956,0.8682797179962571,-0.15422465362306395
0.32501134402159426,0.44663962472740254,0.8776729185306439,-0.19205503435759566
0.3510069588112552,0.47744470067525546,0.8511762530881033,-0.16820511375003766
0.3308517261037065,0.4608247822766248,0.8626019896083695,-0.14786954605986477
0.36129384700747896,0.503930382921382,0.8496149916055309,-0.1262308118950003
0.34618708591339975,0.4840951124656166,0.8494269559718405,-0.20904696467637957
0.3692760071986087,0.5165083369575295,0.8391071028562926,-0.12720379217770184
0.37032128239953593,0.527633912468223,0.8631190761603188,-0.1633828072338991
0.324071322504976,0.4532132971505132,0.8856463845708427,-0.19295095097891268
0.3288281542495143,0.46888670433885205,0.8467270956984316,-0.12189887872384492
0.37678528400426564,0.5243895723011134,0.8471363959660505,-0.1298706035137399
0.35403630765644256,0.516160515845258,0.8558508779942533,-0.23050112518403792
0.3763096392639143,0.5420230594757948,0.8262178287906844,-0.2040591154648206
0.3787187161009847,0.5301814317828281,0.8381589890049612,-0.08362184244333652
0.34737365689748334,0.47772821410230754,0.8529681008868684,-0.23597434838207773
0.35435912902551,0.5001473611348293,0.8358482772872096,-0.18630232410676287
0.3520917140183059,0.47931248320858005,0.8658913773751842,-0.10126451039408771
0.3540059317849906,0.5017108014217533,0.8588719938605156,-0.18981679682698394
0.34920584695855,0.4975499513816758,0.8535833650114644,-0.1312685790978159
0.3800541606808341,0.5432886920890689,0.8341135443151945,-0.08135298166283234
0.324447084889344,0.47046123191871597,0.8707283853865778,-0.1182348852922504
0.3427381035330082,0.46212069067919265,0.8484530866644894,-0.13362565622487343
0.3969041276299843,0.5400038779311421,0.8392690271359424,-0.10547422900164032
0.36063435118186854,0.5046812010735863,0.8469430972495662,-0.18912380119306815
0.36421796269446605,0.5271388600009635,0.8390522559519431,-0.19996419285716097
0.3954703418593928,0.5521654793669202,0.8387544067181028,-0.17595489750948826
0.33611990051741325,0.4732638362521935,0.8507128963249869,-0.14643846593392867
0.3437401985422369,0.48298355128637566,0.866856799364347,-0.11317305009241489
0.3783107259965376,0.5168016380235669,0.8294914363452427,-0.10747354053437229
0.3814715807135625,0.5196270740714111,0.8416867718152676,-0.19232051883670206
0.40407761838642803,0.5456798753912614,0.8478724504158998,-0.08735509534295205
0.34256323959769125,0.4759597904741118,0.8682708045491547,-0.22045042709010962
0.3292181670120203,0.46926307568910897,0.8614257934952858,-0.2066313320025291
0.327649866685183,0.4640461599902709,0.8612347851279317,-0.15466704699709571
0.3415362455103829,0.4780272977483196,0.8687320165454623,-0.16314047839333565
0.3713012544580538,0.5009593184395372,0.8169485054594219,-0.12347679831795426
0.3426780345550826,0.48191260570961164,0.8468504446256017,-0.22849216245989604
0.36774402086351976,0.4960105158679364,0.8428199034070436,-0.14810375466879985
0.357193533704402,0.5065566671760003,0.8482216968969417,-0.20762099417058652
0.35828237159264903,0.4993454816052881,0.8503224293771118,-0.14567616573597042
0.37722215629549577,0.528085303630857,0.8445605476489804,-0.1733429726027903
0.33908077596887776,0.48309478790821353,0.8656305004213668,-0.13386008172475833
0.3532512832518006,0.5001345760318705,0.8499724528424939,-0.1599938050057715
0.3650239754736828,0.5125314447735579,0.857380915985527,-0.17645424225514067
0.3233970498098212,0.44302848389866567,0.8827891916799288,-0.1605192380901784
0.3614912916219732,0.5040800935655708,0.8437384859702325,-0.14358177392525248
0.40757664709994246,0.5531312222873059,0.8026468693731617,-0.05928389698105926
0.3299257637244705,0.46163134656117444,0.8711574376487667,-0.18252903094655934
0.3441827818760925,0.4781619111438037,0.859391100331845,-0.14245218704586904
0.4037200835016208,0.5641697417050024,0.8220483146279037,-0.06664237696890808
0.32065159103962126,0.45155198880712755,0.8872029169042556,-0.19326770099830365
0.35478428905450066,0.49778512748363385,0.8655765472193758,-0.17414528628604517
0.3983119350965926,0.5401192264564582,0.8121061291519422,-0.13277004103197385
0.3493425756425963,0.4929277522169603,0.8661636487740993,-0.20048157294674582
0.3903087751189466,0.5516326730668683,0.8258390102343578,-0.13012522742259391
0.3171055187658605,0.4426591727003259,0.8693081644440321,-0.16495289933571133
0.38806018716046525,0.5448407305155704,0.8317772694748238,-0.16261838109634813
0.3928063726821891,0.551973863338862,0.8233290811428794,-0.15394901900715524
0.38741728306338485,0.5350014358845843,0.8033546071380819,-0.13848368222948734
0.36974246696176394,0.5344506566430655,0.8501050816763547,-0.17542744219747514
0.34748591082400193,0.47279833936426635,0.872463201371975,-0.14214735098650821
0.3471028180183203,0.47768077506632334,0.875015008545527,-0.08329399166987338
0.2870847484250931,0.39906673503994156,0.8942523338408401,-0.1389479115685007
0.3427131092372374,0.4800542809948771,0.8717090562653371,-0.13239321466149095
0.34543852335494407,0.49260077698638755,0.8662197447555536,-0.1552554867188993
0.39220136179017945,0.5564942661197503,0.8238517840502775,-0.16840036194919789
0.3533247238487276,0.48400308171030587,0.8582911210788535,-0.12530870350725248
0.3372858782106893,0.4714885342719159,0.868897413903331,-0.16078719867799296
0.3757479020484247,0.5398599005238028,0.8373940504222565,-0.18539917136879375
0.3128624591945262,0.4334295502326696,0.879896133757173,-0.1771905529648488
0.3922061711879987,0.5526332639830059,0.8106454903725772,-0.15463358395919122
0.3311142322081664,0.458950412046483,0.8700005231861275,-0.17624680102767462
0.32744682561243393,0.4474134757527065,0.8631508219958159,-0.1993845688504057
0.35230329283525663,0.48366667160349686,0.854980451326817,-0.13568080957966583
0.3611941480630394,0.5162956576962832,0.8645650629150433,-0.14969980053720786
0.3557888376455616,0.5217653509023086,0.8557226320996398,-0.18372240830475964
0.3142032385725966,0.447489139652878,0.890867192224889,-0.14279820711578237
0.37018795076172534,0.5169098959332058,0.8469568803027734,-0.15187166153966764
0.39749149898888986,0.5437056304023329,0.8310196696680532,-0.12533179783634135
0.36847582873644386,0.5127252552612604,0.8450321617770269,-0.16563960196649427
0.3595520354886423,0.5022995085972141,0.859170258000995,-0.18744972932158874
0.3203740264055588,0.4400308209622896,0.8758717692525493,-0.15907399817395723
0.35125094354203884,0.49734267660696785,0.8683523319327424,-0.2028642624019156
0.35509940242704213,0.512392946490918,0.8486180989075893,-0.1174090319435457
0.3530692432647868,0.49530207717359365,0.8533324735455496,-0.14932720406735853
0.38336085640559425,0.5491452033513123,0.8391418806315681,-0.15241145806110484
0.33714483764622977,0.48568469076188625,0.8590599514613764,-0.14208507351884905
0.3326315886275659,0.4570435955597633,0.8588082656267297,-0.146999631236772
0.3512945967954754,0.49580091486687367,0.8493936483279582,-0.20814977989780925
0.39655629419941707,0.5636628509245707,0.8382841756084753,-0.10075677940106752
0.3459564350155798,0.4916078777357586,0.8330170905721999,-0.1628372671967536
0.3824119036853072,0.5245139000279669,0.8594755032485356,-0.12170802097385619
0.352671627936625,0.4968967098186684,0.8605339730256052,-0.17216343732341172
0.37998440662406185,0.5308324541709353,0.8260101534167895,-0.18154086873402436
0.3371860646941647,0.45840818442543574,0.859594869034398,-0.13987494495005645
0.32886126192863413,0.4614407352570484,0.8768967747676555,-0.16231525741130895
0.35555026677032464,0.4891374959921072,0.8627034445260007,-0.15849580729410986
0.39191445111122974,0.5522277592010734,0.8182401694483745,-0.10123042012982285
0.3199896950124558,0.449096441895826,0.8657900644612735,-0.1550474705038989
0.36396686543940143,0.5173486933073141,0.8576534560675246,-0.12917893393848154
0.3294125260483813,0.4585726419332085,0.8717523167429169,-0.16195192030002892
0.36945165491703424,0.5261693213708755,0.8583401692153785,-0.12653438963423358
0.3807089681459601,0.5437734598134593,0.848277319105627,-0.1703559514728563
0.37689936308018934,0.5186215886533796,0.8450990182066951,-0.06315542838467564
0.3650147702068606,0.5036357411852035,0.8429144323241944,-0.11162724202805449
0.34096506909296564,0.4834846529429105,0.8661279870087693,-0.1864952471680993
0.3777453439636264,0.5225929741967157,0.8564137390783008,-0.0846149663220238
0.36058581574761606,0.5061860955501615,0.8519686347353951,-0.1589919758658446
0.3532547341569388,0.5021989850435147,0.8419946746764262,-0.18197873122792874
0.3385955894946936,0.4685101847916467,0.870733840851478,-0.1549149207981304
0.32147928476522336,0.44559516027114976,0.8697888270649015,-0.19084281548971774
0.3709572649846721,0.5248066615527384,0.8359196433974291,-0.10292071695136532
0.37160441142941397,0.510820318802859,0.8289539177410824,-0.15953542335640503
0.3778410232249853,0.5274513340431388,0.8288826514463831,-0.0074158702118258535
0.36399846016584175,0.5010730791947045,0.8444871619412636,-0.0993658585059412
0.31470470471456014,0.44644845988396764,0.8629270119692788,-0.18617942428291256
0.31884295126515133,0.4494398496727837,0.8874049563227073,-0.19299101048423278
0.3716093724790879,0.5082881010015199,0.8416931765341704,-0.06540508643478629
0.323107493831832,0.4510869126583395,0.8707318035830199,-0.17440821961282726
0.3970404251382036,0.5512408211417854,0.8033765901237171,-0.06079876289594287
0.3550384031276641,0.5149408744648422,0.8577685014586718,-0.13377158855530255
0.3485605735276701,0.4812450955512262,0.8636586928417982,-0.1242196409481714
0.36865271409703815,0.5214419565005408,0.8035376320182772,-0.0936512669243974
0.3055686023332292,0.4109845319161855,0.891400844871071,-0.16868350174555327
0.3197507276999419,0.443230278734081,0.8800322528858943,-0.12903120098214158
0.3205150887328387,0.446113842395158,0.8716050437317253,-0.15271504095547317
0.3494467710657237,0.5118066427157238,0.8641786564823389,-0.14548174486428075
0.3509573225897931,0.4995811991437107,0.8540643725367142,-0.12852233330814156
0.327395017311155,0.45910481177294254,0.8746452981574431,-0.1521223385203576
0.3746137413215162,0.5199742966179794,0.8522523497889943,-0.06604623268566094
0.35514752331865757,0.4921532593890754,0.8438440015081056,-0.12269194006213183
0.34943621928256313,0.4873643534726527,0.856969823237659,-0.16202615185911723
0.3504587535910162,0.49356040988699096,0.8637956996558692,-0.16263427155910082
0.36690112468558417,0.5059093351848326,0.8338922705294602,-0.12630098447484753
0.3812718916305254,0.5319979980484307,0.8268556694621778,-0.15744427817302722
0.35570365289682215,0.5251450164278575,0.8117031768345804,-0.26553828407975005
0.3115269470300962,0.4306064948581612,0.8867141345620807,-0.15924186561671985
0.3552073879897283,0.49181472267697357,0.8388853963904923,-0.19151205957466555
0.35569389976906635,0.5072724340516648,0.818813794419244,-0.18877316391887883
0.3411559019789014,0.48255231869395887,0.8531231787754614,-0.12728230678137184
0.3155919830591546,0.44526279279351966,0.8811245678028964,-0.17920325514224453
0.3925631192516137,0.5504766138767867,0.8166424838118937,-0.12171812542179948
0.3090466083255351,0.4191007915490588,0.8645806846458366,-0.18265148498411224
0.32567535780293594,0.4515798339064525,0.884554330798458,-0.16218607723185569
0.37179936456687546,0.5200924785801528,0.8565160051721419,-0.11959797775012031
0.3602296407000195,0.5009253313510801,0.8301595636137464,-0.13078485139979518
0.3351506908273349,0.4653819090674377,0.8664971973028894,-0.1793645998017017
0.34751493274291706,0.4751587228538176,0.848828792365667,-0.0845081796283804
0.3376480177228838,0.4588209052923068,0.8773557354609096,-0.13342092288023863
0.35038747954714156,0.4829763546501722,0.846707528873721,-0.1716390675829507
0.36955886886257655,0.5411984317784668,0.8396950195920564,-0.2525958348649074
0.3640110417665594,0.50413556804024,0.8262030664586294,-0.14215482885233188
0.3080357670140058,0.43849268979886297,0.8703974991588043,-0.1351146774644065
0.37796309357682223,0.5537600944424601,0.8073765755895701,-0.25307332196495347
0.398515006909658,0.5402457697355074,0.8399978969505347,-0.09584089324499219
0.32847921850872,0.4377248545517329,0.8829364079878808,-0.14696169923575442
0.3495090318071425,0.48397069880542515,0.8445139916334558,-0.2132842852755913
0.3452947441725729,0.47942685434735516,0.8633246015703981,-0.052304094463429596
0.37532977504470316,0.5160813390909468,0.8225316842469999,-0.14573376088087125
0.3398389172085442,0.47239547131268345,0.8732994902533198,-0.18340147347687538
0.3656752445948448,0.5139383177352852,0.8226745099876077,-0.189703407662158
0.3374077823807166,0.4587727013321287,0.8788510244547216,-0.1239571792851442
0.3624812579287122,0.5176976473795242,0.8374673796628425,-0.1786144129981092
0.3776356950085237,0.5364789829943434,0.8519165714712349,-0.08010302868531363
0.3606288166119711,0.4884947821551587,0.8480252897755921,-0.08522244856503529
0.36308122259896897,0.5105302482079225,0.8272411792504987,-0.19136559054375177
0.3404909949488893,0.46899424336466333,0.8561658602635059,-0.20596133940108005
0.4044043358751408,0.5576426167289044,0.8182283368447947,-0.12392952397534276
0.3802861109679025,0.5208678141906755,0.8550909609847518,-0.14546263843205168
0.39815430166512683,0.5846697225814746,0.8058982139761853,-0.28201621997385395
0.3693777694814158,0.51189522112412,0.8703349200980735,-0.20768023516635062
0.32642013913454293,0.4384261209311698,0.8651540798999227,-0.1363941261601322
0.3489559458542421,0.5029296600597636,0.8719697524767573,-0.1566149860677203
0.35639752578115097,0.5053532200718519,0.8374940585881199,-0.1371604105348404
0.35662638153098214,0.48150925718563786,0.873387442125128,-0.11724618917385451
0.3362743494528044,0.488367534738367,0.8632425488409063,-0.1708798847882317
0.39460379327711437,0.5508994112105522,0.8238733039144277,-0.17704719583925085
0.39550715154024574,0.5551912734971276,0.8334319521457271,-0.10889048258166333
0.38194335509435956,0.5347503376823234,0.8349709510509808,-0.1669887920301859
0.373649032045932,0.5215230613180438,0.8493914895437498,-0.16713062711778584
0.373821263321346,0.5237482547499617,0.851834472763237,-0.1840553343481228
0.34077490904575525,0.4840347026935618,0.8847665786259947,-0.1267921392240101
0.38011763534165915,0.5437430460328612,0.8249096387937342,-0.16954934948802133
0.35883379641749724,0.5002833134828963,0.8366359838536098,-0.1841878640407832
0.3652230120435288,0.5236876728378298,0.8396563428137136,-0.12934359367699896
0.34489195000608147,0.4918590643906746,0.8544699809935882,-0.14092963140024586
0.3390394378050083,0.4742264308000577,0.8634577251036724,-0.11403339861153015
0.3209189546550778,0.43591429430666184,0.8932659561946799,-0.1897478276093435
0.36087328019222903,0.504425849760936,0.8689655022840499,-0.11357525928611309
0.3944118236166912,0.5598506254687282,0.8020097996344335,-0.16686209939322597
0.30676007809446615,0.4177356438024655,0.8907829983214063,-0.1827582231241568
0.3852862658194582,0.5460775038065593,0.8358457806736417,-0.20500552672342034
0.40510032914397787,0.55274633404875,0.8062619902220816,-0.10653760831741658
0.3546093743996854,0.49648284750303096,0.8683438651953658,-0.07660243325886239
0.3591027783775067,0.4999579496875918,0.8601439816318044,-0.18922818961298693
0.33734929311287326,0.46423799683857253,0.8707051340234493,-0.14966239868503944
0.3464931555776457,0.4955311010539044,0.8483054095365894,-0.1448604387965807
0.36102104544687,0.49592858876645046,0.8469911784938303,-0.11121577520005896
0.44095225870234983,0.6033925531000786,0.814390770808286,-0.10090300187424316
0.40828273790869707,0.574782785362999,0.7853722551931897,-0.11444470241534553
0.36253579932587215,0.5211257358123195,0.8298602300304152,-0.07533425394588146
0.38132835900686396,0.5501056856732249,0.8093459245130502,-0.22838669123472113
0.35504057656361776,0.5074252588505677,0.8597949609665947,-0.1425093780902164
0.3518079819827277,0.5017409866084996,0.8602948864302783,-0.12730235479476093
0.3643506210216796,0.5073974775886434,0.8473892821937421,-0.14140067279429844
0.3503599771105071,0.49228717657320303,0.8488796850445685,-0.19602467298386458
0.40196186897664943,0.5647197956754069,0.8232038358410809,-0.126166856454864
0.3685418832615316,0.5203579139231505,0.8425868161797797,-0.13934881862412155
0.35106987996652067,0.48134588708221926,0.8241505597290362,-0.1092380714546454
0.3516292795218644,0.5084162144052078,0.8577371876605087,-0.13862292670387094
0.32058242142869786,0.4623553154583032,0.8723466430938606,-0.19077652047615648
0.3040523187525892,0.4245603208080765,0.8861903423142636,-0.17957713479214157
0.3938212244671732,0.543947629793899,0.8366849283038509,-0.10227075518751681
0.31859047187929806,0.44195030918000683,0.875072675468147,-0.15454064233926795
0.30862413345857387,0.42977743866229157,0.877361796994397,-0.17920582792472858
0.38975145960936614,0.557856216983461,0.8207809337776087,-0.15674809847427046
0.3253003465903655,0.43881366407214745,0.8878743241818112,-0.1617338279877282
0.37447096899593607,0.5461866422320822,0.8367646789172962,-0.17346703017696222
0.3443706920132386,0.48203902206013377,0.8542190981673607,-0.13302804149689706
0.3227698205224842,0.46317909069490804,0.8788532590914087,-0.16681346746742615
0.35331211731903905,0.4968050463514686,0.8533067638652062,-0.19693185353780535
0.37292021060595526,0.5280726202166193,0.838799256315964,-0.11207657507560666
0.312036181747278,0.4291197430269593,0.882342839016107,-0.10399095862667523
0.34320630592454854,0.4696001539719394,0.8638157932225886,-0.13287836267018316
0.40073968766435,0.5431505450454462,0.8168810171898198,-0.11644042144677659
0.3447678011962653,0.4894562628785883,0.8650929043864286,-0.11931037473973281
0.36603149323340595,0.4993997828548691,0.8572532279354284,-0.15315783921851586
0.3612890840010133,0.525951077262256,0.8222484263691087,-0.20298817849778655
0.3129998841149156,0.44192340692706195,0.896340417194705,-0.17714625796191127
0.35232950435733945,0.48766504798956894,0.8501690701880713,-0.13600794990054282
0.35304783710261367,0.5101286527174447,0.8483631642727578,-0.21165441781621971
0.4003225463267213,0.565492411119928,0.807587498149658,-0.20242252508328146
0.4005775747352886,0.5536539008941601,0.8221180869603544,-0.08059065411578067
0.3270520563054988,0.44612326840318245,0.8713538461399537,-0.17974715669584534
0.3345150942116466,0.4638960841753031,0.8658503353132241,-0.21999318101422535
0.36376598098945295,0.5079698347114733,0.8283319138222021,-0.1890289725837808
0.331207206072572,0.45966064469047335,0.8736842997449988,-0.1652037787794192
0.31177170118860087,0.42055346443040137,0.8784532873845151,-0.14115265563564092
0.34534776878530593,0.4989424068366903,0.8384572125891353,-0.1258278975924736
0.3836990736158958,0.514066786959259,0.8328741568677849,-0.06281665729309216
0.36238309662144064,0.5058206767759045,0.8633734831978251,-0.12530213964402265
0.35345165203278606,0.5017199683911941,0.8601895919022798,-0.07302179879620073
0.33525371425858747,0.48105898292523525,0.8750135143212554,-0.21225793490835124
0.3416776988528077,0.4833807053511499,0.8622807622016285,-0.20360514600041146
0.3729154500920496,0.5122947797759662,0.8279129933168052,-0.16285781477067224
0.32443623998320914,0.4369707628886658,0.8688020779504174,-0.16675249678000265
0.33652268430424187,0.45607834930015273,0.8723749250291413,-0.11011519757043862
0.33785353621802755,0.45089749898511583,0.8720493323774072,-0.12728246497140247
0.3727001188268971,0.5289305141652667,0.832886734480382,-0.13996733163264535
0.37174984765674485,0.5234413933121492,0.8369927111796117,-0.1907833116036297
0.3427997195091267,0.47594471266077987,0.8566153541035277,-0.15008079008157194
0.3755699481591196,0.5383309248758369,0.8191801915093073,-0.23846109005681973
0.33457720074412056,0.4776390687189523,0.8475725918878362,-0.21530040370549647
0.336052083873305,0.4644765188353058,0.8737871430968743,-0.18716369461669224
0.36679700242619157,0.5388430566252229,0.8260325108303701,-0.20347074788158684
0.38699112336700975,0.5449365868504935,0.8401695584075481,-0.18882151281280013
0.3551021602665446,0.5026609168800789,0.8471898309360093,-0.17247776457541295
0.3668539673034955,0.5296468979730055,0.824739062071005,-0.2331812615641285
0.3318253906181804,0.4567003644147963,0.8768328298086332,-0.11528319284884862
0.3397102653055634,0.47763248166689387,0.8818002713031123,-0.12590479888593983
0.353368009369692,0.4881585960106085,0.8519852306706004,-0.12937679115559508
0.34879258985434086,0.4872481771622385,0.8655665049142474,-0.16678314344797018
0.3502918092950913,0.49634204705574064,0.8632245880797114,-0.1665941916666832
0.343998901240253,0.48979037949142473,0.8429779309143055,-0.11186203926088119
0.38181606496726817,0.5192654816978376,0.8247146187432011,-0.06859175398452189
0.3440145180022034,0.4823056230078254,0.8532476288296298,-0.22978703866057062
0.3911670316241096,0.5321713576663543,0.8396037536204917,-0.06278330272046893
0.3339275265925916,0.44699850736885216,0.8611123452307883,-0.21205498162216432
0.3724279645771478,0.5176292457099269,0.8625915890437438,-0.15233021040004915
0.387560618501184,0.5388665662761313,0.8252311555862717,-0.1437263713861177
0.41418946236129744,0.58614515512022,0.8097648345858753,-0.23342905434162023
0.339696484638228,0.4827021867324899,0.8645006994589933,-0.15023701810125614
0.37356683974053345,0.5405923233458173,0.8188660314170529,-0.22876302833766396
0.33425634791400893,0.45808614454086716,0.8707462785825368,-0.12461233887232838
0.35697210831529064,0.4996245858836725,0.8301122884887205,-0.19257750654581393
0.3580215622253022,0.49814521859936073,0.860119652510722,-0.08416025590697072
0.3607138518677878,0.5059674839713656,0.8645410024192446,-0.13424663362910302
0.3790118913820402,0.5313469762129025,0.8185629245289971,-0.18901128217985458
0.39664884545958184,0.5453673436259927,0.8336253147748727,-0.07910094632275377
0.3658998060513967,0.5114572314332084,0.8524180205325074,-0.1555275255330343
0.3662612285887333,0.5153507466485363,0.8506258263506444,-0.19851420392830227
0.32168875041068007,0.4353191140181021,0.8667680336097288,-0.20487209024518704
0.3683952218004222,0.5175561710871799,0.8345142093467508,-0.1596869505227447
0.3762070037031634,0.5089485635082804,0.8367889297472344,-0.10869720874989384
0.3142238260799023,0.4299774628144224,0.8867361661900812,-0.12824254672933694
0.3293815637466932,0.44886277062137825,0.8704993992829262,-0.2359505289525172
0.3633262671700783,0.5162047722213975,0.8371747590609702,-0.12737602404903264
0.3368206268533461,0.464394708801894,0.8782261178834746,-0.15531675564555755
0.3989105994659618,0.5493620162300876,0.7965311728710055,-0.12481427284439818
0.33468540193036417,0.473173738454269,0.8774142876500101,-0.1555456569111162
0.3354876653194891,0.48027207669803135,0.8610051943097159,-0.182008193581372
0.36882690102432947,0.5084860323232626,0.8432325728497894,-0.18136628565074764
0.34052790713580144,0.47136309714922736,0.8670467675206892,-0.17795389446526783
0.33496759315195057,0.4595584967582761,0.8837913017821271,-0.18341725261166494
0.31382092758217534,0.4372982427250668,0.888173559607067,-0.13507396983853917
0.3525033024163759,0.484441212426131,0.8574446296133569,-0.10460729476430386
0.34742799708401895,0.4776432463325285,0.8706015984976636,-0.12768653140238453
0.357229917642853,0.48663264385134614,0.8344856320654193,-0.10499893521136583
0.33737963519676867,0.46786319196053927,0.8808563881853355,-0.17116093765941295
0.34358710651075863,0.4740119507939294,0.8490386004859487,-0.10808872220306628
0.3327019507278846,0.46813028146164526,0.8580552029693931,-0.16331556505076888
0.3189531165740444,0.43807580957545755,0.8835413238023804,-0.13095726861690052
0.3471737202567427,0.4928838234876376,0.8803403183494257,-0.12300616968537555
0.3674529975449151,0.5167866413927725,0.8260566109616957,-0.11154229933411287
0.36909520541109786,0.5160867133337858,0.8350009136398597,-0.10876707676210387
0.35841923528126324,0.5262334706459764,0.847908831010497,-0.16750915044534345
0.3287018714802746,0.4623934016776832,0.8607714853545089,-0.149694482291788
0.3419068213743589,0.4889818379225897,0.8464204726724056,-0.14904782051423623
0.37001337637079024,0.4941178729032192,0.8271757528003688,-0.10738313162467222
0.3582898504673423,0.49685024872651473,0.8344169474256597,-0.21420492644550915
0.34680894158191233,0.49781742160411985,0.8350720474673442,-0.1747299164943167
0.3493525007833275,0.48332619663664667,0.8247788891888737,-0.16654784690844618
0.32903962227538036,0.4613640449866641,0.8728780247777576,-0.15748988202746111
0.37362401856756283,0.5207643319788268,0.8324304938821325,-0.12202008906096465
0.35452287585580045,0.49070127482457243,0.8554131372942769,-0.19198440073824158
0.37318186770329337,0.507152629255496,0.8491927472062202,-0.19228126379267405
0.3340315623059173,0.47380313656477874,0.8462930430937119,-0.1909043844729745
0.37007143441487533,0.5232377277411836,0.843038190260558,-0.10603486749463689
0.3164505354930437,0.43821477707370743,0.88534133816018,-0.11891640785464237
0.3380804613600534,0.5001015993934949,0.8436480987659942,-0.17102160469403876
0.34311899086357883,0.4831456650600851,0.8652517565110494,-0.14611566092978368
0.3591327743602193,0.5033876944157627,0.8354316350538072,-0.14470797276607195
0.33003962693416783,0.4633349757143225,0.8558080625797044,-0.16695763489332402
0.38853770674858096,0.5483978392111183,0.817601129721748,-0.20286443163255385
0.3326762404116928,0.4587538504361711,0.8746002478460044,-0.159535552626675
0.38484957705613504,0.5453058685645196,0.8495207337326652,-0.11147460666554534
0.3729515406274065,0.5100038307230562,0.8491440979314431,-0.11405099284086147
0.3584841768413356,0.5051721111492475,0.8495179149534593,-0.14144514996566757
0.3608027928741805,0.4973670818564769,0.8374287336953866,-0.1344296889448094
0.37480098045962074,0.543717736431818,0.8262258386797106,-0.2581342501126127
0.3378711898505437,0.48308430591761437,0.8526359197157249,-0.16215050585984847
0.3350631372729555,0.48164715103510797,0.8549357383603735,-0.15148746812594371
0.3612439850690537,0.5168321191428542,0.8457949827535503,-0.14739794167235226
0.3738232465038304,0.5201372563488071,0.8275679938714487,-0.10415127087803128
0.35102506857470794,0.4915247023347961,0.8480418189569146,-0.15116844648067568
0.41547386935740743,0.5790426431610834,0.7860044593799127,-0.1319652698123376
0.3839853294306688,0.5565856322619436,0.8319428627493799,-0.11299942227710766
0.3342674371990375,0.4650560028308384,0.8695140046624534,-0.11213632310116826
0.32850094978911115,0.46978927280160154,0.8590195257957471,-0.18706153686194021
0.3609385004056505,0.4953510086602027,0.8478545312033299,-0.1477762920770409
0.3300576508314006,0.45939061766088984,0.8605386700887465,-0.16163460135489496
0.3760059021143847,0.5272940916748848,0.8445280005024318,-0.14182518329379787
0.31846666684268904,0.437637983262705,0.8727837089923849,-0.18434041597471107
0.36424457360283286,0.5254384419382203,0.8408644126103773,-0.12610948935194416
0.35567885340728744,0.500835521320936,0.8609368064013645,-0.10597719220750672
0.45247110310888666,0.6192839871657215,0.7882820959752143,-0.05910260413693752
0.3669164819983617,0.5060599337972927,0.8332390435363053,-0.0717103126329458
0.36896733338646825,0.5282540300680831,0.8509741700638908,-0.19090574936567256
0.321949246216026,0.4314790689432136,0.8920192956978805,-0.20947199390095567
0.37561798671133817,0.5245686848391868,0.8523173837148565,-0.1173424400393147
0.32453957949563517,0.4369411398134864,0.890100349823887,-0.15827413404853313
0.33419581734897175,0.4803965174578249,0.8526878819431927,-0.21475972642969318
0.3760932299402408,0.5241545448614219,0.8323478011885724,-0.18991653747819096
0.3587231581837952,0.49777664951588757,0.8771653973263197,-0.11456276662352105
0.32676936153083475,0.45477039181256423,0.8662220632986124,-0.19394217066370567
0.35773786030821136,0.518137138944232,0.7875074519660477,-0.16530403955369377
0.2996944961014205,0.41290209513816545,0.879679011908185,-0.15461675707973915
0.3417762678359365,0.47713476825527984,0.8665715392213688,-0.1427319367288434
0.3383622038989008,0.4750155326577209,0.8729259159855655,-0.13411898735029637
0.344649407562282,0.4739174893611948,0.8523278048971992,-0.20888903129307435
0.350405697442277,0.49378356180883115,0.8538111185690196,-0.20644468690590026
0.3341888477835069,0.4653569529644659,0.8851743032820504,-0.17438394689167888
0.35497270279964793,0.5062642109366436,0.8315265552013326,-0.12312647444324573
0.32948412165128277,0.47495012791532226,0.870013968946715,-0.158215294986246
0.3939179125240792,0.5519592154288655,0.7897600825025236,-0.18022819388416084
0.3068358184793967,0.41959205076490635,0.8808252847176464,-0.1941442810789636
0.34259425576851027,0.47672328190150876,0.867762192396319,-0.163035027200942
0.308928498695983,0.44112646405134476,0.875729640320061,-0.16829663669860265
0.38029133133807724,0.5277861459043963,0.8302259255228286,-0.10166556548036633
0.32209769139732775,0.4613094207788768,0.8685807642589287,-0.18405634728789497
0.3866356195277888,0.5276707737837599,0.8288622567537058,-0.05909051612207201
0.3581708952009387,0.49970788656996534,0.8698922816825009,-0.06269550849773092
0.3421483946972338,0.4809143270946186,0.8657601559049204,-0.1267767796587599
0.4089056989679135,0.5679259625369832,0.8270599765522972,-0.10429068325916122
0.341356348196988,0.4670435604685962,0.8867670568785359,-0.15544376593323012
0.36209142396413413,0.5089428246550863,0.8321213841356236,-0.19925845842789022
0.3508531552053901,0.49805366311288496,0.8348439122414941,-0.1844849586635509
0.3388028847549338,0.4838006783077641,0.8475915468597655,-0.2245863590533833
0.3340219792052041,0.47336388097429066,0.8323546695638891,-0.2086159324079497
0.33269157546948724,0.4746279609403993,0.8610132666969896,-0.17808388242116524
0.3276182374850719,0.4639454651086679,0.8538651763539556,-0.18433954139387373
0.3696729864825318,0.5214558320905879,0.8596294514276261,-0.1358628074536129
0.4345140559428959,0.6088666868344127,0.7773110469427064,-0.2288445714045596
0.3738925605879601,0.5051134655968014,0.8270894710409904,-0.03742398250839465
0.36743479938065166,0.5015402477186605,0.8533740472556982,-0.08882533272267364
0.37596160354526564,0.5309979707904267,0.8401844498319291,-0.2021935986040396
0.3298322243737751,0.47052295736404115,0.8555443471284429,-0.18372617284692097
0.36129765135196545,0.5057508940203166,0.862631711798753,-0.12764062875488177
0.3881544097565537,0.533334196284231,0.793474150332864,-0.12115694447266027
0.3731837402378337,0.5244732477586433,0.8343929874245504,-0.28711018253436554
0.38247741314407996,0.5415562893585378,0.8111193025472856,-0.20474816516114636
0.3401348932700368,0.4830314122016338,0.8790338326248762,-0.21813247706480046
0.3385571082666616,0.4720485604292818,0.8543537496323129,-0.14392775342105066
0.34536159053600735,0.4840641429995083,0.8785268518314674,-0.18662958747542938
0.35452051924795747,0.49594568349805146,0.8681946922204055,-0.1516036517636894
0.3732307454422164,0.5025866166638763,0.8394104350119798,-0.13700050264616245
0.3409499902603186,0.4772207108617175,0.862185234748421,-0.15664076482897754
0.33714615532822484,0.45589569149765086,0.8576200429722737,-0.12437723833757369
0.359465204484572,0.5035286096507278,0.8583067141896324,-0.16701915792766256
0.37810875608303623,0.5250162191188136,0.8349017770822227,-0.17118437840658715
0.3612546486254649,0.49860950570468726,0.8632925737277115,-0.10001752086600607
0.34808217762179655,0.4805065144106898,0.8459333048500315,-0.20642207504708285
0.3344305858208548,0.4619396420598564,0.8766628893808007,-0.16223992953100042
0.34077738819120645,0.47448931458963745,0.8555373824284691,-0.07062368388788826
0.3350239373795706,0.466881746575454,0.8847389015760743,-0.11039154999046556
0.3559773570122439,0.49406538261651756,0.8691205750436958,-0.11985381216697587
0.3718579828254252,0.5286658975042051,0.8445046668053255,-0.22593847460676814
0.35053780705508575,0.47965717549305437,0.8578006329493637,-0.15006031371824213
0.34428192282521586,0.4794925281689445,0.8421361884366685,-0.1401707825763715
0.37506750361706165,0.5153579523755614,0.8317095039611466,-0.14596627454742814
0.31799990629743713,0.43577825386553004,0.8822924164964834,-0.18821085347550648
0.36157519929637005,0.5142528318161869,0.8351545853225923,-0.12767438015280436
0.4039632850185768,0.5694893976475107,0.7876489815024706,-0.24516285814827374
0.35440320895695787,0.5019219986039063,0.8363280623132049,-0.1507827745918343
0.3528952415524654,0.48055239309789977,0.8357181727476966,-0.061843151128667964
0.36592957086249767,0.5066261155352099,0.8564837786638698,-0.10590321937210567
0.382392432274971,0.521777905406305,0.8422752880783252,-0.20209131708813918
0.3534546249431301,0.48978886479198264,0.8463638471353042,-0.21572643682409914
0.3552109702240605,0.4928918346242123,0.8645790330483581,-0.17202707162641528
0.3460959025827975,0.478617773374768,0.8539031611260504,-0.1295170305990659
0.353263942044522,0.4852155067095341,0.8635026232724885,-0.17768825084021678
0.3943621032512157,0.5488933971989024,0.8403393893713783,-0.1735927273960367
0.39701971932124647,0.5557301225422346,0.8135811931215795,-0.04250450833309768
0.3250753792897473,0.45764197241500937,0.8501373823883972,-0.19545006997863676
0.37034275586061005,0.4984467351820282,0.8468763193605617,-0.20463532630106337
0.3332614150562401,0.4707441646498361,0.871105049349873,-0.11571557928779531
0.33859838436345124,0.48620813663888973,0.8523591715868966,-0.17475877257290523
0.36317538651981196,0.523527305643643,0.8352081679386373,-0.16992893416900579
0.28056825308061484,0.3893681702394806,0.8975218015178623,-0.18289878916401378
0.36306637231439975,0.489158093382995,0.8237372076402596,-0.09581268064703538
0.335011510799296,0.4618128869009229,0.8692979528744377,-0.1745035450104548
0.37514279581596227,0.5241702178232146,0.8263872878557391,-0.09282301316473693
0.3563406332062237,0.5039459223184254,0.8634596903521601,-0.1635791696896207
0.3399532774788061,0.48639097564792577,0.8560570186840275,-0.173839568856855
0.353118543906835,0.49343952797705465,0.8567098719191554,-0.17862975342331414
0.35511568957864553,0.5099893745051431,0.8471370790844327,-0.22327438170590658
0.35066735121568327,0.4884912245491522,0.8541063450655553,-0.19090357558875695
0.36239195456995865,0.5110579147919279,0.8391891132442115,-0.16136903377592235
0.34317418107619807,0.4780097807086206,0.860749587348149,-0.1550038399498454
0.36273517625867585,0.5325355509292462,0.8420953462972378,-0.2195571495715981
0.3358577179414779,0.4746190301429611,0.8771155907390596,-0.17881583718151456
0.37747929648980494,0.5314109014444189,0.8460167101290187,-0.1137768521388666
0.33660181440932524,0.4565269230658051,0.8744607229564672,-0.166323751767251
0.36305231762796425,0.504751270437272,0.8612813027256767,-0.17268572527989745
0.3427557422185002,0.49349186071587836,0.8680989711651311,-0.15466224168924497
0.3324043091347053,0.4588371652484745,0.8742081739373123,-0.16184386152204552
0.3635680725455992,0.5039897428745425,0.842662911537073,-0.151055040808232
0.3267913863567031,0.4623754990518419,0.8695655339761651,-0.17900959987185103
0.3939352353884298,0.5418237823425702,0.8320683531635863,-0.16907722811869938
0.3289712581398651,0.45454440277096453,0.8765933883586574,-0.15731734838390773
0.32620974798588065,0.48017294648033765,0.8630849687184169,-0.191488830101042
0.34957048671942165,0.4948990829640284,0.8438941505118046,-0.2153386000390849
0.35894666100053163,0.5106642979364301,0.8483403985941852,-0.1515885059563041
0.3667197560021027,0.5137536924218771,0.8360754674485738,-0.12981036562176887
0.36254338905957917,0.5048063681633912,0.8573337257221524,-0.17449378450442893
0.33283417453284214,0.4440704523136152,0.8490437817890358,-0.16338863456150313
0.378878727610498,0.5340338139660376,0.8581345108679189,-0.11083290247520476
0.35870685138175806,0.513528812449688,0.8449613355448837,-0.15033748559144827
0.35660861168576397,0.5014933130886152,0.8565235794849151,-0.17742768757760824
0.3101447348565326,0.4331064054997192,0.8836793886935094,-0.17364390362355245
0.3514877396983918,0.48452804952467016,0.8493611132280312,-0.1944742157670809
0.37342373034700393,0.5244105805675144,0.8447655648864012,-0.10697772308826359
0.31423039597812247,0.4580254615949317,0.8702952057970644,-0.16377331738888787
0.3798141014626436,0.5380167155318811,0.8349517429689177,-0.16893019801207923
0.3177541298443831,0.4325194319392253,0.8789396278518572,-0.13697044915711498
0.35989101503491866,0.4964484514411722,0.8477527188058709,-0.16980883232988467
0.30530284447344763,0.42677364415187935,0.8927330057066909,-0.16366444026173238
0.39984686290673727,0.5718075344448019,0.7933396142102035,-0.12193109729131925
0.3728555268121073,0.5186518250728237,0.8472563361763187,-0.1328849974414744
0.34110679536459554,0.48091099916499197,0.8547574151992298,-0.1740672323946796
0.35485754779437384,0.4827737160293497,0.8264029663049623,-0.09686275692963428
0.3602351633921812,0.5202792841876779,0.8540456999327478,-0.11086964326722265
0.3548854110627633,0.5153570637995547,0.8456837415647697,-0.14925651430854325
0.36058599875160724,0.5224739046207454,0.8432676967991461,-0.21423719168552335
0.32779928902538147,0.4469052189654739,0.8698338031703521,-0.18742709383017211
0.35367699543431996,0.4933858000012335,0.8505698603485925,-0.1809715937320668
0.38466353627553385,0.5222385593124204,0.8486569097928464,-0.19095784155409581
0.3764997216891346,0.5225328446800968,0.8334087560057722,-0.19139857744803862
0.3746551077376913,0.5298705175294933,0.8265029464664759,-0.19428971824925564
0.4248402005970114,0.5956559389948469,0.7943133757389581,-0.15354626834887514
0.3573212787697808,0.48269744020232536,0.8383553838270422,-0.06872017230709983
0.36491123619225346,0.5095209022592334,0.8268964485830518,-0.13140804110722468
0.4002919637618383,0.5553658907945853,0.8150547622014823,-0.0734071494796558
0.3835037982725002,0.5431782239975972,0.8253338789344564,-0.1577407360582645
0.32579778774884993,0.44607022575658994,0.8727101732898547,-0.22806322801216763
0.36398283050224034,0.5210868692940129,0.8354545927068893,-0.09505429159288399
0.357857736077311,0.5082592363272619,0.8442494100586685,-0.1020219784703356
0.38602944316204496,0.5433782165493227,0.8333910825544376,-0.22627860717899442
0.34322190015858156,0.46967667351087755,0.8652452831791284,-0.16264060890291232
0.3717281898949031,0.5291758116680206,0.8307556105380081,-0.17896719343196585
0.3918822611495987,0.5407094754127162,0.8205451653839232,-0.1314174844048785
0.38786150377665923,0.5447974706038109,0.8323322591742821,-0.14006234709116253
0.36411202567299505,0.5126464781812768,0.8540629013945642,-0.16761561562864777
0.3432895494751136,0.4862163146117012,0.853729184034421,-0.12715340944909015
0.329655444345608,0.4717249931985894,0.8594508801747038,-0.17254290352365642
0.3345219103213269,0.4706162661450191,0.8721017707231454,-0.16050591816129586
0.3287672311178383,0.4676825798187079,0.8878536751897965,-0.1100191009161754
0.369808070182928,0.504591286805084,0.8287710277421894,-0.17661930675087845
0.4027893381182561,0.5755290358862917,0.7672261504421508,-0.22288237309043302
0.4078669176104334,0.5793912634141677,0.8035956649586375,-0.16449567814515142
0.305231647933163,0.4064986691093458,0.895327385745422,-0.20033805458347714
0.36491466736251105,0.5023062889468282,0.8259372658027635,-0.17894146946649198
0.34360673500012073,0.4919516017650409,0.8682772297040056,-0.12948442184264577
0.3861673654430433,0.5378326596797309,0.824929121318044,-0.20450813512584728
0.3845644239194455,0.5514958000413973,0.8049733490451902,-0.17269909108650355
0.32574630670176463,0.4484995713422782,0.8783119040374416,-0.14319068586017453
0.36577067981895767,0.5082145016674596,0.8565316208665474,-0.12695284728804723
0.3793247772875732,0.5130833820491917,0.8427794724259874,-0.12434276742782864
0.3809411033126567,0.5394687463565122,0.8445187246123489,-0.17467135676260645
0.3475176950407368,0.47763610191642536,0.8787329963786572,-0.19602998388508333
0.36684226285098376,0.5191091545770802,0.82123874830316,-0.17548765040514533
0.3379469390066506,0.4598264672822435,0.84995499972381,-0.1523697348910876
0.3280504690974026,0.440496870484716,0.8737268147429295,-0.13071730200167167
0.32822674966211685,0.44989818407157883,0.8593725307272773,-0.16161156033023635
0.335403249200949,0.4522210353363768,0.8672212834484602,-0.16535662714056606
0.3551890428541334,0.49843030897823243,0.8599730649012091,-0.09551500640017874
0.35631953442046516,0.5092172058161557,0.8298376177784611,-0.24621185473180687
0.3406461519978644,0.4610373138412409,0.8764825755687102,-0.15595694735206117
0.3937702543995338,0.5506313704604996,0.8289777884452774,-0.21372005940607164
0.3424729421815401,0.49102642254103473,0.8509707563937966,-0.1663772469654114
0.3918629649236061,0.5590602642552417,0.7904459925665092,-0.2177128103863709
0.3444032569395935,0.4779801711850581,0.8419018396735118,-0.19705300642537413
0.3371579950303342,0.4711696322571428,0.872341185847533,-0.16394420037221802
0.37292951935069396,0.5267612289181448,0.8281994588418911,-0.12768487299043144
0.3623640288689841,0.506819784966163,0.8493468327283864,-0.10071675475689508
0.3367263027970739,0.4560152803757867,0.8677568658861387,-0.17746969944142701
0.3117684466801684,0.4264354381410786,0.8797154170567967,-0.1542628290963154
0.3320110058179888,0.48151557056358774,0.8517390163625973,-0.15979325484678905
0.4042747107629512,0.564495243866484,0.809578431030807,-0.14901220473340657
0.348036142034302,0.48606897204230204,0.7812710350953758,-0.16018139557298594
0.3716335693362019,0.5472408174499486,0.8234226656054706,-0.1660569756601798
0.3554870620054857,0.5006688600196406,0.8477007013545756,-0.1418020602028087
0.34481174337007675,0.4746032819352979,0.8578013776695238,-0.19812553116785037
0.33175108730600533,0.45369618944489803,0.8623898643589298,-0.1437703936233988
0.3460783719882691,0.48353403943719464,0.8420134520542132,-0.20326038078946393
0.3250132699463745,0.44801640988623787,0.868089166099665,-0.2278628534897313
0.4015751080705557,0.5623244470942778,0.8174549026392399,-0.21110615835536145
0.3416415190911675,0.48459051934441383,0.8287619710401091,-0.2585192102165574
0.35755093462445436,0.5057699201445729,0.8266025197317888,-0.16343388844175283
0.3755843993855355,0.5213985683317741,0.8693309470160298,-0.10304419682265317
0.3650761461093219,0.5265827830528067,0.8270407897195032,-0.1469512970821739
0.3697677697445649,0.5128493877078534,0.8501338784527859,-0.1308762240827885
0.3882419942896875,0.5504708901733316,0.8228951395859324,-0.20538686758527216
0.3596342128854273,0.5083638836496444,0.8541792751185158,-0.17962675176854337
0.39683510081075696,0.5490423740603195,0.8073101164716687,-0.21678333865300012
0.32116823764768665,0.45447874537445926,0.8856729136305649,-0.19638652378189447
0.34856261026726437,0.47486908755725027,0.838320026137805,-0.1376839530545757
0.32727989076012964,0.469112353109747,0.8798163709830668,-0.21282790864570686
0.3577520980955236,0.48367308250822644,0.8484350941848069,-0.18259882582558132
0.3461674679706385,0.47436312468984415,0.8622603657563477,-0.1672034891677712
0.3374134563227757,0.45871493877449154,0.8529375207687682,-0.19570623867488263
0.3377833815356845,0.49159416998786704,0.8724412969752918,-0.21051170119136192
0.34559070356251415,0.4879156073246407,0.8459100342002845,-0.12583240781544988
0.3471813114259068,0.46880387130647366,0.8561698688930397,-0.1304015525830437
0.34974441848074517,0.4841500310671067,0.8398838588963506,-0.08591628492024182
0.3695212058066613,0.5108915922691522,0.8522436334836377,-0.11195506025140217
0.3953068186826429,0.5475072060320147,0.8409382743938356,-0.11529187282387382
0.361911760798649,0.5024577690521876,0.8532288146026481,-0.09320761428969401
0.3143537939484086,0.44420988084147445,0.8885196149799794,-0.18753231716772084
0.34268936233095104,0.49418250751266696,0.8663763735868202,-0.21376159376757614
0.32459902183760636,0.4551132104209853,0.8728063728090729,-0.19602389413328297
0.3204343878814186,0.4580205589373343,0.8734585743182915,-0.141509354954244
0.33334866254852447,0.47251349587979713,0.8750020226447759,-0.07642986239497512
0.32683531316751513,0.46976091342273707,0.8706779504664425,-0.16699105676008888
0.31310788958037283,0.4534746946713829,0.8875964556395197,-0.16275141714998986
0.3814545802677979,0.5440170944545389,0.8441645879786708,-0.08996891993954763
0.40649621678527864,0.560578825808454,0.8240079281488812,-0.15793787608936125
0.3223531092954114,0.44069763597780076,0.8625413928222407,-0.18463555808879636
0.3484374335553476,0.4948153433035467,0.8440823278086007,-0.13766938541922097
0.3247464915675681,0.4476688487108285,0.873456762378298,-0.15812874485645992
0.3626499911139282,0.5014508735935446,0.8129576900413029,-0.16326895708278205
0.341257455979136,0.4689766371645911,0.8596836998763403,-0.07687690607651795
0.3819817888749242,0.5408289030725489,0.8440242907456145,-0.10250990079877803
0.3294305774336419,0.4646907954957084,0.8614794962127443,-0.17429360831870555
0.3389550272772126,0.46923082856738846,0.8601445696525312,-0.2259307787542696
0.35616982503874095,0.5053466700181337,0.8537425799163733,-0.17021618881236295
0.3865081552724046,0.5427608538603299,0.8377597285547448,-0.1925031143050559
0.35244399606335475,0.4800620864967533,0.8487617263983709,-0.14491345194619523
0.33403231747547557,0.47835637578909873,0.8568804227989173,-0.17773157099946613
0.34163191936775467,0.47273766601844797,0.8528474583516259,-0.12801788067237269
0.3194502039878803,0.4387545935611426,0.8825570228878902,-0.14110175698628924
0.3308441441844859,0.469738667203366,0.8772854269673226,-0.16665475298289992
0.39419638626750525,0.534299526824442,0.8015956942565526,-0.16209903232508074
0.3461254297071797,0.48348500451949156,0.8528088653200185,-0.1528544418257681
0.37647986909766507,0.5368326852998806,0.8483493468171223,-0.1484104241305036
0.3661924193155801,0.515893221845372,0.8343832271266487,-0.1768956592266819
0.37842396832640063,0.5320984762631801,0.8331779757996614,-0.22862616997948357
0.38181381479462667,0.5473638472351124,0.8373650590869577,-0.12259493610041655
0.3681429369060121,0.5199443098875459,0.813097953060631,-0.2398861683833208
0.34706958104476826,0.4884424875761224,0.844203624492719,-0.17022075412403173
0.3730206286024209,0.5364182495526845,0.8106105013001301,-0.20740930974837618
0.35682462964575246,0.49075985241934783,0.8556091747728336,-0.10123931252384848
0.39585580235090295,0.5377090976404997,0.8339382135763505,-0.09276072314641015
0.34996517188719817,0.492972921872803,0.8678614037574585,-0.15285623805962734
0.33745349312214923,0.46309277817154293,0.8768910014944689,-0.16519634261223273
0.31815480938092006,0.43230958185148066,0.8834973141934853,-0.17820387969677512
0.368318445538364,0.5150599223006838,0.8583866836609284,-0.11785980474682864
0.3329778965451103,0.4732813892322092,0.8679170168958971,-0.10719031427012926
0.3534854403149699,0.5125106177804903,0.857784237671885,-0.12049401378405714
0.41042672387472456,0.5846229895744968,0.8037451492434043,-0.21865955583104912
0.30356506110869874,0.4219392287651244,0.884025773737816,-0.19747355516832088
0.38370497145310156,0.5429686125491469,0.8494401448198605,-0.08843682450953809
0.35042571101788095,0.49599770706340096,0.8408855911662065,-0.09555914340864785
0.3322458746154021,0.470914419173385,0.850862605696844,-0.16449136224863084
0.3961353012248994,0.5440308636144012,0.8191140703024861,-0.13901991854590307
0.39025832875387656,0.5584573001948676,0.8362899840272645,-0.1134536435104182
0.37762670051781577,0.5380730204620338,0.8330314686298438,-0.16166605169189313
0.3562560459496183,0.5015328374471184,0.8488186609346796,-0.13966548541684826
0.33654185281236115,0.4657835953156961,0.8502939435000345,-0.10994727158816234
0.33857404368517724,0.48241990728191636,0.8750117686664444,-0.14735783018227236
0.3399032442673939,0.47396076721923697,0.864923677014462,-0.1791538418150929
0.35915031733706076,0.5033050905404309,0.8556892972022176,-0.12495083730280984
0.3540717539258356,0.5113406580408725,0.8432931074542094,-0.19565789575935164
0.3356300698453104,0.459211288812949,0.8458233586742816,-0.1634940096415523
0.3247450278134806,0.45891365852204274,0.868618779420136,-0.154992155015586
0.37973452804028957,0.5242286589149672,0.8409419467095371,-0.16154754580270583
0.33031128917079255,0.4680360395526662,0.8631717777792554,-0.18770385284632424
0.2946390124230856,0.3902757719245616,0.8949339911825541,-0.20159849350359235
0.3633984832265373,0.5096821066424615,0.8412421909330029,-0.12975808894681085
0.3853275454790977,0.5334995268417002,0.790168494232472,-0.21152684394180482
0.38701879275580675,0.5584736414697711,0.8168388894700943,-0.19882644663581783
0.3638782637748814,0.522723983894512,0.8269535998277231,-0.20043409480929542
0.37027136147777434,0.5201521369000689,0.825043310492459,-0.1581312867057205
0.3549638354297575,0.4895453699374901,0.8548873182916952,-0.1427614945019357
0.3749950968291003,0.5231261517509401,0.8504704610631256,-0.1271493301346802
0.37120062649179614,0.5268595512203144,0.8401301937797107,-0.15044042132266763
0.3297122431295032,0.4540505491896946,0.8578778636118105,-0.13072411398270867
0.3417226817156412,0.476661079292219,0.8636518331652012,-0.1948556865677064
0.37598070820747576,0.5349766984907217,0.854936827991902,-0.11716155936694769
0.30430643669714175,0.4190670606240286,0.8897022398967964,-0.17109686427046006
0.3600211614711772,0.5098552617657426,0.8581788255082669,-0.055504465774040015
0.36001873995143724,0.5008794294432573,0.8717078676920325,-0.17372366639315395
0.38287787660932165,0.5251210765820595,0.8389105258495198,-0.01330190543972421
0.36351389170128506,0.5149779009114871,0.8096994359348251,-0.18618738650983654
0.327799261829799,0.44584710240047104,0.8722208217681555,-0.17035661789010945
0.37438641474913953,0.5236611446306393,0.8460606844872676,-0.1627330864120175
0.3593127865069862,0.49339296934647314,0.8676160961528502,-0.09018946397318148
0.36385080424335375,0.49858642315656887,0.8417922237474046,-0.07733554777235932
0.37285568349411713,0.49605262906558584,0.8362067691203289,-0.1413740041221652
0.35253304441900557,0.49985055638510884,0.8512613077275234,-0.19435695669619907
0.35261394163269066,0.48812422726831,0.8634172998745885,-0.1423726947752729
0.3913859458687619,0.5442237136490711,0.7768923655235004,-0.18646197351680163
0.30104795947349267,0.4114495903541444,0.8983865678318336,-0.20024926076961344
0.3626283123259266,0.4930850048433553,0.861814743142916,-0.15845286772550762
0.31311664680859747,0.43246633477951185,0.8837275171663281,-0.1866344763592589
0.3820485350217359,0.5441578802764934,0.8392008286392565,-0.16096575920165512
0.3723298606298245,0.5163827733630989,0.840692292436362,-0.2776045627016592
0.37084306015716445,0.5161832245071016,0.8436845850660477,-0.08365100696412334
0.34212986508421744,0.4711115155621838,0.8690463977832672,-0.13701684167479253
0.3587310944112898,0.4871692720181875,0.8732609971315881,-0.14973939703555353
0.3493978272944423,0.4676819996187209,0.8604608401928923,-0.16577314218657682
0.355928194829627,0.5100630613645184,0.8439468372020807,-0.20816192294200228
0.37521534515244775,0.5320673630639245,0.8100492773184962,-0.21628969644854718
0.3474515283954081,0.48965130922052974,0.8671538397331569,-0.14427052103951665
0.38430196908722963,0.5421086902685311,0.8330665713570369,-0.16116978977727514
0.32288175096519356,0.4515866491899543,0.8756756063184191,-0.2013021154441474
0.3454856963060051,0.4670049572445778,0.8777348458522525,-0.14358551261023045
0.353895495407325,0.5112944184234534,0.8417062979777489,-0.22177976576473787
0.4163485167490685,0.5809331102104783,0.7973836092337734,-0.10949218921553139
0.36606745533544177,0.5331936867319979,0.809540605226469,-0.2115797307982298
0.37301564388583336,0.513257422253585,0.8473818145647226,-0.11251479749773112
0.3888623634931154,0.542822495754152,0.7912130214056803,-0.0574287637808395
0.3363716141234719,0.47700988640578396,0.8520311010658314,-0.18956720341990294
0.35204865027190424,0.5027026656532868,0.8420346650356081,-0.21400925178484248
0.3578536288181411,0.5038593282068693,0.8372222655628636,-0.14365110089347852
0.3473155363936876,0.4968569723296316,0.8647103420779453,-0.1594241613021171
0.3468179605064618,0.48770879105733217,0.8379361915963429,-0.1965884534423221
0.327075493808211,0.45302777955601053,0.8754149560354177,-0.20961602307954827
0.34070960757658286,0.48002896556677344,0.8423007871034975,-0.16873660323926043
0.3798080817973714,0.5295016047062713,0.8289972506298455,-0.15382622821011482
0.3732655572736156,0.5054329187982243,0.8529937095951597,-0.14713988335033282
0.3434313578580301,0.46890785134981217,0.8653483258291548,-0.10060567674490026
0.3500988725518525,0.490818748331981,0.8732240534965774,-0.1407573174907688
0.3452439434755575,0.4838038347617066,0.8754387144751508,-0.14009801389695506
0.3901818724027181,0.5241070065713229,0.8188059869535065,-0.04049224226570354
0.3838823375231478,0.5440568976679909,0.828572627542516,-0.10661556606032793
0.36221271864045007,0.5200034262452418,0.8408101763266129,-0.22044211643651815
0.3573963152076103,0.5037182698729461,0.8331439520778281,-0.18875235636317167
0.37875722693073055,0.5497417534931294,0.7990233577185224,-0.28652718705858166
0.3520075491930282,0.5005736273102639,0.8662850315600268,-0.2073553313587703
0.3551775089914504,0.5036895878950028,0.8657666256188592,-0.19594636072637625
0.3300962653219866,0.4519981981649227,0.857400763765345,-0.17017262115950207
0.3514744804772396,0.46429456481819287,0.8529690567824897,-0.21900886073223932
0.37075490630287944,0.5203796172182524,0.8503435589260913,-0.15672930418011324
0.371529883391607,0.4983182629345224,0.8378487338325569,-0.14858760977585042
0.3913091396680457,0.5457753621820052,0.8163347655447337,-0.12714675262520847
0.3744114764942123,0.5302474615318715,0.8269263178845885,-0.1750088488296554
0.3554543566966386,0.49383057647778866,0.8661067962945437,-0.08910100080491162
0.35618165420917675,0.498821005314206,0.8246405322060318,-0.2178236212103042
0.40662534636460607,0.542503888598359,0.8284934796231085,-0.0758997571549464
0.33743585029189505,0.4828109602078026,0.8659551776318669,-0.2086607360467047
0.38717630028890704,0.5438147328487984,0.8380594730839792,-0.18435544271198953
0.39028005042985286,0.5527110976235008,0.813423383864472,-0.19148005405482618
0.3850838030088343,0.5278047424025873,0.821758522273681,-0.11250635589366285
0.36622589561712504,0.5292845920694612,0.8390136763476546,-0.18695463678882115
0.3474195320590221,0.4621476881175674,0.869168950012885,-0.20718824832480956
0.33450862379373214,0.46912303740115097,0.8743532782770841,-0.19295425095341473
0.3438537607111065,0.4843602213641823,0.8422964466991046,-0.17022051416186393
0.3394110693444067,0.48004014502334325,0.8604642483536443,-0.13259263830513518
0.35809872045087143,0.49936069174395914,0.8371802579248331,-0.13187098869345967
0.3763388319206525,0.5461106602955386,0.8076984861484191,-0.22706950769476472
0.36741905113341805,0.5056546905736414,0.830513152003061,-0.16381003652352905
0.3325686603833508,0.46033131920667636,0.8818457007041451,-0.19065072588312412
0.34090459584501875,0.49218036385178193,0.8665262953781517,-0.2014878105710777
0.36307455799712807,0.5368414092093479,0.8246908194755719,-0.2050412652090533
0.3274717914481258,0.4674330783493922,0.8684470390135739,-0.1816068655249274
0.36810314044567877,0.5060280359278064,0.8521351576882865,-0.15373656474437356
0.3552483649801139,0.5025114990045949,0.8021490166364139,-0.19160563199903213
0.3802259871780486,0.5190284178095054,0.8531711880279709,-0.10248613916421957
0.34361021963773597,0.48419274447314964,0.8555100736945416,-0.19003236771688858
0.35682940330372037,0.5151788831118872,0.8303690966180112,-0.19915181005846286
0.34647140318508873,0.4793346368550576,0.8705902728953001,-0.1823255771241893
0.34888001428720633,0.48466566689394913,0.8622903559999865,-0.1732916480427526
0.362729539109235,0.48280770816409013,0.8571363845239547,-0.18483009144738327
0.34189906720629104,0.481406888417237,0.8619683037047352,-0.20015463456209157
0.3540359239625233,0.49740303020328364,0.8686427544153712,-0.14335125972816404
0.34184210429438894,0.48107002205069044,0.8025408323521277,-0.22511633177277232
0.32355857331758026,0.4385246887072186,0.8855707842168131,-0.21254952775795863
0.3526644292259373,0.48845817870009123,0.8614630860163504,-0.18006869926195757
0.3765881200922682,0.5402896296765258,0.8239301216730377,-0.1573660411234537
0.35209399674520486,0.5088011671715966,0.8575545199863837,-0.15394221440034964
0.3398666936217274,0.48110844276830944,0.8725289220688733,-0.24149274999889048
0.3768228023420712,0.5400622465864185,0.8239711871153746,-0.21247124572289636
0.38496684614225646,0.5192027170269562,0.8451305970177447,-0.11297206041544153
0.3874982774873594,0.541195956635762,0.8305972194492283,-0.18374924196874373
0.4063084642783121,0.5562089004831452,0.8069756648945785,-0.10984724337828557
0.34524508551382516,0.4745164551957004,0.8740374002189092,-0.16807991572846076
0.3890684386127703,0.5315437397791701,0.8451895136623071,-0.12409898223467769
0.3405761527878583,0.49124337012289065,0.8614026268056333,-0.1960705698346023
0.3893304288989251,0.5556254159707606,0.796467268534772,-0.22185412305843996
0.3896258655284983,0.5675186067811153,0.7692494603566128,-0.27199160917967413
0.3629532765463956,0.5134062189439292,0.8208193584489674,-0.21118187817877276
0.37868849501877255,0.5408545150016872,0.8333483380027096,-0.09062908561972788
0.3607245006896381,0.5188078927438442,0.8446652570950561,-0.19927426995853115
0.3672901611704324,0.5471913024782997,0.8354859070839697,-0.245119622250839
0.35707515096833853,0.5104610290607069,0.8551621618370276,-0.13486873192651705
0.3983225798170929,0.540264898445386,0.7991850101976061,-0.1380375568046873
0.3629425647521259,0.49919031208248205,0.8678277322264489,-0.15849203966498054
0.34754202885169744,0.48471995831903825,0.85139809151677,-0.18305277043273122
0.32514569710781777,0.44875743578608135,0.876986516418705,-0.22253403165155927
0.3564800957750164,0.5225367861173833,0.828300170666882,-0.16455211160664895
0.3808885894239068,0.5286755276352687,0.834954034749197,-0.08711493270091841
0.32010025371941137,0.4527404628519028,0.8744912433283982,-0.18888746021539768
0.33122503090417477,0.46231625166146395,0.8719766345095006,-0.16607132994815887
0.34710464152297776,0.4718602082077861,0.8568202402744066,-0.1621772127823479
0.41243277297062236,0.5842177233698307,0.799547419854661,-0.16244132738996184
0.3651112441878935,0.4948041837398792,0.8627951724582881,-0.08642268603550737
0.3719710798219456,0.5207318465712851,0.8503099263115396,-0.15336749033609876
0.41213019135697115,0.5707357337683121,0.823490489483538,-0.10373933540556991
0.3628888924077513,0.4966549055442338,0.8406228771792321,-0.09998788584502975
0.32485266025435355,0.45576812973009356,0.8721188711056338,-0.19415962966490594
0.34486292669395907,0.4600557776301744,0.8597633874737153,-0.15268643923082012
0.353977376221002,0.5013462335653033,0.8560919977206259,-0.20970180385015177
0.36007933933555497,0.5259865537596865,0.8410700282619523,-0.18185067079295256
0.34110822167423527,0.466922867461596,0.8582523062589806,-0.10764373284517285
0.3849615281628087,0.5419153615816226,0.8150824736463395,-0.15556460654965404
0.36513358248394884,0.49481963856619104,0.8592362043518509,-0.12658830113698813
0.3584698303708179,0.5137415931855054,0.8511293796196442,-0.1985023447858117
0.32511064069522894,0.45140894164325407,0.8787142585524254,-0.1622116514179658
0.36159719746043256,0.5070488071737822,0.8448484890438158,-0.10953766343354858
0.3797205934275091,0.5318025722181068,0.8599698576018489,-0.2058907648166687
0.34974216450373286,0.4927629894553754,0.8589953177076981,-0.11244152774839355
0.36150581705675827,0.5052986643218312,0.8583607060207592,-0.11104032894184566
0.40983332735231637,0.5555004550185125,0.8267534551227227,-0.0979370867005766
0.3822735079305829,0.5341061872009084,0.8232019041607987,-0.18371440095812394
0.3218601625498403,0.4635651118491537,0.8557076417353886,-0.21799051010557657
0.36184802830744844,0.5104170671409854,0.8271539214160305,-0.20711428723394945
0.34946793666303055,0.4862599712908001,0.8557450454543098,-0.10206174924319061
0.36192128523028366,0.4968302651449217,0.8482305406863424,-0.20947231420202303
0.36232553050109184,0.5060087506892738,0.8457301626723606,-0.13271920178337715
0.316490267551531,0.4459903071143408,0.8604885466735246,-0.17306950830176818
0.34806643895134803,0.4845026584342045,0.8677275706318567,-0.05430025160080807
0.3595398570315731,0.5195894484746091,0.7936801653854717,-0.2344216146362835
0.34984832667157767,0.4880940898653773,0.8441100518820468,-0.14307546531606594
0.3385136972883058,0.47234188453476383,0.8368131658624665,-0.16624710078556623
0.38474117137216385,0.513226719518232,0.8373550396565175,-0.1467823887398624
0.32887860395253504,0.4623817504789769,0.8692625353803921,-0.19908273331445817
0.3322124853863292,0.47444679105165366,0.8670157394293904,-0.20583102348433704
0.3798294834698694,0.5317472479023271,0.8086825364042318,-0.1534093550750561
0.36062639437250865,0.5024748109301047,0.840486550581234,-0.11475170279334161
0.3682235888840361,0.5133658748487288,0.8404460666264173,-0.1772915339024365
0.3405733538206706,0.4706591988585192,0.8732644933403729,-0.1907158308969144
0.34085564163912446,0.4867221490805087,0.8530449598258951,-0.2449755518341868
0.3247044798754679,0.46231482918143363,0.8934481960900135,-0.15554445949900803
0.32586108992398566,0.4522150830063643,0.8883125387960799,-0.183723528164115
0.3294303190213008,0.4556630394398797,0.864191141730663,-0.18982967026329117
0.3608396104401669,0.488596655216641,0.8542465888251013,-0.15975036803447482
0.3452630328467243,0.47249228843478946,0.8733221082913881,-0.17007587857066458
0.33808403110175095,0.47722452072382615,0.8618504653314114,-0.1665589138036058
0.33179112366332714,0.4561471616095511,0.8742014182266917,-0.15212384874749452
0.36325648413951345,0.5010325291094349,0.8429696702509766,-0.13614278898344398
0.3226966879892843,0.4521933619658269,0.8834990572899423,-0.17364780753463605
0.37992025057720447,0.5276266501114251,0.8272721463293081,-0.09538720933188258
0.3390837876496997,0.47229510087483506,0.8660054902445001,-0.14469751106149578
0.3746843900118495,0.5235447410369448,0.85042023284786,-0.16252434927379653
0.3398079236401478,0.4624990142895187,0.8804219558976648,-0.14593101086456534
0.41123216093953496,0.5654882335325871,0.7699694827366855,-0.02025248670345413
0.33682455946618045,0.45371951399752936,0.8755296706541325,-0.12172536136918906
0.3457908113920777,0.46399931905060066,0.8558864615195422,-0.15459918700904254
0.331755418357876,0.45774793801965225,0.8779994089183067,-0.15708976200008548
0.3421803038205437,0.4766517426359602,0.8772617234895036,-0.21135816867252985
0.3642633680081931,0.5022371984458143,0.8381837594181256,-0.15771749890972922
0.4089233524129757,0.5758488763331666,0.8012348820666513,-0.10562765896143957
0.36872599681726326,0.508051510285102,0.8409202935717446,-0.18522937047058657
0.34727862334237164,0.49130045049592413,0.8575481354508566,-0.1592919151966614
0.37301531933868914,0.5281425245481002,0.8512162017260307,-0.13354362816973317
0.3427606829600151,0.4967519162401212,0.8433528243342988,-0.2524961141120653
0.34353415211265975,0.48635107333096017,0.8635031680181959,-0.14203901952153522
0.3353649981552962,0.4631054691452144,0.8576984379298241,-0.1629659437228899
0.37867531112742786,0.5476556868957559,0.8005872054722414,-0.11302787866776334
0.3532742678034307,0.49040984085379735,0.8533068469842308,-0.14463363008753016
0.4317917673481387,0.5900175860280767,0.7842964181008167,-0.13109553882717598
0.3636782866516947,0.5044292589699827,0.8244369388815258,-0.12528298860857692
0.3243947703362847,0.4720454295118831,0.8750052242706793,-0.19019088274649326
0.351671512491226,0.49694754201774644,0.8665412126164375,-0.12769245136730578
0.3492736089825248,0.4820664864368985,0.8357807151041796,-0.1507259455819591
0.37375616809106055,0.5167485675718902,0.8242258358731839,-0.11016296760696875
0.323703787180047,0.44682567243257276,0.8823344977829749,-0.1494294683759669
0.4043239722849178,0.583850695160826,0.7750507869380558,-0.26259625873718634
0.3401474418006682,0.4788415027358128,0.8500525426319778,-0.15753205913382176
0.37591346382521623,0.5225469599510747,0.8342967284935554,-0.10737494766411974
0.35301138783706393,0.4990304961886899,0.8591958701963938,-0.17587871095178312
0.3670527679825873,0.5271878838030788,0.8172675379424627,-0.2230484016596444
0.3795032908728325,0.5352960685240689,0.8393287768140635,-0.10630848331052585
0.35022720651772166,0.49272230545783996,0.8558503205623886,-0.1501524648653764
0.38374823635713656,0.5290486528298088,0.8204685100028148,-0.13307944270411196
0.35698678765851033,0.4837986899838691,0.8541437150242086,-0.11600740036404293
0.388578418180785,0.5433728601610949,0.8150460977185621,-0.18504990829991655
0.33752412675302124,0.4637570444424526,0.8737126002254061,-0.17672648577009809
0.32187626363237865,0.4421290817099725,0.8672328935965623,-0.1817399870420394
0.34942677575537967,0.47469542384424784,0.8683937542983786,-0.2627755703259952
0.3520246491483053,0.49494380184631986,0.8281817274934561,-0.14916590966953977
0.3036924295129926,0.4155220161562783,0.8974685026223552,-0.15290935466369465
0.3567974558199235,0.5156996913237537,0.8403963654459298,-0.20420415101957864
0.3933004937358001,0.5408994962705969,0.8362543948346646,-0.12184323106793421
0.36886383452578353,0.5165825618002692,0.8204723831935352,-0.06856749424263027
0.37129283076582303,0.5184691532154556,0.8252964284966025,-0.12303802847820687
0.3799906237452716,0.5470197071340799,0.8236393657521824,-0.19787923808309277
0.3498805753932782,0.4925238715733273,0.8475249486657492,-0.16707027034727814
0.3514349725599567,0.4982233261769256,0.8635412307498562,-0.16400251459640136
0.3344522783884693,0.4537865903441955,0.8675893292875176,-0.1474033666736232
0.3803609079052492,0.5300281441209567,0.8410771251761286,-0.08464143463956274
0.39106770948210645,0.5620398368686907,0.8079925422141592,-0.19253937766410953
0.3438610104808906,0.47967459675733976,0.8382068264060865,-0.1784841305083126
0.36386259595451814,0.49470997032553193,0.8659848159469219,-0.19557272426837233
0.31811612615310947,0.45008822501352835,0.8622593436429623,-0.1817302568824228
0.3814919197869253,0.5323890537445369,0.8269909932505737,-0.1845430259610797
0.3788572551965213,0.5080896078738795,0.8368053444913569,-0.09308972848170649
0.3924303893616255,0.566475682216702,0.8314266740425738,-0.15903367167899404
0.3675280329291378,0.5088299090586264,0.8427586647950183,-0.19446310005092612
0.39941241679786993,0.5281621526463929,0.813822314384116,-0.12811378598355183
0.34548413971668296,0.49225517969709687,0.8667032481033479,-0.16267793600787908
0.34894600652840596,0.49797584449679483,0.8528080578781262,-0.15328407362302268
0.40791241909573045,0.5514017693950106,0.8082715277061889,-0.09116425513005545
0.3582432973881309,0.49778885768492803,0.8289416158766821,-0.1280085073665583
0.3314807774988211,0.4616814843525761,0.8790921691031669,-0.17137414623367775
0.35303707619090935,0.51017571451355,0.8422908317545322,-0.18640698823107035
0.34324989285605767,0.4744209713649528,0.8530383125181382,-0.19199339368158994
0.40662791472035514,0.5762737630807697,0.8230246730950227,-0.16680327101946554
0.31779013130199296,0.44595023110675625,0.8593592627690575,-0.1777023814547925
0.36009853398137687,0.5140904000637038,0.8461993656394823,-0.1371449764518362
0.36366821460061793,0.4997400419290075,0.853543570293533,-0.13461943913560875
0.35807189730675765,0.509409010468776,0.8608054912712292,-0.18851043643764695
0.35617356407796286,0.5183411328786702,0.8542487105715084,-0.14262898134273716
0.3525738547725927,0.49988095291228574,0.8593214119481852,-0.1423259014205989
0.3249700160792709,0.4517743587579418,0.8589692977518518,-0.1572874359668242
0.36378419424623765,0.5141005244223902,0.8478091082251482,-0.13296031182919196
0.37716640086691483,0.5093690813651237,0.8482699756277957,-0.09729926413716698
0.3633215925282322,0.48790167827697684,0.8453917260775418,-0.12698907342491783
0.3438979763147263,0.479874438313653,0.8777225389809584,-0.18235417676095422
0.36684941199339227,0.5180485179762973,0.847105440937288,-0.1880004636227464
0.3424452363958326,0.46978558497765904,0.8703289554790908,-0.1363711086713567
0.3356290939781588,0.4631697418769797,0.8711830548074887,-0.15480069838906382
0.34241785698223487,0.4832512541363713,0.8623882890485226,-0.051590207558554174
0.3546077086155996,0.49856125267994367,0.867402420594998,-0.1601443272485538
0.36396491106903445,0.493446458623387,0.8569346824601939,-0.10868581349057073
0.37496842963787297,0.5189322673093363,0.8095637894430951,-0.1694380681222002
0.3494745247149126,0.504005002612994,0.8385191449282959,-0.1898420360713157
0.40361876432749,0.5519538930877526,0.8194068053853063,-0.08187774575385287
0.3596548145170386,0.5026951570578235,0.8589212190181816,-0.15024347943742902
0.3235136203670116,0.4563978233448977,0.8546574151739659,-0.16449946081901773
0.3785514024628602,0.5450669504323863,0.7873658114111594,-0.2705305777954368
0.37206529294810575,0.5133886970644921,0.8603249437698997,-0.15266346080977788
0.3875984326200292,0.5375106066437203,0.821454924670308,-0.1083344603202249
0.3486373592137441,0.48183902633214554,0.863183902663353,-0.13702299745908847
0.3728098653526318,0.5156304737298345,0.8191679506453369,-0.11585125006373266
0.3193036432242794,0.45528349472052415,0.876792884784976,-0.17849741947958467
0.3407821889668946,0.4951913496054151,0.8555128763493963,-0.15719854146480766
0.391145442176666,0.5484305370660919,0.8349349561731761,-0.1168928197637392
0.33649112792774255,0.45894035113517195,0.8681415550547359,-0.18304005197046558
0.32283062939500967,0.4566067008857087,0.8827615219468534,-0.18993359105386248
0.33613543651212063,0.4593116087884391,0.8484907517938047,-0.20087122053085804
0.31295404913803243,0.4255672488194495,0.8843277964265721,-0.1524041300263662
0.355292263461372,0.4954362661433362,0.8454737343291554,-0.16908405300049215
0.3723584216797589,0.5110706672169547,0.8610206713374327,-0.09697167422569061
0.37197009501128575,0.5334379214868209,0.7927906065326156,-0.1995315043329442
0.3629502394864319,0.5187942601463086,0.8326214716031407,-0.10909819803626965
0.37252648369774916,0.5315794782747603,0.8317402379596343,-0.12869834500806732
0.35417054604075526,0.5187539242811623,0.8440238180633398,-0.23604744389238508
0.3377446588437989,0.4575538693059185,0.8560963318383805,-0.2096785075058618
0.4055634295169739,0.5745896279398376,0.8276434351108967,-0.057516393307714034
0.3214238519231733,0.44168500934414745,0.8688880769581627,-0.17127093767485133
0.3327486612451051,0.4760896558904603,0.8578340929214183,-0.20124229639255145
0.346429367694799,0.49185810641783306,0.8356761451782201,-0.10273343056939604
0.3107947450539394,0.43612505002016466,0.8805686393870639,-0.1845583880086519
0.3567696567574671,0.5060591212498246,0.836931589799863,-0.18894739081561895
0.35707896382356336,0.5092759954269691,0.8308598988819107,-0.0728770096694474
0.3127309886683544,0.43028631771259607,0.8900843704902622,-0.16430532838923734
0.362575417759101,0.5145418760863565,0.8176396954357402,-0.1568010629689329
0.32473463049165346,0.46032612069098167,0.8715398266861647,-0.19147977052337634
0.35156782130343883,0.48742709724973793,0.8525639464472597,-0.11634941975912211
0.41616447235730064,0.5762110887350271,0.8106949421507406,-0.1668264992877358
0.36273995777732243,0.520724374374524,0.8408603320937853,-0.18599512582104016
0.37781447200130863,0.5303639865276709,0.8515652457130463,-0.10523392456465325
0.39459024739073034,0.5494966941394576,0.8138184316964885,-0.14101238643733835
0.3192389767607416,0.4586633174894848,0.880133179338058,-0.197539973635827
0.3599739074980756,0.5042001284574208,0.8605509486602679,-0.16553901169372148
0.36910048369360626,0.5210066377531823,0.8257619547641635,-0.11577117851099185
0.33289948543898146,0.47300985249392113,0.8693097900396128,-0.16299038634443933
0.3314984897627238,0.47776061648680856,0.8171527087972063,-0.23381581667833473
0.3760688988745314,0.5314570542019206,0.8396594599979491,-0.14416587581817125
0.3407493430093926,0.49570548608646353,0.8351707007245738,-0.21201969704019713
0.36838315132532645,0.5304210006029497,0.8409231735867053,-0.13270109085162424
0.36619105066220314,0.5128929087782204,0.8555461565443492,-0.15784427797250553
0.36778848188849866,0.5101800449840674,0.8284682372005199,-0.171701908367913
0.3181096472597209,0.44851796329891036,0.8806080768108417,-0.14583776364927026
0.31678980889106745,0.45643336495944464,0.8704784901618146,-0.18207063104839646
0.3590471042389664,0.4945493324964235,0.861617996374295,-0.13433405407530036
0.4292153623371316,0.6101446469907286,0.7751534964547022,-0.12931705940651025
0.32529808359953255,0.4572458128344253,0.869658455484702,-0.11973888346362346
0.33874912956365166,0.48099504231292767,0.8495402547306196,-0.2008254428535789
0.34282251760355553,0.47896049020026105,0.8529745796671091,-0.20581559712518566
0.3649220165253111,0.5170474982811902,0.8395879576918224,-0.11071808704828778
0.3794518447666042,0.5301490756411182,0.8274275503471518,-0.1656511027772673
0.34605262861925057,0.481231835281209,0.8623275921725915,-0.1162589391870673
0.36472257253336077,0.5185470575990078,0.8597553142606243,-0.10678987033793369
0.33955154517695635,0.465924340273406,0.8732259552711631,-0.1475102719188668
0.3743130012429494,0.5110303924337631,0.8550978909623542,-0.11252131268990409
0.36048309903537756,0.5125663147124699,0.8551917141256038,-0.22605929516953457
0.3688277634176606,0.5021818680391161,0.8345182433777572,-0.1738224706897956
0.35368881886400216,0.5042824364548466,0.8457483504999832,-0.09674372786032626
0.3805183634953809,0.513980369977772,0.8417449847356646,-0.10366639396455914
0.3318694800209208,0.4673471588125437,0.8743726190669574,-0.14263074577492982
0.36119134326643154,0.5283220524470438,0.8064424376607473,-0.20260515141849117
0.3484204039889845,0.4979068541991161,0.8330166653661546,-0.14714318992638567
0.35778759826725703,0.5125380275967606,0.8266190008942643,-0.23721958401933307
0.36043990085274613,0.5079699096279315,0.8040937780091066,-0.1486650481719229
0.3806621470478933,0.5235806171525278,0.8383283118327178,-0.037285768444761835
0.3438850586420044,0.47978602703093387,0.8437315062737643,-0.20292456552734664
0.3428262731141027,0.47930384663655246,0.853178288126065,-0.12006062320957714
0.31780158527564745,0.442109678765175,0.88344053899395,-0.15263331113591885
0.3819122079020812,0.5225976665866673,0.8197823401311184,-0.11952030137304863
0.3444136373083747,0.5099866085372683,0.8246117937093014,-0.15381882565306865
0.32320383241586903,0.45130229004748246,0.8836312860635827,-0.19686996017667094
0.3417798621812805,0.47515410789147694,0.8539898064852849,-0.21171236175595953
0.33052422485501726,0.4438028611392292,0.8697320392403445,-0.16935054756673096
0.40401817356330727,0.5619729690530995,0.8340084860680419,-0.06206195914178531
0.3468047935376743,0.4832799102864836,0.8629386716329515,-0.17590877978541988
0.3300138955767434,0.4686597327393292,0.8715273475031788,-0.18803280345904472
0.33466964630239493,0.4809905175452225,0.862167158416092,-0.15783411750038606
0.37497558738099607,0.5221874591690848,0.8140638129554048,-0.15347796128538282
0.3708302279326859,0.5114999477063918,0.8156811525665613,-0.1991000610754238
0.371601719361626,0.5272946813155903,0.8475211693911442,-0.14685057084400288
0.32690841359012746,0.4502102880845125,0.8685491573545931,-0.16067240965110058
0.34286452203858836,0.46928480318251803,0.8726539737771142,-0.12100563927318499
0.4033333865910573,0.5644807507405614,0.8030790090614053,-0.15627060670460094
0.3354911704782295,0.47150974021123687,0.8569614540451972,-0.09848022370049903
0.3754681563077024,0.5276468146361162,0.8104128877048137,-0.16857857113933433
0.35270016579195884,0.5076856396375078,0.8649735078591805,-0.21872546751417013
0.3802078881274728,0.5196628144028261,0.8383902174710186,-0.0976855951722594
0.34142414528740095,0.47467391997580155,0.8684094185509165,-0.15338867228860717
0.37179726364395477,0.5232311544008396,0.8277609802317094,-0.16118055070443357
0.3208697479137369,0.45924112364985237,0.8762633946267726,-0.16631860872096346
0.39018671020434365,0.5495785224166915,0.8502135594228382,-0.18706954750385224
0.3505998238433701,0.4852017963898111,0.8463115037486442,-0.264955941878171
0.3585703677454775,0.4974129161442789,0.8580552754973259,-0.08681462384155024
0.3683766893355289,0.509983081928425,0.8575249384353931,-0.12611875767565217
0.39917867063369333,0.5415171573995762,0.8250149328093445,-0.049400814014541154
0.34332778235650996,0.4893859575427962,0.8568355503110389,-0.13301735675685156
0.3514361665203756,0.5025504385194691,0.857001538908973,-0.20335529209263858
0.3636899320657733,0.526735393963237,0.841328849771686,-0.2071621895865181
0.3261681366292845,0.44641395585109206,0.8811924316377657,-0.1504769264547105
0.35666217586688564,0.49182230557417295,0.8417625853211381,-0.1574574242645453
0.3457353211222185,0.48351704266941664,0.8662783710108702,-0.1773799988686982
0.37071951513318113,0.5193407583820779,0.8457655968496535,-0.2201863230958803
0.3112136931420585,0.42910988859395366,0.8952938007296389,-0.14885485205829166
0.35891244526598,0.5093543277040323,0.8417293944763193,-0.20983030826579357
0.3602905234687978,0.5151577517116785,0.8480057043756533,-0.21975849072244416
0.38287532608892955,0.5433686444325927,0.8427388244929848,-0.23430874328765475
0.38046198872825393,0.5372996378206734,0.8382355077609771,-0.17050581659159586
0.3372427967222904,0.4815527293068643,0.8488886366302685,-0.1835648854646789
0.3610852292750283,0.4975863722431248,0.8341198201675206,-0.12216051983079286
0.3911977730526509,0.5423347123806296,0.8020593192010685,-0.10633170278597438
0.341370037807991,0.4586873615930422,0.8507735123691234,-0.14988753171603522
0.3706163197681626,0.514114102262425,0.8447245693498904,-0.12222199680192879
0.35197517228089537,0.49203587433088725,0.8525446880162957,-0.11978271931087754
0.33798618682635895,0.4764901610003741,0.8671982235506263,-0.20481298556479305
0.34272048209408446,0.47607656971508044,0.855921424943278,-0.12288710796464378
0.341185054960297,0.4777786091734916,0.8668149583293683,-0.17728570469493674
0.385289812887809,0.5373390234699663,0.833861587034642,-0.10966575813586124
0.3630360005457207,0.5264856005084113,0.8315703107223295,-0.1778136559202568
0.3662038298193826,0.5297657566105731,0.8161957078064284,-0.1716524817620402
0.3911597694112493,0.5382221233151782,0.8375540097465839,-0.07303307212116066
0.37779758308139244,0.5163286166472284,0.8392279084272906,-0.20203104760183307
0.35587573783552234,0.4961042760308971,0.8560478974836333,-0.18024215357443163
0.37906916891751435,0.5168507826815368,0.8476499207389456,-0.18088989756106388
0.3675089461916002,0.5096622305310019,0.8481387640366154,-0.09879795301351993
0.3906890881431486,0.5529648886382599,0.8072599561848965,-0.19385758987271726
0.354267701066323,0.505468880197795,0.8375534909888748,-0.15175067417435817
0.3429094285419439,0.48047606915725594,0.8334725535988463,-0.09779220010572126
0.37583670788088475,0.5094803124298712,0.8518668835122393,-0.15473192679403697
0.3906328326354287,0.5561570858423441,0.8279686876644996,-0.1609222585324105
0.33130974648112776,0.47498406460266546,0.8767874802609844,-0.15245612317113566
0.38624800412253363,0.5430816054619544,0.8076026305162571,-0.15006274755101057
0.3903974740104531,0.5456532737310918,0.8234399672733275,-0.11929463496543594
0.3332172619613581,0.4750260659326018,0.8622842717496677,-0.17123954455454754
0.34712534088406044,0.4939777184607223,0.861890663084452,-0.19812546612001325
0.3487189333152553,0.4818739153984021,0.8760219230839736,-0.11853668642892398
0.32124976183077575,0.4470997774502924,0.8768895576454618,-0.14998848350571234
0.3935375644000565,0.5706532650654143,0.7944915267546311,-0.2004454470904801
0.3707388743635064,0.5401507811592073,0.8213116902775236,-0.15698221478282848
0.3203456562158524,0.4519704839185244,0.8770869447736829,-0.17857948820110905
0.345823739674428,0.4950857411612374,0.8581175515891637,-0.1378639808491975
0.3698967535490381,0.5337448988062721,0.8375566649964011,-0.22474161465878978
0.3846940476184106,0.542719137172929,0.8468431823264084,-0.12938435583456043
0.3763777191831329,0.5287105297158164,0.8415234572364725,-0.132571911626986
0.39298901427179767,0.5429654630100805,0.8301822084821052,-0.14254794395328294
0.3853994811062923,0.5339029782675108,0.8226571137087018,-0.11228320332472479
0.37294786910346867,0.534074425788381,0.8500630344337952,-0.1974491861077105
0.33892554234929756,0.48152555485073495,0.8658577336460787,-0.17212596989954798
0.32731850119828304,0.4428785389776626,0.829030164491727,-0.13107724380397892
0.35781074166531973,0.4931427085937161,0.8406906291640553,-0.14095769215703116
0.35511293308917413,0.5017191270061205,0.8355939552678235,-0.15017415871406462
0.35242635780188386,0.4948162893261914,0.8597244617860692,-0.12644177470448972
0.3471437147172384,0.5041020045111863,0.8101085695130834,-0.13576476171311935
0.37019533662003684,0.5264998708976375,0.8471632774773024,-0.16216211271748357
0.34984724815666324,0.48880727124828577,0.8572212710044042,-0.21366846526067385
0.3721729480862413,0.511252457474422,0.8579755356366723,-0.19088024446626947
0.38272695417367675,0.5435408730127672,0.8499200435850482,-0.22078264107938508
0.4074180589951879,0.5599682677337033,0.7734206829352781,-0.08517449819495652
0.3375794157099749,0.46944511199575645,0.8681922859759836,-0.20911676637713714
0.35400233366968714,0.505123371006941,0.8308474938038101,-0.20757895518671513
0.3728290358458709,0.5210884170751272,0.8325140102832672,-0.1130559654886283
0.3707643330054278,0.5135728327913756,0.8470739605304399,-0.11611851127935549
0.3302327674996571,0.45259292519649286,0.8710070320653186,-0.11416026456471011
0.34616897940247066,0.475245764913484,0.8429519033596863,-0.088073723679822
0.29525897196639767,0.3958923558353329,0.8972116022805087,-0.1981829053686879
0.3271694765109594,0.47608405577088203,0.8741232294381868,-0.2223921830974813
0.39528320160854263,0.5426665566249818,0.786612981911984,-0.12903427366380749
0.3373090511669488,0.47606109098153937,0.844368262059989,-0.1567633727273488
0.3643782268452833,0.5017237117593061,0.8522482068712552,-0.12203300597963729
0.33570745818378595,0.47241746424033015,0.855966426957388,-0.19520259953144822
0.40017658927934796,0.5673222491580511,0.8143360227847412,-0.0702101882275332
0.3527213721473991,0.4955844386747556,0.8780711120175605,-0.10783471108966988
0.354709450937215,0.5027361142810101,0.8280915837697234,-0.14573569361364727
0.3473800967201145,0.4862256436231507,0.8830138818887878,-0.1746199424446924
0.3652235570962127,0.512466917424423,0.8497995710035913,-0.13999113661564638
0.369898573256587,0.5070609325654081,0.832069499820316,-0.140215729045104
0.356884913985065,0.49830550163239,0.8436821187764816,-0.16829921835332703
0.31044454102188024,0.41935552903497675,0.8909894897256239,-0.1600684841261887
0.3337498208269766,0.4659311182638928,0.8666152688675632,-0.1484496517068449
0.32098056296868654,0.4525502474394778,0.8672810401049517,-0.17314636918296558
0.36174015224002337,0.4949012309776342,0.8589153351833404,-0.12474800193818615
0.3295808426105492,0.46722295123820645,0.8762906605196483,-0.14545197155179646
0.35353190442912114,0.5124040940715675,0.8423770780981072,-0.12108280886488172
0.35845907254361326,0.48221609819560696,0.8462454474821246,-0.08905475463381375
0.32059226787549777,0.44760061543123114,0.859132708715145,-0.14846430613483774
0.36762599980219135,0.5143080811207779,0.824246868377847,-0.20723569049353951
0.3721360806844005,0.5224886396011938,0.8450043907907461,-0.15789075700241925
0.34632781183585,0.4769576000873519,0.8793538414030388,-0.16255739437911373
0.3894838423764733,0.5210278940372132,0.8445270205538591,-0.07816294949486481
0.33104454835260516,0.4658016880097588,0.8553645508246935,-0.1825830024906559
0.3294764809726756,0.46349362743200967,0.8865345336210819,-0.12249281323733147
0.3845273589298701,0.5299905135821624,0.8276887150311416,-0.16227167298856282
0.38477760365603897,0.5206010816439666,0.8279658854744278,-0.06366532346202754
0.3621259519395353,0.500360252979162,0.8362267322485839,-0.23588453442845178
0.35094433028626354,0.49900378254220945,0.8449234960356949,-0.224768755239276
0.36308161221543184,0.5164739664091565,0.8588232632362552,-0.20456269690963882
0.3904692035741397,0.5318705480324175,0.831998610556197,-0.11148712871550844
0.37063505782703654,0.5238427680348805,0.8524571180510289,-0.2012464570805482
0.38813524093600216,0.5511892634655454,0.8192956278394028,-0.2595699838660545
0.30553617986444437,0.4327470634238834,0.885667425415249,-0.13824507227831695
0.3602303705991246,0.5019315530881789,0.867685918465942,-0.17572871125694547
0.32183616865375436,0.4500175714463755,0.8623741170619892,-0.1637542985041307
0.3765295399313707,0.5083154997774572,0.8382036102814894,-0.12460184812165322
0.3838909394837283,0.5403500120710906,0.8252259107494666,-0.1328900772101008
0.36448553140617,0.5034517760433751,0.8368621494879966,-0.12001929261446087
0.3787067662126675,0.5470779755325321,0.8266535259096764,-0.16453352562632304
0.375722825401333,0.5120933544117703,0.838759301240404,-0.01883813458438497
0.3500644397910999,0.5008879599633362,0.8244053401210393,-0.19733239743845887
0.33275437250075407,0.4617010503413777,0.8599435490059231,-0.12085799719985757
0.37211463877166967,0.531204950576358,0.8275778074570208,-0.12991814663744275
0.3347471408735814,0.4693103256641349,0.854475488105333,-0.18366453877047514
0.352890711453841,0.48555534984497184,0.869689242615708,-0.13979745318203568
0.34269925753997443,0.4850359504378932,0.8449504080011601,-0.12304895016349142
0.3617756802456762,0.49633031239198033,0.86270456462357,-0.12567866745379005
0.3517334063265703,0.498769799971374,0.8450026330854221,-0.15899272951091534
0.37066979566427477,0.5392134936153411,0.8333735930005362,-0.13333313104443864
0.3998181199793508,0.5471163862860988,0.8180864114673658,-0.15395397072578632
0.3687568898549706,0.5146528500223906,0.8546188189424158,-0.14814572588852654
0.35331860307733126,0.5011723365448194,0.8523128759781798,-0.23870405094832906
0.37991495365507233,0.5306141554062015,0.8409211776009009,-0.15887156243685635
0.38793547263109424,0.5512799570003132,0.8079309013832485,-0.12773565860295533
0.335977759475394,0.4883401900794358,0.8623715023945526,-0.17050583593603807
0.3188956505762211,0.4408683793410746,0.8895250077114539,-0.22122235300838383
0.40267789360031575,0.5642521709285325,0.8084028832639374,-0.15432500316765752
0.3550644034976807,0.4964262555704171,0.8629791920725098,-0.11261443247078781
0.35745177918228405,0.49744772379277946,0.8424191165051108,-0.14485878613020955
0.38128466205386574,0.5472508761340317,0.8192704466839482,-0.11479429564976876
0.34959874984833333,0.4853770584654926,0.8466193295095507,-0.1709102082598773
0.3612498145229722,0.5076069186233172,0.8320945905267076,-0.19735326619071425
0.3665828422472831,0.507213940139181,0.857464909383465,-0.09146550081209083
0.3663344241627117,0.5165580912327185,0.8418446180264314,-0.13122935757376486
0.35935112865867014,0.5078301426997256,0.8301504019071302,-0.15492670735677902
0.3817340391045657,0.5307442696786038,0.8328622460206483,-0.15673049662217903
0.38350564252816005,0.5558519257233043,0.822977427382102,-0.16908006169022438
0.37264741512075017,0.5229389054302293,0.8623600857639333,-0.1306163156630151
0.3285833996307481,0.4622402031100675,0.8838214273371912,-0.10472470634054996
0.3278577674178041,0.4615317642769534,0.873264501592019,-0.17443558875974002
0.3872429864015641,0.540325864103167,0.834728588264017,-0.10644171185569418
0.35487681165701535,0.5119014891029312,0.8401411736859731,-0.19212601680649666
0.3491633738029782,0.4877569774480759,0.8515888815180175,-0.142279953917202
0.3540378100290076,0.49985800719196793,0.8665062307336224,-0.19757671008941935
0.3506865772316567,0.5096761919765841,0.8446536644081344,-0.16346802456342072
0.35156500081987596,0.5091599758726135,0.8427085911889531,-0.20398621718738258
0.34881108338059663,0.48477746770669466,0.8475331417364199,-0.19093805751881102
0.29865292371692065,0.41943897404674807,0.8898034922679665,-0.1580890207781227
0.3158174503625199,0.4493340452495159,0.8732902317533068,-0.11284241275221386
0.35630854245185617,0.5029970282207512,0.8514548044558659,-0.1904720820674675
0.34693802632568016,0.4825105908729737,0.8585199318303107,-0.19425281434722136
0.40113669079733083,0.5715999937347969,0.7688051838252701,-0.18673735573098468
0.3357466410991865,0.4837029716637049,0.8557075516543909,-0.20685512222496757
0.37096254740303897,0.5295426085593462,0.8333931351693514,-0.19329618058654705
0.34293555671126386,0.4797545570928821,0.8655659641703755,-0.20699579772879567
0.34470554581995877,0.49005835453874785,0.8183569250387694,-0.20597427179184516
0.4057662090278359,0.5604067478818493,0.8191711062464604,-0.17162866079430023
0.3410283779271968,0.47305344825302115,0.860306526212598,-0.13703065742829298
0.34500824103071337,0.4875886320800381,0.8663385070824825,-0.1580385470980803
0.37342850947950973,0.51121025908041,0.8361031694261808,-0.12461080977925375
0.37471952940331904,0.5326919126327226,0.8537438733118826,-0.17981900109786683
0.3475232769227,0.49476877952949033,0.8682879743372659,-0.10799763101751572
0.34260515119722207,0.47677418764307744,0.8445257335951524,-0.14351826133890422
0.34732176243886903,0.4736343789257748,0.8542731442355767,-0.12778413878526745
0.34332051349450354,0.475680078744906,0.85756135826888,-0.1965601320910508
0.3882155446834206,0.5502906132424383,0.8240376871446109,-0.1262827695771663
0.38003909996544805,0.5148278458966611,0.8373490678323843,-0.1374260677825873
0.35783413967637234,0.5134226316791054,0.8468113418518047,-0.14678637473389344
0.35358611062688766,0.5128995216287354,0.829000394078051,-0.19221545716996505
0.3420283496448153,0.4921891762012429,0.8489144086940122,-0.2078772374937139
0.39187307779680136,0.5516299274615042,0.8197380342618694,-0.17546295832631703
0.32438996019341787,0.4542977834694654,0.8698676228437616,-0.1693826944009357
0.356789827883023,0.5086500974763373,0.8303640886764753,-0.13701835192744757
0.3644696718907725,0.5043400494846442,0.8504219042930807,-0.14180030961576162
0.3735083558354535,0.513744691619947,0.8274822046561612,-0.11944394317019895
0.38719752197342017,0.5255859107488533,0.8303494690890498,-0.10656799685225503
0.35490806062314545,0.48756811261906463,0.8682208897836237,-0.123547531371703
0.39796640953225665,0.576329723189438,0.8020715310276998,-0.18499085332128337
0.3969803721021828,0.5515955261316748,0.8309878824471284,-0.03202510103137393
0.36539167140499257,0.4877599932512831,0.8639818226282046,-0.12634816272227756
0.35888814940553226,0.5019078815727578,0.8616134638972476,-0.17496440530771978
0.3555805099930897,0.4916548734292165,0.8653670252172436,-0.11219145406111021
0.3491699788184668,0.4974472006109084,0.8590269880537345,-0.10965386616742703
0.39422332350415856,0.5438384075170067,0.8409578839042497,-0.08400265711231628
0.3510842516059972,0.5034831157314305,0.8406366034301773,-0.1832185585173295
0.37809019636636304,0.5266199720563279,0.8175909308425539,-0.10077939046936008
0.3478726217814326,0.4891025354107546,0.8463998807091858,-0.16536329638815847
0.3365470189338866,0.4801848300935575,0.8443062345995633,-0.21954819192186162
0.35694280114756766,0.5051508923266699,0.8560794950846942,-0.1452882303240517
