source_row,timestamp,CO(GT),PT08.S1(CO),PT08.S2(NMHC),PT08.S3(NOx),PT08.S4(NO2),PT08.S5(O3),T,RH,AH,eligible,missing_target,all_predictors_missing
2,2004-03-10 18:00:00,2.6,1360.0,1046.0,1056.0,1692.0,1268.0,13.6,48.9,0.7578,True,False,False
3,2004-03-10 19:00:00,2.0,1292.0,955.0,1174.0,1559.0,972.0,13.3,47.7,0.7255,True,False,False
4,2004-03-10 20:00:00,2.2,1402.0,939.0,1140.0,1555.0,1074.0,11.9,54.0,0.7502,True,False,False
5,2004-03-10 21:00:00,2.2,1376.0,948.0,1092.0,1584.0,1203.0,11.0,60.0,0.7867,True,False,False
6,2004-03-10 22:00:00,1.6,1272.0,836.0,1205.0,1490.0,1110.0,11.2,59.6,0.7888,True,False,False
7,2004-03-10 23:00:00,1.2,1197.0,750.0,1337.0,1393.0,949.0,11.2,59.2,0.7848,True,False,False
8,2004-03-11 00:00:00,1.2,1185.0,690.0,1462.0,1333.0,733.0,11.3,56.8,0.7603,True,False,False
9,2004-03-11 01:00:00,1.0,1136.0,672.0,1453.0,1333.0,730.0,10.7,60.0,0.7702,True,False,False
10,2004-03-11 02:00:00,0.9,1094.0,609.0,1579.0,1276.0,620.0,10.7,59.7,0.7648,True,False,False
11,2004-03-11 03:00:00,0.6,1010.0,561.0,1705.0,1235.0,501.0,10.3,60.2,0.7517,True,False,False
12,2004-03-11 04:00:00,,1011.0,527.0,1818.0,1197.0,445.0,10.1,60.5,0.7465,False,True,False
13,2004-03-11 05:00:00,0.7,1066.0,512.0,1918.0,1182.0,422.0,11.0,56.2,0.7366,True,False,False
14,2004-03-11 06:00:00,0.7,1052.0,553.0,1738.0,1221.0,472.0,10.5,58.1,0.7353,True,False,False
15,2004-03-11 07:00:00,1.1,1144.0,667.0,1490.0,1339.0,730.0,10.2,59.6,0.7417,True,False,False
16,2004-03-11 08:00:00,2.0,1333.0,900.0,1136.0,1517.0,1102.0,10.8,57.4,0.7408,True,False,False
17,2004-03-11 09:00:00,2.2,1351.0,960.0,1079.0,1583.0,1028.0,10.5,60.6,0.7691,True,False,False
18,2004-03-11 10:00:00,1.7,1233.0,827.0,1218.0,1446.0,860.0,10.8,58.4,0.7552,True,False,False
19,2004-03-11 11:00:00,1.5,1179.0,762.0,1328.0,1362.0,671.0,10.5,57.9,0.7352,True,False,False
20,2004-03-11 12:00:00,1.6,1236.0,774.0,1301.0,1401.0,664.0,9.5,66.8,0.7951,True,False,False
21,2004-03-11 13:00:00,1.9,1286.0,869.0,1162.0,1537.0,799.0,8.3,76.4,0.8393,True,False,False
22,2004-03-11 14:00:00,2.9,1371.0,1034.0,983.0,1730.0,1037.0,8.0,81.1,0.8736,True,False,False
23,2004-03-11 15:00:00,2.2,1310.0,933.0,1082.0,1647.0,946.0,8.3,79.8,0.8778,True,False,False
24,2004-03-11 16:00:00,2.2,1292.0,912.0,1103.0,1591.0,957.0,9.7,71.2,0.8569,True,False,False
25,2004-03-11 17:00:00,2.9,1383.0,1020.0,1008.0,1719.0,1104.0,9.8,67.6,0.8185,True,False,False
26,2004-03-11 18:00:00,4.8,1581.0,1319.0,799.0,2083.0,1409.0,10.3,64.2,0.8065,True,False,False
27,2004-03-11 19:00:00,6.9,1776.0,1488.0,702.0,2333.0,1704.0,9.7,69.3,0.8319,True,False,False
28,2004-03-11 20:00:00,6.1,1640.0,1404.0,743.0,2191.0,1654.0,9.6,67.8,0.8133,True,False,False
29,2004-03-11 21:00:00,3.9,1313.0,1076.0,957.0,1707.0,1285.0,9.1,64.0,0.7419,True,False,False
30,2004-03-11 22:00:00,1.5,965.0,749.0,1325.0,1333.0,821.0,8.2,63.4,0.6905,True,False,False
31,2004-03-11 23:00:00,1.0,913.0,629.0,1565.0,1252.0,552.0,8.2,60.8,0.6657,True,False,False
32,2004-03-12 00:00:00,1.7,1080.0,805.0,1254.0,1375.0,816.0,8.3,58.5,0.6438,True,False,False
33,2004-03-12 01:00:00,1.9,1044.0,829.0,1247.0,1378.0,832.0,7.7,59.7,0.6308,True,False,False
34,2004-03-12 02:00:00,1.4,988.0,718.0,1396.0,1304.0,692.0,7.1,61.8,0.6276,True,False,False
35,2004-03-12 03:00:00,0.8,889.0,574.0,1680.0,1187.0,512.0,7.0,62.3,0.6261,True,False,False
36,2004-03-12 04:00:00,,831.0,506.0,1893.0,1134.0,384.0,6.1,65.9,0.6248,False,True,False
37,2004-03-12 05:00:00,0.6,847.0,501.0,1895.0,1155.0,394.0,6.3,65.0,0.6233,True,False,False
38,2004-03-12 06:00:00,0.8,927.0,571.0,1685.0,1223.0,487.0,6.8,62.9,0.6234,True,False,False
39,2004-03-12 07:00:00,1.4,1091.0,730.0,1387.0,1361.0,748.0,6.4,65.1,0.6316,True,False,False
40,2004-03-12 08:00:00,4.4,1587.0,1236.0,897.0,1900.0,1400.0,7.3,63.1,0.6499,True,False,False
41,2004-03-12 09:00:00,,1545.0,1353.0,767.0,2058.0,1588.0,9.2,56.2,0.6561,False,True,False
42,2004-03-12 10:00:00,3.1,1350.0,1118.0,912.0,1712.0,1237.0,13.2,41.7,0.632,True,False,False
43,2004-03-12 11:00:00,2.7,1263.0,1037.0,969.0,1598.0,1167.0,14.3,38.4,0.6243,True,False,False
44,2004-03-12 12:00:00,2.1,1206.0,986.0,1035.0,1537.0,959.0,15.0,36.5,0.6195,True,False,False
45,2004-03-12 13:00:00,2.5,1252.0,1016.0,1008.0,1593.0,983.0,16.1,34.5,0.6262,True,False,False
46,2004-03-12 14:00:00,2.7,1287.0,1078.0,949.0,1660.0,1061.0,16.3,35.7,0.656,True,False,False
47,2004-03-12 15:00:00,2.9,1353.0,1122.0,922.0,1740.0,1139.0,15.8,37.0,0.661,True,False,False
48,2004-03-12 16:00:00,2.8,1309.0,1073.0,954.0,1657.0,1112.0,15.9,37.2,0.6657,True,False,False
49,2004-03-12 17:00:00,2.4,1274.0,1041.0,1006.0,1610.0,994.0,16.9,34.3,0.6549,True,False,False
50,2004-03-12 18:00:00,3.9,1510.0,1277.0,812.0,1910.0,1410.0,15.1,39.6,0.6766,True,False,False
51,2004-03-12 19:00:00,3.7,1525.0,1246.0,821.0,1847.0,1448.0,14.4,43.4,0.7084,True,False,False
52,2004-03-12 20:00:00,6.6,1843.0,1610.0,624.0,2390.0,1887.0,12.9,50.5,0.7478,True,False,False
53,2004-03-12 21:00:00,4.4,1598.0,1299.0,752.0,1941.0,1627.0,12.1,53.3,0.7536,True,False,False
54,2004-03-12 22:00:00,3.5,1484.0,1127.0,839.0,1723.0,1491.0,11.0,59.1,0.774,True,False,False
55,2004-03-12 23:00:00,5.4,1677.0,1346.0,741.0,2062.0,1657.0,9.7,64.6,0.7771,True,False,False
56,2004-03-13 00:00:00,2.7,1280.0,964.0,963.0,1544.0,1285.0,9.5,64.1,0.7597,True,False,False
57,2004-03-13 01:00:00,1.9,1196.0,873.0,1071.0,1463.0,1144.0,9.1,63.9,0.7423,True,False,False
58,2004-03-13 02:00:00,1.6,1184.0,782.0,1176.0,1365.0,1043.0,8.8,63.9,0.7256,True,False,False
59,2004-03-13 03:00:00,1.7,1172.0,783.0,1179.0,1380.0,996.0,7.8,67.5,0.7173,True,False,False
60,2004-03-13 04:00:00,,1147.0,821.0,1132.0,1412.0,992.0,7.0,71.1,0.7158,False,True,False
61,2004-03-13 05:00:00,1.0,978.0,625.0,1420.0,1274.0,819.0,8.3,63.6,0.6982,True,False,False
62,2004-03-13 06:00:00,1.2,1100.0,646.0,1406.0,1268.0,835.0,7.2,67.5,0.6887,True,False,False
63,2004-03-13 07:00:00,1.5,1112.0,770.0,1228.0,1409.0,940.0,6.3,71.9,0.6932,True,False,False
64,2004-03-13 08:00:00,2.7,1336.0,1043.0,935.0,1678.0,1192.0,6.5,71.6,0.6945,True,False,False
65,2004-03-13 09:00:00,3.7,1408.0,1153.0,830.0,1777.0,1411.0,9.6,59.7,0.7124,True,False,False
66,2004-03-13 10:00:00,3.2,1447.0,1081.0,869.0,1667.0,1465.0,12.4,51.2,0.7335,True,False,False
67,2004-03-13 11:00:00,4.1,1542.0,1184.0,808.0,1780.0,1583.0,15.6,42.2,0.7451,True,False,False
68,2004-03-13 12:00:00,3.6,1451.0,1117.0,875.0,1679.0,1387.0,18.4,33.8,0.709,True,False,False
69,2004-03-13 13:00:00,2.8,1328.0,1059.0,987.0,1600.0,1101.0,19.4,31.3,0.695,True,False,False
70,2004-03-13 14:00:00,2.0,1207.0,924.0,1088.0,1488.0,850.0,18.0,34.8,0.7127,True,False,False
71,2004-03-13 15:00:00,2.0,1240.0,947.0,1049.0,1532.0,947.0,18.4,33.6,0.7042,True,False,False
72,2004-03-13 16:00:00,2.5,1306.0,987.0,1004.0,1554.0,1078.0,17.6,35.1,0.7012,True,False,False
73,2004-03-13 17:00:00,2.3,1326.0,1000.0,976.0,1602.0,1084.0,16.7,37.8,0.7117,True,False,False
74,2004-03-13 18:00:00,3.2,1473.0,1163.0,831.0,1779.0,1395.0,16.1,41.0,0.7451,True,False,False
75,2004-03-13 19:00:00,4.2,1609.0,1286.0,758.0,1922.0,1612.0,15.8,42.4,0.7569,True,False,False
76,2004-03-13 20:00:00,4.2,1611.0,1274.0,754.0,1915.0,1697.0,15.7,44.1,0.7786,True,False,False
77,2004-03-13 21:00:00,4.2,1621.0,1247.0,762.0,1860.0,1886.0,15.3,46.8,0.8091,True,False,False
78,2004-03-13 22:00:00,3.1,1444.0,1089.0,844.0,1748.0,1624.0,14.6,48.6,0.806,True,False,False
79,2004-03-13 23:00:00,2.6,1418.0,1010.0,892.0,1603.0,1536.0,14.7,49.3,0.8193,True,False,False
80,2004-03-14 00:00:00,2.9,1534.0,1013.0,889.0,1611.0,1535.0,13.9,53.6,0.8498,True,False,False
81,2004-03-14 01:00:00,2.8,1484.0,1045.0,880.0,1624.0,1530.0,14.6,51.5,0.8536,True,False,False
82,2004-03-14 02:00:00,2.5,1367.0,925.0,953.0,1543.0,1337.0,12.5,58.9,0.8537,True,False,False
83,2004-03-14 03:00:00,2.4,1344.0,968.0,921.0,1620.0,1278.0,11.6,63.4,0.8674,True,False,False
84,2004-03-14 04:00:00,,1130.0,773.0,1130.0,1452.0,1051.0,12.1,61.1,0.8603,False,True,False
85,2004-03-14 05:00:00,1.2,1062.0,691.0,1272.0,1377.0,929.0,11.5,63.1,0.8533,True,False,False
86,2004-03-14 06:00:00,1.0,1076.0,618.0,1395.0,1333.0,872.0,11.6,62.2,0.8473,True,False,False
87,2004-03-14 07:00:00,0.9,1028.0,615.0,1384.0,1340.0,853.0,10.4,67.6,0.853,True,False,False
88,2004-03-14 08:00:00,1.4,1155.0,722.0,1225.0,1414.0,959.0,11.6,62.7,0.853,True,False,False
89,2004-03-14 09:00:00,1.6,1235.0,828.0,1055.0,1527.0,1093.0,12.4,60.0,0.8627,True,False,False
90,2004-03-14 10:00:00,2.2,1332.0,923.0,952.0,1614.0,1225.0,14.5,53.1,0.8728,True,False,False
91,2004-03-14 11:00:00,2.8,1445.0,1009.0,878.0,1696.0,1355.0,16.9,46.1,0.8789,True,False,False
92,2004-03-14 12:00:00,2.8,1416.0,1002.0,907.0,1677.0,1262.0,19.3,38.3,0.8474,True,False,False
93,2004-03-14 13:00:00,2.0,1281.0,880.0,1084.0,1525.0,980.0,21.2,31.4,0.7812,True,False,False
94,2004-03-14 14:00:00,1.8,1207.0,879.0,1104.0,1490.0,872.0,21.4,30.2,0.7616,True,False,False
95,2004-03-14 15:00:00,1.9,1258.0,906.0,1081.0,1511.0,900.0,21.9,29.0,0.7525,True,False,False
96,2004-03-14 16:00:00,3.0,1458.0,1045.0,974.0,1646.0,1099.0,22.2,28.4,0.7516,True,False,False
97,2004-03-14 17:00:00,2.9,1438.0,1051.0,943.0,1668.0,1206.0,21.3,30.8,0.7696,True,False,False
98,2004-03-14 18:00:00,2.5,1478.0,1055.0,929.0,1671.0,1262.0,19.7,36.7,0.8307,True,False,False
99,2004-03-14 19:00:00,4.6,1808.0,1312.0,753.0,1993.0,1698.0,18.4,41.7,0.8732,True,False,False
100,2004-03-14 20:00:00,5.9,1898.0,1381.0,681.0,2103.0,1905.0,17.6,46.1,0.921,True,False,False
101,2004-03-14 21:00:00,3.4,1560.0,1140.0,784.0,1818.0,1648.0,16.7,49.6,0.932,True,False,False
102,2004-03-14 22:00:00,2.1,1324.0,940.0,924.0,1587.0,1423.0,16.3,51.0,0.9341,True,False,False
103,2004-03-14 23:00:00,2.2,1349.0,933.0,933.0,1617.0,1349.0,14.7,55.9,0.9314,True,False,False
104,2004-03-15 00:00:00,1.8,1239.0,872.0,985.0,1547.0,1250.0,14.8,54.7,0.9164,True,False,False
105,2004-03-15 01:00:00,1.8,1239.0,853.0,1010.0,1543.0,1174.0,14.0,57.0,0.9094,True,False,False
106,2004-03-15 02:00:00,1.8,1224.0,855.0,998.0,1566.0,1149.0,13.4,61.3,0.9361,True,False,False
107,2004-03-15 03:00:00,1.1,1078.0,734.0,1128.0,1487.0,1021.0,12.6,63.5,0.923,True,False,False
108,2004-03-15 04:00:00,,1078.0,711.0,1150.0,1468.0,1013.0,12.3,65.4,0.9351,False,True,False
109,2004-03-15 05:00:00,1.0,1075.0,703.0,1156.0,1464.0,1010.0,11.9,67.4,0.9375,True,False,False
110,2004-03-15 06:00:00,1.4,1157.0,830.0,1030.0,1584.0,1083.0,11.4,70.5,0.9475,True,False,False
111,2004-03-15 07:00:00,2.2,1314.0,966.0,897.0,1710.0,1235.0,11.3,70.2,0.9401,True,False,False
112,2004-03-15 08:00:00,5.5,1797.0,1451.0,652.0,2323.0,1680.0,12.4,63.9,0.917,True,False,False
113,2004-03-15 09:00:00,8.1,1961.0,1701.0,537.0,2665.0,2184.0,14.8,54.3,0.9076,True,False,False
114,2004-03-15 10:00:00,5.8,1771.0,1470.0,622.0,2262.0,1973.0,17.4,45.6,0.8993,True,False,False
115,2004-03-15 11:00:00,4.2,1564.0,1300.0,710.0,2029.0,1798.0,19.8,38.5,0.8801,True,False,False
116,2004-03-15 12:00:00,3.1,1430.0,1120.0,831.0,1783.0,1522.0,22.0,34.1,0.8904,True,False,False
117,2004-03-15 13:00:00,2.9,1417.0,1146.0,830.0,1831.0,1404.0,23.3,32.2,0.9096,True,False,False
118,2004-03-15 14:00:00,2.9,1400.0,1162.0,838.0,1829.0,1263.0,23.9,30.0,0.8757,True,False,False
119,2004-03-15 15:00:00,2.5,1317.0,1053.0,926.0,1707.0,1137.0,24.4,28.9,0.8736,True,False,False
120,2004-03-15 16:00:00,2.3,1318.0,1033.0,950.0,1675.0,1068.0,24.4,29.4,0.8848,True,False,False
121,2004-03-15 17:00:00,2.8,1445.0,1141.0,857.0,1824.0,1252.0,23.8,31.3,0.9137,True,False,False
122,2004-03-15 18:00:00,6.1,1917.0,1601.0,631.0,2447.0,1843.0,22.5,35.4,0.9547,True,False,False
123,2004-03-15 19:00:00,8.0,2040.0,1754.0,542.0,2679.0,2122.0,20.4,42.5,1.0086,True,False,False
124,2004-03-15 20:00:00,6.5,1895.0,1573.0,565.0,2443.0,1992.0,18.3,52.6,1.0945,True,False,False
125,2004-03-15 21:00:00,4.2,1595.0,1294.0,678.0,2058.0,1707.0,16.7,57.4,1.0786,True,False,False
126,2004-03-15 22:00:00,3.2,1439.0,1159.0,764.0,1856.0,1494.0,15.7,60.2,1.0654,True,False,False
127,2004-03-15 23:00:00,1.4,1142.0,852.0,1008.0,1547.0,1164.0,15.3,61.4,1.058,True,False,False
128,2004-03-16 00:00:00,2.1,1304.0,1019.0,852.0,1731.0,1272.0,14.1,65.7,1.0494,True,False,False
129,2004-03-16 01:00:00,1.2,1074.0,784.0,1098.0,1483.0,1040.0,14.8,60.6,1.0148,True,False,False
130,2004-03-16 02:00:00,0.8,968.0,640.0,1320.0,1386.0,867.0,14.8,59.2,0.9879,True,False,False
131,2004-03-16 03:00:00,0.7,929.0,608.0,1376.0,1364.0,826.0,13.6,62.1,0.9636,True,False,False
132,2004-03-16 04:00:00,,941.0,626.0,1316.0,1373.0,840.0,12.3,66.2,0.945,False,True,False
133,2004-03-16 05:00:00,0.6,937.0,585.0,1412.0,1348.0,793.0,12.8,63.2,0.9283,True,False,False
134,2004-03-16 06:00:00,0.9,1017.0,681.0,1246.0,1418.0,870.0,11.2,68.5,0.9081,True,False,False
135,2004-03-16 07:00:00,1.3,1171.0,770.0,1162.0,1467.0,930.0,11.0,66.5,0.8705,True,False,False
136,2004-03-16 08:00:00,3.4,1541.0,1185.0,770.0,1889.0,1407.0,11.7,63.7,0.8719,True,False,False
137,2004-03-16 09:00:00,3.7,1539.0,1287.0,698.0,2055.0,1507.0,13.6,56.3,0.8743,True,False,False
138,2004-03-16 10:00:00,5.3,1735.0,1431.0,628.0,2211.0,1843.0,17.8,42.9,0.8672,True,False,False
139,2004-03-16 11:00:00,4.1,1571.0,1297.0,730.0,1973.0,1729.0,21.4,33.3,0.8417,True,False,False
140,2004-03-16 12:00:00,3.3,1452.0,1250.0,776.0,1868.0,1583.0,24.4,27.4,0.8231,True,False,False
141,2004-03-16 13:00:00,4.0,1579.0,1359.0,724.0,1998.0,1671.0,25.3,26.1,0.8264,True,False,False
142,2004-03-16 14:00:00,3.8,1466.0,1309.0,773.0,1897.0,1491.0,25.8,23.2,0.7589,True,False,False
143,2004-03-16 15:00:00,2.8,1280.0,1136.0,893.0,1675.0,1240.0,27.0,20.2,0.7094,True,False,False
144,2004-03-16 16:00:00,2.9,1407.0,1197.0,905.0,1759.0,1313.0,28.2,18.6,0.7014,True,False,False
145,2004-03-16 17:00:00,2.9,1389.0,1173.0,898.0,1739.0,1363.0,28.0,19.1,0.7098,True,False,False
146,2004-03-16 18:00:00,3.4,1447.0,1235.0,859.0,1778.0,1296.0,23.9,25.7,0.7519,True,False,False
147,2004-03-16 19:00:00,3.9,1551.0,1271.0,800.0,1875.0,1432.0,21.3,34.8,0.873,True,False,False
148,2004-03-16 20:00:00,3.2,1474.0,1173.0,854.0,1776.0,1432.0,20.4,36.7,0.8704,True,False,False
149,2004-03-16 21:00:00,5.1,1800.0,1426.0,700.0,2106.0,2034.0,19.0,41.3,0.9007,True,False,False
150,2004-03-16 22:00:00,2.6,1379.0,1101.0,818.0,1710.0,1602.0,17.9,45.9,0.9342,True,False,False
151,2004-03-16 23:00:00,1.7,1201.0,943.0,935.0,1560.0,1362.0,16.7,48.9,0.9226,True,False,False
152,2004-03-17 00:00:00,1.7,1205.0,925.0,922.0,1547.0,1314.0,15.5,52.9,0.9271,True,False,False
153,2004-03-17 01:00:00,1.2,1072.0,784.0,1066.0,1442.0,1114.0,15.5,51.9,0.9059,True,False,False
154,2004-03-17 02:00:00,0.9,998.0,714.0,1169.0,1383.0,992.0,14.1,55.6,0.891,True,False,False
155,2004-03-17 03:00:00,0.7,933.0,625.0,1292.0,1332.0,884.0,13.1,57.9,0.8666,True,False,False
156,2004-03-17 04:00:00,,883.0,577.0,1396.0,1303.0,808.0,12.7,57.9,0.8447,False,True,False
157,2004-03-17 05:00:00,0.5,869.0,554.0,1460.0,1268.0,667.0,11.8,58.0,0.8026,True,False,False
158,2004-03-17 06:00:00,0.5,891.0,576.0,1417.0,1289.0,733.0,11.9,57.4,0.7978,True,False,False
159,2004-03-17 07:00:00,1.6,1173.0,878.0,1038.0,1556.0,1052.0,9.9,65.2,0.7956,True,False,False
160,2004-03-17 08:00:00,4.1,1587.0,1334.0,702.0,1999.0,1534.0,11.1,60.2,0.7958,True,False,False
161,2004-03-17 09:00:00,6.6,1852.0,1696.0,553.0,2535.0,1931.0,14.1,50.0,0.802,True,False,False
162,2004-03-17 10:00:00,4.3,1522.0,1331.0,703.0,2026.0,1734.0,17.7,40.1,0.8048,True,False,False
163,2004-03-17 11:00:00,2.9,1438.0,1161.0,819.0,1782.0,1595.0,21.1,33.4,0.8265,True,False,False
164,2004-03-17 12:00:00,2.5,1393.0,1067.0,905.0,1654.0,1490.0,24.3,28.3,0.8471,True,False,False
165,2004-03-17 13:00:00,2.8,1452.0,1152.0,861.0,1747.0,1508.0,25.6,25.6,0.8254,True,False,False
166,2004-03-17 14:00:00,2.6,1389.0,1108.0,887.0,1712.0,1334.0,25.9,25.9,0.8503,True,False,False
167,2004-03-17 15:00:00,2.0,1207.0,994.0,1013.0,1520.0,1045.0,26.8,18.7,0.65,True,False,False
168,2004-03-17 16:00:00,2.9,1365.0,1154.0,940.0,1679.0,1221.0,29.3,15.8,0.6309,True,False,False
169,2004-03-17 17:00:00,2.5,1247.0,1060.0,1032.0,1525.0,1069.0,28.5,14.9,0.5708,True,False,False
170,2004-03-17 18:00:00,5.0,1557.0,1478.0,793.0,1981.0,1569.0,25.9,16.0,0.5237,True,False,False
171,2004-03-17 19:00:00,7.6,1973.0,1737.0,617.0,2414.0,2306.0,23.1,26.5,0.7403,True,False,False
172,2004-03-17 20:00:00,6.7,1975.0,1667.0,597.0,2416.0,2359.0,20.5,38.2,0.9133,True,False,False
173,2004-03-17 21:00:00,5.7,1795.0,1485.0,653.0,2174.0,2050.0,19.1,42.6,0.9294,True,False,False
174,2004-03-17 22:00:00,2.8,1444.0,1150.0,770.0,1727.0,1727.0,17.2,44.1,0.8558,True,False,False
175,2004-03-17 23:00:00,2.6,1488.0,1171.0,731.0,1778.0,1705.0,16.0,50.9,0.9206,True,False,False
176,2004-03-18 00:00:00,2.3,1371.0,1083.0,796.0,1669.0,1551.0,14.8,53.9,0.9024,True,False,False
177,2004-03-18 01:00:00,1.4,1161.0,904.0,947.0,1502.0,1240.0,14.3,55.4,0.8975,True,False,False
178,2004-03-18 02:00:00,1.0,1064.0,787.0,1057.0,1407.0,1115.0,14.8,52.1,0.8686,True,False,False
179,2004-03-18 03:00:00,0.7,970.0,687.0,1196.0,1351.0,969.0,13.9,53.9,0.8501,True,False,False
180,2004-03-18 04:00:00,,954.0,645.0,1260.0,1334.0,925.0,11.6,61.9,0.8442,False,True,False
181,2004-03-18 05:00:00,0.6,931.0,623.0,1293.0,1307.0,828.0,12.0,58.9,0.8233,True,False,False
182,2004-03-18 06:00:00,0.7,938.0,650.0,1251.0,1333.0,893.0,10.9,62.1,0.8113,True,False,False
183,2004-03-18 07:00:00,1.5,1166.0,885.0,1005.0,1551.0,1075.0,10.6,63.3,0.8067,True,False,False
184,2004-03-18 08:00:00,4.7,1643.0,1384.0,667.0,2094.0,1610.0,11.5,60.0,0.8117,True,False,False
185,2004-03-18 09:00:00,6.6,1934.0,1682.0,541.0,2468.0,2051.0,14.3,50.6,0.8186,True,False,False
186,2004-03-18 10:00:00,4.5,1617.0,1333.0,686.0,2010.0,1819.0,17.8,40.5,0.821,True,False,False
187,2004-03-18 11:00:00,2.8,1473.0,1127.0,831.0,1752.0,1568.0,20.8,34.4,0.8365,True,False,False
188,2004-03-18 12:00:00,2.2,1379.0,1068.0,899.0,1663.0,1374.0,23.8,28.2,0.8219,True,False,False
189,2004-03-18 13:00:00,2.2,1385.0,1056.0,891.0,1648.0,1268.0,24.2,28.7,0.8515,True,False,False
190,2004-03-18 14:00:00,2.3,1379.0,1087.0,901.0,1660.0,1144.0,25.2,24.9,0.7829,True,False,False
191,2004-03-18 15:00:00,2.2,1322.0,1129.0,934.0,1639.0,1109.0,27.0,17.8,0.6275,True,False,False
192,2004-03-18 16:00:00,2.8,1496.0,1205.0,822.0,1767.0,1347.0,27.1,23.1,0.818,True,False,False
193,2004-03-18 17:00:00,2.7,1409.0,1131.0,873.0,1689.0,1206.0,25.8,23.9,0.7832,True,False,False
194,2004-03-18 18:00:00,3.7,1513.0,1338.0,764.0,1957.0,1397.0,23.0,26.8,0.7446,True,False,False
195,2004-03-18 19:00:00,5.1,1667.0,1464.0,683.0,2118.0,1588.0,20.7,31.1,0.7523,True,False,False
196,2004-03-18 20:00:00,5.1,1667.0,1453.0,684.0,2051.0,1569.0,18.6,36.2,0.7676,True,False,False
197,2004-03-18 21:00:00,3.2,1430.0,1121.0,814.0,1732.0,1322.0,16.0,48.4,0.8768,True,False,False
198,2004-03-18 22:00:00,2.1,1333.0,989.0,885.0,1621.0,1194.0,14.5,57.8,0.9456,True,False,False
199,2004-03-18 23:00:00,1.7,1262.0,911.0,948.0,1545.0,1062.0,13.1,64.2,0.9606,True,False,False
200,2004-03-19 00:00:00,2.0,1287.0,936.0,918.0,1606.0,1040.0,12.0,69.7,0.9735,True,False,False
201,2004-03-19 01:00:00,1.6,1134.0,840.0,1021.0,1501.0,917.0,11.9,71.1,0.9915,True,False,False
202,2004-03-19 02:00:00,0.9,999.0,688.0,1229.0,1380.0,594.0,12.5,69.3,1.0029,True,False,False
203,2004-03-19 03:00:00,0.7,961.0,622.0,1382.0,1301.0,430.0,12.5,67.5,0.9768,True,False,False
204,2004-03-19 04:00:00,,934.0,569.0,1440.0,1280.0,397.0,12.3,67.7,0.9665,False,True,False
205,2004-03-19 05:00:00,0.5,913.0,525.0,1620.0,1260.0,370.0,12.5,66.8,0.962,True,False,False
206,2004-03-19 06:00:00,0.7,969.0,607.0,1373.0,1324.0,438.0,12.3,66.3,0.9487,True,False,False
207,2004-03-19 07:00:00,1.5,1182.0,845.0,1054.0,1539.0,704.0,12.4,64.9,0.9332,True,False,False
208,2004-03-19 08:00:00,4.8,1740.0,1372.0,671.0,2144.0,1476.0,13.0,61.6,0.9209,True,False,False
209,2004-03-19 09:00:00,6.2,1819.0,1582.0,575.0,2456.0,1716.0,13.6,58.8,0.912,True,False,False
210,2004-03-19 10:00:00,4.0,1427.0,1275.0,701.0,1980.0,1398.0,13.9,57.1,0.9032,True,False,False
211,2004-03-19 11:00:00,3.3,1390.0,1191.0,759.0,1879.0,1268.0,14.5,54.4,0.8917,True,False,False
212,2004-03-19 12:00:00,2.8,1283.0,1117.0,813.0,1751.0,1188.0,15.5,50.1,0.8744,True,False,False
213,2004-03-19 13:00:00,3.0,1304.0,1157.0,793.0,1801.0,1171.0,16.1,47.6,0.8655,True,False,False
214,2004-03-19 14:00:00,3.3,1364.0,1202.0,771.0,1875.0,1250.0,16.3,47.1,0.864,True,False,False
215,2004-03-19 15:00:00,3.5,1410.0,1268.0,724.0,1957.0,1344.0,16.4,47.5,0.8791,True,False,False
216,2004-03-19 16:00:00,4.0,1476.0,1280.0,708.0,1955.0,1378.0,16.1,50.2,0.9094,True,False,False
217,2004-03-19 17:00:00,4.6,1522.0,1320.0,690.0,2005.0,1435.0,16.0,50.7,0.9142,True,False,False
218,2004-03-19 18:00:00,4.1,1442.0,1301.0,704.0,1952.0,1372.0,15.8,50.3,0.8989,True,False,False
219,2004-03-19 19:00:00,4.5,1469.0,1344.0,677.0,1997.0,1471.0,15.5,50.6,0.884,True,False,False
220,2004-03-19 20:00:00,3.9,1467.0,1292.0,698.0,1942.0,1439.0,15.4,51.4,0.8956,True,False,False
221,2004-03-19 21:00:00,4.0,1421.0,1202.0,748.0,1854.0,1429.0,15.2,53.1,0.9117,True,False,False
222,2004-03-19 22:00:00,2.2,1175.0,945.0,904.0,1604.0,1081.0,14.7,57.6,0.9573,True,False,False
223,2004-03-19 23:00:00,2.1,1215.0,912.0,948.0,1547.0,993.0,14.2,58.3,0.938,True,False,False
224,2004-03-20 00:00:00,1.7,1127.0,802.0,1064.0,1447.0,837.0,13.8,57.9,0.9085,True,False,False
225,2004-03-20 01:00:00,1.6,1090.0,773.0,1105.0,1429.0,761.0,13.9,55.9,0.8842,True,False,False
226,2004-03-20 02:00:00,1.3,1017.0,718.0,1182.0,1382.0,650.0,13.9,55.6,0.8765,True,False,False
227,2004-03-20 03:00:00,1.3,997.0,677.0,1252.0,1359.0,591.0,13.8,55.1,0.8666,True,False,False
228,2004-03-20 04:00:00,,945.0,646.0,1308.0,1332.0,505.0,13.8,54.6,0.8574,False,True,False
229,2004-03-20 05:00:00,0.8,956.0,661.0,1260.0,1351.0,518.0,13.6,55.1,0.856,True,False,False
230,2004-03-20 06:00:00,0.8,966.0,622.0,1317.0,1342.0,571.0,13.6,59.0,0.9129,True,False,False
231,2004-03-20 07:00:00,1.1,1064.0,728.0,1161.0,1461.0,842.0,13.5,58.4,0.896,True,False,False
232,2004-03-20 08:00:00,2.1,1300.0,935.0,902.0,1623.0,1145.0,13.8,58.0,0.9083,True,False,False
233,2004-03-20 09:00:00,2.4,1348.0,998.0,834.0,1689.0,1218.0,14.6,53.1,0.8765,True,False,False
234,2004-03-20 10:00:00,2.6,1425.0,1068.0,776.0,1764.0,1341.0,15.0,52.3,0.8881,True,False,False
235,2004-03-20 11:00:00,2.8,1474.0,1061.0,768.0,1768.0,1406.0,15.4,52.1,0.9046,True,False,False
236,2004-03-20 12:00:00,2.6,1490.0,1039.0,782.0,1757.0,1422.0,16.3,50.0,0.9158,True,False,False
237,2004-03-20 13:00:00,2.6,1495.0,1040.0,809.0,1735.0,1373.0,17.1,47.9,0.9281,True,False,False
238,2004-03-20 14:00:00,2.1,1376.0,953.0,900.0,1636.0,1153.0,19.0,42.9,0.937,True,False,False
239,2004-03-20 15:00:00,1.7,1305.0,884.0,980.0,1573.0,927.0,19.5,42.3,0.9476,True,False,False
240,2004-03-20 16:00:00,1.6,1283.0,844.0,1036.0,1539.0,766.0,19.5,42.3,0.9493,True,False,False
241,2004-03-20 17:00:00,2.1,1392.0,967.0,930.0,1649.0,941.0,19.1,43.8,0.9556,True,False,False
242,2004-03-20 18:00:00,2.3,1452.0,1063.0,856.0,1774.0,1146.0,18.5,46.3,0.9744,True,False,False
243,2004-03-20 19:00:00,3.5,1633.0,1199.0,734.0,1919.0,1417.0,17.4,51.6,1.0159,True,False,False
244,2004-03-20 20:00:00,3.9,1625.0,1191.0,733.0,1885.0,1442.0,17.1,51.3,0.9914,True,False,False
245,2004-03-20 21:00:00,3.3,1535.0,1108.0,785.0,1820.0,1323.0,16.4,53.8,0.9964,True,False,False
246,2004-03-20 22:00:00,2.3,1323.0,973.0,864.0,1712.0,1125.0,16.2,55.4,1.0132,True,False,False
247,2004-03-20 23:00:00,2.1,1309.0,937.0,905.0,1672.0,1036.0,15.9,57.7,1.0356,True,False,False
248,2004-03-21 00:00:00,2.8,1456.0,999.0,835.0,1714.0,1202.0,15.7,58.6,1.0396,True,False,False
249,2004-03-21 01:00:00,2.1,1300.0,872.0,941.0,1577.0,1054.0,15.1,60.9,1.0398,True,False,False
250,2004-03-21 02:00:00,1.6,1203.0,823.0,1004.0,1526.0,903.0,15.6,56.6,0.9951,True,False,False
251,2004-03-21 03:00:00,1.6,1195.0,836.0,987.0,1554.0,885.0,15.2,57.9,0.9941,True,False,False
252,2004-03-21 04:00:00,,1117.0,802.0,1029.0,1539.0,818.0,15.4,57.8,1.0021,False,True,False
253,2004-03-21 05:00:00,1.1,1062.0,711.0,1136.0,1461.0,700.0,14.9,60.6,1.0196,True,False,False
254,2004-03-21 06:00:00,0.7,947.0,594.0,1300.0,1390.0,580.0,14.5,63.0,1.0316,True,False,False
255,2004-03-21 07:00:00,0.8,1065.0,687.0,1143.0,1492.0,815.0,14.2,66.2,1.063,True,False,False
256,2004-03-21 08:00:00,1.2,1155.0,734.0,1062.0,1528.0,1035.0,14.5,65.3,1.0704,True,False,False
257,2004-03-21 09:00:00,1.4,1220.0,782.0,996.0,1560.0,1067.0,15.3,62.1,1.073,True,False,False
258,2004-03-21 10:00:00,1.7,1301.0,862.0,914.0,1633.0,1114.0,16.3,59.0,1.0868,True,False,False
259,2004-03-21 11:00:00,1.8,1279.0,870.0,911.0,1646.0,1000.0,18.9,49.6,1.07,True,False,False
260,2004-03-21 12:00:00,1.8,1267.0,883.0,953.0,1617.0,906.0,19.4,46.1,1.0249,True,False,False
261,2004-03-21 13:00:00,1.9,1239.0,848.0,981.0,1568.0,822.0,20.8,41.6,1.0091,True,False,False
262,2004-03-21 14:00:00,1.3,1128.0,742.0,1144.0,1507.0,610.0,21.4,40.3,1.0126,True,False,False
263,2004-03-21 15:00:00,1.6,1243.0,916.0,962.0,1669.0,657.0,21.2,39.3,0.9791,True,False,False
264,2004-03-21 16:00:00,1.9,1208.0,853.0,1060.0,1506.0,647.0,20.3,38.0,0.8942,True,False,False
265,2004-03-21 17:00:00,2.3,1306.0,938.0,961.0,1607.0,762.0,19.4,41.3,0.9206,True,False,False
266,2004-03-21 18:00:00,3.8,1546.0,1151.0,769.0,1874.0,1122.0,18.5,43.8,0.9252,True,False,False
267,2004-03-21 19:00:00,3.5,1501.0,1071.0,823.0,1744.0,1130.0,17.8,48.1,0.9689,True,False,False
268,2004-03-21 20:00:00,4.3,1605.0,1153.0,769.0,1840.0,1637.0,17.9,46.9,0.952,True,False,False
269,2004-03-21 21:00:00,2.8,1316.0,974.0,883.0,1673.0,1272.0,17.4,49.1,0.9688,True,False,False
270,2004-03-21 22:00:00,1.9,1195.0,898.0,933.0,1594.0,1098.0,17.0,51.7,0.9914,True,False,False
271,2004-03-21 23:00:00,1.9,1211.0,896.0,920.0,1624.0,1066.0,16.4,55.1,1.0198,True,False,False
272,2004-03-22 00:00:00,1.7,1161.0,815.0,995.0,1582.0,909.0,16.1,60.0,1.0919,True,False,False
273,2004-03-22 01:00:00,1.5,1095.0,767.0,1050.0,1547.0,818.0,15.8,60.5,1.0805,True,False,False
274,2004-03-22 02:00:00,0.6,897.0,563.0,1417.0,1355.0,472.0,16.3,57.0,1.0491,True,False,False
275,2004-03-22 03:00:00,0.4,842.0,468.0,1813.0,1274.0,394.0,16.9,53.9,1.0309,True,False,False
276,2004-03-22 04:00:00,,854.0,481.0,1756.0,1304.0,396.0,16.1,55.9,1.0153,False,True,False
277,2004-03-22 05:00:00,0.3,845.0,472.0,1786.0,1278.0,378.0,16.5,53.9,1.0049,True,False,False
278,2004-03-22 06:00:00,0.6,942.0,586.0,1480.0,1373.0,432.0,16.4,54.0,0.9979,True,False,False
279,2004-03-22 07:00:00,1.2,1090.0,768.0,1072.0,1538.0,699.0,15.7,57.6,1.0195,True,False,False
280,2004-03-22 08:00:00,3.6,1514.0,1230.0,732.0,1996.0,1252.0,15.8,53.7,0.9571,True,False,False
281,2004-03-22 09:00:00,3.7,1379.0,1252.0,711.0,1962.0,1237.0,17.4,42.1,0.8281,True,False,False
282,2004-03-22 10:00:00,1.8,1074.0,854.0,1032.0,1484.0,772.0,17.9,38.4,0.7793,True,False,False
283,2004-03-22 11:00:00,1.6,1090.0,868.0,1026.0,1509.0,766.0,18.5,36.7,0.7764,True,False,False
284,2004-03-22 12:00:00,1.9,1110.0,964.0,947.0,1577.0,829.0,21.0,29.6,0.7263,True,False,False
285,2004-03-22 13:00:00,2.0,1102.0,994.0,955.0,1599.0,783.0,21.3,28.1,0.7067,True,False,False
286,2004-03-22 14:00:00,2.2,1100.0,1021.0,952.0,1607.0,822.0,21.3,26.1,0.6539,True,False,False
287,2004-03-22 15:00:00,2.1,1094.0,1003.0,965.0,1574.0,813.0,21.3,26.8,0.6681,True,False,False
288,2004-03-22 16:00:00,2.3,1076.0,1034.0,964.0,1544.0,813.0,21.3,24.2,0.606,True,False,False
289,2004-03-22 17:00:00,2.6,1152.0,1062.0,928.0,1606.0,850.0,20.2,28.5,0.6682,True,False,False
290,2004-03-22 18:00:00,3.8,1407.0,1249.0,720.0,1932.0,1276.0,17.0,43.1,0.8264,True,False,False
291,2004-03-22 19:00:00,4.4,1438.0,1325.0,678.0,1993.0,1401.0,15.6,47.4,0.8347,True,False,False
292,2004-03-22 20:00:00,4.5,1425.0,1325.0,678.0,1965.0,1356.0,15.3,47.4,0.8178,True,False,False
293,2004-03-22 21:00:00,3.3,1279.0,1131.0,775.0,1758.0,1243.0,14.5,49.7,0.8177,True,False,False
294,2004-03-22 22:00:00,2.0,1132.0,916.0,920.0,1561.0,1083.0,13.9,52.0,0.8231,True,False,False
295,2004-03-22 23:00:00,1.1,1006.0,729.0,1142.0,1370.0,795.0,14.5,49.4,0.8106,True,False,False
296,2004-03-23 00:00:00,0.9,982.0,700.0,1204.0,1359.0,735.0,13.8,51.4,0.8071,True,False,False
297,2004-03-23 01:00:00,0.8,969.0,636.0,1271.0,1309.0,684.0,14.0,51.3,0.8163,True,False,False
298,2004-03-23 02:00:00,0.7,941.0,621.0,1298.0,1330.0,714.0,13.0,56.8,0.8444,True,False,False
299,2004-03-23 03:00:00,0.5,892.0,522.0,1522.0,1285.0,456.0,11.0,70.0,0.9215,True,False,False
300,2004-03-23 04:00:00,,855.0,478.0,1701.0,1261.0,401.0,10.1,76.8,0.9483,False,True,False
301,2004-03-23 05:00:00,0.3,834.0,459.0,1908.0,1212.0,361.0,8.8,80.5,0.9147,True,False,False
302,2004-03-23 06:00:00,0.5,909.0,567.0,1542.0,1287.0,418.0,9.6,75.4,0.9004,True,False,False
303,2004-03-23 07:00:00,1.1,1061.0,745.0,1178.0,1429.0,616.0,9.8,75.0,0.9093,True,False,False
304,2004-03-23 08:00:00,3.0,1441.0,1124.0,851.0,1829.0,1089.0,10.0,74.2,0.9117,True,False,False
305,2004-03-23 09:00:00,3.8,1498.0,1325.0,684.0,2095.0,1329.0,11.2,69.7,0.9232,True,False,False
306,2004-03-23 10:00:00,3.4,1343.0,1185.0,760.0,1857.0,1311.0,12.0,62.9,0.8803,True,False,False
307,2004-03-23 11:00:00,3.0,1308.0,1166.0,792.0,1794.0,1236.0,12.8,55.8,0.821,True,False,False
308,2004-03-23 12:00:00,2.7,1209.0,1097.0,837.0,1746.0,1147.0,13.1,54.8,0.8234,True,False,False
309,2004-03-23 13:00:00,3.5,1310.0,1207.0,770.0,1847.0,1301.0,13.8,53.4,0.8351,True,False,False
310,2004-03-23 14:00:00,2.8,1171.0,1064.0,881.0,1639.0,1097.0,16.0,42.4,0.7674,True,False,False
311,2004-03-23 15:00:00,1.9,1112.0,980.0,924.0,1589.0,900.0,14.1,49.8,0.7971,True,False,False
312,2004-03-23 16:00:00,2.0,1132.0,927.0,944.0,1570.0,781.0,12.0,61.1,0.8537,True,False,False
313,2004-03-23 17:00:00,3.0,1225.0,1111.0,818.0,1719.0,1013.0,13.6,54.6,0.8465,True,False,False
314,2004-03-23 18:00:00,1.9,1065.0,953.0,962.0,1514.0,790.0,13.7,49.5,0.7695,True,False,False
315,2004-03-23 19:00:00,2.7,1236.0,1084.0,854.0,1688.0,1059.0,11.7,57.1,0.7822,True,False,False
316,2004-03-23 20:00:00,3.3,1309.0,1126.0,812.0,1722.0,1205.0,11.5,58.2,0.7867,True,False,False
317,2004-03-23 21:00:00,1.7,1089.0,884.0,1006.0,1487.0,975.0,12.6,54.2,0.7881,True,False,False
318,2004-03-23 22:00:00,1.3,1000.0,776.0,1141.0,1375.0,896.0,12.0,54.9,0.7664,True,False,False
319,2004-03-23 23:00:00,1.3,1041.0,782.0,1105.0,1425.0,911.0,11.0,61.4,0.8057,True,False,False
320,2004-03-24 00:00:00,1.2,1045.0,756.0,1137.0,1411.0,902.0,11.1,62.2,0.8199,True,False,False
321,2004-03-24 01:00:00,1.1,997.0,744.0,1151.0,1405.0,832.0,10.8,62.5,0.8082,True,False,False
322,2004-03-24 02:00:00,0.9,948.0,634.0,1320.0,1326.0,715.0,11.3,60.0,0.8025,True,False,False
323,2004-03-24 03:00:00,0.6,878.0,551.0,1493.0,1272.0,683.0,10.6,61.6,0.7856,True,False,False
324,2004-03-24 04:00:00,,908.0,559.0,1477.0,1287.0,721.0,10.2,62.7,0.7813,False,True,False
325,2004-03-24 05:00:00,0.6,892.0,522.0,1572.0,1255.0,648.0,10.9,58.6,0.7628,True,False,False
326,2004-03-24 06:00:00,0.8,954.0,561.0,1496.0,1255.0,612.0,10.8,57.2,0.7382,True,False,False
327,2004-03-24 07:00:00,1.2,1045.0,751.0,1186.0,1403.0,800.0,10.4,59.2,0.7455,True,False,False
328,2004-03-24 08:00:00,3.1,1383.0,1109.0,832.0,1706.0,1173.0,11.0,57.3,0.7501,True,False,False
329,2004-03-24 09:00:00,4.4,1597.0,1395.0,652.0,2080.0,1519.0,11.2,56.9,0.7565,True,False,False
330,2004-03-24 10:00:00,3.4,1318.0,1124.0,762.0,1770.0,1287.0,12.1,54.9,0.7734,True,False,False
331,2004-03-24 11:00:00,1.7,1138.0,898.0,950.0,1505.0,966.0,15.1,44.3,0.7535,True,False,False
332,2004-03-24 12:00:00,1.5,1098.0,842.0,1012.0,1440.0,828.0,15.6,40.6,0.7146,True,False,False
333,2004-03-24 13:00:00,1.7,1118.0,927.0,959.0,1477.0,825.0,16.9,34.6,0.6597,True,False,False
334,2004-03-24 14:00:00,2.2,1170.0,1009.0,879.0,1566.0,872.0,16.6,35.6,0.6697,True,False,False
335,2004-03-24 15:00:00,,1112.0,842.0,1015.0,1494.0,680.0,11.3,63.9,0.8554,False,True,False
336,2004-03-24 16:00:00,2.7,1390.0,1028.0,829.0,1730.0,1002.0,9.6,81.1,0.972,True,False,False
337,2004-03-24 17:00:00,2.8,1353.0,1096.0,774.0,1783.0,1159.0,11.7,69.1,0.9497,True,False,False
338,2004-03-24 18:00:00,2.7,1260.0,1050.0,828.0,1722.0,979.0,10.7,68.5,0.8794,True,False,False
339,2004-03-24 19:00:00,4.5,1501.0,1302.0,681.0,2008.0,1311.0,10.7,67.3,0.8643,True,False,False
340,2004-03-24 20:00:00,3.5,1273.0,1130.0,795.0,1744.0,1071.0,10.8,65.7,0.8486,True,False,False
341,2004-03-24 21:00:00,2.6,1179.0,955.0,928.0,1571.0,899.0,10.3,66.3,0.8336,True,False,False
342,2004-03-24 22:00:00,1.7,1047.0,809.0,1064.0,1435.0,766.0,10.1,66.9,0.8248,True,False,False
343,2004-03-24 23:00:00,1.3,973.0,739.0,1186.0,1354.0,589.0,10.4,61.1,0.7717,True,False,False
344,2004-03-25 00:00:00,1.3,997.0,737.0,1168.0,1341.0,631.0,10.3,59.9,0.7516,True,False,False
345,2004-03-25 01:00:00,1.0,970.0,621.0,1400.0,1249.0,479.0,11.0,58.4,0.7686,True,False,False
346,2004-03-25 02:00:00,0.7,902.0,568.0,1450.0,1253.0,479.0,9.1,68.1,0.789,True,False,False
347,2004-03-25 03:00:00,0.7,921.0,538.0,1564.0,1224.0,417.0,9.5,68.2,0.8091,True,False,False
348,2004-03-25 04:00:00,0.5,858.0,490.0,1707.0,1212.0,378.0,9.3,72.3,0.8496,True,False,False
349,2004-03-25 05:00:00,0.5,878.0,457.0,1935.0,1158.0,344.0,9.9,66.8,0.8152,True,False,False
350,2004-03-25 06:00:00,0.6,893.0,540.0,1604.0,1268.0,413.0,7.6,83.2,0.8695,True,False,False
351,2004-03-25 07:00:00,1.1,1038.0,697.0,1260.0,1383.0,605.0,8.1,79.0,0.8544,True,False,False
352,2004-03-25 08:00:00,2.7,1320.0,1035.0,902.0,1721.0,991.0,8.7,74.6,0.8429,True,False,False
353,2004-03-25 09:00:00,3.5,1353.0,1235.0,740.0,1937.0,1175.0,8.6,75.1,0.8415,True,False,False
354,2004-03-25 10:00:00,2.3,1133.0,933.0,969.0,1552.0,923.0,9.7,69.7,0.8389,True,False,False
355,2004-03-25 11:00:00,1.6,1066.0,849.0,1039.0,1468.0,829.0,11.0,64.4,0.8447,True,False,False
356,2004-03-25 12:00:00,1.3,1027.0,809.0,1081.0,1442.0,733.0,13.6,53.0,0.8209,True,False,False
357,2004-03-25 13:00:00,2.0,1106.0,935.0,958.0,1570.0,819.0,14.2,48.4,0.778,True,False,False
358,2004-03-25 14:00:00,1.9,1038.0,907.0,976.0,1492.0,723.0,14.2,46.3,0.7438,True,False,False
359,2004-03-25 15:00:00,1.9,1084.0,924.0,986.0,1501.0,786.0,16.0,41.3,0.7462,True,False,False
360,2004-03-25 16:00:00,2.2,1105.0,982.0,939.0,1545.0,850.0,17.7,35.4,0.7094,True,False,False
361,2004-03-25 17:00:00,2.0,1102.0,957.0,968.0,1527.0,820.0,17.1,37.4,0.7225,True,False,False
362,2004-03-25 18:00:00,2.9,1240.0,1137.0,836.0,1748.0,991.0,14.9,40.5,0.6835,True,False,False
363,2004-03-25 19:00:00,5.2,1443.0,1418.0,666.0,2060.0,1454.0,13.4,47.8,0.7293,True,False,False
364,2004-03-25 20:00:00,4.6,1389.0,1341.0,692.0,1982.0,1488.0,12.6,52.5,0.7642,True,False,False
365,2004-03-25 21:00:00,2.5,1183.0,989.0,904.0,1539.0,1205.0,12.2,53.2,0.7555,True,False,False
366,2004-03-25 22:00:00,1.5,1014.0,798.0,1083.0,1376.0,909.0,10.6,56.1,0.714,True,False,False
367,2004-03-25 23:00:00,1.2,979.0,736.0,1154.0,1324.0,769.0,9.9,59.5,0.7276,True,False,False
368,2004-03-26 00:00:00,1.7,1048.0,787.0,1098.0,1373.0,835.0,9.6,61.1,0.7323,True,False,False
369,2004-03-26 01:00:00,1.4,1024.0,753.0,1131.0,1357.0,793.0,9.7,61.6,0.7425,True,False,False
370,2004-03-26 02:00:00,1.2,974.0,690.0,1208.0,1313.0,733.0,9.4,62.6,0.7398,True,False,False
371,2004-03-26 03:00:00,0.6,862.0,561.0,1449.0,1219.0,502.0,8.2,68.5,0.7455,True,False,False
372,2004-03-26 04:00:00,0.7,925.0,602.0,1398.0,1263.0,562.0,8.0,69.4,0.7459,True,False,False
373,2004-03-26 05:00:00,0.8,952.0,654.0,1210.0,1312.0,832.0,7.7,72.4,0.7655,True,False,False
374,2004-03-26 06:00:00,0.9,1005.0,713.0,1130.0,1363.0,924.0,8.0,71.8,0.7711,True,False,False
375,2004-03-26 07:00:00,1.6,1122.0,842.0,1015.0,1438.0,974.0,8.5,66.3,0.7375,True,False,False
376,2004-03-26 08:00:00,3.4,1351.0,1201.0,783.0,1828.0,1307.0,9.8,59.6,0.7214,True,False,False
377,2004-03-26 09:00:00,3.8,1408.0,1278.0,682.0,1928.0,1481.0,11.2,57.0,0.7544,True,False,False
378,2004-03-26 10:00:00,3.1,1304.0,1142.0,772.0,1747.0,1405.0,14.8,44.1,0.7407,True,False,False
379,2004-03-26 11:00:00,2.7,1207.0,1098.0,826.0,1664.0,1195.0,16.8,35.3,0.6729,True,False,False
380,2004-03-26 12:00:00,2.0,1099.0,1014.0,948.0,1503.0,868.0,19.2,27.1,0.5976,True,False,False
381,2004-03-26 13:00:00,2.3,1106.0,1068.0,915.0,1535.0,874.0,19.1,26.2,0.5741,True,False,False
382,2004-03-26 14:00:00,1.9,1009.0,916.0,1015.0,1391.0,738.0,16.3,30.8,0.5683,True,False,False
383,2004-03-26 15:00:00,1.3,962.0,776.0,1152.0,1279.0,550.0,14.2,36.8,0.5922,True,False,False
384,2004-03-26 16:00:00,1.9,1093.0,933.0,976.0,1454.0,777.0,13.4,41.0,0.6292,True,False,False
385,2004-03-26 17:00:00,2.3,1180.0,1023.0,886.0,1588.0,966.0,14.2,43.3,0.6982,True,False,False
386,2004-03-26 18:00:00,2.4,1168.0,1037.0,868.0,1580.0,990.0,12.1,45.6,0.6403,True,False,False
387,2004-03-26 19:00:00,2.7,1168.0,1063.0,876.0,1540.0,944.0,10.4,48.0,0.6046,True,False,False
388,2004-03-26 20:00:00,2.6,1140.0,1000.0,916.0,1490.0,962.0,10.0,51.1,0.628,True,False,False
389,2004-03-26 21:00:00,1.5,1001.0,811.0,1097.0,1308.0,778.0,9.8,50.8,0.6172,True,False,False
390,2004-03-26 22:00:00,1.2,953.0,743.0,1185.0,1252.0,690.0,9.7,50.4,0.6063,True,False,False
391,2004-03-26 23:00:00,1.1,972.0,715.0,1237.0,1258.0,644.0,9.9,50.2,0.6103,True,False,False
392,2004-03-27 00:00:00,1.5,1021.0,776.0,1144.0,1307.0,753.0,9.4,53.4,0.63,True,False,False
393,2004-03-27 01:00:00,1.0,940.0,664.0,1290.0,1232.0,646.0,8.6,57.8,0.6488,True,False,False
394,2004-03-27 02:00:00,1.2,1046.0,736.0,1142.0,1312.0,838.0,8.1,62.1,0.6746,True,False,False
395,2004-03-27 03:00:00,1.1,1026.0,699.0,1191.0,1292.0,851.0,7.9,63.5,0.6777,True,False,False
396,2004-03-27 04:00:00,,983.0,698.0,1209.0,1296.0,801.0,7.4,64.8,0.6683,False,True,False
397,2004-03-27 05:00:00,0.8,915.0,578.0,1417.0,1212.0,665.0,8.2,58.9,0.6444,True,False,False
398,2004-03-27 06:00:00,0.9,935.0,615.0,1373.0,1250.0,717.0,6.3,66.6,0.641,True,False,False
399,2004-03-27 07:00:00,1.1,976.0,669.0,1270.0,1266.0,795.0,7.2,62.9,0.6396,True,False,False
400,2004-03-27 08:00:00,1.5,1124.0,842.0,1050.0,1418.0,936.0,7.2,63.9,0.65,True,False,False
401,2004-03-27 09:00:00,1.8,1163.0,919.0,922.0,1530.0,1076.0,11.1,50.5,0.6654,True,False,False
402,2004-03-27 10:00:00,2.1,1167.0,966.0,942.0,1520.0,1016.0,15.5,36.1,0.6313,True,False,False
403,2004-03-27 11:00:00,2.1,1121.0,955.0,992.0,1451.0,834.0,17.8,29.2,0.592,True,False,False
404,2004-03-27 12:00:00,1.9,1071.0,940.0,994.0,1449.0,756.0,17.6,30.1,0.6013,True,False,False
405,2004-03-27 13:00:00,2.1,1065.0,979.0,950.0,1467.0,766.0,19.1,26.8,0.5861,True,False,False
406,2004-03-27 14:00:00,2.5,1157.0,1072.0,888.0,1596.0,905.0,17.7,28.6,0.5735,True,False,False
407,2004-03-27 15:00:00,1.9,1046.0,883.0,1051.0,1357.0,765.0,17.8,28.4,0.5737,True,False,False
408,2004-03-27 16:00:00,2.2,1147.0,1042.0,934.0,1538.0,830.0,18.7,26.0,0.5555,True,False,False
409,2004-03-27 17:00:00,2.3,1119.0,1022.0,916.0,1508.0,853.0,17.1,31.3,0.6038,True,False,False
410,2004-03-27 18:00:00,2.7,1210.0,1062.0,886.0,1586.0,981.0,15.8,36.1,0.644,True,False,False
411,2004-03-27 19:00:00,3.0,1306.0,1079.0,827.0,1621.0,1286.0,14.7,40.1,0.6657,True,False,False
412,2004-03-27 20:00:00,2.8,1258.0,1057.0,841.0,1633.0,1244.0,13.6,44.9,0.6991,True,False,False
413,2004-03-27 21:00:00,2.2,1148.0,930.0,948.0,1475.0,1056.0,12.5,48.1,0.6946,True,False,False
414,2004-03-27 22:00:00,1.6,1108.0,848.0,1023.0,1421.0,1003.0,11.8,50.8,0.7042,True,False,False
415,2004-03-27 23:00:00,2.1,1231.0,924.0,906.0,1483.0,1245.0,10.9,56.1,0.7326,True,False,False
416,2004-03-28 00:00:00,2.3,1293.0,937.0,930.0,1464.0,1200.0,10.9,55.9,0.7277,True,False,False
417,2004-03-28 01:00:00,2.3,1274.0,912.0,939.0,1451.0,1188.0,10.3,58.1,0.7278,True,False,False
418,2004-03-28 02:00:00,1.7,1135.0,827.0,1013.0,1395.0,1070.0,9.3,62.2,0.7294,True,False,False
419,2004-03-28 03:00:00,2.2,1151.0,911.0,935.0,1501.0,1075.0,8.2,66.7,0.7276,True,False,False
420,2004-03-28 04:00:00,1.3,1010.0,769.0,1110.0,1396.0,895.0,8.3,64.9,0.7124,True,False,False
421,2004-03-28 05:00:00,0.8,870.0,626.0,1325.0,1284.0,755.0,9.6,58.5,0.7,True,False,False
422,2004-03-28 06:00:00,1.1,983.0,688.0,1251.0,1342.0,806.0,7.7,66.4,0.699,True,False,False
423,2004-03-28 07:00:00,1.4,995.0,691.0,1219.0,1321.0,836.0,7.4,68.0,0.7043,True,False,False
424,2004-03-28 08:00:00,1.3,1024.0,747.0,1136.0,1382.0,897.0,9.7,58.6,0.7035,True,False,False
425,2004-03-28 09:00:00,1.9,1163.0,880.0,959.0,1486.0,1073.0,12.5,50.1,0.7242,True,False,False
426,2004-03-28 10:00:00,2.3,1218.0,938.0,918.0,1501.0,1088.0,16.8,36.9,0.7018,True,False,False
427,2004-03-28 11:00:00,2.3,1210.0,958.0,933.0,1514.0,1036.0,19.2,31.3,0.6887,True,False,False
428,2004-03-28 12:00:00,1.8,1114.0,887.0,1020.0,1438.0,768.0,21.3,26.4,0.6607,True,False,False
429,2004-03-28 13:00:00,1.4,995.0,796.0,1159.0,1287.0,587.0,21.2,23.1,0.5768,True,False,False
430,2004-03-28 14:00:00,1.0,927.0,700.0,1285.0,1189.0,452.0,18.6,25.0,0.5319,True,False,False
431,2004-03-28 15:00:00,1.4,1002.0,754.0,1189.0,1260.0,470.0,18.0,27.3,0.5594,True,False,False
432,2004-03-28 16:00:00,1.3,987.0,727.0,1213.0,1244.0,502.0,18.2,28.3,0.5848,True,False,False
433,2004-03-28 17:00:00,1.3,993.0,714.0,1217.0,1238.0,516.0,17.0,31.4,0.6048,True,False,False
434,2004-03-28 18:00:00,1.4,1012.0,746.0,1174.0,1301.0,555.0,15.6,35.0,0.617,True,False,False
435,2004-03-28 19:00:00,1.9,1114.0,823.0,1068.0,1357.0,671.0,14.1,40.2,0.6438,True,False,False
436,2004-03-28 20:00:00,1.8,1093.0,789.0,1102.0,1329.0,788.0,13.4,43.2,0.6623,True,False,False
437,2004-03-28 21:00:00,1.1,968.0,669.0,1261.0,1246.0,538.0,12.3,46.8,0.6686,True,False,False
438,2004-03-28 22:00:00,1.1,960.0,666.0,1266.0,1224.0,544.0,11.9,46.5,0.6449,True,False,False
439,2004-03-28 23:00:00,1.1,942.0,648.0,1300.0,1204.0,500.0,11.5,46.6,0.6319,True,False,False
440,2004-03-29 00:00:00,0.9,888.0,598.0,1396.0,1156.0,417.0,10.6,48.0,0.6135,True,False,False
441,2004-03-29 01:00:00,0.6,818.0,524.0,1588.0,1071.0,341.0,10.7,45.8,0.5895,True,False,False
442,2004-03-29 02:00:00,0.5,840.0,509.0,1643.0,1076.0,352.0,10.4,46.6,0.5901,True,False,False
443,2004-03-29 03:00:00,0.7,894.0,524.0,1557.0,1095.0,397.0,10.1,47.8,0.5913,True,False,False
444,2004-03-29 04:00:00,0.6,864.0,516.0,1496.0,1153.0,502.0,11.3,46.9,0.628,True,False,False
445,2004-03-29 05:00:00,0.7,898.0,559.0,1441.0,1180.0,648.0,10.1,51.2,0.6341,True,False,False
446,2004-03-29 06:00:00,0.9,946.0,643.0,1309.0,1232.0,760.0,9.9,50.7,0.6167,True,False,False
447,2004-03-29 07:00:00,2.9,1309.0,1125.0,844.0,1687.0,1183.0,8.1,56.8,0.615,True,False,False
448,2004-03-29 08:00:00,4.1,1326.0,1289.0,714.0,1806.0,1431.0,10.9,44.1,0.5748,True,False,False
449,2004-03-29 09:00:00,1.5,966.0,786.0,1111.0,1258.0,705.0,11.8,37.6,0.5184,True,False,False
450,2004-03-29 10:00:00,1.5,975.0,793.0,1133.0,1254.0,637.0,13.9,33.2,0.5222,True,False,False
451,2004-03-29 11:00:00,1.5,988.0,803.0,1105.0,1293.0,658.0,15.6,30.1,0.5285,True,False,False
452,2004-03-29 12:00:00,1.4,971.0,786.0,1129.0,1272.0,546.0,16.5,29.0,0.5406,True,False,False
453,2004-03-29 13:00:00,1.6,1010.0,833.0,1070.0,1332.0,561.0,17.5,27.9,0.5517,True,False,False
454,2004-03-29 14:00:00,1.5,984.0,790.0,1131.0,1268.0,532.0,17.9,26.8,0.5446,True,False,False
455,2004-03-29 15:00:00,1.4,962.0,776.0,1131.0,1247.0,535.0,18.2,26.1,0.5387,True,False,False
456,2004-03-29 16:00:00,1.5,1012.0,801.0,1098.0,1289.0,525.0,18.0,27.1,0.5522,True,False,False
457,2004-03-29 17:00:00,1.9,1058.0,896.0,996.0,1358.0,603.0,17.0,28.9,0.5558,True,False,False
458,2004-03-29 18:00:00,2.5,1173.0,985.0,905.0,1477.0,802.0,16.1,31.3,0.568,True,False,False
459,2004-03-29 19:00:00,2.1,1127.0,907.0,957.0,1404.0,796.0,14.5,35.4,0.5839,True,False,False
460,2004-03-29 20:00:00,1.6,1020.0,797.0,1066.0,1302.0,689.0,13.2,37.9,0.5733,True,False,False
461,2004-03-29 21:00:00,1.2,949.0,700.0,1221.0,1178.0,553.0,13.1,34.4,0.517,True,False,False
462,2004-03-29 22:00:00,1.1,930.0,710.0,1278.0,1137.0,509.0,13.5,28.5,0.4405,True,False,False
463,2004-03-29 23:00:00,1.0,900.0,643.0,1339.0,1089.0,455.0,12.4,31.9,0.4583,True,False,False
464,2004-03-30 00:00:00,1.0,899.0,630.0,1418.0,1050.0,425.0,13.1,26.8,0.4023,True,False,False
465,2004-03-30 01:00:00,0.7,866.0,569.0,1468.0,1055.0,436.0,11.6,33.6,0.4595,True,False,False
466,2004-03-30 02:00:00,0.7,900.0,563.0,1402.0,1130.0,618.0,10.5,42.9,0.5442,True,False,False
467,2004-03-30 03:00:00,0.8,949.0,540.0,1457.0,1104.0,747.0,11.7,38.7,0.5298,True,False,False
468,2004-03-30 04:00:00,,897.0,529.0,1462.0,1101.0,693.0,12.2,37.2,0.5277,False,True,False
469,2004-03-30 05:00:00,0.7,956.0,605.0,1341.0,1117.0,691.0,12.9,33.9,0.5037,True,False,False
470,2004-03-30 06:00:00,1.1,1054.0,779.0,1080.0,1266.0,1013.0,11.3,40.3,0.5376,True,False,False
471,2004-03-30 07:00:00,2.6,1343.0,1096.0,839.0,1587.0,1311.0,11.9,38.4,0.5341,True,False,False
472,2004-03-30 08:00:00,4.0,1584.0,1399.0,642.0,1947.0,1675.0,13.3,35.6,0.5416,True,False,False
473,2004-03-30 09:00:00,4.2,1556.0,1337.0,674.0,1852.0,1689.0,16.3,28.8,0.5305,True,False,False
474,2004-03-30 10:00:00,4.7,1565.0,1324.0,695.0,1872.0,1688.0,17.9,28.2,0.5741,True,False,False
475,2004-03-30 11:00:00,3.9,1429.0,1251.0,734.0,1754.0,1548.0,18.3,26.6,0.5529,True,False,False
476,2004-03-30 12:00:00,3.7,1419.0,1267.0,742.0,1763.0,1490.0,20.8,22.5,0.5463,True,False,False
477,2004-03-30 13:00:00,3.4,1373.0,1213.0,791.0,1711.0,1354.0,22.4,20.0,0.5352,True,False,False
478,2004-03-30 14:00:00,2.2,1185.0,992.0,942.0,1448.0,1014.0,20.9,21.7,0.5295,True,False,False
479,2004-03-30 15:00:00,1.9,1122.0,897.0,991.0,1372.0,831.0,19.1,26.5,0.579,True,False,False
480,2004-03-30 16:00:00,1.6,1085.0,820.0,1060.0,1325.0,699.0,18.1,30.6,0.6295,True,False,False
481,2004-03-30 17:00:00,2.1,1249.0,968.0,874.0,1527.0,926.0,17.3,34.7,0.6788,True,False,False
482,2004-03-30 18:00:00,2.2,1236.0,962.0,853.0,1532.0,928.0,15.8,40.4,0.7228,True,False,False
483,2004-03-30 19:00:00,2.7,1334.0,1047.0,815.0,1638.0,1038.0,15.9,42.0,0.7541,True,False,False
484,2004-03-30 20:00:00,2.4,1264.0,928.0,884.0,1534.0,1035.0,15.9,43.5,0.779,True,False,False
485,2004-03-30 21:00:00,1.3,1073.0,746.0,1072.0,1360.0,789.0,15.0,46.1,0.7833,True,False,False
486,2004-03-30 22:00:00,1.2,1053.0,701.0,1147.0,1323.0,692.0,15.1,44.6,0.7574,True,False,False
487,2004-03-30 23:00:00,1.5,1098.0,747.0,1094.0,1360.0,764.0,14.9,43.5,0.7302,True,False,False
488,2004-03-31 00:00:00,1.3,1029.0,702.0,1180.0,1287.0,639.0,14.8,41.0,0.685,True,False,False
489,2004-03-31 01:00:00,1.0,973.0,631.0,1287.0,1240.0,541.0,14.8,40.8,0.6814,True,False,False
490,2004-03-31 02:00:00,0.9,972.0,639.0,1222.0,1256.0,678.0,14.8,40.8,0.6834,True,False,False
491,2004-03-31 03:00:00,0.5,832.0,496.0,1613.0,1066.0,381.0,14.2,36.1,0.5823,True,False,False
492,2004-03-31 04:00:00,0.5,851.0,477.0,1699.0,1064.0,343.0,14.5,36.1,0.5928,True,False,False
493,2004-03-31 05:00:00,0.6,909.0,545.0,1473.0,1131.0,436.0,14.6,36.0,0.5947,True,False,False
494,2004-03-31 06:00:00,1.0,1038.0,684.0,1220.0,1279.0,688.0,14.4,38.5,0.6291,True,False,False
495,2004-03-31 07:00:00,3.1,1636.0,1168.0,721.0,1926.0,1438.0,13.8,58.2,0.9129,True,False,False
496,2004-03-31 08:00:00,4.1,1580.0,1295.0,639.0,1957.0,1489.0,13.2,61.1,0.9256,True,False,False
497,2004-03-31 09:00:00,2.2,1262.0,924.0,872.0,1576.0,1093.0,10.4,74.4,0.9384,True,False,False
498,2004-03-31 10:00:00,1.7,1197.0,837.0,957.0,1498.0,965.0,11.5,71.0,0.9582,True,False,False
499,2004-03-31 11:00:00,1.9,1277.0,886.0,902.0,1579.0,1004.0,12.2,70.0,0.9924,True,False,False
500,2004-03-31 12:00:00,2.9,1430.0,1025.0,779.0,1772.0,1166.0,12.3,73.3,1.0442,True,False,False
501,2004-03-31 13:00:00,2.2,1242.0,944.0,846.0,1638.0,991.0,11.3,78.1,1.0411,True,False,False
502,2004-03-31 14:00:00,2.6,1349.0,1023.0,804.0,1748.0,1054.0,13.6,69.2,1.0746,True,False,False
503,2004-03-31 15:00:00,3.1,1390.0,1100.0,755.0,1799.0,1192.0,14.9,59.3,0.9974,True,False,False
504,2004-03-31 16:00:00,2.3,1224.0,980.0,850.0,1637.0,1055.0,15.7,50.9,0.8997,True,False,False
505,2004-03-31 17:00:00,2.4,1253.0,1026.0,810.0,1681.0,1048.0,15.2,52.9,0.9087,True,False,False
506,2004-03-31 18:00:00,2.8,1312.0,1041.0,821.0,1712.0,1073.0,15.5,50.8,0.8881,True,False,False
507,2004-03-31 19:00:00,2.7,1254.0,1033.0,819.0,1669.0,1068.0,14.3,52.9,0.8581,True,False,False
508,2004-03-31 20:00:00,2.3,1198.0,953.0,882.0,1588.0,1019.0,13.2,56.0,0.8446,True,False,False
509,2004-03-31 21:00:00,1.5,1060.0,787.0,1044.0,1418.0,833.0,12.6,57.0,0.8315,True,False,False
510,2004-03-31 22:00:00,1.4,1050.0,769.0,1078.0,1409.0,759.0,12.3,57.8,0.8224,True,False,False
511,2004-03-31 23:00:00,1.2,1029.0,754.0,1098.0,1395.0,749.0,12.0,58.4,0.8164,True,False,False
512,2004-04-01 00:00:00,1.6,1143.0,825.0,986.0,1477.0,978.0,12.0,61.6,0.8593,True,False,False
513,2004-04-01 01:00:00,1.2,1044.0,770.0,1031.0,1425.0,944.0,11.5,63.9,0.8652,True,False,False
514,2004-04-01 02:00:00,1.1,1034.0,716.0,1085.0,1405.0,891.0,10.7,67.2,0.863,True,False,False
515,2004-04-01 03:00:00,0.9,956.0,713.0,1099.0,1422.0,849.0,9.0,73.1,0.8394,True,False,False
516,2004-04-01 04:00:00,0.7,909.0,615.0,1237.0,1322.0,790.0,10.2,66.6,0.8299,True,False,False
517,2004-04-01 05:00:00,0.9,996.0,648.0,1176.0,1340.0,852.0,11.0,63.7,0.8325,True,False,False
518,2004-04-01 06:00:00,1.7,1154.0,876.0,1002.0,1561.0,987.0,9.6,68.8,0.8243,True,False,False
519,2004-04-01 07:00:00,4.2,1510.0,1291.0,675.0,1949.0,1435.0,9.5,69.6,0.8273,True,False,False
520,2004-04-01 08:00:00,6.2,1722.0,1595.0,539.0,2439.0,1798.0,11.9,60.9,0.8455,True,False,False
521,2004-04-01 09:00:00,4.6,1512.0,1323.0,631.0,2001.0,1677.0,16.2,48.6,0.8892,True,False,False
522,2004-04-01 10:00:00,2.8,1258.0,1040.0,800.0,1701.0,1282.0,19.2,39.6,0.8693,True,False,False
523,2004-04-01 11:00:00,1.6,1094.0,850.0,970.0,1489.0,871.0,19.7,38.4,0.8743,True,False,False
524,2004-04-01 12:00:00,1.7,1129.0,875.0,974.0,1524.0,759.0,20.6,36.7,0.8797,True,False,False
525,2004-04-01 13:00:00,1.7,1125.0,924.0,937.0,1542.0,790.0,21.8,33.9,0.8771,True,False,False
526,2004-04-01 14:00:00,1.7,,,,,,,,,False,False,True
527,2004-04-01 15:00:00,1.9,,,,,,,,,False,False,True
528,2004-04-01 16:00:00,2.3,,,,,,,,,False,False,True
529,2004-04-01 17:00:00,3.3,1308.0,1193.0,793.0,1193.0,1187.0,23.6,27.5,0.7913,True,False,False
530,2004-04-01 18:00:00,4.2,1529.0,1331.0,700.0,2028.0,1399.0,22.8,32.1,0.8814,True,False,False
531,2004-04-01 19:00:00,5.5,1592.0,1429.0,624.0,2089.0,1644.0,20.8,36.7,0.8878,True,False,False
532,2004-04-01 20:00:00,4.9,1536.0,1302.0,666.0,1922.0,1599.0,18.3,40.9,0.8493,True,False,False
533,2004-04-01 21:00:00,2.5,1192.0,1007.0,827.0,1604.0,1223.0,16.8,44.0,0.8341,True,False,False
534,2004-04-01 22:00:00,2.0,1186.0,976.0,844.0,1570.0,1200.0,15.8,48.0,0.8569,True,False,False
535,2004-04-01 23:00:00,2.0,1203.0,920.0,898.0,1529.0,1118.0,14.9,52.0,0.8757,True,False,False
536,2004-04-02 00:00:00,2.0,1139.0,899.0,921.0,1514.0,1067.0,14.1,54.4,0.8701,True,False,False
537,2004-04-02 01:00:00,1.3,1072.0,795.0,986.0,1442.0,1048.0,13.3,58.8,0.8922,True,False,False
538,2004-04-02 02:00:00,1.0,954.0,667.0,1180.0,1350.0,718.0,13.3,60.9,0.9229,True,False,False
539,2004-04-02 03:00:00,0.9,951.0,673.0,1137.0,1381.0,797.0,11.8,64.3,0.8869,True,False,False
540,2004-04-02 04:00:00,,926.0,638.0,1195.0,1342.0,749.0,11.2,65.9,0.8775,False,True,False
541,2004-04-02 05:00:00,0.7,968.0,628.0,1197.0,1372.0,737.0,11.3,72.9,0.9738,True,False,False
542,2004-04-02 06:00:00,1.1,1067.0,727.0,1055.0,1448.0,903.0,11.4,71.8,0.9671,True,False,False
543,2004-04-02 07:00:00,2.6,1386.0,1083.0,798.0,1833.0,1159.0,11.9,73.7,1.0254,True,False,False
544,2004-04-02 08:00:00,3.9,1474.0,1306.0,634.0,2060.0,1365.0,12.6,70.2,1.0221,True,False,False
545,2004-04-02 09:00:00,5.0,1569.0,1316.0,634.0,2054.0,1510.0,13.6,65.3,1.0136,True,False,False
546,2004-04-02 10:00:00,3.3,1375.0,1177.0,706.0,1898.0,1386.0,16.9,52.3,1.0013,True,False,False
547,2004-04-02 11:00:00,2.9,1328.0,1123.0,738.0,1821.0,1368.0,19.4,44.1,0.9855,True,False,False
548,2004-04-02 12:00:00,3.1,1341.0,1176.0,748.0,1825.0,1347.0,22.9,33.8,0.9322,True,False,False
549,2004-04-02 13:00:00,3.0,1297.0,1183.0,765.0,1773.0,1242.0,23.6,31.3,0.9001,True,False,False
550,2004-04-02 14:00:00,2.7,1303.0,1139.0,790.0,1761.0,1138.0,24.7,30.5,0.9371,True,False,False
551,2004-04-02 15:00:00,2.7,1281.0,1116.0,809.0,1703.0,1080.0,26.1,27.3,0.9101,True,False,False
552,2004-04-02 16:00:00,2.6,1248.0,1103.0,872.0,1632.0,1002.0,27.6,22.8,0.8288,True,False,False
553,2004-04-02 17:00:00,3.7,1382.0,1288.0,778.0,1799.0,1212.0,26.9,22.3,0.7792,True,False,False
554,2004-04-02 18:00:00,4.5,1491.0,1385.0,685.0,1915.0,1486.0,24.3,30.1,0.9012,True,False,False
555,2004-04-02 19:00:00,4.7,1620.0,1407.0,641.0,2052.0,1567.0,21.2,40.1,0.9978,True,False,False
556,2004-04-02 20:00:00,5.5,1693.0,1439.0,618.0,2083.0,1723.0,19.4,42.5,0.9483,True,False,False
557,2004-04-02 21:00:00,3.0,1374.0,1121.0,771.0,1685.0,1399.0,18.5,43.0,0.9074,True,False,False
558,2004-04-02 22:00:00,1.9,1287.0,982.0,841.0,1582.0,1291.0,17.8,47.0,0.9467,True,False,False
559,2004-04-02 23:00:00,2.3,1408.0,1052.0,761.0,1684.0,1443.0,16.8,53.2,1.01,True,False,False
560,2004-04-03 00:00:00,1.6,1254.0,941.0,828.0,1566.0,1270.0,17.1,51.8,0.999,True,False,False
561,2004-04-03 01:00:00,1.3,1141.0,827.0,936.0,1488.0,1110.0,16.2,54.2,0.9933,True,False,False
562,2004-04-03 02:00:00,1.2,1141.0,777.0,986.0,1455.0,1060.0,15.1,58.2,0.9886,True,False,False
563,2004-04-03 03:00:00,0.9,1042.0,697.0,1056.0,1410.0,965.0,15.1,57.6,0.9796,True,False,False
564,2004-04-03 04:00:00,0.8,986.0,651.0,1145.0,1380.0,891.0,14.5,58.0,0.9488,True,False,False
565,2004-04-03 05:00:00,0.8,1005.0,673.0,1103.0,1387.0,905.0,13.7,61.6,0.9631,True,False,False
566,2004-04-03 06:00:00,0.9,1041.0,683.0,1112.0,1398.0,899.0,13.9,59.6,0.9408,True,False,False
567,2004-04-03 07:00:00,2.0,1272.0,959.0,846.0,1660.0,1136.0,13.3,61.7,0.9399,True,False,False
568,2004-04-03 08:00:00,3.0,1436.0,1154.0,704.0,1872.0,1391.0,15.1,55.8,0.9486,True,False,False
569,2004-04-03 09:00:00,3.1,1472.0,1126.0,720.0,1816.0,1460.0,17.0,50.5,0.9684,True,False,False
570,2004-04-03 10:00:00,,1418.0,1023.0,785.0,1720.0,1410.0,19.7,43.3,0.9837,False,True,False
571,2004-04-03 11:00:00,,1410.0,1030.0,781.0,1743.0,1372.0,20.7,41.7,1.0092,False,True,False
572,2004-04-03 12:00:00,,1438.0,1096.0,781.0,1779.0,1266.0,23.3,35.8,1.0098,False,True,False
573,2004-04-03 13:00:00,,1278.0,1000.0,866.0,1621.0,1014.0,23.8,30.5,0.8897,False,True,False
574,2004-04-03 14:00:00,,1257.0,1006.0,915.0,1573.0,870.0,24.8,27.0,0.8325,False,True,False
575,2004-04-03 15:00:00,,1331.0,1046.0,882.0,1635.0,905.0,25.0,27.5,0.8575,False,True,False
576,2004-04-03 16:00:00,,1361.0,1102.0,834.0,1704.0,991.0,25.8,26.5,0.8675,False,True,False
577,2004-04-03 17:00:00,,1398.0,1156.0,812.0,1722.0,1076.0,25.1,27.1,0.8496,False,True,False
578,2004-04-03 18:00:00,,1483.0,1213.0,764.0,1798.0,1249.0,23.7,28.6,0.8273,False,True,False
579,2004-04-03 19:00:00,,1697.0,1471.0,625.0,2153.0,1548.0,22.1,36.8,0.9681,False,True,False
580,2004-04-03 20:00:00,,1459.0,1124.0,736.0,1823.0,1300.0,19.9,47.5,1.0912,False,True,False
581,2004-04-03 21:00:00,,1268.0,918.0,873.0,1602.0,1029.0,18.7,50.4,1.0772,False,True,False
582,2004-04-03 22:00:00,,1469.0,1128.0,762.0,1870.0,1207.0,18.1,51.3,1.0587,False,True,False
583,2004-04-03 23:00:00,,1316.0,952.0,847.0,1644.0,1047.0,17.5,53.8,1.0648,False,True,False
584,2004-04-04 00:00:00,,1224.0,892.0,884.0,1580.0,923.0,16.7,56.5,1.0634,False,True,False
585,2004-04-04 01:00:00,,1215.0,843.0,929.0,1551.0,862.0,15.9,59.2,1.0635,False,True,False
586,2004-04-04 02:00:00,,1115.0,782.0,980.0,1500.0,752.0,15.2,62.4,1.0726,False,True,False
587,2004-04-04 03:00:00,,1124.0,793.0,965.0,1521.0,791.0,14.7,65.0,1.0766,False,True,False
588,2004-04-04 04:00:00,,1028.0,682.0,1090.0,1448.0,697.0,14.3,65.3,1.0594,False,True,False
589,2004-04-04 05:00:00,,1010.0,650.0,1171.0,1434.0,664.0,13.7,66.5,1.0393,False,True,False
590,2004-04-04 06:00:00,,1074.0,731.0,1020.0,1488.0,891.0,12.9,69.1,1.0264,False,True,False
591,2004-04-04 07:00:00,,1034.0,684.0,1110.0,1423.0,813.0,13.7,64.8,1.0135,False,True,False
592,2004-04-04 08:00:00,,1130.0,720.0,1063.0,1461.0,828.0,15.3,59.0,1.0181,False,True,False
593,2004-04-04 09:00:00,,1275.0,900.0,868.0,1634.0,1057.0,18.1,49.8,1.0272,False,True,False
594,2004-04-04 10:00:00,,1324.0,939.0,846.0,1658.0,1011.0,21.5,40.7,1.0301,False,True,False
595,2004-04-04 11:00:00,,1268.0,902.0,906.0,1589.0,932.0,23.3,37.1,1.0457,False,True,False
596,2004-04-04 12:00:00,,1272.0,924.0,895.0,1603.0,881.0,25.1,33.8,1.0594,False,True,False
597,2004-04-04 13:00:00,,1160.0,860.0,969.0,1531.0,646.0,25.6,32.1,1.0393,False,True,False
598,2004-04-04 14:00:00,,1136.0,792.0,1057.0,1476.0,536.0,25.8,31.1,1.0143,False,True,False
599,2004-04-04 15:00:00,,1296.0,977.0,863.0,1642.0,746.0,26.1,30.8,1.0253,False,True,False
600,2004-04-04 16:00:00,,1345.0,996.0,841.0,1678.0,833.0,24.4,36.0,1.085,False,True,False
601,2004-04-04 17:00:00,,1296.0,983.0,845.0,1626.0,802.0,23.0,36.2,1.0053,False,True,False
602,2004-04-04 18:00:00,,1258.0,977.0,838.0,1636.0,838.0,22.1,39.3,1.0336,False,True,False
603,2004-04-04 19:00:00,,1420.0,1085.0,755.0,1756.0,1051.0,19.8,44.6,1.0208,False,True,False
604,2004-04-04 20:00:00,,1366.0,997.0,830.0,1673.0,1041.0,18.5,48.9,1.0323,False,True,False
605,2004-04-04 21:00:00,,1113.0,772.0,989.0,1493.0,646.0,16.6,56.1,1.0481,False,True,False
606,2004-04-04 22:00:00,,1196.0,853.0,909.0,1556.0,769.0,15.8,58.8,1.0464,False,True,False
607,2004-04-04 23:00:00,,1188.0,829.0,930.0,1540.0,785.0,15.3,60.8,1.0501,False,True,False
608,2004-04-05 00:00:00,,1102.0,750.0,1007.0,1470.0,613.0,14.7,64.4,1.0717,False,True,False
609,2004-04-05 01:00:00,,969.0,611.0,1239.0,1330.0,430.0,14.8,63.3,1.0584,False,True,False
610,2004-04-05 02:00:00,,983.0,600.0,1233.0,1375.0,485.0,15.0,61.5,1.0418,False,True,False
611,2004-04-05 03:00:00,,876.0,505.0,1456.0,1294.0,467.0,15.5,56.9,0.9961,False,True,False
612,2004-04-05 04:00:00,,884.0,489.0,1536.0,1278.0,436.0,16.0,54.0,0.9742,False,True,False
613,2004-04-05 05:00:00,,1024.0,658.0,1175.0,1417.0,682.0,13.5,63.9,0.9809,False,True,False
614,2004-04-05 06:00:00,,1126.0,822.0,945.0,1541.0,927.0,12.9,65.3,0.9688,False,True,False
615,2004-04-05 07:00:00,,1415.0,1089.0,767.0,1795.0,1192.0,13.4,62.5,0.9582,False,True,False
616,2004-04-05 08:00:00,,1631.0,1449.0,570.0,2299.0,1615.0,14.5,58.8,0.963,False,True,False
617,2004-04-05 09:00:00,,1499.0,1247.0,647.0,1972.0,1505.0,15.3,56.7,0.9773,False,True,False
618,2004-04-05 10:00:00,3.1,1461.0,1127.0,703.0,1836.0,1451.0,15.6,57.4,1.0075,True,False,False
619,2004-04-05 11:00:00,3.0,1430.0,1107.0,713.0,1853.0,1409.0,16.6,55.2,1.0382,True,False,False
620,2004-04-05 12:00:00,3.2,1498.0,1171.0,684.0,1942.0,1434.0,17.0,54.3,1.0434,True,False,False
621,2004-04-05 13:00:00,3.1,1454.0,1162.0,682.0,1915.0,1457.0,18.0,51.5,1.0552,True,False,False
622,2004-04-05 14:00:00,2.5,1402.0,1069.0,733.0,1793.0,1325.0,19.5,47.5,1.0653,True,False,False
623,2004-04-05 15:00:00,2.1,1327.0,971.0,803.0,1705.0,1120.0,21.6,41.7,1.0606,True,False,False
624,2004-04-05 16:00:00,2.0,1273.0,963.0,832.0,1662.0,931.0,22.2,38.3,1.0106,True,False,False
625,2004-04-05 17:00:00,3.2,1457.0,1190.0,678.0,1877.0,1212.0,20.3,42.8,1.0053,True,False,False
626,2004-04-05 18:00:00,4.1,1543.0,1290.0,631.0,2011.0,1353.0,19.7,45.4,1.0312,True,False,False
627,2004-04-05 19:00:00,3.9,1499.0,1239.0,651.0,1957.0,1359.0,18.8,47.5,1.0199,True,False,False
628,2004-04-05 20:00:00,3.1,1378.0,1102.0,742.0,1796.0,1273.0,17.9,49.4,1.0064,True,False,False
629,2004-04-05 21:00:00,2.0,1243.0,928.0,852.0,1622.0,1079.0,17.5,50.9,1.009,True,False,False
630,2004-04-05 22:00:00,1.7,1196.0,885.0,884.0,1589.0,973.0,17.4,51.8,1.023,True,False,False
631,2004-04-05 23:00:00,1.6,1137.0,869.0,890.0,1554.0,951.0,17.0,53.9,1.0363,True,False,False
632,2004-04-06 00:00:00,1.0,1015.0,718.0,1065.0,1428.0,714.0,16.6,55.4,1.0408,True,False,False
633,2004-04-06 01:00:00,0.8,978.0,635.0,1188.0,1382.0,579.0,15.9,57.0,1.0224,True,False,False
634,2004-04-06 02:00:00,0.5,933.0,547.0,1357.0,1336.0,542.0,15.0,59.2,1.0059,True,False,False
635,2004-04-06 03:00:00,0.5,927.0,579.0,1267.0,1370.0,562.0,14.5,61.4,1.0041,True,False,False
636,2004-04-06 04:00:00,0.5,908.0,569.0,1303.0,1360.0,526.0,14.1,61.6,0.9883,True,False,False
637,2004-04-06 05:00:00,0.8,980.0,677.0,1141.0,1435.0,659.0,14.6,58.8,0.9711,True,False,False
638,2004-04-06 06:00:00,1.7,1236.0,920.0,880.0,1641.0,1012.0,14.4,58.9,0.9594,True,False,False
639,2004-04-06 07:00:00,4.5,1664.0,1407.0,594.0,2198.0,1564.0,15.3,55.2,0.9538,True,False,False
640,2004-04-06 08:00:00,6.2,1757.0,1636.0,494.0,2560.0,1806.0,16.2,52.5,0.9576,True,False,False
641,2004-04-06 09:00:00,4.4,1524.0,1350.0,588.0,2096.0,1604.0,18.4,46.3,0.9734,True,False,False
642,2004-04-06 10:00:00,2.9,1329.0,1119.0,707.0,1823.0,1288.0,19.6,41.8,0.9407,True,False,False
643,2004-04-06 11:00:00,1.6,1167.0,884.0,881.0,1580.0,931.0,20.2,40.1,0.937,True,False,False
644,2004-04-06 12:00:00,2.6,1369.0,1132.0,715.0,1818.0,1162.0,20.9,36.6,0.8939,True,False,False
645,2004-04-06 13:00:00,2.9,1284.0,1103.0,755.0,1704.0,1064.0,20.4,34.7,0.8229,True,False,False
646,2004-04-06 14:00:00,2.5,1221.0,1032.0,811.0,1630.0,913.0,19.3,35.4,0.7813,True,False,False
647,2004-04-06 15:00:00,1.9,1096.0,947.0,872.0,1519.0,684.0,18.6,36.9,0.7829,True,False,False
648,2004-04-06 16:00:00,1.9,1143.0,988.0,849.0,1590.0,710.0,18.8,36.8,0.7883,True,False,False
649,2004-04-06 17:00:00,2.7,1251.0,1116.0,760.0,1716.0,923.0,17.5,40.6,0.8068,True,False,False
650,2004-04-06 18:00:00,3.0,1268.0,1148.0,728.0,1776.0,1006.0,16.8,44.3,0.8428,True,False,False
651,2004-04-06 19:00:00,3.3,1314.0,1150.0,726.0,1784.0,1083.0,16.3,47.7,0.8746,True,False,False
652,2004-04-06 20:00:00,3.2,1315.0,1142.0,724.0,1807.0,1161.0,15.6,50.7,0.8947,True,False,False
653,2004-04-06 21:00:00,1.8,1095.0,918.0,896.0,1527.0,800.0,15.7,49.4,0.8768,True,False,False
654,2004-04-06 22:00:00,1.3,1027.0,808.0,996.0,1458.0,647.0,15.8,48.6,0.8653,True,False,False
655,2004-04-06 23:00:00,1.1,1012.0,752.0,1053.0,1393.0,649.0,15.7,47.0,0.8325,True,False,False
656,2004-04-07 00:00:00,0.9,948.0,710.0,1127.0,1352.0,575.0,15.7,45.9,0.8121,True,False,False
657,2004-04-07 01:00:00,0.7,889.0,603.0,1308.0,1271.0,455.0,15.6,44.9,0.792,True,False,False
658,2004-04-07 02:00:00,0.4,830.0,538.0,1475.0,1214.0,392.0,15.6,44.4,0.7827,True,False,False
659,2004-04-07 03:00:00,0.3,801.0,464.0,1749.0,1154.0,340.0,16.1,42.4,0.7718,True,False,False
660,2004-04-07 04:00:00,0.3,804.0,468.0,1826.0,1166.0,320.0,15.7,45.4,0.8063,True,False,False
661,2004-04-07 05:00:00,0.3,824.0,478.0,1705.0,1200.0,331.0,15.3,50.1,0.8617,True,False,False
662,2004-04-07 06:00:00,0.8,1000.0,688.0,1257.0,1398.0,426.0,14.2,58.6,0.9443,True,False,False
663,2004-04-07 07:00:00,2.8,1307.0,1082.0,777.0,1769.0,830.0,14.3,58.2,0.9431,True,False,False
664,2004-04-07 08:00:00,3.1,1286.0,1171.0,716.0,1821.0,1006.0,15.0,52.0,0.8817,True,False,False
665,2004-04-07 09:00:00,2.3,1150.0,925.0,865.0,1576.0,820.0,13.6,61.4,0.9519,True,False,False
666,2004-04-07 10:00:00,1.6,1087.0,876.0,911.0,1554.0,737.0,16.1,53.1,0.9675,True,False,False
667,2004-04-07 11:00:00,1.5,1016.0,839.0,991.0,1448.0,790.0,16.6,44.3,0.8294,True,False,False
668,2004-04-07 12:00:00,1.6,1029.0,892.0,937.0,1474.0,760.0,17.4,40.3,0.7922,True,False,False
669,2004-04-07 13:00:00,1.8,1109.0,943.0,883.0,1604.0,767.0,18.1,42.2,0.8679,True,False,False
670,2004-04-07 14:00:00,1.4,997.0,817.0,1030.0,1426.0,626.0,14.4,51.8,0.8433,True,False,False
671,2004-04-07 15:00:00,1.9,1177.0,880.0,927.0,1552.0,776.0,10.9,76.4,0.9953,True,False,False
672,2004-04-07 16:00:00,1.2,1045.0,808.0,1038.0,1421.0,589.0,16.4,47.7,0.8819,True,False,False
673,2004-04-07 17:00:00,2.3,1171.0,1073.0,847.0,1623.0,872.0,18.0,37.1,0.7598,True,False,False
674,2004-04-07 18:00:00,3.3,1221.0,1101.0,799.0,1700.0,996.0,14.7,48.7,0.8089,True,False,False
675,2004-04-07 19:00:00,3.1,1262.0,1133.0,774.0,1748.0,1033.0,11.3,71.3,0.9514,True,False,False
676,2004-04-07 20:00:00,3.3,1207.0,1013.0,876.0,1632.0,982.0,10.0,74.0,0.9087,True,False,False
677,2004-04-07 21:00:00,1.2,956.0,666.0,1235.0,1282.0,518.0,9.8,71.8,0.8702,True,False,False
678,2004-04-07 22:00:00,1.3,1020.0,727.0,1153.0,1391.0,631.0,9.3,75.2,0.8796,True,False,False
679,2004-04-07 23:00:00,1.9,1107.0,861.0,957.0,1510.0,879.0,9.6,76.0,0.9088,True,False,False
680,2004-04-08 00:00:00,1.4,1020.0,752.0,1074.0,1398.0,839.0,9.3,75.0,0.8799,True,False,False
681,2004-04-08 01:00:00,1.5,1051.0,798.0,1016.0,1455.0,876.0,9.0,76.7,0.8825,True,False,False
682,2004-04-08 02:00:00,1.1,965.0,716.0,1087.0,1383.0,827.0,8.2,79.6,0.8672,True,False,False
683,2004-04-08 03:00:00,0.8,890.0,672.0,1183.0,1338.0,781.0,7.6,80.6,0.8437,True,False,False
684,2004-04-08 04:00:00,,823.0,568.0,1366.0,1263.0,699.0,8.3,75.6,0.8302,False,True,False
685,2004-04-08 05:00:00,0.8,869.0,642.0,1291.0,1288.0,723.0,8.1,72.1,0.7798,True,False,False
686,2004-04-08 06:00:00,1.1,939.0,754.0,1169.0,1384.0,797.0,8.1,70.4,0.7609,True,False,False
687,2004-04-08 07:00:00,2.6,1274.0,1109.0,820.0,1723.0,1138.0,8.1,70.5,0.7627,True,False,False
688,2004-04-08 08:00:00,5.1,1512.0,1482.0,596.0,2189.0,1605.0,9.9,64.3,0.7859,True,False,False
689,2004-04-08 09:00:00,4.2,1435.0,1271.0,676.0,1885.0,1569.0,13.0,54.2,0.809,True,False,False
690,2004-04-08 10:00:00,2.6,1207.0,1041.0,813.0,1620.0,1319.0,16.5,42.6,0.7912,True,False,False
691,2004-04-08 11:00:00,2.4,1223.0,1075.0,818.0,1678.0,1198.0,19.3,34.2,0.7566,True,False,False
692,2004-04-08 12:00:00,2.1,1121.0,1026.0,865.0,1541.0,958.0,21.5,27.4,0.6941,True,False,False
693,2004-04-08 13:00:00,2.6,1176.0,1123.0,816.0,1609.0,1068.0,20.4,26.7,0.6323,True,False,False
694,2004-04-08 14:00:00,2.8,1144.0,1114.0,845.0,1551.0,1010.0,20.6,22.6,0.5432,True,False,False
695,2004-04-08 15:00:00,2.5,1136.0,1089.0,856.0,1552.0,928.0,20.6,24.8,0.5931,True,False,False
696,2004-04-08 16:00:00,1.9,1085.0,1004.0,888.0,1454.0,816.0,21.0,25.4,0.6264,True,False,False
697,2004-04-08 17:00:00,3.6,1297.0,1287.0,723.0,1798.0,1216.0,21.5,24.5,0.6203,True,False,False
698,2004-04-08 18:00:00,4.6,1408.0,1404.0,646.0,1972.0,1463.0,19.3,28.6,0.6357,True,False,False
699,2004-04-08 19:00:00,6.3,1618.0,1530.0,579.0,2167.0,1791.0,18.0,32.9,0.6737,True,False,False
700,2004-04-08 20:00:00,4.3,1319.0,1172.0,746.0,1699.0,1425.0,15.8,39.8,0.7096,True,False,False
701,2004-04-08 21:00:00,1.6,1045.0,857.0,968.0,1410.0,922.0,15.3,41.5,0.7194,True,False,False
702,2004-04-08 22:00:00,1.4,1058.0,824.0,993.0,1411.0,971.0,14.1,46.0,0.7363,True,False,False
703,2004-04-08 23:00:00,2.0,,,,,,,,,False,False,True
704,2004-04-09 00:00:00,2.4,,,,,,,,,False,False,True
705,2004-04-09 01:00:00,1.8,,,,,,,,,False,False,True
706,2004-04-09 02:00:00,1.0,,,,,,,,,False,False,True
707,2004-04-09 03:00:00,1.0,,,,,,,,,False,False,True
708,2004-04-09 04:00:00,1.0,,,,,,,,,False,False,True
709,2004-04-09 05:00:00,0.9,,,,,,,,,False,False,True
710,2004-04-09 06:00:00,1.5,,,,,,,,,False,False,True
711,2004-04-09 07:00:00,2.6,,,,,,,,,False,False,True
712,2004-04-09 08:00:00,2.9,,,,,,,,,False,False,True
713,2004-04-09 09:00:00,2.7,,,,,,,,,False,False,True
714,2004-04-09 10:00:00,2.4,,,,,,,,,False,False,True
715,2004-04-09 11:00:00,2.6,,,,,,,,,False,False,True
716,2004-04-09 12:00:00,4.1,,,,,,,,,False,False,True
717,2004-04-09 13:00:00,4.3,,,,,,,,,False,False,True
718,2004-04-09 14:00:00,2.2,,,,,,,,,False,False,True
719,2004-04-09 15:00:00,3.4,,,,,,,,,False,False,True
720,2004-04-09 16:00:00,3.6,,,,,,,,,False,False,True
721,2004-04-09 17:00:00,2.5,,,,,,,,,False,False,True
722,2004-04-09 18:00:00,2.8,,,,,,,,,False,False,True
723,2004-04-09 19:00:00,3.4,,,,,,,,,False,False,True
724,2004-04-09 20:00:00,3.0,,,,,,,,,False,False,True
725,2004-04-09 21:00:00,2.1,,,,,,,,,False,False,True
726,2004-04-09 22:00:00,2.4,,,,,,,,,False,False,True
727,2004-04-09 23:00:00,2.3,1176.0,917.0,866.0,1560.0,1151.0,12.0,67.9,0.9523,True,False,False
728,2004-04-10 00:00:00,1.3,1047.0,783.0,1014.0,1449.0,975.0,12.0,66.9,0.9336,True,False,False
729,2004-04-10 01:00:00,1.7,1116.0,854.0,929.0,1533.0,1034.0,11.5,70.1,0.9503,True,False,False
730,2004-04-10 02:00:00,1.7,1074.0,832.0,951.0,1507.0,980.0,11.4,69.8,0.939,True,False,False
731,2004-04-10 03:00:00,1.0,922.0,687.0,1142.0,1390.0,825.0,11.1,69.3,0.9128,True,False,False
732,2004-04-10 04:00:00,0.8,898.0,669.0,1163.0,1386.0,807.0,10.8,70.3,0.9092,True,False,False
733,2004-04-10 05:00:00,1.0,970.0,708.0,1121.0,1435.0,842.0,10.2,73.4,0.9129,True,False,False
734,2004-04-10 06:00:00,1.4,1073.0,812.0,988.0,1500.0,950.0,10.8,70.5,0.9142,True,False,False
735,2004-04-10 07:00:00,1.7,1081.0,906.0,895.0,1591.0,1024.0,11.0,71.0,0.9279,True,False,False
736,2004-04-10 08:00:00,2.0,1159.0,976.0,837.0,1663.0,1098.0,12.4,64.0,0.9206,True,False,False
737,2004-04-10 09:00:00,2.0,1112.0,931.0,869.0,1588.0,1011.0,15.0,53.1,0.8993,True,False,False
738,2004-04-10 10:00:00,1.9,1112.0,917.0,897.0,1542.0,931.0,16.6,44.4,0.8313,True,False,False
739,2004-04-10 11:00:00,2.1,1063.0,877.0,971.0,1481.0,811.0,18.0,38.4,0.7862,True,False,False
740,2004-04-10 12:00:00,1.8,1032.0,892.0,973.0,1457.0,756.0,20.6,30.0,0.7213,True,False,False
741,2004-04-10 13:00:00,1.5,936.0,829.0,1054.0,1336.0,607.0,19.9,26.7,0.6137,True,False,False
742,2004-04-10 14:00:00,1.3,883.0,766.0,1152.0,1238.0,498.0,19.8,23.1,0.5283,True,False,False
743,2004-04-10 15:00:00,1.4,942.0,852.0,1055.0,1318.0,540.0,21.4,22.7,0.5722,True,False,False
744,2004-04-10 16:00:00,1.5,943.0,850.0,1084.0,1296.0,544.0,22.1,21.3,0.5605,True,False,False
745,2004-04-10 17:00:00,1.7,1007.0,875.0,1027.0,1357.0,620.0,21.1,24.5,0.604,True,False,False
746,2004-04-10 18:00:00,2.0,1037.0,927.0,949.0,1426.0,740.0,18.3,31.6,0.6562,True,False,False
747,2004-04-10 19:00:00,2.5,1127.0,1022.0,871.0,1534.0,921.0,16.1,35.0,0.6372,True,False,False
748,2004-04-10 20:00:00,2.4,1123.0,996.0,861.0,1551.0,1033.0,14.8,41.5,0.6929,True,False,False
749,2004-04-10 21:00:00,2.0,1110.0,909.0,916.0,1487.0,984.0,13.2,50.3,0.7577,True,False,False
750,2004-04-10 22:00:00,2.9,1247.0,1037.0,812.0,1618.0,1193.0,12.3,55.5,0.7916,True,False,False
751,2004-04-10 23:00:00,2.5,1220.0,967.0,844.0,1545.0,1219.0,11.8,56.6,0.7833,True,False,False
752,2004-04-11 00:00:00,1.4,1028.0,770.0,1047.0,1326.0,913.0,11.2,56.2,0.7469,True,False,False
753,2004-04-11 01:00:00,1.2,978.0,711.0,1144.0,1304.0,750.0,11.0,56.6,0.7418,True,False,False
754,2004-04-11 02:00:00,1.0,949.0,694.0,1160.0,1310.0,772.0,9.3,64.3,0.7531,True,False,False
755,2004-04-11 03:00:00,1.0,910.0,709.0,1162.0,1329.0,712.0,8.8,66.0,0.7501,True,False,False
756,2004-04-11 04:00:00,,863.0,651.0,1224.0,1286.0,712.0,7.8,70.4,0.7463,False,True,False
757,2004-04-11 05:00:00,0.7,836.0,643.0,1244.0,1306.0,727.0,7.7,70.7,0.7463,True,False,False
758,2004-04-11 06:00:00,0.8,856.0,644.0,1259.0,1301.0,746.0,7.4,71.0,0.7346,True,False,False
759,2004-04-11 07:00:00,0.9,888.0,651.0,1240.0,1298.0,733.0,8.2,66.6,0.7283,True,False,False
760,2004-04-11 08:00:00,1.1,912.0,694.0,1196.0,1343.0,727.0,8.7,64.3,0.7267,True,False,False
761,2004-04-11 09:00:00,1.0,938.0,706.0,1177.0,1320.0,642.0,13.0,47.9,0.7116,True,False,False
762,2004-04-11 10:00:00,1.6,1053.0,823.0,1040.0,1386.0,810.0,17.4,35.4,0.699,True,False,False
763,2004-04-11 11:00:00,1.8,1087.0,870.0,1014.0,1412.0,851.0,20.2,29.2,0.683,True,False,False
764,2004-04-11 12:00:00,2.6,1153.0,945.0,969.0,1425.0,911.0,22.7,22.9,0.6224,True,False,False
765,2004-04-11 13:00:00,1.1,894.0,710.0,1209.0,1200.0,611.0,22.3,22.4,0.5955,True,False,False
766,2004-04-11 14:00:00,0.6,797.0,606.0,1452.0,1076.0,368.0,22.2,18.9,0.4993,True,False,False
767,2004-04-11 15:00:00,0.9,854.0,658.0,1409.0,1108.0,369.0,22.0,19.0,0.4969,True,False,False
768,2004-04-11 16:00:00,1.0,892.0,665.0,1348.0,1150.0,394.0,21.0,23.6,0.5788,True,False,False
769,2004-04-11 17:00:00,1.2,935.0,672.0,1299.0,1183.0,415.0,19.6,27.4,0.6162,True,False,False
770,2004-04-11 18:00:00,1.4,989.0,709.0,1225.0,1233.0,469.0,17.9,30.8,0.6258,True,False,False
771,2004-04-11 19:00:00,2.0,1063.0,797.0,1079.0,1285.0,607.0,16.4,35.3,0.6532,True,False,False
772,2004-04-11 20:00:00,1.1,922.0,674.0,1220.0,1205.0,498.0,15.6,37.5,0.6575,True,False,False
773,2004-04-11 21:00:00,1.1,925.0,680.0,1223.0,1217.0,481.0,15.5,36.7,0.6438,True,False,False
774,2004-04-11 22:00:00,1.1,924.0,648.0,1272.0,1186.0,465.0,14.5,39.0,0.6428,True,False,False
775,2004-04-11 23:00:00,1.1,914.0,661.0,1256.0,1187.0,478.0,14.2,38.2,0.6163,True,False,False
776,2004-04-12 00:00:00,0.7,840.0,556.0,1474.0,1094.0,366.0,13.7,38.3,0.5957,True,False,False
777,2004-04-12 01:00:00,0.6,799.0,514.0,1615.0,1036.0,332.0,14.1,34.0,0.5442,True,False,False
778,2004-04-12 02:00:00,0.7,856.0,581.0,1448.0,1111.0,346.0,14.6,34.0,0.5605,True,False,False
779,2004-04-12 03:00:00,0.6,830.0,560.0,1452.0,1066.0,350.0,14.4,32.8,0.5364,True,False,False
780,2004-04-12 04:00:00,0.3,753.0,462.0,1822.0,955.0,274.0,13.9,30.9,0.4868,True,False,False
781,2004-04-12 05:00:00,0.3,785.0,448.0,1923.0,1003.0,263.0,13.5,37.9,0.5852,True,False,False
782,2004-04-12 06:00:00,0.4,835.0,472.0,1756.0,1117.0,314.0,13.9,43.6,0.6871,True,False,False
783,2004-04-12 07:00:00,0.5,865.0,494.0,1613.0,1185.0,367.0,13.5,50.1,0.7706,True,False,False
784,2004-04-12 08:00:00,0.6,922.0,541.0,1453.0,1246.0,432.0,13.3,53.6,0.8169,True,False,False
785,2004-04-12 09:00:00,0.8,975.0,598.0,1268.0,1293.0,536.0,13.4,56.0,0.8576,True,False,False
786,2004-04-12 10:00:00,1.0,1040.0,646.0,1210.0,1325.0,555.0,13.0,59.6,0.886,True,False,False
787,2004-04-12 11:00:00,1.3,1115.0,707.0,1105.0,1384.0,677.0,12.7,62.7,0.9173,True,False,False
788,2004-04-12 12:00:00,1.1,1004.0,641.0,1201.0,1305.0,557.0,12.1,60.5,0.8505,True,False,False
789,2004-04-12 13:00:00,0.6,895.0,536.0,1415.0,1229.0,421.0,11.2,64.4,0.8537,True,False,False
790,2004-04-12 14:00:00,0.7,917.0,563.0,1415.0,1257.0,423.0,10.7,67.6,0.8703,True,False,False
791,2004-04-12 15:00:00,1.2,1025.0,689.0,1189.0,1325.0,519.0,11.4,61.2,0.8236,True,False,False
792,2004-04-12 16:00:00,1.4,1035.0,660.0,1222.0,1301.0,533.0,9.9,70.5,0.8581,True,False,False
793,2004-04-12 17:00:00,1.2,1025.0,682.0,1197.0,1313.0,537.0,10.3,65.2,0.8151,True,False,False
794,2004-04-12 18:00:00,1.3,1040.0,705.0,1149.0,1324.0,612.0,11.0,58.9,0.7714,True,False,False
795,2004-04-12 19:00:00,1.8,1070.0,776.0,1065.0,1369.0,697.0,10.6,59.5,0.7595,True,False,False
796,2004-04-12 20:00:00,1.2,964.0,692.0,1176.0,1292.0,573.0,10.6,57.7,0.7362,True,False,False
797,2004-04-12 21:00:00,0.8,904.0,635.0,1269.0,1233.0,489.0,10.6,56.1,0.7149,True,False,False
798,2004-04-12 22:00:00,0.8,913.0,626.0,1271.0,1234.0,474.0,10.3,58.0,0.7239,True,False,False
799,2004-04-12 23:00:00,0.8,914.0,610.0,1322.0,1230.0,455.0,10.4,58.4,0.7352,True,False,False
800,2004-04-13 00:00:00,0.7,893.0,587.0,1368.0,1219.0,433.0,10.7,58.2,0.7459,True,False,False
801,2004-04-13 01:00:00,0.5,844.0,532.0,1499.0,1176.0,376.0,10.5,59.9,0.7624,True,False,False
802,2004-04-13 02:00:00,0.3,837.0,518.0,1581.0,1182.0,360.0,10.5,60.8,0.7704,True,False,False
803,2004-04-13 03:00:00,0.4,868.0,530.0,1482.0,1215.0,384.0,10.6,63.1,0.8068,True,False,False
804,2004-04-13 04:00:00,0.3,825.0,489.0,1565.0,1171.0,363.0,11.1,60.1,0.7925,True,False,False
805,2004-04-13 05:00:00,0.7,956.0,656.0,1251.0,1356.0,525.0,10.1,68.4,0.8443,True,False,False
806,2004-04-13 06:00:00,1.6,1124.0,853.0,960.0,1531.0,873.0,10.0,68.7,0.8456,True,False,False
807,2004-04-13 07:00:00,3.9,1496.0,1272.0,667.0,2011.0,1399.0,11.0,64.2,0.8398,True,False,False
808,2004-04-13 08:00:00,4.5,1452.0,1354.0,620.0,2057.0,1501.0,12.0,58.1,0.8138,True,False,False
809,2004-04-13 09:00:00,2.7,1172.0,1042.0,797.0,1641.0,1186.0,12.8,52.0,0.7643,True,False,False
810,2004-04-13 10:00:00,1.6,1020.0,871.0,956.0,1426.0,911.0,12.6,50.8,0.7387,True,False,False
811,2004-04-13 11:00:00,1.6,1044.0,900.0,934.0,1471.0,919.0,13.8,47.4,0.7435,True,False,False
812,2004-04-13 12:00:00,1.6,1020.0,866.0,972.0,1429.0,791.0,15.1,42.7,0.7294,True,False,False
813,2004-04-13 13:00:00,1.5,1009.0,885.0,994.0,1439.0,751.0,16.3,38.1,0.7006,True,False,False
814,2004-04-13 14:00:00,1.8,1073.0,966.0,935.0,1537.0,805.0,16.6,36.7,0.6867,True,False,False
815,2004-04-13 15:00:00,2.1,1098.0,971.0,877.0,1527.0,966.0,15.8,40.5,0.7241,True,False,False
816,2004-04-13 16:00:00,1.7,1061.0,887.0,920.0,1462.0,869.0,16.3,41.8,0.7712,True,False,False
817,2004-04-13 17:00:00,3.0,1289.0,1158.0,755.0,1791.0,1196.0,16.1,42.8,0.7783,True,False,False
818,2004-04-13 18:00:00,4.6,1442.0,1337.0,630.0,2004.0,1523.0,15.3,46.8,0.8074,True,False,False
819,2004-04-13 19:00:00,5.0,1479.0,1343.0,631.0,1995.0,1579.0,14.7,47.0,0.7815,True,False,False
820,2004-04-13 20:00:00,3.5,1266.0,1138.0,726.0,1747.0,1370.0,14.1,49.6,0.7931,True,False,False
821,2004-04-13 21:00:00,2.1,1149.0,952.0,845.0,1577.0,1204.0,13.5,54.1,0.8351,True,False,False
822,2004-04-13 22:00:00,2.1,1168.0,954.0,843.0,1586.0,1201.0,12.3,59.2,0.8461,True,False,False
823,2004-04-13 23:00:00,1.5,1079.0,847.0,925.0,1463.0,1122.0,11.6,62.2,0.851,True,False,False
824,2004-04-14 00:00:00,1.1,1047.0,760.0,1032.0,1379.0,1003.0,11.5,61.4,0.8303,True,False,False
825,2004-04-14 01:00:00,0.9,936.0,705.0,1086.0,1364.0,918.0,10.9,64.6,0.8395,True,False,False
826,2004-04-14 02:00:00,0.7,900.0,635.0,1207.0,1307.0,836.0,11.1,63.2,0.8331,True,False,False
827,2004-04-14 03:00:00,0.4,839.0,576.0,1325.0,1285.0,759.0,10.7,64.4,0.8284,True,False,False
828,2004-04-14 04:00:00,,840.0,563.0,1349.0,1275.0,755.0,10.7,63.8,0.8174,False,True,False
829,2004-04-14 05:00:00,0.9,905.0,670.0,1191.0,1346.0,820.0,10.2,65.8,0.8196,True,False,False
830,2004-04-14 06:00:00,1.6,1079.0,875.0,947.0,1535.0,998.0,10.3,65.6,0.8225,True,False,False
831,2004-04-14 07:00:00,3.9,1417.0,1246.0,669.0,1921.0,1403.0,10.8,64.0,0.8307,True,False,False
832,2004-04-14 08:00:00,5.0,1529.0,1497.0,569.0,2278.0,1641.0,13.3,55.6,0.8453,True,False,False
833,2004-04-14 09:00:00,4.3,1397.0,1248.0,659.0,1906.0,1534.0,15.8,46.8,0.8328,True,False,False
834,2004-04-14 10:00:00,2.7,1214.0,1061.0,780.0,1662.0,1257.0,19.5,34.4,0.7738,True,False,False
835,2004-04-14 11:00:00,2.1,1109.0,935.0,882.0,1518.0,1026.0,21.1,30.2,0.745,True,False,False
836,2004-04-14 12:00:00,2.1,1122.0,993.0,859.0,1571.0,993.0,18.4,34.2,0.7185,True,False,False
837,2004-04-14 13:00:00,,1094.0,966.0,877.0,1519.0,919.0,21.0,30.6,0.7538,False,True,False
838,2004-04-14 14:00:00,,1164.0,1076.0,788.0,1653.0,1032.0,21.4,28.7,0.7231,False,True,False
839,2004-04-14 15:00:00,,1188.0,1082.0,790.0,1653.0,1077.0,21.3,27.3,0.6856,False,True,False
840,2004-04-14 16:00:00,,1098.0,934.0,895.0,1497.0,883.0,20.4,30.4,0.7193,False,True,False
841,2004-04-14 17:00:00,,1180.0,1014.0,826.0,1595.0,1036.0,18.7,34.8,0.7436,False,True,False
842,2004-04-14 18:00:00,,1195.0,1072.0,799.0,1609.0,1144.0,18.6,34.7,0.7369,False,True,False
843,2004-04-14 19:00:00,,1234.0,1095.0,789.0,1638.0,1212.0,17.9,35.8,0.7276,False,True,False
844,2004-04-14 20:00:00,,1425.0,1242.0,675.0,1858.0,1486.0,16.5,42.1,0.7856,False,True,False
845,2004-04-14 21:00:00,,1320.0,1085.0,730.0,1689.0,1440.0,14.8,49.7,0.8321,False,True,False
846,2004-04-14 22:00:00,,1158.0,892.0,870.0,1494.0,1242.0,13.4,54.3,0.8291,False,True,False
847,2004-04-14 23:00:00,,1060.0,805.0,964.0,1418.0,1089.0,13.4,54.2,0.8319,False,True,False
848,2004-04-15 00:00:00,,1036.0,746.0,1034.0,1364.0,993.0,12.3,57.6,0.8223,False,True,False
849,2004-04-15 01:00:00,,943.0,660.0,1163.0,1297.0,862.0,11.6,58.8,0.7996,False,True,False
850,2004-04-15 02:00:00,,899.0,591.0,1243.0,1259.0,815.0,10.7,62.3,0.7988,False,True,False
851,2004-04-15 03:00:00,,889.0,559.0,1331.0,1241.0,714.0,10.2,63.2,0.7865,False,True,False
852,2004-04-15 04:00:00,,847.0,527.0,1416.0,1216.0,682.0,10.5,61.3,0.7761,False,True,False
853,2004-04-15 05:00:00,,918.0,625.0,1255.0,1298.0,744.0,9.3,65.8,0.7722,False,True,False
854,2004-04-15 06:00:00,,1105.0,897.0,906.0,1510.0,1050.0,9.1,67.4,0.7814,False,True,False
855,2004-04-15 07:00:00,,1491.0,1335.0,625.0,2001.0,1522.0,10.2,62.9,0.7831,False,True,False
856,2004-04-15 08:00:00,,1508.0,1355.0,609.0,2034.0,1623.0,11.6,58.7,0.7999,False,True,False
857,2004-04-15 09:00:00,3.9,1489.0,1270.0,633.0,1889.0,1638.0,13.5,53.4,0.8196,True,False,False
858,2004-04-15 10:00:00,3.8,1451.0,1219.0,661.0,1804.0,1633.0,15.0,49.3,0.8364,True,False,False
859,2004-04-15 11:00:00,3.8,1454.0,1225.0,661.0,1809.0,1654.0,17.1,42.1,0.812,True,False,False
860,2004-04-15 12:00:00,3.9,1392.0,1210.0,689.0,1792.0,1559.0,18.4,36.9,0.7758,True,False,False
861,2004-04-15 13:00:00,3.5,1351.0,1210.0,709.0,1783.0,1374.0,19.3,35.4,0.7824,True,False,False
862,2004-04-15 14:00:00,4.0,1418.0,1282.0,681.0,1890.0,1418.0,19.2,35.7,0.7826,True,False,False
863,2004-04-15 15:00:00,3.0,1303.0,1143.0,748.0,1734.0,1228.0,21.5,30.4,0.7677,True,False,False
864,2004-04-15 16:00:00,3.1,1292.0,1116.0,746.0,1676.0,1293.0,19.6,34.6,0.7807,True,False,False
865,2004-04-15 17:00:00,5.2,1560.0,1413.0,594.0,2046.0,1642.0,19.6,35.5,0.8017,True,False,False
866,2004-04-15 18:00:00,5.9,1765.0,1507.0,533.0,2271.0,1895.0,18.3,44.1,0.9183,True,False,False
867,2004-04-15 19:00:00,7.3,1875.0,1637.0,482.0,2446.0,2086.0,17.4,47.8,0.9392,True,False,False
868,2004-04-15 20:00:00,6.1,1746.0,1409.0,553.0,2119.0,1898.0,16.8,49.8,0.9446,True,False,False
869,2004-04-15 21:00:00,4.6,1607.0,1290.0,587.0,1960.0,1758.0,16.2,53.2,0.9723,True,False,False
870,2004-04-15 22:00:00,2.5,1277.0,952.0,802.0,1607.0,1284.0,14.9,59.1,0.9928,True,False,False
871,2004-04-15 23:00:00,2.2,1207.0,868.0,877.0,1532.0,1075.0,13.9,64.0,1.013,True,False,False
872,2004-04-16 00:00:00,2.0,1209.0,863.0,882.0,1547.0,1084.0,13.7,66.8,1.041,True,False,False
873,2004-04-16 01:00:00,1.9,1189.0,844.0,887.0,1566.0,1049.0,13.4,69.6,1.0688,True,False,False
874,2004-04-16 02:00:00,1.6,1132.0,810.0,899.0,1532.0,1021.0,12.8,71.9,1.0632,True,False,False
875,2004-04-16 03:00:00,1.0,974.0,635.0,1159.0,1387.0,778.0,12.9,68.5,1.0155,True,False,False
876,2004-04-16 04:00:00,1.0,1033.0,686.0,1030.0,1420.0,948.0,11.9,74.8,1.038,True,False,False
877,2004-04-16 05:00:00,1.2,1075.0,782.0,941.0,1505.0,988.0,11.6,76.4,1.0415,True,False,False
878,2004-04-16 06:00:00,2.0,1242.0,978.0,778.0,1686.0,1184.0,11.7,75.3,1.0325,True,False,False
879,2004-04-16 07:00:00,4.5,1657.0,1384.0,579.0,2176.0,1600.0,12.8,71.0,1.0428,True,False,False
880,2004-04-16 08:00:00,4.1,1406.0,1258.0,636.0,1890.0,1495.0,13.8,61.1,0.9595,True,False,False
881,2004-04-16 09:00:00,2.6,1150.0,973.0,827.0,1590.0,1188.0,15.3,51.4,0.8886,True,False,False
882,2004-04-16 10:00:00,2.3,1184.0,983.0,823.0,1604.0,1166.0,16.6,48.7,0.9146,True,False,False
883,2004-04-16 11:00:00,2.6,1223.0,1014.0,781.0,1666.0,1219.0,17.6,46.7,0.9324,True,False,False
884,2004-04-16 12:00:00,2.4,1196.0,997.0,802.0,1644.0,1128.0,19.2,42.7,0.9425,True,False,False
885,2004-04-16 13:00:00,4.3,1559.0,1267.0,653.0,2047.0,1373.0,15.7,62.5,1.1092,True,False,False
886,2004-04-16 14:00:00,4.6,1544.0,1266.0,613.0,2066.0,1415.0,14.5,75.7,1.2425,True,False,False
887,2004-04-16 15:00:00,4.0,1485.0,1223.0,650.0,1980.0,1302.0,14.4,77.4,1.2654,True,False,False
888,2004-04-16 16:00:00,4.7,1498.0,1230.0,649.0,1963.0,1308.0,14.6,74.9,1.2391,True,False,False
889,2004-04-16 17:00:00,5.7,1593.0,1378.0,582.0,2159.0,1449.0,14.6,76.0,1.2573,True,False,False
890,2004-04-16 18:00:00,5.2,1529.0,1309.0,627.0,2083.0,1385.0,14.0,76.3,1.2166,True,False,False
891,2004-04-16 19:00:00,6.4,1689.0,1474.0,560.0,2298.0,1492.0,13.9,78.0,1.2303,True,False,False
892,2004-04-16 20:00:00,6.0,1535.0,1295.0,627.0,2039.0,1380.0,13.8,78.0,1.2229,True,False,False
893,2004-04-16 21:00:00,3.4,1304.0,1067.0,737.0,1811.0,1167.0,13.5,79.4,1.2224,True,False,False
894,2004-04-16 22:00:00,2.7,1235.0,963.0,803.0,1680.0,1095.0,13.1,80.1,1.2016,True,False,False
895,2004-04-16 23:00:00,3.1,1281.0,977.0,794.0,1695.0,1105.0,12.8,81.0,1.1915,True,False,False
896,2004-04-17 00:00:00,2.6,1167.0,904.0,846.0,1627.0,1051.0,12.7,80.6,1.1819,True,False,False
897,2004-04-17 01:00:00,2.2,1134.0,863.0,869.0,1599.0,1009.0,12.5,81.8,1.1838,True,False,False
898,2004-04-17 02:00:00,1.9,1100.0,829.0,887.0,1565.0,972.0,12.7,81.2,1.1849,True,False,False
899,2004-04-17 03:00:00,,1057.0,768.0,958.0,1527.0,884.0,12.4,82.4,1.1848,False,True,False
900,2004-04-17 04:00:00,,902.0,652.0,1158.0,1437.0,661.0,12.6,79.9,1.1619,False,True,False
901,2004-04-17 05:00:00,,982.0,724.0,1055.0,1508.0,774.0,12.8,80.0,1.1761,False,True,False
902,2004-04-17 06:00:00,,997.0,769.0,1002.0,1524.0,868.0,12.6,79.9,1.1596,False,True,False
903,2004-04-17 07:00:00,,1141.0,902.0,905.0,1672.0,965.0,12.5,79.6,1.1538,False,True,False
904,2004-04-17 08:00:00,,1163.0,930.0,849.0,1691.0,985.0,12.8,80.8,1.1863,False,True,False
905,2004-04-17 09:00:00,,1107.0,864.0,911.0,1604.0,963.0,13.5,78.1,1.1997,False,True,False
906,2004-04-17 10:00:00,,1228.0,949.0,838.0,1706.0,1069.0,14.6,74.9,1.2348,False,True,False
907,2004-04-17 11:00:00,,1033.0,810.0,969.0,1526.0,864.0,16.8,61.0,1.1599,False,True,False
908,2004-04-17 12:00:00,,984.0,763.0,1054.0,1472.0,641.0,18.8,50.1,1.0769,False,True,False
909,2004-04-17 13:00:00,,1066.0,879.0,939.0,1536.0,740.0,19.3,47.1,1.0445,False,True,False
910,2004-04-17 14:00:00,,926.0,707.0,1130.0,1429.0,532.0,19.3,46.6,1.0298,False,True,False
911,2004-04-17 15:00:00,,979.0,764.0,1054.0,1462.0,572.0,19.7,44.4,1.0081,False,True,False
912,2004-04-17 16:00:00,,993.0,783.0,1033.0,1482.0,630.0,19.3,45.7,1.0161,False,True,False
913,2004-04-17 17:00:00,,970.0,763.0,1043.0,1462.0,608.0,17.9,49.9,1.0135,False,True,False
914,2004-04-17 18:00:00,,997.0,788.0,1014.0,1482.0,644.0,16.9,53.2,1.0179,False,True,False
915,2004-04-17 19:00:00,,1097.0,892.0,909.0,1594.0,833.0,16.1,56.0,1.0151,False,True,False
916,2004-04-17 20:00:00,,1105.0,908.0,900.0,1566.0,923.0,16.5,52.8,0.986,False,True,False
917,2004-04-17 21:00:00,,993.0,777.0,1022.0,1482.0,790.0,16.9,51.1,0.9743,False,True,False
918,2004-04-17 22:00:00,,1136.0,896.0,919.0,1623.0,961.0,17.0,50.8,0.9751,False,True,False
919,2004-04-17 23:00:00,,1297.0,1003.0,798.0,1700.0,1177.0,16.9,54.8,1.0455,False,True,False
920,2004-04-18 00:00:00,,1110.0,855.0,897.0,1568.0,943.0,16.3,57.2,1.0492,False,True,False
921,2004-04-18 01:00:00,,1027.0,827.0,942.0,1529.0,742.0,16.0,56.2,1.0164,False,True,False
922,2004-04-18 02:00:00,,1024.0,795.0,982.0,1501.0,705.0,15.6,60.2,1.0617,False,True,False
923,2004-04-18 03:00:00,,992.0,783.0,988.0,1527.0,663.0,14.6,68.2,1.1282,False,True,False
924,2004-04-18 04:00:00,,929.0,664.0,1144.0,1449.0,536.0,14.3,69.6,1.1257,False,True,False
925,2004-04-18 05:00:00,,892.0,579.0,1309.0,1396.0,441.0,13.8,71.9,1.1312,False,True,False
926,2004-04-18 06:00:00,,895.0,609.0,1268.0,1410.0,477.0,13.8,72.7,1.1402,False,True,False
927,2004-04-18 07:00:00,,915.0,612.0,1266.0,1411.0,506.0,14.2,72.3,1.1632,False,True,False
928,2004-04-18 08:00:00,,947.0,649.0,1154.0,1459.0,608.0,14.5,72.9,1.195,False,True,False
929,2004-04-18 09:00:00,,1032.0,721.0,1052.0,1546.0,663.0,14.2,75.6,1.2201,False,True,False
930,2004-04-18 10:00:00,,1219.0,849.0,901.0,1664.0,912.0,14.5,77.2,1.2695,False,True,False
931,2004-04-18 11:00:00,,1217.0,869.0,873.0,1660.0,963.0,14.9,74.5,1.253,False,True,False
932,2004-04-18 12:00:00,,1097.0,779.0,980.0,1565.0,803.0,15.5,67.4,1.178,False,True,False
933,2004-04-18 13:00:00,,938.0,674.0,1136.0,1433.0,564.0,16.7,56.0,1.0544,False,True,False
934,2004-04-18 14:00:00,,944.0,677.0,1140.0,1436.0,501.0,17.1,55.5,1.0724,False,True,False
935,2004-04-18 15:00:00,,1139.0,847.0,929.0,1604.0,701.0,16.2,62.4,1.1423,False,True,False
936,2004-04-18 16:00:00,,1163.0,859.0,921.0,1603.0,783.0,17.4,58.9,1.1567,False,True,False
937,2004-04-18 17:00:00,,1157.0,885.0,916.0,1590.0,784.0,17.5,54.6,1.08,False,True,False
938,2004-04-18 18:00:00,,1154.0,919.0,876.0,1623.0,861.0,17.5,54.2,1.0722,False,True,False
939,2004-04-18 19:00:00,,1342.0,1102.0,744.0,1824.0,1156.0,17.0,55.1,1.0621,False,True,False
940,2004-04-18 20:00:00,,1178.0,949.0,847.0,1653.0,1047.0,16.4,57.8,1.0669,False,True,False
941,2004-04-18 21:00:00,,1152.0,926.0,854.0,1669.0,1034.0,15.8,60.4,1.0744,False,True,False
942,2004-04-18 22:00:00,,1078.0,841.0,920.0,1595.0,962.0,15.5,63.3,1.1071,False,True,False
943,2004-04-18 23:00:00,,1167.0,945.0,826.0,1702.0,1100.0,15.0,65.2,1.1045,False,True,False
944,2004-04-19 00:00:00,,1111.0,890.0,871.0,1658.0,1047.0,14.5,67.3,1.1054,False,True,False
945,2004-04-19 01:00:00,,988.0,722.0,1029.0,1500.0,874.0,14.1,70.1,1.1224,False,True,False
946,2004-04-19 02:00:00,,917.0,677.0,1103.0,1494.0,747.0,13.8,73.3,1.1518,False,True,False
947,2004-04-19 03:00:00,,850.0,562.0,1275.0,1407.0,589.0,13.1,78.3,1.1716,False,True,False
948,2004-04-19 04:00:00,,885.0,589.0,1238.0,1443.0,635.0,13.0,78.2,1.1664,False,True,False
949,2004-04-19 05:00:00,,888.0,597.0,1242.0,1428.0,671.0,14.3,70.1,1.1328,False,True,False
950,2004-04-19 06:00:00,,1101.0,852.0,913.0,1655.0,992.0,14.0,70.9,1.1306,False,True,False
951,2004-04-19 07:00:00,,1399.0,1195.0,680.0,1976.0,1308.0,15.4,64.2,1.1123,False,True,False
952,2004-04-19 08:00:00,,1325.0,1260.0,652.0,1969.0,1303.0,16.5,57.9,1.0826,False,True,False
953,2004-04-19 09:00:00,,1058.0,921.0,876.0,1594.0,893.0,18.8,48.0,1.0323,False,True,False
954,2004-04-19 10:00:00,,990.0,846.0,947.0,1503.0,715.0,19.5,43.3,0.9706,False,True,False
955,2004-04-19 11:00:00,,1018.0,879.0,950.0,1574.0,685.0,18.5,45.5,0.9606,False,True,False
956,2004-04-19 12:00:00,,1105.0,1010.0,811.0,1709.0,947.0,18.0,46.7,0.9569,False,True,False
957,2004-04-19 13:00:00,,1194.0,1097.0,743.0,1847.0,1049.0,16.5,58.2,1.0813,False,True,False
958,2004-04-19 14:00:00,,1088.0,893.0,892.0,1565.0,741.0,12.1,75.6,1.0662,False,True,False
959,2004-04-19 15:00:00,,1084.0,933.0,872.0,1602.0,801.0,11.1,75.6,0.9974,False,True,False
960,2004-04-19 16:00:00,,1207.0,1032.0,797.0,1701.0,969.0,10.5,79.0,1.0016,False,True,False
961,2004-04-19 17:00:00,,1186.0,1042.0,808.0,1684.0,1038.0,10.0,80.5,0.9853,False,True,False
962,2004-04-19 18:00:00,,1053.0,911.0,916.0,1528.0,889.0,11.3,70.5,0.9389,False,True,False
963,2004-04-19 19:00:00,,1032.0,895.0,921.0,1508.0,879.0,10.7,71.5,0.9197,False,True,False
964,2004-04-19 20:00:00,,989.0,846.0,960.0,1476.0,846.0,9.9,74.0,0.9009,False,True,False
965,2004-04-19 21:00:00,,930.0,745.0,1085.0,1391.0,712.0,10.8,68.2,0.8806,False,True,False
966,2004-04-19 22:00:00,,951.0,766.0,1056.0,1431.0,747.0,10.2,74.0,0.9176,False,True,False
967,2004-04-19 23:00:00,,985.0,780.0,1017.0,1444.0,791.0,10.1,77.5,0.9579,False,True,False
968,2004-04-20 00:00:00,,937.0,703.0,1136.0,1377.0,637.0,9.9,77.7,0.9497,False,True,False
969,2004-04-20 01:00:00,,887.0,648.0,1222.0,1357.0,553.0,9.5,80.2,0.9533,False,True,False
970,2004-04-20 02:00:00,,806.0,544.0,1429.0,1290.0,449.0,9.5,79.7,0.9489,False,True,False
971,2004-04-20 03:00:00,,771.0,483.0,1587.0,1277.0,485.0,9.7,78.9,0.9487,False,True,False
972,2004-04-20 04:00:00,,802.0,519.0,1523.0,1315.0,540.0,9.8,80.0,0.967,False,True,False
973,2004-04-20 05:00:00,,878.0,644.0,1260.0,1410.0,685.0,10.0,79.6,0.98,False,True,False
974,2004-04-20 06:00:00,,1070.0,883.0,942.0,1625.0,925.0,10.3,79.4,0.9927,False,True,False
975,2004-04-20 07:00:00,,1430.0,1316.0,638.0,2069.0,1382.0,11.0,77.4,1.0135,False,True,False
976,2004-04-20 08:00:00,,1565.0,1549.0,540.0,2396.0,1645.0,12.3,69.2,0.9906,False,True,False
977,2004-04-20 09:00:00,,1365.0,1299.0,637.0,1999.0,1514.0,14.5,60.4,0.9936,False,True,False
978,2004-04-20 10:00:00,,1348.0,1214.0,678.0,1874.0,1509.0,16.0,56.3,1.0185,False,True,False
979,2004-04-20 11:00:00,,1311.0,1279.0,648.0,1991.0,1520.0,18.1,51.1,1.0551,False,True,False
980,2004-04-20 12:00:00,,1302.0,1260.0,658.0,1970.0,1471.0,23.0,37.5,1.0389,False,True,False
981,2004-04-20 13:00:00,,1250.0,1173.0,720.0,1870.0,1282.0,21.8,39.6,1.0209,False,True,False
982,2004-04-20 14:00:00,,1083.0,988.0,859.0,1643.0,1004.0,21.9,37.2,0.9683,False,True,False
983,2004-04-20 15:00:00,,1005.0,894.0,956.0,1530.0,714.0,23.8,31.4,0.9132,False,True,False
984,2004-04-20 16:00:00,,1129.0,1107.0,844.0,1742.0,940.0,25.9,26.9,0.8845,False,True,False
985,2004-04-20 17:00:00,,1327.0,1289.0,712.0,1938.0,1272.0,25.8,29.9,0.9808,False,True,False
986,2004-04-20 18:00:00,,1428.0,1437.0,599.0,2156.0,1526.0,22.6,39.5,1.0679,False,True,False
987,2004-04-20 19:00:00,,1426.0,1400.0,612.0,2102.0,1488.0,19.9,45.0,1.0364,False,True,False
988,2004-04-20 20:00:00,,1310.0,1313.0,663.0,1958.0,1475.0,17.9,47.4,0.9657,False,True,False
989,2004-04-20 21:00:00,,1114.0,1059.0,792.0,1704.0,1182.0,16.8,50.4,0.9545,False,True,False
990,2004-04-20 22:00:00,,991.0,889.0,932.0,1550.0,933.0,16.0,52.0,0.9375,False,True,False
991,2004-04-20 23:00:00,,1089.0,940.0,866.0,1589.0,1001.0,14.2,59.1,0.952,False,True,False
992,2004-04-21 00:00:00,,911.0,740.0,1071.0,1412.0,756.0,14.2,56.7,0.9111,False,True,False
993,2004-04-21 01:00:00,,1005.0,802.0,976.0,1474.0,952.0,12.2,67.7,0.9625,False,True,False
994,2004-04-21 02:00:00,,863.0,664.0,1172.0,1381.0,808.0,13.2,61.7,0.9328,False,True,False
995,2004-04-21 03:00:00,,857.0,653.0,1197.0,1375.0,779.0,10.9,71.0,0.9249,False,True,False
996,2004-04-21 04:00:00,,804.0,585.0,1301.0,1319.0,717.0,11.3,67.6,0.9038,False,True,False
997,2004-04-21 05:00:00,,871.0,694.0,1160.0,1421.0,779.0,10.1,71.8,0.888,False,True,False
998,2004-04-21 06:00:00,,1035.0,929.0,887.0,1599.0,1009.0,10.2,70.9,0.8841,False,True,False
999,2004-04-21 07:00:00,,1513.0,1480.0,572.0,2249.0,1595.0,11.8,66.0,0.9085,False,True,False
1000,2004-04-21 08:00:00,,1726.0,1776.0,478.0,2684.0,1940.0,14.0,58.2,0.9271,False,True,False
1001,2004-04-21 09:00:00,,1396.0,1296.0,619.0,1991.0,1628.0,17.0,50.2,0.9646,False,True,False
1002,2004-04-21 10:00:00,,1333.0,1212.0,668.0,1854.0,1573.0,22.3,36.9,0.9838,False,True,False
1003,2004-04-21 11:00:00,,1161.0,1016.0,849.0,1642.0,1187.0,24.4,30.9,0.934,False,True,False
1004,2004-04-21 12:00:00,,1081.0,1000.0,900.0,1561.0,900.0,25.9,26.7,0.8771,False,True,False
1005,2004-04-21 13:00:00,,1075.0,998.0,914.0,1574.0,800.0,25.8,26.1,0.854,False,True,False
1006,2004-04-21 14:00:00,,1055.0,964.0,953.0,1513.0,770.0,26.3,24.8,0.8393,False,True,False
1007,2004-04-21 15:00:00,,1053.0,953.0,988.0,1483.0,758.0,27.0,22.2,0.7805,False,True,False
1008,2004-04-21 16:00:00,,1087.0,1075.0,944.0,1558.0,886.0,27.3,20.5,0.7308,False,True,False
1009,2004-04-21 17:00:00,,1304.0,1291.0,765.0,1838.0,1219.0,25.8,24.1,0.7912,False,True,False
1010,2004-04-21 18:00:00,,1625.0,1608.0,601.0,2271.0,1725.0,25.3,28.9,0.9151,False,True,False
1011,2004-04-21 19:00:00,,1649.0,1633.0,584.0,2328.0,1745.0,23.8,33.7,0.9786,False,True,False
1012,2004-04-21 20:00:00,,1443.0,1455.0,635.0,2073.0,1600.0,21.4,36.0,0.9059,False,True,False
1013,2004-04-21 21:00:00,,1209.0,1193.0,753.0,1737.0,1310.0,19.8,39.5,0.9016,False,True,False
1014,2004-04-21 22:00:00,,1105.0,1000.0,847.0,1573.0,1208.0,19.2,42.1,0.9273,False,True,False
1015,2004-04-21 23:00:00,,1020.0,863.0,933.0,1492.0,1074.0,18.8,45.8,0.9855,False,True,False
1016,2004-04-22 00:00:00,,991.0,828.0,973.0,1469.0,993.0,17.1,50.8,0.9828,False,True,False
1017,2004-04-22 01:00:00,,937.0,741.0,1058.0,1420.0,923.0,16.2,53.4,0.9775,False,True,False
1018,2004-04-22 02:00:00,,882.0,654.0,1141.0,1377.0,819.0,16.0,53.5,0.9691,False,True,False
1019,2004-04-22 03:00:00,,843.0,597.0,1242.0,1341.0,727.0,14.3,59.2,0.9601,False,True,False
1020,2004-04-22 04:00:00,,819.0,565.0,1295.0,1316.0,694.0,13.3,62.6,0.9498,False,True,False
1021,2004-04-22 05:00:00,,834.0,596.0,1276.0,1335.0,727.0,13.4,59.5,0.9097,False,True,False
1022,2004-04-22 06:00:00,,977.0,800.0,990.0,1474.0,926.0,12.2,64.1,0.9062,False,True,False
1023,2004-04-22 07:00:00,,1234.0,1109.0,767.0,1729.0,1194.0,13.9,57.2,0.9029,False,True,False
1024,2004-04-22 08:00:00,,1403.0,1340.0,623.0,2003.0,1502.0,15.2,53.2,0.9107,False,True,False
1025,2004-04-22 09:00:00,,1538.0,1458.0,593.0,2186.0,1743.0,19.2,41.6,0.9154,False,True,False
1026,2004-04-22 10:00:00,,1343.0,1299.0,694.0,1945.0,1542.0,23.7,30.6,0.8854,False,True,False
1027,2004-04-22 11:00:00,,1243.0,1162.0,766.0,1731.0,1354.0,26.1,26.8,0.8921,False,True,False
1028,2004-04-22 12:00:00,,1201.0,1102.0,814.0,1682.0,1175.0,28.1,24.4,0.9138,False,True,False
1029,2004-04-22 13:00:00,,1121.0,1020.0,893.0,1585.0,916.0,28.3,23.9,0.906,False,True,False
1030,2004-04-22 14:00:00,,1087.0,1055.0,908.0,1562.0,818.0,28.0,21.0,0.7814,False,True,False
1031,2004-04-22 15:00:00,,1165.0,1225.0,824.0,1676.0,1028.0,30.8,16.4,0.7167,False,True,False
1032,2004-04-22 16:00:00,,1224.0,1270.0,806.0,1739.0,1113.0,31.3,16.2,0.7262,False,True,False
1033,2004-04-22 17:00:00,,1431.0,1482.0,679.0,2025.0,1431.0,29.4,20.5,0.8262,False,True,False
1034,2004-04-22 18:00:00,,1433.0,1510.0,661.0,2038.0,1503.0,25.8,24.3,0.794,False,True,False
1035,2004-04-22 19:00:00,,1527.0,1664.0,587.0,2238.0,1775.0,23.8,29.5,0.8559,False,True,False
1036,2004-04-22 20:00:00,,1387.0,1361.0,701.0,1932.0,1505.0,22.0,34.8,0.908,False,True,False
1037,2004-04-22 21:00:00,,1158.0,1100.0,835.0,1659.0,1211.0,20.2,37.4,0.8748,False,True,False
1038,2004-04-22 22:00:00,,1009.0,907.0,982.0,1466.0,872.0,19.3,38.8,0.8559,False,True,False
1039,2004-04-22 23:00:00,,1026.0,890.0,976.0,1467.0,855.0,17.9,43.7,0.8856,False,True,False
1040,2004-04-23 00:00:00,,1119.0,979.0,873.0,1593.0,1170.0,17.2,47.9,0.9334,False,True,False
1041,2004-04-23 01:00:00,,1000.0,839.0,958.0,1467.0,1024.0,16.3,49.7,0.916,False,True,False
1042,2004-04-23 02:00:00,,866.0,675.0,1155.0,1337.0,841.0,16.7,46.5,0.8755,False,True,False
1043,2004-04-23 03:00:00,,848.0,642.0,1202.0,1325.0,760.0,14.6,53.0,0.8775,False,True,False
1044,2004-04-23 04:00:00,,844.0,608.0,1213.0,1314.0,803.0,14.1,53.9,0.8633,False,True,False
1045,2004-04-23 05:00:00,0.6,852.0,646.0,1186.0,1321.0,793.0,14.2,52.2,0.8413,True,False,False
1046,2004-04-23 06:00:00,0.8,923.0,757.0,1041.0,1418.0,906.0,14.3,55.4,0.9003,True,False,False
1047,2004-04-23 07:00:00,4.0,1490.0,1368.0,627.0,2119.0,1541.0,14.0,58.0,0.9202,True,False,False
1048,2004-04-23 08:00:00,5.6,1662.0,1576.0,523.0,2417.0,1861.0,15.4,53.3,0.9289,True,False,False
1049,2004-04-23 09:00:00,5.0,1553.0,1354.0,621.0,2030.0,1895.0,19.1,42.1,0.9233,True,False,False
1050,2004-04-23 10:00:00,3.2,1423.0,1247.0,706.0,1887.0,1684.0,23.7,31.0,0.8968,True,False,False
1051,2004-04-23 11:00:00,3.8,1458.0,1350.0,677.0,1947.0,1731.0,26.9,25.7,0.8942,True,False,False
1052,2004-04-23 12:00:00,3.3,1349.0,1299.0,728.0,1838.0,1402.0,29.7,20.6,0.8478,True,False,False
1053,2004-04-23 13:00:00,3.0,1326.0,1265.0,757.0,1835.0,1246.0,29.2,21.5,0.8573,True,False,False
1054,2004-04-23 14:00:00,3.2,1356.0,1312.0,729.0,1865.0,1342.0,29.6,20.1,0.8181,True,False,False
1055,2004-04-23 15:00:00,4.4,1460.0,1438.0,680.0,1953.0,1489.0,30.0,19.4,0.81,True,False,False
1056,2004-04-23 16:00:00,4.6,1497.0,1449.0,679.0,1985.0,1532.0,29.5,20.1,0.8136,True,False,False
1057,2004-04-23 17:00:00,5.2,1645.0,1566.0,599.0,2228.0,1909.0,27.0,26.8,0.9403,True,False,False
1058,2004-04-23 18:00:00,4.8,1557.0,1483.0,615.0,2087.0,1757.0,24.9,30.8,0.954,True,False,False
1059,2004-04-23 19:00:00,5.6,1747.0,1608.0,557.0,2335.0,1983.0,23.1,36.7,1.0244,True,False,False
1060,2004-04-23 20:00:00,4.6,1482.0,1319.0,660.0,1975.0,1703.0,21.5,40.8,1.0333,True,False,False
1061,2004-04-23 21:00:00,1.8,1211.0,1010.0,816.0,1619.0,1246.0,20.5,41.5,0.9864,True,False,False
1062,2004-04-23 22:00:00,2.2,1294.0,1083.0,770.0,1687.0,1321.0,19.2,44.9,0.9875,True,False,False
1063,2004-04-23 23:00:00,2.0,1300.0,1043.0,777.0,1659.0,1375.0,18.8,47.7,1.0221,True,False,False
1064,2004-04-24 00:00:00,2.8,1402.0,1098.0,736.0,1729.0,1456.0,18.2,49.7,1.0284,True,False,False
1065,2004-04-24 01:00:00,2.6,1349.0,1097.0,707.0,1763.0,1442.0,16.1,57.4,1.0451,True,False,False
1066,2004-04-24 02:00:00,1.8,1161.0,938.0,827.0,1597.0,1243.0,16.3,55.3,1.0178,True,False,False
1067,2004-04-24 03:00:00,1.1,1022.0,802.0,916.0,1481.0,1078.0,15.7,53.6,0.9483,True,False,False
1068,2004-04-24 04:00:00,,948.0,700.0,1045.0,1430.0,939.0,16.9,49.8,0.9514,False,True,False
1069,2004-04-24 05:00:00,0.7,933.0,697.0,1045.0,1403.0,937.0,14.8,57.7,0.9644,True,False,False
1070,2004-04-24 06:00:00,0.9,1021.0,800.0,931.0,1483.0,1019.0,14.0,59.7,0.9499,True,False,False
1071,2004-04-24 07:00:00,1.5,1134.0,979.0,794.0,1639.0,1140.0,14.6,56.8,0.9385,True,False,False
1072,2004-04-24 08:00:00,2.5,1311.0,1147.0,681.0,1838.0,1351.0,16.7,51.9,0.9788,True,False,False
1073,2004-04-24 09:00:00,3.0,1409.0,1169.0,685.0,1874.0,1459.0,20.0,45.0,1.039,True,False,False
1074,2004-04-24 10:00:00,2.6,1301.0,1059.0,787.0,1727.0,1297.0,23.9,33.7,0.9837,True,False,False
1075,2004-04-24 11:00:00,2.6,1354.0,1130.0,765.0,1808.0,1291.0,26.8,29.5,1.0209,True,False,False
1076,2004-04-24 12:00:00,2.6,1391.0,1136.0,738.0,1840.0,1296.0,27.2,32.4,1.1493,True,False,False
1077,2004-04-24 13:00:00,1.9,1200.0,929.0,879.0,1623.0,972.0,26.9,32.1,1.1217,True,False,False
1078,2004-04-24 14:00:00,2.0,1338.0,1016.0,798.0,1766.0,1194.0,24.3,41.8,1.2561,True,False,False
1079,2004-04-24 15:00:00,1.7,1223.0,938.0,884.0,1610.0,880.0,25.6,36.0,1.1629,True,False,False
1080,2004-04-24 16:00:00,1.9,1278.0,1003.0,845.0,1691.0,909.0,27.0,31.8,1.1176,True,False,False
1081,2004-04-24 17:00:00,1.8,1257.0,973.0,860.0,1634.0,839.0,27.5,31.6,1.1417,True,False,False
1082,2004-04-24 18:00:00,2.8,1497.0,1171.0,725.0,1899.0,1248.0,24.9,38.1,1.1838,True,False,False
1083,2004-04-24 19:00:00,3.5,1567.0,1280.0,661.0,1970.0,1476.0,23.4,39.7,1.1276,True,False,False
1084,2004-04-24 20:00:00,3.4,1503.0,1203.0,651.0,1863.0,1502.0,21.2,50.8,1.2631,True,False,False
1085,2004-04-24 21:00:00,2.0,1169.0,850.0,906.0,1584.0,873.0,15.6,73.5,1.2953,True,False,False
1086,2004-04-24 22:00:00,1.1,1007.0,650.0,1157.0,1404.0,528.0,12.9,79.7,1.1774,True,False,False
1087,2004-04-24 23:00:00,1.3,1004.0,667.0,1157.0,1365.0,492.0,11.5,76.9,1.0436,True,False,False
1088,2004-04-25 00:00:00,1.2,967.0,661.0,1181.0,1321.0,463.0,12.2,66.8,0.9455,True,False,False
1089,2004-04-25 01:00:00,1.3,984.0,707.0,1131.0,1359.0,494.0,12.4,64.1,0.9209,True,False,False
1090,2004-04-25 02:00:00,1.0,931.0,689.0,1161.0,1317.0,503.0,12.7,58.7,0.8605,True,False,False
1091,2004-04-25 03:00:00,1.3,966.0,737.0,1083.0,1363.0,581.0,12.6,58.6,0.8529,True,False,False
1092,2004-04-25 04:00:00,,777.0,521.0,1535.0,1121.0,350.0,12.5,51.2,0.7374,False,True,False
1093,2004-04-25 05:00:00,0.3,763.0,471.0,1783.0,1098.0,305.0,12.5,50.9,0.7346,True,False,False
1094,2004-04-25 06:00:00,0.5,804.0,505.0,1718.0,1148.0,329.0,12.8,49.3,0.7285,True,False,False
1095,2004-04-25 07:00:00,0.6,830.0,535.0,1496.0,1184.0,375.0,13.5,48.6,0.7487,True,False,False
1096,2004-04-25 08:00:00,0.6,833.0,553.0,1476.0,1180.0,373.0,14.4,45.9,0.7476,True,False,False
1097,2004-04-25 09:00:00,0.8,875.0,603.0,1370.0,1206.0,385.0,15.1,43.9,0.7487,True,False,False
1098,2004-04-25 10:00:00,1.0,882.0,621.0,1346.0,1216.0,403.0,16.6,38.6,0.7236,True,False,False
1099,2004-04-25 11:00:00,0.9,862.0,635.0,1320.0,1193.0,393.0,17.2,35.0,0.6789,True,False,False
1100,2004-04-25 12:00:00,1.0,863.0,636.0,1290.0,1185.0,388.0,17.4,33.9,0.6683,True,False,False
1101,2004-04-25 13:00:00,0.8,830.0,596.0,1389.0,1145.0,371.0,17.9,30.7,0.6234,True,False,False
1102,2004-04-25 14:00:00,0.7,807.0,584.0,1488.0,1104.0,347.0,18.3,27.2,0.5675,True,False,False
1103,2004-04-25 15:00:00,0.9,873.0,675.0,1343.0,1181.0,396.0,19.4,25.7,0.5738,True,False,False
1104,2004-04-25 16:00:00,1.3,931.0,739.0,1274.0,1219.0,474.0,20.2,24.1,0.563,True,False,False
1105,2004-04-25 17:00:00,1.4,918.0,748.0,1228.0,1219.0,505.0,19.6,24.9,0.5625,True,False,False
1106,2004-04-25 18:00:00,1.5,1001.0,811.0,1122.0,1344.0,625.0,18.5,27.8,0.5843,True,False,False
1107,2004-04-25 19:00:00,2.7,1169.0,1039.0,883.0,1550.0,941.0,17.8,30.3,0.6129,True,False,False
1108,2004-04-25 20:00:00,2.5,1085.0,907.0,976.0,1419.0,893.0,16.6,34.0,0.6353,True,False,False
1109,2004-04-25 21:00:00,1.4,940.0,769.0,1103.0,1310.0,731.0,15.5,37.0,0.6447,True,False,False
1110,2004-04-25 22:00:00,2.8,1126.0,1083.0,875.0,1654.0,955.0,14.8,39.5,0.6595,True,False,False
1111,2004-04-25 23:00:00,2.1,978.0,858.0,1013.0,1379.0,761.0,14.5,42.0,0.6896,True,False,False
1112,2004-04-26 00:00:00,1.1,893.0,703.0,1192.0,1283.0,515.0,14.1,44.9,0.7206,True,False,False
1113,2004-04-26 01:00:00,0.7,838.0,601.0,1361.0,1220.0,434.0,14.2,45.5,0.7333,True,False,False
1114,2004-04-26 02:00:00,0.4,803.0,527.0,1513.0,1152.0,369.0,14.1,45.3,0.7247,True,False,False
1115,2004-04-26 03:00:00,0.3,775.0,477.0,1722.0,1115.0,335.0,14.0,44.3,0.7038,True,False,False
1116,2004-04-26 04:00:00,,767.0,454.0,1826.0,1091.0,319.0,14.1,43.0,0.689,False,True,False
1117,2004-04-26 05:00:00,0.4,809.0,521.0,1575.0,1158.0,378.0,13.9,43.9,0.6923,True,False,False
1118,2004-04-26 06:00:00,0.8,898.0,676.0,1271.0,1307.0,517.0,14.0,43.8,0.6959,True,False,False
1119,2004-04-26 07:00:00,1.9,1053.0,880.0,982.0,1464.0,786.0,14.4,43.6,0.7113,True,False,False
1120,2004-04-26 08:00:00,2.1,1033.0,934.0,917.0,1490.0,844.0,15.0,41.7,0.7093,True,False,False
1121,2004-04-26 09:00:00,1.4,941.0,780.0,1080.0,1343.0,720.0,16.3,38.4,0.7052,True,False,False
1122,2004-04-26 10:00:00,1.4,941.0,782.0,1102.0,1328.0,668.0,18.3,32.3,0.676,True,False,False
1123,2004-04-26 11:00:00,1.3,917.0,772.0,1098.0,1311.0,605.0,18.8,31.7,0.6821,True,False,False
1124,2004-04-26 12:00:00,1.5,977.0,837.0,1038.0,1413.0,646.0,19.6,30.9,0.6968,True,False,False
1125,2004-04-26 13:00:00,1.6,994.0,851.0,1018.0,1436.0,640.0,20.2,30.7,0.7176,True,False,False
1126,2004-04-26 14:00:00,1.3,942.0,785.0,1065.0,1365.0,571.0,19.7,32.5,0.7396,True,False,False
1127,2004-04-26 15:00:00,1.4,981.0,810.0,1060.0,1395.0,605.0,20.7,31.6,0.7602,True,False,False
1128,2004-04-26 16:00:00,1.5,984.0,832.0,1034.0,1410.0,636.0,20.0,32.7,0.7545,True,False,False
1129,2004-04-26 17:00:00,2.2,1116.0,1003.0,864.0,1625.0,886.0,18.6,35.4,0.7535,True,False,False
1130,2004-04-26 18:00:00,3.2,1181.0,1114.0,787.0,1685.0,1032.0,18.3,35.9,0.7501,True,False,False
1131,2004-04-26 19:00:00,3.0,1163.0,1068.0,811.0,1616.0,977.0,17.8,37.5,0.7568,True,False,False
1132,2004-04-26 20:00:00,2.6,1081.0,950.0,907.0,1496.0,924.0,17.3,38.8,0.7584,True,False,False
1133,2004-04-26 21:00:00,1.6,1017.0,842.0,1000.0,1441.0,846.0,17.3,38.8,0.7596,True,False,False
1134,2004-04-26 22:00:00,1.5,966.0,778.0,1057.0,1359.0,755.0,16.4,40.8,0.7542,True,False,False
1135,2004-04-26 23:00:00,1.2,924.0,709.0,1158.0,1318.0,610.0,16.0,41.4,0.7487,True,False,False
1136,2004-04-27 00:00:00,0.8,861.0,601.0,1351.0,1225.0,439.0,15.4,43.0,0.7482,True,False,False
1137,2004-04-27 01:00:00,0.7,826.0,560.0,1424.0,1197.0,402.0,15.7,42.5,0.7539,True,False,False
1138,2004-04-27 02:00:00,0.5,846.0,557.0,1385.0,1212.0,406.0,15.6,43.4,0.7651,True,False,False
1139,2004-04-27 03:00:00,0.5,842.0,545.0,1423.0,1224.0,424.0,15.2,45.8,0.7864,True,False,False
1140,2004-04-27 04:00:00,,909.0,617.0,1236.0,1302.0,558.0,14.7,49.9,0.828,False,True,False
1141,2004-04-27 05:00:00,0.7,930.0,670.0,1143.0,1339.0,746.0,15.5,47.3,0.8282,True,False,False
1142,2004-04-27 06:00:00,1.4,1120.0,935.0,843.0,1593.0,1126.0,14.4,53.1,0.8677,True,False,False
1143,2004-04-27 07:00:00,4.1,1518.0,1389.0,589.0,2101.0,1703.0,15.9,48.5,0.8704,True,False,False
1144,2004-04-27 08:00:00,4.6,1461.0,1398.0,630.0,2050.0,1628.0,18.1,40.3,0.8294,True,False,False
1145,2004-04-27 09:00:00,1.9,1075.0,896.0,938.0,1487.0,936.0,19.6,35.9,0.81,True,False,False
1146,2004-04-27 10:00:00,1.9,1061.0,908.0,968.0,1455.0,890.0,22.8,29.1,0.796,True,False,False
1147,2004-04-27 11:00:00,1.7,1066.0,931.0,979.0,1474.0,757.0,24.8,25.3,0.7793,True,False,False
1148,2004-04-27 12:00:00,2.4,1179.0,1137.0,829.0,1651.0,949.0,27.2,22.0,0.7785,True,False,False
1149,2004-04-27 13:00:00,3.0,1251.0,1238.0,773.0,1779.0,1109.0,28.2,20.4,0.7677,True,False,False
1150,2004-04-27 14:00:00,2.0,1120.0,1048.0,898.0,1560.0,870.0,25.4,24.2,0.7733,True,False,False
1151,2004-04-27 15:00:00,2.7,1187.0,1142.0,840.0,1651.0,1011.0,25.7,23.8,0.7737,True,False,False
1152,2004-04-27 16:00:00,2.2,1145.0,1066.0,903.0,1592.0,885.0,27.2,22.1,0.7811,True,False,False
1153,2004-04-27 17:00:00,2.9,1215.0,1164.0,817.0,1689.0,1015.0,27.0,22.3,0.786,True,False,False
1154,2004-04-27 18:00:00,3.4,1317.0,1231.0,766.0,1798.0,1155.0,24.5,27.8,0.8433,True,False,False
1155,2004-04-27 19:00:00,3.9,1388.0,1341.0,702.0,1955.0,1315.0,23.7,30.2,0.8718,True,False,False
1156,2004-04-27 20:00:00,3.6,1295.0,1266.0,716.0,1849.0,1359.0,21.5,34.5,0.8746,True,False,False
1157,2004-04-27 21:00:00,2.5,1153.0,1066.0,811.0,1651.0,1194.0,19.9,37.8,0.8675,True,False,False
1158,2004-04-27 22:00:00,1.8,1078.0,932.0,905.0,1511.0,951.0,18.9,40.6,0.8771,True,False,False
1159,2004-04-27 23:00:00,2.0,1133.0,1012.0,806.0,1608.0,1054.0,17.9,43.5,0.884,True,False,False
1160,2004-04-28 00:00:00,1.3,1055.0,899.0,880.0,1504.0,980.0,17.4,46.3,0.9112,True,False,False
1161,2004-04-28 01:00:00,1.0,953.0,735.0,999.0,1396.0,898.0,18.1,44.7,0.9186,True,False,False
1162,2004-04-28 02:00:00,0.6,892.0,639.0,1139.0,1359.0,803.0,16.5,50.1,0.9331,True,False,False
1163,2004-04-28 03:00:00,0.6,895.0,632.0,1167.0,1347.0,684.0,14.2,56.9,0.9141,True,False,False
1164,2004-04-28 04:00:00,,859.0,602.0,1209.0,1321.0,644.0,14.7,56.2,0.9341,False,True,False
1165,2004-04-28 05:00:00,0.5,856.0,619.0,1191.0,1345.0,677.0,16.3,52.8,0.9722,True,False,False
1166,2004-04-28 06:00:00,1.1,1030.0,880.0,892.0,1539.0,996.0,13.9,60.7,0.9597,True,False,False
1167,2004-04-28 07:00:00,5.5,1689.0,1560.0,529.0,2396.0,1736.0,15.0,58.3,0.9876,True,False,False
1168,2004-04-28 08:00:00,4.2,1486.0,1351.0,571.0,2112.0,1692.0,16.1,54.8,0.996,True,False,False
1169,2004-04-28 09:00:00,4.6,1592.0,1423.0,577.0,2155.0,2108.0,19.3,46.4,1.0248,True,False,False
1170,2004-04-28 10:00:00,3.4,1469.0,1252.0,692.0,1903.0,1807.0,24.2,33.8,1.0097,True,False,False
1171,2004-04-28 11:00:00,2.8,1364.0,1205.0,723.0,1850.0,1566.0,26.7,28.7,0.9895,True,False,False
1172,2004-04-28 12:00:00,2.5,1285.0,1123.0,755.0,1741.0,1293.0,27.4,28.2,1.0098,True,False,False
1173,2004-04-28 13:00:00,2.4,1311.0,1170.0,748.0,1787.0,1219.0,28.1,26.9,1.0094,True,False,False
1174,2004-04-28 14:00:00,3.2,1416.0,1348.0,684.0,1969.0,1330.0,27.7,26.5,0.9693,True,False,False
1175,2004-04-28 15:00:00,3.5,1387.0,1318.0,701.0,1890.0,1299.0,28.4,23.4,0.8935,True,False,False
1176,2004-04-28 16:00:00,2.9,1329.0,1185.0,768.0,1750.0,1111.0,28.4,26.0,0.9922,True,False,False
1177,2004-04-28 17:00:00,3.6,1496.0,1292.0,680.0,1878.0,1300.0,27.3,30.0,1.0752,True,False,False
1178,2004-04-28 18:00:00,4.8,1676.0,1525.0,567.0,2226.0,1653.0,24.3,37.3,1.1199,True,False,False
1179,2004-04-28 19:00:00,5.4,1724.0,1510.0,562.0,2252.0,1716.0,23.1,42.2,1.1746,True,False,False
1180,2004-04-28 20:00:00,5.3,1642.0,1426.0,597.0,2117.0,1720.0,21.8,43.6,1.1226,True,False,False
1181,2004-04-28 21:00:00,2.7,1267.0,1088.0,764.0,1740.0,1339.0,19.8,46.8,1.0702,True,False,False
1182,2004-04-28 22:00:00,1.4,1146.0,923.0,845.0,1575.0,1166.0,19.6,49.8,1.1221,True,False,False
1183,2004-04-28 23:00:00,1.6,1216.0,960.0,788.0,1662.0,1256.0,17.9,56.2,1.142,True,False,False
1184,2004-04-29 00:00:00,1.5,1128.0,891.0,838.0,1574.0,1125.0,17.4,55.6,1.0963,True,False,False
1185,2004-04-29 01:00:00,1.0,1042.0,772.0,923.0,1495.0,968.0,16.8,59.5,1.1269,True,False,False
1186,2004-04-29 02:00:00,0.6,926.0,639.0,1115.0,1409.0,814.0,15.9,60.1,1.0806,True,False,False
1187,2004-04-29 03:00:00,0.4,898.0,608.0,1154.0,1386.0,743.0,15.6,61.2,1.0784,True,False,False
1188,2004-04-29 04:00:00,,889.0,617.0,1168.0,1382.0,758.0,14.6,63.4,1.0446,False,True,False
1189,2004-04-29 05:00:00,0.8,959.0,734.0,1038.0,1470.0,861.0,13.3,67.0,1.0203,True,False,False
1190,2004-04-29 06:00:00,1.5,1097.0,956.0,827.0,1620.0,1047.0,12.9,66.5,0.9846,True,False,False
1191,2004-04-29 07:00:00,4.9,1674.0,1547.0,539.0,2405.0,1665.0,14.8,61.3,1.0237,True,False,False
1192,2004-04-29 08:00:00,7.2,1771.0,1690.0,461.0,2572.0,1982.0,16.1,56.5,1.0274,True,False,False
1193,2004-04-29 09:00:00,3.5,1408.0,1241.0,648.0,1886.0,1711.0,18.6,47.8,1.0143,True,False,False
1194,2004-04-29 10:00:00,2.1,1156.0,1009.0,875.0,1583.0,1204.0,23.8,30.2,0.8771,True,False,False
1195,2004-04-29 11:00:00,1.5,1042.0,941.0,971.0,1491.0,871.0,25.4,25.0,0.7966,True,False,False
1196,2004-04-29 12:00:00,2.0,1167.0,1128.0,829.0,1716.0,1040.0,25.6,25.5,0.8234,True,False,False
1197,2004-04-29 13:00:00,3.8,1398.0,1360.0,656.0,2037.0,1439.0,24.9,29.9,0.9325,True,False,False
1198,2004-04-29 14:00:00,3.4,1458.0,1321.0,654.0,2023.0,1516.0,22.4,37.9,1.016,True,False,False
1199,2004-04-29 15:00:00,4.4,1554.0,1379.0,614.0,2151.0,1693.0,21.7,44.0,1.1242,True,False,False
1200,2004-04-29 16:00:00,3.9,1495.0,1331.0,615.0,2069.0,1635.0,21.4,44.4,1.1176,True,False,False
1201,2004-04-29 17:00:00,4.9,1560.0,1424.0,579.0,2176.0,1688.0,20.8,45.3,1.1016,True,False,False
1202,2004-04-29 18:00:00,5.4,1664.0,1519.0,553.0,2312.0,1820.0,20.2,48.6,1.1354,True,False,False
1203,2004-04-29 19:00:00,6.5,1761.0,1610.0,502.0,2488.0,2006.0,20.2,50.8,1.1924,True,False,False
1204,2004-04-29 20:00:00,4.3,1524.0,1275.0,608.0,2046.0,1740.0,18.6,57.6,1.2233,True,False,False
1205,2004-04-29 21:00:00,2.9,1398.0,1189.0,646.0,1931.0,1577.0,18.2,58.8,1.2173,True,False,False
1206,2004-04-29 22:00:00,2.7,1342.0,1106.0,694.0,1856.0,1443.0,17.8,61.0,1.2352,True,False,False
1207,2004-04-29 23:00:00,2.8,1433.0,1104.0,681.0,1876.0,1411.0,17.0,70.7,1.3554,True,False,False
1208,2004-04-30 00:00:00,2.3,1297.0,1019.0,733.0,1823.0,1217.0,16.2,76.9,1.4051,True,False,False
1209,2004-04-30 01:00:00,1.7,1179.0,884.0,830.0,1696.0,1086.0,15.7,78.6,1.3943,True,False,False
1210,2004-04-30 02:00:00,1.2,1097.0,809.0,897.0,1628.0,1050.0,15.7,78.4,1.3917,True,False,False
1211,2004-04-30 03:00:00,1.0,1054.0,761.0,963.0,1598.0,965.0,15.7,77.4,1.3683,True,False,False
1212,2004-04-30 04:00:00,,1017.0,711.0,1009.0,1554.0,906.0,15.4,78.5,1.3635,False,True,False
1213,2004-04-30 05:00:00,0.8,1005.0,738.0,1005.0,1563.0,917.0,15.7,74.7,1.3194,True,False,False
1214,2004-04-30 06:00:00,1.7,1206.0,949.0,818.0,1771.0,1116.0,15.9,73.1,1.3136,True,False,False
1215,2004-04-30 07:00:00,3.0,1458.0,1249.0,662.0,2033.0,1380.0,16.6,68.2,1.2737,True,False,False
1216,2004-04-30 08:00:00,3.4,1405.0,1295.0,638.0,2065.0,1378.0,18.7,57.6,1.2323,True,False,False
1217,2004-04-30 09:00:00,3.3,1381.0,1199.0,685.0,1970.0,1365.0,17.6,65.0,1.2945,True,False,False
1218,2004-04-30 10:00:00,2.7,1315.0,1072.0,736.0,1833.0,1273.0,16.3,73.2,1.3458,True,False,False
1219,2004-04-30 11:00:00,2.6,1332.0,1082.0,707.0,1889.0,1242.0,16.0,78.5,1.4209,True,False,False
1220,2004-04-30 12:00:00,3.2,1362.0,1145.0,673.0,1973.0,1294.0,17.3,72.4,1.4125,True,False,False
1221,2004-04-30 13:00:00,3.4,1399.0,1222.0,643.0,2061.0,1413.0,19.4,60.9,1.3545,True,False,False
1222,2004-04-30 14:00:00,2.6,1310.0,1160.0,695.0,1939.0,1224.0,21.4,50.9,1.2823,True,False,False
1223,2004-04-30 15:00:00,3.4,1399.0,1201.0,699.0,1971.0,1318.0,22.7,45.8,1.2465,True,False,False
1224,2004-04-30 16:00:00,4.0,1524.0,1239.0,644.0,2139.0,1404.0,20.9,60.8,1.4852,True,False,False
1225,2004-04-30 17:00:00,4.5,1487.0,1274.0,641.0,2133.0,1471.0,21.0,54.3,1.3353,True,False,False
1226,2004-04-30 18:00:00,4.2,1480.0,1324.0,622.0,2162.0,1623.0,20.8,54.4,1.3194,True,False,False
1227,2004-04-30 19:00:00,5.7,1626.0,1476.0,555.0,2356.0,1786.0,19.8,58.6,1.3392,True,False,False
1228,2004-04-30 20:00:00,4.4,1449.0,1282.0,625.0,2100.0,1569.0,19.1,61.1,1.3345,True,False,False
1229,2004-04-30 21:00:00,3.1,1363.0,1152.0,684.0,1951.0,1495.0,18.2,65.4,1.3529,True,False,False
1230,2004-04-30 22:00:00,3.0,1371.0,1136.0,689.0,1927.0,1471.0,18.1,66.1,1.3579,True,False,False
1231,2004-04-30 23:00:00,3.1,1406.0,1107.0,718.0,1872.0,1384.0,17.7,66.9,1.3422,True,False,False
1232,2004-05-01 00:00:00,3.5,1425.0,1155.0,709.0,1936.0,1789.0,17.8,66.8,1.346,True,False,False
1233,2004-05-01 01:00:00,2.4,1179.0,951.0,826.0,1724.0,1323.0,17.3,68.3,1.3346,True,False,False
1234,2004-05-01 02:00:00,1.6,1047.0,833.0,939.0,1647.0,1081.0,16.5,70.2,1.3099,True,False,False
1235,2004-05-01 03:00:00,1.3,1009.0,825.0,950.0,1629.0,938.0,15.7,73.1,1.2902,True,False,False
1236,2004-05-01 04:00:00,,882.0,685.0,1134.0,1492.0,673.0,16.2,69.9,1.2756,False,True,False
1237,2004-05-01 05:00:00,0.6,858.0,624.0,1205.0,1434.0,543.0,16.7,67.1,1.2619,True,False,False
1238,2004-05-01 06:00:00,0.7,875.0,659.0,1180.0,1452.0,561.0,16.7,66.9,1.2631,True,False,False
1239,2004-05-01 07:00:00,1.2,1012.0,833.0,916.0,1632.0,862.0,16.9,66.5,1.2688,True,False,False
1240,2004-05-01 08:00:00,1.5,1049.0,836.0,926.0,1615.0,901.0,17.7,62.0,1.2458,True,False,False
1241,2004-05-01 09:00:00,1.8,1131.0,932.0,854.0,1693.0,1048.0,19.4,54.6,1.2184,True,False,False
1242,2004-05-01 10:00:00,2.1,1120.0,931.0,886.0,1652.0,971.0,21.6,46.1,1.1725,True,False,False
1243,2004-05-01 11:00:00,1.9,1117.0,946.0,909.0,1657.0,915.0,24.6,36.7,1.1202,True,False,False
1244,2004-05-01 12:00:00,2.0,1110.0,948.0,901.0,1632.0,891.0,26.0,31.9,1.0566,True,False,False
1245,2004-05-01 13:00:00,1.3,962.0,816.0,1044.0,1489.0,628.0,25.6,31.5,1.0184,True,False,False
1246,2004-05-01 14:00:00,1.3,963.0,835.0,1029.0,1495.0,556.0,24.8,34.8,1.0716,True,False,False
1247,2004-05-01 15:00:00,1.8,1050.0,948.0,928.0,1584.0,652.0,26.1,30.3,1.0101,True,False,False
1248,2004-05-01 16:00:00,2.0,1053.0,911.0,949.0,1603.0,683.0,25.5,33.5,1.0767,True,False,False
1249,2004-05-01 17:00:00,1.8,1045.0,910.0,948.0,1598.0,624.0,23.7,37.2,1.0746,True,False,False
1250,2004-05-01 18:00:00,2.4,1124.0,1013.0,849.0,1676.0,733.0,22.3,38.9,1.0324,True,False,False
1251,2004-05-01 19:00:00,4.0,1330.0,1140.0,759.0,1780.0,1062.0,20.7,42.8,1.0298,True,False,False
1252,2004-05-01 20:00:00,2.8,1171.0,1006.0,835.0,1674.0,988.0,19.0,51.7,1.1222,True,False,False
1253,2004-05-01 21:00:00,2.0,1085.0,954.0,866.0,1656.0,871.0,17.8,55.5,1.1174,True,False,False
1254,2004-05-01 22:00:00,3.6,1358.0,1144.0,727.0,1851.0,1243.0,17.4,57.6,1.1342,True,False,False
1255,2004-05-01 23:00:00,3.7,1385.0,1094.0,765.0,1769.0,1175.0,17.6,58.5,1.1645,True,False,False
1256,2004-05-02 00:00:00,2.3,1167.0,914.0,876.0,1599.0,1126.0,17.2,59.3,1.1551,True,False,False
1257,2004-05-02 01:00:00,1.8,1072.0,894.0,893.0,1646.0,1118.0,17.1,60.4,1.1633,True,False,False
1258,2004-05-02 02:00:00,0.9,938.0,789.0,989.0,1536.0,864.0,16.4,62.2,1.1507,True,False,False
1259,2004-05-02 03:00:00,1.6,1000.0,838.0,910.0,1580.0,942.0,14.8,67.6,1.1352,True,False,False
1260,2004-05-02 04:00:00,,854.0,670.0,1141.0,1460.0,684.0,14.8,65.8,1.1028,False,True,False
1261,2004-05-02 05:00:00,0.6,815.0,628.0,1212.0,1426.0,689.0,14.7,65.2,1.0811,True,False,False
1262,2004-05-02 06:00:00,0.7,866.0,689.0,1138.0,1456.0,767.0,13.1,70.2,1.0554,True,False,False
1263,2004-05-02 07:00:00,0.8,911.0,751.0,1036.0,1518.0,817.0,14.3,66.2,1.0728,True,False,False
1264,2004-05-02 08:00:00,1.2,988.0,806.0,951.0,1568.0,940.0,16.0,61.6,1.1083,True,False,False
1265,2004-05-02 09:00:00,1.4,1046.0,851.0,920.0,1595.0,908.0,17.7,56.4,1.1342,True,False,False
1266,2004-05-02 10:00:00,1.6,1085.0,918.0,890.0,1639.0,871.0,21.3,44.7,1.1157,True,False,False
1267,2004-05-02 11:00:00,1.3,1008.0,816.0,1015.0,1531.0,689.0,23.6,36.4,1.0431,True,False,False
1268,2004-05-02 12:00:00,1.3,1004.0,821.0,1031.0,1510.0,629.0,24.3,34.0,1.0149,True,False,False
1269,2004-05-02 13:00:00,1.1,948.0,754.0,1086.0,1436.0,602.0,24.4,32.7,0.9863,True,False,False
1270,2004-05-02 14:00:00,1.2,1026.0,847.0,1010.0,1519.0,617.0,24.6,31.7,0.9647,True,False,False
1271,2004-05-02 15:00:00,1.5,1047.0,859.0,948.0,1538.0,677.0,23.9,34.3,1.002,True,False,False
1272,2004-05-02 16:00:00,1.1,1018.0,790.0,1047.0,1443.0,580.0,25.9,28.1,0.9258,True,False,False
1273,2004-05-02 17:00:00,1.9,1160.0,957.0,884.0,1637.0,861.0,24.5,32.3,0.9815,True,False,False
1274,2004-05-02 18:00:00,2.3,1269.0,1047.0,809.0,1721.0,1080.0,22.6,39.3,1.06,True,False,False
1275,2004-05-02 19:00:00,3.3,1394.0,1111.0,736.0,1853.0,1288.0,21.2,47.5,1.1828,True,False,False
1276,2004-05-02 20:00:00,2.6,1292.0,1003.0,789.0,1753.0,1163.0,19.9,54.9,1.2632,True,False,False
1277,2004-05-02 21:00:00,2.2,1212.0,966.0,840.0,1691.0,1043.0,19.4,52.1,1.1642,True,False,False
1278,2004-05-02 22:00:00,2.3,1137.0,985.0,858.0,1607.0,1045.0,19.4,42.6,0.9485,True,False,False
1279,2004-05-02 23:00:00,2.0,1080.0,910.0,923.0,1548.0,929.0,19.1,44.1,0.966,True,False,False
1280,2004-05-03 00:00:00,1.6,1031.0,861.0,903.0,1534.0,825.0,18.0,49.3,1.0086,True,False,False
1281,2004-05-03 01:00:00,0.8,917.0,654.0,1169.0,1414.0,545.0,17.6,54.6,1.0918,True,False,False
1282,2004-05-03 02:00:00,0.6,888.0,598.0,1228.0,1397.0,500.0,16.4,62.1,1.1493,True,False,False
1283,2004-05-03 03:00:00,0.4,872.0,564.0,1284.0,1385.0,494.0,15.6,65.3,1.1484,True,False,False
1284,2004-05-03 04:00:00,,876.0,547.0,1256.0,1351.0,505.0,16.0,61.4,1.1043,False,True,False
1285,2004-05-03 05:00:00,0.7,964.0,697.0,1067.0,1516.0,717.0,15.8,64.3,1.1416,True,False,False
1286,2004-05-03 06:00:00,1.3,1147.0,906.0,815.0,1687.0,1126.0,16.0,65.8,1.1844,True,False,False
1287,2004-05-03 07:00:00,3.4,1493.0,1328.0,577.0,2193.0,1597.0,16.8,62.5,1.1869,True,False,False
1288,2004-05-03 08:00:00,4.7,1597.0,1466.0,518.0,2400.0,1687.0,16.9,66.1,1.2613,True,False,False
1289,2004-05-03 09:00:00,3.4,1483.0,1222.0,597.0,2054.0,1529.0,17.4,68.9,1.3557,True,False,False
1290,2004-05-03 10:00:00,2.5,1222.0,1080.0,742.0,1755.0,1366.0,21.4,45.0,1.1291,True,False,False
1291,2004-05-03 11:00:00,2.0,1060.0,1010.0,858.0,1623.0,1074.0,23.9,30.7,0.9002,True,False,False
1292,2004-05-03 12:00:00,1.9,1048.0,1013.0,886.0,1584.0,940.0,26.8,25.2,0.8721,True,False,False
1293,2004-05-03 13:00:00,1.7,1051.0,1008.0,911.0,1561.0,921.0,28.4,23.6,0.8983,True,False,False
1294,2004-05-03 14:00:00,1.4,998.0,977.0,947.0,1496.0,695.0,30.3,20.1,0.8539,True,False,False
1295,2004-05-03 15:00:00,1.5,1058.0,1023.0,896.0,1580.0,795.0,30.9,19.7,0.8649,True,False,False
1296,2004-05-03 16:00:00,2.4,1203.0,1204.0,790.0,1744.0,1079.0,30.2,20.5,0.8672,True,False,False
1297,2004-05-03 17:00:00,3.9,1491.0,1392.0,630.0,2149.0,1473.0,26.4,34.6,1.1724,True,False,False
1298,2004-05-03 18:00:00,4.2,1467.0,1385.0,623.0,2084.0,1493.0,24.9,39.4,1.2268,True,False,False
1299,2004-05-03 19:00:00,3.7,1407.0,1279.0,660.0,2009.0,1308.0,23.5,43.7,1.2484,True,False,False
1300,2004-05-03 20:00:00,3.2,1324.0,1086.0,692.0,1903.0,1189.0,19.3,63.1,1.4028,True,False,False
1301,2004-05-03 21:00:00,2.0,1214.0,970.0,777.0,1771.0,1076.0,18.7,64.6,1.3836,True,False,False
1302,2004-05-03 22:00:00,1.1,1016.0,780.0,967.0,1566.0,806.0,19.5,57.1,1.2806,True,False,False
1303,2004-05-03 23:00:00,1.5,1135.0,842.0,872.0,1653.0,973.0,18.9,62.5,1.3521,True,False,False
1304,2004-05-04 00:00:00,1.3,1065.0,789.0,936.0,1620.0,929.0,18.4,65.8,1.3802,True,False,False
1305,2004-05-04 01:00:00,1.0,999.0,692.0,1038.0,1588.0,778.0,16.4,79.2,1.4681,True,False,False
1306,2004-05-04 02:00:00,0.6,911.0,599.0,1189.0,1517.0,633.0,16.1,80.0,1.4562,True,False,False
1307,2004-05-04 03:00:00,0.4,873.0,545.0,1308.0,1471.0,497.0,15.6,81.0,1.4302,True,False,False
1308,2004-05-04 04:00:00,,881.0,546.0,1335.0,1465.0,458.0,15.6,81.0,1.4216,False,True,False
1309,2004-05-04 05:00:00,0.6,967.0,646.0,1117.0,1552.0,579.0,15.7,80.5,1.4236,True,False,False
1310,2004-05-04 06:00:00,1.9,1280.0,976.0,780.0,1912.0,1003.0,16.0,80.8,1.4602,True,False,False
1311,2004-05-04 07:00:00,4.5,1564.0,1379.0,552.0,2306.0,1393.0,16.6,78.0,1.4572,True,False,False
1312,2004-05-04 08:00:00,4.3,1505.0,1358.0,556.0,2248.0,1406.0,16.1,79.2,1.4398,True,False,False
1313,2004-05-04 09:00:00,3.2,1309.0,1186.0,649.0,1973.0,1308.0,17.7,70.8,1.4171,True,False,False
1314,2004-05-04 10:00:00,1.3,1035.0,895.0,898.0,1657.0,863.0,20.3,54.8,1.2867,True,False,False
1315,2004-05-04 11:00:00,2.2,1148.0,1062.0,753.0,1825.0,1004.0,21.2,49.3,1.2271,True,False,False
1316,2004-05-04 12:00:00,2.6,1152.0,1104.0,725.0,1860.0,1023.0,21.5,47.9,1.2178,True,False,False
1317,2004-05-04 13:00:00,2.3,1131.0,1059.0,772.0,1784.0,978.0,21.4,47.7,1.2047,True,False,False
1318,2004-05-04 14:00:00,2.4,1142.0,1053.0,753.0,1814.0,979.0,20.4,54.0,1.2757,True,False,False
1319,2004-05-04 15:00:00,2.6,1197.0,1082.0,753.0,1851.0,971.0,19.9,57.1,1.3158,True,False,False
1320,2004-05-04 16:00:00,1.2,960.0,828.0,971.0,1565.0,617.0,19.9,55.2,1.2701,True,False,False
1321,2004-05-04 17:00:00,1.6,1077.0,1001.0,836.0,1764.0,717.0,19.5,55.7,1.2512,True,False,False
1322,2004-05-04 18:00:00,3.9,1377.0,1313.0,612.0,2120.0,1220.0,18.3,62.8,1.3127,True,False,False
1323,2004-05-04 19:00:00,4.7,1405.0,1353.0,602.0,2185.0,1296.0,17.2,68.3,1.3289,True,False,False
1324,2004-05-04 20:00:00,5.4,1484.0,1319.0,591.0,2166.0,1413.0,16.1,75.2,1.3654,True,False,False
1325,2004-05-04 21:00:00,3.0,1187.0,1042.0,766.0,1840.0,1093.0,16.6,70.8,1.3253,True,False,False
1326,2004-05-04 22:00:00,0.9,870.0,729.0,1096.0,1475.0,586.0,18.5,56.0,1.181,True,False,False
1327,2004-05-04 23:00:00,1.1,932.0,765.0,1054.0,1543.0,575.0,17.3,59.5,1.1667,True,False,False
1328,2004-05-05 00:00:00,0.7,830.0,608.0,1282.0,1370.0,441.0,18.6,52.3,1.1121,True,False,False
1329,2004-05-05 01:00:00,0.5,778.0,534.0,1480.0,1294.0,358.0,19.0,49.8,1.0831,True,False,False
1330,2004-05-05 02:00:00,0.5,820.0,541.0,1450.0,1360.0,377.0,15.7,64.5,1.14,True,False,False
1331,2004-05-05 03:00:00,0.5,842.0,565.0,1327.0,1399.0,437.0,15.5,66.9,1.1691,True,False,False
1332,2004-05-05 04:00:00,,867.0,589.0,1267.0,1439.0,468.0,14.7,74.1,1.2302,False,True,False
1333,2004-05-05 05:00:00,0.8,927.0,682.0,1109.0,1526.0,580.0,14.6,77.1,1.2727,True,False,False
1334,2004-05-05 06:00:00,1.3,1060.0,851.0,912.0,1673.0,805.0,14.5,78.3,1.2851,True,False,False
1335,2004-05-05 07:00:00,3.5,1440.0,1271.0,630.0,2163.0,1273.0,15.1,76.8,1.3061,True,False,False
1336,2004-05-05 08:00:00,,1449.0,1350.0,571.0,2264.0,1452.0,16.4,70.8,1.3088,False,True,False
1337,2004-05-05 09:00:00,3.9,1384.0,1265.0,620.0,2143.0,1307.0,16.4,72.4,1.3379,True,False,False
1338,2004-05-05 10:00:00,2.9,1172.0,1085.0,737.0,1876.0,1102.0,16.3,68.6,1.2657,True,False,False
1339,2004-05-05 11:00:00,2.6,1143.0,1083.0,735.0,1887.0,1083.0,17.2,62.9,1.2228,True,False,False
1340,2004-05-05 12:00:00,3.0,1167.0,1134.0,709.0,1920.0,1083.0,17.4,61.1,1.206,True,False,False
1341,2004-05-05 13:00:00,3.7,1303.0,1288.0,618.0,2116.0,1236.0,16.8,66.8,1.2691,True,False,False
1342,2004-05-05 14:00:00,3.9,1264.0,1279.0,631.0,2049.0,1223.0,17.3,62.6,1.226,True,False,False
1343,2004-05-05 15:00:00,3.5,1242.0,1193.0,684.0,1945.0,1175.0,17.5,60.8,1.2029,True,False,False
1344,2004-05-05 16:00:00,2.4,1070.0,1022.0,824.0,1740.0,933.0,17.5,59.2,1.1725,True,False,False
1345,2004-05-05 17:00:00,1.6,981.0,978.0,857.0,1682.0,835.0,17.7,56.9,1.1392,True,False,False
1346,2004-05-05 18:00:00,3.0,1198.0,1136.0,717.0,1870.0,1291.0,17.1,61.5,1.1873,True,False,False
1347,2004-05-05 19:00:00,1.6,1000.0,918.0,881.0,1661.0,802.0,17.5,63.9,1.2667,True,False,False
1348,2004-05-05 20:00:00,2.1,1110.0,949.0,850.0,1733.0,842.0,15.9,70.7,1.2672,True,False,False
1349,2004-05-05 21:00:00,1.8,1023.0,854.0,918.0,1637.0,744.0,15.1,75.1,1.2799,True,False,False
1350,2004-05-05 22:00:00,1.1,861.0,695.0,1130.0,1438.0,500.0,13.9,72.5,1.1502,True,False,False
1351,2004-05-05 23:00:00,1.5,969.0,760.0,1059.0,1518.0,560.0,12.0,79.8,1.1175,True,False,False
1352,2004-05-06 00:00:00,1.4,898.0,741.0,1085.0,1468.0,589.0,12.5,75.8,1.0938,True,False,False
1353,2004-05-06 01:00:00,0.9,835.0,674.0,1201.0,1416.0,488.0,12.0,75.0,1.0499,True,False,False
1354,2004-05-06 02:00:00,0.5,766.0,523.0,1534.0,1310.0,387.0,12.6,72.2,1.0503,True,False,False
1355,2004-05-06 03:00:00,0.4,743.0,502.0,1635.0,1292.0,355.0,12.7,71.6,1.0486,True,False,False
1356,2004-05-06 04:00:00,,758.0,517.0,1625.0,1294.0,351.0,13.1,67.1,1.0079,False,True,False
1357,2004-05-06 05:00:00,0.6,804.0,604.0,1366.0,1357.0,420.0,13.2,64.6,0.9774,True,False,False
1358,2004-05-06 06:00:00,1.3,948.0,817.0,1048.0,1546.0,695.0,13.1,65.6,0.9815,True,False,False
1359,2004-05-06 07:00:00,2.9,1204.0,1205.0,729.0,1984.0,1139.0,14.7,58.5,0.9688,True,False,False
1360,2004-05-06 08:00:00,3.6,1231.0,1304.0,652.0,2029.0,1315.0,15.9,53.1,0.9529,True,False,False
1361,2004-05-06 09:00:00,3.4,1176.0,1191.0,705.0,1836.0,1217.0,17.9,46.1,0.9388,True,False,False
1362,2004-05-06 10:00:00,2.5,1043.0,1066.0,789.0,1692.0,1014.0,20.2,37.7,0.8833,True,False,False
1363,2004-05-06 11:00:00,2.1,992.0,970.0,869.0,1624.0,884.0,18.5,42.8,0.9026,True,False,False
1364,2004-05-06 12:00:00,1.1,885.0,772.0,1035.0,1450.0,524.0,13.0,64.3,0.9586,True,False,False
1365,2004-05-06 13:00:00,1.8,991.0,937.0,874.0,1581.0,644.0,15.1,54.5,0.9309,True,False,False
1366,2004-05-06 14:00:00,3.0,1182.0,1119.0,733.0,1831.0,1032.0,13.6,65.5,1.0184,True,False,False
1367,2004-05-06 15:00:00,3.1,1191.0,1074.0,741.0,1816.0,1038.0,12.3,78.3,1.1154,True,False,False
1368,2004-05-06 16:00:00,3.6,1272.0,1136.0,730.0,1869.0,1077.0,12.7,74.2,1.0863,True,False,False
1369,2004-05-06 17:00:00,3.3,1138.0,1063.0,804.0,1728.0,983.0,14.4,64.2,1.049,True,False,False
1370,2004-05-06 18:00:00,1.8,1008.0,954.0,892.0,1626.0,834.0,15.6,58.3,1.0266,True,False,False
1371,2004-05-06 19:00:00,2.1,1075.0,1015.0,824.0,1722.0,949.0,15.0,61.4,1.0385,True,False,False
1372,2004-05-06 20:00:00,2.2,1034.0,935.0,870.0,1605.0,941.0,13.7,65.8,1.0254,True,False,False
1373,2004-05-06 21:00:00,1.6,934.0,841.0,973.0,1497.0,756.0,12.3,66.4,0.944,True,False,False
1374,2004-05-06 22:00:00,0.9,883.0,705.0,1133.0,1422.0,655.0,15.4,58.8,1.0215,True,False,False
1375,2004-05-06 23:00:00,1.8,1021.0,871.0,938.0,1586.0,805.0,14.1,64.9,1.0405,True,False,False
1376,2004-05-07 00:00:00,2.3,1059.0,907.0,879.0,1579.0,970.0,13.8,64.7,1.0168,True,False,False
1377,2004-05-07 01:00:00,2.0,1023.0,878.0,896.0,1568.0,969.0,13.5,67.8,1.042,True,False,False
1378,2004-05-07 02:00:00,0.9,855.0,669.0,1160.0,1427.0,671.0,13.7,69.4,1.0794,True,False,False
1379,2004-05-07 03:00:00,0.6,826.0,616.0,1227.0,1384.0,575.0,13.9,67.7,1.0712,True,False,False
1380,2004-05-07 04:00:00,,831.0,602.0,1269.0,1386.0,535.0,14.0,67.8,1.0787,False,True,False
1381,2004-05-07 05:00:00,0.7,817.0,639.0,1260.0,1364.0,489.0,14.6,61.1,1.0075,True,False,False
1382,2004-05-07 06:00:00,1.5,972.0,880.0,964.0,1590.0,689.0,14.3,60.5,0.9847,True,False,False
1383,2004-05-07 07:00:00,3.7,1200.0,1290.0,657.0,2014.0,1196.0,14.9,56.9,0.9582,True,False,False
1384,2004-05-07 08:00:00,4.2,1234.0,1355.0,621.0,2095.0,1266.0,16.4,50.2,0.9286,True,False,False
1385,2004-05-07 09:00:00,3.4,1164.0,1148.0,741.0,1824.0,1130.0,16.0,50.9,0.9211,True,False,False
1386,2004-05-07 10:00:00,2.4,976.0,952.0,878.0,1582.0,834.0,18.6,42.8,0.9091,True,False,False
1387,2004-05-07 11:00:00,1.3,844.0,825.0,1027.0,1405.0,536.0,19.7,33.7,0.7646,True,False,False
1388,2004-05-07 12:00:00,1.5,851.0,906.0,989.0,1418.0,545.0,21.2,27.7,0.6864,True,False,False
1389,2004-05-07 13:00:00,2.2,926.0,1010.0,904.0,1526.0,720.0,19.7,28.5,0.6445,True,False,False
1390,2004-05-07 14:00:00,1.8,890.0,950.0,940.0,1460.0,655.0,19.8,29.7,0.678,True,False,False
1391,2004-05-07 15:00:00,1.9,921.0,914.0,937.0,1481.0,614.0,19.2,35.6,0.7856,True,False,False
1392,2004-05-07 16:00:00,2.3,1052.0,956.0,869.0,1600.0,725.0,14.2,60.5,0.9765,True,False,False
1393,2004-05-07 17:00:00,3.6,1247.0,1238.0,691.0,1948.0,1036.0,12.9,69.1,1.0249,True,False,False
1394,2004-05-07 18:00:00,4.3,1205.0,1222.0,684.0,1911.0,1127.0,12.7,70.4,1.0294,True,False,False
1395,2004-05-07 19:00:00,2.2,1016.0,995.0,857.0,1642.0,854.0,13.9,62.7,0.9905,True,False,False
1396,2004-05-07 20:00:00,1.5,984.0,879.0,940.0,1527.0,792.0,13.9,62.9,0.9948,True,False,False
1397,2004-05-07 21:00:00,2.0,1041.0,898.0,922.0,1595.0,891.0,13.4,65.2,0.9996,True,False,False
1398,2004-05-07 22:00:00,2.0,1027.0,887.0,927.0,1568.0,876.0,13.4,64.6,0.9864,True,False,False
1399,2004-05-07 23:00:00,2.1,1025.0,869.0,954.0,1531.0,851.0,13.3,63.6,0.9677,True,False,False
1400,2004-05-08 00:00:00,1.5,984.0,829.0,1003.0,1516.0,787.0,13.3,61.8,0.9433,True,False,False
1401,2004-05-08 01:00:00,2.2,969.0,791.0,1084.0,1446.0,711.0,13.6,59.7,0.9271,True,False,False
1402,2004-05-08 02:00:00,0.5,758.0,546.0,1483.0,1252.0,396.0,14.6,53.3,0.8807,True,False,False
1403,2004-05-08 03:00:00,,767.0,547.0,1482.0,1239.0,375.0,14.3,51.7,0.8412,False,True,False
1404,2004-05-08 04:00:00,,772.0,518.0,1544.0,1202.0,343.0,10.9,67.5,0.8785,False,True,False
1405,2004-05-08 05:00:00,,831.0,557.0,1480.0,1257.0,401.0,7.4,85.2,0.8808,False,True,False
1406,2004-05-08 06:00:00,,871.0,628.0,1243.0,1329.0,518.0,8.7,81.5,0.919,False,True,False
1407,2004-05-08 07:00:00,,995.0,808.0,1028.0,1479.0,685.0,10.3,75.6,0.9458,False,True,False
1408,2004-05-08 08:00:00,,1093.0,918.0,857.0,1589.0,939.0,11.0,75.0,0.9821,False,True,False
1409,2004-05-08 09:00:00,,1079.0,885.0,884.0,1588.0,974.0,13.6,66.1,1.0236,False,True,False
1410,2004-05-08 10:00:00,,1084.0,852.0,910.0,1575.0,959.0,14.7,63.1,1.0488,False,True,False
1411,2004-05-08 11:00:00,,1204.0,982.0,791.0,1739.0,1067.0,13.8,72.3,1.1361,False,True,False
1412,2004-05-08 12:00:00,,1213.0,1018.0,760.0,1778.0,1061.0,13.3,76.8,1.1703,False,True,False
1413,2004-05-08 13:00:00,,1124.0,949.0,827.0,1671.0,1008.0,16.2,60.0,1.0937,False,True,False
1414,2004-05-08 14:00:00,,945.0,726.0,1053.0,1432.0,637.0,16.3,55.3,1.0146,False,True,False
1415,2004-05-08 15:00:00,,964.0,833.0,1003.0,1489.0,647.0,20.0,40.4,0.9354,False,True,False
1416,2004-05-08 16:00:00,,903.0,786.0,1073.0,1375.0,523.0,19.8,35.4,0.8099,False,True,False
1417,2004-05-08 17:00:00,,918.0,863.0,992.0,1408.0,539.0,19.8,33.6,0.767,False,True,False
1418,2004-05-08 18:00:00,,1028.0,961.0,913.0,1502.0,649.0,17.8,38.5,0.7763,False,True,False
1419,2004-05-08 19:00:00,,1175.0,1209.0,720.0,1829.0,1071.0,16.7,44.6,0.8393,False,True,False
1420,2004-05-08 20:00:00,,1215.0,1161.0,714.0,1802.0,1237.0,15.1,51.8,0.8816,False,True,False
1421,2004-05-08 21:00:00,,1072.0,976.0,835.0,1603.0,1018.0,14.1,56.2,0.9028,False,True,False
1422,2004-05-08 22:00:00,,1070.0,952.0,858.0,1573.0,966.0,13.8,58.3,0.9147,False,True,False
1423,2004-05-08 23:00:00,,1021.0,853.0,979.0,1457.0,901.0,13.7,59.7,0.9285,False,True,False
1424,2004-05-09 00:00:00,,1063.0,859.0,952.0,1519.0,949.0,13.7,60.3,0.9405,False,True,False
1425,2004-05-09 01:00:00,,1068.0,938.0,862.0,1575.0,1057.0,12.7,64.9,0.9506,False,True,False
1426,2004-05-09 02:00:00,,993.0,913.0,879.0,1601.0,989.0,12.6,65.4,0.9529,False,True,False
1427,2004-05-09 03:00:00,,1034.0,928.0,848.0,1619.0,1005.0,12.1,68.6,0.964,False,True,False
1428,2004-05-09 04:00:00,,1025.0,914.0,856.0,1605.0,1003.0,12.3,68.0,0.9722,False,True,False
1429,2004-05-09 05:00:00,,1036.0,902.0,825.0,1558.0,1087.0,11.9,71.1,0.9899,False,True,False
1430,2004-05-09 06:00:00,,924.0,774.0,987.0,1460.0,909.0,11.3,73.8,0.9848,False,True,False
1431,2004-05-09 07:00:00,,922.0,737.0,1050.0,1414.0,882.0,13.1,62.6,0.9419,False,True,False
1432,2004-05-09 08:00:00,,830.0,625.0,1266.0,1303.0,568.0,16.8,46.8,0.8881,False,True,False
1433,2004-05-09 09:00:00,,947.0,752.0,1068.0,1434.0,620.0,17.9,44.8,0.9104,False,True,False
1434,2004-05-09 10:00:00,,977.0,737.0,1025.0,1450.0,686.0,17.8,49.5,0.9986,False,True,False
1435,2004-05-09 11:00:00,,1025.0,761.0,1008.0,1476.0,700.0,18.8,46.4,0.9968,False,True,False
1436,2004-05-09 12:00:00,,1040.0,804.0,940.0,1502.0,780.0,19.3,44.0,0.9783,False,True,False
1437,2004-05-09 13:00:00,,1013.0,718.0,1041.0,1492.0,558.0,14.7,68.4,1.1405,False,True,False
1438,2004-05-09 14:00:00,,1035.0,755.0,997.0,1521.0,608.0,15.6,65.8,1.1577,False,True,False
1439,2004-05-09 15:00:00,,1086.0,859.0,892.0,1595.0,754.0,17.7,54.0,1.0826,False,True,False
1440,2004-05-09 16:00:00,,967.0,753.0,1048.0,1420.0,544.0,17.8,46.7,0.9466,False,True,False
1441,2004-05-09 17:00:00,,968.0,785.0,1011.0,1446.0,550.0,17.8,44.4,0.8967,False,True,False
1442,2004-05-09 18:00:00,,1004.0,827.0,972.0,1465.0,627.0,17.8,44.3,0.8929,False,True,False
1443,2004-05-09 19:00:00,,1132.0,981.0,850.0,1614.0,877.0,16.4,47.8,0.8851,False,True,False
1444,2004-05-09 20:00:00,,1121.0,985.0,833.0,1625.0,981.0,15.6,51.6,0.9063,False,True,False
1445,2004-05-09 21:00:00,,1068.0,917.0,889.0,1570.0,832.0,14.9,55.0,0.9228,False,True,False
1446,2004-05-09 22:00:00,,1123.0,937.0,866.0,1606.0,941.0,13.8,59.8,0.9398,False,True,False
1447,2004-05-09 23:00:00,,1101.0,933.0,845.0,1600.0,1022.0,13.8,62.1,0.9721,False,True,False
1448,2004-05-10 00:00:00,,997.0,835.0,951.0,1501.0,888.0,13.9,61.1,0.9656,False,True,False
1449,2004-05-10 01:00:00,,875.0,654.0,1172.0,1375.0,683.0,14.9,57.6,0.9684,False,True,False
1450,2004-05-10 02:00:00,,815.0,569.0,1361.0,1344.0,534.0,14.4,60.1,0.9797,False,True,False
1451,2004-05-10 03:00:00,,803.0,531.0,1462.0,1318.0,489.0,13.8,63.2,0.9952,False,True,False
1452,2004-05-10 04:00:00,,829.0,570.0,1304.0,1357.0,562.0,14.2,62.9,1.0136,False,True,False
1453,2004-05-10 05:00:00,,867.0,625.0,1213.0,1385.0,652.0,14.0,63.8,1.0167,False,True,False
1454,2004-05-10 06:00:00,,1118.0,970.0,837.0,1705.0,1019.0,13.4,67.4,1.0292,False,True,False
1455,2004-05-10 07:00:00,,1632.0,1587.0,523.0,2459.0,1678.0,14.7,62.3,1.0351,False,True,False
1456,2004-05-10 08:00:00,,1598.0,1668.0,490.0,2617.0,1749.0,16.0,57.3,1.0342,False,True,False
1457,2004-05-10 09:00:00,4.4,1378.0,1303.0,633.0,2051.0,1494.0,17.8,51.1,1.0362,True,False,False
1458,2004-05-10 10:00:00,2.5,1132.0,1096.0,731.0,1808.0,1186.0,20.0,45.0,1.0379,True,False,False
1459,2004-05-10 11:00:00,2.1,1108.0,1040.0,767.0,1748.0,1051.0,20.3,44.1,1.0392,True,False,False
1460,2004-05-10 12:00:00,2.4,1131.0,1097.0,735.0,1797.0,1027.0,20.7,42.4,1.0248,True,False,False
1461,2004-05-10 13:00:00,2.2,1105.0,1080.0,751.0,1758.0,981.0,20.8,40.6,0.9888,True,False,False
1462,2004-05-10 14:00:00,2.2,1120.0,1096.0,753.0,1767.0,976.0,21.5,39.7,1.0042,True,False,False
1463,2004-05-10 15:00:00,2.3,1100.0,1108.0,800.0,1731.0,932.0,25.0,30.1,0.9394,True,False,False
1464,2004-05-10 16:00:00,2.1,1098.0,1124.0,810.0,1716.0,871.0,25.2,29.7,0.9371,True,False,False
1465,2004-05-10 17:00:00,2.5,1137.0,1234.0,749.0,1824.0,990.0,23.4,32.0,0.91,True,False,False
1466,2004-05-10 18:00:00,3.6,1267.0,1352.0,651.0,1961.0,1196.0,21.0,37.8,0.9298,True,False,False
1467,2004-05-10 19:00:00,4.0,1319.0,1413.0,597.0,2050.0,1329.0,19.2,45.7,1.0084,True,False,False
1468,2004-05-10 20:00:00,3.0,1160.0,1189.0,698.0,1824.0,1151.0,17.7,50.9,1.0232,True,False,False
1469,2004-05-10 21:00:00,2.1,1084.0,1063.0,775.0,1703.0,1031.0,16.8,53.6,1.0167,True,False,False
1470,2004-05-10 22:00:00,1.7,1025.0,963.0,842.0,1621.0,917.0,15.8,56.2,1.0033,True,False,False
1471,2004-05-10 23:00:00,1.1,953.0,830.0,986.0,1521.0,860.0,16.0,56.5,1.0166,True,False,False
1472,2004-05-11 00:00:00,0.9,959.0,812.0,961.0,1518.0,910.0,14.2,64.1,1.0346,True,False,False
1473,2004-05-11 01:00:00,0.4,834.0,637.0,1187.0,1362.0,699.0,15.0,59.8,1.0142,True,False,False
1474,2004-05-11 02:00:00,0.2,787.0,549.0,1366.0,1317.0,596.0,14.3,61.9,1.0031,True,False,False
1475,2004-05-11 03:00:00,0.2,799.0,555.0,1327.0,1320.0,643.0,12.8,66.0,0.969,True,False,False
1476,2004-05-11 04:00:00,,807.0,571.0,1305.0,1335.0,704.0,11.4,70.5,0.9484,False,True,False
1477,2004-05-11 05:00:00,0.6,866.0,686.0,1135.0,1405.0,741.0,12.0,68.0,0.9547,True,False,False
1478,2004-05-11 06:00:00,1.4,1035.0,917.0,882.0,1606.0,968.0,11.3,70.4,0.9443,True,False,False
1479,2004-05-11 07:00:00,4.6,1469.0,1491.0,555.0,2301.0,1561.0,12.7,65.6,0.962,True,False,False
1480,2004-05-11 08:00:00,5.5,1553.0,1575.0,508.0,2423.0,1779.0,14.5,59.8,0.9795,True,False,False
1481,2004-05-11 09:00:00,4.8,1513.0,1455.0,554.0,2182.0,1822.0,17.5,49.8,0.9877,True,False,False
1482,2004-05-11 10:00:00,4.5,1395.0,1368.0,605.0,2032.0,1675.0,21.9,35.2,0.9128,True,False,False
1483,2004-05-11 11:00:00,3.0,1209.0,1248.0,712.0,1891.0,1295.0,23.5,29.5,0.8435,True,False,False
1484,2004-05-11 12:00:00,2.5,1142.0,1115.0,776.0,1735.0,1091.0,24.3,29.8,0.8926,True,False,False
1485,2004-05-11 13:00:00,2.3,1140.0,1129.0,765.0,1728.0,1023.0,23.8,31.7,0.9212,True,False,False
1486,2004-05-11 14:00:00,2.0,1105.0,1035.0,826.0,1643.0,877.0,24.2,31.2,0.9257,True,False,False
1487,2004-05-11 15:00:00,1.9,1131.0,1058.0,824.0,1664.0,931.0,26.5,27.2,0.9282,True,False,False
1488,2004-05-11 16:00:00,1.9,1162.0,1064.0,832.0,1675.0,913.0,25.7,28.4,0.9248,True,False,False
1489,2004-05-11 17:00:00,3.5,1336.0,1326.0,674.0,1923.0,1255.0,26.3,27.5,0.9306,True,False,False
1490,2004-05-11 18:00:00,4.6,1533.0,1549.0,573.0,2233.0,1571.0,24.4,31.6,0.9545,True,False,False
1491,2004-05-11 19:00:00,6.3,1650.0,1649.0,528.0,2345.0,1779.0,23.1,35.3,0.9845,True,False,False
1492,2004-05-11 20:00:00,5.0,1535.0,1458.0,568.0,2120.0,1735.0,21.1,40.2,0.997,True,False,False
1493,2004-05-11 21:00:00,3.3,1382.0,1243.0,632.0,1941.0,1511.0,19.2,52.3,1.1516,True,False,False
1494,2004-05-11 22:00:00,2.7,1335.0,1122.0,673.0,1840.0,1424.0,18.1,58.7,1.2072,True,False,False
1495,2004-05-11 23:00:00,2.2,1267.0,1064.0,706.0,1766.0,1348.0,17.3,58.8,1.1494,True,False,False
1496,2004-05-12 00:00:00,1.7,1122.0,926.0,805.0,1619.0,1174.0,16.9,58.8,1.125,True,False,False
1497,2004-05-12 01:00:00,0.8,986.0,771.0,964.0,1518.0,947.0,17.6,57.6,1.1484,True,False,False
1498,2004-05-12 02:00:00,0.8,966.0,744.0,967.0,1511.0,935.0,15.6,63.9,1.1287,True,False,False
1499,2004-05-12 03:00:00,0.6,919.0,661.0,1089.0,1468.0,838.0,14.9,65.7,1.1073,True,False,False
1500,2004-05-12 04:00:00,,872.0,632.0,1132.0,1403.0,768.0,15.6,62.2,1.0961,False,True,False
1501,2004-05-12 05:00:00,0.8,967.0,749.0,996.0,1517.0,881.0,14.0,68.3,1.0884,True,False,False
1502,2004-05-12 06:00:00,1.5,1152.0,964.0,800.0,1705.0,1096.0,14.5,65.7,1.0804,True,False,False
1503,2004-05-12 07:00:00,4.1,1500.0,1393.0,560.0,2163.0,1495.0,15.5,62.2,1.0875,True,False,False
1504,2004-05-12 08:00:00,5.9,1754.0,1716.0,452.0,2667.0,1895.0,17.0,56.8,1.0909,True,False,False
1505,2004-05-12 09:00:00,5.1,1558.0,1469.0,525.0,2281.0,1758.0,18.8,52.4,1.1285,True,False,False
1506,2004-05-12 10:00:00,3.9,1446.0,1350.0,568.0,2140.0,1630.0,19.7,51.9,1.1796,True,False,False
1507,2004-05-12 11:00:00,3.4,1349.0,1236.0,627.0,1964.0,1530.0,20.9,44.6,1.0872,True,False,False
1508,2004-05-12 12:00:00,3.3,1452.0,1371.0,576.0,2138.0,1622.0,21.9,43.3,1.1265,True,False,False
1509,2004-05-12 13:00:00,5.1,1676.0,1534.0,496.0,2413.0,1828.0,20.4,55.7,1.3205,True,False,False
1510,2004-05-12 14:00:00,3.1,1327.0,1139.0,658.0,1894.0,1323.0,17.4,67.0,1.325,True,False,False
1511,2004-05-12 15:00:00,2.5,1248.0,1072.0,713.0,1797.0,1188.0,17.1,64.0,1.2413,True,False,False
1512,2004-05-12 16:00:00,2.4,1250.0,1074.0,724.0,1806.0,1166.0,17.3,61.1,1.1957,True,False,False
1513,2004-05-12 17:00:00,2.8,1222.0,1084.0,727.0,1797.0,1108.0,17.7,56.3,1.13,True,False,False
1514,2004-05-12 18:00:00,2.9,1159.0,1097.0,748.0,1709.0,995.0,17.4,48.6,0.9559,True,False,False
1515,2004-05-12 19:00:00,3.4,1192.0,1143.0,740.0,1767.0,1108.0,17.6,43.7,0.8698,True,False,False
1516,2004-05-12 20:00:00,2.2,1074.0,954.0,846.0,1570.0,956.0,16.7,47.2,0.892,True,False,False
1517,2004-05-12 21:00:00,1.6,984.0,851.0,959.0,1452.0,817.0,16.8,45.6,0.8636,True,False,False
1518,2004-05-12 22:00:00,1.3,970.0,773.0,1026.0,1425.0,658.0,16.1,52.0,0.946,True,False,False
1519,2004-05-12 23:00:00,1.3,987.0,800.0,989.0,1462.0,658.0,15.5,57.1,0.996,True,False,False
1520,2004-05-13 00:00:00,1.6,1003.0,836.0,949.0,1455.0,748.0,16.2,50.2,0.9156,True,False,False
1521,2004-05-13 01:00:00,1.2,933.0,747.0,1045.0,1405.0,569.0,16.4,50.5,0.938,True,False,False
1522,2004-05-13 02:00:00,0.6,859.0,620.0,1201.0,1316.0,445.0,16.2,52.8,0.9626,True,False,False
1523,2004-05-13 03:00:00,0.4,815.0,538.0,1412.0,1272.0,379.0,16.0,53.7,0.9723,True,False,False
1524,2004-05-13 04:00:00,,792.0,501.0,1554.0,1252.0,354.0,16.2,53.0,0.9672,False,True,False
1525,2004-05-13 05:00:00,0.4,835.0,560.0,1409.0,1317.0,407.0,16.2,53.7,0.9799,True,False,False
1526,2004-05-13 06:00:00,1.0,975.0,736.0,1069.0,1459.0,611.0,15.9,55.3,0.991,True,False,False
1527,2004-05-13 07:00:00,2.0,1133.0,957.0,815.0,1652.0,944.0,16.2,55.6,1.0151,True,False,False
1528,2004-05-13 08:00:00,3.6,1347.0,1237.0,645.0,1984.0,1328.0,16.0,59.3,1.0711,True,False,False
1529,2004-05-13 09:00:00,2.4,1122.0,1000.0,783.0,1663.0,1085.0,16.6,55.6,1.042,True,False,False
1530,2004-05-13 10:00:00,2.4,1152.0,1014.0,774.0,1714.0,1139.0,17.4,51.8,1.022,True,False,False
1531,2004-05-13 11:00:00,1.6,1020.0,866.0,907.0,1554.0,799.0,17.6,49.7,0.9944,True,False,False
1532,2004-05-13 12:00:00,1.9,1066.0,927.0,846.0,1608.0,804.0,17.2,52.8,1.0236,True,False,False
1533,2004-05-13 13:00:00,2.4,1105.0,1016.0,789.0,1736.0,930.0,18.2,49.6,1.0268,True,False,False
1534,2004-05-13 14:00:00,1.7,1056.0,894.0,891.0,1576.0,771.0,19.5,45.0,1.0114,True,False,False
1535,2004-05-13 15:00:00,2.1,1084.0,970.0,818.0,1626.0,845.0,19.5,45.5,1.0189,True,False,False
1536,2004-05-13 16:00:00,3.1,1288.0,1191.0,691.0,1910.0,1192.0,19.8,44.3,1.0104,True,False,False
1537,2004-05-13 17:00:00,4.6,1390.0,1368.0,605.0,2092.0,1494.0,20.3,43.1,1.0114,True,False,False
1538,2004-05-13 18:00:00,4.5,1374.0,1303.0,636.0,2036.0,1457.0,20.3,44.4,1.0457,True,False,False
1539,2004-05-13 19:00:00,3.9,1378.0,1342.0,612.0,2076.0,1489.0,19.8,47.9,1.092,True,False,False
1540,2004-05-13 20:00:00,4.6,1428.0,1329.0,594.0,2102.0,1602.0,19.1,52.3,1.1486,True,False,False
1541,2004-05-13 21:00:00,3.3,1336.0,1176.0,656.0,1891.0,1468.0,18.2,54.7,1.1336,True,False,False
1542,2004-05-13 22:00:00,2.7,1234.0,1049.0,746.0,1733.0,1274.0,17.8,55.0,1.1097,True,False,False
1543,2004-05-13 23:00:00,3.3,1300.0,1221.0,648.0,1946.0,1401.0,17.5,56.4,1.1175,True,False,False
1544,2004-05-14 00:00:00,2.5,1246.0,1150.0,654.0,1873.0,1354.0,17.3,57.8,1.1298,True,False,False
1545,2004-05-14 01:00:00,2.1,1141.0,1017.0,740.0,1690.0,1188.0,16.8,57.5,1.0912,True,False,False
1546,2004-05-14 02:00:00,1.3,1014.0,853.0,883.0,1538.0,975.0,16.3,57.0,1.0484,True,False,False
1547,2004-05-14 03:00:00,1.0,938.0,769.0,978.0,1463.0,816.0,16.2,56.3,1.0262,True,False,False
1548,2004-05-14 04:00:00,,988.0,814.0,908.0,1512.0,921.0,15.5,59.9,1.0498,False,True,False
1549,2004-05-14 05:00:00,1.2,983.0,833.0,894.0,1524.0,1012.0,16.0,58.3,1.0481,True,False,False
1550,2004-05-14 06:00:00,1.5,1033.0,917.0,882.0,1617.0,905.0,17.2,52.3,1.0169,True,False,False
1551,2004-05-14 07:00:00,3.7,1388.0,1372.0,601.0,2105.0,1449.0,18.5,49.4,1.0397,True,False,False
1552,2004-05-14 08:00:00,,1512.0,1530.0,527.0,2326.0,1725.0,20.0,45.6,1.0524,False,True,False
1553,2004-05-14 09:00:00,3.3,1148.0,1104.0,723.0,1713.0,1301.0,21.0,37.9,0.9313,True,False,False
1554,2004-05-14 10:00:00,2.5,1095.0,1019.0,815.0,1618.0,1181.0,22.8,32.4,0.887,True,False,False
1555,2004-05-14 11:00:00,1.9,987.0,979.0,923.0,1515.0,962.0,25.5,25.6,0.8218,True,False,False
1556,2004-05-14 12:00:00,2.0,984.0,998.0,905.0,1523.0,862.0,25.9,23.6,0.7771,True,False,False
1557,2004-05-14 13:00:00,2.5,1072.0,1084.0,843.0,1622.0,1017.0,27.7,20.8,0.7599,True,False,False
1558,2004-05-14 14:00:00,2.1,1048.0,1068.0,869.0,1573.0,993.0,27.1,21.6,0.7618,True,False,False
1559,2004-05-14 15:00:00,2.1,1042.0,1029.0,907.0,1540.0,879.0,28.4,20.2,0.7697,True,False,False
1560,2004-05-14 16:00:00,2.3,1113.0,1086.0,882.0,1584.0,926.0,28.1,21.9,0.8184,True,False,False
1561,2004-05-14 17:00:00,3.0,1146.0,1145.0,836.0,1647.0,1011.0,27.6,22.3,0.8116,True,False,False
1562,2004-05-14 18:00:00,4.1,1239.0,1272.0,748.0,1790.0,1380.0,25.2,24.3,0.7671,True,False,False
1563,2004-05-14 19:00:00,4.5,1302.0,1346.0,706.0,1880.0,1698.0,24.6,25.1,0.7636,True,False,False
1564,2004-05-14 20:00:00,3.5,1181.0,1183.0,792.0,1711.0,1432.0,23.1,27.2,0.7575,True,False,False
1565,2004-05-14 21:00:00,2.1,1068.0,1037.0,869.0,1567.0,1217.0,22.0,28.6,0.7483,True,False,False
1566,2004-05-14 22:00:00,2.3,1135.0,1065.0,803.0,1630.0,1317.0,20.8,34.5,0.8365,True,False,False
1567,2004-05-14 23:00:00,1.9,1121.0,992.0,844.0,1505.0,1255.0,20.4,35.3,0.8352,True,False,False
1568,2004-05-15 00:00:00,1.9,1131.0,965.0,843.0,1520.0,1223.0,19.1,38.3,0.8381,True,False,False
1569,2004-05-15 01:00:00,1.2,947.0,798.0,964.0,1395.0,930.0,18.0,40.5,0.8271,True,False,False
1570,2004-05-15 02:00:00,1.0,935.0,786.0,964.0,1389.0,954.0,17.4,43.4,0.8553,True,False,False
1571,2004-05-15 03:00:00,1.1,941.0,792.0,975.0,1397.0,889.0,14.8,50.6,0.8489,True,False,False
1572,2004-05-15 04:00:00,,867.0,734.0,1043.0,1324.0,808.0,14.6,51.4,0.8489,False,True,False
1573,2004-05-15 05:00:00,0.5,839.0,638.0,1171.0,1271.0,643.0,15.7,46.9,0.8329,True,False,False
1574,2004-05-15 06:00:00,0.6,873.0,704.0,1091.0,1322.0,756.0,15.3,49.7,0.8552,True,False,False
1575,2004-05-15 07:00:00,1.4,1065.0,942.0,890.0,1576.0,1067.0,16.0,47.4,0.8564,True,False,False
1576,2004-05-15 08:00:00,2.6,1187.0,1104.0,727.0,1721.0,1391.0,17.6,43.3,0.8647,True,False,False
1577,2004-05-15 09:00:00,2.8,1249.0,1174.0,712.0,1774.0,1486.0,20.3,37.4,0.8807,True,False,False
1578,2004-05-15 10:00:00,2.6,1157.0,1072.0,802.0,1653.0,1327.0,23.1,30.3,0.8425,True,False,False
1579,2004-05-15 11:00:00,1.6,988.0,924.0,1015.0,1463.0,835.0,25.0,24.2,0.7568,True,False,False
1580,2004-05-15 12:00:00,1.7,1025.0,955.0,997.0,1457.0,834.0,25.6,23.5,0.7611,True,False,False
1581,2004-05-15 13:00:00,1.7,997.0,947.0,998.0,1460.0,815.0,25.5,22.6,0.7288,True,False,False
1582,2004-05-15 14:00:00,1.3,916.0,829.0,1124.0,1333.0,621.0,26.1,21.1,0.7023,True,False,False
1583,2004-05-15 15:00:00,1.4,965.0,910.0,1056.0,1389.0,643.0,28.2,19.4,0.7303,True,False,False
1584,2004-05-15 16:00:00,1.4,985.0,903.0,1059.0,1437.0,712.0,27.4,20.5,0.7379,True,False,False
1585,2004-05-15 17:00:00,1.7,1026.0,920.0,1037.0,1455.0,746.0,26.0,22.7,0.7532,True,False,False
1586,2004-05-15 18:00:00,2.3,1125.0,1016.0,910.0,1564.0,991.0,23.8,27.1,0.7858,True,False,False
1587,2004-05-15 19:00:00,2.5,1159.0,1054.0,878.0,1603.0,1046.0,23.0,28.7,0.7976,True,False,False
1588,2004-05-15 20:00:00,3.3,1284.0,1149.0,780.0,1725.0,1304.0,21.7,31.8,0.8191,True,False,False
1589,2004-05-15 21:00:00,2.2,1101.0,986.0,852.0,1574.0,1100.0,20.9,33.2,0.8098,True,False,False
1590,2004-05-15 22:00:00,1.6,1101.0,972.0,879.0,1552.0,1001.0,20.2,34.3,0.8017,True,False,False
1591,2004-05-15 23:00:00,2.6,1183.0,1049.0,762.0,1594.0,1290.0,19.6,37.0,0.8325,True,False,False
1592,2004-05-16 00:00:00,2.3,1132.0,996.0,822.0,1564.0,1205.0,18.1,40.9,0.8441,True,False,False
1593,2004-05-16 01:00:00,1.5,998.0,859.0,919.0,1450.0,1045.0,17.0,43.3,0.8341,True,False,False
1594,2004-05-16 02:00:00,0.9,911.0,743.0,1052.0,1370.0,739.0,16.7,43.4,0.8193,True,False,False
1595,2004-05-16 03:00:00,0.8,875.0,721.0,1083.0,1328.0,683.0,15.9,44.7,0.8009,True,False,False
1596,2004-05-16 04:00:00,,808.0,630.0,1234.0,1256.0,573.0,15.2,45.5,0.783,False,True,False
1597,2004-05-16 05:00:00,0.4,792.0,599.0,1262.0,1235.0,564.0,13.5,50.1,0.7706,True,False,False
1598,2004-05-16 06:00:00,0.4,822.0,581.0,1326.0,1256.0,602.0,14.2,49.9,0.8025,True,False,False
1599,2004-05-16 07:00:00,0.8,918.0,721.0,1069.0,1353.0,785.0,13.8,51.4,0.8059,True,False,False
1600,2004-05-16 08:00:00,0.9,975.0,774.0,1001.0,1393.0,878.0,16.3,45.1,0.8286,True,False,False
1601,2004-05-16 09:00:00,1.6,1047.0,908.0,913.0,1458.0,981.0,19.2,35.4,0.7812,True,False,False
1602,2004-05-16 10:00:00,2.0,1053.0,970.0,930.0,1473.0,991.0,25.5,21.1,0.677,True,False,False
1603,2004-05-16 11:00:00,1.6,1017.0,897.0,1013.0,1400.0,780.0,28.2,19.0,0.7164,True,False,False
1604,2004-05-16 12:00:00,1.4,1021.0,889.0,1022.0,1405.0,684.0,29.5,19.8,0.8013,True,False,False
1605,2004-05-16 13:00:00,0.9,941.0,753.0,1173.0,1311.0,468.0,30.6,19.4,0.8348,True,False,False
1606,2004-05-16 14:00:00,0.9,991.0,776.0,1122.0,1375.0,468.0,29.9,22.0,0.9181,True,False,False
1607,2004-05-16 15:00:00,1.2,1117.0,862.0,995.0,1476.0,530.0,31.5,21.9,0.997,True,False,False
1608,2004-05-16 16:00:00,1.4,1217.0,947.0,887.0,1566.0,648.0,31.2,24.6,1.0987,True,False,False
1609,2004-05-16 17:00:00,1.9,1248.0,982.0,880.0,1617.0,746.0,30.4,26.5,1.1347,True,False,False
1610,2004-05-16 18:00:00,1.8,1242.0,973.0,856.0,1632.0,819.0,26.8,33.5,1.1602,True,False,False
1611,2004-05-16 19:00:00,2.7,1403.0,1151.0,747.0,1820.0,1125.0,25.5,37.4,1.1995,True,False,False
1612,2004-05-16 20:00:00,2.4,1238.0,999.0,833.0,1648.0,1013.0,23.7,39.4,1.1381,True,False,False
1613,2004-05-16 21:00:00,1.6,1093.0,858.0,975.0,1495.0,816.0,22.9,37.0,1.0197,True,False,False
1614,2004-05-16 22:00:00,1.4,1034.0,805.0,1030.0,1416.0,750.0,20.8,36.3,0.8775,True,False,False
1615,2004-05-16 23:00:00,1.4,934.0,795.0,1098.0,1328.0,673.0,20.3,28.5,0.6686,True,False,False
1616,2004-05-17 00:00:00,1.4,913.0,785.0,1110.0,1273.0,692.0,19.6,26.5,0.5974,True,False,False
1617,2004-05-17 01:00:00,0.9,835.0,691.0,1265.0,1182.0,517.0,19.1,25.9,0.5673,True,False,False
1618,2004-05-17 02:00:00,0.5,773.0,568.0,1474.0,1113.0,392.0,18.4,27.6,0.5799,True,False,False
1619,2004-05-17 03:00:00,0.4,771.0,533.0,1566.0,1110.0,360.0,17.4,30.2,0.5945,True,False,False
1620,2004-05-17 04:00:00,,805.0,534.0,1454.0,1112.0,409.0,16.3,34.1,0.6257,False,True,False
1621,2004-05-17 05:00:00,0.5,930.0,684.0,1059.0,1220.0,779.0,15.8,36.5,0.6535,True,False,False
1622,2004-05-17 06:00:00,1.3,1009.0,859.0,944.0,1420.0,1016.0,16.0,38.1,0.6879,True,False,False
1623,2004-05-17 07:00:00,2.6,1196.0,1131.0,775.0,1675.0,1243.0,17.6,35.0,0.6965,True,False,False
1624,2004-05-17 08:00:00,2.0,1010.0,937.0,945.0,1444.0,949.0,18.5,31.2,0.6611,True,False,False
1625,2004-05-17 09:00:00,1.8,990.0,924.0,974.0,1404.0,861.0,19.8,28.5,0.652,True,False,False
1626,2004-05-17 10:00:00,1.7,988.0,918.0,1007.0,1393.0,850.0,22.3,24.1,0.6394,True,False,False
1627,2004-05-17 11:00:00,1.5,979.0,910.0,1028.0,1396.0,788.0,24.2,21.7,0.6451,True,False,False
1628,2004-05-17 12:00:00,1.9,1029.0,983.0,950.0,1470.0,879.0,25.1,20.8,0.6516,True,False,False
1629,2004-05-17 13:00:00,1.7,984.0,945.0,990.0,1423.0,747.0,25.8,19.5,0.6392,True,False,False
1630,2004-05-17 14:00:00,1.5,985.0,919.0,1028.0,1387.0,700.0,26.3,18.9,0.6344,True,False,False
1631,2004-05-17 15:00:00,1.7,981.0,886.0,1054.0,1363.0,695.0,25.8,18.6,0.608,True,False,False
1632,2004-05-17 16:00:00,1.7,1020.0,941.0,1016.0,1425.0,756.0,25.7,19.4,0.6304,True,False,False
1633,2004-05-17 17:00:00,2.4,1106.0,1097.0,902.0,1552.0,941.0,26.7,17.1,0.5909,True,False,False
1634,2004-05-17 18:00:00,3.1,1153.0,1168.0,842.0,1644.0,1021.0,24.3,19.8,0.5933,True,False,False
1635,2004-05-17 19:00:00,3.4,1215.0,1234.0,796.0,1735.0,1167.0,23.5,20.8,0.5937,True,False,False
1636,2004-05-17 20:00:00,3.0,1094.0,1072.0,888.0,1545.0,1105.0,22.0,24.0,0.6263,True,False,False
1637,2004-05-17 21:00:00,1.2,944.0,832.0,1072.0,1350.0,712.0,21.1,26.2,0.6481,True,False,False
1638,2004-05-17 22:00:00,1.2,964.0,861.0,1014.0,1398.0,735.0,20.9,28.8,0.7014,True,False,False
1639,2004-05-17 23:00:00,1.3,1003.0,872.0,988.0,1439.0,851.0,20.2,31.2,0.7304,True,False,False
1640,2004-05-18 00:00:00,1.0,914.0,774.0,1091.0,1323.0,706.0,20.0,31.5,0.7262,True,False,False
1641,2004-05-18 01:00:00,0.4,839.0,609.0,1276.0,1286.0,643.0,20.8,32.3,0.7813,True,False,False
1642,2004-05-18 02:00:00,0.3,830.0,582.0,1310.0,1264.0,608.0,20.0,34.5,0.7954,True,False,False
1643,2004-05-18 03:00:00,0.2,812.0,521.0,1413.0,1233.0,469.0,21.2,32.9,0.8178,True,False,False
1644,2004-05-18 04:00:00,,832.0,547.0,1320.0,1254.0,469.0,18.3,40.0,0.8345,False,True,False
1645,2004-05-18 05:00:00,0.5,903.0,656.0,1155.0,1361.0,618.0,17.0,44.6,0.8593,True,False,False
1646,2004-05-18 06:00:00,0.9,1022.0,825.0,931.0,1487.0,931.0,17.1,45.3,0.8784,True,False,False
1647,2004-05-18 07:00:00,2.7,1378.0,1277.0,628.0,1970.0,1519.0,17.1,46.5,0.901,True,False,False
1648,2004-05-18 08:00:00,6.5,1745.0,1748.0,484.0,2605.0,2054.0,18.8,39.7,0.8547,True,False,False
1649,2004-05-18 09:00:00,3.2,1326.0,1137.0,719.0,1760.0,1550.0,20.3,38.1,0.8946,True,False,False
1650,2004-05-18 10:00:00,2.4,1215.0,1062.0,794.0,1650.0,1381.0,25.3,27.0,0.8565,True,False,False
1651,2004-05-18 11:00:00,1.9,1138.0,1015.0,854.0,1604.0,1115.0,27.4,22.8,0.8219,True,False,False
1652,2004-05-18 12:00:00,2.7,1244.0,1162.0,765.0,1735.0,1189.0,30.0,20.0,0.8338,True,False,False
1653,2004-05-18 13:00:00,2.9,1261.0,1210.0,736.0,1769.0,1200.0,30.9,19.1,0.8394,True,False,False
1654,2004-05-18 14:00:00,2.0,1182.0,1066.0,818.0,1663.0,965.0,30.6,20.2,0.8719,True,False,False
1655,2004-05-18 15:00:00,2.3,1208.0,1111.0,783.0,1653.0,1018.0,32.2,18.9,0.8964,True,False,False
1656,2004-05-18 16:00:00,1.9,1158.0,981.0,862.0,1573.0,775.0,31.7,19.5,0.8981,True,False,False
1657,2004-05-18 17:00:00,3.0,1346.0,1278.0,701.0,1873.0,1193.0,30.9,20.5,0.8996,True,False,False
1658,2004-05-18 18:00:00,4.4,1443.0,1371.0,664.0,1988.0,1425.0,27.5,24.7,0.8899,True,False,False
1659,2004-05-18 19:00:00,4.7,1440.0,1443.0,635.0,2068.0,1594.0,25.8,27.0,0.8821,True,False,False
1660,2004-05-18 20:00:00,3.4,1232.0,1173.0,751.0,1750.0,1284.0,23.7,30.0,0.8633,True,False,False
1661,2004-05-18 21:00:00,2.4,1159.0,1061.0,812.0,1648.0,1174.0,22.2,33.4,0.8806,True,False,False
1662,2004-05-18 22:00:00,1.2,1081.0,929.0,910.0,1518.0,937.0,21.1,36.5,0.9019,True,False,False
1663,2004-05-18 23:00:00,1.7,1083.0,911.0,883.0,1507.0,985.0,20.2,38.6,0.9016,True,False,False
1664,2004-05-19 00:00:00,1.2,1069.0,887.0,859.0,1542.0,1041.0,19.3,43.0,0.9535,True,False,False
1665,2004-05-19 01:00:00,0.7,940.0,724.0,1012.0,1407.0,867.0,19.2,43.6,0.9591,True,False,False
1666,2004-05-19 02:00:00,0.5,901.0,653.0,1094.0,1367.0,822.0,18.4,45.7,0.9599,True,False,False
1667,2004-05-19 03:00:00,0.3,848.0,571.0,1224.0,1297.0,624.0,18.7,44.3,0.9453,True,False,False
1668,2004-05-19 04:00:00,,846.0,598.0,1211.0,1332.0,669.0,16.3,51.4,0.9468,False,True,False
1669,2004-05-19 05:00:00,0.3,848.0,598.0,1219.0,1318.0,628.0,17.0,49.2,0.9459,True,False,False
1670,2004-05-19 06:00:00,0.7,980.0,800.0,983.0,1462.0,810.0,16.4,52.1,0.9612,True,False,False
1671,2004-05-19 07:00:00,3.1,1408.0,1321.0,618.0,2044.0,1495.0,16.4,53.4,0.9863,True,False,False
1672,2004-05-19 08:00:00,6.2,1716.0,1701.0,490.0,2545.0,2018.0,18.6,46.8,0.99,True,False,False
1673,2004-05-19 09:00:00,4.6,1475.0,1351.0,625.0,2006.0,1696.0,21.0,41.1,1.0104,True,False,False
1674,2004-05-19 10:00:00,2.6,1262.0,1096.0,772.0,1711.0,1340.0,26.4,28.9,0.9785,True,False,False
1675,2004-05-19 11:00:00,2.1,1156.0,1034.0,813.0,1640.0,1123.0,27.7,26.3,0.9652,True,False,False
1676,2004-05-19 12:00:00,2.0,1192.0,1097.0,796.0,1688.0,971.0,30.1,22.1,0.9281,True,False,False
1677,2004-05-19 13:00:00,2.2,1233.0,1154.0,746.0,1740.0,1000.0,31.0,22.9,1.0144,True,False,False
1678,2004-05-19 14:00:00,2.1,1208.0,1083.0,792.0,1702.0,891.0,31.0,22.6,1.0012,True,False,False
1679,2004-05-19 15:00:00,2.3,1215.0,1116.0,784.0,1715.0,852.0,31.6,21.0,0.959,True,False,False
1680,2004-05-19 16:00:00,2.5,1251.0,1165.0,747.0,1774.0,975.0,30.4,24.7,1.0526,True,False,False
1681,2004-05-19 17:00:00,3.4,1358.0,1278.0,689.0,1899.0,1192.0,28.8,26.3,1.0271,True,False,False
1682,2004-05-19 18:00:00,4.3,1379.0,1349.0,645.0,1961.0,1373.0,26.4,30.1,1.0204,True,False,False
1683,2004-05-19 19:00:00,3.8,1379.0,1326.0,659.0,1961.0,1307.0,24.7,31.5,0.9672,True,False,False
1684,2004-05-19 20:00:00,3.8,1373.0,1252.0,670.0,1889.0,1325.0,22.9,36.5,1.0083,True,False,False
1685,2004-05-19 21:00:00,2.0,1197.0,950.0,823.0,1592.0,918.0,20.8,41.8,1.0155,True,False,False
1686,2004-05-19 22:00:00,1.7,1238.0,940.0,815.0,1622.0,877.0,19.7,47.1,1.0666,True,False,False
1687,2004-05-19 23:00:00,2.0,1255.0,963.0,781.0,1665.0,1024.0,18.9,52.2,1.1313,True,False,False
1688,2004-05-20 00:00:00,1.5,1164.0,908.0,821.0,1574.0,1019.0,18.5,50.1,1.0539,True,False,False
1689,2004-05-20 01:00:00,0.8,1046.0,803.0,900.0,1490.0,823.0,18.0,53.0,1.0832,True,False,False
1690,2004-05-20 02:00:00,0.5,956.0,661.0,1043.0,1398.0,701.0,18.4,51.7,1.0819,True,False,False
1691,2004-05-20 03:00:00,0.3,885.0,565.0,1217.0,1329.0,542.0,19.8,46.2,1.056,True,False,False
1692,2004-05-20 04:00:00,,877.0,549.0,1265.0,1317.0,463.0,19.6,47.7,1.0736,False,True,False
1693,2004-05-20 05:00:00,0.3,925.0,609.0,1168.0,1363.0,533.0,17.3,54.1,1.0582,True,False,False
1694,2004-05-20 06:00:00,0.9,1086.0,837.0,885.0,1553.0,906.0,15.8,59.0,1.0495,True,False,False
1695,2004-05-20 07:00:00,2.8,1490.0,1286.0,593.0,2053.0,1447.0,16.6,55.9,1.0486,True,False,False
1696,2004-05-20 08:00:00,5.4,1763.0,1617.0,489.0,2503.0,1835.0,18.7,52.8,1.1279,True,False,False
1697,2004-05-20 09:00:00,4.0,1462.0,1242.0,637.0,1961.0,1552.0,20.7,46.4,1.1227,True,False,False
1698,2004-05-20 10:00:00,2.2,1232.0,1062.0,787.0,1707.0,1092.0,26.1,30.0,0.9972,True,False,False
1699,2004-05-20 11:00:00,2.2,1239.0,1067.0,779.0,1702.0,1071.0,28.6,25.8,0.9989,True,False,False
1700,2004-05-20 12:00:00,2.0,1218.0,1051.0,796.0,1689.0,881.0,30.3,23.3,0.9869,True,False,False
1701,2004-05-20 13:00:00,2.0,1235.0,1094.0,756.0,1729.0,907.0,31.3,22.3,1.0043,True,False,False
1702,2004-05-20 14:00:00,1.9,1196.0,1061.0,791.0,1649.0,899.0,31.1,22.3,0.9888,True,False,False
1703,2004-05-20 15:00:00,2.7,1288.0,1179.0,717.0,1799.0,1074.0,32.4,20.4,0.9732,True,False,False
1704,2004-05-20 16:00:00,2.2,1248.0,1108.0,772.0,1701.0,969.0,32.6,19.3,0.935,True,False,False
1705,2004-05-20 17:00:00,3.5,1401.0,1342.0,663.0,1959.0,1267.0,31.2,20.3,0.9064,True,False,False
1706,2004-05-20 18:00:00,4.1,1401.0,1396.0,645.0,2009.0,1402.0,27.7,24.8,0.9106,True,False,False
1707,2004-05-20 19:00:00,4.4,1444.0,1354.0,655.0,1956.0,1437.0,25.7,27.9,0.908,True,False,False
1708,2004-05-20 20:00:00,4.5,1379.0,1312.0,683.0,1870.0,1382.0,24.1,29.9,0.8879,True,False,False
1709,2004-05-20 21:00:00,2.9,1251.0,1097.0,771.0,1680.0,1280.0,22.2,34.4,0.9072,True,False,False
1710,2004-05-20 22:00:00,2.6,1269.0,1077.0,773.0,1706.0,1250.0,20.7,38.0,0.9149,True,False,False
1711,2004-05-20 23:00:00,2.1,1242.0,1060.0,745.0,1693.0,1359.0,20.2,42.8,0.9983,True,False,False
1712,2004-05-21 00:00:00,1.2,1045.0,850.0,889.0,1506.0,1102.0,20.5,42.0,1.0004,True,False,False
1713,2004-05-21 01:00:00,0.6,937.0,698.0,1039.0,1382.0,768.0,20.1,42.0,0.9763,True,False,False
1714,2004-05-21 02:00:00,0.3,875.0,622.0,1167.0,1331.0,656.0,20.0,41.5,0.9571,True,False,False
1715,2004-05-21 03:00:00,0.3,889.0,633.0,1123.0,1344.0,683.0,16.3,51.6,0.9461,True,False,False
1716,2004-05-21 04:00:00,,888.0,640.0,1089.0,1330.0,670.0,16.5,50.2,0.932,False,True,False
1717,2004-05-21 05:00:00,0.3,881.0,624.0,1135.0,1319.0,656.0,16.4,50.2,0.931,True,False,False
1718,2004-05-21 06:00:00,0.7,998.0,856.0,894.0,1488.0,926.0,14.9,54.7,0.9203,True,False,False
1719,2004-05-21 07:00:00,4.2,1517.0,1460.0,551.0,2205.0,1677.0,16.4,51.3,0.9474,True,False,False
1720,2004-05-21 08:00:00,4.8,1522.0,1509.0,543.0,2275.0,1828.0,18.2,46.2,0.9575,True,False,False
1721,2004-05-21 09:00:00,3.4,1417.0,1303.0,635.0,1964.0,1752.0,20.7,40.0,0.9639,True,False,False
1722,2004-05-21 10:00:00,2.8,1329.0,1214.0,700.0,1845.0,1581.0,26.5,27.0,0.9217,True,False,False
1723,2004-05-21 11:00:00,1.8,1203.0,1023.0,825.0,1622.0,1132.0,28.5,23.8,0.915,True,False,False
1724,2004-05-21 12:00:00,1.9,1234.0,1037.0,788.0,1658.0,1037.0,29.7,23.7,0.9714,True,False,False
1725,2004-05-21 13:00:00,2.0,1286.0,1090.0,750.0,1719.0,1023.0,31.7,21.7,0.9966,True,False,False
1726,2004-05-21 14:00:00,1.9,1298.0,1075.0,749.0,1690.0,1022.0,31.7,21.5,0.9902,True,False,False
1727,2004-05-21 15:00:00,2.0,1308.0,1084.0,757.0,1724.0,989.0,32.8,19.5,0.9515,True,False,False
1728,2004-05-21 16:00:00,2.3,1276.0,1099.0,783.0,1680.0,925.0,32.5,18.6,0.8948,True,False,False
1729,2004-05-21 17:00:00,2.7,1234.0,985.0,815.0,1572.0,795.0,30.2,22.6,0.9524,True,False,False
1730,2004-05-21 18:00:00,3.6,1419.0,1300.0,670.0,1923.0,1263.0,27.6,25.7,0.9382,True,False,False
1731,2004-05-21 19:00:00,3.8,1325.0,1273.0,716.0,1815.0,1184.0,25.9,24.9,0.8195,True,False,False
1732,2004-05-21 20:00:00,3.5,1346.0,1224.0,715.0,1794.0,1272.0,23.9,29.4,0.8589,True,False,False
1733,2004-05-21 21:00:00,2.5,1241.0,1110.0,772.0,1698.0,1177.0,22.3,32.1,0.8515,True,False,False
1734,2004-05-21 22:00:00,2.5,1274.0,1094.0,771.0,1682.0,1231.0,20.5,35.9,0.8565,True,False,False
1735,2004-05-21 23:00:00,3.0,1321.0,1144.0,732.0,1745.0,1243.0,19.8,37.2,0.8509,True,False,False
1736,2004-05-22 00:00:00,3.7,1424.0,1240.0,662.0,1841.0,1427.0,19.1,41.9,0.9158,True,False,False
1737,2004-05-22 01:00:00,3.3,1357.0,1178.0,674.0,1782.0,1454.0,17.8,46.1,0.9344,True,False,False
1738,2004-05-22 02:00:00,1.5,1123.0,966.0,770.0,1594.0,1183.0,17.6,47.6,0.9465,True,False,False
1739,2004-05-22 03:00:00,0.7,1003.0,820.0,902.0,1455.0,908.0,17.9,46.3,0.9394,True,False,False
1740,2004-05-22 04:00:00,,951.0,713.0,994.0,1385.0,821.0,16.9,49.8,0.9544,False,True,False
1741,2004-05-22 05:00:00,0.5,941.0,687.0,1024.0,1374.0,777.0,15.8,53.8,0.9615,True,False,False
1742,2004-05-22 06:00:00,0.5,986.0,745.0,959.0,1426.0,888.0,16.5,53.5,0.9928,True,False,False
1743,2004-05-22 07:00:00,1.2,1153.0,947.0,795.0,1643.0,1076.0,17.2,52.9,1.0276,True,False,False
1744,2004-05-22 08:00:00,2.2,1323.0,1137.0,696.0,1846.0,1285.0,19.3,48.3,1.0723,True,False,False
1745,2004-05-22 09:00:00,2.2,1315.0,1040.0,743.0,1740.0,1315.0,20.6,47.1,1.1287,True,False,False
1746,2004-05-22 10:00:00,2.1,1303.0,1015.0,777.0,1731.0,1250.0,23.7,40.0,1.153,True,False,False
1747,2004-05-22 11:00:00,1.8,1238.0,1037.0,813.0,1698.0,978.0,25.6,32.5,1.053,True,False,False
1748,2004-05-22 12:00:00,2.2,1259.0,1080.0,772.0,1736.0,1072.0,27.2,28.1,0.9989,True,False,False
1749,2004-05-22 13:00:00,2.0,1246.0,1070.0,770.0,1747.0,1064.0,27.9,28.1,1.0394,True,False,False
1750,2004-05-22 14:00:00,1.4,1154.0,912.0,872.0,1605.0,825.0,28.3,27.8,1.0539,True,False,False
1751,2004-05-22 15:00:00,1.8,1237.0,997.0,800.0,1688.0,924.0,29.2,27.0,1.081,True,False,False
1752,2004-05-22 16:00:00,2.1,1315.0,1041.0,773.0,1767.0,966.0,28.9,29.3,1.1503,True,False,False
1753,2004-05-22 17:00:00,2.8,1466.0,1174.0,680.0,1965.0,1302.0,25.4,39.8,1.2771,True,False,False
1754,2004-05-22 18:00:00,2.8,1409.0,1113.0,710.0,1850.0,1256.0,25.2,40.1,1.2642,True,False,False
1755,2004-05-22 19:00:00,2.7,1366.0,1171.0,693.0,1933.0,1068.0,24.5,39.4,1.1963,True,False,False
1756,2004-05-22 20:00:00,1.8,1241.0,1011.0,781.0,1748.0,1070.0,22.3,45.4,1.2088,True,False,False
1757,2004-05-22 21:00:00,1.2,1123.0,832.0,930.0,1565.0,792.0,21.2,48.3,1.2034,True,False,False
1758,2004-05-22 22:00:00,2.6,1321.0,1075.0,757.0,1891.0,1017.0,20.6,50.5,1.2082,True,False,False
1759,2004-05-22 23:00:00,3.1,1397.0,1159.0,681.0,1949.0,1207.0,20.2,52.9,1.234,True,False,False
1760,2004-05-23 00:00:00,4.1,1507.0,1311.0,608.0,2107.0,1499.0,19.8,54.5,1.2488,True,False,False
1761,2004-05-23 01:00:00,3.6,1405.0,1177.0,660.0,1931.0,1474.0,19.5,56.2,1.2624,True,False,False
1762,2004-05-23 02:00:00,1.9,1192.0,994.0,759.0,1780.0,1163.0,19.0,58.0,1.2581,True,False,False
1763,2004-05-23 03:00:00,1.9,1199.0,1070.0,671.0,1873.0,1189.0,18.1,61.6,1.2679,True,False,False
1764,2004-05-23 04:00:00,,973.0,761.0,954.0,1501.0,815.0,18.0,57.6,1.1788,False,True,False
1765,2004-05-23 05:00:00,0.3,864.0,591.0,1247.0,1374.0,507.0,17.7,56.0,1.1215,True,False,False
1766,2004-05-23 06:00:00,0.4,886.0,598.0,1257.0,1374.0,506.0,17.9,52.4,1.0655,True,False,False
1767,2004-05-23 07:00:00,0.8,988.0,713.0,1092.0,1455.0,716.0,18.9,49.3,1.0668,True,False,False
1768,2004-05-23 08:00:00,0.8,1008.0,729.0,1034.0,1490.0,795.0,20.0,48.6,1.1199,True,False,False
1769,2004-05-23 09:00:00,0.8,976.0,698.0,1156.0,1393.0,594.0,20.6,41.2,0.9841,True,False,False
1770,2004-05-23 10:00:00,0.8,978.0,718.0,1137.0,1392.0,565.0,23.6,34.0,0.9749,True,False,False
1771,2004-05-23 11:00:00,0.9,987.0,740.0,1105.0,1407.0,523.0,26.7,28.1,0.9688,True,False,False
1772,2004-05-23 12:00:00,1.2,1030.0,778.0,1071.0,1452.0,591.0,26.8,28.1,0.9785,True,False,False
1773,2004-05-23 13:00:00,1.0,955.0,723.0,1129.0,1393.0,559.0,27.7,25.8,0.9467,True,False,False
1774,2004-05-23 14:00:00,0.8,924.0,673.0,1247.0,1346.0,430.0,28.8,22.7,0.8864,True,False,False
1775,2004-05-23 15:00:00,1.1,1005.0,758.0,1091.0,1434.0,522.0,26.8,27.3,0.9462,True,False,False
1776,2004-05-23 16:00:00,1.5,1059.0,816.0,1023.0,1468.0,641.0,25.9,28.7,0.9423,True,False,False
1777,2004-05-23 17:00:00,1.5,1079.0,851.0,991.0,1490.0,738.0,25.8,27.7,0.9076,True,False,False
1778,2004-05-23 18:00:00,1.4,1070.0,850.0,997.0,1502.0,778.0,24.8,29.5,0.9077,True,False,False
1779,2004-05-23 19:00:00,1.1,1085.0,805.0,972.0,1528.0,718.0,25.3,36.3,1.1513,True,False,False
1780,2004-05-23 20:00:00,0.9,1066.0,787.0,986.0,1552.0,689.0,23.9,40.4,1.1787,True,False,False
1781,2004-05-23 21:00:00,1.0,1094.0,815.0,934.0,1563.0,852.0,21.4,46.6,1.1764,True,False,False
1782,2004-05-23 22:00:00,1.1,1110.0,814.0,948.0,1571.0,854.0,20.5,49.3,1.173,True,False,False
1783,2004-05-23 23:00:00,1.0,968.0,719.0,1081.0,1388.0,664.0,19.2,42.3,0.9339,True,False,False
1784,2004-05-24 00:00:00,0.7,906.0,714.0,1163.0,1351.0,544.0,19.2,37.9,0.8352,True,False,False
1785,2004-05-24 01:00:00,0.5,849.0,615.0,1285.0,1276.0,461.0,17.2,43.1,0.8394,True,False,False
1786,2004-05-24 02:00:00,0.2,774.0,500.0,1536.0,1169.0,352.0,15.8,45.2,0.8052,True,False,False
1787,2004-05-24 03:00:00,,746.0,450.0,1807.0,1111.0,308.0,15.7,42.3,0.7464,False,True,False
1788,2004-05-24 04:00:00,,753.0,437.0,1904.0,1110.0,301.0,16.3,41.0,0.7513,False,True,False
1789,2004-05-24 05:00:00,0.1,749.0,466.0,1803.0,1089.0,307.0,16.1,36.5,0.664,True,False,False
1790,2004-05-24 06:00:00,0.5,864.0,642.0,1288.0,1255.0,441.0,16.5,36.2,0.6752,True,False,False
1791,2004-05-24 07:00:00,1.6,1002.0,893.0,1010.0,1394.0,775.0,17.5,30.9,0.6111,True,False,False
1792,2004-05-24 08:00:00,2.0,970.0,966.0,944.0,1379.0,907.0,18.4,24.0,0.5046,True,False,False
1793,2004-05-24 09:00:00,1.3,898.0,853.0,1066.0,1271.0,763.0,19.2,23.8,0.5235,True,False,False
1794,2004-05-24 10:00:00,1.0,847.0,800.0,1155.0,1179.0,649.0,21.7,18.1,0.4642,True,False,False
1795,2004-05-24 11:00:00,0.9,847.0,788.0,1203.0,1162.0,598.0,22.3,17.0,0.4513,True,False,False
1796,2004-05-24 12:00:00,1.2,871.0,848.0,1139.0,1208.0,579.0,22.8,16.1,0.4404,True,False,False
1797,2004-05-24 13:00:00,1.3,869.0,866.0,1107.0,1212.0,596.0,23.8,14.5,0.4222,True,False,False
1798,2004-05-24 14:00:00,1.1,875.0,854.0,1160.0,1200.0,595.0,25.1,13.1,0.4129,True,False,False
1799,2004-05-24 15:00:00,1.2,895.0,878.0,1122.0,1238.0,607.0,25.8,12.9,0.4219,True,False,False
1800,2004-05-24 16:00:00,1.4,926.0,885.0,1101.0,1259.0,662.0,25.5,14.0,0.4495,True,False,False
1801,2004-05-24 17:00:00,2.0,996.0,1048.0,959.0,1397.0,822.0,24.5,15.4,0.4663,True,False,False
1802,2004-05-24 18:00:00,2.4,997.0,1100.0,896.0,1392.0,987.0,22.6,17.2,0.4656,True,False,False
1803,2004-05-24 19:00:00,2.1,1006.0,1048.0,925.0,1416.0,966.0,21.2,18.9,0.471,True,False,False
1804,2004-05-24 20:00:00,1.2,895.0,845.0,1072.0,1241.0,763.0,19.1,22.8,0.501,True,False,False
1805,2004-05-24 21:00:00,0.7,862.0,751.0,1154.0,1213.0,617.0,18.4,24.6,0.5169,True,False,False
1806,2004-05-24 22:00:00,0.7,858.0,756.0,1159.0,1209.0,564.0,17.3,25.6,0.5032,True,False,False
1807,2004-05-24 23:00:00,0.8,853.0,762.0,1134.0,1184.0,646.0,16.5,24.9,0.4642,True,False,False
1808,2004-05-25 00:00:00,0.5,859.0,727.0,1120.0,1187.0,753.0,16.7,28.3,0.5316,True,False,False
1809,2004-05-25 01:00:00,0.2,837.0,634.0,1200.0,1150.0,669.0,15.5,32.2,0.5641,True,False,False
1810,2004-05-25 02:00:00,,746.0,493.0,1522.0,1063.0,435.0,17.5,29.1,0.5773,False,True,False
1811,2004-05-25 03:00:00,,752.0,515.0,1472.0,1068.0,436.0,13.3,35.6,0.5393,False,True,False
1812,2004-05-25 04:00:00,,742.0,489.0,1559.0,1048.0,403.0,14.0,33.7,0.5355,False,True,False
1813,2004-05-25 05:00:00,0.1,774.0,560.0,1386.0,1107.0,532.0,11.6,40.0,0.5462,True,False,False
1814,2004-05-25 06:00:00,0.2,798.0,630.0,1291.0,1125.0,536.0,13.4,34.5,0.5272,True,False,False
1815,2004-05-25 07:00:00,1.1,1002.0,932.0,949.0,1405.0,917.0,15.2,31.0,0.5329,True,False,False
1816,2004-05-25 08:00:00,3.0,1210.0,1356.0,657.0,1786.0,1481.0,16.3,27.5,0.5066,True,False,False
1817,2004-05-25 09:00:00,2.1,1058.0,1158.0,820.0,1459.0,1187.0,19.2,20.0,0.439,True,False,False
1818,2004-05-25 10:00:00,2.6,1106.0,1118.0,885.0,1451.0,1220.0,24.9,13.0,0.4038,True,False,False
1819,2004-05-25 11:00:00,3.2,1153.0,1253.0,815.0,1541.0,1381.0,28.3,9.9,0.3754,True,False,False
1820,2004-05-25 12:00:00,2.1,1047.0,1101.0,913.0,1391.0,1103.0,29.2,9.8,0.3914,True,False,False
1821,2004-05-25 13:00:00,2.2,1091.0,1172.0,874.0,1459.0,1105.0,31.6,9.2,0.419,True,False,False
1822,2004-05-25 14:00:00,2.4,1162.0,1253.0,796.0,1595.0,1248.0,32.6,9.3,0.4499,True,False,False
1823,2004-05-25 15:00:00,,1059.0,1070.0,925.0,1401.0,976.0,32.6,9.2,0.4463,False,True,False
1824,2004-05-25 16:00:00,,1083.0,1051.0,939.0,1390.0,898.0,32.3,10.0,0.4747,False,True,False
1825,2004-05-25 17:00:00,,1150.0,1161.0,867.0,1512.0,1038.0,32.1,10.7,0.4996,False,True,False
1826,2004-05-25 18:00:00,,1321.0,1426.0,720.0,1859.0,1395.0,29.7,12.2,0.5007,False,True,False
1827,2004-05-25 19:00:00,,,,,,,,,,False,True,True
1828,2004-05-25 20:00:00,,,,,,,,,,False,True,True
1829,2004-05-25 21:00:00,,,,,,,,,,False,True,True
1830,2004-05-25 22:00:00,,,,,,,,,,False,True,True
1831,2004-05-25 23:00:00,,,,,,,,,,False,True,True
1832,2004-05-26 00:00:00,,,,,,,,,,False,True,True
1833,2004-05-26 01:00:00,,,,,,,,,,False,True,True
1834,2004-05-26 02:00:00,,,,,,,,,,False,True,True
1835,2004-05-26 03:00:00,,,,,,,,,,False,True,True
1836,2004-05-26 04:00:00,,,,,,,,,,False,True,True
1837,2004-05-26 05:00:00,,,,,,,,,,False,True,True
1838,2004-05-26 06:00:00,,,,,,,,,,False,True,True
1839,2004-05-26 07:00:00,,,,,,,,,,False,True,True
1840,2004-05-26 08:00:00,,,,,,,,,,False,True,True
1841,2004-05-26 09:00:00,4.0,1303.0,1776.0,946.0,1467.0,1608.0,20.4,35.7,0.844,True,False,False
1842,2004-05-26 10:00:00,2.2,1137.0,1146.0,1144.0,1392.0,1327.0,26.1,23.8,0.7938,True,False,False
1843,2004-05-26 11:00:00,1.8,1139.0,1109.0,1118.0,1436.0,1292.0,28.8,21.1,0.8193,True,False,False
1844,2004-05-26 12:00:00,1.6,1099.0,1059.0,1156.0,1416.0,1114.0,29.6,19.4,0.7897,True,False,False
1845,2004-05-26 13:00:00,1.8,1088.0,1116.0,1128.0,1449.0,1060.0,31.6,16.4,0.7489,True,False,False
1846,2004-05-26 14:00:00,1.6,1027.0,1041.0,1237.0,1345.0,915.0,32.3,13.3,0.6303,True,False,False
1847,2004-05-26 15:00:00,1.6,1014.0,1049.0,1200.0,1366.0,893.0,31.8,13.5,0.6249,True,False,False
1848,2004-05-26 16:00:00,1.3,969.0,968.0,1276.0,1325.0,768.0,31.8,13.8,0.6394,True,False,False
1849,2004-05-26 17:00:00,,1120.0,1238.0,1023.0,1591.0,1126.0,31.0,15.9,0.7039,False,True,False
1850,2004-05-26 18:00:00,,1131.0,1368.0,933.0,1707.0,1284.0,28.6,18.7,0.7216,False,True,False
1851,2004-05-26 19:00:00,,1130.0,1368.0,933.0,1709.0,1269.0,26.7,19.5,0.6754,False,True,False
1852,2004-05-26 20:00:00,,1123.0,1304.0,939.0,1720.0,1290.0,25.0,24.4,0.7616,False,True,False
1853,2004-05-26 21:00:00,,1069.0,1086.0,1064.0,1536.0,1119.0,22.8,28.4,0.7804,False,True,False
1854,2004-05-26 22:00:00,,1021.0,1010.0,1116.0,1480.0,1027.0,21.7,29.2,0.7458,False,True,False
1855,2004-05-26 23:00:00,,1101.0,1093.0,1012.0,1564.0,1155.0,21.1,30.9,0.7617,False,True,False
1856,2004-05-27 00:00:00,,1026.0,960.0,1072.0,1471.0,1078.0,19.9,36.3,0.8349,False,True,False
1857,2004-05-27 01:00:00,,949.0,841.0,1155.0,1393.0,954.0,18.6,39.3,0.8355,False,True,False
1858,2004-05-27 02:00:00,,846.0,687.0,1295.0,1288.0,726.0,18.6,38.8,0.8228,False,True,False
1859,2004-05-27 03:00:00,,811.0,606.0,1417.0,1248.0,656.0,19.0,38.9,0.8468,False,True,False
1860,2004-05-27 04:00:00,,803.0,586.0,1442.0,1232.0,573.0,18.0,40.9,0.8394,False,True,False
1861,2004-05-27 05:00:00,,882.0,715.0,1246.0,1367.0,780.0,15.5,48.6,0.8505,False,True,False
1862,2004-05-27 06:00:00,,963.0,836.0,1085.0,1429.0,920.0,16.0,47.9,0.8659,False,True,False
1863,2004-05-27 07:00:00,,1413.0,1424.0,739.0,2102.0,1544.0,17.0,46.0,0.883,False,True,False
1864,2004-05-27 08:00:00,,1485.0,1650.0,632.0,2337.0,1789.0,19.0,41.6,0.9039,False,True,False
1865,2004-05-27 09:00:00,,1354.0,1418.0,749.0,2043.0,1629.0,21.8,35.0,0.9002,False,True,False
1866,2004-05-27 10:00:00,,1074.0,939.0,1071.0,1513.0,997.0,25.6,28.0,0.9088,False,True,False
1867,2004-05-27 11:00:00,,1022.0,914.0,1132.0,1446.0,847.0,26.4,23.1,0.7853,False,True,False
1868,2004-05-27 12:00:00,,1100.0,1034.0,995.0,1586.0,958.0,27.1,24.2,0.856,False,True,False
1869,2004-05-27 13:00:00,,1073.0,1052.0,1009.0,1574.0,854.0,27.5,20.9,0.7565,False,True,False
1870,2004-05-27 14:00:00,,1049.0,983.0,1071.0,1515.0,782.0,29.5,19.7,0.8015,False,True,False
1871,2004-05-27 15:00:00,,1086.0,1048.0,1016.0,1580.0,888.0,30.6,18.6,0.8014,False,True,False
1872,2004-05-27 16:00:00,,1059.0,1027.0,1066.0,1521.0,764.0,31.3,15.8,0.7106,False,True,False
1873,2004-05-27 17:00:00,,1244.0,1301.0,842.0,1801.0,1170.0,29.4,21.0,0.8452,False,True,False
1874,2004-05-27 18:00:00,,1320.0,1423.0,767.0,1986.0,1385.0,27.0,23.5,0.8256,False,True,False
1875,2004-05-27 19:00:00,,1236.0,1304.0,822.0,1868.0,1237.0,25.8,26.7,0.8758,False,True,False
1876,2004-05-27 20:00:00,,1136.0,1187.0,904.0,1735.0,1127.0,23.7,28.4,0.8225,False,True,False
1877,2004-05-27 21:00:00,,1110.0,1093.0,961.0,1661.0,1091.0,21.3,33.0,0.8284,False,True,False
1878,2004-05-27 22:00:00,,1026.0,990.0,1032.0,1553.0,972.0,20.5,35.3,0.8435,False,True,False
1879,2004-05-27 23:00:00,,1038.0,961.0,1026.0,1530.0,949.0,19.4,38.1,0.8511,False,True,False
1880,2004-05-28 00:00:00,,975.0,892.0,1015.0,1480.0,890.0,19.4,40.7,0.9045,False,True,False
1881,2004-05-28 01:00:00,,908.0,814.0,1089.0,1403.0,763.0,17.8,44.9,0.903,False,True,False
1882,2004-05-28 02:00:00,,896.0,820.0,1074.0,1439.0,833.0,16.6,49.7,0.9295,False,True,False
1883,2004-05-28 03:00:00,,810.0,697.0,1221.0,1321.0,675.0,16.5,48.6,0.9028,False,True,False
1884,2004-05-28 04:00:00,,789.0,638.0,1305.0,1309.0,672.0,15.2,53.6,0.919,False,True,False
1885,2004-05-28 05:00:00,,814.0,678.0,1276.0,1339.0,626.0,15.5,51.7,0.9019,False,True,False
1886,2004-05-28 06:00:00,,958.0,907.0,992.0,1536.0,882.0,14.9,54.8,0.9247,False,True,False
1887,2004-05-28 07:00:00,,1213.0,1274.0,762.0,1914.0,1264.0,16.3,51.3,0.9416,False,True,False
1888,2004-05-28 08:00:00,,1221.0,1367.0,722.0,2008.0,1330.0,18.4,45.7,0.9559,False,True,False
1889,2004-05-28 09:00:00,,1245.0,1281.0,774.0,1952.0,1324.0,20.8,43.6,1.0614,False,True,False
1890,2004-05-28 10:00:00,,1050.0,963.0,998.0,1609.0,901.0,24.3,35.1,1.0477,False,True,False
1891,2004-05-28 11:00:00,,1048.0,969.0,1012.0,1600.0,852.0,26.4,29.3,0.9889,False,True,False
1892,2004-05-28 12:00:00,,1141.0,1128.0,902.0,1738.0,1009.0,28.3,25.0,0.9495,False,True,False
1893,2004-05-28 13:00:00,,1052.0,1053.0,949.0,1641.0,831.0,28.9,23.7,0.9285,False,True,False
1894,2004-05-28 14:00:00,,1152.0,1099.0,908.0,1706.0,954.0,28.5,25.8,0.9931,False,True,False
1895,2004-05-28 15:00:00,1.7,1026.0,1061.0,982.0,1564.0,814.0,29.6,18.9,0.7692,True,False,False
1896,2004-05-28 16:00:00,1.7,1039.0,1055.0,966.0,1590.0,845.0,28.0,23.2,0.8613,True,False,False
1897,2004-05-28 17:00:00,2.1,1148.0,1067.0,887.0,1790.0,956.0,23.6,41.0,1.1786,True,False,False
1898,2004-05-28 18:00:00,2.2,1176.0,1114.0,843.0,1805.0,1102.0,21.5,48.1,1.2148,True,False,False
1899,2004-05-28 19:00:00,1.8,1100.0,1028.0,900.0,1710.0,994.0,22.1,44.1,1.1573,True,False,False
1900,2004-05-28 20:00:00,1.8,1081.0,992.0,959.0,1680.0,935.0,20.2,47.2,1.1043,True,False,False
1901,2004-05-28 21:00:00,0.9,976.0,858.0,1070.0,1547.0,839.0,20.0,47.6,1.103,True,False,False
1902,2004-05-28 22:00:00,1.0,979.0,857.0,1082.0,1546.0,797.0,19.8,46.8,1.0697,True,False,False
1903,2004-05-28 23:00:00,2.0,1092.0,1024.0,937.0,1706.0,968.0,19.6,47.0,1.0606,True,False,False
1904,2004-05-29 00:00:00,1.8,1044.0,946.0,1009.0,1594.0,886.0,19.3,46.3,1.0279,True,False,False
1905,2004-05-29 01:00:00,1.1,940.0,849.0,1091.0,1509.0,764.0,18.5,48.7,1.0286,True,False,False
1906,2004-05-29 02:00:00,0.6,892.0,767.0,1180.0,1466.0,657.0,18.0,51.4,1.0504,True,False,False
1907,2004-05-29 03:00:00,0.3,838.0,675.0,1302.0,1390.0,540.0,17.9,50.8,1.0355,True,False,False
1908,2004-05-29 04:00:00,,853.0,727.0,1179.0,1417.0,621.0,17.7,51.9,1.0379,False,True,False
1909,2004-05-29 05:00:00,,738.0,545.0,1562.0,1266.0,450.0,17.7,49.7,0.997,False,True,False
1910,2004-05-29 06:00:00,0.1,762.0,581.0,1588.0,1277.0,434.0,17.9,46.1,0.9383,True,False,False
1911,2004-05-29 07:00:00,0.5,841.0,713.0,1293.0,1356.0,559.0,18.4,43.9,0.9192,True,False,False
1912,2004-05-29 08:00:00,0.6,843.0,712.0,1303.0,1343.0,548.0,18.9,42.1,0.9081,True,False,False
1913,2004-05-29 09:00:00,0.5,841.0,713.0,1326.0,1330.0,525.0,19.2,39.7,0.8728,True,False,False
1914,2004-05-29 10:00:00,0.7,862.0,721.0,1329.0,1335.0,522.0,20.8,36.6,0.8878,True,False,False
1915,2004-05-29 11:00:00,0.7,869.0,740.0,1296.0,1366.0,535.0,21.3,35.8,0.8975,True,False,False
1916,2004-05-29 12:00:00,0.9,894.0,810.0,1204.0,1421.0,585.0,21.8,34.9,0.9004,True,False,False
1917,2004-05-29 13:00:00,0.7,844.0,755.0,1284.0,1350.0,521.0,22.8,31.4,0.8615,True,False,False
1918,2004-05-29 14:00:00,0.4,823.0,699.0,1382.0,1311.0,493.0,22.9,31.3,0.862,True,False,False
1919,2004-05-29 15:00:00,0.5,843.0,719.0,1353.0,1330.0,501.0,22.9,30.7,0.8461,True,False,False
1920,2004-05-29 16:00:00,0.6,865.0,767.0,1279.0,1369.0,559.0,23.8,29.2,0.8499,True,False,False
1921,2004-05-29 17:00:00,0.6,873.0,792.0,1247.0,1397.0,589.0,23.2,30.2,0.8442,True,False,False
1922,2004-05-29 18:00:00,0.8,899.0,803.0,1221.0,1426.0,596.0,22.4,31.3,0.8365,True,False,False
1923,2004-05-29 19:00:00,1.0,921.0,856.0,1163.0,1437.0,681.0,21.7,32.2,0.825,True,False,False
1924,2004-05-29 20:00:00,1.2,937.0,893.0,1106.0,1463.0,783.0,20.8,33.2,0.8061,True,False,False
1925,2004-05-29 21:00:00,1.0,901.0,834.0,1177.0,1408.0,738.0,20.1,35.0,0.8149,True,False,False
1926,2004-05-29 22:00:00,1.3,955.0,918.0,1056.0,1511.0,762.0,19.5,36.9,0.8258,True,False,False
1927,2004-05-29 23:00:00,2.7,1065.0,1106.0,897.0,1707.0,929.0,19.0,38.2,0.8327,True,False,False
1928,2004-05-30 00:00:00,2.7,1035.0,1110.0,907.0,1652.0,1044.0,18.5,39.4,0.832,True,False,False
1929,2004-05-30 01:00:00,1.6,956.0,945.0,1030.0,1509.0,892.0,17.8,41.7,0.844,True,False,False
1930,2004-05-30 02:00:00,0.6,869.0,835.0,1078.0,1437.0,807.0,19.2,42.0,0.9248,True,False,False
1931,2004-05-30 03:00:00,0.3,831.0,822.0,1085.0,1418.0,710.0,17.8,44.8,0.9048,True,False,False
1932,2004-05-30 04:00:00,,815.0,774.0,1113.0,1374.0,712.0,17.0,47.7,0.9185,False,True,False
1933,2004-05-30 05:00:00,0.1,781.0,661.0,1271.0,1299.0,568.0,17.2,47.2,0.9178,True,False,False
1934,2004-05-30 06:00:00,0.1,781.0,645.0,1295.0,1320.0,575.0,17.3,47.6,0.9295,True,False,False
1935,2004-05-30 07:00:00,0.2,828.0,690.0,1263.0,1353.0,658.0,18.6,44.2,0.9385,True,False,False
1936,2004-05-30 08:00:00,0.3,803.0,635.0,1417.0,1272.0,537.0,20.2,37.8,0.8837,True,False,False
1937,2004-05-30 09:00:00,0.3,811.0,653.0,1411.0,1269.0,486.0,22.0,31.9,0.8335,True,False,False
1938,2004-05-30 10:00:00,0.4,844.0,696.0,1353.0,1292.0,507.0,25.5,25.9,0.8339,True,False,False
1939,2004-05-30 11:00:00,0.3,833.0,697.0,1361.0,1294.0,496.0,27.5,22.8,0.8249,True,False,False
1940,2004-05-30 12:00:00,0.3,832.0,719.0,1318.0,1299.0,502.0,28.7,20.7,0.8024,True,False,False
1941,2004-05-30 13:00:00,0.1,771.0,626.0,1502.0,1210.0,430.0,29.1,19.6,0.7771,True,False,False
1942,2004-05-30 14:00:00,0.1,783.0,637.0,1498.0,1215.0,439.0,29.8,18.4,0.7595,True,False,False
1943,2004-05-30 15:00:00,0.2,815.0,723.0,1378.0,1256.0,471.0,32.0,15.0,0.7028,True,False,False
1944,2004-05-30 16:00:00,0.6,912.0,819.0,1224.0,1368.0,589.0,30.3,17.0,0.7232,True,False,False
1945,2004-05-30 17:00:00,0.5,894.0,774.0,1239.0,1339.0,598.0,31.7,16.2,0.745,True,False,False
1946,2004-05-30 18:00:00,0.9,963.0,885.0,1102.0,1447.0,695.0,29.2,19.6,0.7817,True,False,False
1947,2004-05-30 19:00:00,1.1,990.0,930.0,1045.0,1506.0,739.0,27.4,23.8,0.858,True,False,False
1948,2004-05-30 20:00:00,1.3,1025.0,980.0,986.0,1591.0,891.0,25.0,26.9,0.8408,True,False,False
1949,2004-05-30 21:00:00,1.5,997.0,971.0,993.0,1573.0,930.0,23.6,30.1,0.8663,True,False,False
1950,2004-05-30 22:00:00,1.2,976.0,916.0,1044.0,1515.0,880.0,22.3,33.6,0.8913,True,False,False
1951,2004-05-30 23:00:00,0.4,878.0,784.0,1181.0,1407.0,610.0,21.4,36.9,0.9271,True,False,False
1952,2004-05-31 00:00:00,0.2,836.0,728.0,1213.0,1353.0,518.0,20.6,39.9,0.9597,True,False,False
1953,2004-05-31 01:00:00,0.3,855.0,751.0,1107.0,1418.0,664.0,19.7,43.2,0.9812,True,False,False
1954,2004-05-31 02:00:00,,759.0,588.0,1323.0,1286.0,515.0,19.7,42.4,0.9636,False,True,False
1955,2004-05-31 03:00:00,,738.0,539.0,1421.0,1257.0,477.0,18.9,45.0,0.9703,False,True,False
1956,2004-05-31 04:00:00,,736.0,528.0,1451.0,1254.0,477.0,18.7,45.4,0.9694,False,True,False
1957,2004-05-31 05:00:00,,765.0,609.0,1304.0,1319.0,581.0,16.4,52.4,0.9709,False,True,False
1958,2004-05-31 06:00:00,0.5,909.0,834.0,1031.0,1527.0,763.0,16.6,52.1,0.9785,True,False,False
1959,2004-05-31 07:00:00,1.6,1108.0,1123.0,804.0,1801.0,1111.0,17.4,50.9,1.0017,True,False,False
1960,2004-05-31 08:00:00,3.6,1252.0,1369.0,681.0,2120.0,1390.0,19.3,46.0,1.0185,True,False,False
1961,2004-05-31 09:00:00,2.2,1175.0,1188.0,790.0,1901.0,1251.0,20.9,43.6,1.0683,True,False,False
1962,2004-05-31 10:00:00,1.6,1111.0,1120.0,839.0,1790.0,1141.0,25.6,33.3,1.0773,True,False,False
1963,2004-05-31 11:00:00,1.4,1044.0,1069.0,889.0,1683.0,942.0,28.9,26.0,1.0188,True,False,False
1964,2004-05-31 12:00:00,1.4,1018.0,1088.0,909.0,1677.0,795.0,30.3,22.8,0.9695,True,False,False
1965,2004-05-31 13:00:00,1.5,1060.0,1122.0,863.0,1721.0,836.0,30.9,24.4,1.0724,True,False,False
1966,2004-05-31 14:00:00,1.3,1071.0,1110.0,864.0,1733.0,847.0,30.5,26.2,1.1278,True,False,False
1967,2004-05-31 15:00:00,1.2,1006.0,1054.0,921.0,1636.0,769.0,30.7,23.4,1.015,True,False,False
1968,2004-05-31 16:00:00,1.8,1104.0,1171.0,827.0,1803.0,968.0,28.1,29.8,1.1132,True,False,False
1969,2004-05-31 17:00:00,3.0,1196.0,1336.0,739.0,1971.0,1157.0,26.9,32.2,1.1267,True,False,False
1970,2004-05-31 18:00:00,3.5,1243.0,1429.0,687.0,2093.0,1367.0,26.0,34.6,1.1485,True,False,False
1971,2004-05-31 19:00:00,2.4,1124.0,1199.0,794.0,1858.0,1101.0,24.5,37.7,1.1454,True,False,False
1972,2004-05-31 20:00:00,1.1,1020.0,1003.0,904.0,1716.0,916.0,21.7,46.9,1.2044,True,False,False
1973,2004-05-31 21:00:00,0.8,1035.0,878.0,977.0,1694.0,825.0,19.3,68.8,1.519,True,False,False
1974,2004-05-31 22:00:00,0.4,986.0,781.0,1063.0,1633.0,693.0,17.6,81.6,1.6296,True,False,False
1975,2004-05-31 23:00:00,0.6,1017.0,834.0,986.0,1676.0,734.0,17.8,80.3,1.6212,True,False,False
1976,2004-06-01 00:00:00,0.3,922.0,750.0,1085.0,1585.0,685.0,18.6,75.7,1.6074,True,False,False
1977,2004-06-01 01:00:00,,830.0,644.0,1235.0,1487.0,524.0,19.6,68.4,1.5443,False,True,False
1978,2004-06-01 02:00:00,,805.0,583.0,1339.0,1494.0,527.0,18.0,76.4,1.5608,False,True,False
1979,2004-06-01 03:00:00,,760.0,505.0,1527.0,1413.0,452.0,17.3,77.2,1.5104,False,True,False
1980,2004-06-01 04:00:00,,783.0,529.0,1437.0,1435.0,466.0,16.5,82.3,1.5318,False,True,False
1981,2004-06-01 05:00:00,0.1,854.0,613.0,1272.0,1515.0,565.0,16.8,81.3,1.5452,True,False,False
1982,2004-06-01 06:00:00,0.3,985.0,816.0,987.0,1677.0,799.0,17.3,78.6,1.5412,True,False,False
1983,2004-06-01 07:00:00,1.4,1225.0,1067.0,760.0,1922.0,1102.0,16.9,80.9,1.5472,True,False,False
1984,2004-06-01 08:00:00,2.7,1313.0,1283.0,671.0,2180.0,1299.0,17.1,79.8,1.542,True,False,False
1985,2004-06-01 09:00:00,2.3,1199.0,1156.0,758.0,1958.0,1272.0,18.5,70.3,1.4826,True,False,False
1986,2004-06-01 10:00:00,1.8,1182.0,1051.0,829.0,1870.0,1206.0,19.6,66.7,1.5023,True,False,False
1987,2004-06-01 11:00:00,1.6,1173.0,1063.0,814.0,1905.0,1218.0,20.4,63.1,1.4969,True,False,False
1988,2004-06-01 12:00:00,1.9,1259.0,1178.0,722.0,2060.0,1367.0,21.6,61.8,1.5775,True,False,False
1989,2004-06-01 13:00:00,2.5,1263.0,1171.0,759.0,2029.0,1290.0,24.0,49.3,1.4509,True,False,False
1990,2004-06-01 14:00:00,1.6,1156.0,1100.0,800.0,1884.0,1175.0,25.7,43.8,1.4262,True,False,False
1991,2004-06-01 15:00:00,1.5,1167.0,1065.0,808.0,1886.0,1139.0,24.6,47.5,1.4487,True,False,False
1992,2004-06-01 16:00:00,2.5,1278.0,1213.0,733.0,2041.0,1293.0,24.8,47.4,1.4628,True,False,False
1993,2004-06-01 17:00:00,3.6,1342.0,1351.0,657.0,2201.0,1419.0,23.7,50.5,1.4636,True,False,False
1994,2004-06-01 18:00:00,3.5,1353.0,1292.0,683.0,2178.0,1326.0,23.0,53.8,1.4968,True,False,False
1995,2004-06-01 19:00:00,4.8,1501.0,1501.0,588.0,2486.0,1517.0,21.5,65.8,1.6688,True,False,False
1996,2004-06-01 20:00:00,3.7,1355.0,1289.0,678.0,2158.0,1391.0,21.0,66.9,1.6436,True,False,False
1997,2004-06-01 21:00:00,2.1,1230.0,1169.0,737.0,2020.0,1275.0,20.6,68.1,1.6329,True,False,False
1998,2004-06-01 22:00:00,1.6,1148.0,1048.0,822.0,1883.0,1168.0,20.5,66.9,1.5914,True,False,False
1999,2004-06-01 23:00:00,2.2,1171.0,1088.0,822.0,1889.0,1132.0,20.2,65.2,1.5251,True,False,False
2000,2004-06-02 00:00:00,0.8,1021.0,949.0,927.0,1764.0,977.0,19.5,68.0,1.5269,True,False,False
2001,2004-06-02 01:00:00,,964.0,877.0,958.0,1692.0,942.0,19.9,66.4,1.5203,False,True,False
2002,2004-06-02 02:00:00,,887.0,758.0,1094.0,1622.0,804.0,19.1,69.0,1.5043,False,True,False
2003,2004-06-02 03:00:00,,885.0,773.0,1051.0,1641.0,805.0,18.5,70.7,1.4962,False,True,False
2004,2004-06-02 04:00:00,,830.0,662.0,1217.0,1556.0,704.0,18.9,67.8,1.4689,False,True,False
2005,2004-06-02 05:00:00,,792.0,611.0,1280.0,1529.0,657.0,20.0,63.7,1.4742,False,True,False
2006,2004-06-02 06:00:00,,813.0,639.0,1267.0,1538.0,655.0,19.8,64.7,1.4769,False,True,False
2007,2004-06-02 07:00:00,,890.0,703.0,1145.0,1601.0,751.0,19.7,65.3,1.4843,False,True,False
2008,2004-06-02 08:00:00,,984.0,854.0,964.0,1751.0,885.0,20.8,62.0,1.5002,False,True,False
2009,2004-06-02 09:00:00,,1043.0,920.0,925.0,1777.0,955.0,22.2,56.6,1.4973,False,True,False
2010,2004-06-02 10:00:00,,1054.0,936.0,915.0,1791.0,962.0,24.3,49.0,1.4724,False,True,False
2011,2004-06-02 11:00:00,,1063.0,930.0,925.0,1749.0,957.0,25.0,46.5,1.4492,False,True,False
2012,2004-06-02 12:00:00,,978.0,873.0,1003.0,1669.0,788.0,28.9,34.8,1.3603,False,True,False
2013,2004-06-02 13:00:00,,887.0,748.0,1141.0,1560.0,596.0,29.6,33.4,1.3581,False,True,False
2014,2004-06-02 14:00:00,,887.0,754.0,1164.0,1523.0,560.0,30.9,30.7,1.3493,False,True,False
2015,2004-06-02 15:00:00,,977.0,850.0,1035.0,1645.0,701.0,31.8,31.0,1.4286,False,True,False
2016,2004-06-02 16:00:00,,1043.0,934.0,929.0,1707.0,811.0,31.4,31.2,1.4127,False,True,False
2017,2004-06-02 17:00:00,,1010.0,902.0,966.0,1676.0,724.0,28.9,35.7,1.3985,False,True,False
2018,2004-06-02 18:00:00,,1094.0,996.0,876.0,1807.0,864.0,27.2,42.5,1.5135,False,True,False
2019,2004-06-02 19:00:00,,1223.0,1142.0,778.0,1965.0,1084.0,26.2,46.4,1.5573,False,True,False
2020,2004-06-02 20:00:00,,1109.0,1042.0,834.0,1888.0,998.0,24.5,51.0,1.5454,False,True,False
2021,2004-06-02 21:00:00,,1026.0,927.0,915.0,1781.0,878.0,22.8,56.1,1.5353,False,True,False
2022,2004-06-02 22:00:00,,1036.0,928.0,914.0,1787.0,909.0,21.9,60.9,1.5799,False,True,False
2023,2004-06-02 23:00:00,,963.0,853.0,995.0,1732.0,789.0,21.7,61.0,1.5617,False,True,False
2024,2004-06-03 00:00:00,,996.0,868.0,957.0,1741.0,857.0,20.8,64.8,1.568,False,True,False
2025,2004-06-03 01:00:00,,999.0,853.0,951.0,1756.0,885.0,20.3,70.9,1.6699,False,True,False
2026,2004-06-03 02:00:00,,893.0,741.0,1056.0,1664.0,743.0,18.9,79.0,1.704,False,True,False
2027,2004-06-03 03:00:00,,730.0,530.0,1517.0,1362.0,445.0,18.1,64.6,1.3276,False,True,False
2028,2004-06-03 04:00:00,,753.0,562.0,1420.0,1414.0,454.0,18.6,64.5,1.3655,False,True,False
2029,2004-06-03 05:00:00,,825.0,663.0,1203.0,1504.0,610.0,17.6,67.4,1.346,False,True,False
2030,2004-06-03 06:00:00,,1012.0,982.0,882.0,1796.0,1024.0,17.6,67.6,1.3479,False,True,False
2031,2004-06-03 07:00:00,,1221.0,1293.0,688.0,2144.0,1316.0,19.0,61.7,1.3393,False,True,False
2032,2004-06-03 08:00:00,,1215.0,1303.0,694.0,2180.0,1358.0,20.0,57.4,1.3268,False,True,False
2033,2004-06-03 09:00:00,,1234.0,1318.0,714.0,2108.0,2202.0,22.6,45.9,1.2418,False,True,False
2034,2004-06-03 10:00:00,,1138.0,1152.0,798.0,1877.0,1947.0,27.3,34.3,1.2284,False,True,False
2035,2004-06-03 11:00:00,,987.0,1009.0,914.0,1697.0,1227.0,27.4,31.0,1.1184,False,True,False
2036,2004-06-03 12:00:00,,980.0,1019.0,921.0,1720.0,950.0,26.2,33.6,1.1244,False,True,False
2037,2004-06-03 13:00:00,,966.0,1054.0,885.0,1742.0,917.0,26.8,32.4,1.1263,False,True,False
2038,2004-06-03 14:00:00,,905.0,923.0,1025.0,1582.0,707.0,28.7,27.7,1.071,False,True,False
2039,2004-06-03 15:00:00,,903.0,968.0,992.0,1565.0,740.0,28.7,25.0,0.9684,False,True,False
2040,2004-06-03 16:00:00,,914.0,1014.0,988.0,1597.0,775.0,29.1,22.3,0.8811,False,True,False
2041,2004-06-03 17:00:00,,1050.0,1199.0,849.0,1781.0,1035.0,29.0,24.5,0.9655,False,True,False
2042,2004-06-03 18:00:00,,1043.0,1139.0,876.0,1756.0,1001.0,27.2,28.3,1.0016,False,True,False
2043,2004-06-03 19:00:00,,1125.0,1283.0,792.0,1899.0,1101.0,25.3,30.0,0.952,False,True,False
2044,2004-06-03 20:00:00,,1058.0,1134.0,855.0,1797.0,1034.0,24.1,34.8,1.0333,False,True,False
2045,2004-06-03 21:00:00,,951.0,892.0,1015.0,1611.0,786.0,23.0,43.1,1.1993,False,True,False
2046,2004-06-03 22:00:00,,944.0,891.0,1016.0,1593.0,844.0,22.1,43.9,1.1521,False,True,False
2047,2004-06-03 23:00:00,,959.0,892.0,996.0,1616.0,866.0,21.0,48.1,1.178,False,True,False
2048,2004-06-04 00:00:00,,974.0,919.0,976.0,1638.0,909.0,20.6,49.2,1.1754,False,True,False
2049,2004-06-04 01:00:00,,880.0,799.0,1097.0,1533.0,724.0,21.2,47.6,1.1799,False,True,False
2050,2004-06-04 02:00:00,,853.0,740.0,1146.0,1526.0,715.0,21.0,50.1,1.2338,False,True,False
2051,2004-06-04 03:00:00,,912.0,795.0,1042.0,1564.0,827.0,20.1,53.1,1.2342,False,True,False
2052,2004-06-04 04:00:00,,863.0,745.0,1098.0,1496.0,786.0,19.0,54.0,1.1745,False,True,False
2053,2004-06-04 05:00:00,,729.0,520.0,1570.0,1318.0,445.0,19.2,51.1,1.124,False,True,False
2054,2004-06-04 06:00:00,,830.0,674.0,1246.0,1459.0,607.0,19.2,53.1,1.1662,False,True,False
2055,2004-06-04 07:00:00,,1198.0,1209.0,779.0,2058.0,1213.0,20.6,49.0,1.1748,False,True,False
2056,2004-06-04 08:00:00,,971.0,977.0,921.0,1667.0,910.0,21.8,41.9,1.077,False,True,False
2057,2004-06-04 09:00:00,,885.0,812.0,1100.0,1495.0,675.0,22.8,37.6,1.0315,False,True,False
2058,2004-06-04 10:00:00,,862.0,798.0,1148.0,1456.0,582.0,24.8,31.3,0.9646,False,True,False
2059,2004-06-04 11:00:00,,892.0,853.0,1080.0,1509.0,666.0,26.0,29.4,0.976,False,True,False
2060,2004-06-04 12:00:00,,933.0,960.0,994.0,1577.0,726.0,27.0,27.8,0.9731,False,True,False
2061,2004-06-04 13:00:00,,975.0,1017.0,930.0,1668.0,801.0,27.0,29.3,1.0277,False,True,False
2062,2004-06-04 14:00:00,,927.0,905.0,1016.0,1554.0,711.0,27.0,29.6,1.0419,False,True,False
2063,2004-06-04 15:00:00,,993.0,985.0,950.0,1680.0,790.0,25.8,32.6,1.072,False,True,False
2064,2004-06-04 16:00:00,2.7,1053.0,1093.0,873.0,1749.0,924.0,26.2,32.6,1.0892,True,False,False
2065,2004-06-04 17:00:00,3.6,1116.0,1198.0,811.0,1863.0,1045.0,28.3,27.5,1.0418,True,False,False
2066,2004-06-04 18:00:00,3.3,1097.0,1206.0,813.0,1867.0,1088.0,26.5,29.7,1.0123,True,False,False
2067,2004-06-04 19:00:00,3.6,1116.0,1226.0,792.0,1938.0,1038.0,25.7,31.8,1.0317,True,False,False
2068,2004-06-04 20:00:00,2.9,1057.0,1087.0,871.0,1769.0,981.0,24.4,35.2,1.0632,True,False,False
2069,2004-06-04 21:00:00,1.9,973.0,949.0,987.0,1615.0,820.0,23.5,36.9,1.0518,True,False,False
2070,2004-06-04 22:00:00,2.0,1016.0,977.0,951.0,1652.0,948.0,22.4,41.0,1.1006,True,False,False
2071,2004-06-04 23:00:00,2.9,1120.0,1088.0,849.0,1785.0,1067.0,21.7,44.7,1.1451,True,False,False
2072,2004-06-05 00:00:00,2.7,1076.0,1080.0,846.0,1787.0,1070.0,21.1,48.1,1.1864,True,False,False
2073,2004-06-05 01:00:00,1.5,937.0,890.0,970.0,1625.0,877.0,20.7,50.0,1.203,True,False,False
2074,2004-06-05 02:00:00,1.6,980.0,948.0,888.0,1702.0,1028.0,19.8,53.1,1.2093,True,False,False
2075,2004-06-05 03:00:00,1.3,937.0,853.0,962.0,1604.0,969.0,19.8,53.6,1.2214,True,False,False
2076,2004-06-05 04:00:00,0.7,852.0,739.0,1095.0,1525.0,837.0,19.6,54.8,1.236,True,False,False
2077,2004-06-05 05:00:00,0.7,858.0,757.0,1066.0,1542.0,904.0,19.3,57.3,1.265,True,False,False
2078,2004-06-05 06:00:00,1.2,963.0,894.0,942.0,1702.0,1065.0,19.7,58.4,1.3254,True,False,False
2079,2004-06-05 07:00:00,1.5,966.0,874.0,969.0,1682.0,999.0,19.8,59.4,1.3554,True,False,False
2080,2004-06-05 08:00:00,1.5,983.0,901.0,954.0,1691.0,986.0,20.9,54.8,1.3387,True,False,False
2081,2004-06-05 09:00:00,1.6,990.0,881.0,985.0,1685.0,874.0,22.4,47.9,1.2817,True,False,False
2082,2004-06-05 10:00:00,1.1,891.0,780.0,1110.0,1543.0,689.0,24.1,41.3,1.2202,True,False,False
2083,2004-06-05 11:00:00,1.1,883.0,778.0,1130.0,1545.0,608.0,25.9,36.9,1.2133,True,False,False
2084,2004-06-05 12:00:00,1.4,914.0,900.0,1010.0,1596.0,706.0,30.7,26.0,1.1287,True,False,False
2085,2004-06-05 13:00:00,1.4,896.0,917.0,1017.0,1577.0,704.0,30.3,25.2,1.0652,True,False,False
2086,2004-06-05 14:00:00,1.0,841.0,811.0,1135.0,1463.0,609.0,30.1,25.4,1.0641,True,False,False
2087,2004-06-05 15:00:00,1.3,926.0,868.0,1048.0,1599.0,687.0,27.6,35.1,1.2764,True,False,False
2088,2004-06-05 16:00:00,1.9,1133.0,984.0,838.0,1897.0,976.0,26.6,47.6,1.6315,True,False,False
2089,2004-06-05 17:00:00,1.7,1042.0,939.0,917.0,1744.0,860.0,30.4,31.3,1.3331,True,False,False
2090,2004-06-05 18:00:00,2.3,1124.0,1118.0,793.0,1915.0,1021.0,27.8,35.0,1.282,True,False,False
2091,2004-06-05 19:00:00,2.4,1157.0,1183.0,738.0,1970.0,1079.0,26.6,37.9,1.2994,True,False,False
2092,2004-06-05 20:00:00,1.8,989.0,906.0,954.0,1681.0,826.0,23.4,44.4,1.2646,True,False,False
2093,2004-06-05 21:00:00,0.6,841.0,699.0,1123.0,1508.0,558.0,23.0,51.1,1.4175,True,False,False
2094,2004-06-05 22:00:00,0.8,916.0,791.0,1007.0,1588.0,679.0,22.1,53.5,1.4087,True,False,False
2095,2004-06-05 23:00:00,1.7,1008.0,900.0,907.0,1681.0,850.0,21.6,53.6,1.3674,True,False,False
2096,2004-06-06 00:00:00,1.1,895.0,792.0,975.0,1574.0,733.0,21.9,52.7,1.365,True,False,False
2097,2004-06-06 01:00:00,0.6,810.0,702.0,1093.0,1529.0,612.0,21.3,54.9,1.3707,True,False,False
2098,2004-06-06 02:00:00,1.1,968.0,840.0,891.0,1727.0,788.0,17.5,79.1,1.5709,True,False,False
2099,2004-06-06 03:00:00,1.1,922.0,859.0,871.0,1739.0,728.0,17.6,78.6,1.5722,True,False,False
2100,2004-06-06 04:00:00,1.0,892.0,773.0,926.0,1660.0,724.0,17.1,81.8,1.5816,True,False,False
2101,2004-06-06 05:00:00,0.5,806.0,615.0,1172.0,1525.0,543.0,16.6,80.2,1.5002,True,False,False
2102,2004-06-06 06:00:00,0.7,827.0,659.0,1115.0,1552.0,616.0,16.8,77.4,1.4739,True,False,False
2103,2004-06-06 07:00:00,1.0,881.0,776.0,1037.0,1623.0,677.0,18.3,66.5,1.381,True,False,False
2104,2004-06-06 08:00:00,1.2,877.0,808.0,1011.0,1614.0,723.0,20.4,55.8,1.3196,True,False,False
2105,2004-06-06 09:00:00,0.7,784.0,638.0,1314.0,1412.0,529.0,21.6,45.3,1.1533,True,False,False
2106,2004-06-06 10:00:00,0.9,806.0,675.0,1270.0,1414.0,528.0,23.1,39.4,1.0983,True,False,False
2107,2004-06-06 11:00:00,0.8,775.0,653.0,1349.0,1365.0,491.0,25.4,31.6,1.0058,True,False,False
2108,2004-06-06 12:00:00,0.8,773.0,676.0,1331.0,1374.0,489.0,26.6,29.0,0.9928,True,False,False
2109,2004-06-06 13:00:00,0.5,734.0,603.0,1471.0,1303.0,450.0,25.9,28.8,0.9475,True,False,False
2110,2004-06-06 14:00:00,0.5,757.0,635.0,1445.0,1345.0,451.0,27.0,28.0,0.981,True,False,False
2111,2004-06-06 15:00:00,0.7,817.0,688.0,1299.0,1435.0,512.0,23.6,38.1,1.0917,True,False,False
2112,2004-06-06 16:00:00,0.9,815.0,720.0,1225.0,1418.0,525.0,25.9,32.0,1.0529,True,False,False
2113,2004-06-06 17:00:00,1.0,844.0,757.0,1186.0,1445.0,556.0,26.3,31.5,1.0643,True,False,False
2114,2004-06-06 18:00:00,1.2,880.0,807.0,1123.0,1510.0,599.0,23.9,36.8,1.0774,True,False,False
2115,2004-06-06 19:00:00,1.3,906.0,838.0,1084.0,1547.0,694.0,23.7,36.8,1.0609,True,False,False
2116,2004-06-06 20:00:00,1.6,904.0,882.0,1048.0,1549.0,744.0,22.5,37.8,1.0157,True,False,False
2117,2004-06-06 21:00:00,1.4,877.0,858.0,1080.0,1535.0,724.0,21.8,39.2,1.0115,True,False,False
2118,2004-06-06 22:00:00,1.7,918.0,879.0,1030.0,1569.0,804.0,20.9,42.6,1.04,True,False,False
2119,2004-06-06 23:00:00,1.7,930.0,914.0,991.0,1631.0,862.0,20.0,45.6,1.0555,True,False,False
2120,2004-06-07 00:00:00,1.4,870.0,858.0,1061.0,1557.0,811.0,19.3,47.9,1.059,True,False,False
2121,2004-06-07 01:00:00,0.8,793.0,703.0,1222.0,1439.0,627.0,18.7,49.0,1.0462,True,False,False
2122,2004-06-07 02:00:00,0.4,760.0,626.0,1263.0,1386.0,575.0,17.8,54.1,1.0938,True,False,False
2123,2004-06-07 03:00:00,0.3,733.0,588.0,1281.0,1394.0,589.0,18.6,52.7,1.1206,True,False,False
2124,2004-06-07 04:00:00,,726.0,591.0,1263.0,1386.0,579.0,17.2,57.9,1.127,False,True,False
2125,2004-06-07 05:00:00,0.5,732.0,613.0,1273.0,1413.0,605.0,18.2,54.1,1.1155,True,False,False
2126,2004-06-07 06:00:00,1.5,933.0,962.0,867.0,1705.0,974.0,17.3,57.6,1.1289,True,False,False
2127,2004-06-07 07:00:00,2.6,1061.0,1162.0,777.0,1898.0,1132.0,19.9,49.4,1.1354,True,False,False
2128,2004-06-07 08:00:00,4.3,1201.0,1428.0,664.0,2249.0,1378.0,21.7,44.2,1.1321,True,False,False
2129,2004-06-07 09:00:00,3.1,1065.0,1151.0,801.0,1894.0,1160.0,23.5,40.0,1.1386,True,False,False
2130,2004-06-07 10:00:00,2.9,1075.0,1222.0,774.0,1943.0,1213.0,28.4,29.7,1.1345,True,False,False
2131,2004-06-07 11:00:00,2.5,998.0,1119.0,832.0,1780.0,1057.0,31.6,24.1,1.0994,True,False,False
2132,2004-06-07 12:00:00,1.9,922.0,1042.0,887.0,1744.0,832.0,31.3,24.1,1.0816,True,False,False
2133,2004-06-07 13:00:00,2.5,1023.0,1147.0,829.0,1842.0,983.0,34.4,20.4,1.0857,True,False,False
2134,2004-06-07 14:00:00,2.5,1039.0,1180.0,833.0,1815.0,1047.0,33.7,21.3,1.0988,True,False,False
2135,2004-06-07 15:00:00,2.8,1054.0,1195.0,815.0,1848.0,1078.0,35.9,18.9,1.0999,True,False,False
2136,2004-06-07 16:00:00,2.3,1022.0,1155.0,871.0,1840.0,979.0,34.3,19.4,1.0279,True,False,False
2137,2004-06-07 17:00:00,3.3,1082.0,1266.0,788.0,1910.0,1139.0,33.5,19.9,1.0112,True,False,False
2138,2004-06-07 18:00:00,2.8,1056.0,1268.0,786.0,1896.0,1111.0,30.5,24.2,1.0386,True,False,False
2139,2004-06-07 19:00:00,4.8,1243.0,1524.0,647.0,2281.0,1470.0,30.3,26.2,1.1161,True,False,False
2140,2004-06-07 20:00:00,2.5,1029.0,1097.0,825.0,1827.0,980.0,27.0,36.7,1.2898,True,False,False
2141,2004-06-07 21:00:00,2.0,1004.0,1011.0,867.0,1754.0,893.0,24.6,41.9,1.2752,True,False,False
2142,2004-06-07 22:00:00,1.8,979.0,937.0,919.0,1683.0,858.0,23.3,44.5,1.2566,True,False,False
2143,2004-06-07 23:00:00,1.7,972.0,919.0,934.0,1668.0,904.0,22.4,46.9,1.2544,True,False,False
2144,2004-06-08 00:00:00,1.3,942.0,846.0,980.0,1615.0,905.0,21.7,50.8,1.3019,True,False,False
2145,2004-06-08 01:00:00,0.7,825.0,720.0,1129.0,1511.0,678.0,21.0,51.9,1.2794,True,False,False
2146,2004-06-08 02:00:00,0.5,780.0,621.0,1277.0,1452.0,586.0,20.5,54.3,1.2926,True,False,False
2147,2004-06-08 03:00:00,0.4,746.0,565.0,1369.0,1423.0,608.0,20.9,52.5,1.2852,True,False,False
2148,2004-06-08 04:00:00,0.3,734.0,538.0,1449.0,1400.0,514.0,21.0,53.1,1.3031,True,False,False
2149,2004-06-08 05:00:00,0.5,785.0,640.0,1265.0,1467.0,588.0,19.6,57.1,1.2851,True,False,False
2150,2004-06-08 06:00:00,1.4,946.0,931.0,917.0,1745.0,884.0,18.2,62.3,1.2903,True,False,False
2151,2004-06-08 07:00:00,3.3,1201.0,1279.0,683.0,2144.0,1338.0,19.5,57.7,1.2966,True,False,False
2152,2004-06-08 08:00:00,5.8,1377.0,1688.0,525.0,2746.0,1708.0,21.6,51.7,1.313,True,False,False
2153,2004-06-08 09:00:00,5.0,1346.0,1481.0,602.0,2367.0,1681.0,23.9,44.4,1.3029,True,False,False
2154,2004-06-08 10:00:00,3.5,1230.0,1268.0,698.0,2049.0,1509.0,28.1,35.2,1.312,True,False,False
2155,2004-06-08 11:00:00,2.9,1160.0,1208.0,728.0,1925.0,1330.0,31.4,28.6,1.298,True,False,False
2156,2004-06-08 12:00:00,2.5,1146.0,1171.0,761.0,1902.0,1138.0,33.7,25.5,1.3095,True,False,False
2157,2004-06-08 13:00:00,2.3,1078.0,1121.0,818.0,1806.0,963.0,35.9,20.8,1.2103,True,False,False
2158,2004-06-08 14:00:00,2.4,1111.0,1194.0,794.0,1875.0,1015.0,37.5,18.1,1.1529,True,False,False
2159,2004-06-08 15:00:00,2.6,1083.0,1141.0,825.0,1793.0,1008.0,37.7,17.7,1.1383,True,False,False
2160,2004-06-08 16:00:00,2.2,1056.0,1083.0,865.0,1723.0,898.0,37.8,17.4,1.1219,True,False,False
2161,2004-06-08 17:00:00,3.5,1220.0,1334.0,695.0,2066.0,1215.0,36.6,20.6,1.2445,True,False,False
2162,2004-06-08 18:00:00,3.9,1268.0,1393.0,650.0,2144.0,1334.0,32.5,26.0,1.2502,True,False,False
2163,2004-06-08 19:00:00,4.5,1256.0,1430.0,660.0,2151.0,1380.0,30.8,27.2,1.1832,True,False,False
2164,2004-06-08 20:00:00,3.8,1213.0,1341.0,683.0,2090.0,1601.0,28.8,30.2,1.1761,True,False,False
2165,2004-06-08 21:00:00,2.8,1145.0,1170.0,751.0,1894.0,1376.0,26.7,35.4,1.2233,True,False,False
2166,2004-06-08 22:00:00,1.7,1050.0,1011.0,836.0,1739.0,1161.0,25.3,40.7,1.291,True,False,False
2167,2004-06-08 23:00:00,1.2,972.0,902.0,933.0,1647.0,878.0,24.9,41.2,1.2809,True,False,False
2168,2004-06-09 00:00:00,1.6,1020.0,984.0,853.0,1753.0,1031.0,23.7,45.1,1.3033,True,False,False
2169,2004-06-09 01:00:00,1.0,934.0,878.0,940.0,1644.0,847.0,22.5,49.0,1.3151,True,False,False
2170,2004-06-09 02:00:00,0.9,914.0,801.0,965.0,1609.0,908.0,22.3,50.6,1.3486,True,False,False
2171,2004-06-09 03:00:00,0.5,824.0,698.0,1107.0,1517.0,733.0,22.0,50.5,1.3199,True,False,False
2172,2004-06-09 04:00:00,0.5,817.0,672.0,1113.0,1501.0,751.0,20.8,54.4,1.3229,True,False,False
2173,2004-06-09 05:00:00,0.5,833.0,708.0,1084.0,1525.0,799.0,20.3,56.0,1.3204,True,False,False
2174,2004-06-09 06:00:00,1.0,935.0,905.0,899.0,1675.0,954.0,20.5,54.8,1.3073,True,False,False
2175,2004-06-09 07:00:00,3.5,1297.0,1359.0,630.0,2214.0,1425.0,21.7,50.6,1.2981,True,False,False
2176,2004-06-09 08:00:00,6.4,1496.0,1705.0,507.0,2691.0,2147.0,23.4,46.1,1.3091,True,False,False
2177,2004-06-09 09:00:00,2.9,1201.0,1224.0,701.0,1987.0,1532.0,25.1,43.0,1.3488,True,False,False
2178,2004-06-09 10:00:00,3.4,1267.0,1276.0,676.0,2059.0,1570.0,30.1,32.8,1.3795,True,False,False
2179,2004-06-09 11:00:00,2.8,1224.0,1228.0,711.0,1972.0,1380.0,34.7,25.9,1.4069,True,False,False
2180,2004-06-09 12:00:00,2.8,1247.0,1257.0,701.0,2000.0,1337.0,37.2,23.2,1.4478,True,False,False
2181,2004-06-09 13:00:00,2.8,1183.0,1241.0,721.0,1937.0,1308.0,39.5,18.3,1.2917,True,False,False
2182,2004-06-09 14:00:00,2.3,1078.0,1116.0,815.0,1761.0,1013.0,40.6,15.3,1.1485,True,False,False
2183,2004-06-09 15:00:00,1.8,1076.0,1012.0,894.0,1665.0,816.0,40.3,16.1,1.1896,True,False,False
2184,2004-06-09 16:00:00,2.0,1052.0,1019.0,896.0,1610.0,836.0,40.3,14.2,1.0494,True,False,False
2185,2004-06-09 17:00:00,3.5,1287.0,1340.0,699.0,2008.0,1267.0,39.6,16.7,1.1867,True,False,False
2186,2004-06-09 18:00:00,4.9,1460.0,1493.0,586.0,2288.0,1649.0,37.3,23.4,1.4672,True,False,False
2187,2004-06-09 19:00:00,4.6,1357.0,1445.0,620.0,2195.0,1622.0,33.7,27.7,1.4213,True,False,False
2188,2004-06-09 20:00:00,3.4,1234.0,1257.0,695.0,2019.0,1349.0,30.7,32.2,1.3983,True,False,False
2189,2004-06-09 21:00:00,2.7,1151.0,1154.0,747.0,1894.0,1186.0,28.4,35.7,1.3549,True,False,False
2190,2004-06-09 22:00:00,1.9,1065.0,1038.0,805.0,1763.0,1026.0,26.5,38.6,1.3154,True,False,False
2191,2004-06-09 23:00:00,1.5,984.0,929.0,917.0,1654.0,817.0,25.4,40.1,1.2822,True,False,False
2192,2004-06-10 00:00:00,1.0,938.0,881.0,956.0,1607.0,662.0,24.1,43.3,1.2839,True,False,False
2193,2004-06-10 01:00:00,0.7,878.0,774.0,1065.0,1527.0,552.0,23.9,45.6,1.3328,True,False,False
2194,2004-06-10 02:00:00,1.0,919.0,807.0,967.0,1598.0,775.0,22.0,52.8,1.3752,True,False,False
2195,2004-06-10 03:00:00,0.6,836.0,709.0,1085.0,1498.0,646.0,20.7,56.1,1.3565,True,False,False
2196,2004-06-10 04:00:00,,814.0,673.0,1138.0,1488.0,647.0,20.1,57.3,1.3352,False,True,False
2197,2004-06-10 05:00:00,0.9,872.0,782.0,1001.0,1607.0,874.0,19.5,59.4,1.3328,True,False,False
2198,2004-06-10 06:00:00,1.2,949.0,929.0,887.0,1711.0,973.0,20.0,56.6,1.3095,True,False,False
2199,2004-06-10 07:00:00,2.9,1227.0,1292.0,661.0,2087.0,1327.0,21.7,53.9,1.3848,True,False,False
2200,2004-06-10 08:00:00,4.8,1360.0,1561.0,545.0,2525.0,1626.0,23.7,49.0,1.4152,True,False,False
2201,2004-06-10 09:00:00,4.3,1318.0,1420.0,586.0,2316.0,1640.0,25.9,44.3,1.4544,True,False,False
2202,2004-06-10 10:00:00,3.1,1196.0,1208.0,705.0,1981.0,1341.0,30.1,34.3,1.4414,True,False,False
2203,2004-06-10 11:00:00,2.4,1152.0,1102.0,770.0,1868.0,1113.0,33.5,27.2,1.3859,True,False,False
2204,2004-06-10 12:00:00,2.8,1220.0,1157.0,715.0,1935.0,1224.0,35.4,26.1,1.4806,True,False,False
2205,2004-06-10 13:00:00,2.5,1182.0,1120.0,735.0,1893.0,1095.0,37.9,23.2,1.502,True,False,False
2206,2004-06-10 14:00:00,2.6,1167.0,1210.0,719.0,1944.0,1152.0,39.7,18.7,1.3306,True,False,False
2207,2004-06-10 15:00:00,2.3,1142.0,1109.0,782.0,1789.0,1047.0,40.4,17.2,1.2774,True,False,False
2208,2004-06-10 16:00:00,2.4,1157.0,1105.0,779.0,1792.0,982.0,40.0,18.8,1.363,True,False,False
2209,2004-06-10 17:00:00,3.5,1274.0,1329.0,670.0,2054.0,1320.0,38.9,18.8,1.29,True,False,False
2210,2004-06-10 18:00:00,4.8,1372.0,1451.0,631.0,2183.0,1541.0,35.8,22.1,1.2792,True,False,False
2211,2004-06-10 19:00:00,5.1,1373.0,1440.0,635.0,2183.0,1510.0,33.1,25.9,1.2923,True,False,False
2212,2004-06-10 20:00:00,4.7,1290.0,1393.0,655.0,2146.0,1511.0,30.9,28.2,1.2388,True,False,False
2213,2004-06-10 21:00:00,2.4,1056.0,1051.0,826.0,1758.0,1078.0,27.5,32.6,1.176,True,False,False
2214,2004-06-10 22:00:00,2.5,1116.0,1123.0,768.0,1826.0,1235.0,26.3,34.3,1.1605,True,False,False
2215,2004-06-10 23:00:00,2.7,1106.0,1122.0,783.0,1813.0,1202.0,25.5,34.1,1.0968,True,False,False
2216,2004-06-11 00:00:00,1.5,1018.0,992.0,839.0,1710.0,1103.0,24.7,39.3,1.2065,True,False,False
2217,2004-06-11 01:00:00,1.1,919.0,880.0,915.0,1628.0,1013.0,24.2,39.5,1.1764,True,False,False
2218,2004-06-11 02:00:00,0.6,807.0,681.0,1092.0,1435.0,765.0,24.8,37.8,1.1639,True,False,False
2219,2004-06-11 03:00:00,0.5,787.0,620.0,1176.0,1403.0,618.0,22.7,43.8,1.1952,True,False,False
2220,2004-06-11 04:00:00,0.4,789.0,623.0,1146.0,1407.0,663.0,22.0,44.3,1.1553,True,False,False
2221,2004-06-11 05:00:00,0.6,825.0,709.0,1050.0,1491.0,813.0,19.3,51.4,1.1364,True,False,False
2222,2004-06-11 06:00:00,1.0,912.0,858.0,923.0,1608.0,894.0,19.8,50.4,1.1525,True,False,False
2223,2004-06-11 07:00:00,4.6,1339.0,1425.0,595.0,2264.0,1495.0,20.5,48.2,1.1474,True,False,False
2224,2004-06-11 08:00:00,4.8,1355.0,1526.0,567.0,2397.0,1658.0,22.8,42.7,1.1667,True,False,False
2225,2004-06-11 09:00:00,4.0,1250.0,1336.0,632.0,2104.0,1506.0,25.6,35.8,1.1548,True,False,False
2226,2004-06-11 10:00:00,,1105.0,1079.0,788.0,1774.0,1168.0,30.0,27.5,1.1509,False,True,False
2227,2004-06-11 11:00:00,2.0,1076.0,1055.0,817.0,1734.0,993.0,34.4,21.0,1.1248,True,False,False
2228,2004-06-11 12:00:00,2.0,1096.0,1087.0,801.0,1759.0,910.0,35.9,19.6,1.1422,True,False,False
2229,2004-06-11 13:00:00,2.0,1093.0,1094.0,797.0,1769.0,912.0,37.2,18.2,1.1389,True,False,False
2230,2004-06-11 14:00:00,1.9,1027.0,1066.0,837.0,1689.0,814.0,37.3,16.6,1.0435,True,False,False
2231,2004-06-11 15:00:00,1.9,1026.0,1085.0,848.0,1654.0,1341.0,37.4,14.9,0.9413,True,False,False
2232,2004-06-11 16:00:00,1.9,1015.0,1062.0,877.0,1668.0,847.0,36.4,15.1,0.9005,True,False,False
2233,2004-06-11 17:00:00,2.6,1028.0,1155.0,832.0,1691.0,925.0,35.4,14.7,0.8323,True,False,False
2234,2004-06-11 18:00:00,3.2,1074.0,1270.0,776.0,1833.0,1087.0,34.2,14.2,0.7502,True,False,False
2235,2004-06-11 19:00:00,3.4,1124.0,1289.0,765.0,1863.0,1132.0,31.1,18.7,0.8302,True,False,False
2236,2004-06-11 20:00:00,3.4,1111.0,1256.0,765.0,1851.0,1197.0,29.1,22.0,0.8702,True,False,False
2237,2004-06-11 21:00:00,2.9,1062.0,1183.0,794.0,1731.0,1229.0,27.2,22.5,0.7962,True,False,False
2238,2004-06-11 22:00:00,2.7,1072.0,1148.0,805.0,1683.0,1171.0,25.3,24.6,0.7796,True,False,False
2239,2004-06-11 23:00:00,1.3,936.0,871.0,990.0,1430.0,921.0,24.9,27.2,0.8429,True,False,False
2240,2004-06-12 00:00:00,1.3,988.0,937.0,894.0,1543.0,1008.0,23.5,32.2,0.922,True,False,False
2241,2004-06-12 01:00:00,0.9,924.0,839.0,957.0,1453.0,849.0,23.5,32.7,0.9349,True,False,False
2242,2004-06-12 02:00:00,0.6,839.0,725.0,1052.0,1368.0,668.0,24.1,32.0,0.9467,True,False,False
2243,2004-06-12 03:00:00,0.5,826.0,666.0,1109.0,1349.0,641.0,22.6,34.8,0.9441,True,False,False
2244,2004-06-12 04:00:00,0.5,853.0,716.0,1047.0,1414.0,707.0,20.8,40.2,0.9725,True,False,False
2245,2004-06-12 05:00:00,0.9,918.0,810.0,936.0,1524.0,939.0,18.8,46.6,1.0027,True,False,False
2246,2004-06-12 06:00:00,0.7,890.0,791.0,950.0,1489.0,886.0,19.8,46.0,1.0524,True,False,False
2247,2004-06-12 07:00:00,0.6,865.0,752.0,996.0,1451.0,837.0,21.3,42.3,1.0625,True,False,False
2248,2004-06-12 08:00:00,1.3,1003.0,937.0,850.0,1622.0,1005.0,21.3,41.8,1.0449,True,False,False
2249,2004-06-12 09:00:00,1.9,1123.0,1088.0,746.0,1789.0,1191.0,24.0,36.6,1.0772,True,False,False
2250,2004-06-12 10:00:00,2.1,1146.0,1119.0,746.0,1823.0,1200.0,27.2,30.7,1.0884,True,False,False
2251,2004-06-12 11:00:00,1.8,1110.0,1021.0,820.0,1724.0,971.0,32.3,23.6,1.1271,True,False,False
2252,2004-06-12 12:00:00,1.8,1126.0,979.0,849.0,1700.0,907.0,31.9,25.8,1.2023,True,False,False
2253,2004-06-12 13:00:00,1.6,1067.0,962.0,860.0,1658.0,802.0,35.1,21.8,1.2093,True,False,False
2254,2004-06-12 14:00:00,1.2,1008.0,866.0,937.0,1573.0,695.0,36.0,20.5,1.1995,True,False,False
2255,2004-06-12 15:00:00,1.2,1062.0,924.0,892.0,1683.0,777.0,37.0,20.1,1.2423,True,False,False
2256,2004-06-12 16:00:00,1.4,1082.0,939.0,869.0,1678.0,818.0,36.4,21.0,1.2515,True,False,False
2257,2004-06-12 17:00:00,1.3,1042.0,897.0,901.0,1605.0,681.0,35.2,22.6,1.267,True,False,False
2258,2004-06-12 18:00:00,1.1,1022.0,823.0,964.0,1599.0,631.0,32.5,27.6,1.3229,True,False,False
2259,2004-06-12 19:00:00,1.1,1024.0,828.0,936.0,1601.0,641.0,29.1,35.1,1.3919,True,False,False
2260,2004-06-12 20:00:00,1.1,1048.0,828.0,922.0,1618.0,683.0,26.9,39.7,1.3898,True,False,False
2261,2004-06-12 21:00:00,1.8,1153.0,1022.0,765.0,1806.0,1013.0,26.1,42.2,1.4039,True,False,False
2262,2004-06-12 22:00:00,2.3,1195.0,1077.0,731.0,1860.0,1151.0,25.5,43.8,1.4095,True,False,False
2263,2004-06-12 23:00:00,2.6,1245.0,1091.0,734.0,1870.0,1134.0,24.9,45.6,1.4135,True,False,False
2264,2004-06-13 00:00:00,2.0,1086.0,946.0,847.0,1729.0,945.0,25.2,45.2,1.4262,True,False,False
2265,2004-06-13 01:00:00,1.0,972.0,804.0,955.0,1620.0,734.0,25.4,45.5,1.457,True,False,False
2266,2004-06-13 02:00:00,0.6,880.0,677.0,1109.0,1500.0,554.0,26.2,43.6,1.4599,True,False,False
2267,2004-06-13 03:00:00,0.6,906.0,719.0,1050.0,1561.0,612.0,24.3,48.2,1.4476,True,False,False
2268,2004-06-13 04:00:00,0.5,879.0,658.0,1121.0,1511.0,564.0,24.4,48.3,1.4499,True,False,False
2269,2004-06-13 05:00:00,0.4,842.0,597.0,1237.0,1444.0,512.0,23.3,51.0,1.4346,True,False,False
2270,2004-06-13 06:00:00,0.4,797.0,543.0,1466.0,1347.0,410.0,21.6,48.1,1.2259,True,False,False
2271,2004-06-13 07:00:00,0.4,796.0,526.0,1534.0,1322.0,392.0,21.4,47.8,1.2005,True,False,False
2272,2004-06-13 08:00:00,0.4,767.0,520.0,1526.0,1287.0,377.0,20.5,46.8,1.1152,True,False,False
2273,2004-06-13 09:00:00,0.5,784.0,562.0,1460.0,1286.0,389.0,20.8,40.7,0.9882,True,False,False
2274,2004-06-13 10:00:00,0.6,811.0,622.0,1315.0,1307.0,432.0,22.3,35.3,0.9371,True,False,False
2275,2004-06-13 11:00:00,0.7,838.0,620.0,1292.0,1325.0,502.0,21.7,38.3,0.9842,True,False,False
2276,2004-06-13 12:00:00,0.7,821.0,632.0,1295.0,1302.0,469.0,24.4,29.6,0.8921,True,False,False
2277,2004-06-13 13:00:00,0.6,793.0,579.0,1380.0,1303.0,427.0,23.4,34.9,0.991,True,False,False
2278,2004-06-13 14:00:00,0.5,794.0,567.0,1426.0,1306.0,406.0,23.5,35.2,1.0019,True,False,False
2279,2004-06-13 15:00:00,0.6,821.0,614.0,1309.0,1350.0,430.0,22.4,39.0,1.04,True,False,False
2280,2004-06-13 16:00:00,0.8,849.0,628.0,1274.0,1379.0,453.0,22.0,41.7,1.0865,True,False,False
2281,2004-06-13 17:00:00,0.8,852.0,651.0,1246.0,1387.0,470.0,21.7,42.7,1.0949,True,False,False
2282,2004-06-13 18:00:00,1.0,847.0,645.0,1245.0,1364.0,480.0,20.7,43.4,1.047,True,False,False
2283,2004-06-13 19:00:00,1.0,849.0,682.0,1215.0,1378.0,472.0,20.3,42.6,1.0045,True,False,False
2284,2004-06-13 20:00:00,1.0,865.0,687.0,1191.0,1388.0,521.0,20.3,44.1,1.0392,True,False,False
2285,2004-06-13 21:00:00,0.9,848.0,689.0,1180.0,1403.0,520.0,20.1,45.2,1.0538,True,False,False
2286,2004-06-13 22:00:00,0.7,807.0,606.0,1340.0,1337.0,440.0,19.8,45.7,1.0424,True,False,False
2287,2004-06-13 23:00:00,0.8,814.0,627.0,1305.0,1351.0,446.0,19.6,45.3,1.0244,True,False,False
2288,2004-06-14 00:00:00,0.7,785.0,582.0,1377.0,1311.0,417.0,19.4,45.9,1.0242,True,False,False
2289,2004-06-14 01:00:00,0.5,748.0,515.0,1580.0,1261.0,381.0,19.7,44.8,1.0172,True,False,False
2290,2004-06-14 02:00:00,0.3,716.0,461.0,1795.0,1235.0,350.0,19.5,46.3,1.0363,True,False,False
2291,2004-06-14 03:00:00,0.3,708.0,437.0,1941.0,1227.0,334.0,19.0,49.0,1.063,True,False,False
2292,2004-06-14 04:00:00,,724.0,448.0,1917.0,1256.0,346.0,19.1,50.7,1.109,False,True,False
2293,2004-06-14 05:00:00,0.3,748.0,477.0,1703.0,1301.0,380.0,19.1,52.7,1.1545,True,False,False
2294,2004-06-14 06:00:00,0.7,888.0,683.0,1196.0,1483.0,563.0,20.3,49.3,1.1596,True,False,False
2295,2004-06-14 07:00:00,1.5,973.0,858.0,941.0,1584.0,779.0,21.1,46.2,1.1389,True,False,False
2296,2004-06-14 08:00:00,1.8,993.0,927.0,886.0,1665.0,842.0,21.5,44.5,1.129,True,False,False
2297,2004-06-14 09:00:00,1.4,929.0,825.0,992.0,1561.0,692.0,22.4,43.6,1.1637,True,False,False
2298,2004-06-14 10:00:00,1.5,962.0,858.0,941.0,1613.0,779.0,24.8,39.1,1.2039,True,False,False
2299,2004-06-14 11:00:00,1.2,906.0,786.0,1026.0,1538.0,633.0,23.9,42.1,1.2335,True,False,False
2300,2004-06-14 12:00:00,1.2,915.0,776.0,1029.0,1544.0,616.0,25.5,38.3,1.2328,True,False,False
2301,2004-06-14 13:00:00,1.3,928.0,787.0,1012.0,1585.0,606.0,25.4,39.2,1.2534,True,False,False
2302,2004-06-14 14:00:00,1.0,855.0,698.0,1134.0,1449.0,526.0,25.6,37.0,1.2006,True,False,False
2303,2004-06-14 15:00:00,1.4,920.0,783.0,1046.0,1550.0,588.0,24.5,38.4,1.1669,True,False,False
2304,2004-06-14 16:00:00,1.6,917.0,842.0,985.0,1563.0,674.0,23.9,39.9,1.1639,True,False,False
2305,2004-06-14 17:00:00,2.7,1072.0,1057.0,812.0,1820.0,885.0,24.2,39.2,1.1665,True,False,False
2306,2004-06-14 18:00:00,2.3,1000.0,985.0,846.0,1726.0,879.0,23.5,41.2,1.1759,True,False,False
2307,2004-06-14 19:00:00,1.5,914.0,845.0,972.0,1583.0,703.0,22.3,44.9,1.1973,True,False,False
2308,2004-06-14 20:00:00,1.4,888.0,799.0,1023.0,1531.0,637.0,21.7,46.5,1.1917,True,False,False
2309,2004-06-14 21:00:00,1.0,851.0,718.0,1134.0,1471.0,561.0,22.0,44.9,1.1699,True,False,False
2310,2004-06-14 22:00:00,1.1,870.0,749.0,1096.0,1487.0,612.0,22.2,44.1,1.1654,True,False,False
2311,2004-06-14 23:00:00,1.2,883.0,773.0,1062.0,1514.0,621.0,21.8,45.6,1.1763,True,False,False
2312,2004-06-15 00:00:00,1.2,886.0,767.0,1055.0,1532.0,702.0,21.6,46.0,1.1742,True,False,False
2313,2004-06-15 01:00:00,0.7,792.0,637.0,1249.0,1400.0,559.0,21.6,45.8,1.1715,True,False,False
2314,2004-06-15 02:00:00,0.5,754.0,535.0,1490.0,1335.0,435.0,20.7,48.3,1.168,True,False,False
2315,2004-06-15 03:00:00,0.4,732.0,503.0,1525.0,1321.0,441.0,21.0,47.1,1.1546,True,False,False
2316,2004-06-15 04:00:00,0.4,770.0,586.0,1326.0,1392.0,527.0,20.8,48.5,1.18,True,False,False
2317,2004-06-15 05:00:00,0.5,797.0,654.0,1097.0,1450.0,720.0,20.8,49.4,1.1994,True,False,False
2318,2004-06-15 06:00:00,1.0,915.0,877.0,897.0,1651.0,937.0,19.9,51.8,1.1911,True,False,False
2319,2004-06-15 07:00:00,4.4,1287.0,1423.0,610.0,2319.0,1482.0,20.9,49.3,1.2049,True,False,False
2320,2004-06-15 08:00:00,4.0,1195.0,1424.0,609.0,2244.0,1489.0,23.7,39.9,1.1508,True,False,False
2321,2004-06-15 09:00:00,2.4,1003.0,1009.0,823.0,1710.0,1015.0,25.3,35.8,1.1421,True,False,False
2322,2004-06-15 10:00:00,2.1,1037.0,1046.0,838.0,1763.0,1004.0,28.8,29.1,1.1349,True,False,False
2323,2004-06-15 11:00:00,2.7,1114.0,1181.0,747.0,1928.0,1129.0,30.3,26.9,1.1399,True,False,False
2324,2004-06-15 12:00:00,2.8,1085.0,1171.0,767.0,1863.0,1068.0,32.8,23.3,1.138,True,False,False
2325,2004-06-15 13:00:00,2.3,1024.0,1087.0,824.0,1745.0,924.0,33.9,21.4,1.1135,True,False,False
2326,2004-06-15 14:00:00,2.0,1017.0,1057.0,859.0,1698.0,861.0,35.3,19.6,1.1036,True,False,False
2327,2004-06-15 15:00:00,2.6,1053.0,1173.0,785.0,1808.0,981.0,34.0,20.8,1.0898,True,False,False
2328,2004-06-15 16:00:00,2.7,1065.0,1198.0,766.0,1852.0,1043.0,35.3,18.8,1.0572,True,False,False
2329,2004-06-15 17:00:00,3.1,1136.0,1250.0,722.0,1940.0,1124.0,32.6,24.1,1.1688,True,False,False
2330,2004-06-15 18:00:00,3.1,1100.0,1202.0,732.0,1856.0,1004.0,30.8,28.7,1.2507,True,False,False
2331,2004-06-15 19:00:00,3.6,1143.0,1319.0,673.0,2001.0,1190.0,28.7,31.2,1.2099,True,False,False
2332,2004-06-15 20:00:00,2.9,1083.0,1157.0,742.0,1884.0,1072.0,26.8,35.1,1.2201,True,False,False
2333,2004-06-15 21:00:00,2.2,1009.0,1034.0,806.0,1763.0,925.0,25.3,39.4,1.2524,True,False,False
2334,2004-06-15 22:00:00,2.0,969.0,983.0,853.0,1680.0,862.0,23.9,40.9,1.1966,True,False,False
2335,2004-06-15 23:00:00,2.1,1029.0,993.0,816.0,1728.0,969.0,23.0,44.4,1.2354,True,False,False
2336,2004-06-16 00:00:00,1.9,1064.0,956.0,812.0,1770.0,932.0,22.2,53.9,1.4237,True,False,False
2337,2004-06-16 01:00:00,1.4,986.0,853.0,865.0,1645.0,794.0,20.9,59.8,1.4659,True,False,False
2338,2004-06-16 02:00:00,0.8,872.0,709.0,1034.0,1522.0,599.0,21.3,58.1,1.457,True,False,False
2339,2004-06-16 03:00:00,0.6,840.0,654.0,1124.0,1489.0,614.0,20.8,58.4,1.4189,True,False,False
2340,2004-06-16 04:00:00,0.6,812.0,626.0,1134.0,1471.0,625.0,20.3,58.9,1.3878,True,False,False
2341,2004-06-16 05:00:00,0.5,810.0,612.0,1163.0,1462.0,595.0,21.3,54.5,1.3682,True,False,False
2342,2004-06-16 06:00:00,1.0,936.0,849.0,882.0,1640.0,886.0,20.6,57.4,1.3753,True,False,False
2343,2004-06-16 07:00:00,2.7,1244.0,1265.0,640.0,2084.0,1257.0,21.3,56.9,1.4226,True,False,False
2344,2004-06-16 08:00:00,5.0,1440.0,1556.0,517.0,2530.0,1561.0,22.9,52.4,1.4442,True,False,False
2345,2004-06-16 09:00:00,3.3,1180.0,1145.0,713.0,1929.0,1191.0,24.1,46.5,1.3802,True,False,False
2346,2004-06-16 10:00:00,2.4,1126.0,1058.0,765.0,1879.0,1061.0,27.1,38.8,1.3705,True,False,False
2347,2004-06-16 11:00:00,1.7,1005.0,910.0,881.0,1670.0,751.0,28.4,34.4,1.314,True,False,False
2348,2004-06-16 12:00:00,1.7,1032.0,940.0,862.0,1703.0,733.0,30.1,30.9,1.2958,True,False,False
2349,2004-06-16 13:00:00,2.4,1087.0,1106.0,755.0,1839.0,906.0,32.7,25.8,1.2547,True,False,False
2350,2004-06-16 14:00:00,2.2,1090.0,1119.0,756.0,1811.0,902.0,32.4,25.7,1.2271,True,False,False
2351,2004-06-16 15:00:00,2.2,1072.0,1050.0,802.0,1748.0,836.0,33.6,24.4,1.2472,True,False,False
2352,2004-06-16 16:00:00,2.3,1101.0,1057.0,797.0,1772.0,863.0,33.0,26.0,1.2877,True,False,False
2353,2004-06-16 17:00:00,2.6,1111.0,1086.0,787.0,1802.0,824.0,33.2,23.7,1.1855,True,False,False
2354,2004-06-16 18:00:00,2.3,1048.0,1070.0,807.0,1737.0,842.0,31.3,25.4,1.1415,True,False,False
2355,2004-06-16 19:00:00,3.3,1197.0,1249.0,698.0,1986.0,1132.0,28.3,31.7,1.1968,True,False,False
2356,2004-06-16 20:00:00,3.5,1173.0,1217.0,695.0,1930.0,1175.0,26.5,35.0,1.1981,True,False,False
2357,2004-06-16 21:00:00,2.5,1075.0,1079.0,764.0,1798.0,1111.0,24.4,40.0,1.2079,True,False,False
2358,2004-06-16 22:00:00,2.5,1067.0,1106.0,745.0,1840.0,1125.0,23.3,43.4,1.2251,True,False,False
2359,2004-06-16 23:00:00,2.4,1060.0,1099.0,742.0,1838.0,1077.0,22.5,45.3,1.2226,True,False,False
2360,2004-06-17 00:00:00,2.5,1081.0,1099.0,749.0,1854.0,1087.0,21.8,47.8,1.2325,True,False,False
2361,2004-06-17 01:00:00,2.1,1017.0,975.0,822.0,1722.0,1014.0,20.9,51.0,1.2446,True,False,False
2362,2004-06-17 02:00:00,1.0,836.0,734.0,1035.0,1501.0,801.0,20.8,51.7,1.2572,True,False,False
2363,2004-06-17 03:00:00,0.8,831.0,727.0,1038.0,1522.0,802.0,19.3,57.1,1.2661,True,False,False
2364,2004-06-17 04:00:00,,804.0,668.0,1102.0,1479.0,753.0,18.8,58.6,1.2581,False,True,False
2365,2004-06-17 05:00:00,0.5,798.0,677.0,1092.0,1473.0,696.0,20.2,53.8,1.2569,True,False,False
2366,2004-06-17 06:00:00,1.3,966.0,951.0,812.0,1735.0,996.0,18.3,60.8,1.2635,True,False,False
2367,2004-06-17 07:00:00,3.6,1277.0,1388.0,611.0,2241.0,1513.0,20.2,54.5,1.2777,True,False,False
2368,2004-06-17 08:00:00,4.8,1335.0,1496.0,562.0,2385.0,1598.0,21.9,49.9,1.2957,True,False,False
2369,2004-06-17 09:00:00,3.7,1297.0,1353.0,588.0,2128.0,1690.0,25.2,43.0,1.3548,True,False,False
2370,2004-06-17 10:00:00,1.9,1041.0,979.0,837.0,1705.0,1053.0,28.0,36.6,1.3603,True,False,False
2371,2004-06-17 11:00:00,1.7,1027.0,936.0,867.0,1696.0,931.0,27.1,38.3,1.3548,True,False,False
2372,2004-06-17 12:00:00,1.9,1037.0,969.0,841.0,1728.0,865.0,27.4,37.0,1.3319,True,False,False
2373,2004-06-17 13:00:00,1.8,1014.0,954.0,865.0,1697.0,818.0,29.4,32.9,1.3244,True,False,False
2374,2004-06-17 14:00:00,1.7,1007.0,971.0,866.0,1682.0,802.0,31.3,28.7,1.2885,True,False,False
2375,2004-06-17 15:00:00,1.8,998.0,958.0,881.0,1657.0,778.0,31.5,28.7,1.3058,True,False,False
2376,2004-06-17 16:00:00,1.7,1014.0,958.0,878.0,1684.0,767.0,30.9,30.3,1.3306,True,False,False
2377,2004-06-17 17:00:00,2.8,1157.0,1160.0,738.0,1936.0,1000.0,31.4,30.3,1.3689,True,False,False
2378,2004-06-17 18:00:00,3.6,1225.0,1281.0,683.0,2082.0,1143.0,30.7,31.4,1.3686,True,False,False
2379,2004-06-17 19:00:00,3.3,1131.0,1194.0,726.0,1907.0,1009.0,29.0,33.4,1.3169,True,False,False
2380,2004-06-17 20:00:00,2.9,1111.0,1126.0,754.0,1883.0,1076.0,27.3,37.5,1.342,True,False,False
2381,2004-06-17 21:00:00,1.7,976.0,909.0,878.0,1675.0,830.0,25.8,40.9,1.3389,True,False,False
2382,2004-06-17 22:00:00,1.7,1016.0,929.0,868.0,1724.0,853.0,25.2,43.0,1.358,True,False,False
2383,2004-06-17 23:00:00,2.8,1177.0,1156.0,684.0,1983.0,1310.0,24.6,45.8,1.394,True,False,False
2384,2004-06-18 00:00:00,1.8,1013.0,999.0,791.0,1751.0,1119.0,24.0,47.3,1.3914,True,False,False
2385,2004-06-18 01:00:00,1.0,886.0,813.0,936.0,1592.0,918.0,23.5,48.3,1.3777,True,False,False
2386,2004-06-18 02:00:00,0.5,791.0,658.0,1140.0,1467.0,609.0,24.0,45.8,1.3467,True,False,False
2387,2004-06-18 03:00:00,0.4,762.0,618.0,1214.0,1431.0,516.0,22.2,50.7,1.3405,True,False,False
2388,2004-06-18 04:00:00,0.3,740.0,568.0,1259.0,1404.0,510.0,22.8,48.1,1.3184,True,False,False
2389,2004-06-18 05:00:00,0.4,775.0,628.0,1178.0,1437.0,554.0,21.9,50.1,1.3002,True,False,False
2390,2004-06-18 06:00:00,0.8,872.0,833.0,947.0,1598.0,760.0,20.4,54.1,1.28,True,False,False
2391,2004-06-18 07:00:00,2.2,1123.0,1134.0,711.0,1922.0,1170.0,20.8,52.6,1.2758,True,False,False
2392,2004-06-18 08:00:00,4.4,1306.0,1522.0,535.0,2450.0,1545.0,22.8,47.9,1.3156,True,False,False
2393,2004-06-18 09:00:00,3.7,1237.0,1332.0,605.0,2157.0,1508.0,25.2,42.9,1.3552,True,False,False
2394,2004-06-18 10:00:00,2.5,1143.0,1146.0,701.0,1917.0,1292.0,29.3,34.8,1.397,True,False,False
2395,2004-06-18 11:00:00,2.5,1170.0,1168.0,703.0,1949.0,1287.0,33.3,27.8,1.4013,True,False,False
2396,2004-06-18 12:00:00,2.3,1116.0,1128.0,739.0,1856.0,1042.0,34.9,24.9,1.363,True,False,False
2397,2004-06-18 13:00:00,2.0,1054.0,1069.0,785.0,1766.0,817.0,36.1,22.7,1.3324,True,False,False
2398,2004-06-18 14:00:00,2.0,1083.0,1097.0,765.0,1810.0,847.0,37.6,21.1,1.3478,True,False,False
2399,2004-06-18 15:00:00,2.1,1078.0,1069.0,782.0,1780.0,806.0,37.3,21.9,1.3761,True,False,False
2400,2004-06-18 16:00:00,2.4,1104.0,1143.0,747.0,1840.0,896.0,37.2,21.6,1.3514,True,False,False
2401,2004-06-18 17:00:00,3.1,1170.0,1257.0,693.0,1956.0,1069.0,35.6,23.4,1.341,True,False,False
2402,2004-06-18 18:00:00,2.9,1091.0,1201.0,738.0,1834.0,945.0,33.1,24.3,1.2087,True,False,False
2403,2004-06-18 19:00:00,3.5,1216.0,1318.0,673.0,2043.0,1168.0,30.5,29.5,1.2635,True,False,False
2404,2004-06-18 20:00:00,2.9,1125.0,1179.0,719.0,1921.0,1065.0,28.7,35.8,1.3834,True,False,False
2405,2004-06-18 21:00:00,1.5,971.0,881.0,916.0,1635.0,672.0,26.6,42.2,1.4452,True,False,False
2406,2004-06-18 22:00:00,1.7,1062.0,984.0,816.0,1796.0,842.0,25.2,46.6,1.4733,True,False,False
2407,2004-06-18 23:00:00,2.2,1140.0,1109.0,714.0,1892.0,1123.0,24.7,47.7,1.4649,True,False,False
2408,2004-06-19 00:00:00,1.6,1038.0,992.0,802.0,1731.0,1007.0,24.4,47.4,1.4301,True,False,False
2409,2004-06-19 01:00:00,1.0,935.0,836.0,909.0,1604.0,855.0,23.3,49.9,1.4135,True,False,False
2410,2004-06-19 02:00:00,0.6,861.0,729.0,1043.0,1528.0,689.0,23.8,47.3,1.3783,True,False,False
2411,2004-06-19 03:00:00,0.6,839.0,678.0,1062.0,1478.0,622.0,22.9,50.2,1.3808,True,False,False
2412,2004-06-19 04:00:00,0.6,850.0,703.0,1021.0,1511.0,658.0,21.2,55.0,1.3689,True,False,False
2413,2004-06-19 05:00:00,0.5,817.0,651.0,1109.0,1472.0,628.0,21.7,52.6,1.35,True,False,False
2414,2004-06-19 06:00:00,0.5,825.0,667.0,1079.0,1475.0,659.0,22.8,48.9,1.3424,True,False,False
2415,2004-06-19 07:00:00,0.9,921.0,792.0,943.0,1595.0,799.0,23.5,47.6,1.3611,True,False,False
2416,2004-06-19 08:00:00,1.4,1031.0,945.0,806.0,1697.0,964.0,24.6,44.9,1.3661,True,False,False
2417,2004-06-19 09:00:00,1.6,1092.0,967.0,801.0,1774.0,910.0,27.0,39.9,1.402,True,False,False
2418,2004-06-19 10:00:00,1.6,1095.0,923.0,843.0,1736.0,999.0,29.3,35.9,1.4411,True,False,False
2419,2004-06-19 11:00:00,1.7,1097.0,964.0,822.0,1743.0,853.0,31.2,32.4,1.4517,True,False,False
2420,2004-06-19 12:00:00,1.7,1101.0,972.0,819.0,1714.0,752.0,34.4,26.6,1.423,True,False,False
2421,2004-06-19 13:00:00,1.5,1060.0,991.0,833.0,1718.0,778.0,36.1,22.1,1.3004,True,False,False
2422,2004-06-19 14:00:00,1.2,,,,,,,,,False,False,True
2423,2004-06-19 15:00:00,1.2,,,,,,,,,False,False,True
2424,2004-06-19 16:00:00,1.1,,,,,,,,,False,False,True
2425,2004-06-19 17:00:00,1.0,,,,,,,,,False,False,True
2426,2004-06-19 18:00:00,1.1,,,,,,,,,False,False,True
2427,2004-06-19 19:00:00,1.6,,,,,,,,,False,False,True
2428,2004-06-19 20:00:00,1.7,,,,,,,,,False,False,True
2429,2004-06-19 21:00:00,1.4,,,,,,,,,False,False,True
2430,2004-06-19 22:00:00,1.7,,,,,,,,,False,False,True
2431,2004-06-19 23:00:00,2.4,,,,,,,,,False,False,True
2432,2004-06-20 00:00:00,2.3,,,,,,,,,False,False,True
2433,2004-06-20 01:00:00,1.2,,,,,,,,,False,False,True
2434,2004-06-20 02:00:00,1.0,,,,,,,,,False,False,True
2435,2004-06-20 03:00:00,1.4,,,,,,,,,False,False,True
2436,2004-06-20 04:00:00,,,,,,,,,,False,True,True
2437,2004-06-20 05:00:00,1.0,,,,,,,,,False,False,True
2438,2004-06-20 06:00:00,0.9,,,,,,,,,False,False,True
2439,2004-06-20 07:00:00,0.8,,,,,,,,,False,False,True
2440,2004-06-20 08:00:00,1.0,,,,,,,,,False,False,True
2441,2004-06-20 09:00:00,1.2,,,,,,,,,False,False,True
2442,2004-06-20 10:00:00,1.2,,,,,,,,,False,False,True
2443,2004-06-20 11:00:00,1.0,,,,,,,,,False,False,True
2444,2004-06-20 12:00:00,1.0,,,,,,,,,False,False,True
2445,2004-06-20 13:00:00,0.6,,,,,,,,,False,False,True
2446,2004-06-20 14:00:00,0.7,,,,,,,,,False,False,True
2447,2004-06-20 15:00:00,0.8,,,,,,,,,False,False,True
2448,2004-06-20 16:00:00,1.1,,,,,,,,,False,False,True
2449,2004-06-20 17:00:00,1.4,,,,,,,,,False,False,True
2450,2004-06-20 18:00:00,2.8,,,,,,,,,False,False,True
2451,2004-06-20 19:00:00,2.5,,,,,,,,,False,False,True
2452,2004-06-20 20:00:00,1.6,,,,,,,,,False,False,True
2453,2004-06-20 21:00:00,1.4,,,,,,,,,False,False,True
2454,2004-06-20 22:00:00,2.3,,,,,,,,,False,False,True
2455,2004-06-20 23:00:00,4.2,,,,,,,,,False,False,True
2456,2004-06-21 00:00:00,3.0,,,,,,,,,False,False,True
2457,2004-06-21 01:00:00,2.2,,,,,,,,,False,False,True
2458,2004-06-21 02:00:00,0.6,,,,,,,,,False,False,True
2459,2004-06-21 03:00:00,0.3,,,,,,,,,False,False,True
2460,2004-06-21 04:00:00,0.3,732.0,544.0,1353.0,1367.0,466.0,18.9,55.2,1.1895,True,False,False
2461,2004-06-21 05:00:00,0.5,809.0,681.0,1108.0,1463.0,609.0,18.2,57.6,1.193,True,False,False
2462,2004-06-21 06:00:00,1.3,934.0,911.0,857.0,1639.0,863.0,18.6,56.0,1.1865,True,False,False
2463,2004-06-21 07:00:00,2.5,1132.0,1220.0,691.0,1910.0,1203.0,20.8,48.0,1.1702,True,False,False
2464,2004-06-21 08:00:00,3.7,1221.0,1386.0,626.0,2138.0,1412.0,23.3,38.6,1.0919,True,False,False
2465,2004-06-21 09:00:00,2.5,1024.0,1111.0,770.0,1753.0,1069.0,25.1,32.4,1.017,True,False,False
2466,2004-06-21 10:00:00,1.8,938.0,987.0,862.0,1597.0,817.0,27.8,25.8,0.9473,True,False,False
2467,2004-06-21 11:00:00,1.5,869.0,897.0,965.0,1480.0,649.0,29.6,21.0,0.8548,True,False,False
2468,2004-06-21 12:00:00,1.5,846.0,930.0,947.0,1467.0,598.0,30.2,18.0,0.7613,True,False,False
2469,2004-06-21 13:00:00,1.2,838.0,868.0,1005.0,1454.0,540.0,30.1,18.5,0.7747,True,False,False
2470,2004-06-21 14:00:00,1.4,875.0,912.0,978.0,1504.0,601.0,29.5,19.4,0.7872,True,False,False
2471,2004-06-21 15:00:00,1.6,907.0,961.0,920.0,1564.0,668.0,31.1,18.2,0.8079,True,False,False
2472,2004-06-21 16:00:00,1.6,889.0,939.0,920.0,1492.0,647.0,30.3,19.0,0.8103,True,False,False
2473,2004-06-21 17:00:00,2.2,969.0,1064.0,834.0,1645.0,816.0,30.1,19.3,0.8083,True,False,False
2474,2004-06-21 18:00:00,3.0,1051.0,1157.0,760.0,1787.0,963.0,28.6,22.3,0.859,True,False,False
2475,2004-06-21 19:00:00,3.0,1043.0,1181.0,736.0,1813.0,1010.0,26.1,28.3,0.9407,True,False,False
2476,2004-06-21 20:00:00,2.7,1043.0,1121.0,736.0,1793.0,967.0,24.5,35.7,1.0807,True,False,False
2477,2004-06-21 21:00:00,2.1,1007.0,1027.0,798.0,1737.0,904.0,23.1,41.5,1.1582,True,False,False
2478,2004-06-21 22:00:00,1.6,966.0,959.0,838.0,1686.0,852.0,21.8,46.3,1.1913,True,False,False
2479,2004-06-21 23:00:00,1.3,920.0,875.0,915.0,1594.0,744.0,20.9,48.9,1.1945,True,False,False
2480,2004-06-22 00:00:00,1.1,889.0,831.0,956.0,1570.0,760.0,20.5,49.9,1.1903,True,False,False
2481,2004-06-22 01:00:00,0.7,825.0,715.0,1062.0,1462.0,613.0,20.0,50.9,1.1794,True,False,False
2482,2004-06-22 02:00:00,0.4,758.0,580.0,1215.0,1374.0,531.0,22.1,44.3,1.1665,True,False,False
2483,2004-06-22 03:00:00,0.2,735.0,533.0,1338.0,1350.0,493.0,21.0,47.5,1.1666,True,False,False
2484,2004-06-22 04:00:00,0.2,719.0,522.0,1385.0,1343.0,509.0,19.8,50.3,1.1444,True,False,False
2485,2004-06-22 05:00:00,0.3,757.0,596.0,1236.0,1381.0,560.0,19.0,52.8,1.1489,True,False,False
2486,2004-06-22 06:00:00,0.9,890.0,831.0,922.0,1594.0,826.0,17.8,56.5,1.1375,True,False,False
2487,2004-06-22 07:00:00,3.1,1181.0,1255.0,632.0,2002.0,1334.0,18.2,55.8,1.1529,True,False,False
2488,2004-06-22 08:00:00,5.0,1332.0,1556.0,523.0,2394.0,1660.0,20.6,47.7,1.1448,True,False,False
2489,2004-06-22 09:00:00,2.8,1128.0,1124.0,717.0,1832.0,1362.0,22.8,41.9,1.1496,True,False,False
2490,2004-06-22 10:00:00,2.8,1128.0,1126.0,725.0,1856.0,1316.0,27.1,31.7,1.1147,True,False,False
2491,2004-06-22 11:00:00,2.1,1064.0,1069.0,766.0,1766.0,1089.0,30.4,26.4,1.131,True,False,False
2492,2004-06-22 12:00:00,3.1,1139.0,1240.0,702.0,1940.0,1129.0,31.1,26.2,1.1647,True,False,False
2493,2004-06-22 13:00:00,3.0,1121.0,1214.0,707.0,1912.0,1120.0,31.4,25.3,1.1444,True,False,False
2494,2004-06-22 14:00:00,2.1,1032.0,1083.0,776.0,1772.0,916.0,30.8,26.7,1.168,True,False,False
2495,2004-06-22 15:00:00,1.7,1040.0,1022.0,826.0,1747.0,812.0,31.8,25.6,1.1868,True,False,False
2496,2004-06-22 16:00:00,2.2,1076.0,1105.0,762.0,1782.0,959.0,33.5,22.9,1.1649,True,False,False
2497,2004-06-22 17:00:00,3.5,1177.0,1310.0,656.0,2011.0,1189.0,33.1,23.5,1.1673,True,False,False
2498,2004-06-22 18:00:00,3.6,1196.0,1303.0,654.0,2017.0,1199.0,31.7,25.9,1.1883,True,False,False
2499,2004-06-22 19:00:00,4.1,1204.0,1381.0,623.0,2085.0,1283.0,29.0,30.4,1.2013,True,False,False
2500,2004-06-22 20:00:00,4.0,1166.0,1304.0,646.0,2016.0,1291.0,27.4,33.6,1.2095,True,False,False
2501,2004-06-22 21:00:00,1.8,959.0,949.0,857.0,1640.0,949.0,25.2,36.4,1.1528,True,False,False
2502,2004-06-22 22:00:00,1.7,1004.0,997.0,813.0,1726.0,1018.0,24.0,39.6,1.1662,True,False,False
2503,2004-06-22 23:00:00,2.4,1050.0,1105.0,729.0,1807.0,1122.0,23.8,39.6,1.1558,True,False,False
2504,2004-06-23 00:00:00,1.2,965.0,900.0,864.0,1631.0,968.0,22.9,43.6,1.1974,True,False,False
2505,2004-06-23 01:00:00,0.8,849.0,744.0,1004.0,1496.0,806.0,22.8,43.9,1.202,True,False,False
2506,2004-06-23 02:00:00,0.5,809.0,666.0,1093.0,1455.0,714.0,21.8,47.3,1.2189,True,False,False
2507,2004-06-23 03:00:00,0.3,777.0,609.0,1170.0,1405.0,644.0,21.7,47.3,1.2135,True,False,False
2508,2004-06-23 04:00:00,,768.0,591.0,1183.0,1402.0,606.0,20.8,50.3,1.2207,False,True,False
2509,2004-06-23 05:00:00,0.4,768.0,597.0,1155.0,1396.0,606.0,21.7,46.8,1.2031,True,False,False
2510,2004-06-23 06:00:00,1.0,917.0,842.0,934.0,1656.0,819.0,20.3,52.3,1.2367,True,False,False
2511,2004-06-23 07:00:00,3.8,1252.0,1380.0,579.0,2210.0,1462.0,20.5,52.3,1.245,True,False,False
2512,2004-06-23 08:00:00,3.2,1224.0,1268.0,605.0,2046.0,1478.0,21.7,49.6,1.2673,True,False,False
2513,2004-06-23 09:00:00,3.5,1277.0,1300.0,608.0,2090.0,1598.0,24.0,43.1,1.2677,True,False,False
2514,2004-06-23 10:00:00,3.2,1149.0,1192.0,672.0,1944.0,1449.0,28.5,31.7,1.2144,True,False,False
2515,2004-06-23 11:00:00,2.3,1091.0,1082.0,746.0,1790.0,1221.0,32.2,25.1,1.189,True,False,False
2516,2004-06-23 12:00:00,2.2,1053.0,1087.0,763.0,1762.0,1023.0,34.9,20.5,1.1279,True,False,False
2517,2004-06-23 13:00:00,2.1,1023.0,1042.0,796.0,1711.0,910.0,35.4,19.9,1.1222,True,False,False
2518,2004-06-23 14:00:00,1.9,1085.0,1075.0,767.0,1786.0,913.0,34.4,22.5,1.205,True,False,False
2519,2004-06-23 15:00:00,2.4,1116.0,1120.0,724.0,1854.0,1035.0,34.8,22.8,1.2488,True,False,False
2520,2004-06-23 16:00:00,2.5,1111.0,1131.0,735.0,1825.0,1085.0,34.3,22.4,1.1907,True,False,False
2521,2004-06-23 17:00:00,3.6,1210.0,1316.0,645.0,2030.0,1278.0,32.5,25.3,1.2165,True,False,False
2522,2004-06-23 18:00:00,3.9,1250.0,1339.0,616.0,2075.0,1383.0,31.3,27.3,1.2234,True,False,False
2523,2004-06-23 19:00:00,4.4,1297.0,1408.0,595.0,2134.0,1473.0,30.2,29.0,1.2224,True,False,False
2524,2004-06-23 20:00:00,4.8,1313.0,1345.0,603.0,2118.0,1507.0,28.5,33.3,1.2775,True,False,False
2525,2004-06-23 21:00:00,2.5,1146.0,1084.0,713.0,1829.0,1215.0,27.3,35.3,1.2606,True,False,False
2526,2004-06-23 22:00:00,2.8,1199.0,1152.0,685.0,1897.0,1242.0,26.1,37.8,1.2575,True,False,False
2527,2004-06-23 23:00:00,3.2,1274.0,1197.0,626.0,2023.0,1356.0,24.7,47.1,1.44,True,False,False
2528,2004-06-24 00:00:00,2.6,1243.0,1072.0,675.0,1978.0,1195.0,23.6,59.8,1.7193,True,False,False
2529,2004-06-24 01:00:00,1.5,1054.0,923.0,783.0,1793.0,899.0,23.3,60.5,1.706,True,False,False
2530,2004-06-24 02:00:00,1.0,962.0,778.0,929.0,1645.0,726.0,23.3,59.4,1.6753,True,False,False
2531,2004-06-24 03:00:00,0.8,915.0,690.0,983.0,1570.0,743.0,22.9,57.7,1.5902,True,False,False
2532,2004-06-24 04:00:00,0.6,871.0,639.0,1062.0,1528.0,684.0,23.7,53.5,1.546,True,False,False
2533,2004-06-24 05:00:00,0.6,877.0,658.0,1047.0,1530.0,779.0,21.2,60.9,1.5092,True,False,False
2534,2004-06-24 06:00:00,0.7,893.0,696.0,1008.0,1548.0,801.0,22.1,56.2,1.48,True,False,False
2535,2004-06-24 07:00:00,1.2,1030.0,851.0,824.0,1700.0,983.0,21.9,57.0,1.4742,True,False,False
2536,2004-06-24 08:00:00,1.5,1059.0,926.0,783.0,1750.0,989.0,24.7,45.9,1.4061,True,False,False
2537,2004-06-24 09:00:00,1.3,1020.0,860.0,864.0,1649.0,875.0,27.0,40.8,1.4286,True,False,False
2538,2004-06-24 10:00:00,1.6,1045.0,840.0,879.0,1656.0,807.0,29.1,37.4,1.4833,True,False,False
2539,2004-06-24 11:00:00,1.5,1029.0,866.0,874.0,1651.0,727.0,31.1,32.4,1.4351,True,False,False
2540,2004-06-24 12:00:00,1.2,959.0,763.0,976.0,1561.0,549.0,31.9,30.3,1.4125,True,False,False
2541,2004-06-24 13:00:00,1.1,975.0,798.0,939.0,1576.0,570.0,32.8,28.9,1.412,True,False,False
2542,2004-06-24 14:00:00,1.2,988.0,813.0,927.0,1596.0,596.0,33.4,27.8,1.4119,True,False,False
2543,2004-06-24 15:00:00,1.3,971.0,818.0,942.0,1565.0,585.0,35.3,23.7,1.3331,True,False,False
2544,2004-06-24 16:00:00,1.4,999.0,899.0,869.0,1629.0,637.0,35.8,22.4,1.2915,True,False,False
2545,2004-06-24 17:00:00,1.6,989.0,889.0,889.0,1602.0,664.0,35.3,20.8,1.1664,True,False,False
2546,2004-06-24 18:00:00,2.1,1075.0,1020.0,802.0,1732.0,797.0,33.3,23.9,1.2085,True,False,False
2547,2004-06-24 19:00:00,3.0,1190.0,1177.0,695.0,1934.0,1046.0,30.3,30.8,1.3044,True,False,False
2548,2004-06-24 20:00:00,2.8,1172.0,1108.0,706.0,1878.0,1058.0,28.3,34.5,1.3084,True,False,False
2549,2004-06-24 21:00:00,3.8,1256.0,1340.0,594.0,2176.0,1214.0,27.1,38.9,1.3758,True,False,False
2550,2004-06-24 22:00:00,3.2,1190.0,1203.0,658.0,1967.0,1056.0,25.4,43.2,1.3805,True,False,False
2551,2004-06-24 23:00:00,4.1,1249.0,1310.0,601.0,2114.0,1280.0,24.6,45.3,1.3767,True,False,False
2552,2004-06-25 00:00:00,2.6,1072.0,1120.0,711.0,1838.0,1045.0,23.7,46.0,1.3346,True,False,False
2553,2004-06-25 01:00:00,2.0,1035.0,1011.0,750.0,1752.0,1039.0,23.0,48.1,1.3322,True,False,False
2554,2004-06-25 02:00:00,0.9,839.0,690.0,1030.0,1457.0,640.0,24.8,43.4,1.3366,True,False,False
2555,2004-06-25 03:00:00,0.7,833.0,671.0,1061.0,1482.0,705.0,23.1,47.4,1.3208,True,False,False
2556,2004-06-25 04:00:00,0.6,804.0,616.0,1144.0,1427.0,662.0,21.7,50.2,1.2917,True,False,False
2557,2004-06-25 05:00:00,0.6,811.0,651.0,1097.0,1442.0,579.0,21.9,50.7,1.3138,True,False,False
2558,2004-06-25 06:00:00,1.6,1028.0,934.0,818.0,1743.0,987.0,20.1,57.0,1.3216,True,False,False
2559,2004-06-25 07:00:00,2.6,1138.0,1141.0,671.0,1927.0,1197.0,21.5,51.8,1.3129,True,False,False
2560,2004-06-25 08:00:00,2.9,1203.0,1185.0,649.0,1968.0,1328.0,22.9,48.7,1.3416,True,False,False
2561,2004-06-25 09:00:00,2.8,1193.0,1136.0,667.0,1924.0,1370.0,25.7,41.0,1.3351,True,False,False
2562,2004-06-25 10:00:00,1.9,1049.0,898.0,858.0,1671.0,921.0,29.9,33.2,1.3793,True,False,False
2563,2004-06-25 11:00:00,1.9,1090.0,942.0,828.0,1713.0,876.0,32.9,28.0,1.3789,True,False,False
2564,2004-06-25 12:00:00,2.1,1070.0,976.0,808.0,1688.0,819.0,34.0,25.6,1.3363,True,False,False
2565,2004-06-25 13:00:00,1.9,1014.0,970.0,826.0,1684.0,763.0,34.7,22.6,1.2297,True,False,False
2566,2004-06-25 14:00:00,1.6,972.0,912.0,882.0,1596.0,675.0,35.5,20.3,1.1586,True,False,False
2567,2004-06-25 15:00:00,1.6,951.0,880.0,920.0,1539.0,637.0,35.9,18.8,1.0912,True,False,False
2568,2004-06-25 16:00:00,2.1,1033.0,1038.0,802.0,1690.0,826.0,36.2,18.6,1.0945,True,False,False
2569,2004-06-25 17:00:00,2.4,983.0,1094.0,817.0,1659.0,854.0,35.4,15.3,0.8613,True,False,False
2570,2004-06-25 18:00:00,2.8,973.0,1128.0,813.0,1642.0,894.0,32.9,15.5,0.7649,True,False,False
2571,2004-06-25 19:00:00,3.4,1083.0,1237.0,737.0,1786.0,1077.0,29.9,19.8,0.8211,True,False,False
2572,2004-06-25 20:00:00,3.4,1062.0,1176.0,763.0,1743.0,1121.0,28.1,22.4,0.8394,True,False,False
2573,2004-06-25 21:00:00,2.7,1011.0,1122.0,808.0,1680.0,1071.0,26.1,24.7,0.8233,True,False,False
2574,2004-06-25 22:00:00,2.6,1054.0,1110.0,765.0,1670.0,1167.0,25.0,28.7,0.8944,True,False,False
2575,2004-06-25 23:00:00,2.3,1013.0,1038.0,793.0,1598.0,1162.0,24.3,31.0,0.9268,True,False,False
2576,2004-06-26 00:00:00,1.2,870.0,823.0,975.0,1398.0,848.0,24.0,31.2,0.919,True,False,False
2577,2004-06-26 01:00:00,1.0,857.0,769.0,1006.0,1390.0,759.0,22.4,34.9,0.9362,True,False,False
2578,2004-06-26 02:00:00,0.9,835.0,739.0,1036.0,1382.0,694.0,21.2,37.6,0.9355,True,False,False
2579,2004-06-26 03:00:00,1.1,844.0,759.0,1005.0,1409.0,848.0,19.5,42.3,0.9461,True,False,False
2580,2004-06-26 04:00:00,,763.0,622.0,1129.0,1321.0,689.0,21.2,39.4,0.9802,False,True,False
2581,2004-06-26 05:00:00,0.4,769.0,606.0,1171.0,1314.0,610.0,19.5,42.4,0.9515,True,False,False
2582,2004-06-26 06:00:00,0.9,891.0,790.0,960.0,1466.0,816.0,18.6,45.8,0.9723,True,False,False
2583,2004-06-26 07:00:00,1.8,1037.0,993.0,779.0,1680.0,1158.0,19.7,44.1,1.0039,True,False,False
2584,2004-06-26 08:00:00,2.2,1090.0,1065.0,728.0,1773.0,1228.0,21.9,39.4,1.0243,True,False,False
2585,2004-06-26 09:00:00,2.4,1117.0,1118.0,716.0,1791.0,1323.0,24.5,34.3,1.0407,True,False,False
2586,2004-06-26 10:00:00,2.3,1109.0,1074.0,761.0,1734.0,1274.0,30.0,25.6,1.0674,True,False,False
2587,2004-06-26 11:00:00,1.6,961.0,939.0,912.0,1508.0,846.0,34.5,18.9,1.0168,True,False,False
2588,2004-06-26 12:00:00,1.4,985.0,919.0,918.0,1540.0,737.0,36.3,17.5,1.0411,True,False,False
2589,2004-06-26 13:00:00,1.4,960.0,909.0,910.0,1523.0,675.0,37.7,16.0,1.0231,True,False,False
2590,2004-06-26 14:00:00,1.0,927.0,806.0,1013.0,1446.0,559.0,38.3,15.8,1.0465,True,False,False
2591,2004-06-26 15:00:00,1.0,958.0,795.0,1002.0,1481.0,604.0,38.4,17.5,1.1609,True,False,False
2592,2004-06-26 16:00:00,1.2,1019.0,842.0,935.0,1565.0,729.0,37.2,20.5,1.2813,True,False,False
2593,2004-06-26 17:00:00,1.3,1010.0,816.0,955.0,1567.0,741.0,34.0,26.4,1.3781,True,False,False
2594,2004-06-26 18:00:00,1.5,1030.0,844.0,917.0,1599.0,747.0,32.3,30.4,1.445,True,False,False
2595,2004-06-26 19:00:00,1.9,1100.0,946.0,827.0,1726.0,932.0,30.5,33.9,1.4564,True,False,False
2596,2004-06-26 20:00:00,1.8,1079.0,909.0,861.0,1686.0,928.0,29.2,37.8,1.5098,True,False,False
2597,2004-06-26 21:00:00,1.4,1036.0,859.0,900.0,1645.0,860.0,28.4,39.1,1.4881,True,False,False
2598,2004-06-26 22:00:00,1.7,1085.0,959.0,827.0,1747.0,963.0,27.7,40.6,1.4828,True,False,False
2599,2004-06-26 23:00:00,2.7,1214.0,1151.0,683.0,1938.0,1309.0,27.2,42.5,1.5069,True,False,False
2600,2004-06-27 00:00:00,2.1,1127.0,1041.0,728.0,1830.0,1266.0,26.5,44.8,1.528,True,False,False
2601,2004-06-27 01:00:00,1.4,1038.0,950.0,776.0,1750.0,1181.0,25.5,47.6,1.5318,True,False,False
2602,2004-06-27 02:00:00,1.0,948.0,829.0,873.0,1638.0,937.0,25.2,47.8,1.5076,True,False,False
2603,2004-06-27 03:00:00,1.0,953.0,844.0,848.0,1685.0,995.0,23.2,53.7,1.5046,True,False,False
2604,2004-06-27 04:00:00,0.8,869.0,723.0,975.0,1522.0,789.0,23.2,52.3,1.4668,True,False,False
2605,2004-06-27 05:00:00,0.5,809.0,628.0,1127.0,1490.0,682.0,24.0,50.3,1.4811,True,False,False
2606,2004-06-27 06:00:00,0.6,833.0,641.0,1088.0,1496.0,717.0,23.5,51.2,1.4634,True,False,False
2607,2004-06-27 07:00:00,0.6,857.0,661.0,1083.0,1511.0,696.0,23.5,50.8,1.452,True,False,False
2608,2004-06-27 08:00:00,1.0,966.0,820.0,913.0,1634.0,807.0,24.7,47.6,1.4597,True,False,False
2609,2004-06-27 09:00:00,1.6,1063.0,894.0,823.0,1688.0,1025.0,27.2,41.1,1.4611,True,False,False
2610,2004-06-27 10:00:00,1.9,1110.0,996.0,782.0,1771.0,1090.0,31.0,32.4,1.4294,True,False,False
2611,2004-06-27 11:00:00,1.7,1055.0,941.0,844.0,1648.0,932.0,35.2,24.8,1.3854,True,False,False
2612,2004-06-27 12:00:00,1.1,939.0,828.0,991.0,1486.0,639.0,37.8,18.5,1.1977,True,False,False
2613,2004-06-27 13:00:00,0.8,816.0,684.0,1195.0,1285.0,467.0,39.0,15.1,1.0424,True,False,False
2614,2004-06-27 14:00:00,0.7,841.0,712.0,1175.0,1339.0,476.0,41.3,12.8,0.9933,True,False,False
2615,2004-06-27 15:00:00,0.7,842.0,722.0,1163.0,1294.0,490.0,41.8,11.9,0.9476,True,False,False
2616,2004-06-27 16:00:00,1.2,990.0,852.0,967.0,1488.0,669.0,42.2,14.2,1.1609,True,False,False
2617,2004-06-27 17:00:00,1.6,1042.0,894.0,916.0,1537.0,800.0,41.4,15.5,1.2089,True,False,False
2618,2004-06-27 18:00:00,1.6,1089.0,893.0,879.0,1609.0,791.0,38.9,21.4,1.4605,True,False,False
2619,2004-06-27 19:00:00,1.7,1102.0,990.0,799.0,1685.0,849.0,34.3,26.0,1.3865,True,False,False
2620,2004-06-27 20:00:00,2.0,1095.0,996.0,799.0,1695.0,934.0,32.7,27.7,1.3439,True,False,False
2621,2004-06-27 21:00:00,2.3,1116.0,1075.0,761.0,1784.0,1081.0,30.5,30.4,1.3031,True,False,False
2622,2004-06-27 22:00:00,2.4,1105.0,1046.0,777.0,1751.0,1102.0,29.0,33.6,1.3277,True,False,False
2623,2004-06-27 23:00:00,1.7,1018.0,950.0,830.0,1636.0,914.0,28.2,36.6,1.3781,True,False,False
2624,2004-06-28 00:00:00,1.2,991.0,896.0,857.0,1616.0,926.0,27.2,38.9,1.3821,True,False,False
2625,2004-06-28 01:00:00,1.0,923.0,765.0,952.0,1508.0,786.0,26.7,40.0,1.3754,True,False,False
2626,2004-06-28 02:00:00,0.6,874.0,679.0,1049.0,1444.0,619.0,26.0,41.2,1.3598,True,False,False
2627,2004-06-28 03:00:00,0.5,846.0,662.0,1068.0,1464.0,633.0,22.8,50.1,1.3677,True,False,False
2628,2004-06-28 04:00:00,0.4,838.0,632.0,1079.0,1438.0,634.0,24.0,46.6,1.37,True,False,False
2629,2004-06-28 05:00:00,0.5,827.0,656.0,1075.0,1447.0,722.0,24.0,46.4,1.3689,True,False,False
2630,2004-06-28 06:00:00,0.7,901.0,763.0,984.0,1552.0,717.0,23.7,47.1,1.3602,True,False,False
2631,2004-06-28 07:00:00,3.2,1291.0,1316.0,603.0,2172.0,1445.0,23.6,47.3,1.3634,True,False,False
2632,2004-06-28 08:00:00,5.6,1441.0,1606.0,503.0,2568.0,1786.0,25.5,43.1,1.3891,True,False,False
2633,2004-06-28 09:00:00,4.6,1363.0,1410.0,565.0,2199.0,1791.0,28.5,36.8,1.4128,True,False,False
2634,2004-06-28 10:00:00,3.3,1218.0,1198.0,671.0,1907.0,1413.0,32.6,28.0,1.3566,True,False,False
2635,2004-06-28 11:00:00,2.1,1132.0,1091.0,751.0,1795.0,1092.0,36.3,23.4,1.3902,True,False,False
2636,2004-06-28 12:00:00,1.9,1103.0,1060.0,770.0,1748.0,940.0,37.5,21.5,1.3673,True,False,False
2637,2004-06-28 13:00:00,1.9,1081.0,1053.0,770.0,1773.0,883.0,39.6,19.0,1.3447,True,False,False
2638,2004-06-28 14:00:00,1.6,1079.0,1018.0,793.0,1739.0,850.0,40.1,19.3,1.4013,True,False,False
2639,2004-06-28 15:00:00,2.0,1167.0,1087.0,741.0,1820.0,928.0,40.4,20.0,1.4854,True,False,False
2640,2004-06-28 16:00:00,1.8,1148.0,1037.0,772.0,1720.0,835.0,39.9,20.1,1.4495,True,False,False
2641,2004-06-28 17:00:00,2.9,1221.0,1230.0,670.0,1905.0,1157.0,39.1,19.6,1.3542,True,False,False
2642,2004-06-28 18:00:00,3.4,1255.0,1283.0,640.0,2023.0,1232.0,37.0,21.9,1.3503,True,False,False
2643,2004-06-28 19:00:00,3.1,1245.0,1287.0,635.0,2067.0,1288.0,33.9,26.8,1.3899,True,False,False
2644,2004-06-28 20:00:00,2.5,1162.0,1151.0,687.0,1912.0,1143.0,31.9,30.6,1.4201,True,False,False
2645,2004-06-28 21:00:00,1.8,1079.0,1020.0,754.0,1760.0,1014.0,29.7,33.9,1.3874,True,False,False
2646,2004-06-28 22:00:00,1.8,1091.0,1038.0,744.0,1786.0,1088.0,28.6,36.8,1.416,True,False,False
2647,2004-06-28 23:00:00,2.0,1085.0,1039.0,745.0,1790.0,1092.0,27.8,38.7,1.4187,True,False,False
2648,2004-06-29 00:00:00,1.5,1050.0,966.0,780.0,1748.0,1090.0,27.8,40.0,1.4691,True,False,False
2649,2004-06-29 01:00:00,0.8,941.0,814.0,873.0,1592.0,979.0,27.5,41.3,1.4962,True,False,False
2650,2004-06-29 02:00:00,0.4,891.0,705.0,980.0,1534.0,806.0,27.3,41.6,1.4906,True,False,False
2651,2004-06-29 03:00:00,0.3,842.0,624.0,1080.0,1480.0,712.0,26.0,44.2,1.4657,True,False,False
2652,2004-06-29 04:00:00,,850.0,639.0,1048.0,1519.0,853.0,24.8,48.0,1.4857,False,True,False
2653,2004-06-29 05:00:00,0.5,863.0,652.0,1055.0,1504.0,816.0,25.9,45.1,1.4889,True,False,False
2654,2004-06-29 06:00:00,0.7,956.0,784.0,928.0,1634.0,934.0,25.3,47.6,1.5108,True,False,False
2655,2004-06-29 07:00:00,3.4,1384.0,1391.0,552.0,2316.0,1548.0,24.7,49.5,1.5201,True,False,False
2656,2004-06-29 08:00:00,5.7,1502.0,1631.0,459.0,2622.0,1858.0,27.1,43.1,1.5224,True,False,False
2657,2004-06-29 09:00:00,3.2,1219.0,1163.0,642.0,1963.0,1410.0,28.3,39.8,1.5053,True,False,False
2658,2004-06-29 10:00:00,2.7,1237.0,1157.0,663.0,1968.0,1334.0,32.4,32.3,1.5484,True,False,False
2659,2004-06-29 11:00:00,2.1,1181.0,1078.0,706.0,1870.0,1140.0,35.4,27.8,1.5733,True,False,False
2660,2004-06-29 12:00:00,2.8,1251.0,1154.0,682.0,1955.0,1111.0,35.5,27.4,1.5635,True,False,False
2661,2004-06-29 13:00:00,2.5,1214.0,1170.0,681.0,1963.0,1054.0,37.8,24.4,1.5722,True,False,False
2662,2004-06-29 14:00:00,2.1,1166.0,1062.0,726.0,1825.0,924.0,37.2,25.5,1.5914,True,False,False
2663,2004-06-29 15:00:00,2.5,1226.0,1157.0,683.0,1912.0,1041.0,37.2,25.6,1.6014,True,False,False
2664,2004-06-29 16:00:00,2.7,1265.0,1229.0,636.0,2040.0,1282.0,38.0,25.0,1.6312,True,False,False
2665,2004-06-29 17:00:00,3.7,1317.0,1338.0,593.0,2132.0,1362.0,37.1,26.9,1.6635,True,False,False
2666,2004-06-29 18:00:00,3.7,1372.0,1382.0,568.0,2268.0,1441.0,36.9,27.8,1.7099,True,False,False
2667,2004-06-29 19:00:00,4.6,1443.0,1443.0,543.0,2332.0,1559.0,34.7,31.9,1.7325,True,False,False
2668,2004-06-29 20:00:00,2.6,1200.0,1126.0,664.0,1979.0,1198.0,31.9,38.4,1.7897,True,False,False
2669,2004-06-29 21:00:00,2.5,1216.0,1130.0,655.0,1994.0,1246.0,30.5,42.3,1.8173,True,False,False
2670,2004-06-29 22:00:00,2.3,1160.0,1070.0,687.0,1929.0,1192.0,29.3,45.8,1.8362,True,False,False
2671,2004-06-29 23:00:00,2.2,1194.0,1106.0,667.0,1985.0,1194.0,28.2,48.1,1.8144,True,False,False
2672,2004-06-30 00:00:00,2.5,1199.0,1087.0,658.0,1954.0,1252.0,27.3,51.0,1.8287,True,False,False
2673,2004-06-30 01:00:00,0.9,965.0,818.0,844.0,1681.0,777.0,26.8,52.4,1.8141,True,False,False
2674,2004-06-30 02:00:00,0.8,961.0,801.0,850.0,1683.0,798.0,26.0,54.9,1.8141,True,False,False
2675,2004-06-30 03:00:00,0.7,901.0,697.0,952.0,1586.0,800.0,26.8,51.9,1.8058,True,False,False
2676,2004-06-30 04:00:00,0.5,864.0,629.0,1052.0,1558.0,728.0,26.9,51.8,1.805,True,False,False
2677,2004-06-30 05:00:00,0.7,952.0,742.0,892.0,1656.0,953.0,24.6,59.1,1.8013,True,False,False
2678,2004-06-30 06:00:00,0.9,1009.0,875.0,797.0,1738.0,1060.0,26.4,53.1,1.7987,True,False,False
2679,2004-06-30 07:00:00,2.2,1225.0,1155.0,643.0,1992.0,1338.0,27.3,46.4,1.6542,True,False,False
2680,2004-06-30 08:00:00,2.8,1245.0,1202.0,628.0,2039.0,1622.0,28.4,40.4,1.5442,True,False,False
2681,2004-06-30 09:00:00,2.9,1265.0,1209.0,638.0,2015.0,1812.0,30.8,37.1,1.6169,True,False,False
2682,2004-06-30 10:00:00,2.9,1276.0,1241.0,642.0,2024.0,1784.0,34.2,30.7,1.6252,True,False,False
2683,2004-06-30 11:00:00,3.0,1232.0,1183.0,675.0,1920.0,1509.0,37.0,26.5,1.6352,True,False,False
2684,2004-06-30 12:00:00,2.5,1193.0,1097.0,698.0,1832.0,1139.0,36.6,27.8,1.676,True,False,False
2685,2004-06-30 13:00:00,2.3,1162.0,1117.0,700.0,1857.0,1044.0,36.9,26.9,1.6477,True,False,False
2686,2004-06-30 14:00:00,2.1,1126.0,1097.0,723.0,1810.0,1015.0,39.3,22.2,1.552,True,False,False
2687,2004-06-30 15:00:00,1.9,1089.0,993.0,801.0,1675.0,825.0,38.5,22.4,1.5018,True,False,False
2688,2004-06-30 16:00:00,2.3,1134.0,1073.0,747.0,1765.0,1022.0,39.7,20.4,1.4594,True,False,False
2689,2004-06-30 17:00:00,4.2,1388.0,1418.0,568.0,2250.0,1913.0,38.8,24.2,1.6433,True,False,False
2690,2004-06-30 18:00:00,4.9,1506.0,1499.0,506.0,2485.0,2043.0,33.5,38.0,1.939,True,False,False
2691,2004-06-30 19:00:00,4.9,1352.0,1385.0,563.0,2205.0,1661.0,34.0,32.9,1.7251,True,False,False
2692,2004-06-30 20:00:00,3.5,1217.0,1227.0,641.0,2040.0,1404.0,31.9,33.7,1.5663,True,False,False
2693,2004-06-30 21:00:00,2.5,1149.0,1132.0,688.0,1936.0,1233.0,30.2,37.6,1.587,True,False,False
2694,2004-06-30 22:00:00,2.5,1156.0,1129.0,688.0,1941.0,1181.0,28.9,41.0,1.6096,True,False,False
2695,2004-06-30 23:00:00,2.6,1180.0,1122.0,678.0,1921.0,1272.0,27.8,45.2,1.6604,True,False,False
2696,2004-07-01 00:00:00,2.3,1109.0,1080.0,696.0,1874.0,1190.0,27.1,47.4,1.6701,True,False,False
2697,2004-07-01 01:00:00,1.5,1032.0,974.0,763.0,1800.0,982.0,26.2,49.4,1.6555,True,False,False
2698,2004-07-01 02:00:00,0.9,893.0,767.0,918.0,1607.0,805.0,26.9,49.3,1.7196,True,False,False
2699,2004-07-01 03:00:00,0.6,848.0,642.0,1079.0,1536.0,654.0,26.3,50.8,1.7058,True,False,False
2700,2004-07-01 04:00:00,0.6,850.0,664.0,1038.0,1568.0,727.0,24.9,54.6,1.6908,True,False,False
2701,2004-07-01 05:00:00,0.8,938.0,782.0,879.0,1685.0,1001.0,23.4,58.6,1.6651,True,False,False
2702,2004-07-01 06:00:00,0.9,948.0,828.0,858.0,1711.0,994.0,24.4,55.2,1.6604,True,False,False
2703,2004-07-01 07:00:00,2.4,1225.0,1214.0,625.0,2090.0,1322.0,25.1,54.3,1.7057,True,False,False
2704,2004-07-01 08:00:00,3.9,1380.0,1359.0,538.0,2337.0,1617.0,26.6,51.2,1.7565,True,False,False
2705,2004-07-01 09:00:00,2.9,1276.0,1138.0,628.0,2021.0,1430.0,28.2,47.1,1.7752,True,False,False
2706,2004-07-01 10:00:00,2.7,1246.0,1093.0,667.0,1942.0,1357.0,31.6,39.4,1.7969,True,False,False
2707,2004-07-01 11:00:00,2.0,1141.0,996.0,767.0,1805.0,994.0,34.2,31.8,1.6837,True,False,False
2708,2004-07-01 12:00:00,2.4,1199.0,1124.0,680.0,1940.0,1054.0,36.6,27.1,1.6352,True,False,False
2709,2004-07-01 13:00:00,2.0,1156.0,1056.0,710.0,1842.0,945.0,37.6,26.9,1.715,True,False,False
2710,2004-07-01 14:00:00,1.8,1158.0,983.0,751.0,1803.0,808.0,38.1,26.3,1.7213,True,False,False
2711,2004-07-01 15:00:00,1.9,1163.0,1039.0,723.0,1814.0,888.0,37.8,26.9,1.7392,True,False,False
2712,2004-07-01 16:00:00,1.8,1078.0,1009.0,767.0,1730.0,787.0,37.8,22.7,1.4653,True,False,False
2713,2004-07-01 17:00:00,2.9,1244.0,1219.0,651.0,1949.0,1077.0,36.9,24.7,1.5134,True,False,False
2714,2004-07-01 18:00:00,3.3,1236.0,1239.0,637.0,1986.0,1106.0,34.5,28.5,1.531,True,False,False
2715,2004-07-01 19:00:00,4.4,1364.0,1376.0,580.0,2168.0,1356.0,32.5,30.9,1.4875,True,False,False
2716,2004-07-01 20:00:00,3.4,1193.0,1196.0,675.0,1888.0,1152.0,30.9,30.4,1.338,True,False,False
2717,2004-07-01 21:00:00,1.9,1078.0,985.0,778.0,1697.0,925.0,28.7,34.7,1.3457,True,False,False
2718,2004-07-01 22:00:00,2.1,1140.0,1035.0,726.0,1779.0,1059.0,27.7,39.3,1.4372,True,False,False
2719,2004-07-01 23:00:00,2.5,1239.0,1127.0,648.0,1930.0,1201.0,26.8,45.1,1.5645,True,False,False
2720,2004-07-02 00:00:00,2.3,1171.0,1093.0,669.0,1862.0,1205.0,26.1,45.3,1.5115,True,False,False
2721,2004-07-02 01:00:00,1.7,1065.0,977.0,736.0,1733.0,1103.0,25.9,46.1,1.5174,True,False,False
2722,2004-07-02 02:00:00,1.5,1024.0,882.0,791.0,1662.0,1072.0,25.3,47.6,1.513,True,False,False
2723,2004-07-02 03:00:00,0.8,873.0,679.0,1010.0,1501.0,713.0,26.6,43.0,1.4773,True,False,False
2724,2004-07-02 04:00:00,,874.0,668.0,1043.0,1513.0,737.0,25.3,47.2,1.5025,False,True,False
2725,2004-07-02 05:00:00,0.5,887.0,647.0,1046.0,1500.0,740.0,25.1,48.0,1.5115,True,False,False
2726,2004-07-02 06:00:00,0.8,993.0,795.0,888.0,1629.0,770.0,24.8,50.6,1.5654,True,False,False
2727,2004-07-02 07:00:00,2.6,1299.0,1225.0,620.0,2077.0,1327.0,25.7,49.7,1.615,True,False,False
2728,2004-07-02 08:00:00,4.9,1529.0,1526.0,476.0,2559.0,1763.0,27.4,45.5,1.6396,True,False,False
2729,2004-07-02 09:00:00,2.9,1320.0,1210.0,595.0,2052.0,1477.0,29.3,40.0,1.6082,True,False,False
2730,2004-07-02 10:00:00,2.8,1226.0,1168.0,650.0,1952.0,1311.0,33.6,28.7,1.4693,True,False,False
2731,2004-07-02 11:00:00,1.8,1105.0,980.0,777.0,1745.0,980.0,34.6,27.7,1.4991,True,False,False
2732,2004-07-02 12:00:00,1.8,1160.0,1040.0,720.0,1810.0,961.0,35.6,27.2,1.5557,True,False,False
2733,2004-07-02 13:00:00,1.9,1125.0,1051.0,730.0,1771.0,923.0,36.9,23.3,1.4313,True,False,False
2734,2004-07-02 14:00:00,1.7,1099.0,1015.0,763.0,1732.0,839.0,38.8,20.7,1.4036,True,False,False
2735,2004-07-02 15:00:00,1.7,1124.0,1021.0,745.0,1735.0,827.0,38.1,22.6,1.4868,True,False,False
2736,2004-07-02 16:00:00,1.9,1105.0,995.0,778.0,1681.0,821.0,37.1,23.0,1.4229,True,False,False
2737,2004-07-02 17:00:00,2.1,1035.0,1043.0,804.0,1647.0,749.0,34.8,19.3,1.0543,True,False,False
2738,2004-07-02 18:00:00,2.4,1065.0,1110.0,757.0,1691.0,871.0,33.6,20.7,1.059,True,False,False
2739,2004-07-02 19:00:00,3.0,1051.0,1220.0,739.0,1729.0,1077.0,31.4,18.5,0.8376,True,False,False
2740,2004-07-02 20:00:00,2.8,1073.0,1124.0,752.0,1688.0,1175.0,29.5,23.8,0.9623,True,False,False
2741,2004-07-02 21:00:00,1.9,1008.0,1004.0,817.0,1588.0,1125.0,27.4,27.1,0.9736,True,False,False
2742,2004-07-02 22:00:00,2.1,1090.0,1073.0,745.0,1693.0,1124.0,26.1,31.1,1.0338,True,False,False
2743,2004-07-02 23:00:00,1.8,1048.0,983.0,780.0,1643.0,1064.0,25.5,34.0,1.0935,True,False,False
2744,2004-07-03 00:00:00,2.5,1131.0,1087.0,705.0,1738.0,1240.0,24.0,37.8,1.1125,True,False,False
2745,2004-07-03 01:00:00,1.1,953.0,874.0,854.0,1528.0,899.0,24.2,37.3,1.1118,True,False,False
2746,2004-07-03 02:00:00,0.7,897.0,745.0,968.0,1461.0,807.0,23.4,40.6,1.1571,True,False,False
2747,2004-07-03 03:00:00,0.7,900.0,750.0,932.0,1494.0,817.0,21.8,46.6,1.1991,True,False,False
2748,2004-07-03 04:00:00,0.4,828.0,639.0,1077.0,1371.0,573.0,22.6,43.0,1.1629,True,False,False
2749,2004-07-03 05:00:00,0.7,892.0,739.0,964.0,1479.0,768.0,20.2,50.7,1.1844,True,False,False
2750,2004-07-03 06:00:00,0.7,914.0,809.0,912.0,1530.0,807.0,20.5,49.3,1.176,True,False,False
2751,2004-07-03 07:00:00,1.8,1096.0,1017.0,722.0,1743.0,1204.0,21.4,48.0,1.2086,True,False,False
2752,2004-07-03 08:00:00,2.3,1173.0,1130.0,648.0,1885.0,1401.0,23.2,43.9,1.2344,True,False,False
2753,2004-07-03 09:00:00,1.9,1125.0,1016.0,712.0,1725.0,1256.0,25.3,40.7,1.2921,True,False,False
2754,2004-07-03 10:00:00,1.7,1079.0,976.0,781.0,1669.0,999.0,29.9,31.1,1.2883,True,False,False
2755,2004-07-03 11:00:00,1.3,974.0,930.0,872.0,1536.0,712.0,33.9,21.3,1.1067,True,False,False
2756,2004-07-03 12:00:00,1.5,977.0,973.0,865.0,1550.0,712.0,36.3,16.0,0.9465,True,False,False
2757,2004-07-03 13:00:00,1.3,912.0,873.0,946.0,1436.0,614.0,36.6,15.2,0.9177,True,False,False
2758,2004-07-03 14:00:00,0.8,896.0,817.0,992.0,1426.0,554.0,37.4,15.8,0.9998,True,False,False
2759,2004-07-03 15:00:00,0.8,896.0,822.0,1002.0,1391.0,722.0,37.9,15.0,0.9721,True,False,False
2760,2004-07-03 16:00:00,1.1,956.0,862.0,930.0,1479.0,636.0,38.0,16.8,1.0933,True,False,False
2761,2004-07-03 17:00:00,1.2,970.0,900.0,909.0,1524.0,664.0,36.9,17.5,1.0789,True,False,False
2762,2004-07-03 18:00:00,1.2,929.0,869.0,942.0,1454.0,624.0,35.3,17.0,0.9561,True,False,False
2763,2004-07-03 19:00:00,1.4,947.0,926.0,905.0,1484.0,659.0,31.9,20.4,0.9462,True,False,False
2764,2004-07-03 20:00:00,1.1,1003.0,880.0,864.0,1537.0,695.0,29.1,29.6,1.1792,True,False,False
2765,2004-07-03 21:00:00,1.5,1045.0,940.0,822.0,1658.0,920.0,27.4,33.4,1.2022,True,False,False
2766,2004-07-03 22:00:00,2.0,1125.0,1035.0,728.0,1726.0,1150.0,26.7,35.8,1.2318,True,False,False
2767,2004-07-03 23:00:00,1.9,1138.0,985.0,742.0,1710.0,1141.0,25.2,42.7,1.3473,True,False,False
2768,2004-07-04 00:00:00,2.2,1217.0,1060.0,660.0,1840.0,1227.0,24.0,51.9,1.5252,True,False,False
2769,2004-07-04 01:00:00,1.1,983.0,831.0,847.0,1585.0,887.0,24.5,44.4,1.3476,True,False,False
2770,2004-07-04 02:00:00,1.1,1007.0,864.0,816.0,1639.0,987.0,22.6,51.0,1.3805,True,False,False
2771,2004-07-04 03:00:00,0.8,957.0,816.0,846.0,1613.0,903.0,22.2,52.7,1.3891,True,False,False
2772,2004-07-04 04:00:00,0.6,914.0,725.0,949.0,1550.0,780.0,21.2,56.8,1.4094,True,False,False
2773,2004-07-04 05:00:00,0.6,886.0,702.0,971.0,1528.0,767.0,20.3,59.6,1.3994,True,False,False
2774,2004-07-04 06:00:00,0.6,899.0,708.0,972.0,1559.0,780.0,21.3,56.7,1.4178,True,False,False
2775,2004-07-04 07:00:00,0.6,942.0,723.0,968.0,1573.0,698.0,23.0,54.6,1.5177,True,False,False
2776,2004-07-04 08:00:00,1.1,1022.0,817.0,835.0,1669.0,821.0,23.7,54.3,1.5731,True,False,False
2777,2004-07-04 09:00:00,1.0,1009.0,810.0,859.0,1634.0,772.0,25.4,49.3,1.5732,True,False,False
2778,2004-07-04 10:00:00,1.0,1025.0,809.0,877.0,1606.0,690.0,29.6,37.7,1.544,True,False,False
2779,2004-07-04 11:00:00,1.0,977.0,783.0,939.0,1543.0,586.0,33.9,26.2,1.3664,True,False,False
2780,2004-07-04 12:00:00,0.8,936.0,757.0,1007.0,1459.0,523.0,35.8,22.4,1.2933,True,False,False
2781,2004-07-04 13:00:00,0.7,884.0,703.0,1076.0,1394.0,488.0,37.9,18.8,1.222,True,False,False
2782,2004-07-04 14:00:00,0.4,809.0,664.0,1185.0,1270.0,427.0,38.5,14.8,0.9942,True,False,False
2783,2004-07-04 15:00:00,0.5,852.0,718.0,1109.0,1307.0,468.0,39.3,14.5,1.0149,True,False,False
2784,2004-07-04 16:00:00,0.6,872.0,708.0,1106.0,1331.0,489.0,38.9,15.6,1.0613,True,False,False
2785,2004-07-04 17:00:00,0.7,839.0,752.0,1102.0,1298.0,515.0,37.9,12.7,0.8211,True,False,False
2786,2004-07-04 18:00:00,0.9,854.0,788.0,1064.0,1310.0,562.0,35.8,13.4,0.7749,True,False,False
2787,2004-07-04 19:00:00,1.6,971.0,942.0,900.0,1541.0,776.0,32.3,19.7,0.9345,True,False,False
2788,2004-07-04 20:00:00,1.6,985.0,944.0,866.0,1541.0,833.0,30.1,23.5,0.9869,True,False,False
2789,2004-07-04 21:00:00,1.7,1027.0,981.0,817.0,1631.0,1023.0,28.2,28.7,1.0806,True,False,False
2790,2004-07-04 22:00:00,1.3,1012.0,876.0,853.0,1580.0,967.0,26.0,35.7,1.1842,True,False,False
2791,2004-07-04 23:00:00,1.9,1086.0,973.0,766.0,1656.0,1089.0,25.3,39.2,1.2452,True,False,False
2792,2004-07-05 00:00:00,1.5,1025.0,939.0,790.0,1635.0,1103.0,24.7,38.7,1.1845,True,False,False
2793,2004-07-05 01:00:00,0.6,848.0,692.0,1034.0,1412.0,734.0,25.5,35.7,1.1499,True,False,False
2794,2004-07-05 02:00:00,0.4,839.0,652.0,1075.0,1405.0,671.0,22.5,43.2,1.1589,True,False,False
2795,2004-07-05 03:00:00,0.3,814.0,618.0,1097.0,1400.0,696.0,21.6,46.1,1.1761,True,False,False
2796,2004-07-05 04:00:00,,816.0,624.0,1073.0,1422.0,729.0,19.7,51.4,1.1688,False,True,False
2797,2004-07-05 05:00:00,0.4,799.0,613.0,1120.0,1387.0,641.0,21.6,45.7,1.1665,True,False,False
2798,2004-07-05 06:00:00,0.7,879.0,792.0,906.0,1521.0,825.0,21.1,47.3,1.1654,True,False,False
2799,2004-07-05 07:00:00,2.0,1104.0,1125.0,697.0,1815.0,1179.0,21.6,44.1,1.1269,True,False,False
2800,2004-07-05 08:00:00,3.9,1344.0,1496.0,519.0,2311.0,1651.0,23.7,37.9,1.0988,True,False,False
2801,2004-07-05 09:00:00,3.6,1226.0,1272.0,632.0,1901.0,1474.0,26.0,30.1,0.9953,True,False,False
2802,2004-07-05 10:00:00,3.2,1157.0,1176.0,691.0,1779.0,1370.0,30.6,23.2,1.001,True,False,False
2803,2004-07-05 11:00:00,2.2,1059.0,1060.0,798.0,1638.0,1141.0,34.1,19.1,1.0048,True,False,False
2804,2004-07-05 12:00:00,2.2,1076.0,1057.0,778.0,1633.0,1076.0,36.2,18.0,1.0636,True,False,False
2805,2004-07-05 13:00:00,2.1,1066.0,1041.0,783.0,1641.0,1036.0,37.4,17.3,1.0914,True,False,False
2806,2004-07-05 14:00:00,1.8,1049.0,994.0,813.0,1580.0,881.0,39.5,15.6,1.102,True,False,False
2807,2004-07-05 15:00:00,2.0,1097.0,1074.0,776.0,1671.0,960.0,40.4,14.9,1.1033,True,False,False
2808,2004-07-05 16:00:00,1.8,1087.0,1018.0,791.0,1624.0,883.0,40.1,16.1,1.1699,True,False,False
2809,2004-07-05 17:00:00,3.0,1269.0,1269.0,633.0,1942.0,1221.0,39.3,18.9,1.3251,True,False,False
2810,2004-07-05 18:00:00,4.3,1328.0,1405.0,584.0,2072.0,1518.0,37.3,19.9,1.2437,True,False,False
2811,2004-07-05 19:00:00,3.5,1200.0,1270.0,654.0,1906.0,1264.0,33.6,22.9,1.1747,True,False,False
2812,2004-07-05 20:00:00,2.5,1098.0,1105.0,732.0,1768.0,1061.0,30.7,28.9,1.2501,True,False,False
2813,2004-07-05 21:00:00,1.8,1058.0,1004.0,776.0,1684.0,947.0,28.8,32.8,1.2776,True,False,False
2814,2004-07-05 22:00:00,1.9,1081.0,1025.0,738.0,1757.0,1059.0,27.3,36.8,1.3207,True,False,False
2815,2004-07-05 23:00:00,1.9,1062.0,962.0,776.0,1674.0,1030.0,26.2,39.7,1.3249,True,False,False
2816,2004-07-06 00:00:00,1.9,1078.0,971.0,752.0,1694.0,1065.0,25.4,43.0,1.37,True,False,False
2817,2004-07-06 01:00:00,0.9,917.0,761.0,931.0,1497.0,893.0,25.8,41.0,1.3461,True,False,False
2818,2004-07-06 02:00:00,0.7,881.0,718.0,965.0,1510.0,837.0,23.3,48.4,1.3677,True,False,False
2819,2004-07-06 03:00:00,0.6,865.0,671.0,1012.0,1477.0,807.0,23.5,47.8,1.3607,True,False,False
2820,2004-07-06 04:00:00,0.4,829.0,602.0,1123.0,1410.0,596.0,23.5,46.7,1.3361,True,False,False
2821,2004-07-06 05:00:00,0.7,913.0,743.0,931.0,1540.0,884.0,21.8,52.3,1.3539,True,False,False
2822,2004-07-06 06:00:00,1.6,1077.0,985.0,742.0,1780.0,1170.0,21.8,52.5,1.3529,True,False,False
2823,2004-07-06 07:00:00,3.8,1337.0,1386.0,565.0,2196.0,1596.0,22.9,49.1,1.3546,True,False,False
2824,2004-07-06 08:00:00,5.1,1467.0,1575.0,472.0,2460.0,1873.0,24.9,43.3,1.3422,True,False,False
2825,2004-07-06 09:00:00,3.4,1257.0,1227.0,611.0,1954.0,1608.0,26.7,39.4,1.3556,True,False,False
2826,2004-07-06 10:00:00,2.6,1227.0,1125.0,675.0,1835.0,1470.0,30.5,32.9,1.4135,True,False,False
2827,2004-07-06 11:00:00,2.2,1188.0,1108.0,693.0,1818.0,1275.0,34.2,27.2,1.4404,True,False,False
2828,2004-07-06 12:00:00,3.4,1301.0,1276.0,631.0,1953.0,1407.0,38.2,20.9,1.3701,True,False,False
2829,2004-07-06 13:00:00,3.4,1201.0,1278.0,657.0,1892.0,1302.0,39.6,16.9,1.2028,True,False,False
2830,2004-07-06 14:00:00,1.8,1058.0,1026.0,794.0,1622.0,931.0,39.9,15.8,1.141,True,False,False
2831,2004-07-06 15:00:00,2.0,1037.0,1075.0,789.0,1604.0,917.0,40.2,13.9,1.02,True,False,False
2832,2004-07-06 16:00:00,2.4,1055.0,1157.0,762.0,1674.0,985.0,39.6,13.2,0.9332,True,False,False
2833,2004-07-06 17:00:00,3.8,1179.0,1364.0,661.0,1845.0,1265.0,39.5,12.6,0.8894,True,False,False
2834,2004-07-06 18:00:00,4.4,1298.0,1430.0,632.0,1946.0,2475.0,37.9,13.9,0.9015,True,False,False
2835,2004-07-06 19:00:00,3.9,1213.0,1327.0,654.0,1864.0,2021.0,34.2,17.9,0.9444,True,False,False
2836,2004-07-06 20:00:00,4.0,1233.0,1398.0,613.0,1975.0,1834.0,32.6,20.6,0.9939,True,False,False
2837,2004-07-06 21:00:00,2.5,1086.0,1145.0,737.0,1717.0,1426.0,30.4,23.2,0.9889,True,False,False
2838,2004-07-06 22:00:00,2.1,1056.0,1078.0,765.0,1668.0,1272.0,28.8,25.1,0.9793,True,False,False
2839,2004-07-06 23:00:00,2.4,1138.0,1128.0,681.0,1737.0,1490.0,27.8,29.9,1.1018,True,False,False
2840,2004-07-07 00:00:00,2.1,1112.0,1128.0,675.0,1771.0,1440.0,26.9,32.6,1.1381,True,False,False
2841,2004-07-07 01:00:00,1.6,992.0,948.0,773.0,1609.0,1271.0,26.3,33.7,1.1377,True,False,False
2842,2004-07-07 02:00:00,0.8,895.0,767.0,931.0,1463.0,985.0,25.7,33.9,1.1065,True,False,False
2843,2004-07-07 03:00:00,0.5,843.0,655.0,1046.0,1377.0,826.0,24.8,36.0,1.1109,True,False,False
2844,2004-07-07 04:00:00,0.4,828.0,626.0,1073.0,1362.0,754.0,25.5,34.6,1.1096,True,False,False
2845,2004-07-07 05:00:00,0.5,894.0,709.0,997.0,1432.0,853.0,24.0,37.8,1.1077,True,False,False
2846,2004-07-07 06:00:00,1.3,1072.0,976.0,740.0,1673.0,1340.0,23.9,39.3,1.1522,True,False,False
2847,2004-07-07 07:00:00,4.1,1425.0,1486.0,512.0,2305.0,1869.0,24.8,38.4,1.1808,True,False,False
2848,2004-07-07 08:00:00,4.1,1428.0,1500.0,496.0,2275.0,2021.0,26.9,34.4,1.2036,True,False,False
2849,2004-07-07 09:00:00,4.0,1359.0,1415.0,572.0,2081.0,1902.0,29.6,28.7,1.1706,True,False,False
2850,2004-07-07 10:00:00,2.2,1182.0,1122.0,730.0,1707.0,1527.0,34.6,21.1,1.1398,True,False,False
2851,2004-07-07 11:00:00,2.0,1117.0,1045.0,761.0,1623.0,1260.0,38.3,17.0,1.1216,True,False,False
2852,2004-07-07 12:00:00,2.0,1119.0,1088.0,741.0,1640.0,1124.0,40.4,14.5,1.0736,True,False,False
2853,2004-07-07 13:00:00,2.2,1068.0,1152.0,739.0,1683.0,1309.0,42.6,9.6,0.8012,True,False,False
2854,2004-07-07 14:00:00,2.2,1090.0,1120.0,743.0,1629.0,1283.0,42.5,10.2,0.8478,True,False,False
2855,2004-07-07 15:00:00,1.8,1056.0,1024.0,792.0,1555.0,1068.0,41.0,11.6,0.8872,True,False,False
2856,2004-07-07 16:00:00,1.8,1098.0,1007.0,799.0,1546.0,937.0,41.3,13.0,1.0154,True,False,False
2857,2004-07-07 17:00:00,3.3,1318.0,1339.0,635.0,1925.0,1416.0,39.2,14.5,1.0106,True,False,False
2858,2004-07-07 18:00:00,4.3,1348.0,1347.0,599.0,1903.0,1611.0,36.9,17.9,1.096,True,False,False
2859,2004-07-07 19:00:00,5.3,1502.0,1546.0,538.0,2199.0,1919.0,35.6,20.4,1.1646,True,False,False
2860,2004-07-07 20:00:00,4.3,1373.0,1364.0,597.0,2005.0,1745.0,33.7,22.6,1.1658,True,False,False
2861,2004-07-07 21:00:00,3.6,1397.0,1346.0,580.0,2017.0,1837.0,31.5,27.8,1.2671,True,False,False
2862,2004-07-07 22:00:00,2.4,1286.0,1214.0,620.0,1880.0,1759.0,31.1,29.3,1.3055,True,False,False
2863,2004-07-07 23:00:00,2.1,1222.0,1161.0,661.0,1827.0,1593.0,30.2,30.9,1.3026,True,False,False
2864,2004-07-08 00:00:00,1.2,1069.0,983.0,749.0,1627.0,1357.0,29.8,30.2,1.2502,True,False,False
2865,2004-07-08 01:00:00,0.9,1011.0,864.0,809.0,1532.0,1231.0,28.4,32.5,1.2361,True,False,False
2866,2004-07-08 02:00:00,0.6,962.0,803.0,853.0,1507.0,1066.0,27.5,34.0,1.231,True,False,False
2867,2004-07-08 03:00:00,0.5,919.0,723.0,910.0,1443.0,992.0,26.8,35.3,1.2243,True,False,False
2868,2004-07-08 04:00:00,,969.0,769.0,866.0,1485.0,1063.0,24.5,40.4,1.2251,False,True,False
2869,2004-07-08 05:00:00,0.6,986.0,784.0,839.0,1503.0,1204.0,25.6,38.8,1.2545,True,False,False
2870,2004-07-08 06:00:00,0.6,990.0,821.0,848.0,1511.0,1079.0,27.5,34.6,1.2518,True,False,False
2871,2004-07-08 07:00:00,2.2,1296.0,1208.0,603.0,1914.0,1593.0,25.9,37.4,1.2289,True,False,False
2872,2004-07-08 08:00:00,3.2,1371.0,1384.0,545.0,2082.0,1745.0,28.5,32.5,1.2441,True,False,False
2873,2004-07-08 09:00:00,3.0,1385.0,1240.0,596.0,1919.0,1847.0,29.5,32.7,1.3229,True,False,False
2874,2004-07-08 10:00:00,2.7,1381.0,1227.0,595.0,1903.0,1845.0,29.8,33.1,1.3693,True,False,False
2875,2004-07-08 11:00:00,3.2,1396.0,1306.0,587.0,1934.0,1886.0,33.4,26.8,1.3586,True,False,False
2876,2004-07-08 12:00:00,1.4,1070.0,1000.0,801.0,1538.0,1039.0,40.3,15.8,1.1604,True,False,False
2877,2004-07-08 13:00:00,1.3,1076.0,972.0,819.0,1525.0,923.0,41.8,15.0,1.1989,True,False,False
2878,2004-07-08 14:00:00,1.4,1126.0,1004.0,788.0,1609.0,926.0,41.1,15.7,1.2071,True,False,False
2879,2004-07-08 15:00:00,2.1,1225.0,1196.0,673.0,1775.0,1277.0,41.9,14.8,1.1944,True,False,False
2880,2004-07-08 16:00:00,2.4,1202.0,1206.0,671.0,1807.0,1301.0,40.9,14.6,1.114,True,False,False
2881,2004-07-08 17:00:00,3.1,1308.0,1310.0,628.0,1891.0,1385.0,39.1,16.9,1.1705,True,False,False
2882,2004-07-08 18:00:00,3.5,1440.0,1281.0,580.0,2021.0,1474.0,36.4,27.3,1.6308,True,False,False
2883,2004-07-08 19:00:00,5.1,1611.0,1552.0,487.0,2371.0,1948.0,34.9,29.3,1.611,True,False,False
2884,2004-07-08 20:00:00,4.5,1387.0,1419.0,559.0,2113.0,1677.0,33.6,26.4,1.3515,True,False,False
2885,2004-07-08 21:00:00,2.9,1268.0,1206.0,648.0,1900.0,1434.0,32.2,27.6,1.3044,True,False,False
2886,2004-07-08 22:00:00,2.6,1237.0,1175.0,660.0,1834.0,1424.0,30.5,29.7,1.2742,True,False,False
2887,2004-07-08 23:00:00,2.7,1302.0,1198.0,628.0,1934.0,1504.0,29.4,35.6,1.4383,True,False,False
2888,2004-07-09 00:00:00,3.2,1347.0,1282.0,575.0,1996.0,1661.0,29.1,34.8,1.38,True,False,False
2889,2004-07-09 01:00:00,2.3,1355.0,1198.0,564.0,1905.0,1714.0,27.7,41.9,1.537,True,False,False
2890,2004-07-09 02:00:00,1.0,1023.0,822.0,823.0,1585.0,1050.0,27.9,41.6,1.5425,True,False,False
2891,2004-07-09 03:00:00,0.5,903.0,631.0,1070.0,1458.0,550.0,27.8,43.7,1.6039,True,False,False
2892,2004-07-09 04:00:00,0.4,876.0,605.0,1144.0,1432.0,456.0,27.4,42.2,1.5177,True,False,False
2893,2004-07-09 05:00:00,0.6,932.0,707.0,1011.0,1509.0,554.0,26.6,42.8,1.4713,True,False,False
2894,2004-07-09 06:00:00,1.0,1020.0,866.0,847.0,1636.0,744.0,26.9,40.3,1.4041,True,False,False
2895,2004-07-09 07:00:00,2.9,1264.0,1241.0,609.0,1989.0,1280.0,27.0,37.3,1.3081,True,False,False
2896,2004-07-09 08:00:00,2.7,1179.0,1153.0,654.0,1877.0,1096.0,27.0,35.3,1.2396,True,False,False
2897,2004-07-09 09:00:00,1.8,1079.0,966.0,785.0,1640.0,927.0,27.4,32.0,1.1545,True,False,False
2898,2004-07-09 10:00:00,1.8,1036.0,955.0,829.0,1527.0,840.0,30.5,24.7,1.0592,True,False,False
2899,2004-07-09 11:00:00,1.7,1002.0,964.0,828.0,1546.0,786.0,32.9,20.1,0.9902,True,False,False
2900,2004-07-09 12:00:00,1.5,995.0,959.0,856.0,1544.0,690.0,33.9,18.4,0.9587,True,False,False
2901,2004-07-09 13:00:00,1.7,1008.0,962.0,845.0,1545.0,742.0,34.4,19.3,1.0325,True,False,False
2902,2004-07-09 14:00:00,1.3,978.0,962.0,846.0,1527.0,680.0,34.2,19.6,1.0399,True,False,False
2903,2004-07-09 15:00:00,1.5,989.0,990.0,822.0,1577.0,705.0,33.2,20.4,1.0195,True,False,False
2904,2004-07-09 16:00:00,1.5,961.0,985.0,845.0,1554.0,677.0,32.4,19.1,0.915,True,False,False
2905,2004-07-09 17:00:00,2.3,1009.0,1116.0,779.0,1602.0,877.0,32.2,17.1,0.8124,True,False,False
2906,2004-07-09 18:00:00,2.2,970.0,1117.0,786.0,1579.0,844.0,31.0,17.1,0.7526,True,False,False
2907,2004-07-09 19:00:00,2.8,1097.0,1199.0,699.0,1738.0,1006.0,28.3,24.9,0.9412,True,False,False
2908,2004-07-09 20:00:00,2.7,1065.0,1105.0,723.0,1672.0,987.0,26.6,30.2,1.033,True,False,False
2909,2004-07-09 21:00:00,1.7,1036.0,986.0,776.0,1614.0,868.0,24.8,36.8,1.1357,True,False,False
2910,2004-07-09 22:00:00,1.5,1049.0,958.0,794.0,1648.0,861.0,23.7,43.4,1.2495,True,False,False
2911,2004-07-09 23:00:00,2.3,1147.0,1043.0,727.0,1719.0,1042.0,23.0,46.2,1.2815,True,False,False
2912,2004-07-10 00:00:00,2.3,1118.0,1082.0,694.0,1792.0,1080.0,22.7,47.7,1.2977,True,False,False
2913,2004-07-10 01:00:00,1.5,1016.0,963.0,776.0,1661.0,811.0,22.2,49.5,1.3081,True,False,False
2914,2004-07-10 02:00:00,1.0,940.0,845.0,845.0,1539.0,704.0,21.6,51.9,1.3254,True,False,False
2915,2004-07-10 03:00:00,0.5,836.0,643.0,1114.0,1405.0,522.0,22.3,50.4,1.3379,True,False,False
2916,2004-07-10 04:00:00,0.3,831.0,626.0,1126.0,1406.0,484.0,22.4,49.7,1.3333,True,False,False
2917,2004-07-10 05:00:00,0.4,877.0,711.0,1018.0,1475.0,580.0,21.7,52.0,1.3313,True,False,False
2918,2004-07-10 06:00:00,0.5,872.0,725.0,976.0,1471.0,668.0,21.1,53.2,1.3181,True,False,False
2919,2004-07-10 07:00:00,0.9,958.0,805.0,886.0,1551.0,835.0,22.0,51.0,1.3296,True,False,False
2920,2004-07-10 08:00:00,1.1,959.0,848.0,859.0,1572.0,739.0,25.0,41.6,1.301,True,False,False
2921,2004-07-10 09:00:00,1.4,997.0,933.0,799.0,1612.0,763.0,26.7,36.4,1.2596,True,False,False
2922,2004-07-10 10:00:00,1.1,916.0,843.0,891.0,1511.0,614.0,29.1,29.7,1.1751,True,False,False
2923,2004-07-10 11:00:00,0.9,895.0,831.0,946.0,1473.0,566.0,31.2,23.4,1.0487,True,False,False
2924,2004-07-10 12:00:00,0.8,855.0,812.0,982.0,1416.0,508.0,32.4,20.5,0.9806,True,False,False
2925,2004-07-10 13:00:00,0.8,861.0,811.0,997.0,1409.0,509.0,33.3,19.2,0.9634,True,False,False
2926,2004-07-10 14:00:00,0.6,821.0,766.0,1071.0,1323.0,457.0,33.1,16.8,0.8391,True,False,False
2927,2004-07-10 15:00:00,0.6,835.0,731.0,1108.0,1323.0,438.0,33.1,18.3,0.9081,True,False,False
2928,2004-07-10 16:00:00,0.5,813.0,732.0,1118.0,1303.0,427.0,32.4,18.0,0.8599,True,False,False
2929,2004-07-10 17:00:00,0.7,833.0,786.0,1064.0,1328.0,453.0,31.8,18.7,0.8624,True,False,False
2930,2004-07-10 18:00:00,0.8,859.0,803.0,1032.0,1363.0,479.0,30.3,21.4,0.9064,True,False,False
2931,2004-07-10 19:00:00,0.9,887.0,778.0,978.0,1387.0,500.0,27.2,28.2,1.0013,True,False,False
2932,2004-07-10 20:00:00,1.3,970.0,900.0,856.0,1559.0,647.0,26.1,33.7,1.1228,True,False,False
2933,2004-07-10 21:00:00,1.3,990.0,866.0,866.0,1551.0,728.0,24.7,38.8,1.1929,True,False,False
2934,2004-07-10 22:00:00,1.4,1022.0,899.0,846.0,1588.0,820.0,23.4,43.2,1.229,True,False,False
2935,2004-07-10 23:00:00,1.9,1075.0,993.0,781.0,1682.0,946.0,23.1,44.2,1.2317,True,False,False
2936,2004-07-11 00:00:00,2.3,1088.0,1035.0,751.0,1713.0,1018.0,22.7,45.3,1.2299,True,False,False
2937,2004-07-11 01:00:00,1.0,925.0,831.0,880.0,1513.0,789.0,21.6,47.5,1.2118,True,False,False
2938,2004-07-11 02:00:00,0.5,853.0,716.0,994.0,1423.0,647.0,22.0,45.8,1.1965,True,False,False
2939,2004-07-11 03:00:00,1.0,918.0,830.0,875.0,1548.0,785.0,20.4,51.3,1.2131,True,False,False
2940,2004-07-11 04:00:00,0.4,796.0,636.0,1092.0,1387.0,576.0,20.6,50.3,1.2041,True,False,False
2941,2004-07-11 05:00:00,0.3,796.0,628.0,1136.0,1385.0,555.0,20.6,50.6,1.2119,True,False,False
2942,2004-07-11 06:00:00,0.2,795.0,606.0,1152.0,1369.0,552.0,21.3,48.8,1.2189,True,False,False
2943,2004-07-11 07:00:00,0.4,842.0,656.0,1080.0,1427.0,620.0,20.4,52.6,1.247,True,False,False
2944,2004-07-11 08:00:00,0.3,850.0,659.0,1077.0,1402.0,557.0,23.5,44.0,1.2596,True,False,False
2945,2004-07-11 09:00:00,0.6,884.0,709.0,1027.0,1442.0,556.0,25.7,37.9,1.2334,True,False,False
2946,2004-07-11 10:00:00,0.6,907.0,741.0,983.0,1486.0,573.0,27.9,33.6,1.2433,True,False,False
2947,2004-07-11 11:00:00,0.6,846.0,703.0,1034.0,1380.0,514.0,29.0,28.3,1.1116,True,False,False
2948,2004-07-11 12:00:00,0.5,827.0,697.0,1070.0,1371.0,478.0,29.5,25.9,1.0489,True,False,False
2949,2004-07-11 13:00:00,0.4,804.0,636.0,1185.0,1321.0,424.0,31.8,22.3,1.0366,True,False,False
2950,2004-07-11 14:00:00,0.2,775.0,619.0,1254.0,1272.0,386.0,32.2,20.0,0.9488,True,False,False
2951,2004-07-11 15:00:00,0.4,802.0,651.0,1206.0,1282.0,403.0,32.4,19.3,0.922,True,False,False
2952,2004-07-11 16:00:00,0.6,844.0,751.0,1064.0,1327.0,462.0,33.0,17.7,0.8758,True,False,False
2953,2004-07-11 17:00:00,0.9,881.0,765.0,1029.0,1359.0,489.0,32.0,19.8,0.9273,True,False,False
2954,2004-07-11 18:00:00,0.7,877.0,736.0,1077.0,1347.0,463.0,29.6,24.1,0.9831,True,False,False
2955,2004-07-11 19:00:00,1.2,931.0,885.0,892.0,1467.0,585.0,26.9,27.1,0.948,True,False,False
2956,2004-07-11 20:00:00,1.6,1011.0,967.0,818.0,1565.0,748.0,25.3,30.9,0.9815,True,False,False
2957,2004-07-11 21:00:00,1.8,1035.0,1015.0,757.0,1651.0,940.0,24.2,35.9,1.0684,True,False,False
2958,2004-07-11 22:00:00,2.4,1153.0,1042.0,733.0,1700.0,1022.0,23.2,43.2,1.2104,True,False,False
2959,2004-07-11 23:00:00,1.5,1020.0,929.0,805.0,1615.0,929.0,22.7,43.9,1.1962,True,False,False
2960,2004-07-12 00:00:00,0.9,954.0,879.0,837.0,1550.0,834.0,21.6,44.0,1.1244,True,False,False
2961,2004-07-12 01:00:00,0.8,903.0,800.0,911.0,1478.0,751.0,20.7,46.4,1.1198,True,False,False
2962,2004-07-12 02:00:00,0.2,779.0,581.0,1204.0,1323.0,505.0,21.2,46.2,1.1482,True,False,False
2963,2004-07-12 03:00:00,0.1,761.0,540.0,1269.0,1303.0,486.0,22.7,42.3,1.1491,True,False,False
2964,2004-07-12 04:00:00,,780.0,568.0,1200.0,1331.0,501.0,19.9,51.3,1.1803,False,True,False
2965,2004-07-12 05:00:00,0.5,835.0,672.0,1053.0,1423.0,628.0,20.0,51.8,1.1967,True,False,False
2966,2004-07-12 06:00:00,1.4,1004.0,955.0,758.0,1671.0,1043.0,18.5,57.4,1.2076,True,False,False
2967,2004-07-12 07:00:00,3.3,1272.0,1328.0,567.0,2085.0,1463.0,19.6,54.3,1.2278,True,False,False
2968,2004-07-12 08:00:00,3.6,1173.0,1217.0,625.0,1945.0,1358.0,21.3,49.7,1.2452,True,False,False
2969,2004-07-12 09:00:00,1.7,986.0,922.0,820.0,1586.0,971.0,21.7,46.3,1.1867,True,False,False
2970,2004-07-12 10:00:00,1.5,942.0,849.0,907.0,1496.0,894.0,23.4,39.4,1.1172,True,False,False
2971,2004-07-12 11:00:00,1.6,957.0,875.0,891.0,1525.0,871.0,25.7,33.0,1.0763,True,False,False
2972,2004-07-12 12:00:00,2.1,1024.0,1052.0,779.0,1690.0,952.0,28.5,27.3,1.0479,True,False,False
2973,2004-07-12 13:00:00,2.1,962.0,963.0,835.0,1592.0,843.0,27.0,27.9,0.9812,True,False,False
2974,2004-07-12 14:00:00,1.6,958.0,873.0,868.0,1550.0,750.0,24.2,36.9,1.0966,True,False,False
2975,2004-07-12 15:00:00,1.3,933.0,831.0,888.0,1514.0,710.0,26.0,34.9,1.1509,True,False,False
2976,2004-07-12 16:00:00,1.6,942.0,912.0,842.0,1551.0,814.0,24.8,33.1,1.0222,True,False,False
2977,2004-07-12 17:00:00,3.1,1073.0,1117.0,693.0,1762.0,1052.0,24.0,36.3,1.0708,True,False,False
2978,2004-07-12 18:00:00,3.3,1086.0,1159.0,686.0,1782.0,1060.0,23.6,35.5,1.0187,True,False,False
2979,2004-07-12 19:00:00,3.4,1091.0,1161.0,682.0,1797.0,1153.0,23.6,35.7,1.0282,True,False,False
2980,2004-07-12 20:00:00,2.8,980.0,1009.0,786.0,1625.0,986.0,23.3,34.5,0.9768,True,False,False
2981,2004-07-12 21:00:00,1.5,904.0,877.0,890.0,1488.0,781.0,22.5,36.8,0.988,True,False,False
2982,2004-07-12 22:00:00,1.3,865.0,773.0,991.0,1414.0,653.0,21.3,38.7,0.9686,True,False,False
2983,2004-07-12 23:00:00,1.6,898.0,863.0,911.0,1493.0,777.0,20.9,39.4,0.9596,True,False,False
2984,2004-07-13 00:00:00,1.5,945.0,883.0,837.0,1563.0,1015.0,19.8,47.7,1.093,True,False,False
2985,2004-07-13 01:00:00,1.0,854.0,764.0,932.0,1476.0,922.0,19.3,51.4,1.1387,True,False,False
2986,2004-07-13 02:00:00,0.5,751.0,587.0,1165.0,1353.0,678.0,18.4,53.4,1.117,True,False,False
2987,2004-07-13 03:00:00,0.4,723.0,544.0,1274.0,1315.0,584.0,18.8,51.1,1.1,True,False,False
2988,2004-07-13 04:00:00,0.6,754.0,620.0,1102.0,1372.0,725.0,16.3,59.8,1.1042,True,False,False
2989,2004-07-13 05:00:00,0.7,758.0,670.0,1070.0,1365.0,688.0,16.6,56.8,1.0629,True,False,False
2990,2004-07-13 06:00:00,1.3,873.0,871.0,871.0,1528.0,887.0,16.2,57.4,1.0515,True,False,False
2991,2004-07-13 07:00:00,4.0,1176.0,1398.0,567.0,2120.0,1494.0,17.3,54.3,1.0631,True,False,False
2992,2004-07-13 08:00:00,5.0,1257.0,1495.0,524.0,2245.0,1647.0,19.2,48.8,1.0751,True,False,False
2993,2004-07-13 09:00:00,3.6,1137.0,1200.0,648.0,1821.0,1489.0,21.7,42.4,1.0859,True,False,False
2994,2004-07-13 10:00:00,2.8,1064.0,1126.0,711.0,1656.0,1361.0,26.4,29.9,1.0138,True,False,False
2995,2004-07-13 11:00:00,2.6,1026.0,1094.0,769.0,1629.0,1224.0,31.3,19.1,0.8634,True,False,False
2996,2004-07-13 12:00:00,2.7,986.0,1133.0,773.0,1619.0,1174.0,33.7,15.4,0.7913,True,False,False
2997,2004-07-13 13:00:00,2.3,908.0,1031.0,857.0,1469.0,901.0,34.5,13.3,0.7158,True,False,False
2998,2004-07-13 14:00:00,2.0,888.0,1007.0,870.0,1448.0,794.0,33.8,13.9,0.7172,True,False,False
2999,2004-07-13 15:00:00,1.3,843.0,830.0,995.0,1339.0,577.0,30.1,19.4,0.8157,True,False,False
3000,2004-07-13 16:00:00,1.7,905.0,931.0,876.0,1460.0,776.0,28.3,21.3,0.8054,True,False,False
3001,2004-07-13 17:00:00,2.8,1023.0,1127.0,760.0,1635.0,982.0,31.9,18.3,0.8523,True,False,False
3002,2004-07-13 18:00:00,3.8,1125.0,1279.0,662.0,1840.0,1256.0,32.0,20.1,0.9364,True,False,False
3003,2004-07-13 19:00:00,4.9,1211.0,1483.0,586.0,2092.0,1483.0,28.9,24.1,0.9495,True,False,False
3004,2004-07-13 20:00:00,4.3,1140.0,1289.0,634.0,1884.0,1390.0,27.3,27.1,0.967,True,False,False
3005,2004-07-13 21:00:00,2.6,1029.0,1105.0,737.0,1666.0,1195.0,26.0,28.5,0.9484,True,False,False
3006,2004-07-13 22:00:00,2.4,981.0,1054.0,768.0,1592.0,1135.0,25.2,28.6,0.9008,True,False,False
3007,2004-07-13 23:00:00,1.9,971.0,1014.0,788.0,1585.0,1115.0,24.3,31.1,0.9316,True,False,False
3008,2004-07-14 00:00:00,1.4,927.0,930.0,840.0,1522.0,1026.0,23.6,33.8,0.9685,True,False,False
3009,2004-07-14 01:00:00,1.1,868.0,846.0,925.0,1448.0,836.0,23.0,33.8,0.9406,True,False,False
3010,2004-07-14 02:00:00,0.9,863.0,824.0,905.0,1469.0,925.0,22.2,38.4,1.0126,True,False,False
3011,2004-07-14 03:00:00,0.7,820.0,716.0,994.0,1380.0,933.0,20.4,42.6,1.0083,True,False,False
3012,2004-07-14 04:00:00,0.5,777.0,645.0,1076.0,1334.0,781.0,20.5,42.3,1.0091,True,False,False
3013,2004-07-14 05:00:00,0.8,855.0,762.0,942.0,1444.0,959.0,18.8,49.0,1.0505,True,False,False
3014,2004-07-14 06:00:00,1.3,960.0,973.0,769.0,1616.0,1155.0,18.8,49.4,1.0624,True,False,False
3015,2004-07-14 07:00:00,4.7,1310.0,1492.0,527.0,2194.0,1686.0,19.9,46.5,1.071,True,False,False
3016,2004-07-14 08:00:00,4.6,1339.0,1561.0,498.0,2357.0,1791.0,22.1,41.7,1.098,True,False,False
3017,2004-07-14 09:00:00,3.7,1211.0,1290.0,606.0,1913.0,1643.0,24.0,36.4,1.0706,True,False,False
3018,2004-07-14 10:00:00,2.8,1068.0,1171.0,711.0,1717.0,1360.0,30.2,22.8,0.9616,True,False,False
3019,2004-07-14 11:00:00,1.8,932.0,1026.0,851.0,1523.0,944.0,33.4,17.1,0.8627,True,False,False
3020,2004-07-14 12:00:00,1.9,949.0,1069.0,819.0,1547.0,905.0,35.1,15.0,0.8381,True,False,False
3021,2004-07-14 13:00:00,2.0,944.0,1045.0,829.0,1525.0,884.0,34.1,16.0,0.8408,True,False,False
3022,2004-07-14 14:00:00,2.0,966.0,1131.0,800.0,1612.0,968.0,35.7,13.6,0.7836,True,False,False
3023,2004-07-14 15:00:00,2.1,940.0,1063.0,848.0,1539.0,929.0,35.3,13.8,0.7767,True,False,False
3024,2004-07-14 16:00:00,2.1,934.0,1041.0,865.0,1496.0,936.0,32.3,16.7,0.7946,True,False,False
3025,2004-07-14 17:00:00,3.2,1052.0,1252.0,739.0,1729.0,1107.0,36.0,13.3,0.7773,True,False,False
3026,2004-07-14 18:00:00,4.0,1109.0,1374.0,676.0,1795.0,1225.0,35.8,13.7,0.7868,True,False,False
3027,2004-07-14 19:00:00,4.6,1169.0,1430.0,636.0,1901.0,1372.0,32.3,18.4,0.8753,True,False,False
3028,2004-07-14 20:00:00,3.0,1093.0,1163.0,717.0,1705.0,1139.0,29.7,25.0,1.0246,True,False,False
3029,2004-07-14 21:00:00,2.9,1084.0,1200.0,686.0,1753.0,1505.0,27.8,26.6,0.9748,True,False,False
3030,2004-07-14 22:00:00,1.9,970.0,1023.0,787.0,1552.0,1074.0,26.3,27.3,0.9238,True,False,False
3031,2004-07-14 23:00:00,1.4,951.0,939.0,849.0,1488.0,868.0,25.3,30.0,0.9508,True,False,False
3032,2004-07-15 00:00:00,2.1,1038.0,1053.0,744.0,1631.0,1095.0,24.0,34.9,1.0271,True,False,False
3033,2004-07-15 01:00:00,1.2,950.0,937.0,802.0,1566.0,989.0,23.4,38.6,1.0968,True,False,False
3034,2004-07-15 02:00:00,0.6,831.0,695.0,1033.0,1355.0,658.0,23.5,38.3,1.0972,True,False,False
3035,2004-07-15 03:00:00,0.4,813.0,656.0,1070.0,1332.0,603.0,22.0,42.6,1.1146,True,False,False
3036,2004-07-15 04:00:00,,797.0,621.0,1105.0,1303.0,562.0,21.6,44.0,1.1225,False,True,False
3037,2004-07-15 05:00:00,0.4,824.0,660.0,1033.0,1342.0,618.0,21.4,45.6,1.1493,True,False,False
3038,2004-07-15 06:00:00,0.7,879.0,796.0,912.0,1454.0,747.0,21.1,47.1,1.1641,True,False,False
3039,2004-07-15 07:00:00,2.3,1132.0,1166.0,652.0,1827.0,1229.0,21.3,48.4,1.2119,True,False,False
3040,2004-07-15 08:00:00,4.0,1291.0,1434.0,526.0,2239.0,1494.0,22.9,47.9,1.3208,True,False,False
3041,2004-07-15 09:00:00,2.8,1193.0,1160.0,630.0,1927.0,1281.0,24.4,45.5,1.3721,True,False,False
3042,2004-07-15 10:00:00,1.6,1057.0,914.0,796.0,1665.0,954.0,27.6,38.0,1.3818,True,False,False
3043,2004-07-15 11:00:00,1.6,1027.0,899.0,822.0,1563.0,810.0,31.1,29.6,1.318,True,False,False
3044,2004-07-15 12:00:00,2.0,1084.0,1052.0,736.0,1677.0,882.0,33.4,24.7,1.2516,True,False,False
3045,2004-07-15 13:00:00,2.0,1032.0,1071.0,742.0,1619.0,840.0,35.7,18.9,1.0865,True,False,False
3046,2004-07-15 14:00:00,1.7,977.0,998.0,810.0,1554.0,743.0,36.2,18.1,1.0724,True,False,False
3047,2004-07-15 15:00:00,2.0,1039.0,1069.0,773.0,1646.0,880.0,37.1,17.7,1.094,True,False,False
3048,2004-07-15 16:00:00,2.2,1056.0,1127.0,734.0,1694.0,928.0,36.5,18.1,1.0887,True,False,False
3049,2004-07-15 17:00:00,3.2,1164.0,1306.0,648.0,1886.0,1218.0,35.5,19.1,1.0888,True,False,False
3050,2004-07-15 18:00:00,3.6,1124.0,1309.0,655.0,1845.0,1170.0,33.7,20.0,1.0275,True,False,False
3051,2004-07-15 19:00:00,3.8,1152.0,1355.0,628.0,1879.0,1620.0,30.5,22.7,0.9763,True,False,False
3052,2004-07-15 20:00:00,4.8,1223.0,1399.0,592.0,1940.0,1508.0,28.7,26.2,1.0144,True,False,False
3053,2004-07-15 21:00:00,2.8,1058.0,1139.0,696.0,1699.0,1318.0,26.7,28.9,0.9981,True,False,False
3054,2004-07-15 22:00:00,2.6,1049.0,1152.0,693.0,1730.0,1189.0,25.7,31.6,1.0285,True,False,False
3055,2004-07-15 23:00:00,1.9,1010.0,1006.0,779.0,1589.0,1000.0,24.5,35.7,1.0807,True,False,False
3056,2004-07-16 00:00:00,1.7,981.0,985.0,779.0,1572.0,1020.0,24.3,36.3,1.0852,True,False,False
3057,2004-07-16 01:00:00,1.0,886.0,834.0,904.0,1440.0,767.0,23.8,36.9,1.0748,True,False,False
3058,2004-07-16 02:00:00,0.7,821.0,706.0,1021.0,1360.0,674.0,23.7,37.3,1.076,True,False,False
3059,2004-07-16 03:00:00,0.5,784.0,641.0,1114.0,1319.0,588.0,22.2,40.6,1.0729,True,False,False
3060,2004-07-16 04:00:00,0.4,771.0,593.0,1155.0,1291.0,545.0,21.6,42.2,1.0762,True,False,False
3061,2004-07-16 05:00:00,0.6,819.0,677.0,1048.0,1379.0,685.0,20.3,46.8,1.1,True,False,False
3062,2004-07-16 06:00:00,0.7,836.0,747.0,961.0,1384.0,702.0,20.7,45.9,1.1088,True,False,False
3063,2004-07-16 07:00:00,2.4,1114.0,1174.0,667.0,1819.0,1188.0,20.5,47.7,1.1419,True,False,False
3064,2004-07-16 08:00:00,4.4,1319.0,1470.0,520.0,2276.0,1589.0,22.4,46.6,1.247,True,False,False
3065,2004-07-16 09:00:00,3.1,1211.0,1143.0,632.0,1860.0,1331.0,24.2,48.5,1.4452,True,False,False
3066,2004-07-16 10:00:00,2.0,1051.0,950.0,802.0,1593.0,1040.0,28.8,33.0,1.2825,True,False,False
3067,2004-07-16 11:00:00,2.1,1108.0,1049.0,749.0,1701.0,1137.0,32.8,25.2,1.2325,True,False,False
3068,2004-07-16 12:00:00,2.1,1014.0,1012.0,795.0,1548.0,851.0,34.4,19.9,1.0647,True,False,False
3069,2004-07-16 13:00:00,2.1,1003.0,1047.0,769.0,1578.0,782.0,36.5,16.7,1.0045,True,False,False
3070,2004-07-16 14:00:00,2.2,1021.0,1092.0,764.0,1606.0,908.0,37.5,14.3,0.9099,True,False,False
3071,2004-07-16 15:00:00,1.6,986.0,937.0,833.0,1473.0,806.0,38.0,15.5,1.0119,True,False,False
3072,2004-07-16 16:00:00,2.4,1098.0,1084.0,754.0,1648.0,985.0,38.1,16.5,1.0828,True,False,False
3073,2004-07-16 17:00:00,3.3,1157.0,1245.0,665.0,1782.0,1211.0,37.3,17.3,1.084,True,False,False
3074,2004-07-16 18:00:00,4.0,1190.0,1395.0,606.0,1914.0,1411.0,35.9,17.7,1.0316,True,False,False
3075,2004-07-16 19:00:00,4.1,1183.0,1341.0,628.0,1881.0,1395.0,32.4,21.5,1.0303,True,False,False
3076,2004-07-16 20:00:00,4.2,1231.0,1341.0,626.0,1937.0,1578.0,30.3,25.6,1.0879,True,False,False
3077,2004-07-16 21:00:00,2.9,1102.0,1195.0,690.0,1762.0,1325.0,28.5,27.8,1.0665,True,False,False
3078,2004-07-16 22:00:00,2.3,1041.0,1060.0,748.0,1629.0,1185.0,26.9,30.5,1.0671,True,False,False
3079,2004-07-16 23:00:00,2.2,1090.0,1103.0,695.0,1686.0,1235.0,25.7,33.5,1.0918,True,False,False
3080,2004-07-17 00:00:00,2.1,1074.0,1078.0,685.0,1673.0,1317.0,24.7,36.9,1.1302,True,False,False
3081,2004-07-17 01:00:00,1.6,977.0,956.0,765.0,1581.0,1114.0,23.6,39.2,1.1306,True,False,False
3082,2004-07-17 02:00:00,1.2,949.0,910.0,816.0,1552.0,1015.0,22.2,43.0,1.1363,True,False,False
3083,2004-07-17 03:00:00,1.2,912.0,842.0,863.0,1489.0,1015.0,21.2,45.8,1.1353,True,False,False
3084,2004-07-17 04:00:00,0.9,863.0,746.0,919.0,1415.0,961.0,21.3,45.9,1.1471,True,False,False
3085,2004-07-17 05:00:00,0.6,834.0,689.0,988.0,1367.0,796.0,21.6,45.0,1.151,True,False,False
3086,2004-07-17 06:00:00,0.7,865.0,764.0,917.0,1430.0,826.0,21.3,46.5,1.1608,True,False,False
3087,2004-07-17 07:00:00,1.3,974.0,908.0,793.0,1546.0,1057.0,21.1,46.9,1.1585,True,False,False
3088,2004-07-17 08:00:00,2.0,1079.0,1004.0,713.0,1628.0,1302.0,22.8,43.0,1.1731,True,False,False
3089,2004-07-17 09:00:00,1.9,1084.0,990.0,734.0,1633.0,1284.0,25.0,38.3,1.198,True,False,False
3090,2004-07-17 10:00:00,2.2,1107.0,1080.0,714.0,1675.0,1348.0,30.9,26.9,1.1835,True,False,False
3091,2004-07-17 11:00:00,1.9,1040.0,1015.0,775.0,1543.0,1025.0,35.1,19.2,1.0664,True,False,False
3092,2004-07-17 12:00:00,1.5,1019.0,913.0,840.0,1428.0,759.0,36.9,17.2,1.0576,True,False,False
3093,2004-07-17 13:00:00,1.4,1003.0,907.0,862.0,1427.0,680.0,39.3,13.9,0.9715,True,False,False
3094,2004-07-17 14:00:00,1.0,925.0,772.0,1001.0,1308.0,516.0,40.3,12.6,0.9302,True,False,False
3095,2004-07-17 15:00:00,1.0,910.0,743.0,1039.0,1282.0,500.0,39.7,13.5,0.965,True,False,False
3096,2004-07-17 16:00:00,1.4,1012.0,868.0,884.0,1435.0,700.0,41.1,13.1,1.0124,True,False,False
3097,2004-07-17 17:00:00,1.6,1100.0,954.0,809.0,1512.0,1360.0,40.1,14.9,1.0828,True,False,False
3098,2004-07-17 18:00:00,1.6,1046.0,901.0,849.0,1464.0,722.0,37.4,17.0,1.0757,True,False,False
3099,2004-07-17 19:00:00,2.1,1083.0,1003.0,787.0,1524.0,842.0,34.0,19.2,1.0073,True,False,False
3100,2004-07-17 20:00:00,2.0,1050.0,962.0,810.0,1496.0,879.0,31.7,21.6,0.9959,True,False,False
3101,2004-07-17 21:00:00,1.9,1050.0,927.0,830.0,1475.0,836.0,29.7,24.2,0.9926,True,False,False
3102,2004-07-17 22:00:00,2.3,1142.0,1035.0,746.0,1611.0,1062.0,27.9,27.6,1.0252,True,False,False
3103,2004-07-17 23:00:00,2.4,1165.0,1043.0,717.0,1644.0,1188.0,26.8,29.9,1.0402,True,False,False
3104,2004-07-18 00:00:00,2.2,1136.0,995.0,727.0,1591.0,1236.0,25.8,33.0,1.0826,True,False,False
3105,2004-07-18 01:00:00,1.2,986.0,790.0,869.0,1422.0,853.0,26.3,33.1,1.1199,True,False,False
3106,2004-07-18 02:00:00,1.1,971.0,790.0,871.0,1447.0,875.0,24.3,38.1,1.1398,True,False,False
3107,2004-07-18 03:00:00,0.8,908.0,701.0,971.0,1381.0,704.0,24.7,36.4,1.1158,True,False,False
3108,2004-07-18 04:00:00,,882.0,648.0,1023.0,1338.0,666.0,23.3,39.5,1.1176,False,True,False
3109,2004-07-18 05:00:00,0.6,900.0,674.0,974.0,1355.0,679.0,21.1,45.6,1.1246,True,False,False
3110,2004-07-18 06:00:00,0.7,935.0,716.0,915.0,1415.0,877.0,20.2,48.5,1.1319,True,False,False
3111,2004-07-18 07:00:00,0.4,939.0,718.0,927.0,1395.0,826.0,21.3,45.5,1.1405,True,False,False
3112,2004-07-18 08:00:00,0.6,982.0,750.0,893.0,1417.0,881.0,22.6,31.0,0.8372,True,False,False
3113,2004-07-18 09:00:00,0.9,1088.0,862.0,786.0,1519.0,1110.0,25.7,34.8,1.1292,True,False,False
3114,2004-07-18 10:00:00,0.9,1065.0,872.0,831.0,1481.0,927.0,31.6,23.8,1.0842,True,False,False
3115,2004-07-18 11:00:00,0.8,1016.0,868.0,889.0,1407.0,665.0,36.3,16.3,0.9727,True,False,False
3116,2004-07-18 12:00:00,0.4,930.0,723.0,1035.0,1263.0,474.0,37.9,15.0,0.9728,True,False,False
3117,2004-07-18 13:00:00,0.3,928.0,716.0,1060.0,1252.0,459.0,39.4,13.7,0.9639,True,False,False
3118,2004-07-18 14:00:00,0.1,889.0,698.0,1132.0,1234.0,437.0,40.2,12.3,0.8983,True,False,False
3119,2004-07-18 15:00:00,0.5,966.0,802.0,968.0,1383.0,607.0,41.3,11.9,0.9252,True,False,False
3120,2004-07-18 16:00:00,0.4,973.0,792.0,977.0,1356.0,620.0,41.4,11.8,0.9282,True,False,False
3121,2004-07-18 17:00:00,0.3,950.0,754.0,1003.0,1325.0,551.0,40.1,13.6,0.9953,True,False,False
3122,2004-07-18 18:00:00,0.4,982.0,780.0,974.0,1374.0,532.0,37.6,16.4,1.0458,True,False,False
3123,2004-07-18 19:00:00,0.6,990.0,814.0,929.0,1399.0,578.0,33.9,20.3,1.0522,True,False,False
3124,2004-07-18 20:00:00,0.8,1017.0,873.0,874.0,1464.0,721.0,31.6,22.9,1.0469,True,False,False
3125,2004-07-18 21:00:00,1.2,1067.0,938.0,825.0,1520.0,912.0,29.7,24.8,1.016,True,False,False
3126,2004-07-18 22:00:00,1.6,1147.0,1040.0,745.0,1635.0,1155.0,29.0,27.0,1.063,True,False,False
3127,2004-07-18 23:00:00,1.2,1132.0,1014.0,728.0,1628.0,1279.0,27.9,30.4,1.1249,True,False,False
3128,2004-07-19 00:00:00,0.5,976.0,814.0,855.0,1448.0,1018.0,28.0,30.6,1.1396,True,False,False
3129,2004-07-19 01:00:00,0.3,920.0,730.0,944.0,1393.0,842.0,26.8,32.3,1.1235,True,False,False
3130,2004-07-19 02:00:00,0.1,879.0,642.0,1031.0,1343.0,740.0,26.6,33.0,1.1338,True,False,False
3131,2004-07-19 03:00:00,,854.0,604.0,1090.0,1317.0,625.0,23.7,38.6,1.1159,False,True,False
3132,2004-07-19 04:00:00,0.1,880.0,649.0,1022.0,1374.0,739.0,22.2,42.8,1.1317,True,False,False
3133,2004-07-19 05:00:00,0.3,925.0,717.0,936.0,1455.0,970.0,21.2,46.3,1.1501,True,False,False
3134,2004-07-19 06:00:00,0.8,1044.0,912.0,758.0,1604.0,1177.0,21.4,46.5,1.172,True,False,False
3135,2004-07-19 07:00:00,2.3,1279.0,1197.0,599.0,1906.0,1518.0,22.9,43.0,1.1826,True,False,False
3136,2004-07-19 08:00:00,3.4,1403.0,1443.0,508.0,2234.0,1811.0,25.2,38.6,1.2215,True,False,False
3137,2004-07-19 09:00:00,2.5,1282.0,1230.0,594.0,1924.0,1696.0,27.1,34.9,1.231,True,False,False
3138,2004-07-19 10:00:00,2.4,1262.0,1187.0,633.0,1842.0,1603.0,32.4,24.8,1.1886,True,False,False
3139,2004-07-19 11:00:00,2.1,1195.0,1153.0,678.0,1732.0,1370.0,36.8,18.0,1.0945,True,False,False
3140,2004-07-19 12:00:00,,1173.0,1127.0,709.0,1678.0,1194.0,39.1,16.0,1.11,False,True,False
3141,2004-07-19 13:00:00,,1102.0,1007.0,777.0,1534.0,880.0,39.2,16.4,1.1439,False,True,False
3142,2004-07-19 14:00:00,,1076.0,982.0,799.0,1523.0,748.0,40.5,14.9,1.111,False,True,False
3143,2004-07-19 15:00:00,,1078.0,1012.0,777.0,1523.0,868.0,41.4,13.8,1.0786,False,True,False
3144,2004-07-19 16:00:00,,1100.0,1014.0,761.0,1533.0,959.0,40.5,14.9,1.114,False,True,False
3145,2004-07-19 17:00:00,,1234.0,1205.0,658.0,1781.0,1160.0,39.6,17.0,1.2064,False,True,False
3146,2004-07-19 18:00:00,,1323.0,1316.0,586.0,1911.0,1453.0,37.7,19.8,1.2715,False,True,False
3147,2004-07-19 19:00:00,,1263.0,1283.0,610.0,1863.0,1400.0,34.3,24.2,1.2857,False,True,False
3148,2004-07-19 20:00:00,,1216.0,1136.0,658.0,1737.0,1265.0,31.7,28.1,1.2912,False,True,False
3149,2004-07-19 21:00:00,,1247.0,1127.0,664.0,1761.0,1366.0,30.2,30.8,1.3008,False,True,False
3150,2004-07-19 22:00:00,,1264.0,1177.0,628.0,1820.0,1593.0,29.4,33.0,1.3343,False,True,False
3151,2004-07-19 23:00:00,,1111.0,988.0,728.0,1619.0,1336.0,29.2,33.1,1.3202,False,True,False
3152,2004-07-20 00:00:00,,1068.0,931.0,762.0,1576.0,1317.0,27.6,36.6,1.332,False,True,False
3153,2004-07-20 01:00:00,,1015.0,850.0,802.0,1531.0,1173.0,27.2,36.9,1.3147,False,True,False
3154,2004-07-20 02:00:00,,989.0,827.0,827.0,1513.0,1163.0,25.4,41.0,1.3079,False,True,False
3155,2004-07-20 03:00:00,,930.0,708.0,924.0,1440.0,1012.0,25.2,41.5,1.3106,False,True,False
3156,2004-07-20 04:00:00,,952.0,717.0,879.0,1481.0,1164.0,23.4,47.4,1.3475,False,True,False
3157,2004-07-20 05:00:00,,981.0,747.0,856.0,1493.0,1090.0,25.1,44.0,1.3794,False,True,False
3158,2004-07-20 06:00:00,,1138.0,974.0,683.0,1716.0,1338.0,23.9,46.5,1.3637,False,True,False
3159,2004-07-20 07:00:00,,1472.0,1424.0,499.0,2257.0,1808.0,24.8,43.2,1.3387,False,True,False
3160,2004-07-20 08:00:00,,1626.0,1713.0,412.0,2643.0,2176.0,27.0,38.7,1.361,False,True,False
3161,2004-07-20 09:00:00,,1480.0,1460.0,494.0,2238.0,2028.0,29.4,33.6,1.3526,False,True,False
3162,2004-07-20 10:00:00,,1367.0,1342.0,567.0,2002.0,1758.0,34.8,23.4,1.2781,False,True,False
3163,2004-07-20 11:00:00,,1245.0,1181.0,645.0,1747.0,1350.0,38.1,18.5,1.2108,False,True,False
3164,2004-07-20 12:00:00,,1194.0,1083.0,685.0,1632.0,1060.0,38.9,18.0,1.2318,False,True,False
3165,2004-07-20 13:00:00,,1156.0,1096.0,713.0,1615.0,954.0,39.8,16.0,1.1444,False,True,False
3166,2004-07-20 14:00:00,,1107.0,1106.0,727.0,1615.0,1024.0,41.7,12.5,0.9941,False,True,False
3167,2004-07-20 15:00:00,,1127.0,1117.0,714.0,1625.0,1092.0,42.8,12.3,1.0326,False,True,False
3168,2004-07-20 16:00:00,,1083.0,994.0,771.0,1544.0,927.0,41.4,14.2,1.1128,False,True,False
3169,2004-07-20 17:00:00,,1289.0,1225.0,632.0,1796.0,1274.0,41.3,15.5,1.21,False,True,False
3170,2004-07-20 18:00:00,,1209.0,1082.0,685.0,1662.0,978.0,38.3,19.4,1.2851,False,True,False
3171,2004-07-20 19:00:00,,1221.0,1145.0,648.0,1753.0,1050.0,34.7,23.3,1.2653,False,True,False
3172,2004-07-20 20:00:00,,1255.0,1164.0,638.0,1793.0,1301.0,32.6,26.3,1.2754,False,True,False
3173,2004-07-20 21:00:00,,1163.0,1022.0,695.0,1644.0,1141.0,30.9,29.0,1.275,False,True,False
3174,2004-07-20 22:00:00,,1234.0,1126.0,644.0,1782.0,1252.0,30.1,30.2,1.2711,False,True,False
3175,2004-07-20 23:00:00,,1240.0,1124.0,645.0,1799.0,1300.0,29.0,33.4,1.3149,False,True,False
3176,2004-07-21 00:00:00,,1128.0,978.0,733.0,1683.0,1193.0,28.3,36.8,1.3906,False,True,False
3177,2004-07-21 01:00:00,,1057.0,881.0,784.0,1574.0,1081.0,27.6,38.2,1.3911,False,True,False
3178,2004-07-21 02:00:00,,1026.0,801.0,816.0,1545.0,1094.0,25.8,43.1,1.4113,False,True,False
3179,2004-07-21 03:00:00,,925.0,656.0,967.0,1440.0,917.0,27.4,39.1,1.4072,False,True,False
3180,2004-07-21 04:00:00,,917.0,635.0,1006.0,1421.0,727.0,26.3,40.9,1.3803,False,True,False
3181,2004-07-21 05:00:00,,1011.0,782.0,828.0,1562.0,1116.0,23.3,50.1,1.41,False,True,False
3182,2004-07-21 06:00:00,,1079.0,869.0,751.0,1634.0,1223.0,23.1,49.7,1.3863,False,True,False
3183,2004-07-21 07:00:00,,1322.0,1250.0,562.0,1999.0,1556.0,24.2,46.4,1.3834,False,True,False
3184,2004-07-21 08:00:00,,1526.0,1495.0,471.0,2405.0,1904.0,25.8,42.2,1.3774,False,True,False
3185,2004-07-21 09:00:00,,1338.0,1207.0,576.0,1951.0,1697.0,28.1,37.3,1.3922,False,True,False
3186,2004-07-21 10:00:00,,1421.0,1354.0,545.0,2063.0,1854.0,33.9,26.8,1.397,False,True,False
3187,2004-07-21 11:00:00,,1197.0,1209.0,656.0,1770.0,1306.0,38.0,17.2,1.1227,False,True,False
3188,2004-07-21 12:00:00,,1116.0,1063.0,736.0,1571.0,980.0,38.9,15.9,1.0896,False,True,False
3189,2004-07-21 13:00:00,,1115.0,1031.0,741.0,1561.0,870.0,40.4,15.0,1.1125,False,True,False
3190,2004-07-21 14:00:00,,1018.0,880.0,865.0,1421.0,613.0,40.1,15.2,1.1065,False,True,False
3191,2004-07-21 15:00:00,,1109.0,989.0,778.0,1537.0,819.0,42.0,14.2,1.1517,False,True,False
3192,2004-07-21 16:00:00,,1105.0,984.0,767.0,1532.0,868.0,42.7,14.4,1.2092,False,True,False
3193,2004-07-21 17:00:00,,1128.0,1032.0,733.0,1576.0,876.0,41.6,14.5,1.1483,False,True,False
3194,2004-07-21 18:00:00,4.1,1301.0,1210.0,623.0,1813.0,1153.0,39.6,18.8,1.3413,True,False,False
3195,2004-07-21 19:00:00,3.8,1416.0,1339.0,544.0,1998.0,1492.0,36.1,25.5,1.4949,True,False,False
3196,2004-07-21 20:00:00,3.4,1301.0,1256.0,593.0,1914.0,1382.0,33.3,29.9,1.5079,True,False,False
3197,2004-07-21 21:00:00,2.9,1261.0,1158.0,628.0,1837.0,1303.0,31.2,33.2,1.4831,True,False,False
3198,2004-07-21 22:00:00,3.1,1295.0,1211.0,602.0,1917.0,1404.0,30.1,35.8,1.5034,True,False,False
3199,2004-07-21 23:00:00,3.5,1239.0,1129.0,637.0,1839.0,1308.0,28.9,39.1,1.537,True,False,False
3200,2004-07-22 00:00:00,2.4,1229.0,1103.0,627.0,1866.0,1320.0,27.8,43.3,1.5929,True,False,False
3201,2004-07-22 01:00:00,1.6,1125.0,963.0,713.0,1719.0,1179.0,26.9,46.1,1.608,True,False,False
3202,2004-07-22 02:00:00,1.3,1044.0,832.0,794.0,1580.0,1160.0,26.4,47.1,1.5947,True,False,False
3203,2004-07-22 03:00:00,0.9,976.0,754.0,842.0,1545.0,1070.0,25.2,51.4,1.621,True,False,False
3204,2004-07-22 04:00:00,1.0,1015.0,781.0,796.0,1595.0,1181.0,23.8,55.4,1.6073,True,False,False
3205,2004-07-22 05:00:00,0.8,954.0,715.0,867.0,1527.0,1010.0,24.9,50.6,1.5755,True,False,False
3206,2004-07-22 06:00:00,1.1,1032.0,826.0,781.0,1627.0,1075.0,25.0,49.2,1.5418,True,False,False
3207,2004-07-22 07:00:00,4.4,1518.0,1476.0,469.0,2388.0,1839.0,24.7,50.9,1.5593,True,False,False
3208,2004-07-22 08:00:00,,1602.0,1678.0,410.0,2662.0,2105.0,26.4,46.3,1.5722,False,True,False
3209,2004-07-22 09:00:00,,1362.0,1225.0,551.0,2003.0,1826.0,28.1,42.0,1.5735,False,True,False
3210,2004-07-22 10:00:00,3.3,1394.0,1294.0,555.0,2031.0,1834.0,34.0,29.9,1.5614,True,False,False
3211,2004-07-22 11:00:00,2.1,1205.0,1070.0,682.0,1735.0,1268.0,37.3,22.9,1.4373,True,False,False
3212,2004-07-22 12:00:00,2.1,1210.0,1118.0,658.0,1742.0,1422.0,40.1,19.0,1.3849,True,False,False
3213,2004-07-22 13:00:00,2.0,1138.0,1055.0,712.0,1624.0,1028.0,42.0,15.8,1.2759,True,False,False
3214,2004-07-22 14:00:00,1.5,1079.0,1019.0,749.0,1559.0,929.0,42.8,14.3,1.2003,True,False,False
3215,2004-07-22 15:00:00,2.1,1158.0,1126.0,693.0,1654.0,1150.0,44.3,13.0,1.183,True,False,False
3216,2004-07-22 16:00:00,2.3,1186.0,1151.0,680.0,1686.0,1235.0,44.6,12.6,1.1684,True,False,False
3217,2004-07-22 17:00:00,2.8,1261.0,1258.0,629.0,1813.0,1315.0,43.4,14.8,1.2882,True,False,False
3218,2004-07-22 18:00:00,3.6,1339.0,1352.0,569.0,1990.0,1469.0,40.6,18.2,1.368,True,False,False
3219,2004-07-22 19:00:00,4.0,1342.0,1377.0,567.0,2017.0,1515.0,37.1,21.3,1.3223,True,False,False
3220,2004-07-22 20:00:00,3.7,1317.0,1327.0,575.0,1996.0,1510.0,34.5,25.5,1.368,True,False,False
3221,2004-07-22 21:00:00,2.5,1210.0,1148.0,639.0,1849.0,1327.0,32.2,30.4,1.4433,True,False,False
3222,2004-07-22 22:00:00,2.3,1220.0,1105.0,643.0,1838.0,1318.0,30.4,35.4,1.5144,True,False,False
3223,2004-07-22 23:00:00,2.5,1276.0,1135.0,625.0,1887.0,1436.0,29.4,38.7,1.5581,True,False,False
3224,2004-07-23 00:00:00,2.7,1270.0,1189.0,592.0,1917.0,1608.0,28.6,38.7,1.4921,True,False,False
3225,2004-07-23 01:00:00,1.3,1053.0,933.0,743.0,1658.0,1257.0,27.7,40.5,1.4835,True,False,False
3226,2004-07-23 02:00:00,0.8,956.0,813.0,846.0,1544.0,1094.0,28.0,39.8,1.4803,True,False,False
3227,2004-07-23 03:00:00,0.9,954.0,790.0,826.0,1564.0,1066.0,24.8,48.5,1.4953,True,False,False
3228,2004-07-23 04:00:00,0.5,912.0,706.0,891.0,1500.0,1022.0,25.6,45.8,1.4801,True,False,False
3229,2004-07-23 05:00:00,0.8,973.0,802.0,806.0,1597.0,1139.0,23.6,51.5,1.4852,True,False,False
3230,2004-07-23 06:00:00,1.0,1037.0,906.0,743.0,1707.0,1158.0,25.1,46.5,1.4615,True,False,False
3231,2004-07-23 07:00:00,2.9,1306.0,1299.0,519.0,2116.0,1602.0,24.5,48.3,1.4593,True,False,False
3232,2004-07-23 08:00:00,3.8,1367.0,1441.0,470.0,2283.0,1770.0,26.6,42.8,1.4675,True,False,False
3233,2004-07-23 09:00:00,3.5,1335.0,1340.0,519.0,2141.0,1651.0,29.0,37.6,1.4866,True,False,False
3234,2004-07-23 10:00:00,2.4,1250.0,1166.0,626.0,1925.0,1435.0,34.2,28.5,1.5071,True,False,False
3235,2004-07-23 11:00:00,1.8,1142.0,1021.0,712.0,1670.0,1159.0,37.3,22.9,1.4369,True,False,False
3236,2004-07-23 12:00:00,2.1,1168.0,1160.0,671.0,1784.0,1193.0,40.1,17.5,1.2721,True,False,False
3237,2004-07-23 13:00:00,2.1,1125.0,1137.0,691.0,1696.0,1094.0,42.2,14.6,1.192,True,False,False
3238,2004-07-23 14:00:00,1.5,1083.0,1066.0,725.0,1621.0,912.0,41.9,15.2,1.2173,True,False,False
3239,2004-07-23 15:00:00,1.5,1080.0,1059.0,733.0,1622.0,908.0,43.1,13.8,1.1803,True,False,False
3240,2004-07-23 16:00:00,1.8,1085.0,1091.0,723.0,1638.0,1010.0,42.8,13.8,1.1681,True,False,False
3241,2004-07-23 17:00:00,2.1,1115.0,1140.0,682.0,1746.0,1020.0,41.1,16.5,1.2701,True,False,False
3242,2004-07-23 18:00:00,3.0,1259.0,1295.0,600.0,1990.0,1280.0,38.7,20.3,1.3743,True,False,False
3243,2004-07-23 19:00:00,2.8,1241.0,1271.0,606.0,1971.0,1287.0,35.8,24.1,1.3924,True,False,False
3244,2004-07-23 20:00:00,2.5,1156.0,1144.0,651.0,1832.0,1216.0,33.1,28.3,1.4121,True,False,False
3245,2004-07-23 21:00:00,1.4,1055.0,922.0,784.0,1634.0,990.0,30.1,33.9,1.4257,True,False,False
3246,2004-07-23 22:00:00,1.7,1144.0,1014.0,712.0,1744.0,1146.0,29.0,36.6,1.4431,True,False,False
3247,2004-07-23 23:00:00,1.8,1169.0,1084.0,655.0,1831.0,1273.0,28.5,38.4,1.468,True,False,False
3248,2004-07-24 00:00:00,2.4,1195.0,1156.0,621.0,1897.0,1346.0,27.8,39.9,1.4682,True,False,False
3249,2004-07-24 01:00:00,1.9,1158.0,1052.0,649.0,1785.0,1353.0,27.0,42.8,1.503,True,False,False
3250,2004-07-24 02:00:00,1.4,1075.0,973.0,695.0,1748.0,1231.0,26.4,44.5,1.5119,True,False,False
3251,2004-07-24 03:00:00,0.8,973.0,810.0,820.0,1599.0,1002.0,25.8,46.6,1.5269,True,False,False
3252,2004-07-24 04:00:00,0.7,989.0,825.0,774.0,1602.0,1126.0,25.1,48.5,1.5266,True,False,False
3253,2004-07-24 05:00:00,0.8,967.0,789.0,810.0,1597.0,995.0,24.6,52.2,1.5881,True,False,False
3254,2004-07-24 06:00:00,0.7,968.0,803.0,806.0,1586.0,1003.0,24.4,50.5,1.5243,True,False,False
3255,2004-07-24 07:00:00,1.0,1062.0,902.0,733.0,1715.0,1055.0,25.2,49.1,1.5546,True,False,False
3256,2004-07-24 08:00:00,1.7,1143.0,979.0,677.0,1829.0,1156.0,26.6,50.8,1.7419,True,False,False
3257,2004-07-24 09:00:00,1.9,1152.0,976.0,672.0,1800.0,1179.0,28.0,46.9,1.748,True,False,False
3258,2004-07-24 10:00:00,2.3,1238.0,1088.0,636.0,1883.0,1306.0,32.7,34.5,1.6798,True,False,False
3259,2004-07-24 11:00:00,1.7,1103.0,946.0,737.0,1686.0,934.0,36.6,26.5,1.599,True,False,False
3260,2004-07-24 12:00:00,1.3,1043.0,843.0,799.0,1628.0,689.0,37.8,26.3,1.6951,True,False,False
3261,2004-07-24 13:00:00,1.2,1058.0,833.0,804.0,1623.0,626.0,38.3,27.1,1.797,True,False,False
3262,2004-07-24 14:00:00,0.8,960.0,676.0,983.0,1488.0,488.0,35.4,32.4,1.837,True,False,False
3263,2004-07-24 15:00:00,0.9,972.0,699.0,982.0,1505.0,495.0,37.3,28.8,1.8087,True,False,False
3264,2004-07-24 16:00:00,1.1,1012.0,775.0,899.0,1547.0,562.0,36.6,28.2,1.697,True,False,False
3265,2004-07-24 17:00:00,1.2,1021.0,814.0,858.0,1545.0,615.0,35.1,29.6,1.6452,True,False,False
3266,2004-07-24 18:00:00,1.3,1034.0,812.0,866.0,1563.0,660.0,32.3,33.4,1.59,True,False,False
3267,2004-07-24 19:00:00,1.4,1026.0,791.0,875.0,1549.0,664.0,29.9,37.9,1.5745,True,False,False
3268,2004-07-24 20:00:00,1.2,966.0,735.0,932.0,1494.0,567.0,28.2,41.9,1.5776,True,False,False
3269,2004-07-24 21:00:00,0.9,948.0,697.0,983.0,1475.0,506.0,27.2,45.9,1.6316,True,False,False
3270,2004-07-24 22:00:00,1.1,984.0,762.0,870.0,1557.0,560.0,27.3,45.7,1.6308,True,False,False
3271,2004-07-24 23:00:00,1.5,1077.0,859.0,790.0,1673.0,724.0,27.0,47.1,1.6573,True,False,False
3272,2004-07-25 00:00:00,1.7,1163.0,893.0,706.0,1760.0,977.0,23.7,69.3,2.0042,True,False,False
3273,2004-07-25 01:00:00,0.9,965.0,692.0,927.0,1549.0,653.0,23.8,63.5,1.8495,True,False,False
3274,2004-07-25 02:00:00,0.7,941.0,687.0,949.0,1530.0,642.0,24.7,56.9,1.739,True,False,False
3275,2004-07-25 03:00:00,0.4,851.0,589.0,1119.0,1432.0,501.0,25.0,53.1,1.6541,True,False,False
3276,2004-07-25 04:00:00,,870.0,581.0,1119.0,1463.0,450.0,24.1,59.6,1.7657,False,True,False
3277,2004-07-25 05:00:00,0.3,834.0,527.0,1242.0,1458.0,427.0,22.5,69.1,1.8578,True,False,False
3278,2004-07-25 06:00:00,0.4,859.0,561.0,1162.0,1476.0,470.0,23.4,64.4,1.835,True,False,False
3279,2004-07-25 07:00:00,0.4,843.0,544.0,1242.0,1442.0,447.0,24.4,57.9,1.7476,True,False,False
3280,2004-07-25 08:00:00,0.5,851.0,551.0,1224.0,1443.0,463.0,24.5,56.9,1.7225,True,False,False
3281,2004-07-25 09:00:00,0.5,853.0,557.0,1215.0,1435.0,454.0,24.9,54.8,1.7063,True,False,False
3282,2004-07-25 10:00:00,0.7,908.0,632.0,1095.0,1494.0,500.0,27.0,47.4,1.6661,True,False,False
3283,2004-07-25 11:00:00,0.9,928.0,687.0,1025.0,1491.0,528.0,27.6,43.7,1.5877,True,False,False
3284,2004-07-25 12:00:00,0.8,905.0,652.0,1076.0,1446.0,490.0,28.2,42.6,1.6062,True,False,False
3285,2004-07-25 13:00:00,0.8,901.0,646.0,1105.0,1446.0,488.0,29.1,40.8,1.6203,True,False,False
3286,2004-07-25 14:00:00,0.7,869.0,619.0,1163.0,1417.0,475.0,29.8,38.6,1.5911,True,False,False
3287,2004-07-25 15:00:00,0.8,891.0,655.0,1107.0,1452.0,486.0,31.5,34.5,1.5666,True,False,False
3288,2004-07-25 16:00:00,0.7,855.0,606.0,1214.0,1403.0,438.0,31.2,36.3,1.6217,True,False,False
3289,2004-07-25 17:00:00,0.8,911.0,654.0,1102.0,1466.0,477.0,30.0,41.3,1.7259,True,False,False
3290,2004-07-25 18:00:00,1.2,989.0,713.0,954.0,1552.0,626.0,27.6,47.5,1.7266,True,False,False
3291,2004-07-25 19:00:00,1.6,1048.0,826.0,853.0,1637.0,747.0,28.8,41.3,1.6164,True,False,False
3292,2004-07-25 20:00:00,1.6,1049.0,839.0,846.0,1636.0,858.0,28.5,41.6,1.5959,True,False,False
3293,2004-07-25 21:00:00,1.5,1035.0,868.0,833.0,1653.0,775.0,27.7,43.4,1.5833,True,False,False
3294,2004-07-25 22:00:00,1.5,1034.0,850.0,831.0,1643.0,803.0,27.3,44.1,1.5751,True,False,False
3295,2004-07-25 23:00:00,1.5,1022.0,826.0,857.0,1627.0,777.0,26.9,45.5,1.5926,True,False,False
3296,2004-07-26 00:00:00,1.5,1007.0,809.0,876.0,1611.0,770.0,26.6,47.2,1.616,True,False,False
3297,2004-07-26 01:00:00,1.2,945.0,755.0,935.0,1553.0,663.0,26.0,48.0,1.5882,True,False,False
3298,2004-07-26 02:00:00,0.8,880.0,649.0,1056.0,1465.0,529.0,26.2,45.7,1.5324,True,False,False
3299,2004-07-26 03:00:00,,837.0,597.0,1129.0,1414.0,478.0,25.9,46.3,1.524,False,True,False
3300,2004-07-26 04:00:00,,822.0,569.0,1204.0,1396.0,429.0,25.6,46.8,1.5111,False,True,False
3301,2004-07-26 05:00:00,,860.0,623.0,1097.0,1466.0,552.0,25.3,47.6,1.5159,False,True,False
3302,2004-07-26 06:00:00,,1023.0,847.0,830.0,1663.0,916.0,25.4,48.5,1.5507,False,True,False
3303,2004-07-26 07:00:00,,1150.0,1020.0,686.0,1842.0,1169.0,26.5,46.3,1.5768,False,True,False
3304,2004-07-26 08:00:00,,1088.0,965.0,734.0,1744.0,1049.0,27.9,42.7,1.5754,False,True,False
3305,2004-07-26 09:00:00,,993.0,866.0,832.0,1637.0,823.0,28.8,38.9,1.5184,False,True,False
3306,2004-07-26 10:00:00,,962.0,849.0,861.0,1559.0,804.0,31.7,31.5,1.4487,False,True,False
3307,2004-07-26 11:00:00,,974.0,905.0,838.0,1596.0,805.0,33.9,26.9,1.3964,False,True,False
3308,2004-07-26 12:00:00,,998.0,913.0,834.0,1635.0,826.0,34.7,26.5,1.4408,False,True,False
3309,2004-07-26 13:00:00,,964.0,923.0,834.0,1590.0,782.0,35.4,24.8,1.4017,False,True,False
3310,2004-07-26 14:00:00,,903.0,780.0,975.0,1464.0,593.0,35.2,24.1,1.351,False,True,False
3311,2004-07-26 15:00:00,,973.0,903.0,866.0,1563.0,698.0,36.3,22.8,1.3564,False,True,False
3312,2004-07-26 16:00:00,,976.0,907.0,867.0,1546.0,719.0,35.4,23.8,1.3443,False,True,False
3313,2004-07-26 17:00:00,,1026.0,1048.0,767.0,1651.0,912.0,34.6,23.5,1.2691,False,True,False
3314,2004-07-26 18:00:00,,1163.0,1227.0,659.0,1931.0,1129.0,33.0,28.2,1.3921,False,True,False
3315,2004-07-26 19:00:00,,1082.0,1134.0,709.0,1763.0,1089.0,32.5,27.9,1.3373,False,True,False
3316,2004-07-26 20:00:00,,1029.0,1042.0,756.0,1697.0,1062.0,30.5,29.9,1.2875,False,True,False
3317,2004-07-26 21:00:00,,991.0,953.0,815.0,1616.0,924.0,29.1,33.1,1.3126,False,True,False
3318,2004-07-26 22:00:00,,950.0,856.0,881.0,1549.0,780.0,28.4,35.8,1.3665,False,True,False
3319,2004-07-26 23:00:00,,997.0,898.0,813.0,1613.0,856.0,27.7,37.9,1.3842,False,True,False
3320,2004-07-27 00:00:00,,912.0,810.0,873.0,1511.0,861.0,28.3,35.5,1.3414,False,True,False
3321,2004-07-27 01:00:00,,861.0,729.0,942.0,1479.0,684.0,27.1,38.6,1.3632,False,True,False
3322,2004-07-27 02:00:00,,838.0,719.0,949.0,1466.0,707.0,25.8,40.9,1.3377,False,True,False
3323,2004-07-27 03:00:00,,784.0,587.0,1128.0,1392.0,554.0,26.0,40.6,1.3467,False,True,False
3324,2004-07-27 04:00:00,,800.0,615.0,1064.0,1396.0,614.0,24.6,43.4,1.3248,False,True,False
3325,2004-07-27 05:00:00,,825.0,634.0,1035.0,1402.0,606.0,25.1,42.3,1.326,False,True,False
3326,2004-07-27 06:00:00,,996.0,853.0,796.0,1621.0,1023.0,23.1,48.8,1.3638,False,True,False
3327,2004-07-27 07:00:00,,1086.0,947.0,724.0,1724.0,1134.0,24.7,46.8,1.4337,False,True,False
3328,2004-07-27 08:00:00,,1041.0,962.0,728.0,1694.0,936.0,24.6,45.1,1.3714,False,True,False
3329,2004-07-27 09:00:00,,991.0,944.0,765.0,1608.0,868.0,26.2,38.5,1.2932,False,True,False
3330,2004-07-27 10:00:00,,999.0,953.0,780.0,1600.0,879.0,29.3,31.0,1.2445,False,True,False
3331,2004-07-27 11:00:00,,981.0,918.0,839.0,1572.0,785.0,31.2,26.6,1.192,False,True,False
3332,2004-07-27 12:00:00,,926.0,853.0,894.0,1478.0,651.0,31.1,26.2,1.1619,False,True,False
3333,2004-07-27 13:00:00,,939.0,853.0,890.0,1528.0,679.0,31.7,26.4,1.2153,False,True,False
3334,2004-07-27 14:00:00,,915.0,828.0,928.0,1474.0,630.0,31.7,25.6,1.179,False,True,False
3335,2004-07-27 15:00:00,,883.0,820.0,942.0,1413.0,594.0,32.6,22.5,1.0901,False,True,False
3336,2004-07-27 16:00:00,,926.0,869.0,925.0,1470.0,655.0,32.8,22.2,1.0835,False,True,False
3337,2004-07-27 17:00:00,,989.0,1004.0,818.0,1577.0,783.0,32.4,22.4,1.0701,False,True,False
3338,2004-07-27 18:00:00,,1003.0,1045.0,781.0,1602.0,865.0,31.4,22.7,1.027,False,True,False
3339,2004-07-27 19:00:00,,933.0,1001.0,819.0,1536.0,776.0,28.4,24.7,0.9404,False,True,False
3340,2004-07-27 20:00:00,,912.0,951.0,846.0,1479.0,861.0,27.7,24.2,0.882,False,True,False
3341,2004-07-27 21:00:00,,888.0,843.0,892.0,1438.0,729.0,26.1,28.3,0.9456,False,True,False
3342,2004-07-27 22:00:00,,858.0,866.0,874.0,1421.0,715.0,25.3,28.4,0.9041,False,True,False
3343,2004-07-27 23:00:00,,837.0,809.0,940.0,1355.0,615.0,25.2,27.7,0.874,False,True,False
3344,2004-07-28 00:00:00,,902.0,929.0,835.0,1482.0,824.0,24.5,28.0,0.8489,False,True,False
3345,2004-07-28 01:00:00,,860.0,847.0,873.0,1426.0,748.0,23.6,31.9,0.9195,False,True,False
3346,2004-07-28 02:00:00,,794.0,698.0,999.0,1336.0,767.0,22.8,34.7,0.9514,False,True,False
3347,2004-07-28 03:00:00,,742.0,602.0,1156.0,1283.0,513.0,23.6,33.2,0.9577,False,True,False
3348,2004-07-28 04:00:00,,779.0,663.0,1022.0,1337.0,671.0,20.5,41.2,0.9802,False,True,False
3349,2004-07-28 05:00:00,,798.0,706.0,977.0,1363.0,798.0,20.6,41.5,0.9982,False,True,False
3350,2004-07-28 06:00:00,,851.0,827.0,875.0,1449.0,912.0,20.2,42.5,0.9949,False,True,False
3351,2004-07-28 07:00:00,,1048.0,1105.0,670.0,1726.0,1151.0,20.9,40.4,0.9884,False,True,False
3352,2004-07-28 08:00:00,,1210.0,1472.0,515.0,2112.0,1525.0,22.4,38.0,1.0201,False,True,False
3353,2004-07-28 09:00:00,,1172.0,1372.0,575.0,1964.0,1465.0,26.0,29.7,0.9831,False,True,False
3354,2004-07-28 10:00:00,,1026.0,1186.0,719.0,1662.0,1138.0,31.4,18.6,0.8398,False,True,False
3355,2004-07-28 11:00:00,,914.0,994.0,872.0,1481.0,763.0,34.2,15.8,0.8371,False,True,False
3356,2004-07-28 12:00:00,,938.0,1025.0,829.0,1517.0,753.0,35.4,15.3,0.8649,False,True,False
3357,2004-07-28 13:00:00,,908.0,962.0,877.0,1409.0,665.0,34.6,15.5,0.8435,False,True,False
3358,2004-07-28 14:00:00,,892.0,889.0,909.0,1383.0,597.0,33.9,16.2,0.8454,False,True,False
3359,2004-07-28 15:00:00,,949.0,1003.0,830.0,1473.0,730.0,35.3,15.0,0.8463,False,True,False
3360,2004-07-28 16:00:00,,956.0,1007.0,838.0,1464.0,730.0,36.8,13.7,0.8335,False,True,False
3361,2004-07-28 17:00:00,,1070.0,1218.0,704.0,1697.0,1108.0,34.4,16.4,0.8761,False,True,False
3362,2004-07-28 18:00:00,,1103.0,1232.0,679.0,1732.0,1085.0,35.3,16.8,0.9448,False,True,False
3363,2004-07-28 19:00:00,,1074.0,1166.0,687.0,1713.0,1013.0,32.3,20.7,0.9875,False,True,False
3364,2004-07-28 20:00:00,,1086.0,1105.0,710.0,1682.0,1109.0,29.6,26.1,1.0682,False,True,False
3365,2004-07-28 21:00:00,,960.0,964.0,780.0,1532.0,913.0,28.6,27.2,1.048,False,True,False
3366,2004-07-28 22:00:00,,974.0,958.0,783.0,1528.0,908.0,27.6,27.4,0.9926,False,True,False
3367,2004-07-28 23:00:00,,939.0,918.0,805.0,1472.0,923.0,26.3,29.0,0.9807,False,True,False
3368,2004-07-29 00:00:00,,954.0,940.0,776.0,1518.0,959.0,25.4,30.1,0.9602,False,True,False
3369,2004-07-29 01:00:00,,925.0,890.0,808.0,1480.0,898.0,24.7,32.1,0.9878,False,True,False
3370,2004-07-29 02:00:00,,797.0,624.0,1074.0,1276.0,546.0,25.7,30.9,1.0048,False,True,False
3371,2004-07-29 03:00:00,,787.0,610.0,1087.0,1259.0,543.0,25.1,32.6,1.0203,False,True,False
3372,2004-07-29 04:00:00,,774.0,577.0,1158.0,1265.0,488.0,23.9,34.4,1.0079,False,True,False
3373,2004-07-29 05:00:00,,838.0,693.0,995.0,1371.0,704.0,21.4,40.3,1.0157,False,True,False
3374,2004-07-29 06:00:00,,918.0,860.0,807.0,1488.0,943.0,21.2,41.2,1.0246,False,True,False
3375,2004-07-29 07:00:00,,1125.0,1199.0,601.0,1850.0,1304.0,21.6,40.9,1.0468,False,True,False
3376,2004-07-29 08:00:00,,1281.0,1469.0,491.0,2179.0,1669.0,24.0,36.6,1.0763,False,True,False
3377,2004-07-29 09:00:00,,1145.0,1238.0,600.0,1809.0,1507.0,26.8,29.5,1.0209,False,True,False
3378,2004-07-29 10:00:00,,1088.0,1238.0,654.0,1709.0,1359.0,31.8,19.4,0.8936,False,True,False
3379,2004-07-29 11:00:00,,1043.0,1117.0,742.0,1586.0,1076.0,34.4,16.6,0.8892,False,True,False
3380,2004-07-29 12:00:00,,998.0,981.0,786.0,1480.0,797.0,35.3,16.7,0.9402,False,True,False
3381,2004-07-29 13:00:00,,998.0,958.0,800.0,1484.0,677.0,36.4,16.8,1.0033,False,True,False
3382,2004-07-29 14:00:00,,960.0,860.0,887.0,1417.0,559.0,34.8,19.5,1.0667,False,True,False
3383,2004-07-29 15:00:00,,1062.0,1060.0,725.0,1601.0,830.0,38.6,16.1,1.0853,False,True,False
3384,2004-07-29 16:00:00,,1050.0,1039.0,756.0,1558.0,734.0,38.5,16.5,1.1037,False,True,False
3385,2004-07-29 17:00:00,,1096.0,1078.0,713.0,1600.0,801.0,37.4,18.1,1.1467,False,True,False
3386,2004-07-29 18:00:00,,1081.0,1117.0,689.0,1668.0,828.0,35.7,19.8,1.1399,False,True,False
3387,2004-07-29 19:00:00,,1096.0,1112.0,687.0,1694.0,865.0,32.0,24.9,1.1663,False,True,False
3388,2004-07-29 20:00:00,,1051.0,1039.0,720.0,1641.0,916.0,29.7,28.1,1.1544,False,True,False
3389,2004-07-29 21:00:00,,1106.0,1109.0,658.0,1752.0,1106.0,28.5,32.1,1.2296,False,True,False
3390,2004-07-29 22:00:00,,1177.0,1142.0,601.0,1868.0,1226.0,27.6,40.5,1.4715,False,True,False
3391,2004-07-29 23:00:00,,1111.0,1046.0,651.0,1754.0,1106.0,26.3,45.6,1.5349,False,True,False
3392,2004-07-30 00:00:00,,1083.0,1019.0,677.0,1720.0,1087.0,25.7,46.1,1.5025,False,True,False
3393,2004-07-30 01:00:00,,1005.0,900.0,747.0,1620.0,1000.0,25.1,46.3,1.4486,False,True,False
3394,2004-07-30 02:00:00,,942.0,791.0,841.0,1551.0,859.0,23.5,51.3,1.467,False,True,False
3395,2004-07-30 03:00:00,,907.0,863.0,782.0,1669.0,919.0,23.1,52.1,1.4518,False,True,False
3396,2004-07-30 04:00:00,,867.0,680.0,932.0,1477.0,777.0,23.7,51.2,1.4795,False,True,False
3397,2004-07-30 05:00:00,,882.0,716.0,894.0,1494.0,790.0,23.0,52.2,1.4516,False,True,False
3398,2004-07-30 06:00:00,,894.0,761.0,862.0,1504.0,768.0,23.0,49.9,1.3849,False,True,False
3399,2004-07-30 07:00:00,,1263.0,1279.0,559.0,2132.0,1388.0,23.0,50.9,1.4105,False,True,False
3400,2004-07-30 08:00:00,,1380.0,1463.0,470.0,2322.0,1691.0,24.4,49.3,1.4814,False,True,False
3401,2004-07-30 09:00:00,,1333.0,1350.0,511.0,2186.0,1655.0,26.8,46.6,1.6157,False,True,False
3402,2004-07-30 10:00:00,,1264.0,1244.0,584.0,1972.0,1496.0,32.2,32.6,1.5412,False,True,False
3403,2004-07-30 11:00:00,,1115.0,1053.0,686.0,1722.0,1086.0,34.8,26.0,1.4241,False,True,False
3404,2004-07-30 12:00:00,,1078.0,956.0,742.0,1628.0,763.0,36.1,24.8,1.4628,False,True,False
3405,2004-07-30 13:00:00,,1055.0,980.0,742.0,1610.0,688.0,37.7,21.8,1.3977,False,True,False
3406,2004-07-30 14:00:00,,1031.0,995.0,752.0,1580.0,694.0,36.9,21.8,1.3384,False,True,False
3407,2004-07-30 15:00:00,,1033.0,1006.0,749.0,1564.0,725.0,39.1,18.7,1.2884,False,True,False
3408,2004-07-30 16:00:00,,1043.0,962.0,777.0,1554.0,686.0,39.3,18.9,1.318,False,True,False
3409,2004-07-30 17:00:00,,1118.0,1084.0,684.0,1723.0,838.0,38.2,21.8,1.4312,False,True,False
3410,2004-07-30 18:00:00,,1137.0,1165.0,649.0,1840.0,974.0,36.6,23.3,1.4042,False,True,False
3411,2004-07-30 19:00:00,,1153.0,1194.0,628.0,1874.0,1038.0,33.3,28.7,1.4454,False,True,False
3412,2004-07-30 20:00:00,,1145.0,1134.0,647.0,1828.0,1108.0,30.9,34.2,1.5064,False,True,False
3413,2004-07-30 21:00:00,,1149.0,1092.0,667.0,1808.0,1135.0,29.1,38.9,1.5384,False,True,False
3414,2004-07-30 22:00:00,,1149.0,1143.0,620.0,1827.0,1143.0,28.1,40.3,1.5086,False,True,False
3415,2004-07-30 23:00:00,,1052.0,1002.0,716.0,1667.0,908.0,27.0,41.6,1.4596,False,True,False
3416,2004-07-31 00:00:00,,,,,,,,,,False,True,True
3417,2004-07-31 01:00:00,,935.0,832.0,809.0,1566.0,778.0,25.7,46.8,1.523,False,True,False
3418,2004-07-31 02:00:00,,935.0,787.0,864.0,1588.0,728.0,25.1,51.1,1.6044,False,True,False
3419,2004-07-31 03:00:00,,930.0,772.0,854.0,1613.0,728.0,23.7,56.5,1.6341,False,True,False
3420,2004-07-31 04:00:00,,880.0,704.0,913.0,1529.0,676.0,23.8,55.3,1.6068,False,True,False
3421,2004-07-31 05:00:00,0.8,916.0,748.0,878.0,1559.0,742.0,23.7,54.6,1.5823,True,False,False
3422,2004-07-31 06:00:00,1.2,975.0,871.0,771.0,1666.0,942.0,22.6,58.8,1.5903,True,False,False
3423,2004-07-31 07:00:00,1.0,948.0,829.0,801.0,1600.0,926.0,24.0,53.4,1.5748,True,False,False
3424,2004-07-31 08:00:00,1.5,1069.0,947.0,728.0,1763.0,1039.0,25.2,51.0,1.6131,True,False,False
3425,2004-07-31 09:00:00,2.8,1210.0,1067.0,642.0,1879.0,1158.0,27.3,47.1,1.6807,True,False,False
3426,2004-07-31 10:00:00,3.4,1272.0,1170.0,620.0,1957.0,1347.0,32.8,33.4,1.633,True,False,False
3427,2004-07-31 11:00:00,3.3,1240.0,1175.0,614.0,1895.0,1262.0,36.0,28.0,1.6304,True,False,False
3428,2004-07-31 12:00:00,2.9,1171.0,1135.0,654.0,1797.0,1073.0,38.5,23.8,1.5944,True,False,False
3429,2004-07-31 13:00:00,2.2,1072.0,1039.0,745.0,1611.0,817.0,39.8,20.5,1.4687,True,False,False
3430,2004-07-31 14:00:00,1.6,970.0,873.0,859.0,1423.0,606.0,38.1,22.0,1.4402,True,False,False
3431,2004-07-31 15:00:00,0.9,938.0,816.0,917.0,1418.0,506.0,40.0,20.0,1.4517,True,False,False
3432,2004-07-31 16:00:00,1.1,976.0,852.0,866.0,1467.0,559.0,40.4,19.8,1.4724,True,False,False
3433,2004-07-31 17:00:00,1.0,958.0,820.0,886.0,1452.0,530.0,39.1,20.7,1.427,True,False,False
3434,2004-07-31 18:00:00,1.3,1014.0,903.0,816.0,1554.0,612.0,37.3,24.3,1.5222,True,False,False
3435,2004-07-31 19:00:00,1.6,1091.0,987.0,737.0,1711.0,774.0,34.0,30.9,1.6158,True,False,False
3436,2004-07-31 20:00:00,1.8,1080.0,1004.0,724.0,1704.0,899.0,31.8,34.5,1.5911,True,False,False
3437,2004-07-31 21:00:00,2.2,1128.0,1082.0,675.0,1817.0,1066.0,30.1,37.7,1.5799,True,False,False
3438,2004-07-31 22:00:00,1.8,1105.0,1027.0,684.0,1758.0,1040.0,28.6,42.3,1.6251,True,False,False
3439,2004-07-31 23:00:00,2.3,1141.0,1095.0,642.0,1816.0,1139.0,27.7,44.6,1.6304,True,False,False
3440,2004-08-01 00:00:00,2.0,1104.0,1020.0,681.0,1771.0,1086.0,26.6,47.5,1.6265,True,False,False
3441,2004-08-01 01:00:00,1.8,1065.0,970.0,698.0,1724.0,1049.0,25.7,50.7,1.6491,True,False,False
3442,2004-08-01 02:00:00,0.9,971.0,821.0,820.0,1637.0,811.0,25.1,53.9,1.689,True,False,False
3443,2004-08-01 03:00:00,0.5,891.0,691.0,941.0,1553.0,629.0,24.8,58.7,1.8089,True,False,False
3444,2004-08-01 04:00:00,0.6,936.0,713.0,883.0,1584.0,723.0,23.5,63.6,1.8223,True,False,False
3445,2004-08-01 05:00:00,0.4,845.0,625.0,993.0,1513.0,646.0,24.3,59.4,1.7838,True,False,False
3446,2004-08-01 06:00:00,0.4,872.0,627.0,997.0,1530.0,670.0,23.3,62.0,1.7547,True,False,False
3447,2004-08-01 07:00:00,0.4,903.0,648.0,975.0,1559.0,603.0,24.1,63.1,1.8619,True,False,False
3448,2004-08-01 08:00:00,0.8,971.0,722.0,876.0,1624.0,687.0,25.0,60.7,1.892,True,False,False
3449,2004-08-01 09:00:00,0.8,1006.0,789.0,824.0,1657.0,733.0,27.3,52.4,1.8707,True,False,False
3450,2004-08-01 10:00:00,0.9,1012.0,804.0,832.0,1638.0,766.0,32.4,37.3,1.7808,True,False,False
3451,2004-08-01 11:00:00,0.7,975.0,737.0,896.0,1531.0,621.0,35.4,31.3,1.7736,True,False,False
3452,2004-08-01 12:00:00,0.6,944.0,730.0,933.0,1495.0,560.0,37.4,28.2,1.7808,True,False,False
3453,2004-08-01 13:00:00,0.5,857.0,685.0,1055.0,1331.0,451.0,39.2,20.2,1.4104,True,False,False
3454,2004-08-01 14:00:00,0.6,824.0,683.0,1119.0,1270.0,393.0,38.1,18.5,1.2141,True,False,False
3455,2004-08-01 15:00:00,0.7,868.0,707.0,1063.0,1325.0,417.0,40.2,17.7,1.2989,True,False,False
3456,2004-08-01 16:00:00,0.9,908.0,748.0,1020.0,1373.0,451.0,39.7,19.1,1.3646,True,False,False
3457,2004-08-01 17:00:00,0.9,912.0,776.0,991.0,1379.0,461.0,38.5,19.8,1.326,True,False,False
3458,2004-08-01 18:00:00,1.2,986.0,830.0,906.0,1482.0,536.0,36.6,24.6,1.4872,True,False,False
3459,2004-08-01 19:00:00,1.4,1037.0,900.0,817.0,1584.0,619.0,33.1,32.7,1.62,True,False,False
3460,2004-08-01 20:00:00,1.5,1088.0,948.0,743.0,1667.0,766.0,30.7,38.7,1.678,True,False,False
3461,2004-08-01 21:00:00,1.7,1093.0,944.0,711.0,1655.0,785.0,29.5,42.7,1.7316,True,False,False
3462,2004-08-01 22:00:00,1.7,1142.0,945.0,682.0,1736.0,793.0,27.8,52.6,1.9398,True,False,False
3463,2004-08-01 23:00:00,1.7,1170.0,959.0,666.0,1798.0,838.0,27.4,55.5,1.9998,True,False,False
3464,2004-08-02 00:00:00,1.9,1142.0,945.0,672.0,1775.0,799.0,27.3,57.1,2.0426,True,False,False
3465,2004-08-02 01:00:00,1.2,986.0,762.0,821.0,1573.0,553.0,26.7,60.1,2.067,True,False,False
3466,2004-08-02 02:00:00,0.7,942.0,696.0,916.0,1542.0,465.0,26.2,61.6,2.0575,True,False,False
3467,2004-08-02 03:00:00,0.3,882.0,595.0,1097.0,1463.0,406.0,25.5,62.8,2.0236,True,False,False
3468,2004-08-02 04:00:00,0.2,854.0,553.0,1203.0,1418.0,396.0,25.5,61.8,1.9831,True,False,False
3469,2004-08-02 05:00:00,0.4,910.0,630.0,1061.0,1504.0,468.0,25.1,62.4,1.9602,True,False,False
3470,2004-08-02 06:00:00,0.8,1005.0,791.0,829.0,1650.0,638.0,24.6,62.7,1.9158,True,False,False
3471,2004-08-02 07:00:00,1.9,1193.0,1085.0,610.0,1947.0,1097.0,25.7,58.9,1.9156,True,False,False
3472,2004-08-02 08:00:00,,1297.0,1233.0,544.0,2129.0,1248.0,27.1,54.4,1.9206,False,True,False
3473,2004-08-02 09:00:00,1.9,1180.0,1031.0,633.0,1866.0,1067.0,28.4,50.7,1.9329,True,False,False
3474,2004-08-02 10:00:00,1.9,1134.0,1017.0,689.0,1774.0,964.0,32.7,36.9,1.7953,True,False,False
3475,2004-08-02 11:00:00,1.9,1113.0,1013.0,702.0,1781.0,903.0,34.0,32.7,1.7146,True,False,False
3476,2004-08-02 12:00:00,1.7,1084.0,1004.0,706.0,1761.0,839.0,35.6,29.2,1.6684,True,False,False
3477,2004-08-02 13:00:00,1.4,1009.0,921.0,778.0,1635.0,692.0,37.1,25.6,1.5868,True,False,False
3478,2004-08-02 14:00:00,1.2,1002.0,928.0,798.0,1636.0,629.0,36.1,26.4,1.5505,True,False,False
3479,2004-08-02 15:00:00,1.4,1007.0,956.0,763.0,1654.0,666.0,37.9,23.8,1.5392,True,False,False
3480,2004-08-02 16:00:00,1.4,996.0,959.0,779.0,1636.0,684.0,38.0,22.2,1.4483,True,False,False
3481,2004-08-02 17:00:00,1.9,1050.0,1082.0,705.0,1731.0,816.0,36.9,22.7,1.3887,True,False,False
3482,2004-08-02 18:00:00,2.2,1100.0,1107.0,676.0,1801.0,876.0,35.5,25.7,1.4626,True,False,False
3483,2004-08-02 19:00:00,1.9,1085.0,1057.0,689.0,1775.0,836.0,32.8,32.2,1.5779,True,False,False
3484,2004-08-02 20:00:00,1.7,1079.0,1042.0,697.0,1773.0,846.0,30.5,38.2,1.6376,True,False,False
3485,2004-08-02 21:00:00,1.2,1086.0,974.0,707.0,1733.0,795.0,28.8,43.5,1.6989,True,False,False
3486,2004-08-02 22:00:00,0.3,1092.0,1005.0,669.0,1746.0,836.0,28.0,46.2,1.721,True,False,False
3487,2004-08-02 23:00:00,0.1,1097.0,956.0,708.0,1724.0,818.0,27.1,49.4,1.7398,True,False,False
3488,2004-08-03 00:00:00,0.1,1075.0,904.0,720.0,1692.0,777.0,26.4,52.2,1.7708,True,False,False
3489,2004-08-03 01:00:00,,1008.0,838.0,774.0,1640.0,733.0,26.2,52.3,1.7561,False,True,False
3490,2004-08-03 02:00:00,,895.0,672.0,941.0,1469.0,703.0,27.1,47.4,1.6809,False,True,False
3491,2004-08-03 03:00:00,,838.0,559.0,1186.0,1428.0,559.0,28.0,45.2,1.6832,False,True,False
3492,2004-08-03 04:00:00,,866.0,603.0,1077.0,1459.0,589.0,25.8,50.9,1.6605,False,True,False
3493,2004-08-03 05:00:00,,872.0,617.0,1026.0,1456.0,585.0,27.2,47.2,1.6803,False,True,False
3494,2004-08-03 06:00:00,,922.0,664.0,973.0,1503.0,644.0,27.0,48.3,1.6946,False,True,False
3495,2004-08-03 07:00:00,,1362.0,1277.0,529.0,2188.0,1392.0,25.9,51.5,1.7,False,True,False
3496,2004-08-03 08:00:00,,1349.0,1333.0,487.0,2256.0,1533.0,27.4,48.6,1.7447,False,True,False
3497,2004-08-03 09:00:00,,1298.0,1215.0,539.0,2068.0,1404.0,29.1,45.5,1.7998,False,True,False
3498,2004-08-03 10:00:00,,1234.0,1154.0,596.0,1965.0,1204.0,32.8,36.9,1.803,False,True,False
3499,2004-08-03 11:00:00,,1147.0,999.0,697.0,1788.0,915.0,34.7,32.1,1.741,False,True,False
3500,2004-08-03 12:00:00,,1173.0,1061.0,650.0,1858.0,940.0,33.7,35.1,1.8022,False,True,False
3501,2004-08-03 13:00:00,,1118.0,995.0,689.0,1779.0,863.0,35.1,32.4,1.7996,False,True,False
3502,2004-08-03 14:00:00,,1078.0,951.0,722.0,1718.0,747.0,35.4,30.9,1.7505,False,True,False
3503,2004-08-03 15:00:00,,1076.0,951.0,730.0,1675.0,704.0,36.5,28.7,1.7256,False,True,False
3504,2004-08-03 16:00:00,,1103.0,1014.0,684.0,1749.0,791.0,38.0,24.7,1.6073,False,True,False
3505,2004-08-03 17:00:00,,1117.0,1052.0,671.0,1780.0,824.0,37.5,24.4,1.5515,False,True,False
3506,2004-08-03 18:00:00,,1166.0,1108.0,622.0,1854.0,913.0,35.5,28.9,1.6468,False,True,False
3507,2004-08-03 19:00:00,,1157.0,1082.0,631.0,1854.0,907.0,31.9,37.5,1.7442,False,True,False
3508,2004-08-03 20:00:00,,1136.0,990.0,672.0,1807.0,918.0,30.1,45.0,1.8891,False,True,False
3509,2004-08-03 21:00:00,,1122.0,959.0,685.0,1798.0,914.0,28.8,48.9,1.9105,False,True,False
3510,2004-08-03 22:00:00,,1121.0,989.0,659.0,1821.0,955.0,28.8,48.8,1.9039,False,True,False
3511,2004-08-03 23:00:00,,1150.0,1020.0,645.0,1835.0,1063.0,28.0,49.0,1.8237,False,True,False
3512,2004-08-04 00:00:00,,1074.0,949.0,678.0,1751.0,982.0,27.5,51.5,1.8664,False,True,False
3513,2004-08-04 01:00:00,,1039.0,899.0,714.0,1717.0,914.0,27.3,51.5,1.844,False,True,False
3514,2004-08-04 02:00:00,,963.0,804.0,791.0,1658.0,861.0,26.7,53.3,1.8366,False,True,False
3515,2004-08-04 03:00:00,,889.0,710.0,889.0,1566.0,713.0,25.9,55.1,1.8117,False,True,False
3516,2004-08-04 04:00:00,,868.0,652.0,962.0,1526.0,740.0,27.0,51.8,1.8147,False,True,False
3517,2004-08-04 05:00:00,,877.0,654.0,987.0,1529.0,801.0,26.8,50.9,1.7693,False,True,False
3518,2004-08-04 06:00:00,,1056.0,893.0,733.0,1743.0,1132.0,25.0,57.0,1.7792,False,True,False
3519,2004-08-04 07:00:00,,1288.0,1278.0,521.0,2182.0,1473.0,26.2,52.8,1.7729,False,True,False
3520,2004-08-04 08:00:00,,1381.0,1454.0,455.0,2404.0,1607.0,28.3,47.6,1.7981,False,True,False
3521,2004-08-04 09:00:00,,1113.0,1001.0,663.0,1783.0,1146.0,29.9,42.1,1.7474,False,True,False
3522,2004-08-04 10:00:00,,1062.0,909.0,764.0,1687.0,867.0,33.0,35.4,1.7504,False,True,False
3523,2004-08-04 11:00:00,,1094.0,976.0,719.0,1753.0,869.0,35.6,30.6,1.7493,False,True,False
3524,2004-08-04 12:00:00,,1050.0,923.0,747.0,1662.0,744.0,37.1,27.9,1.7309,False,True,False
3525,2004-08-04 13:00:00,,1056.0,926.0,748.0,1643.0,702.0,37.9,25.7,1.6651,False,True,False
3526,2004-08-04 14:00:00,,944.0,814.0,852.0,1489.0,554.0,37.2,23.6,1.4764,False,True,False
3527,2004-08-04 15:00:00,,1003.0,901.0,813.0,1589.0,661.0,39.1,21.7,1.5031,False,True,False
3528,2004-08-04 16:00:00,,1018.0,881.0,828.0,1590.0,630.0,39.3,22.0,1.5366,False,True,False
3529,2004-08-04 17:00:00,,1108.0,1003.0,727.0,1710.0,803.0,38.2,23.8,1.5666,False,True,False
3530,2004-08-04 18:00:00,,1049.0,927.0,750.0,1659.0,727.0,34.0,33.2,1.7395,False,True,False
3531,2004-08-04 19:00:00,,1078.0,897.0,732.0,1751.0,894.0,25.5,58.6,1.8891,False,True,False
3532,2004-08-04 20:00:00,,999.0,867.0,785.0,1644.0,864.0,27.2,46.0,1.6376,False,True,False
3533,2004-08-04 21:00:00,,943.0,798.0,846.0,1571.0,743.0,27.6,45.2,1.6479,False,True,False
3534,2004-08-04 22:00:00,,987.0,790.0,838.0,1608.0,830.0,25.4,52.7,1.6867,False,True,False
3535,2004-08-04 23:00:00,,939.0,743.0,894.0,1539.0,675.0,26.1,49.4,1.6491,False,True,False
3536,2004-08-05 00:00:00,,1015.0,840.0,783.0,1664.0,839.0,25.0,53.6,1.6721,False,True,False
3537,2004-08-05 01:00:00,,935.0,737.0,869.0,1548.0,758.0,25.4,52.9,1.698,False,True,False
3538,2004-08-05 02:00:00,,908.0,700.0,922.0,1547.0,644.0,25.4,54.4,1.7384,False,True,False
3539,2004-08-05 03:00:00,,853.0,605.0,1032.0,1488.0,615.0,25.4,54.6,1.7432,False,True,False
3540,2004-08-05 04:00:00,,851.0,592.0,1054.0,1482.0,578.0,24.5,57.1,1.7327,False,True,False
3541,2004-08-05 05:00:00,,957.0,705.0,857.0,1578.0,843.0,22.8,63.7,1.7392,False,True,False
3542,2004-08-05 06:00:00,,1059.0,836.0,742.0,1675.0,1113.0,22.6,64.1,1.7358,False,True,False
3543,2004-08-05 07:00:00,,1261.0,1134.0,557.0,2015.0,1388.0,24.3,58.0,1.7429,False,True,False
3544,2004-08-05 08:00:00,,1215.0,1150.0,574.0,1962.0,1310.0,26.5,50.4,1.7215,False,True,False
3545,2004-08-05 09:00:00,,1097.0,940.0,676.0,1727.0,1056.0,28.1,45.4,1.697,False,True,False
3546,2004-08-05 10:00:00,,1135.0,1030.0,662.0,1789.0,1104.0,31.7,36.7,1.6843,False,True,False
3547,2004-08-05 11:00:00,,1117.0,1020.0,706.0,1731.0,973.0,35.8,28.7,1.6626,False,True,False
3548,2004-08-05 12:00:00,,1108.0,985.0,727.0,1708.0,1001.0,36.8,27.2,1.6623,False,True,False
3549,2004-08-05 13:00:00,,1038.0,906.0,808.0,1567.0,747.0,38.3,24.5,1.622,False,True,False
3550,2004-08-05 14:00:00,,985.0,838.0,850.0,1541.0,653.0,34.2,30.8,1.6299,False,True,False
3551,2004-08-05 15:00:00,,1100.0,832.0,767.0,1695.0,934.0,28.7,51.4,1.9871,False,True,False
3552,2004-08-05 16:00:00,,1067.0,855.0,748.0,1700.0,811.0,23.9,69.1,2.0202,False,True,False
3553,2004-08-05 17:00:00,,1140.0,963.0,669.0,1815.0,918.0,21.5,78.8,1.9939,False,True,False
3554,2004-08-05 18:00:00,,1113.0,954.0,682.0,1801.0,899.0,21.6,78.5,1.994,False,True,False
3555,2004-08-05 19:00:00,,1124.0,984.0,678.0,1826.0,902.0,21.5,78.4,1.9818,False,True,False
3556,2004-08-05 20:00:00,,1056.0,886.0,732.0,1721.0,900.0,20.8,80.9,1.9637,False,True,False
3557,2004-08-05 21:00:00,,1002.0,783.0,805.0,1623.0,875.0,20.7,81.8,1.9717,False,True,False
3558,2004-08-05 22:00:00,,971.0,789.0,816.0,1594.0,879.0,23.1,70.1,1.9582,False,True,False
3559,2004-08-05 23:00:00,,1001.0,799.0,829.0,1619.0,859.0,22.7,68.4,1.8627,False,True,False
3560,2004-08-06 00:00:00,,1058.0,867.0,731.0,1685.0,1048.0,22.1,72.6,1.9105,False,True,False
3561,2004-08-06 01:00:00,,1030.0,848.0,734.0,1691.0,1048.0,21.8,74.1,1.915,False,True,False
3562,2004-08-06 02:00:00,,950.0,762.0,827.0,1616.0,959.0,21.9,72.8,1.8944,False,True,False
3563,2004-08-06 03:00:00,,912.0,716.0,875.0,1586.0,898.0,21.7,73.2,1.8763,False,True,False
3564,2004-08-06 04:00:00,,893.0,676.0,930.0,1567.0,859.0,21.4,75.5,1.9033,False,True,False
3565,2004-08-06 05:00:00,0.7,938.0,734.0,847.0,1607.0,947.0,21.4,75.5,1.9069,True,False,False
3566,2004-08-06 06:00:00,1.2,1065.0,889.0,722.0,1760.0,1081.0,21.9,74.9,1.9396,True,False,False
3567,2004-08-06 07:00:00,2.3,1240.0,1102.0,588.0,1989.0,1257.0,22.0,75.9,1.9817,True,False,False
3568,2004-08-06 08:00:00,3.0,1307.0,1270.0,516.0,2191.0,1404.0,22.5,74.9,2.019,True,False,False
3569,2004-08-06 09:00:00,2.9,1229.0,1188.0,557.0,2033.0,1412.0,24.5,66.2,2.0011,True,False,False
3570,2004-08-06 10:00:00,2.6,1220.0,1122.0,601.0,1974.0,1428.0,25.6,61.2,1.9808,True,False,False
3571,2004-08-06 11:00:00,2.6,1218.0,1168.0,607.0,2000.0,1451.0,29.3,48.4,1.9367,True,False,False
3572,2004-08-06 12:00:00,2.6,1171.0,1129.0,631.0,1911.0,1346.0,33.5,36.0,1.8395,True,False,False
3573,2004-08-06 13:00:00,2.1,1067.0,995.0,717.0,1730.0,1093.0,35.6,29.8,1.7045,True,False,False
3574,2004-08-06 14:00:00,1.7,1054.0,985.0,735.0,1742.0,940.0,33.7,33.4,1.7186,True,False,False
3575,2004-08-06 15:00:00,1.9,1051.0,1003.0,711.0,1715.0,909.0,34.1,33.3,1.7509,True,False,False
3576,2004-08-06 16:00:00,2.5,1103.0,1035.0,672.0,1834.0,1005.0,31.5,43.5,1.9797,True,False,False
3577,2004-08-06 17:00:00,1.1,970.0,894.0,761.0,1649.0,756.0,32.5,40.6,1.9481,True,False,False
3578,2004-08-06 18:00:00,2.1,1100.0,1038.0,668.0,1873.0,1080.0,29.8,45.2,1.8642,True,False,False
3579,2004-08-06 19:00:00,2.6,1129.0,1137.0,606.0,1952.0,1220.0,27.7,49.9,1.8189,True,False,False
3580,2004-08-06 20:00:00,2.6,1126.0,1089.0,620.0,1886.0,1208.0,26.4,54.6,1.8459,True,False,False
3581,2004-08-06 21:00:00,1.7,1019.0,971.0,692.0,1760.0,1057.0,25.5,58.0,1.8611,True,False,False
3582,2004-08-06 22:00:00,1.5,1011.0,930.0,728.0,1723.0,1009.0,25.1,59.9,1.8797,True,False,False
3583,2004-08-06 23:00:00,1.8,1039.0,991.0,685.0,1820.0,1088.0,24.1,63.5,1.8828,True,False,False
3584,2004-08-07 00:00:00,1.4,974.0,920.0,718.0,1755.0,1062.0,23.8,65.0,1.8897,True,False,False
3585,2004-08-07 01:00:00,1.2,925.0,831.0,789.0,1662.0,975.0,23.4,64.9,1.843,True,False,False
3586,2004-08-07 02:00:00,0.7,810.0,674.0,976.0,1530.0,793.0,24.4,58.6,1.7714,True,False,False
3587,2004-08-07 03:00:00,0.6,800.0,627.0,1032.0,1519.0,787.0,23.3,63.3,1.7895,True,False,False
3588,2004-08-07 04:00:00,0.7,813.0,645.0,990.0,1530.0,802.0,21.9,67.1,1.7414,True,False,False
3589,2004-08-07 05:00:00,0.5,788.0,604.0,1068.0,1507.0,754.0,23.6,61.2,1.7588,True,False,False
3590,2004-08-07 06:00:00,0.6,815.0,670.0,971.0,1538.0,774.0,22.6,63.4,1.7136,True,False,False
3591,2004-08-07 07:00:00,0.9,868.0,771.0,840.0,1608.0,860.0,22.9,62.6,1.7253,True,False,False
3592,2004-08-07 08:00:00,1.2,951.0,886.0,742.0,1705.0,988.0,23.3,61.8,1.7504,True,False,False
3593,2004-08-07 09:00:00,2.0,1075.0,996.0,649.0,1838.0,1113.0,25.4,56.2,1.7961,True,False,False
3594,2004-08-07 10:00:00,1.9,1058.0,1012.0,676.0,1782.0,1063.0,30.6,41.9,1.8104,True,False,False
3595,2004-08-07 11:00:00,1.7,1012.0,914.0,760.0,1653.0,858.0,33.5,34.0,1.73,True,False,False
3596,2004-08-07 12:00:00,1.2,929.0,811.0,862.0,1541.0,642.0,35.5,29.8,1.7004,True,False,False
3597,2004-08-07 13:00:00,1.1,902.0,813.0,875.0,1518.0,588.0,37.5,24.7,1.5637,True,False,False
3598,2004-08-07 14:00:00,1.0,836.0,750.0,960.0,1390.0,484.0,35.1,25.2,1.402,True,False,False
3599,2004-08-07 15:00:00,1.0,858.0,776.0,947.0,1431.0,498.0,38.1,21.1,1.3863,True,False,False
3600,2004-08-07 16:00:00,1.0,886.0,803.0,939.0,1460.0,538.0,38.5,21.8,1.4653,True,False,False
3601,2004-08-07 17:00:00,1.2,974.0,833.0,864.0,1577.0,565.0,36.8,29.5,1.8037,True,False,False
3602,2004-08-07 18:00:00,1.6,1008.0,915.0,783.0,1643.0,672.0,34.9,33.4,1.8384,True,False,False
3603,2004-08-07 19:00:00,1.6,990.0,912.0,777.0,1648.0,689.0,32.2,37.4,1.7655,True,False,False
3604,2004-08-07 20:00:00,1.6,981.0,917.0,740.0,1649.0,714.0,29.7,41.7,1.7081,True,False,False
3605,2004-08-07 21:00:00,1.3,954.0,828.0,793.0,1589.0,631.0,27.7,47.4,1.7344,True,False,False
3606,2004-08-07 22:00:00,1.9,1030.0,988.0,686.0,1751.0,829.0,27.3,49.4,1.7602,True,False,False
3607,2004-08-07 23:00:00,1.9,1033.0,1011.0,681.0,1768.0,875.0,26.3,51.3,1.7251,True,False,False
3608,2004-08-08 00:00:00,1.5,963.0,872.0,767.0,1617.0,803.0,25.7,54.1,1.7546,True,False,False
3609,2004-08-08 01:00:00,1.1,918.0,805.0,816.0,1571.0,759.0,25.4,55.1,1.7628,True,False,False
3610,2004-08-08 02:00:00,0.8,868.0,736.0,894.0,1548.0,638.0,24.9,57.3,1.7822,True,False,False
3611,2004-08-08 03:00:00,0.9,886.0,744.0,869.0,1590.0,700.0,24.1,61.8,1.8339,True,False,False
3612,2004-08-08 04:00:00,0.6,813.0,609.0,1017.0,1473.0,615.0,23.9,61.2,1.7871,True,False,False
3613,2004-08-08 05:00:00,0.6,815.0,616.0,1080.0,1532.0,596.0,23.8,61.3,1.7881,True,False,False
3614,2004-08-08 06:00:00,0.7,815.0,627.0,1049.0,1518.0,650.0,23.4,61.7,1.7495,True,False,False
3615,2004-08-08 07:00:00,0.6,835.0,638.0,1024.0,1506.0,655.0,24.3,58.4,1.7508,True,False,False
3616,2004-08-08 08:00:00,1.0,921.0,738.0,901.0,1585.0,779.0,25.1,56.6,1.7798,True,False,False
3617,2004-08-08 09:00:00,1.2,963.0,774.0,839.0,1621.0,758.0,27.3,51.3,1.835,True,False,False
3618,2004-08-08 10:00:00,1.0,935.0,724.0,936.0,1574.0,598.0,29.5,45.9,1.8662,True,False,False
3619,2004-08-08 11:00:00,1.3,1007.0,751.0,849.0,1649.0,643.0,27.6,52.4,1.9055,True,False,False
3620,2004-08-08 12:00:00,1.4,1032.0,744.0,813.0,1695.0,778.0,25.4,68.0,2.1806,True,False,False
3621,2004-08-08 13:00:00,0.8,901.0,689.0,964.0,1543.0,522.0,32.2,40.3,1.8999,True,False,False
3622,2004-08-08 14:00:00,0.6,851.0,627.0,1129.0,1433.0,419.0,31.6,38.9,1.7838,True,False,False
3623,2004-08-08 15:00:00,0.7,877.0,655.0,1061.0,1471.0,444.0,33.0,37.3,1.8481,True,False,False
3624,2004-08-08 16:00:00,0.8,909.0,690.0,1039.0,1488.0,474.0,35.1,32.1,1.7841,True,False,False
3625,2004-08-08 17:00:00,0.9,908.0,715.0,988.0,1479.0,495.0,35.0,31.1,1.7173,True,False,False
3626,2004-08-08 18:00:00,1.0,926.0,763.0,949.0,1491.0,504.0,33.8,32.1,1.6596,True,False,False
3627,2004-08-08 19:00:00,1.5,1010.0,836.0,848.0,1577.0,616.0,31.1,38.8,1.7295,True,False,False
3628,2004-08-08 20:00:00,1.5,1031.0,868.0,798.0,1634.0,690.0,29.0,46.1,1.8141,True,False,False
3629,2004-08-08 21:00:00,1.7,1070.0,905.0,745.0,1702.0,846.0,28.1,50.6,1.8969,True,False,False
3630,2004-08-08 22:00:00,1.9,1124.0,992.0,660.0,1791.0,1013.0,27.1,54.7,1.9284,True,False,False
3631,2004-08-08 23:00:00,1.7,1066.0,940.0,683.0,1744.0,978.0,26.6,56.4,1.9349,True,False,False
3632,2004-08-09 00:00:00,1.2,1001.0,836.0,771.0,1662.0,821.0,25.8,60.4,1.9759,True,False,False
3633,2004-08-09 01:00:00,1.1,967.0,824.0,774.0,1637.0,862.0,25.5,61.6,1.9804,True,False,False
3634,2004-08-09 02:00:00,0.8,901.0,733.0,888.0,1605.0,755.0,24.9,63.5,1.9647,True,False,False
3635,2004-08-09 03:00:00,0.5,835.0,638.0,997.0,1526.0,715.0,24.3,65.1,1.9475,True,False,False
3636,2004-08-09 04:00:00,,820.0,598.0,1065.0,1511.0,684.0,23.8,65.7,1.9079,False,True,False
3637,2004-08-09 05:00:00,0.7,896.0,694.0,941.0,1583.0,853.0,23.2,68.0,1.9045,True,False,False
3638,2004-08-09 06:00:00,1.2,996.0,872.0,756.0,1727.0,990.0,23.2,67.5,1.899,True,False,False
3639,2004-08-09 07:00:00,2.3,1159.0,1151.0,579.0,2005.0,1206.0,24.3,63.3,1.8929,True,False,False
3640,2004-08-09 08:00:00,2.5,1185.0,1152.0,578.0,2003.0,1274.0,25.5,59.7,1.9193,True,False,False
3641,2004-08-09 09:00:00,2.4,1168.0,1138.0,585.0,1946.0,1336.0,27.7,52.5,1.9138,True,False,False
3642,2004-08-09 10:00:00,1.4,1044.0,970.0,715.0,1751.0,1068.0,31.8,38.9,1.8005,True,False,False
3643,2004-08-09 11:00:00,1.2,983.0,897.0,800.0,1608.0,804.0,32.7,34.1,1.6592,True,False,False
3644,2004-08-09 12:00:00,1.6,1032.0,912.0,764.0,1661.0,826.0,34.3,31.5,1.6745,True,False,False
3645,2004-08-09 13:00:00,1.4,1019.0,889.0,787.0,1630.0,745.0,34.2,31.5,1.6675,True,False,False
3646,2004-08-09 14:00:00,1.2,982.0,844.0,835.0,1567.0,638.0,33.9,32.3,1.6809,True,False,False
3647,2004-08-09 15:00:00,1.5,1016.0,880.0,783.0,1617.0,684.0,34.4,31.9,1.7005,True,False,False
3648,2004-08-09 16:00:00,1.4,,,,,,,,,False,False,True
3649,2004-08-09 17:00:00,1.5,,,,,,,,,False,False,True
3650,2004-08-09 18:00:00,1.7,,,,,,,,,False,False,True
3651,2004-08-09 19:00:00,2.2,,,,,,,,,False,False,True
3652,2004-08-09 20:00:00,1.9,1091.0,925.0,730.0,1685.0,1020.0,29.8,41.7,1.7167,True,False,False
3653,2004-08-09 21:00:00,1.6,1109.0,965.0,696.0,1742.0,1100.0,28.8,45.9,1.7884,True,False,False
3654,2004-08-09 22:00:00,1.5,1098.0,944.0,687.0,1772.0,1086.0,28.2,51.1,1.9221,True,False,False
3655,2004-08-09 23:00:00,1.4,1088.0,945.0,674.0,1765.0,1060.0,27.5,54.4,1.9705,True,False,False
3656,2004-08-10 00:00:00,1.0,1035.0,859.0,732.0,1680.0,996.0,27.4,55.0,1.9827,True,False,False
3657,2004-08-10 01:00:00,0.7,942.0,758.0,824.0,1567.0,856.0,28.1,51.6,1.9269,True,False,False
3658,2004-08-10 02:00:00,0.5,902.0,680.0,919.0,1535.0,722.0,26.3,56.5,1.9027,True,False,False
3659,2004-08-10 03:00:00,0.5,919.0,704.0,861.0,1603.0,860.0,24.4,65.0,1.9612,True,False,False
3660,2004-08-10 04:00:00,0.5,875.0,665.0,919.0,1559.0,772.0,24.4,63.6,1.9218,True,False,False
3661,2004-08-10 05:00:00,0.7,927.0,747.0,830.0,1633.0,910.0,23.5,67.4,1.9305,True,False,False
3662,2004-08-10 06:00:00,1.2,1032.0,883.0,718.0,1742.0,1051.0,23.4,65.7,1.872,True,False,False
3663,2004-08-10 07:00:00,2.2,1193.0,1139.0,563.0,2009.0,1257.0,24.5,61.3,1.8522,True,False,False
3664,2004-08-10 08:00:00,2.9,1268.0,1259.0,519.0,2114.0,1410.0,26.0,55.8,1.8536,True,False,False
3665,2004-08-10 09:00:00,2.6,1238.0,1144.0,565.0,1939.0,1433.0,28.5,48.5,1.8607,True,False,False
3666,2004-08-10 10:00:00,2.6,1230.0,1133.0,604.0,1909.0,1413.0,33.6,35.7,1.8229,True,False,False
3667,2004-08-10 11:00:00,2.2,1161.0,1074.0,646.0,1777.0,1206.0,36.5,28.9,1.7359,True,False,False
3668,2004-08-10 12:00:00,1.5,1048.0,949.0,764.0,1607.0,831.0,39.0,23.7,1.6346,True,False,False
3669,2004-08-10 13:00:00,0.9,929.0,752.0,955.0,1385.0,544.0,38.8,23.7,1.6093,True,False,False
3670,2004-08-10 14:00:00,1.0,950.0,783.0,914.0,1443.0,525.0,38.0,24.0,1.5686,True,False,False
3671,2004-08-10 15:00:00,1.1,1013.0,864.0,819.0,1544.0,644.0,40.5,23.3,1.7416,True,False,False
3672,2004-08-10 16:00:00,1.2,1034.0,845.0,841.0,1566.0,702.0,39.8,25.4,1.8213,True,False,False
3673,2004-08-10 17:00:00,1.8,1082.0,965.0,760.0,1649.0,844.0,39.6,23.3,1.6535,True,False,False
3674,2004-08-10 18:00:00,1.8,1110.0,1012.0,720.0,1725.0,905.0,38.8,24.7,1.6772,True,False,False
3675,2004-08-10 19:00:00,1.7,1118.0,999.0,706.0,1766.0,878.0,34.7,35.9,1.9528,True,False,False
3676,2004-08-10 20:00:00,1.7,1136.0,967.0,703.0,1801.0,927.0,32.3,43.6,2.07,True,False,False
3677,2004-08-10 21:00:00,1.6,1106.0,924.0,725.0,1757.0,910.0,30.7,48.1,2.0821,True,False,False
3678,2004-08-10 22:00:00,1.7,1151.0,984.0,678.0,1823.0,1024.0,29.5,50.6,2.0492,True,False,False
3679,2004-08-10 23:00:00,1.8,1144.0,997.0,669.0,1816.0,1021.0,28.8,52.0,2.0297,True,False,False
3680,2004-08-11 00:00:00,1.5,1118.0,930.0,697.0,1748.0,1027.0,28.2,55.0,2.0697,True,False,False
3681,2004-08-11 01:00:00,1.2,1066.0,839.0,740.0,1700.0,993.0,27.2,59.1,2.0997,True,False,False
3682,2004-08-11 02:00:00,0.8,991.0,778.0,797.0,1665.0,910.0,26.7,60.7,2.0977,True,False,False
3683,2004-08-11 03:00:00,0.5,906.0,650.0,961.0,1581.0,768.0,26.9,60.3,2.1074,True,False,False
3684,2004-08-11 04:00:00,0.5,903.0,662.0,932.0,1590.0,760.0,26.4,61.6,2.0931,True,False,False
3685,2004-08-11 05:00:00,0.7,941.0,685.0,895.0,1632.0,834.0,25.9,63.6,2.102,True,False,False
3686,2004-08-11 06:00:00,1.1,1074.0,866.0,717.0,1768.0,1075.0,26.1,63.7,2.117,True,False,False
3687,2004-08-11 07:00:00,1.4,1114.0,958.0,663.0,1836.0,1167.0,26.8,60.5,2.1008,True,False,False
3688,2004-08-11 08:00:00,1.7,1162.0,1019.0,622.0,1904.0,1178.0,27.9,56.5,2.0895,True,False,False
3689,2004-08-11 09:00:00,1.8,1165.0,967.0,651.0,1825.0,1120.0,29.8,51.1,2.1054,True,False,False
3690,2004-08-11 10:00:00,1.8,1179.0,957.0,680.0,1819.0,1131.0,33.6,41.0,2.0995,True,False,False
3691,2004-08-11 11:00:00,1.7,1144.0,913.0,715.0,1782.0,972.0,35.1,38.1,2.1144,True,False,False
3692,2004-08-11 12:00:00,1.3,1066.0,813.0,792.0,1657.0,764.0,36.2,34.9,2.0578,True,False,False
3693,2004-08-11 13:00:00,1.3,1056.0,802.0,824.0,1620.0,670.0,38.0,30.7,2.0022,True,False,False
3694,2004-08-11 14:00:00,1.0,995.0,769.0,882.0,1576.0,615.0,36.6,30.8,1.8617,True,False,False
3695,2004-08-11 15:00:00,1.0,967.0,740.0,926.0,1526.0,557.0,38.8,25.4,1.7282,True,False,False
3696,2004-08-11 16:00:00,1.4,1048.0,839.0,845.0,1607.0,700.0,38.7,25.8,1.7426,True,False,False
3697,2004-08-11 17:00:00,1.6,1092.0,901.0,777.0,1691.0,734.0,37.4,29.9,1.8848,True,False,False
3698,2004-08-11 18:00:00,1.4,1056.0,883.0,799.0,1672.0,684.0,36.2,31.1,1.8371,True,False,False
3699,2004-08-11 19:00:00,1.7,1100.0,982.0,720.0,1760.0,823.0,33.8,34.5,1.7788,True,False,False
3700,2004-08-11 20:00:00,1.4,1057.0,890.0,778.0,1701.0,801.0,31.4,40.7,1.8377,True,False,False
3701,2004-08-11 21:00:00,1.5,1068.0,917.0,736.0,1728.0,916.0,30.8,45.0,1.9733,True,False,False
3702,2004-08-11 22:00:00,1.4,1050.0,887.0,770.0,1696.0,820.0,29.4,50.0,2.0181,True,False,False
3703,2004-08-11 23:00:00,1.5,1074.0,884.0,764.0,1726.0,838.0,28.1,54.1,2.029,True,False,False
3704,2004-08-12 00:00:00,1.6,1053.0,895.0,745.0,1727.0,882.0,27.3,57.8,2.0646,True,False,False
3705,2004-08-12 01:00:00,1.2,1003.0,825.0,794.0,1716.0,801.0,26.7,60.6,2.0942,True,False,False
3706,2004-08-12 02:00:00,0.9,933.0,701.0,906.0,1638.0,690.0,25.9,64.5,2.1247,True,False,False
3707,2004-08-12 03:00:00,0.6,869.0,614.0,1001.0,1565.0,674.0,25.6,63.5,2.0566,True,False,False
3708,2004-08-12 04:00:00,,864.0,617.0,1027.0,1561.0,622.0,26.7,61.0,2.101,False,True,False
3709,2004-08-12 05:00:00,0.7,931.0,721.0,888.0,1651.0,799.0,25.8,64.6,2.1195,True,False,False
3710,2004-08-12 06:00:00,0.7,921.0,738.0,893.0,1623.0,818.0,26.5,60.6,2.063,True,False,False
3711,2004-08-12 07:00:00,1.7,1139.0,1013.0,672.0,1932.0,1034.0,26.4,61.7,2.0929,True,False,False
3712,2004-08-12 08:00:00,2.2,1205.0,1118.0,585.0,2019.0,1189.0,27.5,60.1,2.1719,True,False,False
3713,2004-08-12 09:00:00,1.9,1126.0,957.0,694.0,1841.0,1034.0,29.4,53.1,2.1362,True,False,False
3714,2004-08-12 10:00:00,1.5,1066.0,855.0,803.0,1712.0,929.0,33.4,39.9,2.0177,True,False,False
3715,2004-08-12 11:00:00,1.6,1069.0,867.0,785.0,1717.0,880.0,33.2,39.2,1.9642,True,False,False
3716,2004-08-12 12:00:00,1.3,975.0,788.0,851.0,1629.0,701.0,34.5,35.1,1.8856,True,False,False
3717,2004-08-12 13:00:00,1.1,955.0,766.0,898.0,1597.0,620.0,37.1,30.5,1.8962,True,False,False
3718,2004-08-12 14:00:00,1.0,949.0,764.0,898.0,1579.0,573.0,35.9,32.1,1.8697,True,False,False
3719,2004-08-12 15:00:00,1.0,941.0,792.0,897.0,1582.0,544.0,37.3,28.0,1.7537,True,False,False
3720,2004-08-12 16:00:00,1.1,942.0,800.0,877.0,1567.0,581.0,38.1,26.3,1.7252,True,False,False
3721,2004-08-12 17:00:00,1.3,974.0,855.0,836.0,1607.0,610.0,37.1,27.2,1.6844,True,False,False
3722,2004-08-12 18:00:00,1.5,1012.0,904.0,794.0,1653.0,695.0,35.2,31.2,1.7485,True,False,False
3723,2004-08-12 19:00:00,1.6,1017.0,929.0,772.0,1702.0,709.0,32.1,38.7,1.819,True,False,False
3724,2004-08-12 20:00:00,1.5,1006.0,896.0,797.0,1697.0,736.0,30.3,45.1,1.9129,True,False,False
3725,2004-08-12 21:00:00,1.3,1008.0,878.0,792.0,1691.0,722.0,29.3,50.2,2.0127,True,False,False
3726,2004-08-12 22:00:00,1.2,989.0,814.0,845.0,1657.0,680.0,28.6,53.7,2.0691,True,False,False
3727,2004-08-12 23:00:00,1.6,1080.0,920.0,739.0,1761.0,772.0,27.8,57.4,2.1107,True,False,False
3728,2004-08-13 00:00:00,1.4,1033.0,856.0,774.0,1736.0,769.0,27.4,59.4,2.1395,True,False,False
3729,2004-08-13 01:00:00,1.1,968.0,794.0,836.0,1688.0,654.0,27.2,59.3,2.1059,True,False,False
3730,2004-08-13 02:00:00,0.7,853.0,626.0,1045.0,1557.0,516.0,26.7,61.0,2.1005,True,False,False
3731,2004-08-13 03:00:00,0.4,810.0,544.0,1264.0,1485.0,447.0,26.0,62.7,2.0737,True,False,False
3732,2004-08-13 04:00:00,0.5,817.0,558.0,1232.0,1485.0,452.0,25.4,63.1,2.0184,True,False,False
3733,2004-08-13 05:00:00,0.5,840.0,586.0,1154.0,1499.0,492.0,26.1,60.3,2.012,True,False,False
3734,2004-08-13 06:00:00,0.8,940.0,709.0,956.0,1641.0,588.0,25.2,67.1,2.1164,True,False,False
3735,2004-08-13 07:00:00,1.6,1076.0,924.0,720.0,1806.0,909.0,26.0,61.9,2.0511,True,False,False
3736,2004-08-13 08:00:00,1.6,1086.0,981.0,688.0,1818.0,1007.0,27.0,57.5,2.0183,True,False,False
3737,2004-08-13 09:00:00,1.4,1031.0,929.0,759.0,1722.0,809.0,30.5,44.4,1.9076,True,False,False
3738,2004-08-13 10:00:00,1.5,1016.0,896.0,766.0,1704.0,820.0,33.4,35.1,1.781,True,False,False
3739,2004-08-13 11:00:00,1.2,953.0,801.0,868.0,1573.0,657.0,35.7,29.0,1.6716,True,False,False
3740,2004-08-13 12:00:00,1.1,918.0,779.0,896.0,1537.0,551.0,35.8,27.7,1.6041,True,False,False
3741,2004-08-13 13:00:00,0.8,892.0,724.0,971.0,1490.0,511.0,36.3,27.4,1.6264,True,False,False
3742,2004-08-13 14:00:00,0.7,841.0,673.0,1061.0,1394.0,451.0,33.6,28.8,1.4695,True,False,False
3743,2004-08-13 15:00:00,0.7,799.0,709.0,1078.0,1332.0,462.0,35.2,20.5,1.1418,True,False,False
3744,2004-08-13 16:00:00,0.7,838.0,726.0,1056.0,1382.0,440.0,35.0,22.4,1.2371,True,False,False
3745,2004-08-13 17:00:00,1.0,870.0,745.0,998.0,1400.0,472.0,34.0,25.2,1.314,True,False,False
3746,2004-08-13 18:00:00,1.0,892.0,771.0,965.0,1465.0,494.0,32.0,28.2,1.3204,True,False,False
3747,2004-08-13 19:00:00,1.2,926.0,805.0,901.0,1511.0,524.0,29.4,34.4,1.3899,True,False,False
3748,2004-08-13 20:00:00,1.1,919.0,796.0,870.0,1538.0,560.0,28.1,41.1,1.535,True,False,False
3749,2004-08-13 21:00:00,1.0,932.0,746.0,912.0,1528.0,534.0,26.9,47.5,1.6595,True,False,False
3750,2004-08-13 22:00:00,1.2,957.0,767.0,867.0,1534.0,577.0,26.6,50.4,1.724,True,False,False
3751,2004-08-13 23:00:00,1.4,994.0,806.0,830.0,1580.0,674.0,25.9,52.9,1.7478,True,False,False
3752,2004-08-14 00:00:00,1.3,984.0,795.0,838.0,1570.0,676.0,25.4,54.6,1.7483,True,False,False
3753,2004-08-14 01:00:00,1.0,919.0,737.0,899.0,1534.0,611.0,25.1,55.7,1.7471,True,False,False
3754,2004-08-14 02:00:00,0.6,847.0,618.0,1075.0,1442.0,529.0,25.1,55.3,1.733,True,False,False
3755,2004-08-14 03:00:00,0.4,802.0,559.0,1232.0,1414.0,478.0,25.0,56.0,1.7428,True,False,False
3756,2004-08-14 04:00:00,0.4,795.0,569.0,1178.0,1426.0,497.0,25.2,55.0,1.7405,True,False,False
3757,2004-08-14 05:00:00,0.4,809.0,578.0,1170.0,1445.0,513.0,25.6,53.5,1.7291,True,False,False
3758,2004-08-14 06:00:00,0.5,835.0,626.0,1088.0,1471.0,563.0,24.7,55.9,1.7114,True,False,False
3759,2004-08-14 07:00:00,1.1,967.0,826.0,821.0,1639.0,822.0,24.0,57.2,1.6835,True,False,False
3760,2004-08-14 08:00:00,1.2,969.0,849.0,800.0,1626.0,890.0,25.0,53.2,1.663,True,False,False
3761,2004-08-14 09:00:00,0.9,913.0,749.0,911.0,1535.0,742.0,28.0,43.4,1.6162,True,False,False
3762,2004-08-14 10:00:00,0.9,933.0,748.0,948.0,1551.0,629.0,31.6,35.5,1.6269,True,False,False
3763,2004-08-14 11:00:00,1.0,922.0,712.0,924.0,1494.0,609.0,35.0,29.0,1.6017,True,False,False
3764,2004-08-14 12:00:00,0.8,914.0,726.0,959.0,1496.0,534.0,35.3,27.6,1.5512,True,False,False
3765,2004-08-14 13:00:00,0.8,873.0,699.0,999.0,1413.0,528.0,36.2,24.1,1.4235,True,False,False
3766,2004-08-14 14:00:00,0.7,831.0,676.0,1041.0,1350.0,463.0,34.8,24.5,1.3373,True,False,False
3767,2004-08-14 15:00:00,0.7,840.0,685.0,1051.0,1339.0,462.0,38.2,19.6,1.2915,True,False,False
3768,2004-08-14 16:00:00,0.7,874.0,686.0,1032.0,1402.0,501.0,38.9,20.3,1.382,True,False,False
3769,2004-08-14 17:00:00,0.7,896.0,687.0,1006.0,1438.0,493.0,36.9,27.1,1.6683,True,False,False
3770,2004-08-14 18:00:00,0.9,964.0,769.0,873.0,1546.0,572.0,35.2,32.1,1.7898,True,False,False
3771,2004-08-14 19:00:00,1.2,1001.0,838.0,801.0,1614.0,668.0,32.0,38.2,1.788,True,False,False
3772,2004-08-14 20:00:00,1.4,1005.0,868.0,779.0,1633.0,771.0,29.8,41.8,1.7269,True,False,False
3773,2004-08-14 21:00:00,1.2,979.0,818.0,797.0,1590.0,732.0,28.2,45.9,1.7272,True,False,False
3774,2004-08-14 22:00:00,1.0,935.0,774.0,825.0,1562.0,687.0,27.1,48.2,1.7075,True,False,False
3775,2004-08-14 23:00:00,0.9,939.0,758.0,858.0,1544.0,664.0,26.7,49.5,1.7048,True,False,False
3776,2004-08-15 00:00:00,0.7,878.0,684.0,947.0,1475.0,588.0,26.1,50.8,1.6917,True,False,False
3777,2004-08-15 01:00:00,0.5,848.0,650.0,989.0,1479.0,610.0,25.7,52.5,1.7077,True,False,False
3778,2004-08-15 02:00:00,0.5,826.0,631.0,1028.0,1473.0,593.0,24.8,55.4,1.7054,True,False,False
3779,2004-08-15 03:00:00,0.4,804.0,597.0,1077.0,1454.0,566.0,23.8,57.5,1.6723,True,False,False
3780,2004-08-15 04:00:00,,789.0,584.0,1107.0,1457.0,571.0,22.4,62.2,1.6648,False,True,False
3781,2004-08-15 05:00:00,0.4,785.0,612.0,1054.0,1443.0,614.0,22.5,61.8,1.6654,True,False,False
3782,2004-08-15 06:00:00,0.4,772.0,584.0,1149.0,1414.0,566.0,22.7,59.2,1.6139,True,False,False
3783,2004-08-15 07:00:00,0.5,796.0,623.0,1064.0,1425.0,594.0,23.0,58.4,1.6223,True,False,False
3784,2004-08-15 08:00:00,0.7,875.0,682.0,983.0,1457.0,611.0,23.9,56.3,1.6489,True,False,False
3785,2004-08-15 09:00:00,1.1,955.0,811.0,841.0,1562.0,759.0,26.3,50.1,1.6889,True,False,False
3786,2004-08-15 10:00:00,1.0,938.0,778.0,896.0,1520.0,700.0,32.1,34.0,1.6039,True,False,False
3787,2004-08-15 11:00:00,1.2,954.0,826.0,870.0,1531.0,691.0,35.8,25.7,1.4861,True,False,False
3788,2004-08-15 12:00:00,1.1,875.0,753.0,978.0,1402.0,579.0,38.3,19.8,1.3067,True,False,False
3789,2004-08-15 13:00:00,0.6,810.0,664.0,1123.0,1312.0,478.0,37.3,20.5,1.286,True,False,False
3790,2004-08-15 14:00:00,0.4,746.0,624.0,1227.0,1209.0,410.0,36.3,18.4,1.0976,True,False,False
3791,2004-08-15 15:00:00,0.4,738.0,610.0,1281.0,1204.0,404.0,36.8,16.9,1.0347,True,False,False
3792,2004-08-15 16:00:00,0.5,771.0,652.0,1223.0,1239.0,440.0,37.9,15.9,1.0296,True,False,False
3793,2004-08-15 17:00:00,0.6,799.0,658.0,1216.0,1254.0,461.0,36.7,17.1,1.0398,True,False,False
3794,2004-08-15 18:00:00,0.8,831.0,679.0,1143.0,1291.0,526.0,33.8,21.9,1.1303,True,False,False
3795,2004-08-15 19:00:00,1.0,885.0,743.0,1016.0,1379.0,647.0,32.6,24.6,1.1885,True,False,False
3796,2004-08-15 20:00:00,1.1,883.0,731.0,988.0,1384.0,693.0,30.6,28.4,1.2247,True,False,False
3797,2004-08-15 21:00:00,1.1,906.0,790.0,936.0,1430.0,729.0,29.4,30.5,1.2288,True,False,False
3798,2004-08-15 22:00:00,1.6,982.0,906.0,784.0,1561.0,1002.0,28.4,34.4,1.314,True,False,False
3799,2004-08-15 23:00:00,0.9,892.0,766.0,880.0,1399.0,797.0,28.3,34.1,1.2951,True,False,False
3800,2004-08-16 00:00:00,0.7,841.0,711.0,956.0,1367.0,685.0,27.8,35.2,1.2968,True,False,False
3801,2004-08-16 01:00:00,0.7,859.0,693.0,988.0,1377.0,710.0,25.3,39.7,1.2656,True,False,False
3802,2004-08-16 02:00:00,0.5,810.0,657.0,1016.0,1337.0,629.0,24.5,41.5,1.2589,True,False,False
3803,2004-08-16 03:00:00,0.4,759.0,566.0,1175.0,1267.0,503.0,24.8,39.8,1.2231,True,False,False
3804,2004-08-16 04:00:00,0.3,749.0,543.0,1238.0,1244.0,462.0,23.3,41.9,1.1856,True,False,False
3805,2004-08-16 05:00:00,0.4,766.0,616.0,1163.0,1306.0,530.0,21.5,45.6,1.1558,True,False,False
3806,2004-08-16 06:00:00,0.9,865.0,783.0,893.0,1446.0,838.0,21.3,47.0,1.1793,True,False,False
3807,2004-08-16 07:00:00,1.3,924.0,920.0,767.0,1534.0,946.0,22.2,45.0,1.1867,True,False,False
3808,2004-08-16 08:00:00,1.6,973.0,1010.0,722.0,1616.0,1014.0,23.6,40.8,1.1746,True,False,False
3809,2004-08-16 09:00:00,2.1,1028.0,1048.0,719.0,1624.0,1135.0,27.1,32.4,1.1462,True,False,False
3810,2004-08-16 10:00:00,2.0,979.0,999.0,796.0,1515.0,1027.0,33.4,20.1,1.0142,True,False,False
3811,2004-08-16 11:00:00,1.4,892.0,874.0,923.0,1369.0,749.0,35.3,17.0,0.9546,True,False,False
3812,2004-08-16 12:00:00,1.4,892.0,869.0,953.0,1363.0,632.0,37.4,14.7,0.9295,True,False,False
3813,2004-08-16 13:00:00,0.9,836.0,741.0,1065.0,1277.0,479.0,38.6,14.6,0.9821,True,False,False
3814,2004-08-16 14:00:00,0.8,824.0,708.0,1091.0,1256.0,463.0,35.8,17.8,1.0274,True,False,False
3815,2004-08-16 15:00:00,0.8,825.0,702.0,1077.0,1267.0,458.0,38.4,16.4,1.0957,True,False,False
3816,2004-08-16 16:00:00,1.0,871.0,761.0,1015.0,1346.0,520.0,39.7,15.3,1.0963,True,False,False
3817,2004-08-16 17:00:00,1.3,903.0,853.0,930.0,1420.0,606.0,38.8,15.8,1.0706,True,False,False
3818,2004-08-16 18:00:00,1.3,944.0,857.0,880.0,1463.0,631.0,35.2,22.3,1.2467,True,False,False
3819,2004-08-16 19:00:00,1.3,969.0,850.0,857.0,1503.0,695.0,31.7,28.2,1.2962,True,False,False
3820,2004-08-16 20:00:00,1.6,1005.0,919.0,788.0,1543.0,871.0,30.4,30.9,1.3219,True,False,False
3821,2004-08-16 21:00:00,1.4,972.0,898.0,807.0,1508.0,879.0,29.5,32.1,1.3005,True,False,False
3822,2004-08-16 22:00:00,1.3,960.0,798.0,854.0,1459.0,780.0,28.0,34.9,1.2989,True,False,False
3823,2004-08-16 23:00:00,1.0,946.0,767.0,870.0,1443.0,728.0,28.2,36.6,1.3722,True,False,False
3824,2004-08-17 00:00:00,0.9,959.0,787.0,830.0,1460.0,821.0,26.5,40.7,1.3873,True,False,False
3825,2004-08-17 01:00:00,0.6,877.0,658.0,964.0,1349.0,663.0,28.3,36.7,1.3878,True,False,False
3826,2004-08-17 02:00:00,0.5,867.0,645.0,1001.0,1385.0,656.0,25.7,43.8,1.4233,True,False,False
3827,2004-08-17 03:00:00,0.5,836.0,626.0,1024.0,1397.0,639.0,24.3,49.0,1.4666,True,False,False
3828,2004-08-17 04:00:00,0.4,820.0,597.0,1069.0,1346.0,603.0,24.3,48.3,1.4449,True,False,False
3829,2004-08-17 05:00:00,0.4,828.0,618.0,1039.0,1354.0,560.0,23.6,49.2,1.4153,True,False,False
3830,2004-08-17 06:00:00,1.0,929.0,791.0,841.0,1493.0,789.0,22.2,53.9,1.4201,True,False,False
3831,2004-08-17 07:00:00,2.2,1118.0,1079.0,638.0,1761.0,1145.0,22.5,52.3,1.41,True,False,False
3832,2004-08-17 08:00:00,2.5,1155.0,1181.0,580.0,1850.0,1302.0,24.3,47.8,1.4321,True,False,False
3833,2004-08-17 09:00:00,2.3,1112.0,1058.0,654.0,1695.0,1297.0,27.3,40.7,1.4548,True,False,False
3834,2004-08-17 10:00:00,2.0,1094.0,979.0,717.0,1633.0,1192.0,33.3,28.2,1.4189,True,False,False
3835,2004-08-17 11:00:00,,1022.0,890.0,803.0,1499.0,862.0,35.3,23.1,1.2989,False,True,False
3836,2004-08-17 12:00:00,,968.0,805.0,875.0,1391.0,649.0,36.1,21.3,1.2502,False,True,False
3837,2004-08-17 13:00:00,,978.0,840.0,852.0,1422.0,694.0,38.5,18.0,1.2055,False,True,False
3838,2004-08-17 14:00:00,,947.0,751.0,922.0,1358.0,595.0,36.5,20.8,1.2446,False,True,False
3839,2004-08-17 15:00:00,,997.0,808.0,870.0,1447.0,662.0,38.8,19.1,1.3035,False,True,False
3840,2004-08-17 16:00:00,,1026.0,813.0,843.0,1463.0,692.0,38.8,19.8,1.3513,False,True,False
3841,2004-08-17 17:00:00,,973.0,764.0,914.0,1373.0,619.0,38.1,19.7,1.2928,False,True,False
3842,2004-08-17 18:00:00,,925.0,721.0,969.0,1317.0,484.0,36.1,20.7,1.2151,False,True,False
3843,2004-08-17 19:00:00,,957.0,766.0,929.0,1380.0,516.0,32.8,24.3,1.1894,False,True,False
3844,2004-08-17 20:00:00,,1029.0,877.0,807.0,1489.0,776.0,30.4,29.8,1.2712,False,True,False
3845,2004-08-17 21:00:00,,1109.0,952.0,735.0,1601.0,1041.0,29.1,33.6,1.3314,False,True,False
3846,2004-08-17 22:00:00,,1105.0,977.0,692.0,1618.0,1138.0,28.6,35.7,1.3726,False,True,False
3847,2004-08-17 23:00:00,,1039.0,906.0,728.0,1545.0,1091.0,28.0,36.1,1.3425,False,True,False
3848,2004-08-18 00:00:00,,965.0,832.0,795.0,1455.0,978.0,25.8,39.5,1.2949,False,True,False
3849,2004-08-18 01:00:00,,955.0,812.0,823.0,1464.0,936.0,25.1,40.1,1.2544,False,True,False
3850,2004-08-18 02:00:00,,935.0,782.0,847.0,1428.0,867.0,24.4,42.5,1.2854,False,True,False
3851,2004-08-18 03:00:00,,902.0,735.0,890.0,1410.0,781.0,23.0,46.2,1.2783,False,True,False
3852,2004-08-18 04:00:00,,875.0,714.0,903.0,1379.0,746.0,22.5,46.7,1.261,False,True,False
3853,2004-08-18 05:00:00,,884.0,729.0,920.0,1389.0,837.0,22.9,45.7,1.2621,False,True,False
3854,2004-08-18 06:00:00,,942.0,825.0,870.0,1450.0,995.0,23.8,41.8,1.2149,False,True,False
3855,2004-08-18 07:00:00,,1077.0,1012.0,708.0,1633.0,1138.0,24.4,42.6,1.2866,False,True,False
3856,2004-08-18 08:00:00,,1040.0,1022.0,713.0,1624.0,998.0,27.3,36.8,1.3189,False,True,False
3857,2004-08-18 09:00:00,,982.0,836.0,840.0,1498.0,696.0,29.6,35.4,1.4426,False,True,False
3858,2004-08-18 10:00:00,,995.0,800.0,896.0,1501.0,615.0,34.6,28.3,1.5338,False,True,False
3859,2004-08-18 11:00:00,,1024.0,859.0,810.0,1576.0,710.0,33.1,32.6,1.6188,False,True,False
3860,2004-08-18 12:00:00,,1029.0,791.0,855.0,1567.0,651.0,33.3,33.1,1.6642,False,True,False
3861,2004-08-18 13:00:00,,1003.0,787.0,850.0,1518.0,636.0,34.6,30.1,1.6296,False,True,False
3862,2004-08-18 14:00:00,,987.0,782.0,875.0,1514.0,593.0,34.9,29.5,1.6275,False,True,False
3863,2004-08-18 15:00:00,,1023.0,859.0,810.0,1590.0,684.0,35.6,28.5,1.6293,False,True,False
3864,2004-08-18 16:00:00,1.4,1023.0,875.0,785.0,1590.0,711.0,36.4,27.1,1.6226,True,False,False
3865,2004-08-18 17:00:00,1.7,1064.0,942.0,735.0,1650.0,801.0,36.8,26.2,1.5984,True,False,False
3866,2004-08-18 18:00:00,1.5,1042.0,936.0,759.0,1630.0,770.0,36.4,26.8,1.6038,True,False,False
3867,2004-08-18 19:00:00,1.7,1059.0,947.0,733.0,1671.0,813.0,33.3,32.8,1.6527,True,False,False
3868,2004-08-18 20:00:00,1.6,1050.0,921.0,743.0,1683.0,851.0,31.3,39.5,1.7798,True,False,False
3869,2004-08-18 21:00:00,1.4,1025.0,896.0,738.0,1693.0,823.0,29.9,44.7,1.8511,True,False,False
3870,2004-08-18 22:00:00,1.4,1029.0,816.0,804.0,1624.0,778.0,29.1,48.4,1.9186,True,False,False
3871,2004-08-18 23:00:00,1.4,1055.0,831.0,769.0,1686.0,827.0,28.0,52.9,1.964,True,False,False
3872,2004-08-19 00:00:00,1.2,1001.0,799.0,800.0,1642.0,753.0,27.7,53.0,1.9423,True,False,False
3873,2004-08-19 01:00:00,0.9,936.0,730.0,864.0,1551.0,726.0,27.7,52.6,1.9202,True,False,False
3874,2004-08-19 02:00:00,0.6,863.0,608.0,1035.0,1465.0,597.0,28.3,49.5,1.8782,True,False,False
3875,2004-08-19 03:00:00,0.4,834.0,565.0,1187.0,1444.0,473.0,28.8,49.0,1.9112,True,False,False
3876,2004-08-19 04:00:00,0.5,841.0,578.0,1144.0,1464.0,463.0,27.7,52.5,1.923,True,False,False
3877,2004-08-19 05:00:00,0.5,871.0,611.0,1077.0,1494.0,526.0,27.5,53.0,1.9097,True,False,False
3878,2004-08-19 06:00:00,0.8,962.0,747.0,862.0,1605.0,712.0,27.1,54.4,1.9168,True,False,False
3879,2004-08-19 07:00:00,1.4,1083.0,889.0,725.0,1734.0,918.0,27.6,52.1,1.8936,True,False,False
3880,2004-08-19 08:00:00,1.2,1061.0,891.0,721.0,1697.0,894.0,29.0,48.5,1.9133,True,False,False
3881,2004-08-19 09:00:00,1.0,1012.0,824.0,803.0,1612.0,710.0,31.0,42.9,1.8909,True,False,False
3882,2004-08-19 10:00:00,1.2,1031.0,834.0,793.0,1640.0,737.0,32.5,39.4,1.8982,True,False,False
3883,2004-08-19 11:00:00,1.1,1011.0,816.0,830.0,1614.0,680.0,36.9,30.9,1.8934,True,False,False
3884,2004-08-19 12:00:00,1.2,1009.0,824.0,822.0,1606.0,670.0,36.2,30.6,1.8105,True,False,False
3885,2004-08-19 13:00:00,1.1,980.0,793.0,858.0,1549.0,654.0,37.7,27.7,1.778,True,False,False
3886,2004-08-19 14:00:00,1.0,961.0,803.0,852.0,1552.0,618.0,37.1,27.2,1.6874,True,False,False
3887,2004-08-19 15:00:00,1.0,966.0,784.0,870.0,1530.0,652.0,39.5,24.3,1.7216,True,False,False
3888,2004-08-19 16:00:00,1.2,1022.0,849.0,813.0,1583.0,732.0,39.9,23.8,1.7127,True,False,False
3889,2004-08-19 17:00:00,1.7,1091.0,953.0,723.0,1688.0,853.0,39.6,24.3,1.7255,True,False,False
3890,2004-08-19 18:00:00,1.7,1063.0,919.0,735.0,1676.0,821.0,37.2,29.1,1.8185,True,False,False
3891,2004-08-19 19:00:00,1.7,1116.0,952.0,702.0,1759.0,895.0,33.9,37.1,1.9264,True,False,False
3892,2004-08-19 20:00:00,1.7,1101.0,875.0,722.0,1748.0,927.0,31.6,43.6,1.9944,True,False,False
3893,2004-08-19 21:00:00,,1072.0,831.0,757.0,1677.0,857.0,30.3,47.3,2.0034,False,True,False
3894,2004-08-19 22:00:00,,1080.0,890.0,723.0,1702.0,869.0,29.8,49.1,2.0248,False,True,False
3895,2004-08-19 23:00:00,,1005.0,792.0,809.0,1638.0,725.0,29.0,51.7,2.0375,False,True,False
3896,2004-08-20 00:00:00,,998.0,776.0,810.0,1608.0,665.0,28.5,52.1,2.0036,False,True,False
3897,2004-08-20 01:00:00,,1000.0,763.0,807.0,1619.0,680.0,27.7,53.7,1.9661,False,True,False
3898,2004-08-20 02:00:00,,932.0,720.0,859.0,1562.0,605.0,27.4,53.5,1.9267,False,True,False
3899,2004-08-20 03:00:00,,808.0,539.0,1206.0,1383.0,427.0,28.5,48.7,1.872,False,True,False
3900,2004-08-20 04:00:00,,795.0,494.0,1398.0,1353.0,400.0,28.9,48.4,1.8982,False,True,False
3901,2004-08-20 05:00:00,,886.0,613.0,1075.0,1484.0,522.0,27.1,54.8,1.9309,False,True,False
3902,2004-08-20 06:00:00,,974.0,740.0,873.0,1595.0,703.0,26.1,59.0,1.9669,False,True,False
3903,2004-08-20 07:00:00,,1112.0,936.0,683.0,1792.0,965.0,26.7,58.0,2.0023,False,True,False
3904,2004-08-20 08:00:00,,1175.0,1080.0,591.0,1931.0,1102.0,27.9,54.9,2.0353,False,True,False
3905,2004-08-20 09:00:00,,1091.0,925.0,701.0,1753.0,1058.0,29.7,50.5,2.0767,False,True,False
3906,2004-08-20 10:00:00,,1066.0,890.0,747.0,1690.0,906.0,32.2,41.4,1.9624,False,True,False
3907,2004-08-20 11:00:00,,1031.0,887.0,777.0,1665.0,844.0,35.6,32.2,1.8408,False,True,False
3908,2004-08-20 12:00:00,,1004.0,868.0,772.0,1632.0,763.0,35.7,31.4,1.8025,False,True,False
3909,2004-08-20 13:00:00,,927.0,698.0,919.0,1537.0,555.0,35.5,34.9,1.9841,False,True,False
3910,2004-08-20 14:00:00,,924.0,673.0,960.0,1522.0,520.0,35.0,35.5,1.962,False,True,False
3911,2004-08-20 15:00:00,,912.0,671.0,964.0,1508.0,508.0,35.1,34.6,1.9255,False,True,False
3912,2004-08-20 16:00:00,,976.0,752.0,876.0,1561.0,545.0,36.8,30.5,1.8572,False,True,False
3913,2004-08-20 17:00:00,,989.0,798.0,840.0,1607.0,584.0,34.5,34.7,1.8667,False,True,False
3914,2004-08-20 18:00:00,,986.0,794.0,845.0,1619.0,590.0,33.0,38.1,1.8813,False,True,False
3915,2004-08-20 19:00:00,,984.0,800.0,836.0,1607.0,610.0,30.8,43.1,1.8761,False,True,False
3916,2004-08-20 20:00:00,,1000.0,857.0,767.0,1634.0,689.0,29.1,46.9,1.8652,False,True,False
3917,2004-08-20 21:00:00,,996.0,848.0,763.0,1657.0,713.0,28.2,49.8,1.8795,False,True,False
3918,2004-08-20 22:00:00,,1013.0,913.0,717.0,1685.0,785.0,27.5,50.4,1.823,False,True,False
3919,2004-08-20 23:00:00,,1004.0,851.0,767.0,1632.0,754.0,27.3,49.1,1.7503,False,True,False
3920,2004-08-21 00:00:00,,949.0,814.0,824.0,1563.0,653.0,26.7,46.7,1.6121,False,True,False
3921,2004-08-21 01:00:00,,895.0,783.0,863.0,1502.0,575.0,26.0,45.0,1.4913,False,True,False
3922,2004-08-21 02:00:00,,863.0,707.0,927.0,1407.0,537.0,25.0,47.3,1.4771,False,True,False
3923,2004-08-21 03:00:00,,786.0,587.0,1150.0,1300.0,413.0,25.3,44.3,1.4032,False,True,False
3924,2004-08-21 04:00:00,,792.0,597.0,1137.0,1320.0,417.0,24.3,46.3,1.3857,False,True,False
3925,2004-08-21 05:00:00,,816.0,653.0,1058.0,1332.0,486.0,24.8,43.4,1.3347,False,True,False
3926,2004-08-21 06:00:00,,826.0,682.0,1088.0,1342.0,532.0,24.5,40.6,1.2327,False,True,False
3927,2004-08-21 07:00:00,,826.0,698.0,1017.0,1331.0,542.0,25.7,36.9,1.1991,False,True,False
3928,2004-08-21 08:00:00,,809.0,664.0,1061.0,1323.0,459.0,26.8,35.0,1.2175,False,True,False
3929,2004-08-21 09:00:00,,809.0,624.0,1131.0,1309.0,415.0,28.0,34.9,1.3008,False,True,False
3930,2004-08-21 10:00:00,,853.0,681.0,1031.0,1368.0,457.0,29.0,34.1,1.3445,False,True,False
3931,2004-08-21 11:00:00,,814.0,657.0,1086.0,1332.0,429.0,30.4,30.8,1.3155,False,True,False
3932,2004-08-21 12:00:00,,807.0,658.0,1113.0,1328.0,428.0,32.4,26.3,1.2523,False,True,False
3933,2004-08-21 13:00:00,,811.0,653.0,1120.0,1336.0,423.0,31.0,28.9,1.277,False,True,False
3934,2004-08-21 14:00:00,,796.0,601.0,1171.0,1314.0,410.0,29.3,33.1,1.322,False,True,False
3935,2004-08-21 15:00:00,,833.0,649.0,1142.0,1354.0,437.0,26.9,35.2,1.2334,False,True,False
3936,2004-08-21 16:00:00,,856.0,684.0,1023.0,1368.0,520.0,28.1,34.2,1.2802,False,True,False
3937,2004-08-21 17:00:00,,830.0,696.0,1060.0,1328.0,461.0,28.5,29.4,1.1298,False,True,False
3938,2004-08-21 18:00:00,,883.0,782.0,958.0,1395.0,571.0,27.3,31.0,1.111,False,True,False
3939,2004-08-21 19:00:00,,965.0,936.0,808.0,1535.0,866.0,25.4,36.2,1.1562,False,True,False
3940,2004-08-21 20:00:00,,931.0,890.0,831.0,1474.0,841.0,24.6,38.0,1.158,False,True,False
3941,2004-08-21 21:00:00,,885.0,791.0,941.0,1425.0,706.0,24.3,41.6,1.2467,False,True,False
3942,2004-08-21 22:00:00,,900.0,773.0,944.0,1426.0,703.0,24.9,40.8,1.2696,False,True,False
3943,2004-08-21 23:00:00,,904.0,845.0,878.0,1483.0,775.0,23.8,44.7,1.3019,False,True,False
3944,2004-08-22 00:00:00,,944.0,900.0,809.0,1549.0,830.0,22.8,49.8,1.367,False,True,False
3945,2004-08-22 01:00:00,,907.0,832.0,868.0,1492.0,808.0,22.8,49.4,1.3568,False,True,False
3946,2004-08-22 02:00:00,,886.0,774.0,868.0,1486.0,815.0,20.9,57.4,1.4037,False,True,False
3947,2004-08-22 03:00:00,,882.0,767.0,856.0,1492.0,897.0,20.5,60.6,1.447,False,True,False
3948,2004-08-22 04:00:00,,843.0,713.0,917.0,1426.0,836.0,19.6,63.7,1.4396,False,True,False
3949,2004-08-22 05:00:00,,825.0,694.0,935.0,1415.0,774.0,19.4,64.5,1.4394,False,True,False
3950,2004-08-22 06:00:00,,791.0,638.0,1038.0,1389.0,698.0,18.6,67.4,1.4302,False,True,False
3951,2004-08-22 07:00:00,,856.0,735.0,936.0,1455.0,800.0,19.6,63.7,1.4419,False,True,False
3952,2004-08-22 08:00:00,,861.0,746.0,911.0,1448.0,771.0,21.7,56.4,1.4496,False,True,False
3953,2004-08-22 09:00:00,,924.0,814.0,830.0,1519.0,798.0,25.2,47.4,1.4978,False,True,False
3954,2004-08-22 10:00:00,,941.0,805.0,842.0,1512.0,755.0,30.4,34.1,1.4577,False,True,False
3955,2004-08-22 11:00:00,,879.0,775.0,899.0,1407.0,657.0,33.4,25.1,1.2665,False,True,False
3956,2004-08-22 12:00:00,,816.0,742.0,1009.0,1305.0,537.0,35.5,18.2,1.0376,False,True,False
3957,2004-08-22 13:00:00,,715.0,589.0,1286.0,1127.0,390.0,35.1,15.7,0.8757,False,True,False
3958,2004-08-22 14:00:00,,717.0,570.0,1326.0,1110.0,368.0,33.3,17.1,0.8592,False,True,False
3959,2004-08-22 15:00:00,,711.0,640.0,1224.0,1084.0,391.0,36.6,11.8,0.7107,False,True,False
3960,2004-08-22 16:00:00,,731.0,686.0,1212.0,1104.0,413.0,38.3,10.0,0.6591,False,True,False
3961,2004-08-22 17:00:00,,752.0,713.0,1163.0,1144.0,435.0,37.3,10.9,0.6846,False,True,False
3962,2004-08-22 18:00:00,,879.0,779.0,999.0,1347.0,535.0,34.6,20.0,1.0817,False,True,False
3963,2004-08-22 19:00:00,,922.0,874.0,851.0,1447.0,663.0,30.4,28.2,1.204,False,True,False
3964,2004-08-22 20:00:00,,958.0,900.0,782.0,1493.0,830.0,28.1,34.3,1.2821,False,True,False
3965,2004-08-22 21:00:00,,949.0,876.0,773.0,1500.0,911.0,26.5,36.6,1.2484,False,True,False
3966,2004-08-22 22:00:00,,922.0,818.0,826.0,1454.0,848.0,25.7,38.5,1.2548,False,True,False
3967,2004-08-22 23:00:00,,902.0,790.0,856.0,1428.0,799.0,24.7,41.6,1.2751,False,True,False
3968,2004-08-23 00:00:00,,932.0,820.0,817.0,1462.0,921.0,23.6,45.4,1.3067,False,True,False
3969,2004-08-23 01:00:00,,870.0,733.0,903.0,1392.0,762.0,23.4,46.3,1.3134,False,True,False
3970,2004-08-23 02:00:00,,812.0,675.0,995.0,1348.0,661.0,21.6,51.6,1.3171,False,True,False
3971,2004-08-23 03:00:00,,773.0,613.0,1065.0,1321.0,597.0,21.2,53.3,1.328,False,True,False
3972,2004-08-23 04:00:00,,769.0,582.0,1105.0,1306.0,616.0,20.6,55.1,1.3237,False,True,False
3973,2004-08-23 05:00:00,,763.0,583.0,1093.0,1288.0,596.0,22.1,49.6,1.3022,False,True,False
3974,2004-08-23 06:00:00,,809.0,701.0,997.0,1384.0,649.0,21.1,51.6,1.2784,False,True,False
3975,2004-08-23 07:00:00,,893.0,881.0,810.0,1486.0,792.0,21.8,48.6,1.2556,False,True,False
3976,2004-08-23 08:00:00,,1028.0,1146.0,638.0,1766.0,1080.0,21.7,49.1,1.2602,False,True,False
3977,2004-08-23 09:00:00,2.0,1011.0,1051.0,702.0,1659.0,1087.0,25.3,41.7,1.3243,True,False,False
3978,2004-08-23 10:00:00,,994.0,947.0,764.0,1572.0,983.0,30.3,30.9,1.3096,False,True,False
3979,2004-08-23 11:00:00,1.6,937.0,908.0,822.0,1466.0,826.0,32.9,24.9,1.2269,True,False,False
3980,2004-08-23 12:00:00,1.3,902.0,808.0,912.0,1408.0,632.0,34.4,23.5,1.2541,True,False,False
3981,2004-08-23 13:00:00,1.0,860.0,748.0,955.0,1344.0,532.0,34.3,22.5,1.1974,True,False,False
3982,2004-08-23 14:00:00,0.9,843.0,716.0,1005.0,1305.0,496.0,33.4,21.6,1.0927,True,False,False
3983,2004-08-23 15:00:00,1.0,872.0,760.0,979.0,1314.0,513.0,36.1,18.4,1.0827,True,False,False
3984,2004-08-23 16:00:00,1.1,857.0,775.0,979.0,1258.0,512.0,37.3,15.4,0.9692,True,False,False
3985,2004-08-23 17:00:00,1.5,922.0,878.0,880.0,1363.0,615.0,36.8,16.2,0.9922,True,False,False
3986,2004-08-23 18:00:00,1.5,951.0,875.0,856.0,1406.0,600.0,34.9,20.9,1.1463,True,False,False
3987,2004-08-23 19:00:00,1.6,962.0,891.0,813.0,1442.0,634.0,30.8,26.5,1.1603,True,False,False
3988,2004-08-23 20:00:00,1.7,957.0,926.0,758.0,1480.0,830.0,28.9,28.3,1.1078,True,False,False
3989,2004-08-23 21:00:00,1.4,928.0,837.0,808.0,1410.0,871.0,27.0,30.7,1.079,True,False,False
3990,2004-08-23 22:00:00,1.2,895.0,846.0,819.0,1371.0,787.0,26.6,30.6,1.0459,True,False,False
3991,2004-08-23 23:00:00,1.1,902.0,797.0,845.0,1355.0,841.0,26.0,33.1,1.0955,True,False,False
3992,2004-08-24 00:00:00,1.1,904.0,801.0,852.0,1400.0,862.0,24.1,37.9,1.1204,True,False,False
3993,2004-08-24 01:00:00,1.2,919.0,799.0,844.0,1409.0,881.0,22.2,43.1,1.1396,True,False,False
3994,2004-08-24 02:00:00,0.7,812.0,663.0,982.0,1265.0,709.0,22.8,41.3,1.1284,True,False,False
3995,2004-08-24 03:00:00,0.5,776.0,590.0,1099.0,1245.0,602.0,21.2,43.8,1.088,True,False,False
3996,2004-08-24 04:00:00,0.4,762.0,563.0,1181.0,1208.0,492.0,21.7,42.6,1.0907,True,False,False
3997,2004-08-24 05:00:00,0.7,786.0,642.0,1057.0,1270.0,592.0,20.2,47.1,1.1021,True,False,False
3998,2004-08-24 06:00:00,1.1,868.0,798.0,866.0,1392.0,824.0,20.1,47.8,1.1093,True,False,False
3999,2004-08-24 07:00:00,1.6,965.0,977.0,725.0,1515.0,1014.0,20.6,45.5,1.0925,True,False,False
4000,2004-08-24 08:00:00,2.3,1049.0,1133.0,630.0,1662.0,1208.0,22.4,41.1,1.0979,True,False,False
4001,2004-08-24 09:00:00,1.6,1008.0,973.0,714.0,1509.0,1178.0,25.0,36.6,1.143,True,False,False
4002,2004-08-24 10:00:00,2.0,1008.0,1021.0,714.0,1549.0,1176.0,29.9,26.2,1.0891,True,False,False
4003,2004-08-24 11:00:00,1.6,973.0,911.0,800.0,1441.0,891.0,32.9,21.8,1.0714,True,False,False
4004,2004-08-24 12:00:00,1.6,964.0,959.0,787.0,1438.0,731.0,35.0,17.9,0.99,True,False,False
4005,2004-08-24 13:00:00,1.3,923.0,862.0,875.0,1363.0,626.0,34.6,18.2,0.9832,True,False,False
4006,2004-08-24 14:00:00,1.0,934.0,811.0,896.0,1343.0,553.0,33.8,22.8,1.1781,True,False,False
4007,2004-08-24 15:00:00,1.6,1036.0,943.0,770.0,1509.0,770.0,36.3,19.5,1.1539,True,False,False
4008,2004-08-24 16:00:00,2.0,1076.0,994.0,723.0,1549.0,938.0,38.3,17.9,1.181,True,False,False
4009,2004-08-24 17:00:00,1.7,1055.0,927.0,757.0,1520.0,716.0,36.9,20.9,1.2864,True,False,False
4010,2004-08-24 18:00:00,1.7,1081.0,938.0,728.0,1568.0,714.0,33.9,30.0,1.56,True,False,False
4011,2004-08-24 19:00:00,1.4,1072.0,850.0,737.0,1604.0,702.0,29.8,43.4,1.7988,True,False,False
4012,2004-08-24 20:00:00,1.3,1038.0,773.0,749.0,1568.0,687.0,27.5,50.4,1.8274,True,False,False
4013,2004-08-24 21:00:00,1.3,1059.0,800.0,740.0,1604.0,739.0,27.5,50.4,1.8284,True,False,False
4014,2004-08-24 22:00:00,1.6,1070.0,852.0,704.0,1639.0,867.0,28.1,48.0,1.7933,True,False,False
4015,2004-08-24 23:00:00,1.8,1093.0,893.0,677.0,1678.0,927.0,26.9,49.6,1.7299,True,False,False
4016,2004-08-25 00:00:00,1.5,1016.0,849.0,729.0,1609.0,872.0,26.0,48.0,1.5899,True,False,False
4017,2004-08-25 01:00:00,1.3,988.0,825.0,756.0,1559.0,848.0,24.9,50.6,1.5747,True,False,False
4018,2004-08-25 02:00:00,1.1,930.0,749.0,823.0,1464.0,777.0,23.7,53.2,1.5418,True,False,False
4019,2004-08-25 03:00:00,0.5,815.0,584.0,1102.0,1363.0,513.0,24.5,50.9,1.5416,True,False,False
4020,2004-08-25 04:00:00,0.6,884.0,686.0,908.0,1439.0,651.0,22.9,56.1,1.5492,True,False,False
4021,2004-08-25 05:00:00,0.7,913.0,730.0,883.0,1493.0,774.0,23.3,55.5,1.5636,True,False,False
4022,2004-08-25 06:00:00,1.1,994.0,829.0,784.0,1581.0,982.0,23.6,54.2,1.5583,True,False,False
4023,2004-08-25 07:00:00,1.9,1173.0,1047.0,631.0,1815.0,1175.0,24.9,52.9,1.643,True,False,False
4024,2004-08-25 08:00:00,3.5,1314.0,1325.0,499.0,2143.0,1390.0,26.4,50.8,1.7166,True,False,False
4025,2004-08-25 09:00:00,2.9,1252.0,1168.0,557.0,1938.0,1352.0,28.1,47.4,1.7753,True,False,False
4026,2004-08-25 10:00:00,2.2,1151.0,1053.0,623.0,1835.0,1152.0,30.2,43.2,1.823,True,False,False
4027,2004-08-25 11:00:00,2.0,1122.0,951.0,687.0,1729.0,1022.0,31.2,41.9,1.871,True,False,False
4028,2004-08-25 12:00:00,1.7,1111.0,927.0,707.0,1715.0,922.0,33.9,36.0,1.8692,True,False,False
4029,2004-08-25 13:00:00,1.6,1058.0,894.0,736.0,1648.0,825.0,33.9,34.1,1.7754,True,False,False
4030,2004-08-25 14:00:00,1.3,972.0,820.0,811.0,1535.0,630.0,34.4,30.6,1.6402,True,False,False
4031,2004-08-25 15:00:00,1.3,985.0,826.0,808.0,1544.0,621.0,35.3,28.5,1.6034,True,False,False
4032,2004-08-25 16:00:00,1.3,1004.0,814.0,808.0,1520.0,602.0,36.3,28.3,1.6851,True,False,False
4033,2004-08-25 17:00:00,1.6,1030.0,897.0,733.0,1592.0,668.0,35.3,29.4,1.6577,True,False,False
4034,2004-08-25 18:00:00,1.3,965.0,802.0,821.0,1504.0,564.0,32.5,34.1,1.6453,True,False,False
4035,2004-08-25 19:00:00,1.4,987.0,824.0,793.0,1541.0,581.0,29.1,42.1,1.6695,True,False,False
4036,2004-08-25 20:00:00,1.4,923.0,811.0,804.0,1434.0,604.0,27.8,35.6,1.3116,True,False,False
4037,2004-08-25 21:00:00,1.3,872.0,824.0,853.0,1346.0,590.0,27.0,30.0,1.0542,True,False,False
4038,2004-08-25 22:00:00,1.4,939.0,849.0,804.0,1479.0,650.0,26.3,37.3,1.2555,True,False,False
4039,2004-08-25 23:00:00,1.5,954.0,855.0,792.0,1474.0,745.0,25.2,40.8,1.2877,True,False,False
4040,2004-08-26 00:00:00,1.5,969.0,857.0,753.0,1485.0,821.0,24.3,43.3,1.2973,True,False,False
4041,2004-08-26 01:00:00,0.9,882.0,763.0,879.0,1388.0,656.0,23.3,45.3,1.2794,True,False,False
4042,2004-08-26 02:00:00,0.6,805.0,637.0,1048.0,1276.0,520.0,24.1,44.0,1.3034,True,False,False
4043,2004-08-26 03:00:00,0.5,790.0,590.0,1122.0,1257.0,493.0,23.8,44.8,1.3061,True,False,False
4044,2004-08-26 04:00:00,,779.0,560.0,1189.0,1231.0,487.0,23.0,47.7,1.3232,False,True,False
4045,2004-08-26 05:00:00,0.5,842.0,640.0,1070.0,1293.0,595.0,23.7,46.7,1.3501,True,False,False
4046,2004-08-26 06:00:00,1.0,,,,,,,,,False,False,True
4047,2004-08-26 07:00:00,1.9,,,,,,,,,False,False,True
4048,2004-08-26 08:00:00,2.6,,,,,,,,,False,False,True
4049,2004-08-26 09:00:00,1.7,,,,,,,,,False,False,True
4050,2004-08-26 10:00:00,1.7,,,,,,,,,False,False,True
4051,2004-08-26 11:00:00,1.4,,,,,,,,,False,False,True
4052,2004-08-26 12:00:00,1.6,,,,,,,,,False,False,True
4053,2004-08-26 13:00:00,1.3,,,,,,,,,False,False,True
4054,2004-08-26 14:00:00,0.9,,,,,,,,,False,False,True
4055,2004-08-26 15:00:00,1.4,,,,,,,,,False,False,True
4056,2004-08-26 16:00:00,1.0,,,,,,,,,False,False,True
4057,2004-08-26 17:00:00,2.2,,,,,,,,,False,False,True
4058,2004-08-26 18:00:00,1.9,,,,,,,,,False,False,True
4059,2004-08-26 19:00:00,2.1,,,,,,,,,False,False,True
4060,2004-08-26 20:00:00,1.7,,,,,,,,,False,False,True
4061,2004-08-26 21:00:00,1.0,,,,,,,,,False,False,True
4062,2004-08-26 22:00:00,1.1,,,,,,,,,False,False,True
4063,2004-08-26 23:00:00,0.7,,,,,,,,,False,False,True
4064,2004-08-27 00:00:00,1.3,,,,,,,,,False,False,True
4065,2004-08-27 01:00:00,1.3,,,,,,,,,False,False,True
4066,2004-08-27 02:00:00,1.0,,,,,,,,,False,False,True
4067,2004-08-27 03:00:00,0.7,,,,,,,,,False,False,True
4068,2004-08-27 04:00:00,0.6,,,,,,,,,False,False,True
4069,2004-08-27 05:00:00,0.7,,,,,,,,,False,False,True
4070,2004-08-27 06:00:00,1.1,,,,,,,,,False,False,True
4071,2004-08-27 07:00:00,2.4,,,,,,,,,False,False,True
4072,2004-08-27 08:00:00,2.4,,,,,,,,,False,False,True
4073,2004-08-27 09:00:00,2.3,,,,,,,,,False,False,True
4074,2004-08-27 10:00:00,2.2,,,,,,,,,False,False,True
4075,2004-08-27 11:00:00,1.8,,,,,,,,,False,False,True
4076,2004-08-27 12:00:00,2.0,,,,,,,,,False,False,True
4077,2004-08-27 13:00:00,1.5,,,,,,,,,False,False,True
4078,2004-08-27 14:00:00,1.4,,,,,,,,,False,False,True
4079,2004-08-27 15:00:00,1.5,,,,,,,,,False,False,True
4080,2004-08-27 16:00:00,1.6,,,,,,,,,False,False,True
4081,2004-08-27 17:00:00,1.9,,,,,,,,,False,False,True
4082,2004-08-27 18:00:00,2.0,,,,,,,,,False,False,True
4083,2004-08-27 19:00:00,2.3,,,,,,,,,False,False,True
4084,2004-08-27 20:00:00,2.4,,,,,,,,,False,False,True
4085,2004-08-27 21:00:00,1.8,,,,,,,,,False,False,True
4086,2004-08-27 22:00:00,1.7,,,,,,,,,False,False,True
4087,2004-08-27 23:00:00,1.2,,,,,,,,,False,False,True
4088,2004-08-28 00:00:00,0.8,,,,,,,,,False,False,True
4089,2004-08-28 01:00:00,0.7,,,,,,,,,False,False,True
4090,2004-08-28 02:00:00,0.6,,,,,,,,,False,False,True
4091,2004-08-28 03:00:00,0.6,835.0,699.0,912.0,1361.0,796.0,19.8,59.3,1.3505,True,False,False
4092,2004-08-28 04:00:00,0.6,792.0,621.0,1015.0,1322.0,714.0,20.0,59.3,1.3681,True,False,False
4093,2004-08-28 05:00:00,0.4,749.0,559.0,1145.0,1255.0,584.0,22.5,48.6,1.3077,True,False,False
4094,2004-08-28 06:00:00,0.5,803.0,676.0,975.0,1303.0,676.0,19.5,57.0,1.2739,True,False,False
4095,2004-08-28 07:00:00,0.7,818.0,726.0,921.0,1330.0,685.0,19.6,56.1,1.2651,True,False,False
4096,2004-08-28 08:00:00,1.2,932.0,861.0,767.0,1483.0,894.0,20.7,53.3,1.287,True,False,False
4097,2004-08-28 09:00:00,1.7,977.0,913.0,744.0,1512.0,977.0,24.7,41.8,1.2839,True,False,False
4098,2004-08-28 10:00:00,1.8,1011.0,945.0,733.0,1570.0,1034.0,29.9,30.5,1.2616,True,False,False
4099,2004-08-28 11:00:00,1.5,975.0,887.0,829.0,1478.0,737.0,32.3,27.2,1.2933,True,False,False
4100,2004-08-28 12:00:00,1.2,958.0,867.0,828.0,1468.0,660.0,34.3,24.5,1.3021,True,False,False
4101,2004-08-28 13:00:00,1.1,903.0,805.0,886.0,1361.0,581.0,33.4,22.5,1.1398,True,False,False
4102,2004-08-28 14:00:00,,854.0,684.0,1020.0,1294.0,456.0,32.7,22.8,1.1069,False,True,False
4103,2004-08-28 15:00:00,,890.0,749.0,953.0,1332.0,483.0,34.5,20.5,1.1028,False,True,False
4104,2004-08-28 16:00:00,,962.0,845.0,877.0,1379.0,575.0,35.9,20.3,1.18,False,True,False
4105,2004-08-28 17:00:00,,1028.0,934.0,786.0,1481.0,707.0,35.8,23.0,1.3323,False,True,False
4106,2004-08-28 18:00:00,,1031.0,901.0,775.0,1502.0,628.0,33.5,29.0,1.4797,False,True,False
4107,2004-08-28 19:00:00,,1087.0,938.0,690.0,1613.0,747.0,29.8,39.6,1.6324,False,True,False
4108,2004-08-28 20:00:00,,1029.0,862.0,727.0,1539.0,733.0,27.9,43.1,1.6004,False,True,False
4109,2004-08-28 21:00:00,,1070.0,932.0,685.0,1648.0,847.0,27.3,44.5,1.5885,False,True,False
4110,2004-08-28 22:00:00,,1059.0,914.0,697.0,1617.0,895.0,26.0,47.6,1.5806,False,True,False
4111,2004-08-28 23:00:00,,1125.0,952.0,646.0,1690.0,995.0,25.3,52.9,1.6765,False,True,False
4112,2004-08-29 00:00:00,,1062.0,829.0,714.0,1592.0,846.0,24.5,56.3,1.7026,False,True,False
4113,2004-08-29 01:00:00,,1049.0,853.0,699.0,1605.0,882.0,23.5,59.8,1.7141,False,True,False
4114,2004-08-29 02:00:00,,999.0,871.0,711.0,1580.0,909.0,22.6,62.6,1.6945,False,True,False
4115,2004-08-29 03:00:00,,947.0,808.0,768.0,1537.0,851.0,21.8,64.6,1.6721,False,True,False
4116,2004-08-29 04:00:00,,904.0,753.0,809.0,1529.0,766.0,21.0,66.9,1.6454,False,True,False
4117,2004-08-29 05:00:00,,894.0,681.0,843.0,1476.0,765.0,21.2,66.4,1.6468,False,True,False
4118,2004-08-29 06:00:00,,875.0,654.0,897.0,1463.0,752.0,21.0,66.5,1.6344,False,True,False
4119,2004-08-29 07:00:00,,870.0,637.0,947.0,1445.0,716.0,21.3,64.1,1.6043,False,True,False
4120,2004-08-29 08:00:00,,952.0,756.0,809.0,1518.0,825.0,22.7,58.1,1.5856,False,True,False
4121,2004-08-29 09:00:00,,949.0,705.0,859.0,1460.0,691.0,25.1,51.8,1.6304,False,True,False
4122,2004-08-29 10:00:00,,1028.0,854.0,776.0,1561.0,761.0,29.5,39.0,1.5868,False,True,False
4123,2004-08-29 11:00:00,,1003.0,849.0,800.0,1511.0,710.0,32.3,31.8,1.5128,False,True,False
4124,2004-08-29 12:00:00,,934.0,763.0,872.0,1435.0,567.0,33.6,28.9,1.4792,False,True,False
4125,2004-08-29 13:00:00,,872.0,710.0,956.0,1377.0,493.0,31.9,28.2,1.3116,False,True,False
4126,2004-08-29 14:00:00,,852.0,684.0,982.0,1343.0,477.0,32.5,25.9,1.2437,False,True,False
4127,2004-08-29 15:00:00,,881.0,715.0,955.0,1352.0,502.0,34.1,23.4,1.2307,False,True,False
4128,2004-08-29 16:00:00,,942.0,783.0,898.0,1397.0,568.0,36.2,21.4,1.2664,False,True,False
4129,2004-08-29 17:00:00,,1038.0,925.0,746.0,1534.0,714.0,35.6,22.6,1.2984,False,True,False
4130,2004-08-29 18:00:00,,1042.0,932.0,752.0,1530.0,717.0,33.6,25.7,1.3101,False,True,False
4131,2004-08-29 19:00:00,,1181.0,1107.0,590.0,1807.0,935.0,29.9,35.2,1.4603,False,True,False
4132,2004-08-29 20:00:00,,1116.0,1044.0,613.0,1694.0,954.0,28.3,39.2,1.4826,False,True,False
4133,2004-08-29 21:00:00,,1062.0,923.0,697.0,1602.0,839.0,27.0,43.0,1.5118,False,True,False
4134,2004-08-29 22:00:00,,1085.0,948.0,680.0,1635.0,880.0,26.2,46.8,1.5669,False,True,False
4135,2004-08-29 23:00:00,,1161.0,1057.0,613.0,1764.0,1026.0,25.1,51.5,1.621,False,True,False
4136,2004-08-30 00:00:00,,1053.0,891.0,690.0,1589.0,898.0,24.1,55.3,1.6363,False,True,False
4137,2004-08-30 01:00:00,,956.0,740.0,831.0,1474.0,717.0,23.8,57.8,1.677,False,True,False
4138,2004-08-30 02:00:00,,859.0,646.0,951.0,1376.0,607.0,23.7,56.2,1.6255,False,True,False
4139,2004-08-30 03:00:00,,813.0,566.0,1123.0,1328.0,501.0,24.8,52.2,1.6086,False,True,False
4140,2004-08-30 04:00:00,,815.0,565.0,1127.0,1350.0,541.0,22.9,59.4,1.6353,False,True,False
4141,2004-08-30 05:00:00,,902.0,706.0,877.0,1463.0,708.0,22.0,62.3,1.6266,False,True,False
4142,2004-08-30 06:00:00,,1017.0,885.0,726.0,1609.0,884.0,21.5,64.0,1.6256,False,True,False
4143,2004-08-30 07:00:00,,1336.0,1385.0,477.0,2133.0,1357.0,22.6,60.3,1.6287,False,True,False
4144,2004-08-30 08:00:00,,1393.0,1567.0,416.0,2381.0,1562.0,23.8,56.5,1.64,False,True,False
4145,2004-08-30 09:00:00,,1271.0,1308.0,517.0,2007.0,1411.0,25.7,50.6,1.6475,False,True,False
4146,2004-08-30 10:00:00,,1169.0,1107.0,607.0,1818.0,1175.0,27.8,45.4,1.6751,False,True,False
4147,2004-08-30 11:00:00,,1143.0,1043.0,643.0,1747.0,1079.0,29.9,39.6,1.6397,False,True,False
4148,2004-08-30 12:00:00,,1084.0,980.0,679.0,1653.0,923.0,31.6,34.7,1.589,False,True,False
4149,2004-08-30 13:00:00,,1051.0,950.0,715.0,1644.0,748.0,31.5,34.4,1.5665,False,True,False
4150,2004-08-30 14:00:00,,1020.0,882.0,765.0,1553.0,635.0,31.2,35.0,1.5669,False,True,False
4151,2004-08-30 15:00:00,,1111.0,1088.0,635.0,1719.0,884.0,33.0,31.4,1.5583,False,True,False
4152,2004-08-30 16:00:00,,1125.0,1056.0,645.0,1716.0,929.0,33.8,29.2,1.5143,False,True,False
4153,2004-08-30 17:00:00,,1099.0,1048.0,657.0,1711.0,779.0,33.0,29.5,1.4613,False,True,False
4154,2004-08-30 18:00:00,,1132.0,1121.0,611.0,1757.0,906.0,32.3,30.2,1.4347,False,True,False
4155,2004-08-30 19:00:00,,1077.0,1025.0,629.0,1677.0,772.0,28.4,38.4,1.4616,False,True,False
4156,2004-08-30 20:00:00,,1076.0,988.0,648.0,1649.0,883.0,26.9,43.2,1.5052,False,True,False
4157,2004-08-30 21:00:00,,1070.0,1008.0,656.0,1649.0,963.0,26.0,43.6,1.4407,False,True,False
4158,2004-08-30 22:00:00,,1052.0,956.0,675.0,1581.0,987.0,25.0,47.6,1.4872,False,True,False
4159,2004-08-30 23:00:00,,988.0,862.0,736.0,1539.0,893.0,24.6,50.9,1.5508,False,True,False
4160,2004-08-31 00:00:00,,926.0,769.0,836.0,1467.0,801.0,24.0,55.6,1.6381,False,True,False
4161,2004-08-31 01:00:00,,925.0,749.0,826.0,1482.0,739.0,23.5,58.3,1.6672,False,True,False
4162,2004-08-31 02:00:00,,869.0,648.0,953.0,1401.0,644.0,22.7,60.8,1.6519,False,True,False
4163,2004-08-31 03:00:00,,832.0,593.0,1049.0,1347.0,558.0,24.1,55.5,1.6481,False,True,False
4164,2004-08-31 04:00:00,,854.0,645.0,954.0,1399.0,602.0,22.5,60.9,1.6424,False,True,False
4165,2004-08-31 05:00:00,,913.0,726.0,861.0,1487.0,737.0,22.0,64.5,1.6847,False,True,False
4166,2004-08-31 06:00:00,,976.0,840.0,756.0,1555.0,885.0,22.3,62.9,1.6754,False,True,False
4167,2004-08-31 07:00:00,,1309.0,1323.0,505.0,2098.0,1360.0,23.1,60.0,1.6711,False,True,False
4168,2004-08-31 08:00:00,,1333.0,1460.0,443.0,2231.0,1455.0,24.7,55.1,1.6872,False,True,False
4169,2004-08-31 09:00:00,,1209.0,1182.0,546.0,1911.0,1255.0,27.7,46.1,1.6852,False,True,False
4170,2004-08-31 10:00:00,,1180.0,1157.0,568.0,1874.0,1202.0,29.8,38.8,1.6029,False,True,False
4171,2004-08-31 11:00:00,,1204.0,1196.0,552.0,1884.0,1250.0,31.5,32.6,1.478,False,True,False
4172,2004-08-31 12:00:00,,1143.0,1119.0,610.0,1770.0,1103.0,31.8,30.5,1.4083,False,True,False
4173,2004-08-31 13:00:00,,1120.0,1058.0,626.0,1716.0,1049.0,31.4,31.8,1.441,False,True,False
4174,2004-08-31 14:00:00,2.9,1030.0,935.0,726.0,1583.0,791.0,32.5,28.7,1.3796,True,False,False
4175,2004-08-31 15:00:00,1.9,1058.0,1016.0,673.0,1625.0,832.0,33.8,25.8,1.3338,True,False,False
4176,2004-08-31 16:00:00,1.4,1040.0,882.0,756.0,1560.0,635.0,34.5,28.6,1.5393,True,False,False
4177,2004-08-31 17:00:00,2.0,1093.0,981.0,666.0,1676.0,733.0,32.7,33.0,1.5987,True,False,False
4178,2004-08-31 18:00:00,2.7,1184.0,1119.0,594.0,1806.0,912.0,31.4,35.4,1.5972,True,False,False
4179,2004-08-31 19:00:00,2.8,1180.0,1121.0,568.0,1816.0,947.0,27.7,43.5,1.592,True,False,False
4180,2004-08-31 20:00:00,2.0,1079.0,988.0,633.0,1694.0,899.0,26.2,47.8,1.5979,True,False,False
4181,2004-08-31 21:00:00,2.1,1095.0,1032.0,621.0,1730.0,984.0,25.7,48.7,1.5825,True,False,False
4182,2004-08-31 22:00:00,2.0,1073.0,1009.0,639.0,1655.0,955.0,25.2,50.1,1.58,True,False,False
4183,2004-08-31 23:00:00,1.8,1063.0,991.0,655.0,1672.0,966.0,24.4,53.4,1.6031,True,False,False
4184,2004-09-01 00:00:00,1.9,1046.0,960.0,671.0,1637.0,899.0,23.7,55.4,1.6031,True,False,False
4185,2004-09-01 01:00:00,1.3,953.0,858.0,742.0,1544.0,780.0,22.8,58.5,1.5992,True,False,False
4186,2004-09-01 02:00:00,0.7,864.0,673.0,947.0,1412.0,636.0,22.8,58.5,1.5985,True,False,False
4187,2004-09-01 03:00:00,0.5,829.0,628.0,994.0,1378.0,577.0,22.3,59.7,1.5889,True,False,False
4188,2004-09-01 04:00:00,0.5,838.0,639.0,963.0,1391.0,596.0,20.8,64.9,1.571,True,False,False
4189,2004-09-01 05:00:00,0.6,913.0,728.0,802.0,1418.0,887.0,19.7,66.8,1.5184,True,False,False
4190,2004-09-01 06:00:00,1.3,1039.0,921.0,687.0,1556.0,1115.0,19.8,64.3,1.4678,True,False,False
4191,2004-09-01 07:00:00,3.6,1252.0,1320.0,499.0,2001.0,1374.0,20.6,62.3,1.4915,True,False,False
4192,2004-09-01 08:00:00,4.9,1410.0,1669.0,393.0,2555.0,1644.0,23.2,54.0,1.5143,True,False,False
4193,2004-09-01 09:00:00,3.9,1217.0,1261.0,533.0,1941.0,1375.0,26.3,43.1,1.4542,True,False,False
4194,2004-09-01 10:00:00,2.2,1114.0,1077.0,633.0,1705.0,1199.0,29.1,35.4,1.4008,True,False,False
4195,2004-09-01 11:00:00,1.9,1026.0,1020.0,689.0,1603.0,992.0,30.0,31.6,1.3176,True,False,False
4196,2004-09-01 12:00:00,2.2,1051.0,1094.0,646.0,1675.0,966.0,32.4,26.3,1.2594,True,False,False
4197,2004-09-01 13:00:00,2.0,1027.0,1024.0,700.0,1588.0,814.0,31.3,29.1,1.3054,True,False,False
4198,2004-09-01 14:00:00,1.7,996.0,992.0,722.0,1580.0,727.0,31.1,28.6,1.2718,True,False,False
4199,2004-09-01 15:00:00,2.0,1028.0,1060.0,686.0,1601.0,806.0,33.3,24.4,1.232,True,False,False
4200,2004-09-01 16:00:00,2.1,1030.0,1060.0,705.0,1588.0,852.0,35.5,21.2,1.2022,True,False,False
4201,2004-09-01 17:00:00,3.2,1133.0,1280.0,595.0,1791.0,1093.0,34.6,22.0,1.189,True,False,False
4202,2004-09-01 18:00:00,4.0,1180.0,1339.0,567.0,1868.0,1211.0,33.3,23.6,1.1842,True,False,False
4203,2004-09-01 19:00:00,4.4,1261.0,1446.0,528.0,2061.0,1346.0,30.0,28.5,1.1896,True,False,False
4204,2004-09-01 20:00:00,3.0,1093.0,1133.0,599.0,1708.0,1200.0,28.0,33.0,1.2264,True,False,False
4205,2004-09-01 21:00:00,2.2,1068.0,1029.0,650.0,1612.0,1192.0,27.2,37.4,1.3279,True,False,False
4206,2004-09-01 22:00:00,1.7,1031.0,958.0,700.0,1560.0,1074.0,26.6,39.9,1.3657,True,False,False
4207,2004-09-01 23:00:00,1.9,1055.0,1037.0,635.0,1632.0,1161.0,25.3,41.7,1.3247,True,False,False
4208,2004-09-02 00:00:00,2.0,1060.0,1029.0,622.0,1663.0,1210.0,24.3,44.7,1.3432,True,False,False
4209,2004-09-02 01:00:00,1.5,962.0,880.0,726.0,1484.0,1050.0,24.4,45.6,1.3779,True,False,False
4210,2004-09-02 02:00:00,0.8,874.0,776.0,846.0,1416.0,873.0,23.1,49.9,1.3891,True,False,False
4211,2004-09-02 03:00:00,0.6,832.0,661.0,977.0,1312.0,766.0,22.7,51.3,1.3977,True,False,False
4212,2004-09-02 04:00:00,0.6,834.0,709.0,907.0,1348.0,835.0,21.8,54.1,1.4004,True,False,False
4213,2004-09-02 05:00:00,0.7,865.0,745.0,866.0,1394.0,901.0,21.0,56.9,1.3999,True,False,False
4214,2004-09-02 06:00:00,0.8,903.0,803.0,819.0,1471.0,853.0,21.8,55.5,1.4323,True,False,False
4215,2004-09-02 07:00:00,2.9,1236.0,1297.0,542.0,1997.0,1321.0,21.6,57.2,1.4607,True,False,False
4216,2004-09-02 08:00:00,5.2,1464.0,1552.0,419.0,2366.0,1738.0,22.8,54.2,1.4886,True,False,False
4217,2004-09-02 09:00:00,3.3,1258.0,1261.0,514.0,1940.0,1603.0,26.2,45.0,1.5098,True,False,False
4218,2004-09-02 10:00:00,,1203.0,1174.0,577.0,1824.0,1426.0,30.8,34.8,1.5165,False,True,False
4219,2004-09-02 11:00:00,,1156.0,1127.0,616.0,1767.0,1295.0,34.1,28.8,1.5105,False,True,False
4220,2004-09-02 12:00:00,,1106.0,1130.0,623.0,1726.0,1093.0,35.9,24.7,1.437,False,True,False
4221,2004-09-02 13:00:00,,1008.0,1037.0,697.0,1587.0,803.0,33.7,25.1,1.2915,False,True,False
4222,2004-09-02 14:00:00,,1011.0,1017.0,704.0,1569.0,738.0,34.4,24.0,1.279,False,True,False
4223,2004-09-02 15:00:00,,1049.0,1100.0,667.0,1635.0,870.0,36.4,20.3,1.214,False,True,False
4224,2004-09-02 16:00:00,,1053.0,1108.0,694.0,1570.0,873.0,38.7,17.3,1.1729,False,True,False
4225,2004-09-02 17:00:00,,1088.0,1159.0,666.0,1626.0,889.0,37.2,18.9,1.1774,False,True,False
4226,2004-09-02 18:00:00,,1248.0,1454.0,550.0,1917.0,1599.0,36.1,20.0,1.1767,False,True,False
4227,2004-09-02 19:00:00,,1374.0,1517.0,490.0,2069.0,1704.0,32.8,29.4,1.4344,False,True,False
4228,2004-09-02 20:00:00,,1213.0,1210.0,572.0,1809.0,1424.0,30.0,35.9,1.4958,False,True,False
4229,2004-09-02 21:00:00,,1108.0,1051.0,640.0,1616.0,1199.0,28.7,38.2,1.4794,False,True,False
4230,2004-09-02 22:00:00,,1071.0,982.0,649.0,1557.0,1099.0,28.1,40.4,1.512,False,True,False
4231,2004-09-02 23:00:00,,1044.0,967.0,672.0,1540.0,1133.0,27.4,41.4,1.4877,False,True,False
4232,2004-09-03 00:00:00,,1045.0,964.0,666.0,1554.0,1140.0,26.4,44.0,1.4919,False,True,False
4233,2004-09-03 01:00:00,,1004.0,921.0,699.0,1495.0,1092.0,24.9,47.9,1.4855,False,True,False
4234,2004-09-03 02:00:00,,944.0,796.0,784.0,1407.0,1021.0,24.0,50.3,1.476,False,True,False
4235,2004-09-03 03:00:00,,868.0,657.0,921.0,1356.0,764.0,25.2,47.9,1.5129,False,True,False
4236,2004-09-03 04:00:00,,850.0,632.0,954.0,1316.0,803.0,24.2,50.6,1.5011,False,True,False
4237,2004-09-03 05:00:00,,873.0,668.0,911.0,1354.0,744.0,23.1,55.0,1.5357,False,True,False
4238,2004-09-03 06:00:00,,905.0,766.0,842.0,1438.0,818.0,22.9,56.2,1.5522,False,True,False
4239,2004-09-03 07:00:00,,1249.0,1239.0,540.0,1953.0,1285.0,22.0,59.3,1.5523,False,True,False
4240,2004-09-03 08:00:00,,1488.0,1653.0,388.0,2537.0,1782.0,23.7,54.0,1.5627,False,True,False
4241,2004-09-03 09:00:00,,1300.0,1296.0,489.0,1989.0,1639.0,26.7,45.7,1.5747,False,True,False
4242,2004-09-03 10:00:00,,1311.0,1267.0,524.0,1941.0,1662.0,31.4,34.5,1.5599,False,True,False
4243,2004-09-03 11:00:00,,1232.0,1210.0,565.0,1832.0,1478.0,34.5,28.5,1.5324,False,True,False
4244,2004-09-03 12:00:00,,1113.0,1096.0,635.0,1636.0,1050.0,36.4,23.6,1.4064,False,True,False
4245,2004-09-03 13:00:00,,1048.0,1021.0,698.0,1570.0,846.0,35.1,23.2,1.2884,False,True,False
4246,2004-09-03 14:00:00,,1054.0,1036.0,697.0,1585.0,830.0,35.7,22.2,1.2765,False,True,False
4247,2004-09-03 15:00:00,,1104.0,1102.0,670.0,1609.0,1480.0,37.6,19.6,1.2534,False,True,False
4248,2004-09-03 16:00:00,,1130.0,1113.0,674.0,1623.0,1127.0,38.8,17.6,1.1979,False,True,False
4249,2004-09-03 17:00:00,4.6,1229.0,1348.0,565.0,1830.0,1445.0,39.3,16.0,1.1138,True,False,False
4250,2004-09-03 18:00:00,4.3,1347.0,1382.0,529.0,1961.0,1543.0,37.0,23.6,1.4639,True,False,False
4251,2004-09-03 19:00:00,4.9,1424.0,1417.0,488.0,2092.0,1674.0,33.2,30.1,1.5095,True,False,False
4252,2004-09-03 20:00:00,4.0,1305.0,1188.0,546.0,1843.0,1524.0,31.0,33.1,1.462,True,False,False
4253,2004-09-03 21:00:00,2.6,1180.0,1088.0,619.0,1662.0,1339.0,29.5,33.4,1.3562,True,False,False
4254,2004-09-03 22:00:00,1.3,1029.0,904.0,709.0,1460.0,992.0,29.1,36.7,1.4502,True,False,False
4255,2004-09-03 23:00:00,1.5,1080.0,902.0,702.0,1516.0,1048.0,27.8,40.7,1.5002,True,False,False
4256,2004-09-04 00:00:00,2.2,1197.0,1029.0,601.0,1628.0,1362.0,26.0,45.3,1.4999,True,False,False
4257,2004-09-04 01:00:00,1.2,1006.0,845.0,738.0,1430.0,978.0,25.8,45.4,1.487,True,False,False
4258,2004-09-04 02:00:00,0.9,987.0,820.0,772.0,1400.0,935.0,25.4,45.9,1.4684,True,False,False
4259,2004-09-04 03:00:00,0.8,958.0,735.0,816.0,1409.0,906.0,25.2,46.4,1.464,True,False,False
4260,2004-09-04 04:00:00,0.8,962.0,747.0,813.0,1431.0,913.0,23.0,52.7,1.4568,True,False,False
4261,2004-09-04 05:00:00,0.8,958.0,744.0,809.0,1419.0,903.0,22.1,54.5,1.4337,True,False,False
4262,2004-09-04 06:00:00,1.0,976.0,780.0,795.0,1467.0,898.0,22.5,53.6,1.4422,True,False,False
4263,2004-09-04 07:00:00,1.7,1088.0,945.0,636.0,1613.0,1165.0,22.0,55.4,1.4436,True,False,False
4264,2004-09-04 08:00:00,1.9,1159.0,1016.0,595.0,1681.0,1260.0,23.4,51.6,1.4639,True,False,False
4265,2004-09-04 09:00:00,2.0,1156.0,988.0,615.0,1634.0,1250.0,26.7,43.0,1.4808,True,False,False
4266,2004-09-04 10:00:00,2.2,1202.0,1021.0,649.0,1644.0,1226.0,31.3,32.9,1.4771,True,False,False
4267,2004-09-04 11:00:00,2.3,1226.0,1080.0,622.0,1697.0,1188.0,34.8,27.1,1.4837,True,False,False
4268,2004-09-04 12:00:00,2.3,1181.0,1091.0,638.0,1637.0,1072.0,38.3,21.5,1.4263,True,False,False
4269,2004-09-04 13:00:00,1.8,1062.0,969.0,729.0,1459.0,782.0,37.1,21.2,1.3107,True,False,False
4270,2004-09-04 14:00:00,1.4,1013.0,897.0,798.0,1351.0,594.0,37.3,20.3,1.2771,True,False,False
4271,2004-09-04 15:00:00,1.6,1029.0,913.0,787.0,1373.0,607.0,38.3,19.3,1.2736,True,False,False
4272,2004-09-04 16:00:00,2.3,1144.0,1046.0,682.0,1564.0,879.0,40.7,17.0,1.2793,True,False,False
4273,2004-09-04 17:00:00,2.4,1159.0,1059.0,664.0,1580.0,945.0,39.5,18.5,1.3076,True,False,False
4274,2004-09-04 18:00:00,2.1,1113.0,978.0,705.0,1538.0,946.0,36.6,22.6,1.3664,True,False,False
4275,2004-09-04 19:00:00,1.8,1100.0,944.0,730.0,1524.0,882.0,32.8,28.2,1.3842,True,False,False
4276,2004-09-04 20:00:00,1.7,1037.0,890.0,765.0,1408.0,735.0,30.7,30.7,1.3338,True,False,False
4277,2004-09-04 21:00:00,1.9,1055.0,988.0,720.0,1490.0,874.0,30.1,28.7,1.2052,True,False,False
4278,2004-09-04 22:00:00,1.6,980.0,901.0,812.0,1369.0,731.0,29.7,25.4,1.044,True,False,False
4279,2004-09-04 23:00:00,2.6,1083.0,1094.0,706.0,1537.0,926.0,29.6,24.3,0.9889,True,False,False
4280,2004-09-05 00:00:00,5.8,1399.0,1558.0,473.0,2052.0,1652.0,28.0,29.1,1.0846,True,False,False
4281,2004-09-05 01:00:00,3.0,1194.0,1255.0,555.0,1694.0,1452.0,27.2,33.3,1.1788,True,False,False
4282,2004-09-05 02:00:00,1.5,970.0,870.0,792.0,1376.0,943.0,27.5,30.9,1.1155,True,False,False
4283,2004-09-05 03:00:00,0.9,898.0,721.0,912.0,1264.0,594.0,27.1,33.3,1.1762,True,False,False
4284,2004-09-05 04:00:00,1.1,929.0,769.0,879.0,1335.0,607.0,26.4,35.1,1.1919,True,False,False
4285,2004-09-05 05:00:00,0.9,913.0,734.0,864.0,1338.0,646.0,25.6,37.6,1.2131,True,False,False
4286,2004-09-05 06:00:00,0.7,854.0,600.0,1102.0,1252.0,542.0,25.4,38.6,1.2352,True,False,False
4287,2004-09-05 07:00:00,0.6,881.0,647.0,964.0,1250.0,550.0,25.5,38.2,1.2296,True,False,False
4288,2004-09-05 08:00:00,0.7,867.0,618.0,1042.0,1231.0,488.0,27.0,34.3,1.2089,True,False,False
4289,2004-09-05 09:00:00,0.8,885.0,638.0,1059.0,1248.0,484.0,29.9,29.6,1.2296,True,False,False
4290,2004-09-05 10:00:00,0.9,899.0,654.0,1037.0,1254.0,481.0,31.9,26.8,1.2477,True,False,False
4291,2004-09-05 11:00:00,1.0,886.0,633.0,1071.0,1214.0,453.0,33.0,23.5,1.1583,True,False,False
4292,2004-09-05 12:00:00,0.9,864.0,651.0,1096.0,1193.0,443.0,34.5,19.3,1.0369,True,False,False
4293,2004-09-05 13:00:00,0.7,822.0,611.0,1191.0,1138.0,403.0,33.2,19.0,0.9533,True,False,False
4294,2004-09-05 14:00:00,0.6,810.0,597.0,1255.0,1106.0,361.0,32.2,20.5,0.9699,True,False,False
4295,2004-09-05 15:00:00,0.6,784.0,576.0,1327.0,1060.0,342.0,32.6,17.5,0.8467,True,False,False
4296,2004-09-05 16:00:00,0.8,823.0,633.0,1228.0,1103.0,366.0,33.0,17.5,0.8683,True,False,False
4297,2004-09-05 17:00:00,0.9,863.0,678.0,1153.0,1139.0,434.0,32.9,17.5,0.8622,True,False,False
4298,2004-09-05 18:00:00,1.1,880.0,728.0,1046.0,1167.0,514.0,31.6,18.0,0.8243,True,False,False
4299,2004-09-05 19:00:00,1.7,951.0,859.0,897.0,1267.0,718.0,29.3,20.4,0.8162,True,False,False
4300,2004-09-05 20:00:00,1.5,942.0,786.0,930.0,1245.0,705.0,27.8,24.4,0.9002,True,False,False
4301,2004-09-05 21:00:00,1.6,988.0,859.0,845.0,1341.0,799.0,27.1,26.9,0.9524,True,False,False
4302,2004-09-05 22:00:00,1.7,1008.0,845.0,832.0,1349.0,856.0,26.3,29.5,0.9959,True,False,False
4303,2004-09-05 23:00:00,1.3,965.0,769.0,878.0,1315.0,667.0,25.9,32.9,1.0826,True,False,False
4304,2004-09-06 00:00:00,1.3,957.0,717.0,911.0,1322.0,579.0,25.3,36.9,1.1764,True,False,False
4305,2004-09-06 01:00:00,1.0,921.0,666.0,954.0,1288.0,480.0,24.8,40.1,1.2378,True,False,False
4306,2004-09-06 02:00:00,0.6,854.0,562.0,1106.0,1224.0,400.0,24.3,42.9,1.2906,True,False,False
4307,2004-09-06 03:00:00,0.5,826.0,504.0,1250.0,1204.0,385.0,24.0,45.5,1.3404,True,False,False
4308,2004-09-06 04:00:00,,828.0,501.0,1281.0,1189.0,385.0,23.9,47.4,1.3881,False,True,False
4309,2004-09-06 05:00:00,0.4,892.0,580.0,1076.0,1271.0,516.0,23.5,49.1,1.3991,True,False,False
4310,2004-09-06 06:00:00,0.7,954.0,660.0,938.0,1342.0,728.0,23.7,49.2,1.4195,True,False,False
4311,2004-09-06 07:00:00,1.8,1120.0,890.0,728.0,1546.0,1035.0,23.6,49.6,1.4247,True,False,False
4312,2004-09-06 08:00:00,1.9,1096.0,921.0,716.0,1534.0,988.0,24.3,45.4,1.365,True,False,False
4313,2004-09-06 09:00:00,1.7,1058.0,898.0,749.0,1470.0,977.0,26.3,38.3,1.2932,True,False,False
4314,2004-09-06 10:00:00,1.3,977.0,800.0,843.0,1372.0,778.0,27.6,34.2,1.2464,True,False,False
4315,2004-09-06 11:00:00,1.4,977.0,840.0,827.0,1390.0,736.0,29.2,29.1,1.1586,True,False,False
4316,2004-09-06 12:00:00,1.3,943.0,777.0,880.0,1333.0,632.0,29.2,28.6,1.1423,True,False,False
4317,2004-09-06 13:00:00,1.4,964.0,814.0,850.0,1369.0,689.0,29.4,28.3,1.1434,True,False,False
4318,2004-09-06 14:00:00,1.2,953.0,781.0,889.0,1356.0,641.0,29.8,28.0,1.1558,True,False,False
4319,2004-09-06 15:00:00,1.3,967.0,814.0,854.0,1385.0,703.0,30.1,26.7,1.1217,True,False,False
4320,2004-09-06 16:00:00,1.5,996.0,843.0,840.0,1394.0,765.0,30.1,27.2,1.1406,True,False,False
4321,2004-09-06 17:00:00,2.3,1091.0,1039.0,699.0,1586.0,923.0,29.6,27.5,1.1229,True,False,False
4322,2004-09-06 18:00:00,2.6,1114.0,1101.0,663.0,1632.0,1057.0,29.6,27.7,1.1278,True,False,False
4323,2004-09-06 19:00:00,2.9,1133.0,1101.0,647.0,1669.0,1105.0,28.0,30.1,1.1226,True,False,False
4324,2004-09-06 20:00:00,1.8,1031.0,921.0,731.0,1490.0,897.0,26.8,33.8,1.1723,True,False,False
4325,2004-09-06 21:00:00,1.3,952.0,787.0,856.0,1342.0,723.0,25.7,35.8,1.16,True,False,False
4326,2004-09-06 22:00:00,1.3,949.0,804.0,835.0,1365.0,740.0,25.4,35.2,1.1255,True,False,False
4327,2004-09-06 23:00:00,1.2,932.0,752.0,889.0,1310.0,687.0,25.0,37.3,1.1614,True,False,False
4328,2004-09-07 00:00:00,1.2,966.0,774.0,859.0,1352.0,644.0,24.6,40.5,1.2362,True,False,False
4329,2004-09-07 01:00:00,0.8,888.0,653.0,973.0,1272.0,497.0,24.2,43.8,1.3057,True,False,False
4330,2004-09-07 02:00:00,0.6,847.0,634.0,1012.0,1258.0,525.0,24.0,43.7,1.2876,True,False,False
4331,2004-09-07 03:00:00,0.6,856.0,687.0,955.0,1260.0,726.0,21.9,48.3,1.2522,True,False,False
4332,2004-09-07 04:00:00,0.6,881.0,735.0,876.0,1308.0,783.0,22.4,47.2,1.2593,True,False,False
4333,2004-09-07 05:00:00,0.7,882.0,711.0,936.0,1310.0,741.0,22.9,46.5,1.2861,True,False,False
4334,2004-09-07 06:00:00,1.3,1016.0,888.0,776.0,1485.0,1040.0,23.1,47.0,1.3122,True,False,False
4335,2004-09-07 07:00:00,2.5,1228.0,1113.0,628.0,1719.0,1324.0,23.7,46.2,1.3376,True,False,False
4336,2004-09-07 08:00:00,3.4,1311.0,1350.0,529.0,1957.0,1486.0,25.8,41.9,1.3688,True,False,False
4337,2004-09-07 09:00:00,2.1,1081.0,983.0,703.0,1546.0,1079.0,27.3,38.3,1.3669,True,False,False
4338,2004-09-07 10:00:00,2.2,1104.0,993.0,705.0,1539.0,1081.0,31.0,29.1,1.2885,True,False,False
4339,2004-09-07 11:00:00,1.7,991.0,898.0,787.0,1412.0,806.0,31.6,25.5,1.1638,True,False,False
4340,2004-09-07 12:00:00,2.1,1008.0,980.0,755.0,1465.0,825.0,32.5,21.2,1.0173,True,False,False
4341,2004-09-07 13:00:00,2.2,986.0,1005.0,752.0,1439.0,907.0,31.7,20.5,0.9428,True,False,False
4342,2004-09-07 14:00:00,1.4,948.0,893.0,828.0,1374.0,768.0,31.5,21.5,0.9768,True,False,False
4343,2004-09-07 15:00:00,1.4,919.0,862.0,851.0,1293.0,697.0,31.6,20.8,0.9562,True,False,False
4344,2004-09-07 16:00:00,1.6,958.0,940.0,820.0,1380.0,728.0,32.4,19.4,0.9279,True,False,False
4345,2004-09-07 17:00:00,2.3,1037.0,1021.0,747.0,1451.0,786.0,31.7,20.3,0.9336,True,False,False
4346,2004-09-07 18:00:00,3.3,1120.0,1181.0,653.0,1604.0,1028.0,31.1,21.0,0.9337,True,False,False
4347,2004-09-07 19:00:00,4.1,1205.0,1294.0,579.0,1744.0,1317.0,28.9,25.4,0.9933,True,False,False
4348,2004-09-07 20:00:00,3.3,1172.0,1159.0,597.0,1653.0,1290.0,27.4,30.8,1.1112,True,False,False
4349,2004-09-07 21:00:00,2.2,1088.0,1019.0,668.0,1554.0,1165.0,26.3,34.1,1.1453,True,False,False
4350,2004-09-07 22:00:00,,1055.0,979.0,694.0,1517.0,1086.0,25.4,35.2,1.1288,False,True,False
4351,2004-09-07 23:00:00,,,,,,,,,,False,True,True
4352,2004-09-08 00:00:00,,,,,,,,,,False,True,True
4353,2004-09-08 01:00:00,,,,,,,,,,False,True,True
4354,2004-09-08 02:00:00,,,,,,,,,,False,True,True
4355,2004-09-08 03:00:00,,,,,,,,,,False,True,True
4356,2004-09-08 04:00:00,,,,,,,,,,False,True,True
4357,2004-09-08 05:00:00,,,,,,,,,,False,True,True
4358,2004-09-08 06:00:00,,,,,,,,,,False,True,True
4359,2004-09-08 07:00:00,,,,,,,,,,False,True,True
4360,2004-09-08 08:00:00,,,,,,,,,,False,True,True
4361,2004-09-08 09:00:00,,1297.0,1654.0,848.0,1366.0,1611.0,22.7,33.0,0.8987,False,True,False
4362,2004-09-08 10:00:00,,,,,,,,,,False,True,True
4363,2004-09-08 11:00:00,,,,,,,,,,False,True,True
4364,2004-09-08 12:00:00,,,,,,,,,,False,True,True
4365,2004-09-08 13:00:00,,,,,,,,,,False,True,True
4366,2004-09-08 14:00:00,,,,,,,,,,False,True,True
4367,2004-09-08 15:00:00,,,,,,,,,,False,True,True
4368,2004-09-08 16:00:00,,,,,,,,,,False,True,True
4369,2004-09-08 17:00:00,3.4,,,,,,,,,False,False,True
4370,2004-09-08 18:00:00,4.0,1325.0,1266.0,926.0,1441.0,1543.0,32.4,19.8,0.9484,True,False,False
4371,2004-09-08 19:00:00,4.7,1383.0,1406.0,824.0,1582.0,1678.0,29.9,22.3,0.9235,True,False,False
4372,2004-09-08 20:00:00,3.8,1254.0,1241.0,873.0,1463.0,1431.0,28.2,24.8,0.936,True,False,False
4373,2004-09-08 21:00:00,2.8,1221.0,1174.0,874.0,1481.0,1413.0,26.8,28.9,1.0019,True,False,False
4374,2004-09-08 22:00:00,2.6,1226.0,1138.0,862.0,1481.0,1419.0,25.1,32.3,1.0131,True,False,False
4375,2004-09-08 23:00:00,2.0,1100.0,999.0,984.0,1361.0,1145.0,25.4,30.5,0.9722,True,False,False
4376,2004-09-09 00:00:00,1.4,999.0,879.0,1114.0,1261.0,960.0,24.9,28.3,0.8775,True,False,False
4377,2004-09-09 01:00:00,1.2,980.0,873.0,1088.0,1258.0,949.0,23.2,30.5,0.8558,True,False,False
4378,2004-09-09 02:00:00,0.6,859.0,698.0,1254.0,1157.0,819.0,22.3,33.6,0.8959,True,False,False
4379,2004-09-09 03:00:00,0.3,814.0,606.0,1370.0,1131.0,745.0,23.0,33.0,0.9184,True,False,False
4380,2004-09-09 04:00:00,0.2,806.0,605.0,1366.0,1132.0,725.0,21.4,35.7,0.8982,True,False,False
4381,2004-09-09 05:00:00,0.4,813.0,631.0,1327.0,1108.0,710.0,21.7,33.4,0.8545,True,False,False
4382,2004-09-09 06:00:00,0.6,889.0,760.0,1224.0,1213.0,806.0,20.3,35.5,0.8342,True,False,False
4383,2004-09-09 07:00:00,3.0,1200.0,1246.0,798.0,1574.0,1416.0,19.7,37.5,0.8501,True,False,False
4384,2004-09-09 08:00:00,3.2,1289.0,1335.0,724.0,1681.0,1521.0,21.0,35.6,0.8736,True,False,False
4385,2004-09-09 09:00:00,3.5,1355.0,1333.0,741.0,1691.0,1605.0,25.0,28.9,0.9025,True,False,False
4386,2004-09-09 10:00:00,3.1,1277.0,1292.0,800.0,1626.0,1481.0,31.0,21.9,0.9708,True,False,False
4387,2004-09-09 11:00:00,2.2,1156.0,1142.0,907.0,1490.0,1188.0,34.9,18.5,1.0189,True,False,False
4388,2004-09-09 12:00:00,1.7,1054.0,1071.0,1006.0,1380.0,940.0,37.1,15.0,0.9297,True,False,False
4389,2004-09-09 13:00:00,2.0,1096.0,1083.0,971.0,1430.0,986.0,35.0,17.3,0.9542,True,False,False
4390,2004-09-09 14:00:00,2.5,1160.0,1185.0,873.0,1522.0,1162.0,35.1,17.5,0.9733,True,False,False
4391,2004-09-09 15:00:00,2.4,1148.0,1149.0,924.0,1473.0,1047.0,35.4,16.6,0.9385,True,False,False
4392,2004-09-09 16:00:00,2.9,1166.0,1186.0,878.0,1500.0,1180.0,38.4,13.8,0.9221,True,False,False
4393,2004-09-09 17:00:00,4.2,1315.0,1370.0,794.0,1689.0,1399.0,37.6,14.5,0.9277,True,False,False
4394,2004-09-09 18:00:00,5.4,1425.0,1605.0,660.0,1920.0,2321.0,35.2,16.6,0.9242,True,False,False
4395,2004-09-09 19:00:00,4.3,1329.0,1360.0,704.0,1768.0,1894.0,31.2,25.5,1.1379,True,False,False
4396,2004-09-09 20:00:00,3.6,1299.0,1197.0,763.0,1688.0,1606.0,29.3,30.7,1.229,True,False,False
4397,2004-09-09 21:00:00,2.0,1123.0,1015.0,845.0,1470.0,1297.0,28.3,30.1,1.1392,True,False,False
4398,2004-09-09 22:00:00,1.5,1089.0,1024.0,831.0,1452.0,1182.0,27.4,31.5,1.133,True,False,False
4399,2004-09-09 23:00:00,1.5,1081.0,950.0,876.0,1434.0,1138.0,26.2,35.7,1.1929,True,False,False
4400,2004-09-10 00:00:00,1.2,1031.0,871.0,950.0,1393.0,972.0,25.2,38.1,1.2049,True,False,False
4401,2004-09-10 01:00:00,1.0,969.0,787.0,1035.0,1350.0,799.0,24.4,39.1,1.1784,True,False,False
4402,2004-09-10 02:00:00,0.5,881.0,680.0,1175.0,1251.0,630.0,23.7,39.1,1.1289,True,False,False
4403,2004-09-10 03:00:00,0.5,869.0,638.0,1219.0,1213.0,586.0,24.2,38.5,1.1491,True,False,False
4404,2004-09-10 04:00:00,0.4,866.0,644.0,1162.0,1218.0,629.0,24.5,38.5,1.1688,True,False,False
4405,2004-09-10 05:00:00,0.5,895.0,689.0,1134.0,1250.0,709.0,22.4,43.5,1.1624,True,False,False
4406,2004-09-10 06:00:00,0.7,933.0,786.0,1018.0,1306.0,858.0,22.3,43.8,1.1631,True,False,False
4407,2004-09-10 07:00:00,2.4,1209.0,1163.0,762.0,1606.0,1300.0,21.4,45.8,1.1515,True,False,False
4408,2004-09-10 08:00:00,4.1,1417.0,1511.0,587.0,1975.0,1676.0,22.9,41.3,1.1383,True,False,False
4409,2004-09-10 09:00:00,3.0,1227.0,1233.0,739.0,1594.0,1384.0,26.6,30.3,1.0378,True,False,False
4410,2004-09-10 10:00:00,2.0,1093.0,1076.0,871.0,1457.0,1125.0,30.3,23.0,0.977,True,False,False
4411,2004-09-10 11:00:00,2.5,1135.0,1170.0,867.0,1523.0,1189.0,32.8,18.9,0.9234,True,False,False
4412,2004-09-10 12:00:00,2.4,1112.0,1161.0,866.0,1499.0,1088.0,34.3,17.7,0.9416,True,False,False
4413,2004-09-10 13:00:00,2.6,1147.0,1168.0,858.0,1492.0,1118.0,33.3,18.9,0.9536,True,False,False
4414,2004-09-10 14:00:00,1.9,1086.0,1070.0,907.0,1423.0,924.0,33.0,20.1,0.9959,True,False,False
4415,2004-09-10 15:00:00,2.1,1077.0,1056.0,908.0,1406.0,935.0,33.6,19.6,1.0029,True,False,False
4416,2004-09-10 16:00:00,2.5,1110.0,1098.0,882.0,1450.0,1009.0,34.9,18.4,1.0106,True,False,False
4417,2004-09-10 17:00:00,2.7,1146.0,1125.0,846.0,1511.0,1016.0,33.4,20.3,1.027,True,False,False
4418,2004-09-10 18:00:00,3.3,1211.0,1194.0,797.0,1599.0,1188.0,31.6,22.7,1.041,True,False,False
4419,2004-09-10 19:00:00,3.2,1218.0,1221.0,755.0,1599.0,1290.0,29.2,26.9,1.0709,True,False,False
4420,2004-09-10 20:00:00,2.6,1136.0,1082.0,824.0,1478.0,1130.0,27.7,30.1,1.0991,True,False,False
4421,2004-09-10 21:00:00,1.4,1017.0,908.0,932.0,1354.0,880.0,27.1,31.0,1.0991,True,False,False
4422,2004-09-10 22:00:00,1.6,1063.0,946.0,886.0,1391.0,996.0,26.0,33.4,1.1071,True,False,False
4423,2004-09-10 23:00:00,1.7,1083.0,951.0,880.0,1393.0,1054.0,25.1,35.7,1.1222,True,False,False
4424,2004-09-11 00:00:00,1.6,1077.0,994.0,829.0,1429.0,1081.0,24.3,38.5,1.1525,True,False,False
4425,2004-09-11 01:00:00,,968.0,823.0,952.0,1343.0,828.0,23.4,40.7,1.1551,False,True,False
4426,2004-09-11 02:00:00,,898.0,720.0,1059.0,1259.0,661.0,23.2,41.2,1.1561,False,True,False
4427,2004-09-11 03:00:00,,859.0,656.0,1126.0,1213.0,582.0,23.6,40.5,1.1667,False,True,False
4428,2004-09-11 04:00:00,,849.0,607.0,1189.0,1190.0,544.0,23.5,40.9,1.1677,False,True,False
4429,2004-09-11 05:00:00,,886.0,658.0,1101.0,1234.0,647.0,20.5,48.4,1.1557,False,True,False
4430,2004-09-11 06:00:00,,932.0,708.0,1057.0,1285.0,720.0,20.7,48.4,1.1663,False,True,False
4431,2004-09-11 07:00:00,,1144.0,1006.0,757.0,1535.0,1207.0,19.9,50.8,1.1694,False,True,False
4432,2004-09-11 08:00:00,,1222.0,1083.0,729.0,1624.0,1273.0,21.3,47.2,1.1825,False,True,False
4433,2004-09-11 09:00:00,,1202.0,989.0,775.0,1506.0,1303.0,24.0,40.8,1.1993,False,True,False
4434,2004-09-11 10:00:00,,1323.0,1190.0,698.0,1702.0,1479.0,28.7,30.3,1.1769,False,True,False
4435,2004-09-11 11:00:00,,1219.0,1074.0,805.0,1532.0,1191.0,31.9,24.7,1.1477,False,True,False
4436,2004-09-11 12:00:00,,1121.0,965.0,899.0,1386.0,932.0,33.8,21.9,1.1331,False,True,False
4437,2004-09-11 13:00:00,,1096.0,942.0,893.0,1366.0,826.0,32.7,22.7,1.1044,False,True,False
4438,2004-09-11 14:00:00,,1019.0,858.0,989.0,1270.0,631.0,33.0,21.3,1.0512,False,True,False
4439,2004-09-11 15:00:00,,1045.0,857.0,994.0,1308.0,598.0,33.9,21.2,1.0989,False,True,False
4440,2004-09-11 16:00:00,,1147.0,959.0,872.0,1387.0,796.0,35.9,20.3,1.1845,False,True,False
4441,2004-09-11 17:00:00,,1145.0,971.0,883.0,1418.0,759.0,34.2,22.6,1.197,False,True,False
4442,2004-09-11 18:00:00,,1202.0,1040.0,815.0,1506.0,886.0,32.0,27.3,1.2752,False,True,False
4443,2004-09-11 19:00:00,,1283.0,1112.0,719.0,1583.0,1071.0,29.3,32.6,1.3105,False,True,False
4444,2004-09-11 20:00:00,,1148.0,929.0,815.0,1443.0,826.0,27.2,38.0,1.347,False,True,False
4445,2004-09-11 21:00:00,,1229.0,1012.0,743.0,1562.0,1103.0,26.1,41.1,1.3705,False,True,False
4446,2004-09-11 22:00:00,,1287.0,1060.0,716.0,1595.0,1221.0,25.3,44.6,1.4161,False,True,False
4447,2004-09-11 23:00:00,,1285.0,1062.0,715.0,1583.0,1449.0,24.6,47.2,1.4424,False,True,False
4448,2004-09-12 00:00:00,,1251.0,1055.0,701.0,1602.0,1364.0,24.1,48.8,1.4412,False,True,False
4449,2004-09-12 01:00:00,,1120.0,900.0,811.0,1462.0,1111.0,23.6,50.4,1.447,False,True,False
4450,2004-09-12 02:00:00,,1108.0,917.0,797.0,1495.0,1129.0,22.0,55.8,1.4585,False,True,False
4451,2004-09-12 03:00:00,,961.0,759.0,943.0,1375.0,799.0,22.4,53.6,1.4379,False,True,False
4452,2004-09-12 04:00:00,,950.0,719.0,982.0,1372.0,771.0,21.6,55.8,1.4228,False,True,False
4453,2004-09-12 05:00:00,,901.0,608.0,1105.0,1299.0,646.0,21.8,55.2,1.4184,False,True,False
4454,2004-09-12 06:00:00,,903.0,619.0,1111.0,1315.0,705.0,21.7,55.4,1.4192,False,True,False
4455,2004-09-12 07:00:00,,1024.0,757.0,923.0,1423.0,908.0,20.6,59.8,1.435,False,True,False
4456,2004-09-12 08:00:00,,1093.0,837.0,830.0,1480.0,1047.0,22.1,55.3,1.4495,False,True,False
4457,2004-09-12 09:00:00,,1097.0,833.0,853.0,1470.0,1015.0,24.8,48.2,1.4883,False,True,False
4458,2004-09-12 10:00:00,,1126.0,830.0,853.0,1528.0,938.0,27.9,43.4,1.6017,False,True,False
4459,2004-09-12 11:00:00,,1139.0,794.0,908.0,1456.0,849.0,30.1,38.5,1.6212,False,True,False
4460,2004-09-12 12:00:00,,1178.0,832.0,858.0,1542.0,844.0,28.2,48.6,1.8253,False,True,False
4461,2004-09-12 13:00:00,,1243.0,883.0,745.0,1660.0,1036.0,24.8,70.4,2.1766,False,True,False
4462,2004-09-12 14:00:00,,1017.0,680.0,996.0,1421.0,729.0,27.8,49.4,1.8209,False,True,False
4463,2004-09-12 15:00:00,,1048.0,672.0,1050.0,1438.0,556.0,25.4,59.9,1.9168,False,True,False
4464,2004-09-12 16:00:00,,1254.0,840.0,787.0,1602.0,846.0,26.1,66.8,2.231,False,True,False
4465,2004-09-12 17:00:00,,1287.0,911.0,796.0,1664.0,942.0,28.0,53.2,1.981,False,True,False
4466,2004-09-12 18:00:00,,1215.0,900.0,823.0,1604.0,902.0,27.4,51.4,1.8404,False,True,False
4467,2004-09-12 19:00:00,,1363.0,1071.0,697.0,1763.0,1178.0,25.7,55.8,1.8149,False,True,False
4468,2004-09-12 20:00:00,,1436.0,1224.0,609.0,1886.0,1426.0,24.6,60.3,1.8363,False,True,False
4469,2004-09-12 21:00:00,,1365.0,1143.0,655.0,1796.0,1394.0,24.2,61.6,1.8381,False,True,False
4470,2004-09-12 22:00:00,,1506.0,1385.0,555.0,2260.0,1935.0,23.8,63.5,1.8495,False,True,False
4471,2004-09-12 23:00:00,,1227.0,1055.0,705.0,1772.0,1360.0,23.0,64.8,1.802,False,True,False
4472,2004-09-13 00:00:00,,1038.0,866.0,833.0,1570.0,1061.0,23.0,63.3,1.7589,False,True,False
4473,2004-09-13 01:00:00,,934.0,744.0,970.0,1473.0,870.0,22.8,63.3,1.7355,False,True,False
4474,2004-09-13 02:00:00,,900.0,699.0,1036.0,1452.0,799.0,21.0,68.6,1.6873,False,True,False
4475,2004-09-13 03:00:00,,870.0,692.0,1070.0,1443.0,779.0,20.4,70.7,1.6734,False,True,False
4476,2004-09-13 04:00:00,,875.0,713.0,1027.0,1436.0,809.0,19.4,73.4,1.6417,False,True,False
4477,2004-09-13 05:00:00,,940.0,789.0,917.0,1473.0,914.0,19.5,72.0,1.6118,False,True,False
4478,2004-09-13 06:00:00,,1053.0,913.0,824.0,1578.0,1033.0,19.7,70.3,1.5925,False,True,False
4479,2004-09-13 07:00:00,,1509.0,1508.0,533.0,2257.0,1572.0,20.4,66.7,1.577,False,True,False
4480,2004-09-13 08:00:00,,1559.0,1599.0,498.0,2374.0,1704.0,21.8,61.8,1.5966,False,True,False
4481,2004-09-13 09:00:00,,1313.0,1231.0,626.0,1889.0,1455.0,23.0,60.2,1.6652,False,True,False
4482,2004-09-13 10:00:00,3.1,1372.0,1251.0,609.0,1890.0,1588.0,25.4,53.0,1.6963,True,False,False
4483,2004-09-13 11:00:00,2.9,1320.0,1190.0,655.0,1825.0,1482.0,30.0,41.6,1.7324,True,False,False
4484,2004-09-13 12:00:00,3.0,1346.0,1246.0,639.0,1907.0,1458.0,32.6,34.8,1.6872,True,False,False
4485,2004-09-13 13:00:00,3.0,1307.0,1236.0,649.0,1869.0,1356.0,32.2,34.2,1.6145,True,False,False
4486,2004-09-13 14:00:00,2.2,1157.0,1069.0,737.0,1653.0,1100.0,32.1,33.5,1.569,True,False,False
4487,2004-09-13 15:00:00,2.0,1154.0,1026.0,773.0,1623.0,1212.0,32.6,31.8,1.5361,True,False,False
4488,2004-09-13 16:00:00,2.3,1172.0,1145.0,735.0,1676.0,1049.0,35.2,25.2,1.4111,True,False,False
4489,2004-09-13 17:00:00,3.1,1241.0,1254.0,693.0,1735.0,1149.0,34.3,24.7,1.3154,True,False,False
4490,2004-09-13 18:00:00,,1379.0,1433.0,605.0,1982.0,1370.0,31.5,29.9,1.3638,False,True,False
4491,2004-09-13 19:00:00,6.2,1570.0,1684.0,494.0,2289.0,1716.0,29.0,36.6,1.4452,True,False,False
4492,2004-09-13 20:00:00,4.7,1418.0,1471.0,542.0,2064.0,1600.0,27.1,42.2,1.4949,True,False,False
4493,2004-09-13 21:00:00,3.0,1317.0,1295.0,593.0,1883.0,1592.0,26.1,46.4,1.5445,True,False,False
4494,2004-09-13 22:00:00,2.1,1204.0,1136.0,648.0,1782.0,1491.0,25.1,49.4,1.548,True,False,False
4495,2004-09-13 23:00:00,1.0,1014.0,853.0,843.0,1499.0,1084.0,26.0,46.4,1.5375,True,False,False
4496,2004-09-14 00:00:00,0.8,956.0,794.0,896.0,1456.0,1007.0,24.7,49.2,1.5116,True,False,False
4497,2004-09-14 01:00:00,0.7,891.0,708.0,1005.0,1382.0,823.0,24.8,49.0,1.5092,True,False,False
4498,2004-09-14 02:00:00,,856.0,665.0,1061.0,1375.0,788.0,23.5,52.6,1.5035,False,True,False
4499,2004-09-14 03:00:00,,863.0,703.0,1032.0,1403.0,791.0,20.8,62.1,1.5044,False,True,False
4500,2004-09-14 04:00:00,,911.0,745.0,922.0,1428.0,924.0,19.9,65.5,1.5078,False,True,False
4501,2004-09-14 05:00:00,,936.0,765.0,916.0,1462.0,941.0,20.6,62.9,1.5088,False,True,False
4502,2004-09-14 06:00:00,,1087.0,964.0,774.0,1633.0,1103.0,21.3,59.4,1.4918,False,True,False
4503,2004-09-14 07:00:00,,1540.0,1498.0,519.0,2301.0,1657.0,22.0,58.3,1.5199,False,True,False
4504,2004-09-14 08:00:00,,1513.0,1601.0,469.0,2382.0,1743.0,23.2,55.4,1.5559,False,True,False
4505,2004-09-14 09:00:00,,1409.0,1322.0,562.0,2004.0,1601.0,26.5,50.2,1.713,False,True,False
4506,2004-09-14 10:00:00,,1219.0,1042.0,699.0,1750.0,1253.0,29.0,45.5,1.7976,False,True,False
4507,2004-09-14 11:00:00,,1286.0,1172.0,644.0,1870.0,1295.0,30.1,42.0,1.7602,False,True,False
4508,2004-09-14 12:00:00,,1228.0,1174.0,668.0,1788.0,1192.0,32.3,35.9,1.7067,False,True,False
4509,2004-09-14 13:00:00,,1140.0,1117.0,711.0,1690.0,1046.0,33.2,33.8,1.69,False,True,False
4510,2004-09-14 14:00:00,,1052.0,906.0,832.0,1516.0,803.0,34.0,33.6,1.7591,False,True,False
4511,2004-09-14 15:00:00,,1282.0,1107.0,682.0,1791.0,1116.0,29.9,45.6,1.8942,False,True,False
4512,2004-09-14 16:00:00,,1378.0,1282.0,576.0,2010.0,1347.0,27.7,53.7,1.967,False,True,False
4513,2004-09-14 17:00:00,,1506.0,1471.0,518.0,2200.0,1530.0,28.0,52.7,1.9604,False,True,False
4514,2004-09-14 18:00:00,,1310.0,1259.0,620.0,1926.0,1240.0,28.6,48.2,1.8616,False,True,False
4515,2004-09-14 19:00:00,,1204.0,1114.0,686.0,1807.0,1092.0,24.8,61.6,1.9067,False,True,False
4516,2004-09-14 20:00:00,,1071.0,842.0,873.0,1575.0,740.0,20.3,77.2,1.8204,False,True,False
4517,2004-09-14 21:00:00,,967.0,719.0,980.0,1490.0,670.0,19.7,82.5,1.8674,False,True,False
4518,2004-09-14 22:00:00,,947.0,689.0,1009.0,1454.0,640.0,20.6,78.8,1.8885,False,True,False
4519,2004-09-14 23:00:00,,1011.0,734.0,967.0,1497.0,918.0,19.2,87.2,1.9195,False,True,False
4520,2004-09-15 00:00:00,,971.0,722.0,949.0,1472.0,804.0,20.5,81.5,1.936,False,True,False
4521,2004-09-15 01:00:00,,886.0,627.0,1082.0,1405.0,694.0,21.4,74.0,1.8683,False,True,False
4522,2004-09-15 02:00:00,,908.0,657.0,1013.0,1460.0,796.0,20.5,78.2,1.8678,False,True,False
4523,2004-09-15 03:00:00,,901.0,652.0,1013.0,1468.0,804.0,20.7,77.8,1.8764,False,True,False
4524,2004-09-15 04:00:00,,915.0,674.0,970.0,1481.0,829.0,20.5,78.0,1.8636,False,True,False
4525,2004-09-15 05:00:00,,940.0,712.0,961.0,1499.0,848.0,20.6,76.2,1.8272,False,True,False
4526,2004-09-15 06:00:00,,1048.0,891.0,791.0,1654.0,992.0,20.1,77.4,1.802,False,True,False
4527,2004-09-15 07:00:00,,1298.0,1181.0,644.0,1962.0,1256.0,20.9,73.3,1.787,False,True,False
4528,2004-09-15 08:00:00,,1487.0,1493.0,492.0,2345.0,1598.0,21.2,72.3,1.8007,False,True,False
4529,2004-09-15 09:00:00,,1327.0,1233.0,582.0,1968.0,1403.0,22.5,68.9,1.8511,False,True,False
4530,2004-09-15 10:00:00,,1363.0,1255.0,573.0,1989.0,1497.0,23.7,64.5,1.8682,False,True,False
4531,2004-09-15 11:00:00,,1393.0,1340.0,529.0,2080.0,1500.0,23.2,68.4,1.9243,False,True,False
4532,2004-09-15 12:00:00,,1361.0,1324.0,540.0,2044.0,1549.0,23.5,69.2,1.9776,False,True,False
4533,2004-09-15 13:00:00,,1289.0,1217.0,599.0,1975.0,1374.0,24.1,65.5,1.9371,False,True,False
4534,2004-09-15 14:00:00,,1265.0,1184.0,619.0,1930.0,1270.0,24.2,65.6,1.9501,False,True,False
4535,2004-09-15 15:00:00,,1339.0,1257.0,579.0,2031.0,1360.0,24.6,63.9,1.9459,False,True,False
4536,2004-09-15 16:00:00,,1269.0,1215.0,608.0,1939.0,1296.0,26.3,56.5,1.9018,False,True,False
4537,2004-09-15 17:00:00,3.3,1299.0,1220.0,624.0,1929.0,1319.0,26.9,53.1,1.8557,True,False,False
4538,2004-09-15 18:00:00,6.1,1546.0,1519.0,493.0,2265.0,1649.0,26.5,50.8,1.7334,True,False,False
4539,2004-09-15 19:00:00,6.7,1571.0,1593.0,469.0,2409.0,1686.0,25.1,55.8,1.7511,True,False,False
4540,2004-09-15 20:00:00,4.4,1312.0,1299.0,580.0,2016.0,1380.0,23.9,58.9,1.7276,True,False,False
4541,2004-09-15 21:00:00,1.9,1074.0,946.0,767.0,1635.0,1079.0,23.1,62.8,1.7562,True,False,False
4542,2004-09-15 22:00:00,1.8,1127.0,989.0,752.0,1724.0,1096.0,22.1,67.3,1.7671,True,False,False
4543,2004-09-15 23:00:00,1.5,1040.0,923.0,769.0,1640.0,1049.0,22.1,66.5,1.7441,True,False,False
4544,2004-09-16 00:00:00,1.6,1060.0,925.0,772.0,1649.0,1161.0,21.1,70.1,1.7366,True,False,False
4545,2004-09-16 01:00:00,0.8,911.0,753.0,934.0,1496.0,865.0,21.9,67.1,1.7394,True,False,False
4546,2004-09-16 02:00:00,0.5,853.0,623.0,1107.0,1421.0,768.0,21.7,67.4,1.7262,True,False,False
4547,2004-09-16 03:00:00,0.7,915.0,725.0,962.0,1485.0,845.0,20.2,73.8,1.7229,True,False,False
4548,2004-09-16 04:00:00,0.6,897.0,738.0,936.0,1471.0,843.0,19.1,76.0,1.6668,True,False,False
4549,2004-09-16 05:00:00,0.9,976.0,840.0,844.0,1562.0,964.0,19.4,75.4,1.6802,True,False,False
4550,2004-09-16 06:00:00,1.4,1066.0,982.0,740.0,1699.0,1065.0,19.7,74.4,1.6829,True,False,False
4551,2004-09-16 07:00:00,4.2,1435.0,1387.0,544.0,2140.0,1467.0,19.9,74.3,1.7083,True,False,False
4552,2004-09-16 08:00:00,4.1,1420.0,1430.0,512.0,2194.0,1510.0,20.4,72.8,1.7198,True,False,False
4553,2004-09-16 09:00:00,3.6,1365.0,1341.0,549.0,2033.0,1518.0,21.6,67.7,1.7254,True,False,False
4554,2004-09-16 10:00:00,2.5,1171.0,1083.0,695.0,1758.0,1276.0,22.9,59.1,1.633,True,False,False
4555,2004-09-16 11:00:00,1.3,982.0,850.0,888.0,1505.0,873.0,18.7,73.1,1.5608,True,False,False
4556,2004-09-16 12:00:00,1.7,1021.0,979.0,798.0,1580.0,958.0,21.1,58.3,1.4444,True,False,False
4557,2004-09-16 13:00:00,2.1,1044.0,1039.0,771.0,1609.0,1076.0,23.3,47.1,1.3281,True,False,False
4558,2004-09-16 14:00:00,1.7,1005.0,972.0,834.0,1514.0,952.0,22.9,47.9,1.3208,True,False,False
4559,2004-09-16 15:00:00,1.9,1021.0,985.0,816.0,1524.0,977.0,23.3,46.2,1.301,True,False,False
4560,2004-09-16 16:00:00,2.3,1064.0,1048.0,772.0,1574.0,1059.0,23.7,45.4,1.315,True,False,False
4561,2004-09-16 17:00:00,3.3,1167.0,1231.0,659.0,1745.0,1199.0,23.8,46.1,1.3373,True,False,False
4562,2004-09-16 18:00:00,3.5,1167.0,1263.0,640.0,1790.0,1212.0,23.0,49.3,1.3689,True,False,False
4563,2004-09-16 19:00:00,3.6,1164.0,1227.0,658.0,1800.0,1193.0,21.9,53.1,1.3787,True,False,False
4564,2004-09-16 20:00:00,2.9,1092.0,1110.0,725.0,1641.0,1105.0,21.3,54.8,1.3742,True,False,False
4565,2004-09-16 21:00:00,2.0,997.0,955.0,845.0,1528.0,926.0,21.2,55.2,1.3699,True,False,False
4566,2004-09-16 22:00:00,1.9,966.0,964.0,858.0,1560.0,1231.0,21.4,54.8,1.3813,True,False,False
4567,2004-09-16 23:00:00,1.5,969.0,922.0,906.0,1488.0,995.0,20.8,57.2,1.3925,True,False,False
4568,2004-09-17 00:00:00,1.1,944.0,1005.0,874.0,1633.0,1094.0,21.3,55.8,1.3974,True,False,False
4569,2004-09-17 01:00:00,0.8,834.0,817.0,1022.0,1408.0,774.0,21.4,52.1,1.3125,True,False,False
4570,2004-09-17 02:00:00,0.5,796.0,667.0,1162.0,1295.0,558.0,20.6,56.6,1.3583,True,False,False
4571,2004-09-17 03:00:00,0.4,777.0,585.0,1305.0,1266.0,510.0,20.0,59.1,1.3694,True,False,False
4572,2004-09-17 04:00:00,0.3,752.0,521.0,1451.0,1247.0,471.0,19.7,61.9,1.4017,True,False,False
4573,2004-09-17 05:00:00,0.3,755.0,528.0,1472.0,1234.0,471.0,19.6,59.1,1.3346,True,False,False
4574,2004-09-17 06:00:00,0.5,800.0,598.0,1336.0,1278.0,529.0,19.8,56.7,1.2941,True,False,False
4575,2004-09-17 07:00:00,2.4,1147.0,1136.0,737.0,1708.0,1114.0,20.2,55.6,1.3043,True,False,False
4576,2004-09-17 08:00:00,2.2,1036.0,965.0,854.0,1544.0,987.0,19.7,57.8,1.3112,True,False,False
4577,2004-09-17 09:00:00,1.4,926.0,845.0,979.0,1398.0,851.0,20.2,53.1,1.2442,True,False,False
4578,2004-09-17 10:00:00,1.6,961.0,881.0,932.0,1417.0,901.0,22.0,47.0,1.2259,True,False,False
4579,2004-09-17 11:00:00,1.6,951.0,926.0,902.0,1460.0,949.0,23.5,41.6,1.1884,True,False,False
4580,2004-09-17 12:00:00,1.6,962.0,940.0,889.0,1441.0,855.0,22.8,41.8,1.1417,True,False,False
4581,2004-09-17 13:00:00,2.1,1004.0,1004.0,832.0,1490.0,911.0,23.4,40.4,1.15,True,False,False
4582,2004-09-17 14:00:00,1.1,893.0,828.0,988.0,1357.0,672.0,23.2,42.8,1.2017,True,False,False
4583,2004-09-17 15:00:00,1.6,990.0,956.0,872.0,1476.0,826.0,23.6,43.2,1.2433,True,False,False
4584,2004-09-17 16:00:00,2.4,1071.0,1068.0,798.0,1556.0,988.0,23.9,40.8,1.1937,True,False,False
4585,2004-09-17 17:00:00,2.9,1140.0,1155.0,733.0,1660.0,1105.0,23.6,42.8,1.23,True,False,False
4586,2004-09-17 18:00:00,2.7,1103.0,1143.0,741.0,1647.0,1089.0,23.2,43.3,1.2161,True,False,False
4587,2004-09-17 19:00:00,3.1,1082.0,1178.0,733.0,1605.0,1077.0,22.8,42.5,1.1608,True,False,False
4588,2004-09-17 20:00:00,2.2,991.0,977.0,872.0,1448.0,923.0,22.3,42.2,1.1209,True,False,False
4589,2004-09-17 21:00:00,1.5,935.0,852.0,978.0,1344.0,824.0,22.1,43.0,1.1271,True,False,False
4590,2004-09-17 22:00:00,1.2,908.0,790.0,1046.0,1317.0,717.0,22.2,42.7,1.1237,True,False,False
4591,2004-09-17 23:00:00,1.3,927.0,826.0,1021.0,1331.0,734.0,22.1,42.8,1.1265,True,False,False
4592,2004-09-18 00:00:00,1.4,936.0,844.0,978.0,1365.0,776.0,22.1,43.5,1.1443,True,False,False
4593,2004-09-18 01:00:00,0.9,847.0,694.0,1153.0,1240.0,594.0,21.5,45.6,1.1528,True,False,False
4594,2004-09-18 02:00:00,0.7,812.0,664.0,1212.0,1215.0,518.0,21.1,44.5,1.098,True,False,False
4595,2004-09-18 03:00:00,0.6,804.0,616.0,1271.0,1189.0,496.0,20.4,47.1,1.1178,True,False,False
4596,2004-09-18 04:00:00,,793.0,636.0,1213.0,1195.0,514.0,20.6,45.9,1.0993,False,True,False
4597,2004-09-18 05:00:00,0.5,775.0,609.0,1319.0,1190.0,468.0,20.2,46.7,1.0899,True,False,False
4598,2004-09-18 06:00:00,0.8,835.0,690.0,1183.0,1257.0,621.0,20.1,47.8,1.1144,True,False,False
4599,2004-09-18 07:00:00,1.2,913.0,830.0,980.0,1371.0,757.0,20.0,50.7,1.1724,True,False,False
4600,2004-09-18 08:00:00,1.1,903.0,765.0,1035.0,1317.0,712.0,20.7,49.7,1.197,True,False,False
4601,2004-09-18 09:00:00,1.6,982.0,895.0,892.0,1413.0,859.0,24.3,39.5,1.1842,True,False,False
4602,2004-09-18 10:00:00,1.4,925.0,838.0,949.0,1324.0,728.0,25.4,34.8,1.1119,True,False,False
4603,2004-09-18 11:00:00,1.2,895.0,776.0,1024.0,1274.0,640.0,26.6,30.7,1.0501,True,False,False
4604,2004-09-18 12:00:00,1.4,930.0,838.0,957.0,1319.0,680.0,27.7,28.1,1.0272,True,False,False
4605,2004-09-18 13:00:00,1.6,953.0,881.0,926.0,1339.0,704.0,27.6,28.7,1.0406,True,False,False
4606,2004-09-18 14:00:00,1.1,885.0,765.0,1017.0,1268.0,619.0,27.6,29.2,1.0594,True,False,False
4607,2004-09-18 15:00:00,1.1,903.0,779.0,1010.0,1278.0,583.0,28.1,28.6,1.0715,True,False,False
4608,2004-09-18 16:00:00,1.3,927.0,781.0,994.0,1267.0,594.0,29.1,26.8,1.0648,True,False,False
4609,2004-09-18 17:00:00,1.5,979.0,835.0,936.0,1338.0,700.0,28.4,28.3,1.0798,True,False,False
4610,2004-09-18 18:00:00,2.0,1050.0,947.0,832.0,1447.0,912.0,26.6,32.1,1.102,True,False,False
4611,2004-09-18 19:00:00,2.4,1091.0,1037.0,770.0,1512.0,1038.0,25.3,35.3,1.1262,True,False,False
4612,2004-09-18 20:00:00,2.0,1040.0,946.0,827.0,1424.0,952.0,24.7,37.1,1.1397,True,False,False
4613,2004-09-18 21:00:00,1.5,997.0,879.0,885.0,1404.0,887.0,23.5,40.6,1.1588,True,False,False
4614,2004-09-18 22:00:00,1.7,1042.0,938.0,816.0,1456.0,1004.0,22.8,43.4,1.1915,True,False,False
4615,2004-09-18 23:00:00,2.5,1191.0,1055.0,707.0,1563.0,1221.0,22.2,47.9,1.2626,True,False,False
4616,2004-09-19 00:00:00,2.2,1149.0,996.0,754.0,1534.0,1177.0,21.3,50.5,1.2652,True,False,False
4617,2004-09-19 01:00:00,1.4,973.0,862.0,850.0,1436.0,957.0,20.6,53.2,1.2742,True,False,False
4618,2004-09-19 02:00:00,1.2,940.0,823.0,891.0,1415.0,853.0,19.6,56.6,1.2797,True,False,False
4619,2004-09-19 03:00:00,1.2,949.0,890.0,854.0,1484.0,884.0,18.8,59.8,1.2847,True,False,False
4620,2004-09-19 04:00:00,0.9,830.0,699.0,1012.0,1339.0,736.0,18.8,59.5,1.2758,True,False,False
4621,2004-09-19 05:00:00,0.5,773.0,609.0,1169.0,1256.0,590.0,19.3,57.0,1.2603,True,False,False
4622,2004-09-19 06:00:00,0.6,811.0,644.0,1144.0,1289.0,655.0,18.2,60.8,1.2567,True,False,False
4623,2004-09-19 07:00:00,1.0,901.0,754.0,936.0,1351.0,854.0,16.8,66.8,1.2721,True,False,False
4624,2004-09-19 08:00:00,1.3,969.0,886.0,863.0,1451.0,953.0,18.6,60.0,1.2757,True,False,False
4625,2004-09-19 09:00:00,1.7,1027.0,933.0,806.0,1465.0,1050.0,22.2,48.0,1.2678,True,False,False
4626,2004-09-19 10:00:00,2.2,1094.0,1002.0,755.0,1536.0,1114.0,26.5,35.7,1.2149,True,False,False
4627,2004-09-19 11:00:00,2.1,1083.0,984.0,784.0,1485.0,1049.0,30.0,28.5,1.1883,True,False,False
4628,2004-09-19 12:00:00,2.2,1098.0,1015.0,754.0,1508.0,996.0,32.2,24.7,1.1696,True,False,False
4629,2004-09-19 13:00:00,2.0,1059.0,1047.0,761.0,1549.0,841.0,29.6,28.6,1.1628,True,False,False
4630,2004-09-19 14:00:00,2.0,1021.0,1009.0,771.0,1545.0,769.0,29.8,28.5,1.1809,True,False,False
4631,2004-09-19 15:00:00,1.2,925.0,768.0,987.0,1289.0,541.0,31.1,26.1,1.163,True,False,False
4632,2004-09-19 16:00:00,1.8,1045.0,910.0,878.0,1385.0,742.0,34.6,22.4,1.212,True,False,False
4633,2004-09-19 17:00:00,4.3,1303.0,1317.0,631.0,1816.0,1196.0,33.2,25.4,1.2722,True,False,False
4634,2004-09-19 18:00:00,3.8,1254.0,1204.0,668.0,1655.0,1338.0,30.0,31.4,1.3074,True,False,False
4635,2004-09-19 19:00:00,4.4,1345.0,1306.0,587.0,1806.0,1416.0,27.5,38.1,1.3756,True,False,False
4636,2004-09-19 20:00:00,3.8,1273.0,1159.0,645.0,1704.0,1341.0,26.2,42.5,1.423,True,False,False
4637,2004-09-19 21:00:00,1.9,1096.0,931.0,766.0,1506.0,1019.0,24.7,46.4,1.4206,True,False,False
4638,2004-09-19 22:00:00,1.7,1077.0,920.0,778.0,1509.0,935.0,23.6,50.0,1.4383,True,False,False
4639,2004-09-19 23:00:00,1.8,1084.0,929.0,751.0,1517.0,1081.0,22.7,53.6,1.4632,True,False,False
4640,2004-09-20 00:00:00,1.1,980.0,800.0,863.0,1407.0,903.0,22.7,53.8,1.4666,True,False,False
4641,2004-09-20 01:00:00,0.8,882.0,713.0,978.0,1343.0,731.0,22.8,53.0,1.4577,True,False,False
4642,2004-09-20 02:00:00,0.7,851.0,655.0,1051.0,1301.0,625.0,21.4,57.6,1.4469,True,False,False
4643,2004-09-20 03:00:00,0.6,819.0,597.0,1112.0,1281.0,613.0,19.9,62.3,1.4363,True,False,False
4644,2004-09-20 04:00:00,0.5,804.0,601.0,1122.0,1281.0,646.0,19.5,63.5,1.4269,True,False,False
4645,2004-09-20 05:00:00,0.5,823.0,631.0,1090.0,1304.0,671.0,20.2,60.8,1.4243,True,False,False
4646,2004-09-20 06:00:00,0.9,903.0,748.0,937.0,1373.0,801.0,19.4,63.5,1.4139,True,False,False
4647,2004-09-20 07:00:00,3.5,1310.0,1344.0,573.0,2026.0,1353.0,18.7,65.6,1.4039,True,False,False
4648,2004-09-20 08:00:00,,1436.0,1601.0,455.0,2338.0,1682.0,20.1,60.6,1.4062,False,True,False
4649,2004-09-20 09:00:00,5.7,1479.0,1490.0,494.0,2146.0,1749.0,23.5,49.7,1.4156,True,False,False
4650,2004-09-20 10:00:00,3.5,1285.0,1243.0,599.0,1815.0,1582.0,26.4,41.9,1.4237,True,False,False
4651,2004-09-20 11:00:00,3.7,1262.0,1258.0,597.0,1835.0,1484.0,29.9,34.0,1.4096,True,False,False
4652,2004-09-20 12:00:00,3.1,1225.0,1227.0,643.0,1774.0,1321.0,31.5,30.8,1.4017,True,False,False
4653,2004-09-20 13:00:00,3.0,1162.0,1188.0,676.0,1681.0,1125.0,30.2,30.2,1.2744,True,False,False
4654,2004-09-20 14:00:00,2.6,1103.0,1044.0,757.0,1523.0,967.0,30.5,29.3,1.2612,True,False,False
4655,2004-09-20 15:00:00,2.4,1120.0,1045.0,752.0,1563.0,975.0,31.8,27.4,1.2673,True,False,False
4656,2004-09-20 16:00:00,2.6,1169.0,1163.0,708.0,1639.0,1025.0,34.3,23.2,1.2326,True,False,False
4657,2004-09-20 17:00:00,5.0,1386.0,1522.0,560.0,1990.0,1469.0,34.1,23.0,1.2081,True,False,False
4658,2004-09-20 18:00:00,5.6,1426.0,1577.0,521.0,2080.0,1648.0,30.5,29.2,1.2585,True,False,False
4659,2004-09-20 19:00:00,6.5,1476.0,1663.0,473.0,2167.0,1785.0,28.1,32.4,1.2173,True,False,False
4660,2004-09-20 20:00:00,4.1,1167.0,1282.0,633.0,1685.0,1371.0,26.5,31.7,1.0787,True,False,False
4661,2004-09-20 21:00:00,2.1,1032.0,1039.0,761.0,1455.0,1071.0,24.8,33.7,1.0377,True,False,False
4662,2004-09-20 22:00:00,2.0,1034.0,972.0,747.0,1437.0,1118.0,23.9,38.1,1.1123,True,False,False
4663,2004-09-20 23:00:00,1.4,986.0,885.0,835.0,1407.0,931.0,23.0,43.0,1.1897,True,False,False
4664,2004-09-21 00:00:00,0.8,908.0,732.0,966.0,1311.0,722.0,23.5,44.7,1.2755,True,False,False
4665,2004-09-21 01:00:00,0.8,891.0,714.0,957.0,1295.0,773.0,22.3,47.7,1.2643,True,False,False
4666,2004-09-21 02:00:00,0.6,843.0,656.0,1042.0,1271.0,665.0,22.1,49.8,1.3094,True,False,False
4667,2004-09-21 03:00:00,0.5,822.0,612.0,1094.0,1254.0,594.0,21.8,51.4,1.3272,True,False,False
4668,2004-09-21 04:00:00,0.4,814.0,589.0,1119.0,1246.0,565.0,20.8,55.9,1.3581,True,False,False
4669,2004-09-21 05:00:00,0.6,869.0,673.0,1033.0,1307.0,688.0,18.8,63.0,1.3582,True,False,False
4670,2004-09-21 06:00:00,1.4,1013.0,905.0,804.0,1499.0,974.0,18.3,65.5,1.3686,True,False,False
4671,2004-09-21 07:00:00,5.6,1515.0,1584.0,496.0,2288.0,1591.0,18.2,66.1,1.3679,True,False,False
4672,2004-09-21 08:00:00,7.3,1587.0,1795.0,425.0,2531.0,1820.0,19.6,60.7,1.3713,True,False,False
4673,2004-09-21 09:00:00,5.3,1490.0,1487.0,508.0,2115.0,1807.0,22.6,51.4,1.392,True,False,False
4674,2004-09-21 10:00:00,4.4,1435.0,1408.0,537.0,1991.0,1704.0,25.8,44.2,1.4512,True,False,False
4675,2004-09-21 11:00:00,3.1,1246.0,1209.0,632.0,1792.0,1270.0,28.5,39.0,1.4928,True,False,False
4676,2004-09-21 12:00:00,3.3,1266.0,1231.0,615.0,1768.0,1265.0,30.1,35.1,1.4782,True,False,False
4677,2004-09-21 13:00:00,3.8,1277.0,1277.0,586.0,1846.0,1226.0,29.4,36.4,1.4718,True,False,False
4678,2004-09-21 14:00:00,2.3,1142.0,1073.0,671.0,1635.0,987.0,29.2,37.9,1.5116,True,False,False
4679,2004-09-21 15:00:00,2.6,1207.0,1136.0,645.0,1696.0,1024.0,30.5,34.9,1.5015,True,False,False
4680,2004-09-21 16:00:00,3.2,1252.0,1233.0,618.0,1759.0,1127.0,31.5,31.4,1.431,True,False,False
4681,2004-09-21 17:00:00,5.0,1399.0,1468.0,531.0,2072.0,1442.0,31.2,31.4,1.3987,True,False,False
4682,2004-09-21 18:00:00,5.6,1464.0,1559.0,485.0,2158.0,1639.0,28.5,37.2,1.4282,True,False,False
4683,2004-09-21 19:00:00,5.4,1422.0,1520.0,494.0,2087.0,1624.0,26.7,42.3,1.4618,True,False,False
4684,2004-09-21 20:00:00,4.4,1308.0,1297.0,567.0,1899.0,1454.0,24.8,49.0,1.5092,True,False,False
4685,2004-09-21 21:00:00,2.4,1137.0,1047.0,680.0,1620.0,1138.0,23.6,53.6,1.5374,True,False,False
4686,2004-09-21 22:00:00,1.5,1040.0,903.0,782.0,1494.0,951.0,23.0,55.8,1.548,True,False,False
4687,2004-09-21 23:00:00,1.3,1018.0,885.0,809.0,1491.0,864.0,22.1,58.4,1.5393,True,False,False
4688,2004-09-22 00:00:00,1.1,962.0,808.0,866.0,1430.0,868.0,22.6,56.3,1.5233,True,False,False
4689,2004-09-22 01:00:00,1.0,930.0,768.0,916.0,1409.0,825.0,21.0,61.3,1.5031,True,False,False
4690,2004-09-22 02:00:00,0.6,812.0,613.0,1133.0,1302.0,626.0,23.0,54.0,1.501,True,False,False
4691,2004-09-22 03:00:00,0.5,826.0,612.0,1111.0,1304.0,605.0,19.8,65.3,1.4894,True,False,False
4692,2004-09-22 04:00:00,0.6,878.0,702.0,949.0,1373.0,822.0,18.3,70.8,1.4794,True,False,False
4693,2004-09-22 05:00:00,0.8,922.0,764.0,892.0,1415.0,905.0,18.1,72.5,1.4876,True,False,False
4694,2004-09-22 06:00:00,1.5,1047.0,965.0,737.0,1606.0,1075.0,18.3,71.0,1.4807,True,False,False
4695,2004-09-22 07:00:00,4.1,1376.0,1452.0,521.0,2123.0,1541.0,18.5,68.9,1.4565,True,False,False
4696,2004-09-22 08:00:00,5.5,1514.0,1648.0,457.0,2400.0,1749.0,20.1,62.7,1.461,True,False,False
4697,2004-09-22 09:00:00,5.5,1494.0,1528.0,479.0,2201.0,1798.0,23.5,52.0,1.4833,True,False,False
4698,2004-09-22 10:00:00,3.7,1316.0,1298.0,562.0,1888.0,1584.0,26.8,42.7,1.4864,True,False,False
4699,2004-09-22 11:00:00,3.3,1269.0,1247.0,597.0,1813.0,1441.0,29.1,36.7,1.4543,True,False,False
4700,2004-09-22 12:00:00,2.5,1152.0,1099.0,674.0,1631.0,1093.0,30.8,32.0,1.4014,True,False,False
4701,2004-09-22 13:00:00,2.6,1138.0,1117.0,657.0,1646.0,1019.0,27.9,37.0,1.372,True,False,False
4702,2004-09-22 14:00:00,2.2,1132.0,1052.0,680.0,1609.0,944.0,28.5,37.3,1.4291,True,False,False
4703,2004-09-22 15:00:00,2.6,1186.0,1159.0,640.0,1701.0,1046.0,30.2,32.9,1.3865,True,False,False
4704,2004-09-22 16:00:00,2.9,1228.0,1184.0,657.0,1724.0,1089.0,32.9,27.7,1.3622,True,False,False
4705,2004-09-22 17:00:00,5.0,1424.0,1486.0,523.0,2084.0,1537.0,32.2,28.8,1.3624,True,False,False
4706,2004-09-22 18:00:00,5.1,1427.0,1458.0,507.0,2049.0,1566.0,28.8,39.0,1.5203,True,False,False
4707,2004-09-22 19:00:00,5.2,1387.0,1473.0,508.0,2065.0,1510.0,26.7,43.3,1.4881,True,False,False
4708,2004-09-22 20:00:00,3.8,1284.0,1249.0,582.0,1842.0,1300.0,24.6,54.0,1.6461,True,False,False
4709,2004-09-22 21:00:00,2.2,1110.0,1045.0,688.0,1638.0,1058.0,23.4,59.9,1.6992,True,False,False
4710,2004-09-22 22:00:00,2.1,1110.0,1032.0,702.0,1650.0,1002.0,22.5,62.6,1.6883,True,False,False
4711,2004-09-22 23:00:00,1.8,1077.0,964.0,749.0,1571.0,923.0,22.9,62.0,1.7127,True,False,False
4712,2004-09-23 00:00:00,1.6,1037.0,898.0,793.0,1539.0,836.0,22.2,64.9,1.719,True,False,False
4713,2004-09-23 01:00:00,1.4,1002.0,854.0,818.0,1513.0,779.0,21.4,68.5,1.7261,True,False,False
4714,2004-09-23 02:00:00,0.8,865.0,694.0,989.0,1385.0,678.0,22.2,63.0,1.6673,True,False,False
4715,2004-09-23 03:00:00,0.5,824.0,615.0,1131.0,1336.0,601.0,22.4,59.9,1.6069,True,False,False
4716,2004-09-23 04:00:00,,824.0,602.0,1138.0,1337.0,593.0,21.1,63.8,1.5817,False,True,False
4717,2004-09-23 05:00:00,0.5,847.0,620.0,1085.0,1339.0,670.0,22.9,57.5,1.5879,True,False,False
4718,2004-09-23 06:00:00,0.9,961.0,828.0,892.0,1491.0,837.0,21.3,63.2,1.5794,True,False,False
4719,2004-09-23 07:00:00,3.2,1336.0,1340.0,540.0,2049.0,1400.0,21.3,63.5,1.5941,True,False,False
4720,2004-09-23 08:00:00,2.8,1251.0,1264.0,582.0,1897.0,1393.0,23.7,54.4,1.5765,True,False,False
4721,2004-09-23 09:00:00,2.7,1290.0,1244.0,604.0,1853.0,1415.0,25.0,50.8,1.5903,True,False,False
4722,2004-09-23 10:00:00,2.4,1215.0,1141.0,631.0,1766.0,1285.0,26.3,48.1,1.6199,True,False,False
4723,2004-09-23 11:00:00,2.7,1248.0,1177.0,608.0,1784.0,1230.0,26.4,47.3,1.6006,True,False,False
4724,2004-09-23 12:00:00,2.8,1233.0,1184.0,610.0,1775.0,1147.0,29.3,39.5,1.5855,True,False,False
4725,2004-09-23 13:00:00,2.9,1229.0,1217.0,599.0,1795.0,1107.0,29.0,39.6,1.5581,True,False,False
4726,2004-09-23 14:00:00,2.6,1206.0,1175.0,618.0,1746.0,1068.0,29.8,38.0,1.5642,True,False,False
4727,2004-09-23 15:00:00,2.6,1215.0,1150.0,608.0,1733.0,1115.0,30.4,37.2,1.588,True,False,False
4728,2004-09-23 16:00:00,3.2,1330.0,1264.0,586.0,1860.0,1362.0,31.5,34.9,1.5903,True,False,False
4729,2004-09-23 17:00:00,4.6,1446.0,1434.0,522.0,2075.0,1619.0,31.6,34.8,1.5925,True,False,False
4730,2004-09-23 18:00:00,4.9,1446.0,1458.0,501.0,2059.0,1572.0,29.0,40.5,1.5949,True,False,False
4731,2004-09-23 19:00:00,4.7,1421.0,1444.0,510.0,2056.0,1446.0,27.2,45.9,1.6302,True,False,False
4732,2004-09-23 20:00:00,3.3,1247.0,1206.0,600.0,1785.0,1233.0,26.2,48.7,1.6256,True,False,False
4733,2004-09-23 21:00:00,2.3,1168.0,1070.0,667.0,1646.0,1102.0,25.1,50.5,1.584,True,False,False
4734,2004-09-23 22:00:00,2.1,1111.0,991.0,721.0,1559.0,1028.0,24.1,50.7,1.4959,True,False,False
4735,2004-09-23 23:00:00,1.7,1071.0,934.0,763.0,1504.0,942.0,22.5,53.7,1.4486,True,False,False
4736,2004-09-24 00:00:00,1.0,969.0,835.0,859.0,1437.0,773.0,22.7,53.7,1.458,True,False,False
4737,2004-09-24 01:00:00,0.9,942.0,780.0,915.0,1419.0,737.0,21.5,57.9,1.4658,True,False,False
4738,2004-09-24 02:00:00,0.7,923.0,744.0,908.0,1394.0,815.0,22.3,55.8,1.4828,True,False,False
4739,2004-09-24 03:00:00,0.4,813.0,581.0,1176.0,1320.0,627.0,22.7,53.8,1.4673,True,False,False
4740,2004-09-24 04:00:00,0.4,851.0,618.0,1099.0,1351.0,642.0,21.1,59.9,1.4789,True,False,False
4741,2004-09-24 05:00:00,0.5,868.0,639.0,1093.0,1367.0,610.0,20.4,63.0,1.4946,True,False,False
4742,2004-09-24 06:00:00,1.3,1062.0,915.0,792.0,1579.0,929.0,20.8,62.2,1.5119,True,False,False
4743,2004-09-24 07:00:00,3.5,1418.0,1328.0,546.0,2017.0,1427.0,21.3,61.6,1.5452,True,False,False
4744,2004-09-24 08:00:00,5.5,1600.0,1641.0,440.0,2430.0,1776.0,21.9,60.2,1.56,True,False,False
4745,2004-09-24 09:00:00,5.6,1583.0,1538.0,461.0,2214.0,1788.0,23.0,56.4,1.5614,True,False,False
4746,2004-09-24 10:00:00,3.4,1338.0,1305.0,543.0,1929.0,1521.0,25.1,49.5,1.5572,True,False,False
4747,2004-09-24 11:00:00,3.2,1285.0,1252.0,581.0,1866.0,1293.0,26.6,44.3,1.5229,True,False,False
4748,2004-09-24 12:00:00,3.7,1376.0,1359.0,530.0,1998.0,1435.0,26.2,46.0,1.5422,True,False,False
4749,2004-09-24 13:00:00,4.6,1467.0,1477.0,491.0,2114.0,1592.0,25.4,48.7,1.5594,True,False,False
4750,2004-09-24 14:00:00,4.2,1442.0,1403.0,518.0,2026.0,1551.0,25.6,48.3,1.558,True,False,False
4751,2004-09-24 15:00:00,3.3,1358.0,1277.0,563.0,1892.0,1429.0,25.7,47.8,1.5548,True,False,False
4752,2004-09-24 16:00:00,2.7,1222.0,1133.0,624.0,1698.0,1195.0,24.9,49.2,1.5251,True,False,False
4753,2004-09-24 17:00:00,2.2,1134.0,1017.0,724.0,1632.0,981.0,18.3,75.4,1.5682,True,False,False
4754,2004-09-24 18:00:00,2.8,1120.0,993.0,725.0,1565.0,962.0,16.3,73.9,1.3601,True,False,False
4755,2004-09-24 19:00:00,2.9,1103.0,997.0,736.0,1552.0,914.0,15.6,75.7,1.3345,True,False,False
4756,2004-09-24 20:00:00,2.0,985.0,805.0,895.0,1390.0,785.0,15.4,76.6,1.3334,True,False,False
4757,2004-09-24 21:00:00,0.7,795.0,596.0,1227.0,1188.0,482.0,14.0,75.4,1.1988,True,False,False
4758,2004-09-24 22:00:00,0.6,787.0,584.0,1317.0,1129.0,446.0,14.9,60.5,1.0213,True,False,False
4759,2004-09-24 23:00:00,1.2,839.0,701.0,1128.0,1156.0,553.0,15.5,50.9,0.888,True,False,False
4760,2004-09-25 00:00:00,1.2,835.0,705.0,1117.0,1161.0,592.0,15.6,50.0,0.8773,True,False,False
4761,2004-09-25 01:00:00,1.1,837.0,693.0,1096.0,1178.0,584.0,15.4,53.6,0.9326,True,False,False
4762,2004-09-25 02:00:00,0.6,761.0,563.0,1316.0,1106.0,451.0,15.4,53.9,0.9334,True,False,False
4763,2004-09-25 03:00:00,0.3,718.0,499.0,1495.0,1059.0,382.0,15.3,52.4,0.9017,True,False,False
4764,2004-09-25 04:00:00,0.3,724.0,495.0,1531.0,1071.0,391.0,15.3,53.1,0.9181,True,False,False
4765,2004-09-25 05:00:00,0.3,718.0,486.0,1531.0,1072.0,398.0,15.4,53.7,0.9295,True,False,False
4766,2004-09-25 06:00:00,0.4,744.0,525.0,1434.0,1097.0,430.0,15.5,53.3,0.9308,True,False,False
4767,2004-09-25 07:00:00,0.6,782.0,591.0,1287.0,1130.0,461.0,15.4,52.7,0.9178,True,False,False
4768,2004-09-25 08:00:00,0.7,798.0,619.0,1204.0,1138.0,500.0,15.7,51.1,0.9056,True,False,False
4769,2004-09-25 09:00:00,1.0,867.0,744.0,1067.0,1207.0,594.0,16.9,47.7,0.9142,True,False,False
4770,2004-09-25 10:00:00,1.1,862.0,729.0,1103.0,1171.0,603.0,18.2,41.9,0.8674,True,False,False
4771,2004-09-25 11:00:00,1.5,915.0,834.0,1006.0,1243.0,686.0,19.1,37.0,0.8104,True,False,False
4772,2004-09-25 12:00:00,1.4,857.0,813.0,1040.0,1183.0,622.0,19.3,34.8,0.771,True,False,False
4773,2004-09-25 13:00:00,1.4,837.0,812.0,1065.0,1171.0,624.0,19.8,31.2,0.7127,True,False,False
4774,2004-09-25 14:00:00,1.0,805.0,740.0,1161.0,1117.0,565.0,19.8,31.1,0.7104,True,False,False
4775,2004-09-25 15:00:00,0.9,781.0,705.0,1203.0,1068.0,514.0,20.2,28.6,0.6717,True,False,False
4776,2004-09-25 16:00:00,1.1,815.0,743.0,1183.0,1095.0,536.0,22.1,24.8,0.6514,True,False,False
4777,2004-09-25 17:00:00,1.3,877.0,844.0,1048.0,1193.0,669.0,21.1,27.7,0.6853,True,False,False
4778,2004-09-25 18:00:00,1.8,926.0,935.0,931.0,1262.0,786.0,20.1,30.3,0.7045,True,False,False
4779,2004-09-25 19:00:00,2.4,987.0,971.0,876.0,1312.0,891.0,19.5,33.0,0.7384,True,False,False
4780,2004-09-25 20:00:00,2.7,1004.0,1007.0,848.0,1321.0,926.0,19.3,32.3,0.7163,True,False,False
4781,2004-09-25 21:00:00,1.7,897.0,875.0,937.0,1227.0,902.0,18.4,33.2,0.6975,True,False,False
4782,2004-09-25 22:00:00,2.2,1002.0,989.0,840.0,1358.0,1011.0,17.8,36.5,0.7366,True,False,False
4783,2004-09-25 23:00:00,2.8,1126.0,1111.0,746.0,1473.0,1249.0,17.8,39.9,0.8035,True,False,False
4784,2004-09-26 00:00:00,2.4,1067.0,1013.0,794.0,1350.0,1133.0,17.0,43.0,0.8242,True,False,False
4785,2004-09-26 01:00:00,2.5,1063.0,1040.0,739.0,1413.0,1166.0,15.5,52.2,0.9136,True,False,False
4786,2004-09-26 02:00:00,1.4,915.0,893.0,872.0,1287.0,953.0,15.6,51.9,0.9135,True,False,False
4787,2004-09-26 03:00:00,1.4,906.0,885.0,872.0,1304.0,912.0,13.5,59.4,0.9176,True,False,False
4788,2004-09-26 04:00:00,,844.0,786.0,969.0,1226.0,831.0,13.4,59.9,0.9173,False,True,False
4789,2004-09-26 05:00:00,0.9,816.0,739.0,999.0,1188.0,793.0,12.5,63.2,0.9146,True,False,False
4790,2004-09-26 06:00:00,0.6,768.0,671.0,1128.0,1153.0,700.0,13.6,57.6,0.8941,True,False,False
4791,2004-09-26 07:00:00,1.0,835.0,785.0,989.0,1224.0,780.0,12.2,63.2,0.8964,True,False,False
4792,2004-09-26 08:00:00,1.6,944.0,908.0,865.0,1321.0,931.0,14.6,56.4,0.9319,True,False,False
4793,2004-09-26 09:00:00,0.9,810.0,651.0,1170.0,1117.0,575.0,19.8,38.6,0.8831,True,False,False
4794,2004-09-26 10:00:00,0.9,819.0,655.0,1222.0,1104.0,507.0,21.6,33.4,0.8519,True,False,False
4795,2004-09-26 11:00:00,1.0,844.0,680.0,1147.0,1129.0,518.0,22.0,32.2,0.8407,True,False,False
4796,2004-09-26 12:00:00,1.0,846.0,688.0,1127.0,1138.0,518.0,22.7,30.2,0.8217,True,False,False
4797,2004-09-26 13:00:00,0.9,842.0,711.0,1077.0,1160.0,516.0,22.3,30.4,0.8063,True,False,False
4798,2004-09-26 14:00:00,0.9,840.0,722.0,1048.0,1169.0,507.0,22.1,30.5,0.7981,True,False,False
4799,2004-09-26 15:00:00,0.9,815.0,657.0,1166.0,1098.0,490.0,22.1,29.5,0.7761,True,False,False
4800,2004-09-26 16:00:00,0.9,838.0,685.0,1176.0,1121.0,465.0,23.4,27.1,0.7681,True,False,False
4801,2004-09-26 17:00:00,2.7,992.0,987.0,823.0,1327.0,781.0,23.1,27.0,0.7538,True,False,False
4802,2004-09-26 18:00:00,2.2,990.0,891.0,908.0,1278.0,765.0,21.5,31.4,0.7943,True,False,False
4803,2004-09-26 19:00:00,3.3,1066.0,1004.0,795.0,1384.0,1006.0,20.3,35.5,0.833,True,False,False
4804,2004-09-26 20:00:00,2.1,971.0,870.0,911.0,1287.0,798.0,19.6,36.3,0.8193,True,False,False
4805,2004-09-26 21:00:00,1.8,963.0,887.0,853.0,1311.0,938.0,18.7,39.7,0.8482,True,False,False
4806,2004-09-26 22:00:00,1.9,1010.0,925.0,829.0,1351.0,996.0,18.0,42.7,0.8745,True,False,False
4807,2004-09-26 23:00:00,2.3,1054.0,978.0,768.0,1398.0,1109.0,17.1,47.6,0.9208,True,False,False
4808,2004-09-27 00:00:00,1.9,998.0,920.0,802.0,1365.0,1042.0,16.6,51.3,0.9634,True,False,False
4809,2004-09-27 01:00:00,1.3,919.0,802.0,891.0,1265.0,940.0,15.9,55.2,0.9881,True,False,False
4810,2004-09-27 02:00:00,1.0,884.0,764.0,921.0,1247.0,900.0,14.9,58.9,0.9891,True,False,False
4811,2004-09-27 03:00:00,0.6,803.0,648.0,1079.0,1178.0,774.0,14.1,61.0,0.9799,True,False,False
4812,2004-09-27 04:00:00,0.6,820.0,674.0,1024.0,1188.0,790.0,14.0,62.6,0.9948,True,False,False
4813,2004-09-27 05:00:00,0.9,894.0,794.0,889.0,1266.0,908.0,14.1,61.7,0.9844,True,False,False
4814,2004-09-27 06:00:00,1.5,988.0,941.0,801.0,1399.0,1035.0,14.4,60.3,0.9802,True,False,False
4815,2004-09-27 07:00:00,5.5,1372.0,1477.0,542.0,1973.0,1556.0,15.0,57.7,0.9778,True,False,False
4816,2004-09-27 08:00:00,4.0,1209.0,1262.0,618.0,1708.0,1392.0,16.9,50.3,0.958,True,False,False
4817,2004-09-27 09:00:00,1.8,951.0,908.0,873.0,1314.0,904.0,19.7,40.2,0.9108,True,False,False
4818,2004-09-27 10:00:00,1.9,992.0,943.0,847.0,1351.0,936.0,22.2,33.6,0.8886,True,False,False
4819,2004-09-27 11:00:00,1.7,964.0,947.0,862.0,1328.0,907.0,23.7,29.6,0.8537,True,False,False
4820,2004-09-27 12:00:00,1.6,917.0,910.0,886.0,1275.0,744.0,21.9,30.7,0.7961,True,False,False
4821,2004-09-27 13:00:00,1.9,937.0,942.0,852.0,1276.0,773.0,22.3,29.5,0.7838,True,False,False
4822,2004-09-27 14:00:00,1.6,961.0,949.0,853.0,1306.0,812.0,23.8,27.0,0.7845,True,False,False
4823,2004-09-27 15:00:00,1.8,969.0,962.0,829.0,1316.0,856.0,23.3,28.3,0.8012,True,False,False
4824,2004-09-27 16:00:00,2.0,1020.0,1042.0,788.0,1401.0,927.0,24.2,27.2,0.8128,True,False,False
4825,2004-09-27 17:00:00,3.1,1107.0,1219.0,683.0,1582.0,1131.0,25.1,25.8,0.8065,True,False,False
4826,2004-09-27 18:00:00,3.9,1119.0,1233.0,670.0,1539.0,1270.0,22.3,29.2,0.7773,True,False,False
4827,2004-09-27 19:00:00,4.3,1173.0,1322.0,633.0,1679.0,1365.0,20.8,32.5,0.7873,True,False,False
4828,2004-09-27 20:00:00,3.5,1097.0,1144.0,702.0,1517.0,1274.0,19.1,36.8,0.8066,True,False,False
4829,2004-09-27 21:00:00,2.4,1018.0,1024.0,758.0,1400.0,1169.0,18.1,39.9,0.8232,True,False,False
4830,2004-09-27 22:00:00,1.5,932.0,914.0,837.0,1298.0,1000.0,17.4,42.8,0.8463,True,False,False
4831,2004-09-27 23:00:00,1.3,897.0,849.0,891.0,1253.0,910.0,16.7,46.6,0.8793,True,False,False
4832,2004-09-28 00:00:00,1.0,840.0,758.0,994.0,1189.0,829.0,17.1,46.8,0.9054,True,False,False
4833,2004-09-28 01:00:00,0.8,802.0,680.0,1091.0,1137.0,756.0,15.3,51.9,0.8982,True,False,False
4834,2004-09-28 02:00:00,0.5,765.0,637.0,1138.0,1113.0,742.0,15.0,52.8,0.8929,True,False,False
4835,2004-09-28 03:00:00,0.4,741.0,595.0,1191.0,1080.0,686.0,14.4,54.5,0.8887,True,False,False
4836,2004-09-28 04:00:00,0.5,748.0,595.0,1208.0,1089.0,677.0,12.8,59.8,0.8801,True,False,False
4837,2004-09-28 05:00:00,0.7,791.0,704.0,1057.0,1154.0,748.0,11.9,62.7,0.8726,True,False,False
4838,2004-09-28 06:00:00,1.2,875.0,871.0,890.0,1253.0,890.0,12.1,62.6,0.8825,True,False,False
4839,2004-09-28 07:00:00,2.4,1085.0,1164.0,707.0,1503.0,1155.0,13.5,58.2,0.8944,True,False,False
4840,2004-09-28 08:00:00,4.3,1268.0,1482.0,550.0,1849.0,1533.0,14.4,55.7,0.9087,True,False,False
4841,2004-09-28 09:00:00,4.1,1236.0,1332.0,601.0,1683.0,1550.0,17.8,45.7,0.9224,True,False,False
4842,2004-09-28 10:00:00,3.7,1274.0,1294.0,615.0,1595.0,2236.0,21.0,37.2,0.9155,True,False,False
4843,2004-09-28 11:00:00,3.4,1250.0,1280.0,618.0,1663.0,2178.0,24.5,29.8,0.9008,True,False,False
4844,2004-09-28 12:00:00,3.8,1224.0,1347.0,602.0,1670.0,1901.0,26.4,26.4,0.8969,True,False,False
4845,2004-09-28 13:00:00,4.1,1220.0,1344.0,605.0,1676.0,1743.0,25.2,26.8,0.8451,True,False,False
4846,2004-09-28 14:00:00,3.4,1166.0,1265.0,640.0,1570.0,1502.0,26.1,24.8,0.8283,True,False,False
4847,2004-09-28 15:00:00,2.3,1050.0,1084.0,748.0,1402.0,1153.0,26.2,24.4,0.8174,True,False,False
4848,2004-09-28 16:00:00,3.2,1174.0,1264.0,670.0,1598.0,1287.0,28.9,21.3,0.8382,True,False,False
4849,2004-09-28 17:00:00,4.8,1323.0,1474.0,554.0,1854.0,1547.0,28.0,23.3,0.8681,True,False,False
4850,2004-09-28 18:00:00,6.7,1432.0,1706.0,488.0,2098.0,1842.0,24.7,27.9,0.8559,True,False,False
4851,2004-09-28 19:00:00,7.5,1479.0,1756.0,466.0,2165.0,1908.0,23.0,33.6,0.9302,True,False,False
4852,2004-09-28 20:00:00,4.5,1309.0,1379.0,555.0,1841.0,1693.0,20.9,45.8,1.1159,True,False,False
4853,2004-09-28 21:00:00,2.1,1089.0,1037.0,707.0,1480.0,1336.0,19.8,48.6,1.113,True,False,False
4854,2004-09-28 22:00:00,1.5,1009.0,911.0,788.0,1359.0,1177.0,19.8,47.7,1.0885,True,False,False
4855,2004-09-28 23:00:00,1.1,930.0,796.0,883.0,1263.0,977.0,18.6,49.1,1.0435,True,False,False
4856,2004-09-29 00:00:00,1.1,929.0,805.0,879.0,1270.0,974.0,17.2,53.9,1.0498,True,False,False
4857,2004-09-29 01:00:00,0.9,872.0,718.0,981.0,1223.0,872.0,16.3,56.8,1.047,True,False,False
4858,2004-09-29 02:00:00,0.5,790.0,601.0,1150.0,1157.0,734.0,17.4,53.4,1.0541,True,False,False
4859,2004-09-29 03:00:00,0.4,793.0,581.0,1169.0,1152.0,668.0,15.5,58.8,1.0309,True,False,False
4860,2004-09-29 04:00:00,,789.0,596.0,1145.0,1161.0,698.0,14.6,62.1,1.0236,False,True,False
4861,2004-09-29 05:00:00,0.4,769.0,586.0,1221.0,1134.0,650.0,17.1,52.5,1.013,True,False,False
4862,2004-09-29 06:00:00,0.7,852.0,713.0,1029.0,1203.0,749.0,15.2,58.3,0.9986,True,False,False
4863,2004-09-29 07:00:00,2.0,1100.0,1097.0,739.0,1516.0,1106.0,14.9,59.2,0.9985,True,False,False
4864,2004-09-29 08:00:00,4.2,1326.0,1504.0,510.0,1968.0,1609.0,15.1,59.0,1.0086,True,False,False
4865,2004-09-29 09:00:00,5.2,1433.0,1518.0,499.0,1973.0,1770.0,19.0,47.8,1.0434,True,False,False
4866,2004-09-29 10:00:00,3.8,1310.0,1334.0,573.0,1747.0,1633.0,22.4,38.8,1.04,True,False,False
4867,2004-09-29 11:00:00,3.7,1304.0,1272.0,593.0,1673.0,1583.0,25.4,33.3,1.0679,True,False,False
4868,2004-09-29 12:00:00,3.4,1286.0,1286.0,593.0,1728.0,1449.0,27.2,30.4,1.081,True,False,False
4869,2004-09-29 13:00:00,3.1,1217.0,1175.0,621.0,1644.0,1451.0,25.5,34.8,1.1152,True,False,False
4870,2004-09-29 14:00:00,2.4,1104.0,1099.0,698.0,1483.0,1147.0,26.4,28.5,0.9658,True,False,False
4871,2004-09-29 15:00:00,2.8,1143.0,1176.0,677.0,1551.0,1108.0,27.7,25.1,0.9158,True,False,False
4872,2004-09-29 16:00:00,3.6,1205.0,1295.0,626.0,1613.0,1267.0,28.6,23.2,0.8917,True,False,False
4873,2004-09-29 17:00:00,4.0,1276.0,1340.0,597.0,1677.0,1303.0,27.2,26.3,0.9317,True,False,False
4874,2004-09-29 18:00:00,5.6,1440.0,1573.0,491.0,1997.0,1643.0,25.3,33.0,1.0473,True,False,False
4875,2004-09-29 19:00:00,6.3,1467.0,1643.0,467.0,2088.0,1749.0,23.2,36.9,1.0346,True,False,False
4876,2004-09-29 20:00:00,4.7,1339.0,1373.0,541.0,1797.0,1585.0,21.6,43.3,1.1019,True,False,False
4877,2004-09-29 21:00:00,1.9,1108.0,1061.0,685.0,1454.0,1315.0,21.1,44.8,1.1088,True,False,False
4878,2004-09-29 22:00:00,1.9,1116.0,1012.0,699.0,1445.0,1290.0,19.7,49.3,1.1148,True,False,False
4879,2004-09-29 23:00:00,1.2,981.0,860.0,812.0,1298.0,1059.0,20.3,47.8,1.1281,True,False,False
4880,2004-09-30 00:00:00,0.9,947.0,798.0,869.0,1276.0,943.0,19.4,50.3,1.1201,True,False,False
4881,2004-09-30 01:00:00,,939.0,776.0,879.0,1259.0,913.0,18.3,53.1,1.1056,False,True,False
4882,2004-09-30 02:00:00,,862.0,644.0,1030.0,1173.0,720.0,17.5,56.1,1.1103,False,True,False
4883,2004-09-30 03:00:00,,827.0,577.0,1138.0,1143.0,640.0,19.2,50.3,1.1087,False,True,False
4884,2004-09-30 04:00:00,,879.0,611.0,1036.0,1189.0,779.0,16.6,59.6,1.117,False,True,False
4885,2004-09-30 05:00:00,,911.0,710.0,932.0,1226.0,850.0,17.5,57.1,1.1311,False,True,False
4886,2004-09-30 06:00:00,,1051.0,901.0,778.0,1379.0,1020.0,17.6,57.6,1.1471,False,True,False
4887,2004-09-30 07:00:00,,1496.0,1425.0,520.0,1946.0,1605.0,18.0,57.0,1.1665,False,True,False
4888,2004-09-30 08:00:00,,1610.0,1692.0,436.0,2197.0,1866.0,18.5,55.9,1.1779,False,True,False
4889,2004-09-30 09:00:00,,1428.0,1321.0,544.0,1779.0,1621.0,18.6,57.2,1.2146,False,True,False
4890,2004-09-30 10:00:00,,1459.0,1356.0,525.0,1795.0,1712.0,20.2,53.0,1.2407,False,True,False
4891,2004-09-30 11:00:00,,1486.0,1390.0,504.0,1835.0,1770.0,21.3,50.1,1.2539,False,True,False
4892,2004-09-30 12:00:00,1.7,1158.0,1008.0,695.0,1489.0,1175.0,24.6,42.8,1.3053,True,False,False
4893,2004-09-30 13:00:00,1.7,1200.0,1021.0,678.0,1510.0,1157.0,24.6,44.1,1.3477,True,False,False
4894,2004-09-30 14:00:00,2.2,1290.0,1151.0,613.0,1638.0,1219.0,25.6,43.4,1.4049,True,False,False
4895,2004-09-30 15:00:00,2.8,1366.0,1223.0,578.0,1744.0,1288.0,26.1,42.6,1.4172,True,False,False
4896,2004-09-30 16:00:00,3.9,1505.0,1388.0,516.0,1978.0,1503.0,25.8,44.8,1.4644,True,False,False
4897,2004-09-30 17:00:00,6.5,1728.0,1683.0,419.0,2365.0,1861.0,25.4,47.9,1.5346,True,False,False
4898,2004-09-30 18:00:00,6.3,1673.0,1643.0,436.0,2259.0,1781.0,24.6,50.0,1.5241,True,False,False
4899,2004-09-30 19:00:00,5.7,1636.0,1553.0,449.0,2130.0,1745.0,23.6,54.4,1.5687,True,False,False
4900,2004-09-30 20:00:00,4.4,1468.0,1296.0,529.0,1854.0,1590.0,22.6,59.5,1.6155,True,False,False
4901,2004-09-30 21:00:00,1.6,1180.0,997.0,677.0,1549.0,1127.0,22.1,61.3,1.6133,True,False,False
4902,2004-09-30 22:00:00,1.5,1138.0,938.0,700.0,1500.0,1098.0,22.1,61.3,1.6053,True,False,False
4903,2004-09-30 23:00:00,1.7,1192.0,1004.0,665.0,1577.0,1176.0,21.1,64.7,1.5956,True,False,False
4904,2004-10-01 00:00:00,1.9,1176.0,993.0,659.0,1572.0,1178.0,20.3,66.4,1.5591,True,False,False
4905,2004-10-01 01:00:00,1.6,1137.0,967.0,687.0,1557.0,1091.0,19.4,69.3,1.5418,True,False,False
4906,2004-10-01 02:00:00,1.3,1035.0,851.0,764.0,1465.0,1002.0,19.0,70.8,1.5417,True,False,False
4907,2004-10-01 03:00:00,0.8,943.0,709.0,893.0,1348.0,876.0,20.2,65.8,1.5442,True,False,False
4908,2004-10-01 04:00:00,0.6,904.0,655.0,968.0,1326.0,824.0,19.8,67.2,1.5322,True,False,False
4909,2004-10-01 05:00:00,0.7,966.0,726.0,872.0,1371.0,892.0,19.0,70.3,1.5308,True,False,False
4910,2004-10-01 06:00:00,1.6,1124.0,972.0,674.0,1568.0,1092.0,18.8,71.8,1.5372,True,False,False
4911,2004-10-01 07:00:00,2.9,1348.0,1217.0,559.0,1816.0,1413.0,20.2,66.3,1.555,True,False,False
4912,2004-10-01 08:00:00,4.1,1499.0,1501.0,469.0,2130.0,1565.0,20.8,64.3,1.563,True,False,False
4913,2004-10-01 09:00:00,3.7,1427.0,1311.0,503.0,1900.0,1594.0,22.3,59.3,1.5705,True,False,False
4914,2004-10-01 10:00:00,3.6,1473.0,1330.0,497.0,1908.0,1677.0,23.2,56.6,1.5929,True,False,False
4915,2004-10-01 11:00:00,3.4,1440.0,1294.0,506.0,1879.0,1616.0,23.8,54.7,1.587,True,False,False
4916,2004-10-01 12:00:00,3.7,1474.0,1326.0,485.0,1943.0,1610.0,23.5,56.2,1.6048,True,False,False
4917,2004-10-01 13:00:00,4.1,1485.0,1359.0,477.0,2005.0,1614.0,23.9,54.4,1.5963,True,False,False
4918,2004-10-01 14:00:00,3.2,,,,,,,,,False,False,True
4919,2004-10-01 15:00:00,2.4,1306.0,1079.0,603.0,1668.0,1286.0,25.4,47.4,1.517,True,False,False
4920,2004-10-01 16:00:00,3.4,1464.0,1251.0,530.0,1853.0,1487.0,26.4,45.4,1.54,True,False,False
4921,2004-10-01 17:00:00,5.6,1629.0,1466.0,458.0,2130.0,1703.0,25.8,46.9,1.5375,True,False,False
4922,2004-10-01 18:00:00,,1629.0,1536.0,435.0,2205.0,1773.0,25.3,49.6,1.5805,False,True,False
4923,2004-10-01 19:00:00,,1707.0,1637.0,411.0,2338.0,1848.0,24.2,54.3,1.6117,False,True,False
4924,2004-10-01 20:00:00,,1424.0,1293.0,524.0,1902.0,1550.0,22.8,58.1,1.5951,False,True,False
4925,2004-10-01 21:00:00,,1297.0,1100.0,598.0,1710.0,1350.0,21.5,63.2,1.5993,False,True,False
4926,2004-10-01 22:00:00,,1214.0,1022.0,645.0,1592.0,1235.0,21.3,63.0,1.5798,False,True,False
4927,2004-10-01 23:00:00,,1160.0,944.0,686.0,1523.0,1162.0,20.8,64.1,1.554,False,True,False
4928,2004-10-02 00:00:00,,1232.0,1012.0,642.0,1595.0,1211.0,20.6,64.0,1.5346,False,True,False
4929,2004-10-02 01:00:00,,1134.0,914.0,699.0,1512.0,1097.0,20.6,63.4,1.519,False,True,False
4930,2004-10-02 02:00:00,,1071.0,860.0,742.0,1500.0,1021.0,20.4,64.4,1.522,False,True,False
4931,2004-10-02 03:00:00,,968.0,730.0,858.0,1388.0,913.0,21.3,61.0,1.529,False,True,False
4932,2004-10-02 04:00:00,,994.0,711.0,867.0,1384.0,909.0,20.5,64.0,1.5247,False,True,False
4933,2004-10-02 05:00:00,,1046.0,804.0,774.0,1458.0,983.0,20.3,65.3,1.5321,False,True,False
4934,2004-10-02 06:00:00,,1066.0,827.0,751.0,1479.0,1024.0,20.1,65.9,1.5321,False,True,False
4935,2004-10-02 07:00:00,,1277.0,1061.0,612.0,1691.0,1243.0,20.2,65.6,1.5368,False,True,False
4936,2004-10-02 08:00:00,,1290.0,1093.0,592.0,1677.0,1253.0,21.1,62.8,1.5481,False,True,False
4937,2004-10-02 09:00:00,,1268.0,1066.0,608.0,1665.0,1240.0,22.5,57.5,1.5518,False,True,False
4938,2004-10-02 10:00:00,,1243.0,997.0,648.0,1587.0,1155.0,24.2,51.9,1.5426,False,True,False
4939,2004-10-02 11:00:00,,1300.0,1053.0,614.0,1650.0,1193.0,25.2,48.9,1.5437,False,True,False
4940,2004-10-02 12:00:00,,1278.0,1053.0,630.0,1641.0,1153.0,25.8,47.8,1.5662,False,True,False
4941,2004-10-02 13:00:00,,1249.0,1023.0,639.0,1640.0,1034.0,25.7,49.2,1.5988,False,True,False
4942,2004-10-02 14:00:00,,1145.0,867.0,739.0,1499.0,870.0,25.8,49.6,1.6213,False,True,False
4943,2004-10-02 15:00:00,,1199.0,928.0,704.0,1533.0,890.0,25.7,48.8,1.5913,False,True,False
4944,2004-10-02 16:00:00,,1236.0,962.0,690.0,1589.0,946.0,26.5,45.9,1.5626,False,True,False
4945,2004-10-02 17:00:00,,1289.0,1037.0,638.0,1648.0,1033.0,25.4,48.9,1.565,False,True,False
4946,2004-10-02 18:00:00,,1299.0,1072.0,617.0,1688.0,1107.0,24.4,52.5,1.583,False,True,False
4947,2004-10-02 19:00:00,,1506.0,1315.0,512.0,1954.0,1395.0,23.9,54.6,1.5936,False,True,False
4948,2004-10-02 20:00:00,,1432.0,1234.0,553.0,1849.0,1342.0,22.9,57.9,1.5958,False,True,False
4949,2004-10-02 21:00:00,,1193.0,1021.0,666.0,1633.0,1152.0,22.1,61.1,1.6012,False,True,False
4950,2004-10-02 22:00:00,,1188.0,1007.0,668.0,1577.0,1128.0,20.8,65.6,1.5898,False,True,False
4951,2004-10-02 23:00:00,,1162.0,953.0,691.0,1526.0,1104.0,21.7,60.8,1.563,False,True,False
4952,2004-10-03 00:00:00,,1106.0,921.0,720.0,1506.0,1055.0,21.1,62.8,1.5505,False,True,False
4953,2004-10-03 01:00:00,,1037.0,836.0,788.0,1467.0,904.0,20.7,63.2,1.524,False,True,False
4954,2004-10-03 02:00:00,,982.0,768.0,850.0,1416.0,835.0,21.2,61.5,1.5241,False,True,False
4955,2004-10-03 03:00:00,,944.0,740.0,881.0,1412.0,781.0,20.3,64.6,1.518,False,True,False
4956,2004-10-03 04:00:00,,929.0,703.0,908.0,1391.0,761.0,20.2,64.4,1.5035,False,True,False
4957,2004-10-03 05:00:00,,906.0,672.0,948.0,1377.0,742.0,20.1,65.3,1.5153,False,True,False
4958,2004-10-03 06:00:00,,907.0,665.0,972.0,1370.0,779.0,19.9,66.0,1.5141,False,True,False
4959,2004-10-03 07:00:00,,1013.0,781.0,829.0,1469.0,894.0,19.8,66.4,1.5145,False,True,False
4960,2004-10-03 08:00:00,,1055.0,795.0,800.0,1476.0,927.0,20.4,64.1,1.5178,False,True,False
4961,2004-10-03 09:00:00,,1138.0,880.0,727.0,1538.0,1034.0,21.6,60.8,1.5496,False,True,False
4962,2004-10-03 10:00:00,,1250.0,1003.0,647.0,1638.0,1217.0,23.5,54.5,1.5553,False,True,False
4963,2004-10-03 11:00:00,,1165.0,916.0,711.0,1517.0,1093.0,25.7,46.6,1.5105,False,True,False
4964,2004-10-03 12:00:00,,1229.0,1025.0,663.0,1588.0,1073.0,26.6,43.7,1.5031,False,True,False
4965,2004-10-03 13:00:00,,1168.0,911.0,715.0,1517.0,969.0,27.4,41.8,1.5056,False,True,False
4966,2004-10-03 14:00:00,,1092.0,814.0,794.0,1446.0,777.0,27.4,42.8,1.5344,False,True,False
4967,2004-10-03 15:00:00,,1109.0,843.0,769.0,1458.0,743.0,27.1,43.3,1.5255,False,True,False
4968,2004-10-03 16:00:00,,1133.0,823.0,775.0,1449.0,777.0,26.9,44.4,1.551,False,True,False
4969,2004-10-03 17:00:00,,1192.0,887.0,716.0,1488.0,819.0,26.9,44.4,1.5538,False,True,False
4970,2004-10-03 18:00:00,,1298.0,1015.0,647.0,1619.0,1056.0,24.7,51.9,1.5868,False,True,False
4971,2004-10-03 19:00:00,,1524.0,1320.0,514.0,1925.0,1481.0,23.7,55.6,1.6074,False,True,False
4972,2004-10-03 20:00:00,,1540.0,1336.0,498.0,1929.0,1590.0,22.7,59.6,1.6261,False,True,False
4973,2004-10-03 21:00:00,,1190.0,992.0,654.0,1587.0,1211.0,21.9,61.4,1.5946,False,True,False
4974,2004-10-03 22:00:00,,1092.0,911.0,735.0,1506.0,1052.0,22.0,59.8,1.562,False,True,False
4975,2004-10-03 23:00:00,,1079.0,890.0,745.0,1522.0,1000.0,20.5,64.9,1.5473,False,True,False
4976,2004-10-04 00:00:00,,995.0,789.0,828.0,1432.0,874.0,19.8,66.9,1.5277,False,True,False
4977,2004-10-04 01:00:00,,960.0,772.0,838.0,1431.0,852.0,18.4,71.6,1.4997,False,True,False
4978,2004-10-04 02:00:00,,890.0,666.0,969.0,1323.0,728.0,18.9,68.6,1.4818,False,True,False
4979,2004-10-04 03:00:00,,860.0,632.0,1037.0,1322.0,713.0,17.8,72.3,1.4546,False,True,False
4980,2004-10-04 04:00:00,,860.0,652.0,997.0,1326.0,734.0,17.1,73.9,1.4262,False,True,False
4981,2004-10-04 05:00:00,,883.0,713.0,937.0,1351.0,777.0,17.7,70.3,1.4088,False,True,False
4982,2004-10-04 06:00:00,,929.0,795.0,858.0,1373.0,815.0,17.1,71.8,1.3936,False,True,False
4983,2004-10-04 07:00:00,,1100.0,1018.0,706.0,1573.0,1002.0,18.3,67.5,1.4044,False,True,False
4984,2004-10-04 08:00:00,,1257.0,1299.0,550.0,1864.0,1302.0,18.5,67.0,1.4135,False,True,False
4985,2004-10-04 09:00:00,,1402.0,1393.0,505.0,1967.0,1542.0,19.9,61.7,1.4193,False,True,False
4986,2004-10-04 10:00:00,,1376.0,1324.0,527.0,1886.0,1571.0,22.9,52.6,1.4519,False,True,False
4987,2004-10-04 11:00:00,,1374.0,1346.0,519.0,1910.0,1614.0,24.2,49.0,1.4586,False,True,False
4988,2004-10-04 12:00:00,,1381.0,1355.0,516.0,1931.0,1583.0,25.8,44.7,1.459,False,True,False
4989,2004-10-04 13:00:00,,1282.0,1247.0,561.0,1829.0,1285.0,26.0,44.5,1.4731,False,True,False
4990,2004-10-04 14:00:00,,1188.0,1124.0,625.0,1655.0,1094.0,27.1,40.2,1.4217,False,True,False
4991,2004-10-04 15:00:00,,1227.0,1147.0,612.0,1707.0,1113.0,27.4,39.8,1.4318,False,True,False
4992,2004-10-04 16:00:00,,1364.0,1328.0,528.0,1898.0,1395.0,28.9,36.3,1.4291,False,True,False
4993,2004-10-04 17:00:00,,1531.0,1558.0,451.0,2181.0,1620.0,28.4,37.5,1.4251,False,True,False
4994,2004-10-04 18:00:00,,1694.0,1805.0,391.0,2523.0,1882.0,26.0,43.9,1.4562,False,True,False
4995,2004-10-04 19:00:00,,1723.0,1866.0,378.0,2612.0,2006.0,24.3,49.6,1.486,False,True,False
4996,2004-10-04 20:00:00,,1356.0,1331.0,520.0,1925.0,1643.0,23.3,53.0,1.4939,False,True,False
4997,2004-10-04 21:00:00,,1084.0,979.0,699.0,1539.0,1239.0,22.6,55.1,1.4899,False,True,False
4998,2004-10-04 22:00:00,,1039.0,936.0,731.0,1499.0,1121.0,21.2,59.3,1.4787,False,True,False
4999,2004-10-04 23:00:00,,1011.0,875.0,787.0,1446.0,1012.0,20.6,60.9,1.4642,False,True,False
5000,2004-10-05 00:00:00,,968.0,831.0,810.0,1425.0,961.0,20.0,63.1,1.4592,False,True,False
5001,2004-10-05 01:00:00,,867.0,693.0,971.0,1335.0,825.0,19.7,63.4,1.4383,False,True,False
5002,2004-10-05 02:00:00,,820.0,620.0,1081.0,1270.0,703.0,20.8,58.8,1.4305,False,True,False
5003,2004-10-05 03:00:00,,826.0,631.0,1072.0,1280.0,752.0,17.8,69.8,1.4058,False,True,False
5004,2004-10-05 04:00:00,,835.0,620.0,1053.0,1260.0,741.0,18.8,65.3,1.4023,False,True,False
5005,2004-10-05 05:00:00,,887.0,717.0,955.0,1334.0,786.0,17.6,69.5,1.3889,False,True,False
5006,2004-10-05 06:00:00,,990.0,889.0,763.0,1450.0,952.0,17.4,69.7,1.3714,False,True,False
5007,2004-10-05 07:00:00,,1511.0,1569.0,476.0,2195.0,1601.0,17.4,70.1,1.3783,False,True,False
5008,2004-10-05 08:00:00,,1352.0,1465.0,491.0,1998.0,1621.0,18.5,65.5,1.3787,False,True,False
5009,2004-10-05 09:00:00,,1337.0,1339.0,525.0,1870.0,1622.0,20.6,58.5,1.4054,False,True,False
5010,2004-10-05 10:00:00,,1435.0,1373.0,513.0,1910.0,1759.0,23.9,48.7,1.4269,False,True,False
5011,2004-10-05 11:00:00,,1377.0,1276.0,539.0,1790.0,1666.0,26.0,43.8,1.4499,False,True,False
5012,2004-10-05 12:00:00,,1562.0,1559.0,453.0,2130.0,1918.0,28.6,37.3,1.4423,False,True,False
5013,2004-10-05 13:00:00,,1358.0,1389.0,516.0,1886.0,1525.0,27.9,38.0,1.4029,False,True,False
5014,2004-10-05 14:00:00,,1301.0,1212.0,575.0,1717.0,1332.0,28.4,37.6,1.4282,False,True,False
5015,2004-10-05 15:00:00,,1255.0,1136.0,611.0,1675.0,1183.0,28.5,37.3,1.4329,False,True,False
5016,2004-10-05 16:00:00,,1410.0,1340.0,533.0,1841.0,1414.0,30.8,31.8,1.3908,False,True,False
5017,2004-10-05 17:00:00,,1578.0,1595.0,459.0,2181.0,1680.0,29.7,33.1,1.3546,False,True,False
5018,2004-10-05 18:00:00,,1700.0,1782.0,401.0,2403.0,2004.0,27.0,40.2,1.4158,False,True,False
5019,2004-10-05 19:00:00,,1778.0,1805.0,380.0,2473.0,2094.0,25.6,47.5,1.539,False,True,False
5020,2004-10-05 20:00:00,,1539.0,1402.0,475.0,2018.0,1780.0,23.9,57.2,1.6774,False,True,False
5021,2004-10-05 21:00:00,,1409.0,1304.0,500.0,1829.0,1640.0,22.7,60.8,1.6582,False,True,False
5022,2004-10-05 22:00:00,,1231.0,1077.0,602.0,1580.0,1379.0,21.8,59.9,1.5492,False,True,False
5023,2004-10-05 23:00:00,,1092.0,928.0,688.0,1470.0,1139.0,22.4,58.3,1.561,False,True,False
5024,2004-10-06 00:00:00,,1036.0,850.0,760.0,1411.0,1001.0,21.7,60.2,1.5442,False,True,False
5025,2004-10-06 01:00:00,,984.0,780.0,810.0,1377.0,910.0,21.2,61.4,1.5258,False,True,False
5026,2004-10-06 02:00:00,,950.0,743.0,841.0,1377.0,895.0,19.3,68.4,1.513,False,True,False
5027,2004-10-06 03:00:00,,889.0,665.0,943.0,1310.0,805.0,19.8,65.1,1.49,False,True,False
5028,2004-10-06 04:00:00,,865.0,636.0,992.0,1285.0,761.0,20.0,62.9,1.4495,False,True,False
5029,2004-10-06 05:00:00,,917.0,686.0,933.0,1304.0,805.0,18.3,68.5,1.4291,False,True,False
5030,2004-10-06 06:00:00,,997.0,823.0,804.0,1395.0,894.0,18.1,68.5,1.4067,False,True,False
5031,2004-10-06 07:00:00,,1433.0,1409.0,506.0,1972.0,1439.0,17.6,70.5,1.4057,False,True,False
5032,2004-10-06 08:00:00,,1516.0,1596.0,429.0,2183.0,1706.0,18.3,67.8,1.4091,False,True,False
5033,2004-10-06 09:00:00,,1528.0,1449.0,473.0,2039.0,1756.0,20.4,61.2,1.447,False,True,False
5034,2004-10-06 10:00:00,,1347.0,1186.0,560.0,1713.0,1493.0,22.5,55.6,1.499,False,True,False
5035,2004-10-06 11:00:00,,1392.0,1231.0,530.0,1771.0,1567.0,25.7,46.4,1.507,False,True,False
5036,2004-10-06 12:00:00,,1359.0,1195.0,542.0,1784.0,1376.0,26.8,44.6,1.5467,False,True,False
5037,2004-10-06 13:00:00,,1391.0,1249.0,518.0,1845.0,1399.0,26.0,46.4,1.5414,False,True,False
5038,2004-10-06 14:00:00,,1335.0,1137.0,563.0,1729.0,1293.0,26.3,46.0,1.5478,False,True,False
5039,2004-10-06 15:00:00,,1402.0,1213.0,530.0,1789.0,1348.0,27.4,43.9,1.5811,False,True,False
5040,2004-10-06 16:00:00,,1406.0,1216.0,542.0,1772.0,1314.0,29.6,36.7,1.4936,False,True,False
5041,2004-10-06 17:00:00,,1527.0,1419.0,476.0,1966.0,1507.0,28.7,37.3,1.4486,False,True,False
5042,2004-10-06 18:00:00,,1559.0,1476.0,463.0,2022.0,1660.0,25.7,44.1,1.4331,False,True,False
5043,2004-10-06 19:00:00,,1840.0,1852.0,360.0,2553.0,2143.0,24.5,49.5,1.5022,False,True,False
5044,2004-10-06 20:00:00,,1666.0,1573.0,427.0,2195.0,1968.0,23.3,54.4,1.5386,False,True,False
5045,2004-10-06 21:00:00,,1336.0,1204.0,542.0,1759.0,1490.0,22.4,57.9,1.5449,False,True,False
5046,2004-10-06 22:00:00,,1189.0,1014.0,641.0,1553.0,1249.0,22.7,55.8,1.5218,False,True,False
5047,2004-10-06 23:00:00,,1226.0,1029.0,620.0,1570.0,1265.0,20.4,62.4,1.4758,False,True,False
5048,2004-10-07 00:00:00,,1171.0,972.0,650.0,1529.0,1181.0,20.3,64.2,1.5063,False,True,False
5049,2004-10-07 01:00:00,,1002.0,762.0,814.0,1385.0,954.0,21.4,60.6,1.5236,False,True,False
5050,2004-10-07 02:00:00,,950.0,696.0,894.0,1375.0,875.0,20.3,66.3,1.5657,False,True,False
5051,2004-10-07 03:00:00,,930.0,660.0,925.0,1321.0,838.0,20.9,62.2,1.5182,False,True,False
5052,2004-10-07 04:00:00,,924.0,643.0,948.0,1329.0,825.0,19.9,66.1,1.5198,False,True,False
5053,2004-10-07 05:00:00,,994.0,732.0,852.0,1400.0,882.0,19.8,67.1,1.5305,False,True,False
5054,2004-10-07 06:00:00,,1089.0,873.0,741.0,1479.0,990.0,20.1,64.4,1.4967,False,True,False
5055,2004-10-07 07:00:00,,1468.0,1280.0,518.0,1899.0,1423.0,19.7,66.4,1.5035,False,True,False
5056,2004-10-07 08:00:00,,1696.0,1711.0,383.0,2464.0,1823.0,20.9,62.4,1.5226,False,True,False
5057,2004-10-07 09:00:00,,1479.0,1357.0,491.0,1937.0,1581.0,22.5,57.0,1.5314,False,True,False
5058,2004-10-07 10:00:00,,1425.0,1255.0,516.0,1864.0,1500.0,23.5,53.4,1.5241,False,True,False
5059,2004-10-07 11:00:00,,1279.0,1116.0,587.0,1668.0,1268.0,24.7,48.2,1.4802,False,True,False
5060,2004-10-07 12:00:00,,1319.0,1165.0,571.0,1743.0,1230.0,27.1,40.9,1.4405,False,True,False
5061,2004-10-07 13:00:00,,1329.0,1172.0,561.0,1739.0,1204.0,25.9,44.2,1.4576,False,True,False
5062,2004-10-07 14:00:00,,1327.0,1172.0,566.0,1747.0,1205.0,26.9,41.8,1.4555,False,True,False
5063,2004-10-07 15:00:00,,1282.0,1075.0,605.0,1651.0,1103.0,27.2,40.7,1.4481,False,True,False
5064,2004-10-07 16:00:00,2.9,1342.0,1157.0,572.0,1707.0,1195.0,28.6,37.6,1.4468,True,False,False
5065,2004-10-07 17:00:00,5.4,1623.0,1522.0,447.0,2110.0,1618.0,28.0,38.5,1.437,True,False,False
5066,2004-10-07 18:00:00,5.3,1576.0,1458.0,463.0,2024.0,1637.0,25.2,45.8,1.4464,True,False,False
5067,2004-10-07 19:00:00,6.7,1747.0,1709.0,399.0,2370.0,1876.0,24.0,50.6,1.4892,True,False,False
5068,2004-10-07 20:00:00,7.0,1757.0,1680.0,396.0,2280.0,1959.0,23.2,54.7,1.5296,True,False,False
5069,2004-10-07 21:00:00,2.8,1331.0,1194.0,559.0,1715.0,1477.0,22.3,57.1,1.5219,True,False,False
5070,2004-10-07 22:00:00,1.7,1182.0,1016.0,658.0,1572.0,1210.0,21.8,58.2,1.5036,True,False,False
5071,2004-10-07 23:00:00,1.7,1162.0,1008.0,658.0,1556.0,1160.0,20.9,61.3,1.4923,True,False,False
5072,2004-10-08 00:00:00,1.7,1147.0,964.0,668.0,1517.0,1116.0,20.6,62.0,1.4827,True,False,False
5073,2004-10-08 01:00:00,1.2,1040.0,836.0,762.0,1423.0,974.0,20.3,62.5,1.472,True,False,False
5074,2004-10-08 02:00:00,0.7,920.0,688.0,920.0,1317.0,820.0,20.5,62.1,1.4771,True,False,False
5075,2004-10-08 03:00:00,0.7,931.0,670.0,931.0,1326.0,792.0,18.7,68.5,1.4586,True,False,False
5076,2004-10-08 04:00:00,0.8,954.0,731.0,865.0,1360.0,839.0,18.2,70.3,1.4498,True,False,False
5077,2004-10-08 05:00:00,0.9,981.0,790.0,817.0,1390.0,898.0,18.2,70.1,1.4552,True,False,False
5078,2004-10-08 06:00:00,1.7,1147.0,1009.0,653.0,1589.0,1096.0,18.2,70.0,1.4519,True,False,False
5079,2004-10-08 07:00:00,5.7,1606.0,1578.0,440.0,2205.0,1786.0,19.4,66.5,1.4801,True,False,False
5080,2004-10-08 08:00:00,4.3,1490.0,1424.0,465.0,2033.0,1604.0,19.5,66.9,1.4999,True,False,False
5081,2004-10-08 09:00:00,3.9,1473.0,1409.0,483.0,1984.0,1637.0,21.1,61.1,1.5056,True,False,False
5082,2004-10-08 10:00:00,5.1,1582.0,1539.0,435.0,2141.0,1827.0,23.2,54.7,1.5349,True,False,False
5083,2004-10-08 11:00:00,3.7,1468.0,1323.0,496.0,1913.0,1641.0,24.4,52.5,1.5807,True,False,False
5084,2004-10-08 12:00:00,3.3,1413.0,1285.0,518.0,1883.0,1505.0,26.4,45.8,1.553,True,False,False
5085,2004-10-08 13:00:00,3.6,1400.0,1331.0,520.0,1916.0,1465.0,27.7,39.2,1.4356,True,False,False
5086,2004-10-08 14:00:00,3.2,1361.0,1238.0,548.0,1805.0,1368.0,28.0,39.6,1.4738,True,False,False
5087,2004-10-08 15:00:00,3.5,1389.0,1311.0,525.0,1845.0,1748.0,28.7,38.4,1.486,True,False,False
5088,2004-10-08 16:00:00,2.4,1305.0,1167.0,586.0,1690.0,1301.0,28.5,39.4,1.5147,True,False,False
5089,2004-10-08 17:00:00,2.9,1354.0,1275.0,543.0,1799.0,1338.0,28.4,39.8,1.5191,True,False,False
5090,2004-10-08 18:00:00,2.3,1352.0,1296.0,534.0,1846.0,1337.0,26.4,45.9,1.5572,True,False,False
5091,2004-10-08 19:00:00,3.1,1472.0,1327.0,497.0,1895.0,1516.0,25.2,49.5,1.5665,True,False,False
5092,2004-10-08 20:00:00,2.9,1412.0,1256.0,525.0,1797.0,1435.0,24.9,50.9,1.5856,True,False,False
5093,2004-10-08 21:00:00,1.5,1221.0,1061.0,619.0,1615.0,1178.0,24.6,52.2,1.5951,True,False,False
5094,2004-10-08 22:00:00,1.5,1230.0,990.0,652.0,1559.0,1111.0,24.0,54.4,1.6049,True,False,False
5095,2004-10-08 23:00:00,1.7,1247.0,961.0,666.0,1569.0,1112.0,23.8,56.1,1.6298,True,False,False
5096,2004-10-09 00:00:00,1.6,1217.0,975.0,665.0,1565.0,1109.0,22.3,60.6,1.608,True,False,False
5097,2004-10-09 01:00:00,1.3,1158.0,923.0,673.0,1519.0,1072.0,21.9,61.5,1.5967,True,False,False
5098,2004-10-09 02:00:00,1.4,1150.0,871.0,697.0,1502.0,1030.0,21.1,64.5,1.594,True,False,False
5099,2004-10-09 03:00:00,0.9,1061.0,785.0,766.0,1447.0,935.0,21.0,64.4,1.5828,True,False,False
5100,2004-10-09 04:00:00,0.9,1062.0,770.0,780.0,1450.0,922.0,21.3,63.9,1.5951,True,False,False
5101,2004-10-09 05:00:00,1.3,1157.0,890.0,681.0,1549.0,1054.0,20.8,66.7,1.6201,True,False,False
5102,2004-10-09 06:00:00,1.3,1167.0,907.0,681.0,1548.0,1082.0,20.6,67.5,1.621,True,False,False
5103,2004-10-09 07:00:00,2.9,1403.0,1229.0,523.0,1872.0,1365.0,20.9,66.3,1.6165,True,False,False
5104,2004-10-09 08:00:00,3.2,1453.0,1298.0,489.0,1940.0,1497.0,21.5,63.7,1.6186,True,False,False
5105,2004-10-09 09:00:00,3.4,1455.0,1260.0,502.0,1868.0,1540.0,23.7,56.0,1.6238,True,False,False
5106,2004-10-09 10:00:00,3.6,1512.0,1282.0,498.0,1899.0,1554.0,26.0,48.2,1.598,True,False,False
5107,2004-10-09 11:00:00,2.3,1331.0,1082.0,588.0,1689.0,1252.0,28.5,42.4,1.6286,True,False,False
5108,2004-10-09 12:00:00,3.1,1472.0,1246.0,512.0,1873.0,1455.0,28.1,45.3,1.6957,True,False,False
5109,2004-10-09 13:00:00,3.3,1430.0,1187.0,539.0,1812.0,1339.0,29.0,43.9,1.7309,True,False,False
5110,2004-10-09 14:00:00,1.9,1264.0,1016.0,624.0,1650.0,1062.0,28.9,44.3,1.7392,True,False,False
5111,2004-10-09 15:00:00,2.6,1378.0,1177.0,548.0,1775.0,1266.0,29.6,42.3,1.7248,True,False,False
5112,2004-10-09 16:00:00,2.7,1377.0,1123.0,578.0,1716.0,1223.0,29.4,42.9,1.7308,True,False,False
5113,2004-10-09 17:00:00,3.7,1527.0,1293.0,502.0,1907.0,1469.0,28.7,45.1,1.7468,True,False,False
5114,2004-10-09 18:00:00,3.8,1573.0,1343.0,470.0,1990.0,1553.0,27.0,51.2,1.7928,True,False,False
5115,2004-10-09 19:00:00,4.8,1674.0,1447.0,448.0,2065.0,1689.0,26.5,52.7,1.7966,True,False,False
5116,2004-10-09 20:00:00,3.5,1455.0,1218.0,535.0,1796.0,1387.0,26.2,51.7,1.7334,True,False,False
5117,2004-10-09 21:00:00,2.2,1242.0,1022.0,630.0,1641.0,1139.0,24.8,56.4,1.7447,True,False,False
5118,2004-10-09 22:00:00,1.5,1181.0,935.0,701.0,1565.0,960.0,24.9,56.0,1.7367,True,False,False
5119,2004-10-09 23:00:00,3.4,1468.0,1155.0,565.0,1738.0,1293.0,24.5,57.5,1.7433,True,False,False
5120,2004-10-10 00:00:00,3.7,1520.0,1217.0,552.0,1812.0,1357.0,24.7,56.9,1.7438,True,False,False
5121,2004-10-10 01:00:00,2.0,1203.0,1046.0,621.0,1664.0,1103.0,23.9,59.2,1.7327,True,False,False
5122,2004-10-10 02:00:00,1.4,1096.0,903.0,732.0,1560.0,857.0,23.8,60.2,1.7515,True,False,False
5123,2004-10-10 03:00:00,1.1,991.0,759.0,845.0,1440.0,658.0,23.5,61.3,1.7538,True,False,False
5124,2004-10-10 04:00:00,,941.0,686.0,942.0,1406.0,549.0,22.8,64.0,1.7507,False,True,False
5125,2004-10-10 05:00:00,0.7,952.0,695.0,910.0,1429.0,627.0,22.2,65.6,1.7355,True,False,False
5126,2004-10-10 06:00:00,1.2,1082.0,825.0,753.0,1526.0,930.0,21.3,69.1,1.7275,True,False,False
5127,2004-10-10 07:00:00,1.3,1095.0,886.0,705.0,1574.0,1001.0,21.3,68.2,1.7127,True,False,False
5128,2004-10-10 08:00:00,1.1,1049.0,826.0,765.0,1521.0,917.0,22.2,65.2,1.7256,True,False,False
5129,2004-10-10 09:00:00,1.0,1055.0,795.0,807.0,1494.0,834.0,24.1,59.0,1.7449,True,False,False
5130,2004-10-10 10:00:00,1.2,1074.0,767.0,814.0,1489.0,796.0,24.3,61.6,1.8468,True,False,False
5131,2004-10-10 11:00:00,1.9,1229.0,941.0,680.0,1653.0,1040.0,24.8,59.6,1.8351,True,False,False
5132,2004-10-10 12:00:00,2.3,1228.0,952.0,668.0,1622.0,1110.0,24.5,58.8,1.7838,True,False,False
5133,2004-10-10 13:00:00,1.6,1107.0,807.0,768.0,1546.0,836.0,21.0,76.8,1.8881,True,False,False
5134,2004-10-10 14:00:00,1.3,1031.0,732.0,872.0,1476.0,704.0,19.8,78.0,1.7879,True,False,False
5135,2004-10-10 15:00:00,1.8,1155.0,804.0,815.0,1510.0,773.0,19.4,80.5,1.7917,True,False,False
5136,2004-10-10 16:00:00,1.7,1131.0,841.0,784.0,1531.0,811.0,19.6,79.1,1.7877,True,False,False
5137,2004-10-10 17:00:00,1.8,1143.0,890.0,744.0,1578.0,848.0,20.8,73.1,1.7695,True,False,False
5138,2004-10-10 18:00:00,2.0,1145.0,915.0,733.0,1586.0,892.0,21.1,68.6,1.7014,True,False,False
5139,2004-10-10 19:00:00,2.2,1169.0,910.0,726.0,1563.0,992.0,21.1,68.3,1.6914,True,False,False
5140,2004-10-10 20:00:00,1.6,1105.0,905.0,734.0,1576.0,950.0,21.2,67.7,1.6848,True,False,False
5141,2004-10-10 21:00:00,1.3,1049.0,817.0,806.0,1517.0,882.0,20.8,68.6,1.6719,True,False,False
5142,2004-10-10 22:00:00,1.5,1069.0,844.0,767.0,1527.0,883.0,20.8,68.1,1.6585,True,False,False
5143,2004-10-10 23:00:00,1.5,1073.0,838.0,768.0,1549.0,892.0,20.7,68.4,1.6507,True,False,False
5144,2004-10-11 00:00:00,1.3,1039.0,817.0,799.0,1502.0,836.0,20.1,70.5,1.6384,True,False,False
5145,2004-10-11 01:00:00,1.4,1021.0,811.0,794.0,1502.0,837.0,20.2,67.9,1.5901,True,False,False
5146,2004-10-11 02:00:00,0.5,825.0,536.0,1203.0,1302.0,498.0,19.4,70.4,1.5663,True,False,False
5147,2004-10-11 03:00:00,0.4,828.0,558.0,1166.0,1304.0,494.0,18.8,73.8,1.5885,True,False,False
5148,2004-10-11 04:00:00,0.4,847.0,576.0,1139.0,1321.0,507.0,17.9,77.7,1.5795,True,False,False
5149,2004-10-11 05:00:00,0.6,903.0,679.0,956.0,1385.0,660.0,18.2,76.9,1.5945,True,False,False
5150,2004-10-11 06:00:00,1.1,1041.0,865.0,757.0,1486.0,902.0,18.6,74.9,1.5918,True,False,False
5151,2004-10-11 07:00:00,2.9,1314.0,1267.0,559.0,1888.0,1240.0,19.6,70.3,1.5821,True,False,False
5152,2004-10-11 08:00:00,3.5,1326.0,1416.0,499.0,1971.0,1395.0,20.2,66.6,1.5567,True,False,False
5153,2004-10-11 09:00:00,4.6,1464.0,1444.0,475.0,2049.0,1625.0,19.7,68.9,1.5638,True,False,False
5154,2004-10-11 10:00:00,3.4,1313.0,1213.0,564.0,1789.0,1359.0,19.2,73.4,1.6192,True,False,False
5155,2004-10-11 11:00:00,2.3,1202.0,1058.0,647.0,1623.0,1152.0,20.0,69.6,1.607,True,False,False
5156,2004-10-11 12:00:00,2.7,1225.0,1155.0,607.0,1738.0,1159.0,21.1,64.0,1.5795,True,False,False
5157,2004-10-11 13:00:00,3.1,1257.0,1248.0,557.0,1837.0,1179.0,20.2,67.4,1.5832,True,False,False
5158,2004-10-11 14:00:00,3.2,1271.0,1217.0,566.0,1810.0,1227.0,20.2,68.9,1.6074,True,False,False
5159,2004-10-11 15:00:00,2.5,1179.0,1120.0,634.0,1667.0,1119.0,21.9,57.6,1.4942,True,False,False
5160,2004-10-11 16:00:00,3.4,1278.0,1248.0,574.0,1814.0,1243.0,23.2,52.0,1.4642,True,False,False
5161,2004-10-11 17:00:00,4.8,1435.0,1429.0,499.0,2072.0,1449.0,21.7,59.1,1.5115,True,False,False
5162,2004-10-11 18:00:00,4.5,1326.0,1356.0,525.0,1966.0,1405.0,20.8,61.4,1.4898,True,False,False
5163,2004-10-11 19:00:00,4.0,1324.0,1335.0,537.0,1920.0,1444.0,19.9,64.2,1.4711,True,False,False
5164,2004-10-11 20:00:00,3.2,1206.0,1185.0,592.0,1751.0,1386.0,19.7,65.1,1.4769,True,False,False
5165,2004-10-11 21:00:00,1.9,1052.0,987.0,700.0,1556.0,1102.0,20.0,63.3,1.4672,True,False,False
5166,2004-10-11 22:00:00,1.9,1057.0,934.0,743.0,1525.0,1041.0,19.0,66.1,1.4415,True,False,False
5167,2004-10-11 23:00:00,1.3,952.0,833.0,846.0,1381.0,881.0,18.8,60.9,1.3032,True,False,False
5168,2004-10-12 00:00:00,1.1,911.0,769.0,919.0,1340.0,791.0,18.9,60.7,1.311,True,False,False
5169,2004-10-12 01:00:00,1.0,898.0,742.0,915.0,1345.0,796.0,18.1,65.2,1.343,True,False,False
5170,2004-10-12 02:00:00,0.5,809.0,593.0,1134.0,1277.0,647.0,18.3,65.1,1.3529,True,False,False
5171,2004-10-12 03:00:00,0.6,823.0,616.0,1072.0,1300.0,716.0,18.3,66.9,1.3952,True,False,False
5172,2004-10-12 04:00:00,0.5,814.0,666.0,1029.0,1311.0,719.0,17.8,67.5,1.3674,True,False,False
5173,2004-10-12 05:00:00,0.8,857.0,705.0,982.0,1312.0,733.0,16.9,66.7,1.2772,True,False,False
5174,2004-10-12 06:00:00,1.2,935.0,810.0,881.0,1356.0,835.0,17.8,60.6,1.2276,True,False,False
5175,2004-10-12 07:00:00,2.7,1159.0,1110.0,671.0,1650.0,1094.0,17.6,60.8,1.2151,True,False,False
5176,2004-10-12 08:00:00,3.0,1102.0,1141.0,648.0,1594.0,1114.0,17.9,57.8,1.1751,True,False,False
5177,2004-10-12 09:00:00,,979.0,917.0,795.0,1398.0,903.0,18.1,56.4,1.1645,False,True,False
5178,2004-10-12 10:00:00,,998.0,941.0,785.0,1442.0,914.0,18.2,55.9,1.1547,False,True,False
5179,2004-10-12 11:00:00,,962.0,911.0,793.0,1380.0,872.0,19.7,49.1,1.1148,False,True,False
5180,2004-10-12 12:00:00,,985.0,957.0,773.0,1426.0,860.0,20.8,45.8,1.1126,False,True,False
5181,2004-10-12 13:00:00,,1043.0,1053.0,707.0,1514.0,959.0,20.5,46.0,1.1,False,True,False
5182,2004-10-12 14:00:00,,929.0,875.0,826.0,1365.0,814.0,18.9,50.6,1.0927,False,True,False
5183,2004-10-12 15:00:00,,946.0,898.0,816.0,1377.0,827.0,18.4,51.6,1.0832,False,True,False
5184,2004-10-12 16:00:00,,955.0,894.0,818.0,1366.0,804.0,17.9,52.6,1.0711,False,True,False
5185,2004-10-12 17:00:00,,1004.0,1012.0,730.0,1460.0,906.0,17.1,54.2,1.0503,False,True,False
5186,2004-10-12 18:00:00,,1037.0,1053.0,708.0,1480.0,958.0,16.5,56.2,1.0455,False,True,False
5187,2004-10-12 19:00:00,,1066.0,1140.0,670.0,1577.0,1032.0,16.7,54.1,1.0212,False,True,False
5188,2004-10-12 20:00:00,,890.0,813.0,898.0,1274.0,772.0,15.4,57.7,1.0008,False,True,False
5189,2004-10-12 21:00:00,,843.0,729.0,990.0,1219.0,618.0,15.5,57.1,0.9971,False,True,False
5190,2004-10-12 22:00:00,,834.0,716.0,997.0,1205.0,614.0,15.6,55.9,0.985,False,True,False
5191,2004-10-12 23:00:00,,809.0,659.0,1074.0,1161.0,550.0,14.8,58.4,0.9777,False,True,False
5192,2004-10-13 00:00:00,,786.0,600.0,1164.0,1132.0,511.0,14.8,57.9,0.9662,False,True,False
5193,2004-10-13 01:00:00,,747.0,543.0,1276.0,1100.0,469.0,14.6,57.6,0.9517,False,True,False
5194,2004-10-13 02:00:00,,723.0,485.0,1419.0,1065.0,425.0,14.6,57.1,0.9428,False,True,False
5195,2004-10-13 03:00:00,,704.0,444.0,1558.0,1050.0,394.0,14.4,57.6,0.9416,False,True,False
5196,2004-10-13 04:00:00,,709.0,449.0,1590.0,1055.0,392.0,14.5,57.4,0.9413,False,True,False
5197,2004-10-13 05:00:00,,726.0,466.0,1485.0,1066.0,408.0,14.3,58.4,0.9501,False,True,False
5198,2004-10-13 06:00:00,,798.0,599.0,1205.0,1141.0,517.0,14.7,57.4,0.9564,False,True,False
5199,2004-10-13 07:00:00,,925.0,800.0,908.0,1272.0,750.0,14.3,58.1,0.9404,False,True,False
5200,2004-10-13 08:00:00,,906.0,809.0,878.0,1272.0,787.0,14.0,58.3,0.9294,False,True,False
5201,2004-10-13 09:00:00,1.5,896.0,809.0,882.0,1257.0,788.0,15.4,53.2,0.9246,True,False,False
5202,2004-10-13 10:00:00,1.2,882.0,776.0,932.0,1222.0,760.0,16.5,49.9,0.9289,True,False,False
5203,2004-10-13 11:00:00,,948.0,853.0,859.0,1283.0,839.0,17.4,47.6,0.9387,False,True,False
5204,2004-10-13 12:00:00,,945.0,886.0,818.0,1307.0,827.0,18.0,46.1,0.9401,False,True,False
5205,2004-10-13 13:00:00,,942.0,871.0,832.0,1314.0,765.0,17.9,46.5,0.9474,False,True,False
5206,2004-10-13 14:00:00,,943.0,864.0,831.0,1297.0,814.0,17.4,48.3,0.955,False,True,False
5207,2004-10-13 15:00:00,,894.0,810.0,892.0,1258.0,737.0,16.0,52.6,0.9489,False,True,False
5208,2004-10-13 16:00:00,,984.0,910.0,795.0,1348.0,875.0,15.3,58.7,1.0154,False,True,False
5209,2004-10-13 17:00:00,,1044.0,1022.0,726.0,1454.0,983.0,15.2,55.9,0.9572,False,True,False
5210,2004-10-13 18:00:00,,981.0,983.0,759.0,1370.0,942.0,14.8,56.3,0.9459,False,True,False
5211,2004-10-13 19:00:00,,1021.0,1001.0,731.0,1415.0,971.0,14.7,57.8,0.9626,False,True,False
5212,2004-10-13 20:00:00,,943.0,867.0,834.0,1314.0,891.0,14.8,57.3,0.9603,False,True,False
5213,2004-10-13 21:00:00,,863.0,732.0,970.0,1207.0,724.0,14.9,57.1,0.9581,False,True,False
5214,2004-10-13 22:00:00,,847.0,698.0,1013.0,1174.0,719.0,15.2,55.5,0.9521,False,True,False
5215,2004-10-13 23:00:00,,859.0,698.0,1015.0,1189.0,705.0,15.3,55.4,0.9564,False,True,False
5216,2004-10-14 00:00:00,,861.0,712.0,1004.0,1197.0,718.0,15.1,56.9,0.9673,False,True,False
5217,2004-10-14 01:00:00,,786.0,602.0,1146.0,1123.0,584.0,15.0,56.4,0.9554,False,True,False
5218,2004-10-14 02:00:00,,740.0,506.0,1333.0,1074.0,469.0,14.9,56.4,0.9474,False,True,False
5219,2004-10-14 03:00:00,,730.0,483.0,1434.0,1065.0,438.0,15.2,54.7,0.9394,False,True,False
5220,2004-10-14 04:00:00,,728.0,475.0,1436.0,1061.0,432.0,15.1,55.4,0.9439,False,True,False
5221,2004-10-14 05:00:00,,755.0,517.0,1325.0,1091.0,487.0,14.9,56.8,0.9541,False,True,False
5222,2004-10-14 06:00:00,,854.0,663.0,1080.0,1189.0,655.0,15.2,55.9,0.9589,False,True,False
5223,2004-10-14 07:00:00,,1079.0,985.0,758.0,1465.0,1009.0,15.3,56.3,0.9684,False,True,False
5224,2004-10-14 08:00:00,,1097.0,1103.0,659.0,1520.0,1113.0,15.6,55.4,0.9725,False,True,False
5225,2004-10-14 09:00:00,,1024.0,976.0,747.0,1386.0,1030.0,16.3,53.3,0.9809,False,True,False
5226,2004-10-14 10:00:00,,990.0,942.0,776.0,1359.0,986.0,20.4,42.2,0.9964,False,True,False
5227,2004-10-14 11:00:00,,1013.0,901.0,788.0,1369.0,975.0,21.9,39.4,1.0234,False,True,False
5228,2004-10-14 12:00:00,,1051.0,968.0,746.0,1442.0,984.0,21.5,41.2,1.0399,False,True,False
5229,2004-10-14 13:00:00,,1052.0,966.0,726.0,1446.0,982.0,22.2,41.4,1.097,False,True,False
5230,2004-10-14 14:00:00,,1141.0,1049.0,675.0,1530.0,1117.0,21.0,46.8,1.1508,False,True,False
5231,2004-10-14 15:00:00,,1130.0,1024.0,679.0,1537.0,1177.0,21.9,44.9,1.1635,False,True,False
5232,2004-10-14 16:00:00,,1099.0,993.0,711.0,1507.0,1129.0,21.5,46.7,1.1837,False,True,False
5233,2004-10-14 17:00:00,,1182.0,1064.0,653.0,1616.0,1217.0,19.7,56.6,1.2811,False,True,False
5234,2004-10-14 18:00:00,,1211.0,1135.0,615.0,1682.0,1234.0,18.8,60.8,1.3036,False,True,False
5235,2004-10-14 19:00:00,,1340.0,1324.0,537.0,1907.0,1412.0,19.3,59.6,1.3195,False,True,False
5236,2004-10-14 20:00:00,,1299.0,1237.0,553.0,1804.0,1350.0,17.6,69.2,1.3803,False,True,False
5237,2004-10-14 21:00:00,,1046.0,872.0,769.0,1479.0,968.0,16.4,77.1,1.4243,False,True,False
5238,2004-10-14 22:00:00,,949.0,754.0,884.0,1393.0,759.0,16.6,77.3,1.4491,False,True,False
5239,2004-10-14 23:00:00,,966.0,756.0,908.0,1363.0,741.0,15.9,78.1,1.4039,False,True,False
5240,2004-10-15 00:00:00,,1062.0,887.0,770.0,1473.0,866.0,15.1,82.3,1.4009,False,True,False
5241,2004-10-15 01:00:00,,934.0,730.0,906.0,1345.0,757.0,14.8,83.8,1.4005,False,True,False
5242,2004-10-15 02:00:00,,862.0,649.0,1046.0,1289.0,675.0,14.4,84.6,1.3794,False,True,False
5243,2004-10-15 03:00:00,,823.0,590.0,1125.0,1241.0,624.0,15.8,77.6,1.3792,False,True,False
5244,2004-10-15 04:00:00,,839.0,604.0,1097.0,1259.0,605.0,15.2,79.4,1.3605,False,True,False
5245,2004-10-15 05:00:00,,879.0,681.0,992.0,1312.0,703.0,14.8,81.9,1.3735,False,True,False
5246,2004-10-15 06:00:00,,1095.0,977.0,725.0,1562.0,998.0,14.6,82.9,1.3706,False,True,False
5247,2004-10-15 07:00:00,,1359.0,1311.0,544.0,1878.0,1311.0,14.8,80.4,1.3428,False,True,False
5248,2004-10-15 08:00:00,,1354.0,1358.0,519.0,1942.0,1403.0,15.6,77.1,1.3527,False,True,False
5249,2004-10-15 09:00:00,,1420.0,1405.0,501.0,1941.0,1573.0,17.3,70.9,1.3876,False,True,False
5250,2004-10-15 10:00:00,,1265.0,1221.0,578.0,1760.0,1354.0,22.2,51.3,1.3543,False,True,False
5251,2004-10-15 11:00:00,,1146.0,1122.0,639.0,1659.0,1131.0,24.4,43.9,1.3184,False,True,False
5252,2004-10-15 12:00:00,,1150.0,1149.0,620.0,1676.0,1113.0,22.7,47.6,1.2989,False,True,False
5253,2004-10-15 13:00:00,,1282.0,1247.0,560.0,1861.0,1258.0,20.5,61.5,1.4673,False,True,False
5254,2004-10-15 14:00:00,,1067.0,1085.0,684.0,1548.0,985.0,23.3,40.4,1.1421,False,True,False
5255,2004-10-15 15:00:00,,1185.0,1243.0,603.0,1689.0,1197.0,23.2,39.9,1.1172,False,True,False
5256,2004-10-15 16:00:00,,1312.0,1381.0,540.0,1881.0,1402.0,21.5,44.5,1.129,False,True,False
5257,2004-10-15 17:00:00,,1319.0,1426.0,509.0,1938.0,1491.0,20.9,48.5,1.1878,False,True,False
5258,2004-10-15 18:00:00,,1255.0,1342.0,539.0,1875.0,1396.0,19.8,53.1,1.216,False,True,False
5259,2004-10-15 19:00:00,,1123.0,1119.0,648.0,1593.0,1198.0,20.1,53.6,1.2477,False,True,False
5260,2004-10-15 20:00:00,,1126.0,1045.0,689.0,1523.0,1166.0,19.6,56.0,1.2623,False,True,False
5261,2004-10-15 21:00:00,,924.0,766.0,902.0,1357.0,752.0,18.6,60.4,1.2817,False,True,False
5262,2004-10-15 22:00:00,,982.0,849.0,853.0,1390.0,717.0,14.5,78.3,1.288,False,True,False
5263,2004-10-15 23:00:00,,936.0,756.0,939.0,1311.0,693.0,16.3,70.5,1.2921,False,True,False
5264,2004-10-16 00:00:00,,1069.0,865.0,825.0,1394.0,816.0,14.1,83.8,1.346,False,True,False
5265,2004-10-16 01:00:00,,967.0,785.0,879.0,1326.0,766.0,14.5,81.3,1.3399,False,True,False
5266,2004-10-16 02:00:00,,869.0,649.0,1033.0,1249.0,631.0,14.7,80.7,1.3414,False,True,False
5267,2004-10-16 03:00:00,,916.0,692.0,986.0,1287.0,683.0,14.5,82.1,1.3493,False,True,False
5268,2004-10-16 04:00:00,,886.0,686.0,970.0,1278.0,654.0,15.0,78.4,1.3333,False,True,False
5269,2004-10-16 05:00:00,,926.0,747.0,902.0,1325.0,759.0,14.5,80.5,1.3221,False,True,False
5270,2004-10-16 06:00:00,,971.0,851.0,808.0,1389.0,876.0,14.6,79.0,1.3082,False,True,False
5271,2004-10-16 07:00:00,,1029.0,886.0,807.0,1446.0,926.0,15.0,74.8,1.2672,False,True,False
5272,2004-10-16 08:00:00,,1124.0,1057.0,667.0,1569.0,1091.0,15.9,70.4,1.2658,False,True,False
5273,2004-10-16 09:00:00,,1063.0,964.0,729.0,1454.0,1045.0,17.4,62.3,1.2282,False,True,False
5274,2004-10-16 10:00:00,,1028.0,961.0,756.0,1413.0,928.0,21.3,42.9,1.0727,False,True,False
5275,2004-10-16 11:00:00,,944.0,910.0,828.0,1342.0,777.0,22.0,38.9,1.0154,False,True,False
5276,2004-10-16 12:00:00,,913.0,857.0,892.0,1275.0,640.0,20.3,41.3,0.9745,False,True,False
5277,2004-10-16 13:00:00,,966.0,906.0,819.0,1354.0,741.0,20.2,45.6,1.0663,False,True,False
5278,2004-10-16 14:00:00,,833.0,737.0,1021.0,1162.0,483.0,20.8,37.4,0.9107,False,True,False
5279,2004-10-16 15:00:00,,891.0,789.0,960.0,1234.0,522.0,21.6,35.9,0.9164,False,True,False
5280,2004-10-16 16:00:00,,995.0,927.0,825.0,1320.0,718.0,22.0,35.7,0.9329,False,True,False
5281,2004-10-16 17:00:00,,1038.0,929.0,816.0,1332.0,798.0,19.9,42.0,0.9665,False,True,False
5282,2004-10-16 18:00:00,,1146.0,1118.0,695.0,1534.0,1174.0,19.2,46.3,1.0158,False,True,False
5283,2004-10-16 19:00:00,,1059.0,958.0,787.0,1417.0,891.0,17.9,56.9,1.1545,False,True,False
5284,2004-10-16 20:00:00,,1065.0,893.0,819.0,1397.0,799.0,14.7,75.5,1.2554,False,True,False
5285,2004-10-16 21:00:00,,1013.0,822.0,855.0,1377.0,855.0,15.1,78.9,1.3409,False,True,False
5286,2004-10-16 22:00:00,,942.0,712.0,979.0,1303.0,734.0,17.2,66.7,1.2987,False,True,False
5287,2004-10-16 23:00:00,,925.0,735.0,960.0,1284.0,691.0,15.4,73.2,1.2755,False,True,False
5288,2004-10-17 00:00:00,,871.0,628.0,1118.0,1228.0,557.0,16.5,68.5,1.2753,False,True,False
5289,2004-10-17 01:00:00,,864.0,633.0,1097.0,1259.0,523.0,16.4,70.3,1.3031,False,True,False
5290,2004-10-17 02:00:00,,929.0,698.0,991.0,1307.0,610.0,15.4,78.1,1.3557,False,True,False
5291,2004-10-17 03:00:00,,912.0,690.0,984.0,1309.0,574.0,15.8,75.5,1.3436,False,True,False
5292,2004-10-17 04:00:00,,817.0,602.0,1120.0,1227.0,470.0,16.0,69.5,1.2549,False,True,False
5293,2004-10-17 05:00:00,,786.0,558.0,1217.0,1179.0,434.0,15.0,71.0,1.2032,False,True,False
5294,2004-10-17 06:00:00,,827.0,595.0,1208.0,1214.0,507.0,13.9,75.2,1.1884,False,True,False
5295,2004-10-17 07:00:00,,789.0,604.0,1181.0,1171.0,467.0,15.9,62.1,1.1103,False,True,False
5296,2004-10-17 08:00:00,,875.0,754.0,961.0,1296.0,591.0,15.9,61.0,1.0911,False,True,False
5297,2004-10-17 09:00:00,,959.0,792.0,913.0,1315.0,717.0,17.1,58.7,1.1332,False,True,False
5298,2004-10-17 10:00:00,,969.0,850.0,846.0,1351.0,774.0,19.2,51.9,1.1404,False,True,False
5299,2004-10-17 11:00:00,,947.0,821.0,900.0,1302.0,697.0,21.5,42.6,1.0798,False,True,False
5300,2004-10-17 12:00:00,,960.0,848.0,866.0,1305.0,701.0,21.6,39.9,1.0156,False,True,False
5301,2004-10-17 13:00:00,,1017.0,1020.0,744.0,1478.0,752.0,21.6,40.4,1.0309,False,True,False
5302,2004-10-17 14:00:00,,979.0,1057.0,701.0,1473.0,760.0,22.0,37.3,0.9768,False,True,False
5303,2004-10-17 15:00:00,,843.0,748.0,999.0,1179.0,505.0,22.1,35.2,0.9253,False,True,False
5304,2004-10-17 16:00:00,,877.0,769.0,962.0,1212.0,529.0,22.4,36.0,0.9621,False,True,False
5305,2004-10-17 17:00:00,,1053.0,1072.0,733.0,1495.0,832.0,20.9,40.3,0.9866,False,True,False
5306,2004-10-17 18:00:00,,1047.0,1037.0,749.0,1429.0,904.0,19.8,41.5,0.9489,False,True,False
5307,2004-10-17 19:00:00,,1105.0,1074.0,712.0,1457.0,1050.0,18.2,46.0,0.9538,False,True,False
5308,2004-10-17 20:00:00,,1008.0,968.0,783.0,1348.0,1000.0,17.3,50.3,0.9837,False,True,False
5309,2004-10-17 21:00:00,,975.0,891.0,814.0,1361.0,911.0,15.8,57.6,1.0271,False,True,False
5310,2004-10-17 22:00:00,,954.0,850.0,840.0,1321.0,858.0,15.5,59.7,1.0413,False,True,False
5311,2004-10-17 23:00:00,,987.0,904.0,808.0,1344.0,903.0,15.5,60.6,1.0574,False,True,False
5312,2004-10-18 00:00:00,,880.0,784.0,922.0,1252.0,781.0,15.8,59.9,1.0676,False,True,False
5313,2004-10-18 01:00:00,,856.0,732.0,988.0,1247.0,714.0,14.8,64.3,1.073,False,True,False
5314,2004-10-18 02:00:00,,788.0,614.0,1116.0,1177.0,625.0,14.8,64.7,1.0788,False,True,False
5315,2004-10-18 03:00:00,,760.0,555.0,1226.0,1158.0,568.0,13.8,67.6,1.0581,False,True,False
5316,2004-10-18 04:00:00,,777.0,570.0,1191.0,1167.0,616.0,14.5,65.0,1.0672,False,True,False
5317,2004-10-18 05:00:00,,825.0,661.0,1074.0,1207.0,710.0,14.0,67.4,1.0703,False,True,False
5318,2004-10-18 06:00:00,,1011.0,947.0,759.0,1425.0,953.0,12.6,73.6,1.0699,False,True,False
5319,2004-10-18 07:00:00,,1237.0,1319.0,576.0,1741.0,1271.0,13.3,70.4,1.0711,False,True,False
5320,2004-10-18 08:00:00,,1298.0,1473.0,514.0,1884.0,1447.0,14.4,65.8,1.0773,False,True,False
5321,2004-10-18 09:00:00,,1153.0,1230.0,616.0,1565.0,1296.0,16.8,57.8,1.0947,False,True,False
5322,2004-10-18 10:00:00,,1101.0,1124.0,646.0,1521.0,1217.0,19.7,49.3,1.1199,False,True,False
5323,2004-10-18 11:00:00,,1215.0,1203.0,599.0,1664.0,1341.0,21.1,47.2,1.1659,False,True,False
5324,2004-10-18 12:00:00,,1163.0,1179.0,608.0,1641.0,1180.0,22.2,43.2,1.1427,False,True,False
5325,2004-10-18 13:00:00,,1285.0,1293.0,549.0,1797.0,1365.0,21.4,47.2,1.1927,False,True,False
5326,2004-10-18 14:00:00,,1288.0,1253.0,537.0,1763.0,1410.0,19.9,55.4,1.2702,False,True,False
5327,2004-10-18 15:00:00,,1362.0,1334.0,512.0,1862.0,1529.0,20.3,54.0,1.2744,False,True,False
5328,2004-10-18 16:00:00,,1405.0,1372.0,497.0,1883.0,1573.0,20.0,56.5,1.3051,False,True,False
5329,2004-10-18 17:00:00,,1610.0,1697.0,407.0,2287.0,1810.0,19.7,57.8,1.3138,False,True,False
5330,2004-10-18 18:00:00,,1612.0,1745.0,398.0,2357.0,1834.0,19.3,59.0,1.3077,False,True,False
5331,2004-10-18 19:00:00,,1520.0,1604.0,436.0,2161.0,1672.0,18.5,60.3,1.2706,False,True,False
5332,2004-10-18 20:00:00,,1489.0,1534.0,444.0,2080.0,1686.0,17.8,66.3,1.341,False,True,False
5333,2004-10-18 21:00:00,,1181.0,1124.0,597.0,1606.0,1302.0,17.6,65.9,1.3175,False,True,False
5334,2004-10-18 22:00:00,,995.0,898.0,761.0,1409.0,1023.0,17.5,63.5,1.2622,False,True,False
5335,2004-10-18 23:00:00,,998.0,875.0,779.0,1380.0,992.0,16.5,67.2,1.2491,False,True,False
5336,2004-10-19 00:00:00,,984.0,864.0,788.0,1371.0,960.0,16.2,69.1,1.259,False,True,False
5337,2004-10-19 01:00:00,,1022.0,898.0,746.0,1414.0,955.0,14.9,74.7,1.2564,False,True,False
5338,2004-10-19 02:00:00,,951.0,835.0,788.0,1354.0,887.0,14.1,76.7,1.2273,False,True,False
5339,2004-10-19 03:00:00,,910.0,773.0,842.0,1303.0,851.0,14.0,76.6,1.2202,False,True,False
5340,2004-10-19 04:00:00,,932.0,792.0,818.0,1323.0,903.0,14.9,73.8,1.24,False,True,False
5341,2004-10-19 05:00:00,,974.0,859.0,772.0,1383.0,954.0,15.2,73.1,1.257,False,True,False
5342,2004-10-19 06:00:00,,1117.0,1031.0,669.0,1528.0,1107.0,15.2,73.4,1.2626,False,True,False
5343,2004-10-19 07:00:00,,1367.0,1343.0,517.0,1852.0,1442.0,15.2,74.7,1.2824,False,True,False
5344,2004-10-19 08:00:00,,1583.0,1726.0,404.0,2316.0,1818.0,15.8,71.7,1.278,False,True,False
5345,2004-10-19 09:00:00,,1526.0,1552.0,441.0,2074.0,1802.0,16.6,68.4,1.2829,False,True,False
5346,2004-10-19 10:00:00,,1399.0,1416.0,485.0,1894.0,1671.0,17.6,64.9,1.2925,False,True,False
5347,2004-10-19 11:00:00,,1436.0,1435.0,479.0,1911.0,1710.0,18.3,63.8,1.331,False,True,False
5348,2004-10-19 12:00:00,,1455.0,1468.0,474.0,1945.0,1746.0,19.4,61.1,1.3652,False,True,False
5349,2004-10-19 13:00:00,,1311.0,1286.0,544.0,1760.0,1495.0,20.9,58.1,1.4193,False,True,False
5350,2004-10-19 14:00:00,,1174.0,1097.0,640.0,1596.0,1203.0,22.0,54.0,1.4114,False,True,False
5351,2004-10-19 15:00:00,,1242.0,1158.0,602.0,1682.0,1252.0,22.8,53.0,1.4482,False,True,False
5352,2004-10-19 16:00:00,,1267.0,1151.0,593.0,1671.0,1528.0,21.7,57.6,1.4756,False,True,False
5353,2004-10-19 17:00:00,,1401.0,1326.0,530.0,1887.0,1629.0,21.3,60.8,1.5205,False,True,False
5354,2004-10-19 18:00:00,,1428.0,1393.0,490.0,1976.0,1608.0,21.2,61.7,1.5309,False,True,False
5355,2004-10-19 19:00:00,,1478.0,1447.0,474.0,2017.0,1664.0,21.2,62.2,1.5473,False,True,False
5356,2004-10-19 20:00:00,,1518.0,1483.0,454.0,2098.0,1666.0,20.8,65.1,1.5782,False,True,False
5357,2004-10-19 21:00:00,,1468.0,1415.0,470.0,1985.0,1594.0,19.9,69.0,1.5877,False,True,False
5358,2004-10-19 22:00:00,,1369.0,1305.0,513.0,1851.0,1421.0,18.8,73.7,1.5785,False,True,False
5359,2004-10-19 23:00:00,,1244.0,1141.0,571.0,1671.0,1337.0,19.2,71.3,1.5723,False,True,False
5360,2004-10-20 00:00:00,,1217.0,1077.0,603.0,1628.0,1270.0,19.0,71.6,1.5549,False,True,False
5361,2004-10-20 01:00:00,,1103.0,979.0,666.0,1520.0,1156.0,19.5,69.7,1.5596,False,True,False
5362,2004-10-20 02:00:00,,1118.0,951.0,675.0,1509.0,1124.0,19.4,70.1,1.5626,False,True,False
5363,2004-10-20 03:00:00,,1087.0,950.0,684.0,1519.0,1049.0,18.4,74.5,1.5634,False,True,False
5364,2004-10-20 04:00:00,,1069.0,931.0,688.0,1508.0,1044.0,18.7,73.4,1.5701,False,True,False
5365,2004-10-20 05:00:00,,1112.0,985.0,645.0,1544.0,1109.0,18.4,74.6,1.5631,False,True,False
5366,2004-10-20 06:00:00,,1196.0,1086.0,594.0,1659.0,1224.0,18.5,74.4,1.5661,False,True,False
5367,2004-10-20 07:00:00,,1522.0,1457.0,458.0,2043.0,1611.0,18.8,73.0,1.5737,False,True,False
5368,2004-10-20 08:00:00,,1715.0,1728.0,371.0,2376.0,2004.0,19.9,69.9,1.6036,False,True,False
5369,2004-10-20 09:00:00,,1582.0,1459.0,448.0,2036.0,1776.0,21.3,66.1,1.6556,False,True,False
5370,2004-10-20 10:00:00,,1494.0,1379.0,467.0,1965.0,1723.0,23.0,61.8,1.7135,False,True,False
5371,2004-10-20 11:00:00,,1631.0,1455.0,438.0,2027.0,1916.0,22.4,64.6,1.7271,False,True,False
5372,2004-10-20 12:00:00,,1650.0,1506.0,424.0,2093.0,1955.0,23.8,59.9,1.7376,False,True,False
5373,2004-10-20 13:00:00,,1640.0,1503.0,431.0,2094.0,1894.0,24.7,56.9,1.7472,False,True,False
5374,2004-10-20 14:00:00,,1589.0,1418.0,452.0,2015.0,1823.0,25.4,55.1,1.761,False,True,False
5375,2004-10-20 15:00:00,,1538.0,1362.0,473.0,1924.0,1793.0,25.7,54.5,1.7684,False,True,False
5376,2004-10-20 16:00:00,4.7,1597.0,1573.0,424.0,2307.0,1956.0,24.8,57.7,1.7765,True,False,False
5377,2004-10-20 17:00:00,8.0,1884.0,1846.0,348.0,2595.0,2203.0,24.6,58.9,1.8005,True,False,False
5378,2004-10-20 18:00:00,7.7,1835.0,1770.0,358.0,2474.0,2073.0,23.9,61.8,1.8088,True,False,False
5379,2004-10-20 19:00:00,6.8,1759.0,1684.0,373.0,2378.0,1923.0,23.0,65.9,1.8319,True,False,False
5380,2004-10-20 20:00:00,6.0,1666.0,1553.0,409.0,2170.0,1780.0,22.4,67.7,1.8161,True,False,False
5381,2004-10-20 21:00:00,4.7,1506.0,1360.0,458.0,1944.0,1609.0,22.0,69.2,1.8061,True,False,False
5382,2004-10-20 22:00:00,3.4,1378.0,1229.0,511.0,1820.0,1466.0,21.8,69.6,1.79,True,False,False
5383,2004-10-20 23:00:00,3.9,1448.0,1283.0,496.0,1877.0,1504.0,21.9,68.3,1.7699,True,False,False
5384,2004-10-21 00:00:00,4.4,1481.0,1359.0,467.0,1957.0,1518.0,21.7,69.7,1.7872,True,False,False
5385,2004-10-21 01:00:00,3.3,1289.0,1161.0,552.0,1765.0,1289.0,21.3,70.3,1.7574,True,False,False
5386,2004-10-21 02:00:00,2.0,1109.0,951.0,664.0,1570.0,1076.0,20.8,71.7,1.7415,True,False,False
5387,2004-10-21 03:00:00,1.5,994.0,812.0,784.0,1453.0,947.0,21.4,69.0,1.7421,True,False,False
5388,2004-10-21 04:00:00,,1015.0,839.0,754.0,1473.0,970.0,21.4,69.3,1.7515,False,True,False
5389,2004-10-21 05:00:00,0.8,966.0,771.0,830.0,1420.0,900.0,21.3,69.5,1.7447,True,False,False
5390,2004-10-21 06:00:00,1.3,1088.0,932.0,706.0,1565.0,1034.0,21.5,67.5,1.708,True,False,False
5391,2004-10-21 07:00:00,2.7,1303.0,1198.0,578.0,1791.0,1235.0,21.9,64.8,1.683,True,False,False
5392,2004-10-21 08:00:00,3.6,1440.0,1412.0,494.0,2016.0,1455.0,22.6,61.4,1.6645,True,False,False
5393,2004-10-21 09:00:00,3.6,1392.0,1313.0,517.0,1866.0,1478.0,22.6,61.5,1.6636,True,False,False
5394,2004-10-21 10:00:00,2.6,1248.0,1167.0,572.0,1704.0,1393.0,25.5,52.3,1.6796,True,False,False
5395,2004-10-21 11:00:00,2.0,1197.0,1058.0,634.0,1626.0,1237.0,27.0,47.6,1.67,True,False,False
5396,2004-10-21 12:00:00,3.3,1357.0,1230.0,542.0,1834.0,1373.0,25.2,53.3,1.6834,True,False,False
5397,2004-10-21 13:00:00,2.6,1263.0,1143.0,578.0,1736.0,1310.0,26.6,49.3,1.6872,True,False,False
5398,2004-10-21 14:00:00,2.1,1261.0,1148.0,585.0,1733.0,1287.0,27.2,48.5,1.7172,True,False,False
5399,2004-10-21 15:00:00,2.9,1382.0,1200.0,539.0,1807.0,1413.0,26.9,50.0,1.7507,True,False,False
5400,2004-10-21 16:00:00,3.0,1400.0,1230.0,519.0,1864.0,1483.0,26.5,52.2,1.7769,True,False,False
5401,2004-10-21 17:00:00,3.2,1443.0,1322.0,488.0,1933.0,1539.0,27.0,51.0,1.7936,True,False,False
5402,2004-10-21 18:00:00,4.4,1630.0,1520.0,427.0,2166.0,1691.0,25.9,55.8,1.8347,True,False,False
5403,2004-10-21 19:00:00,6.0,1720.0,1661.0,382.0,2403.0,1846.0,25.1,59.4,1.8632,True,False,False
5404,2004-10-21 20:00:00,5.0,1600.0,1492.0,432.0,2160.0,1665.0,24.7,58.7,1.8001,True,False,False
5405,2004-10-21 21:00:00,4.3,1525.0,1427.0,450.0,2085.0,1577.0,23.6,62.2,1.7863,True,False,False
5406,2004-10-21 22:00:00,4.3,1544.0,1409.0,448.0,2048.0,1603.0,22.4,67.1,1.794,True,False,False
5407,2004-10-21 23:00:00,4.2,1455.0,1357.0,466.0,1964.0,1530.0,21.6,69.2,1.763,True,False,False
5408,2004-10-22 00:00:00,2.2,1203.0,1090.0,593.0,1655.0,1205.0,21.3,68.5,1.7164,True,False,False
5409,2004-10-22 01:00:00,1.3,1038.0,895.0,714.0,1474.0,999.0,21.2,68.6,1.7046,True,False,False
5410,2004-10-22 02:00:00,1.0,975.0,807.0,788.0,1423.0,904.0,20.3,70.6,1.6659,True,False,False
5411,2004-10-22 03:00:00,0.7,917.0,714.0,870.0,1355.0,843.0,20.8,67.3,1.6353,True,False,False
5412,2004-10-22 04:00:00,,930.0,741.0,849.0,1392.0,843.0,19.6,71.3,1.612,False,True,False
5413,2004-10-22 05:00:00,0.9,960.0,804.0,802.0,1435.0,886.0,18.7,74.4,1.5861,True,False,False
5414,2004-10-22 06:00:00,1.0,982.0,834.0,770.0,1435.0,911.0,19.8,69.2,1.5808,True,False,False
5415,2004-10-22 07:00:00,2.8,1359.0,1282.0,541.0,1912.0,1319.0,19.8,69.4,1.5859,True,False,False
5416,2004-10-22 08:00:00,4.1,1500.0,1503.0,437.0,2158.0,1927.0,20.4,66.7,1.5781,True,False,False
5417,2004-10-22 09:00:00,2.9,1315.0,1261.0,535.0,1830.0,1554.0,22.3,60.6,1.6069,True,False,False
5418,2004-10-22 10:00:00,2.7,1307.0,1248.0,525.0,1787.0,1565.0,22.6,59.9,1.6246,True,False,False
5419,2004-10-22 11:00:00,2.1,1235.0,1125.0,574.0,1704.0,1462.0,24.5,54.5,1.6514,True,False,False
5420,2004-10-22 12:00:00,2.4,1310.0,1194.0,538.0,1781.0,1487.0,24.4,55.4,1.6712,True,False,False
5421,2004-10-22 13:00:00,3.8,1459.0,1375.0,467.0,2007.0,1690.0,26.0,51.9,1.7148,True,False,False
5422,2004-10-22 14:00:00,3.7,1461.0,1358.0,474.0,2033.0,1603.0,26.8,49.1,1.7101,True,False,False
5423,2004-10-22 15:00:00,3.7,1476.0,1352.0,474.0,1996.0,1568.0,26.4,49.8,1.6928,True,False,False
5424,2004-10-22 16:00:00,5.5,1612.0,1496.0,429.0,2127.0,1743.0,26.9,48.6,1.7017,True,False,False
5425,2004-10-22 17:00:00,5.4,1654.0,1546.0,435.0,2176.0,2007.0,26.2,48.9,1.634,True,False,False
5426,2004-10-22 18:00:00,8.4,1808.0,1771.0,373.0,2486.0,2235.0,24.3,54.3,1.6276,True,False,False
5427,2004-10-22 19:00:00,6.8,1681.0,1666.0,397.0,2339.0,1998.0,23.3,58.1,1.6457,True,False,False
5428,2004-10-22 20:00:00,4.5,1494.0,1443.0,454.0,2020.0,1795.0,22.3,62.5,1.6616,True,False,False
5429,2004-10-22 21:00:00,2.5,1251.0,1107.0,579.0,1657.0,1407.0,21.3,66.1,1.6556,True,False,False
5430,2004-10-22 22:00:00,1.6,1132.0,965.0,669.0,1502.0,1211.0,21.2,65.7,1.6319,True,False,False
5431,2004-10-22 23:00:00,1.7,1158.0,970.0,664.0,1509.0,1202.0,20.3,68.1,1.6009,True,False,False
5432,2004-10-23 00:00:00,1.7,1146.0,983.0,673.0,1518.0,1136.0,20.4,66.7,1.583,True,False,False
5433,2004-10-23 01:00:00,1.1,993.0,813.0,792.0,1413.0,946.0,19.9,67.5,1.5544,True,False,False
5434,2004-10-23 02:00:00,1.0,989.0,814.0,800.0,1418.0,915.0,19.1,70.0,1.5331,True,False,False
5435,2004-10-23 03:00:00,0.8,943.0,746.0,852.0,1374.0,864.0,19.3,68.1,1.5139,True,False,False
5436,2004-10-23 04:00:00,,910.0,712.0,872.0,1341.0,836.0,19.6,66.9,1.5125,False,True,False
5437,2004-10-23 05:00:00,0.7,925.0,742.0,876.0,1381.0,842.0,18.1,72.1,1.4834,True,False,False
5438,2004-10-23 06:00:00,1.2,1039.0,882.0,724.0,1473.0,1002.0,18.1,72.3,1.4927,True,False,False
5439,2004-10-23 07:00:00,2.3,1208.0,1104.0,598.0,1699.0,1165.0,17.6,74.8,1.491,True,False,False
5440,2004-10-23 08:00:00,3.0,1268.0,1179.0,545.0,1753.0,1294.0,18.2,72.8,1.5048,True,False,False
5441,2004-10-23 09:00:00,3.3,1353.0,1265.0,507.0,1833.0,1475.0,20.2,65.8,1.5374,True,False,False
5442,2004-10-23 10:00:00,2.8,1317.0,1171.0,542.0,1727.0,1436.0,21.6,61.4,1.5696,True,False,False
5443,2004-10-23 11:00:00,3.0,1356.0,1187.0,534.0,1738.0,1465.0,23.3,57.5,1.6169,True,False,False
5444,2004-10-23 12:00:00,3.4,1414.0,1279.0,504.0,1854.0,1583.0,25.0,52.4,1.6356,True,False,False
5445,2004-10-23 13:00:00,3.0,1326.0,1206.0,533.0,1785.0,1432.0,25.4,50.8,1.6275,True,False,False
5446,2004-10-23 14:00:00,2.3,1211.0,1067.0,609.0,1608.0,1270.0,26.1,47.1,1.5724,True,False,False
5447,2004-10-23 15:00:00,3.1,1324.0,1173.0,564.0,1749.0,1354.0,27.0,44.2,1.549,True,False,False
5448,2004-10-23 16:00:00,3.0,1324.0,1181.0,565.0,1747.0,1318.0,27.2,43.0,1.5246,True,False,False
5449,2004-10-23 17:00:00,3.3,1361.0,1189.0,549.0,1776.0,1351.0,25.6,48.3,1.5641,True,False,False
5450,2004-10-23 18:00:00,4.0,1475.0,1324.0,490.0,1925.0,1530.0,23.3,57.9,1.6376,True,False,False
5451,2004-10-23 19:00:00,4.6,1537.0,1381.0,469.0,2016.0,1615.0,22.2,63.6,1.6763,True,False,False
5452,2004-10-23 20:00:00,4.1,1413.0,1231.0,520.0,1853.0,1415.0,21.6,67.7,1.7228,True,False,False
5453,2004-10-23 21:00:00,2.3,1229.0,1055.0,607.0,1668.0,1219.0,21.0,69.3,1.7058,True,False,False
5454,2004-10-23 22:00:00,2.6,1297.0,1136.0,567.0,1725.0,1307.0,20.3,70.5,1.6599,True,False,False
5455,2004-10-23 23:00:00,2.6,1302.0,1088.0,594.0,1639.0,1297.0,20.0,69.5,1.6109,True,False,False
5456,2004-10-24 00:00:00,2.9,1347.0,1165.0,573.0,1741.0,1321.0,19.7,70.1,1.5891,True,False,False
5457,2004-10-24 01:00:00,2.1,1165.0,1042.0,631.0,1621.0,1133.0,19.5,70.7,1.5851,True,False,False
5458,2004-10-24 02:00:00,2.1,1155.0,1012.0,633.0,1577.0,1124.0,19.4,71.4,1.5959,True,False,False
5459,2004-10-24 03:00:00,1.5,1050.0,916.0,696.0,1512.0,997.0,19.3,71.1,1.5746,True,False,False
5460,2004-10-24 04:00:00,,1035.0,855.0,731.0,1467.0,952.0,18.7,73.8,1.5704,False,True,False
5461,2004-10-24 05:00:00,1.4,1057.0,925.0,684.0,1503.0,972.0,18.0,75.4,1.5441,True,False,False
5462,2004-10-24 06:00:00,1.2,1029.0,880.0,709.0,1451.0,965.0,17.3,78.4,1.532,True,False,False
5463,2004-10-24 07:00:00,1.5,1037.0,902.0,704.0,1481.0,984.0,17.5,76.6,1.5174,True,False,False
5464,2004-10-24 08:00:00,0.9,920.0,755.0,853.0,1359.0,880.0,20.0,66.7,1.5401,True,False,False
5465,2004-10-24 09:00:00,1.4,1080.0,891.0,732.0,1477.0,1001.0,19.1,70.0,1.5366,True,False,False
5466,2004-10-24 10:00:00,2.1,1152.0,966.0,661.0,1542.0,1137.0,21.4,61.7,1.5547,True,False,False
5467,2004-10-24 11:00:00,1.6,1085.0,918.0,721.0,1467.0,1023.0,24.6,50.4,1.5363,True,False,False
5468,2004-10-24 12:00:00,1.5,1071.0,882.0,745.0,1431.0,962.0,25.0,49.1,1.5295,True,False,False
5469,2004-10-24 13:00:00,1.1,1000.0,807.0,811.0,1376.0,825.0,25.3,46.7,1.4874,True,False,False
5470,2004-10-24 14:00:00,1.4,1058.0,875.0,756.0,1421.0,877.0,24.8,47.9,1.4819,True,False,False
5471,2004-10-24 15:00:00,2.0,1184.0,983.0,667.0,1537.0,1046.0,25.3,48.0,1.5249,True,False,False
5472,2004-10-24 16:00:00,2.0,1189.0,965.0,670.0,1533.0,1060.0,26.5,44.9,1.5278,True,False,False
5473,2004-10-24 17:00:00,2.5,1277.0,1043.0,614.0,1631.0,1155.0,25.0,50.1,1.563,True,False,False
5474,2004-10-24 18:00:00,4.3,1482.0,1305.0,503.0,1874.0,1464.0,22.9,57.6,1.5885,True,False,False
5475,2004-10-24 19:00:00,5.2,1555.0,1410.0,464.0,1971.0,2185.0,21.7,62.9,1.6117,True,False,False
5476,2004-10-24 20:00:00,3.4,1324.0,1168.0,568.0,1716.0,1959.0,21.8,63.0,1.619,True,False,False
5477,2004-10-24 21:00:00,1.3,1015.0,869.0,747.0,1439.0,1375.0,21.2,63.4,1.5748,True,False,False
5478,2004-10-24 22:00:00,1.2,1010.0,860.0,768.0,1450.0,1212.0,20.2,65.8,1.535,True,False,False
5479,2004-10-24 23:00:00,1.7,1081.0,938.0,697.0,1517.0,1273.0,18.4,71.5,1.5038,True,False,False
5480,2004-10-25 00:00:00,1.7,1071.0,936.0,695.0,1516.0,1249.0,17.9,72.4,1.4758,True,False,False
5481,2004-10-25 01:00:00,1.4,1014.0,864.0,745.0,1474.0,1097.0,16.9,75.4,1.4393,True,False,False
5482,2004-10-25 02:00:00,0.9,891.0,735.0,878.0,1353.0,933.0,16.5,75.5,1.4056,True,False,False
5483,2004-10-25 03:00:00,0.7,874.0,715.0,889.0,1315.0,858.0,15.4,79.0,1.3735,True,False,False
5484,2004-10-25 04:00:00,,882.0,729.0,875.0,1319.0,870.0,15.5,78.6,1.37,False,True,False
5485,2004-10-25 05:00:00,0.9,940.0,806.0,800.0,1392.0,1013.0,16.2,76.9,1.4029,True,False,False
5486,2004-10-25 06:00:00,1.2,1020.0,866.0,749.0,1440.0,1087.0,15.8,79.6,1.417,True,False,False
5487,2004-10-25 07:00:00,3.2,1316.0,1253.0,527.0,1780.0,1566.0,16.0,76.3,1.3772,True,False,False
5488,2004-10-25 08:00:00,4.4,1423.0,1429.0,467.0,1998.0,1631.0,16.3,74.3,1.3644,True,False,False
5489,2004-10-25 09:00:00,3.5,1314.0,1262.0,531.0,1754.0,1564.0,18.7,66.3,1.414,True,False,False
5490,2004-10-25 10:00:00,3.2,1317.0,1283.0,518.0,1812.0,1601.0,20.5,60.2,1.4346,True,False,False
5491,2004-10-25 11:00:00,3.0,1305.0,1245.0,524.0,1742.0,1539.0,19.3,66.2,1.4706,True,False,False
5492,2004-10-25 12:00:00,3.5,1351.0,1298.0,498.0,1821.0,1577.0,20.0,63.9,1.4805,True,False,False
5493,2004-10-25 13:00:00,4.0,1438.0,1425.0,451.0,1971.0,1732.0,21.4,59.4,1.4928,True,False,False
5494,2004-10-25 14:00:00,3.8,1454.0,1380.0,457.0,1947.0,1672.0,21.5,60.9,1.5398,True,False,False
5495,2004-10-25 15:00:00,4.2,1512.0,1441.0,432.0,2034.0,1744.0,21.6,60.9,1.5551,True,False,False
5496,2004-10-25 16:00:00,5.0,1584.0,1597.0,392.0,2176.0,1845.0,21.6,62.0,1.5784,True,False,False
5497,2004-10-25 17:00:00,7.9,1816.0,1897.0,330.0,2641.0,2164.0,21.7,61.9,1.592,True,False,False
5498,2004-10-25 18:00:00,8.4,1824.0,1862.0,340.0,2567.0,2106.0,21.0,64.9,1.5987,True,False,False
5499,2004-10-25 19:00:00,8.0,1744.0,1793.0,352.0,2469.0,2007.0,20.0,68.6,1.5882,True,False,False
5500,2004-10-25 20:00:00,6.4,1588.0,1610.0,400.0,2230.0,1791.0,19.3,71.4,1.5805,True,False,False
5501,2004-10-25 21:00:00,3.5,1319.0,1273.0,511.0,1806.0,1444.0,18.5,73.4,1.5461,True,False,False
5502,2004-10-25 22:00:00,3.5,1313.0,1285.0,505.0,1803.0,1373.0,17.7,75.6,1.5226,True,False,False
5503,2004-10-25 23:00:00,1.9,1073.0,1005.0,661.0,1488.0,1110.0,18.5,70.4,1.487,True,False,False
5504,2004-10-26 00:00:00,2.2,1119.0,1056.0,624.0,1562.0,1099.0,17.0,76.1,1.4582,True,False,False
5505,2004-10-26 01:00:00,1.6,989.0,900.0,737.0,1401.0,968.0,16.8,74.9,1.4258,True,False,False
5506,2004-10-26 02:00:00,1.0,912.0,788.0,822.0,1331.0,847.0,15.5,78.5,1.3782,True,False,False
5507,2004-10-26 03:00:00,1.0,904.0,787.0,820.0,1319.0,852.0,15.3,79.0,1.3605,True,False,False
5508,2004-10-26 04:00:00,,851.0,726.0,897.0,1277.0,799.0,15.0,77.9,1.3197,False,True,False
5509,2004-10-26 05:00:00,0.9,902.0,809.0,835.0,1355.0,834.0,14.8,79.4,1.3312,True,False,False
5510,2004-10-26 06:00:00,1.4,981.0,923.0,730.0,1425.0,956.0,15.7,77.0,1.3591,True,False,False
5511,2004-10-26 07:00:00,3.0,1267.0,1260.0,572.0,1776.0,1259.0,16.2,75.9,1.3872,True,False,False
5512,2004-10-26 08:00:00,4.5,1392.0,1429.0,469.0,1990.0,1494.0,16.3,75.9,1.3991,True,False,False
5513,2004-10-26 09:00:00,3.8,1308.0,1285.0,522.0,1781.0,1458.0,17.7,70.6,1.4202,True,False,False
5514,2004-10-26 10:00:00,3.4,1313.0,1318.0,511.0,1820.0,1491.0,18.3,67.6,1.4103,True,False,False
5515,2004-10-26 11:00:00,3.5,1350.0,1299.0,518.0,1784.0,1560.0,20.1,62.0,1.4409,True,False,False
5516,2004-10-26 12:00:00,4.4,1477.0,1471.0,455.0,2031.0,1750.0,22.6,54.5,1.4737,True,False,False
5517,2004-10-26 13:00:00,4.0,1409.0,1393.0,484.0,1874.0,1709.0,24.6,47.1,1.4378,True,False,False
5518,2004-10-26 14:00:00,4.5,1495.0,1465.0,451.0,2043.0,1786.0,24.9,48.3,1.4942,True,False,False
5519,2004-10-26 15:00:00,5.3,1606.0,1573.0,419.0,2165.0,1900.0,24.9,50.0,1.5522,True,False,False
5520,2004-10-26 16:00:00,5.8,1669.0,1615.0,404.0,2232.0,1963.0,24.0,55.0,1.6211,True,False,False
5521,2004-10-26 17:00:00,8.4,1822.0,1890.0,347.0,2641.0,2161.0,23.2,58.7,1.651,True,False,False
5522,2004-10-26 18:00:00,9.5,1908.0,2007.0,325.0,2775.0,2372.0,22.5,61.5,1.6579,True,False,False
5523,2004-10-26 19:00:00,6.2,1664.0,1699.0,385.0,2305.0,2062.0,22.2,61.0,1.6071,True,False,False
5524,2004-10-26 20:00:00,5.0,1465.0,1404.0,468.0,1962.0,1736.0,22.6,58.3,1.5829,True,False,False
5525,2004-10-26 21:00:00,2.1,1076.0,972.0,691.0,1506.0,1192.0,21.0,57.4,1.4098,True,False,False
5526,2004-10-26 22:00:00,1.4,1055.0,895.0,758.0,1468.0,1043.0,19.8,63.7,1.4524,True,False,False
5527,2004-10-26 23:00:00,1.6,1075.0,878.0,734.0,1495.0,948.0,17.7,78.8,1.5855,True,False,False
5528,2004-10-27 00:00:00,2.0,1135.0,948.0,685.0,1569.0,992.0,17.6,80.5,1.6062,True,False,False
5529,2004-10-27 01:00:00,1.2,998.0,799.0,786.0,1435.0,867.0,17.4,81.3,1.6066,True,False,False
5530,2004-10-27 02:00:00,0.8,953.0,734.0,861.0,1401.0,825.0,17.4,81.0,1.6012,True,False,False
5531,2004-10-27 03:00:00,0.6,926.0,708.0,874.0,1381.0,803.0,17.2,81.8,1.5856,True,False,False
5532,2004-10-27 04:00:00,,895.0,656.0,946.0,1343.0,786.0,17.0,81.0,1.5521,False,True,False
5533,2004-10-27 05:00:00,0.7,967.0,767.0,833.0,1416.0,866.0,16.8,81.3,1.5447,True,False,False
5534,2004-10-27 06:00:00,1.7,1164.0,997.0,641.0,1606.0,1113.0,17.6,78.8,1.5723,True,False,False
5535,2004-10-27 07:00:00,3.4,1421.0,1313.0,502.0,1983.0,1384.0,18.0,75.7,1.5527,True,False,False
5536,2004-10-27 08:00:00,4.9,1465.0,1515.0,454.0,2119.0,1516.0,18.0,74.8,1.5281,True,False,False
5537,2004-10-27 09:00:00,2.7,1189.0,1075.0,614.0,1652.0,1222.0,18.2,74.0,1.5343,True,False,False
5538,2004-10-27 10:00:00,3.2,1278.0,1182.0,585.0,1734.0,1354.0,19.7,65.4,1.4854,True,False,False
5539,2004-10-27 11:00:00,2.7,1169.0,1144.0,611.0,1666.0,1291.0,21.0,57.9,1.4267,True,False,False
5540,2004-10-27 12:00:00,3.2,1214.0,1203.0,580.0,1739.0,1308.0,20.7,58.6,1.4142,True,False,False
5541,2004-10-27 13:00:00,4.1,1351.0,1345.0,502.0,1923.0,1420.0,19.5,67.1,1.506,True,False,False
5542,2004-10-27 14:00:00,3.6,1340.0,1256.0,537.0,1842.0,1297.0,18.5,76.2,1.6045,True,False,False
5543,2004-10-27 15:00:00,2.8,1157.0,1131.0,623.0,1675.0,1157.0,19.6,69.7,1.5675,True,False,False
5544,2004-10-27 16:00:00,2.1,1118.0,1096.0,647.0,1649.0,1130.0,19.9,65.3,1.5066,True,False,False
5545,2004-10-27 17:00:00,2.4,1150.0,1173.0,608.0,1711.0,1195.0,20.0,63.3,1.4622,True,False,False
5546,2004-10-27 18:00:00,3.6,1247.0,1315.0,544.0,1874.0,1341.0,19.2,66.4,1.4592,True,False,False
5547,2004-10-27 19:00:00,2.6,1194.0,1198.0,587.0,1732.0,1228.0,19.3,67.5,1.4977,True,False,False
5548,2004-10-27 20:00:00,2.8,1184.0,1157.0,586.0,1685.0,1273.0,18.2,71.4,1.4776,True,False,False
5549,2004-10-27 21:00:00,1.4,990.0,898.0,748.0,1442.0,1006.0,17.8,71.2,1.4396,True,False,False
5550,2004-10-27 22:00:00,1.1,933.0,803.0,842.0,1369.0,898.0,17.6,69.9,1.3969,True,False,False
5551,2004-10-27 23:00:00,1.3,968.0,858.0,796.0,1388.0,894.0,16.0,75.9,1.3721,True,False,False
5552,2004-10-28 00:00:00,0.9,861.0,735.0,925.0,1287.0,789.0,16.9,72.0,1.3749,True,False,False
5553,2004-10-28 01:00:00,1.0,904.0,774.0,878.0,1329.0,805.0,15.7,76.3,1.3519,True,False,False
5554,2004-10-28 02:00:00,0.9,866.0,734.0,899.0,1299.0,770.0,14.8,78.7,1.3169,True,False,False
5555,2004-10-28 03:00:00,0.7,881.0,724.0,913.0,1277.0,776.0,14.8,79.7,1.3286,True,False,False
5556,2004-10-28 04:00:00,,838.0,700.0,936.0,1268.0,744.0,14.6,79.9,1.3156,False,True,False
5557,2004-10-28 05:00:00,0.8,905.0,776.0,851.0,1327.0,825.0,15.2,78.0,1.3382,True,False,False
5558,2004-10-28 06:00:00,1.6,1055.0,977.0,703.0,1506.0,1013.0,15.5,77.2,1.3502,True,False,False
5559,2004-10-28 07:00:00,3.4,1328.0,1296.0,527.0,1829.0,1341.0,15.7,76.4,1.3558,True,False,False
5560,2004-10-28 08:00:00,4.4,1401.0,1449.0,477.0,1969.0,1528.0,16.0,76.4,1.3751,True,False,False
5561,2004-10-28 09:00:00,3.5,1291.0,1296.0,529.0,1752.0,1432.0,16.7,73.8,1.3886,True,False,False
5562,2004-10-28 10:00:00,3.4,1316.0,1314.0,526.0,1780.0,1499.0,18.6,66.3,1.4047,True,False,False
5563,2004-10-28 11:00:00,2.4,1116.0,1057.0,639.0,1532.0,1236.0,20.4,58.1,1.3762,True,False,False
5564,2004-10-28 12:00:00,2.3,1139.0,1088.0,625.0,1580.0,1180.0,20.6,57.3,1.3792,True,False,False
5565,2004-10-28 13:00:00,2.6,1165.0,1131.0,609.0,1640.0,1196.0,21.6,53.6,1.3669,True,False,False
5566,2004-10-28 14:00:00,2.9,1260.0,1224.0,571.0,1731.0,1301.0,21.4,55.6,1.4015,True,False,False
5567,2004-10-28 15:00:00,4.4,1475.0,1451.0,455.0,1991.0,1646.0,20.7,63.0,1.5204,True,False,False
5568,2004-10-28 16:00:00,5.0,1521.0,1470.0,446.0,1977.0,1720.0,21.3,61.9,1.5463,True,False,False
5569,2004-10-28 17:00:00,6.5,1633.0,1671.0,398.0,2271.0,1852.0,20.8,64.0,1.5522,True,False,False
5570,2004-10-28 18:00:00,5.9,1463.0,1508.0,468.0,2092.0,1670.0,20.3,66.7,1.5656,True,False,False
5571,2004-10-28 19:00:00,2.7,1140.0,1122.0,619.0,1602.0,1208.0,19.7,64.5,1.4594,True,False,False
5572,2004-10-28 20:00:00,2.5,1147.0,1065.0,651.0,1562.0,1160.0,19.4,64.0,1.4282,True,False,False
5573,2004-10-28 21:00:00,1.5,988.0,839.0,805.0,1382.0,937.0,20.1,60.8,1.4152,True,False,False
5574,2004-10-28 22:00:00,1.0,924.0,754.0,890.0,1327.0,783.0,20.4,60.4,1.4263,True,False,False
5575,2004-10-28 23:00:00,1.2,950.0,782.0,862.0,1331.0,807.0,20.1,62.6,1.4543,True,False,False
5576,2004-10-29 00:00:00,1.0,926.0,727.0,925.0,1326.0,729.0,19.9,64.9,1.4905,True,False,False
5577,2004-10-29 01:00:00,0.8,879.0,645.0,1023.0,1288.0,612.0,18.2,74.7,1.5441,True,False,False
5578,2004-10-29 02:00:00,0.6,864.0,621.0,1073.0,1286.0,574.0,18.4,73.8,1.5463,True,False,False
5579,2004-10-29 03:00:00,0.6,868.0,596.0,1092.0,1276.0,579.0,18.7,73.5,1.5664,True,False,False
5580,2004-10-29 04:00:00,,894.0,636.0,1010.0,1308.0,687.0,18.2,76.6,1.5907,False,True,False
5581,2004-10-29 05:00:00,1.1,1009.0,816.0,799.0,1430.0,856.0,18.5,76.4,1.6112,True,False,False
5582,2004-10-29 06:00:00,1.3,1069.0,889.0,738.0,1469.0,976.0,19.3,71.6,1.5844,True,False,False
5583,2004-10-29 07:00:00,2.9,1311.0,1178.0,574.0,1769.0,1208.0,20.2,66.9,1.5643,True,False,False
5584,2004-10-29 08:00:00,3.7,1370.0,1372.0,485.0,1945.0,1400.0,20.8,64.7,1.5692,True,False,False
5585,2004-10-29 09:00:00,3.0,1246.0,1197.0,566.0,1746.0,1278.0,21.9,61.8,1.6021,True,False,False
5586,2004-10-29 10:00:00,1.4,1039.0,917.0,735.0,1467.0,934.0,23.5,57.7,1.6515,True,False,False
5587,2004-10-29 11:00:00,2.6,1296.0,1113.0,604.0,1736.0,1073.0,19.8,81.0,1.8538,True,False,False
5588,2004-10-29 12:00:00,4.2,1523.0,1428.0,458.0,2114.0,1363.0,20.2,86.5,2.0224,True,False,False
5589,2004-10-29 13:00:00,5.1,1424.0,1361.0,484.0,1983.0,1346.0,20.2,82.2,1.9184,True,False,False
5590,2004-10-29 14:00:00,5.5,1513.0,1457.0,463.0,2125.0,1393.0,19.7,82.2,1.8669,True,False,False
5591,2004-10-29 15:00:00,4.5,1338.0,1244.0,558.0,1847.0,1255.0,20.2,79.1,1.85,True,False,False
5592,2004-10-29 16:00:00,2.7,1214.0,1113.0,616.0,1664.0,1213.0,20.1,75.4,1.751,True,False,False
5593,2004-10-29 17:00:00,3.1,1290.0,1253.0,550.0,1807.0,1332.0,20.2,72.3,1.6893,True,False,False
5594,2004-10-29 18:00:00,4.2,1353.0,1323.0,519.0,1860.0,1430.0,20.0,73.3,1.693,True,False,False
5595,2004-10-29 19:00:00,3.1,1130.0,1082.0,647.0,1591.0,1102.0,18.3,74.9,1.5583,True,False,False
5596,2004-10-29 20:00:00,1.7,969.0,843.0,828.0,1375.0,895.0,18.9,70.4,1.5259,True,False,False
5597,2004-10-29 21:00:00,1.8,1038.0,856.0,801.0,1415.0,905.0,17.3,76.3,1.4919,True,False,False
5598,2004-10-29 22:00:00,1.7,1020.0,869.0,793.0,1410.0,869.0,17.1,77.9,1.5081,True,False,False
5599,2004-10-29 23:00:00,2.1,1097.0,944.0,716.0,1489.0,982.0,17.3,79.3,1.5569,True,False,False
5600,2004-10-30 00:00:00,2.4,1123.0,973.0,690.0,1520.0,999.0,17.3,79.9,1.5643,True,False,False
5601,2004-10-30 01:00:00,1.8,1023.0,851.0,782.0,1413.0,881.0,16.9,80.6,1.5372,True,False,False
5602,2004-10-30 02:00:00,1.5,1015.0,833.0,786.0,1400.0,868.0,16.9,81.4,1.551,True,False,False
5603,2004-10-30 03:00:00,1.4,979.0,805.0,809.0,1383.0,843.0,16.8,81.5,1.5418,True,False,False
5604,2004-10-30 04:00:00,,931.0,784.0,826.0,1372.0,833.0,16.9,79.8,1.5238,False,True,False
5605,2004-10-30 05:00:00,1.0,922.0,783.0,857.0,1367.0,825.0,16.7,79.7,1.503,True,False,False
5606,2004-10-30 06:00:00,1.4,989.0,891.0,762.0,1453.0,901.0,16.8,79.0,1.4978,True,False,False
5607,2004-10-30 07:00:00,2.4,1149.0,1103.0,622.0,1662.0,1090.0,16.8,79.8,1.5115,True,False,False
5608,2004-10-30 08:00:00,3.1,1202.0,1160.0,585.0,1723.0,1165.0,16.9,79.9,1.5253,True,False,False
5609,2004-10-30 09:00:00,3.0,1206.0,1131.0,592.0,1675.0,1201.0,17.4,79.3,1.5593,True,False,False
5610,2004-10-30 10:00:00,2.7,1224.0,1126.0,596.0,1656.0,1231.0,18.0,76.6,1.5706,True,False,False
5611,2004-10-30 11:00:00,4.0,1371.0,1305.0,521.0,1845.0,1461.0,21.2,64.4,1.6015,True,False,False
5612,2004-10-30 12:00:00,3.7,1327.0,1259.0,539.0,1826.0,1434.0,22.4,60.8,1.6261,True,False,False
5613,2004-10-30 13:00:00,3.4,1301.0,1218.0,553.0,1806.0,1399.0,22.6,61.1,1.6596,True,False,False
5614,2004-10-30 14:00:00,3.4,1301.0,1208.0,560.0,1781.0,1417.0,23.6,57.3,1.645,True,False,False
5615,2004-10-30 15:00:00,3.2,1314.0,1191.0,564.0,1777.0,1395.0,23.5,58.3,1.664,True,False,False
5616,2004-10-30 16:00:00,3.9,1394.0,1272.0,526.0,1869.0,1442.0,22.9,61.6,1.7014,True,False,False
5617,2004-10-30 17:00:00,3.7,1385.0,1260.0,528.0,1850.0,1425.0,22.3,64.3,1.7055,True,False,False
5618,2004-10-30 18:00:00,4.3,1440.0,1362.0,486.0,1968.0,1496.0,21.6,68.0,1.7305,True,False,False
5619,2004-10-30 19:00:00,4.9,1493.0,1437.0,470.0,2015.0,1551.0,21.2,67.4,1.6755,True,False,False
5620,2004-10-30 20:00:00,4.0,1319.0,1230.0,551.0,1785.0,1381.0,20.8,65.8,1.6001,True,False,False
5621,2004-10-30 21:00:00,2.8,1187.0,1110.0,612.0,1658.0,1229.0,20.4,64.8,1.5379,True,False,False
5622,2004-10-30 22:00:00,2.4,1119.0,984.0,688.0,1539.0,1082.0,20.1,66.7,1.5548,True,False,False
5623,2004-10-30 23:00:00,1.9,1100.0,924.0,744.0,1494.0,963.0,19.5,70.0,1.5711,True,False,False
5624,2004-10-31 00:00:00,2.0,1076.0,895.0,757.0,1492.0,939.0,19.3,70.4,1.5578,True,False,False
5625,2004-10-31 01:00:00,1.5,972.0,799.0,833.0,1425.0,825.0,19.7,68.6,1.5563,True,False,False
5626,2004-10-31 02:00:00,1.3,973.0,828.0,818.0,1445.0,811.0,19.7,68.2,1.5484,True,False,False
5627,2004-10-31 03:00:00,1.0,918.0,742.0,905.0,1386.0,720.0,19.9,68.4,1.5673,True,False,False
5628,2004-10-31 04:00:00,,844.0,630.0,1035.0,1320.0,627.0,18.4,74.2,1.5581,False,True,False
5629,2004-10-31 05:00:00,0.5,817.0,588.0,1134.0,1310.0,589.0,18.9,71.3,1.5449,True,False,False
5630,2004-10-31 06:00:00,0.4,791.0,519.0,1291.0,1295.0,540.0,18.1,79.0,1.6224,True,False,False
5631,2004-10-31 07:00:00,0.4,819.0,537.0,1264.0,1315.0,551.0,20.4,71.2,1.6834,True,False,False
5632,2004-10-31 08:00:00,0.9,972.0,743.0,944.0,1477.0,742.0,20.6,70.7,1.6996,True,False,False
5633,2004-10-31 09:00:00,1.3,997.0,797.0,812.0,1470.0,824.0,19.3,74.1,1.6391,True,False,False
5634,2004-10-31 10:00:00,2.1,1194.0,1000.0,653.0,1642.0,1059.0,22.2,64.4,1.7005,True,False,False
5635,2004-10-31 11:00:00,2.4,1240.0,1014.0,628.0,1643.0,1144.0,23.0,64.6,1.7851,True,False,False
5636,2004-10-31 12:00:00,2.0,1117.0,922.0,717.0,1585.0,994.0,24.3,57.4,1.7233,True,False,False
5637,2004-10-31 13:00:00,1.8,1141.0,932.0,689.0,1595.0,1014.0,22.0,67.0,1.7441,True,False,False
5638,2004-10-31 14:00:00,1.5,1062.0,880.0,719.0,1580.0,924.0,22.9,65.7,1.8148,True,False,False
5639,2004-10-31 15:00:00,1.6,1160.0,1036.0,622.0,1727.0,1023.0,23.2,63.9,1.7957,True,False,False
5640,2004-10-31 16:00:00,2.2,1169.0,983.0,672.0,1633.0,1033.0,23.0,62.3,1.7248,True,False,False
5641,2004-10-31 17:00:00,2.3,1185.0,1006.0,666.0,1638.0,1065.0,22.4,63.2,1.6878,True,False,False
5642,2004-10-31 18:00:00,6.6,1571.0,1559.0,440.0,2277.0,1516.0,21.7,66.6,1.7077,True,False,False
5643,2004-10-31 19:00:00,4.7,1464.0,1362.0,487.0,1987.0,1648.0,21.2,70.3,1.7476,True,False,False
5644,2004-10-31 20:00:00,4.1,1423.0,1314.0,508.0,1912.0,1466.0,20.8,70.9,1.7203,True,False,False
5645,2004-10-31 21:00:00,4.1,1318.0,1226.0,543.0,1848.0,1365.0,20.0,73.2,1.6965,True,False,False
5646,2004-10-31 22:00:00,2.7,1229.0,1114.0,598.0,1723.0,1247.0,19.7,73.7,1.6708,True,False,False
5647,2004-10-31 23:00:00,2.6,1187.0,1105.0,611.0,1700.0,1183.0,19.9,72.6,1.6681,True,False,False
5648,2004-11-01 00:00:00,3.2,1353.0,1176.0,584.0,1723.0,2150.0,20.1,71.3,1.6564,True,False,False
5649,2004-11-01 01:00:00,3.7,1407.0,1235.0,548.0,1780.0,2519.0,20.1,71.1,1.6498,True,False,False
5650,2004-11-01 02:00:00,3.5,1333.0,1201.0,552.0,1767.0,1925.0,19.6,73.2,1.6543,True,False,False
5651,2004-11-01 03:00:00,3.0,1269.0,1181.0,559.0,1756.0,1762.0,19.1,75.8,1.6568,True,False,False
5652,2004-11-01 04:00:00,,1253.0,1206.0,540.0,1779.0,1579.0,18.4,77.9,1.6389,False,True,False
5653,2004-11-01 05:00:00,2.7,1212.0,1149.0,562.0,1710.0,1599.0,18.4,78.1,1.637,True,False,False
5654,2004-11-01 06:00:00,1.8,1061.0,962.0,679.0,1554.0,1395.0,19.2,74.7,1.6398,True,False,False
5655,2004-11-01 07:00:00,1.3,1028.0,890.0,733.0,1525.0,1323.0,19.4,75.1,1.6766,True,False,False
5656,2004-11-01 08:00:00,1.5,1067.0,928.0,711.0,1564.0,1309.0,19.1,75.6,1.6519,True,False,False
5657,2004-11-01 09:00:00,1.9,1111.0,970.0,667.0,1594.0,1441.0,20.3,71.1,1.6803,True,False,False
5658,2004-11-01 10:00:00,2.2,1189.0,1065.0,609.0,1683.0,1830.0,23.1,61.3,1.7131,True,False,False
5659,2004-11-01 11:00:00,2.6,1293.0,1114.0,584.0,1702.0,1704.0,25.1,56.0,1.7565,True,False,False
5660,2004-11-01 12:00:00,2.7,1285.0,1065.0,597.0,1686.0,1576.0,25.8,56.1,1.841,True,False,False
5661,2004-11-01 13:00:00,2.5,1236.0,1011.0,631.0,1706.0,1305.0,23.7,68.2,1.9739,True,False,False
5662,2004-11-01 14:00:00,1.5,1082.0,834.0,747.0,1562.0,991.0,23.1,70.8,1.98,True,False,False
5663,2004-11-01 15:00:00,2.0,1188.0,954.0,664.0,1636.0,1148.0,23.9,66.3,1.9361,True,False,False
5664,2004-11-01 16:00:00,3.1,1348.0,1157.0,564.0,1810.0,1307.0,23.8,65.0,1.8897,True,False,False
5665,2004-11-01 17:00:00,3.7,1394.0,1193.0,547.0,1811.0,1386.0,23.2,65.6,1.8435,True,False,False
5666,2004-11-01 18:00:00,4.0,1472.0,1290.0,510.0,1942.0,1420.0,21.8,72.7,1.8789,True,False,False
5667,2004-11-01 19:00:00,4.1,1291.0,1174.0,567.0,1746.0,1341.0,21.7,67.3,1.7256,True,False,False
5668,2004-11-01 20:00:00,3.1,1264.0,1133.0,593.0,1750.0,1258.0,21.3,66.3,1.6594,True,False,False
5669,2004-11-01 21:00:00,3.2,1264.0,1138.0,579.0,1733.0,1245.0,20.4,71.6,1.7004,True,False,False
5670,2004-11-01 22:00:00,3.2,1260.0,1160.0,568.0,1755.0,1231.0,19.6,75.3,1.6981,True,False,False
5671,2004-11-01 23:00:00,2.7,1184.0,1084.0,612.0,1674.0,1151.0,19.3,75.8,1.6762,True,False,False
5672,2004-11-02 00:00:00,2.3,1122.0,996.0,660.0,1586.0,1048.0,18.4,76.3,1.6017,True,False,False
5673,2004-11-02 01:00:00,1.6,983.0,881.0,752.0,1472.0,928.0,18.2,76.4,1.5787,True,False,False
5674,2004-11-02 02:00:00,1.1,885.0,753.0,878.0,1374.0,813.0,17.9,74.8,1.5219,True,False,False
5675,2004-11-02 03:00:00,0.7,825.0,661.0,987.0,1334.0,753.0,17.5,74.5,1.4781,True,False,False
5676,2004-11-02 04:00:00,,791.0,627.0,1069.0,1306.0,709.0,17.2,74.0,1.4388,False,True,False
5677,2004-11-02 05:00:00,0.6,802.0,636.0,1016.0,1289.0,721.0,17.6,73.2,1.4555,True,False,False
5678,2004-11-02 06:00:00,0.5,804.0,652.0,1054.0,1294.0,710.0,17.9,69.3,1.4099,True,False,False
5679,2004-11-02 07:00:00,1.5,1014.0,927.0,747.0,1497.0,951.0,16.1,76.3,1.3902,True,False,False
5680,2004-11-02 08:00:00,3.4,1316.0,1317.0,538.0,1860.0,1336.0,17.1,72.8,1.4054,True,False,False
5681,2004-11-02 09:00:00,4.4,1296.0,1435.0,504.0,1899.0,1489.0,20.8,57.9,1.407,True,False,False
5682,2004-11-02 10:00:00,4.4,1381.0,1394.0,495.0,1911.0,1558.0,20.6,60.2,1.4428,True,False,False
5683,2004-11-02 11:00:00,5.8,1570.0,1617.0,426.0,2170.0,1944.0,22.1,56.6,1.4851,True,False,False
5684,2004-11-02 12:00:00,4.9,1426.0,1445.0,477.0,1970.0,1782.0,24.0,50.0,1.4679,True,False,False
5685,2004-11-02 13:00:00,5.1,1535.0,1578.0,440.0,2125.0,1921.0,25.7,45.6,1.487,True,False,False
5686,2004-11-02 14:00:00,7.5,1678.0,1727.0,390.0,2318.0,2039.0,25.5,49.7,1.5985,True,False,False
5687,2004-11-02 15:00:00,5.8,1605.0,1603.0,415.0,2199.0,1912.0,25.2,50.6,1.5989,True,False,False
5688,2004-11-02 16:00:00,5.9,1559.0,1586.0,421.0,2197.0,1827.0,25.4,50.7,1.6187,True,False,False
5689,2004-11-02 17:00:00,6.8,1713.0,1728.0,390.0,2386.0,1919.0,24.4,56.0,1.6885,True,False,False
5690,2004-11-02 18:00:00,7.9,1751.0,1853.0,358.0,2496.0,2013.0,23.0,62.1,1.7283,True,False,False
5691,2004-11-02 19:00:00,8.0,1723.0,1869.0,359.0,2563.0,1919.0,21.8,65.3,1.6889,True,False,False
5692,2004-11-02 20:00:00,9.2,1778.0,1935.0,349.0,2643.0,1927.0,20.9,67.5,1.6539,True,False,False
5693,2004-11-02 21:00:00,5.9,1461.0,1529.0,450.0,2111.0,1573.0,20.2,68.6,1.6034,True,False,False
5694,2004-11-02 22:00:00,3.7,1258.0,1272.0,541.0,1804.0,1325.0,19.3,70.8,1.5728,True,False,False
5695,2004-11-02 23:00:00,2.6,1138.0,1113.0,610.0,1641.0,1203.0,19.2,68.8,1.5097,True,False,False
5696,2004-11-03 00:00:00,1.1,936.0,849.0,798.0,1381.0,947.0,20.4,61.1,1.4495,True,False,False
5697,2004-11-03 01:00:00,2.6,1167.0,1090.0,626.0,1620.0,1106.0,18.0,71.5,1.4615,True,False,False
5698,2004-11-03 02:00:00,2.2,1071.0,1003.0,665.0,1542.0,1045.0,17.5,73.2,1.4515,True,False,False
5699,2004-11-03 03:00:00,0.9,866.0,717.0,909.0,1328.0,827.0,17.2,71.7,1.394,True,False,False
5700,2004-11-03 04:00:00,,836.0,647.0,985.0,1271.0,777.0,16.4,74.4,1.3779,False,True,False
5701,2004-11-03 05:00:00,0.5,823.0,630.0,1033.0,1253.0,748.0,16.8,71.9,1.3628,True,False,False
5702,2004-11-03 06:00:00,0.7,890.0,727.0,917.0,1290.0,833.0,16.9,70.5,1.3504,True,False,False
5703,2004-11-03 07:00:00,1.3,1019.0,901.0,750.0,1438.0,960.0,17.0,70.1,1.3512,True,False,False
5704,2004-11-03 08:00:00,2.2,1177.0,1166.0,621.0,1667.0,1157.0,18.8,62.5,1.3401,True,False,False
5705,2004-11-03 09:00:00,3.7,1348.0,1398.0,505.0,1847.0,1444.0,20.3,58.4,1.3745,True,False,False
5706,2004-11-03 10:00:00,3.7,1341.0,1323.0,516.0,1786.0,1522.0,23.7,49.1,1.423,True,False,False
5707,2004-11-03 11:00:00,3.4,1307.0,1278.0,527.0,1767.0,1452.0,26.6,42.8,1.4713,True,False,False
5708,2004-11-03 12:00:00,3.4,1305.0,1287.0,525.0,1771.0,1437.0,26.2,43.5,1.4591,True,False,False
5709,2004-11-03 13:00:00,2.6,1177.0,1090.0,612.0,1632.0,1209.0,26.3,43.6,1.4663,True,False,False
5710,2004-11-03 14:00:00,2.5,1192.0,1085.0,617.0,1638.0,1170.0,26.6,42.5,1.4568,True,False,False
5711,2004-11-03 15:00:00,2.5,1214.0,1080.0,611.0,1642.0,1190.0,26.3,43.7,1.4718,True,False,False
5712,2004-11-03 16:00:00,2.7,1240.0,1152.0,575.0,1699.0,1278.0,25.6,46.2,1.4903,True,False,False
5713,2004-11-03 17:00:00,3.2,1271.0,1188.0,563.0,1703.0,1305.0,25.1,47.6,1.4983,True,False,False
5714,2004-11-03 18:00:00,3.7,1333.0,1312.0,520.0,1853.0,1364.0,23.8,51.4,1.4956,True,False,False
5715,2004-11-03 19:00:00,4.6,1390.0,1414.0,487.0,1959.0,1428.0,23.3,53.1,1.496,True,False,False
5716,2004-11-03 20:00:00,3.3,1266.0,1261.0,541.0,1807.0,1285.0,22.4,55.2,1.4735,True,False,False
5717,2004-11-03 21:00:00,2.4,1140.0,1072.0,626.0,1597.0,1143.0,21.7,57.7,1.4766,True,False,False
5718,2004-11-03 22:00:00,2.8,1240.0,1168.0,582.0,1714.0,1235.0,20.5,63.0,1.5043,True,False,False
5719,2004-11-03 23:00:00,2.7,1187.0,1122.0,589.0,1641.0,1208.0,19.5,67.6,1.5156,True,False,False
5720,2004-11-04 00:00:00,1.8,1043.0,975.0,675.0,1489.0,1041.0,18.7,69.0,1.4727,True,False,False
5721,2004-11-04 01:00:00,1.1,948.0,826.0,802.0,1382.0,897.0,19.3,65.5,1.45,True,False,False
5722,2004-11-04 02:00:00,1.2,955.0,775.0,831.0,1362.0,862.0,17.6,70.8,1.4105,True,False,False
5723,2004-11-04 03:00:00,0.8,915.0,721.0,891.0,1315.0,816.0,16.8,72.9,1.3851,True,False,False
5724,2004-11-04 04:00:00,0.6,832.0,644.0,990.0,1239.0,747.0,17.8,68.1,1.3722,True,False,False
5725,2004-11-04 05:00:00,0.5,846.0,628.0,1025.0,1218.0,727.0,16.1,73.5,1.3329,True,False,False
5726,2004-11-04 06:00:00,0.7,897.0,750.0,874.0,1270.0,799.0,15.8,73.5,1.3151,True,False,False
5727,2004-11-04 07:00:00,0.8,908.0,767.0,868.0,1272.0,807.0,17.0,68.0,1.3102,True,False,False
5728,2004-11-04 08:00:00,3.5,1348.0,1357.0,526.0,1833.0,1324.0,16.0,72.2,1.3077,True,False,False
5729,2004-11-04 09:00:00,3.6,1384.0,1386.0,504.0,1833.0,1404.0,17.8,65.4,1.3213,True,False,False
5730,2004-11-04 10:00:00,,1473.0,1463.0,462.0,1948.0,1605.0,20.6,56.0,1.3467,False,True,False
5731,2004-11-04 11:00:00,,1360.0,1287.0,517.0,1755.0,1478.0,23.6,48.0,1.3757,False,True,False
5732,2004-11-04 12:00:00,,1305.0,1223.0,545.0,1720.0,1414.0,23.7,49.8,1.4433,False,True,False
5733,2004-11-04 13:00:00,,1337.0,1302.0,507.0,1786.0,1465.0,24.7,47.4,1.4527,False,True,False
5734,2004-11-04 14:00:00,,1414.0,1414.0,478.0,1896.0,1588.0,25.9,42.8,1.4122,False,True,False
5735,2004-11-04 15:00:00,,1463.0,1417.0,467.0,1900.0,1651.0,26.8,43.3,1.4977,False,True,False
5736,2004-11-04 16:00:00,,1530.0,1425.0,457.0,1975.0,1652.0,26.6,45.5,1.5555,False,True,False
5737,2004-11-04 17:00:00,,1915.0,1889.0,340.0,2603.0,2110.0,24.8,53.9,1.6683,False,True,False
5738,2004-11-04 18:00:00,8.7,1882.0,1920.0,328.0,2609.0,2204.0,23.1,61.1,1.7082,True,False,False
5739,2004-11-04 19:00:00,5.8,1589.0,1619.0,406.0,2216.0,1780.0,22.2,63.7,1.6865,True,False,False
5740,2004-11-04 20:00:00,4.3,1463.0,1484.0,443.0,2011.0,1590.0,21.1,66.1,1.6313,True,False,False
5741,2004-11-04 21:00:00,3.6,1380.0,1345.0,493.0,1856.0,1419.0,20.0,69.0,1.5956,True,False,False
5742,2004-11-04 22:00:00,3.9,1383.0,1332.0,495.0,1855.0,1415.0,19.1,72.0,1.5732,True,False,False
5743,2004-11-04 23:00:00,2.4,1181.0,1094.0,600.0,1599.0,1180.0,18.8,70.6,1.5209,True,False,False
5744,2004-11-05 00:00:00,1.6,1061.0,931.0,699.0,1481.0,1015.0,18.5,69.5,1.4657,True,False,False
5745,2004-11-05 01:00:00,1.8,1091.0,945.0,698.0,1467.0,1014.0,18.4,68.5,1.439,True,False,False
5746,2004-11-05 02:00:00,1.5,1010.0,884.0,719.0,1430.0,938.0,16.8,73.3,1.3915,True,False,False
5747,2004-11-05 03:00:00,0.7,868.0,688.0,922.0,1249.0,777.0,17.9,66.8,1.3596,True,False,False
5748,2004-11-05 04:00:00,0.5,852.0,639.0,1009.0,1204.0,723.0,16.5,71.0,1.3239,True,False,False
5749,2004-11-05 05:00:00,0.4,826.0,601.0,1056.0,1180.0,702.0,16.9,67.9,1.295,True,False,False
5750,2004-11-05 06:00:00,0.5,862.0,677.0,973.0,1192.0,725.0,16.1,69.3,1.2591,True,False,False
5751,2004-11-05 07:00:00,0.8,951.0,800.0,803.0,1257.0,836.0,16.1,69.6,1.2593,True,False,False
5752,2004-11-05 08:00:00,2.0,1210.0,1188.0,583.0,1575.0,1129.0,16.2,70.1,1.2837,True,False,False
5753,2004-11-05 09:00:00,6.2,1601.0,1727.0,389.0,2252.0,1718.0,16.5,69.3,1.2897,True,False,False
5754,2004-11-05 10:00:00,4.5,1477.0,1443.0,469.0,1878.0,1646.0,19.6,58.3,1.3141,True,False,False
5755,2004-11-05 11:00:00,4.6,1458.0,1408.0,471.0,1889.0,1664.0,20.7,55.5,1.3414,True,False,False
5756,2004-11-05 12:00:00,3.3,1354.0,1321.0,504.0,1799.0,1496.0,20.8,56.3,1.3664,True,False,False
5757,2004-11-05 13:00:00,3.6,1385.0,1354.0,490.0,1823.0,1506.0,21.7,53.1,1.3649,True,False,False
5758,2004-11-05 14:00:00,4.4,1460.0,1430.0,466.0,1932.0,1604.0,23.0,49.0,1.362,True,False,False
5759,2004-11-05 15:00:00,4.3,1492.0,1463.0,460.0,1935.0,1632.0,24.2,44.0,1.3078,True,False,False
5760,2004-11-05 16:00:00,5.0,1569.0,1547.0,435.0,2016.0,1736.0,24.7,43.6,1.3396,True,False,False
5761,2004-11-05 17:00:00,8.1,1870.0,1871.0,351.0,2483.0,2165.0,23.0,54.2,1.5066,True,False,False
5762,2004-11-05 18:00:00,8.0,1774.0,1829.0,359.0,2457.0,2152.0,21.4,60.9,1.5322,True,False,False
5763,2004-11-05 19:00:00,3.6,1388.0,1363.0,485.0,1815.0,1556.0,20.3,61.4,1.4417,True,False,False
5764,2004-11-05 20:00:00,2.9,1303.0,1177.0,562.0,1619.0,1389.0,20.0,63.2,1.4581,True,False,False
5765,2004-11-05 21:00:00,2.7,1257.0,1126.0,581.0,1599.0,1300.0,19.1,64.4,1.405,True,False,False
5766,2004-11-05 22:00:00,1.9,1132.0,1002.0,640.0,1474.0,1126.0,18.1,67.5,1.3855,True,False,False
5767,2004-11-05 23:00:00,1.3,1050.0,881.0,732.0,1363.0,982.0,17.8,66.9,1.3464,True,False,False
5768,2004-11-06 00:00:00,1.2,1033.0,842.0,756.0,1362.0,941.0,17.6,66.5,1.3249,True,False,False
5769,2004-11-06 01:00:00,1.8,1106.0,938.0,685.0,1395.0,1010.0,16.1,71.2,1.2948,True,False,False
5770,2004-11-06 02:00:00,1.9,1107.0,940.0,689.0,1403.0,985.0,15.5,73.3,1.2845,True,False,False
5771,2004-11-06 03:00:00,1.5,1011.0,856.0,769.0,1341.0,889.0,15.4,72.8,1.2633,True,False,False
5772,2004-11-06 04:00:00,0.9,916.0,726.0,879.0,1248.0,791.0,15.6,70.8,1.2461,True,False,False
5773,2004-11-06 05:00:00,0.5,852.0,641.0,1012.0,1172.0,710.0,17.0,64.5,1.2374,True,False,False
5774,2004-11-06 06:00:00,0.6,889.0,694.0,913.0,1198.0,743.0,14.9,72.3,1.2186,True,False,False
5775,2004-11-06 07:00:00,1.1,1002.0,828.0,798.0,1307.0,857.0,14.0,76.6,1.2183,True,False,False
5776,2004-11-06 08:00:00,2.8,1231.0,1134.0,587.0,1572.0,1143.0,14.6,74.2,1.2256,True,False,False
5777,2004-11-06 09:00:00,2.9,1212.0,1191.0,551.0,1586.0,1210.0,15.9,69.8,1.253,True,False,False
5778,2004-11-06 10:00:00,1.7,1121.0,1012.0,650.0,1436.0,1060.0,18.4,61.3,1.2854,True,False,False
5779,2004-11-06 11:00:00,2.3,1260.0,1121.0,568.0,1569.0,1252.0,20.0,56.7,1.3078,True,False,False
5780,2004-11-06 12:00:00,3.3,1391.0,1214.0,518.0,1691.0,1435.0,20.4,57.0,1.3507,True,False,False
5781,2004-11-06 13:00:00,3.5,1463.0,1280.0,482.0,1794.0,1544.0,20.7,59.3,1.4283,True,False,False
5782,2004-11-06 14:00:00,3.8,1464.0,1321.0,475.0,1794.0,1600.0,21.7,54.8,1.4024,True,False,False
5783,2004-11-06 15:00:00,3.4,1412.0,1230.0,516.0,1672.0,1534.0,22.0,54.2,1.4096,True,False,False
5784,2004-11-06 16:00:00,3.8,1450.0,1292.0,495.0,1768.0,1495.0,21.4,57.1,1.4356,True,False,False
5785,2004-11-06 17:00:00,3.6,1416.0,1283.0,510.0,1739.0,1442.0,20.8,58.7,1.4259,True,False,False
5786,2004-11-06 18:00:00,3.5,1346.0,1211.0,540.0,1674.0,1340.0,20.1,59.6,1.3852,True,False,False
5787,2004-11-06 19:00:00,2.8,1273.0,1137.0,586.0,1563.0,1231.0,20.0,58.4,1.3473,True,False,False
5788,2004-11-06 20:00:00,2.5,1206.0,1049.0,634.0,1484.0,1128.0,19.5,58.9,1.3195,True,False,False
5789,2004-11-06 21:00:00,3.1,1252.0,1094.0,615.0,1526.0,1188.0,19.5,57.4,1.2874,True,False,False
5790,2004-11-06 22:00:00,1.8,1069.0,897.0,729.0,1364.0,998.0,19.1,59.2,1.295,True,False,False
5791,2004-11-06 23:00:00,1.6,1061.0,895.0,737.0,1359.0,944.0,18.8,59.1,1.2702,True,False,False
5792,2004-11-07 00:00:00,1.9,1072.0,880.0,767.0,1318.0,928.0,18.0,60.4,1.2331,True,False,False
5793,2004-11-07 01:00:00,2.0,1075.0,917.0,737.0,1354.0,1037.0,17.5,60.7,1.2009,True,False,False
5794,2004-11-07 02:00:00,1.4,992.0,853.0,796.0,1305.0,930.0,17.5,59.4,1.1768,True,False,False
5795,2004-11-07 03:00:00,1.2,914.0,741.0,891.0,1210.0,803.0,17.1,59.2,1.1477,True,False,False
5796,2004-11-07 04:00:00,,854.0,700.0,980.0,1151.0,665.0,17.0,52.3,1.0009,False,True,False
5797,2004-11-07 05:00:00,0.7,774.0,591.0,1151.0,1044.0,533.0,16.1,49.8,0.9021,True,False,False
5798,2004-11-07 06:00:00,0.4,757.0,542.0,1339.0,1004.0,449.0,15.5,51.5,0.9026,True,False,False
5799,2004-11-07 07:00:00,0.4,752.0,516.0,1370.0,997.0,440.0,15.1,52.0,0.8878,True,False,False
5800,2004-11-07 08:00:00,0.5,757.0,551.0,1295.0,967.0,453.0,14.9,46.8,0.7885,True,False,False
5801,2004-11-07 09:00:00,0.7,777.0,580.0,1263.0,963.0,465.0,15.5,42.4,0.74,True,False,False
5802,2004-11-07 10:00:00,0.7,774.0,583.0,1246.0,966.0,457.0,16.6,38.2,0.7186,True,False,False
5803,2004-11-07 11:00:00,0.7,805.0,632.0,1176.0,1033.0,475.0,18.0,34.7,0.7089,True,False,False
5804,2004-11-07 12:00:00,1.0,838.0,686.0,1083.0,1046.0,532.0,18.0,35.1,0.7176,True,False,False
5805,2004-11-07 13:00:00,1.0,824.0,695.0,1091.0,1035.0,526.0,17.6,33.8,0.6726,True,False,False
5806,2004-11-07 14:00:00,0.9,812.0,704.0,1055.0,1044.0,520.0,17.5,33.7,0.6691,True,False,False
5807,2004-11-07 15:00:00,0.9,806.0,702.0,1052.0,1035.0,500.0,17.2,33.9,0.6591,True,False,False
5808,2004-11-07 16:00:00,0.9,789.0,675.0,1121.0,974.0,482.0,16.8,32.1,0.6073,True,False,False
5809,2004-11-07 17:00:00,1.1,821.0,713.0,1067.0,1030.0,539.0,16.0,34.1,0.6155,True,False,False
5810,2004-11-07 18:00:00,3.2,1024.0,1127.0,704.0,1346.0,943.0,14.8,37.5,0.6259,True,False,False
5811,2004-11-07 19:00:00,3.1,1009.0,995.0,784.0,1201.0,1016.0,14.4,39.2,0.6407,True,False,False
5812,2004-11-07 20:00:00,3.1,1064.0,1055.0,738.0,1242.0,1063.0,14.1,43.0,0.6883,True,False,False
5813,2004-11-07 21:00:00,2.3,1001.0,1029.0,733.0,1255.0,1034.0,13.4,48.4,0.7397,True,False,False
5814,2004-11-07 22:00:00,1.8,927.0,868.0,847.0,1155.0,864.0,12.7,51.2,0.7505,True,False,False
5815,2004-11-07 23:00:00,0.8,819.0,613.0,1118.0,1060.0,500.0,9.9,71.4,0.8736,True,False,False
5816,2004-11-08 00:00:00,0.9,847.0,630.0,1057.0,1091.0,537.0,10.2,71.6,0.8893,True,False,False
5817,2004-11-08 01:00:00,0.8,798.0,621.0,1115.0,1041.0,524.0,10.6,61.3,0.7856,True,False,False
5818,2004-11-08 02:00:00,0.7,757.0,561.0,1192.0,998.0,457.0,11.1,55.6,0.7344,True,False,False
5819,2004-11-08 03:00:00,0.4,703.0,446.0,1523.0,918.0,360.0,11.5,50.4,0.6815,True,False,False
5820,2004-11-08 04:00:00,0.2,689.0,407.0,1757.0,895.0,333.0,11.3,49.5,0.6615,True,False,False
5821,2004-11-08 05:00:00,0.2,698.0,424.0,1665.0,903.0,339.0,10.8,50.9,0.657,True,False,False
5822,2004-11-08 06:00:00,0.3,720.0,458.0,1536.0,917.0,358.0,10.9,50.1,0.6519,True,False,False
5823,2004-11-08 07:00:00,0.7,797.0,593.0,1212.0,984.0,494.0,10.8,49.7,0.6429,True,False,False
5824,2004-11-08 08:00:00,1.7,950.0,875.0,850.0,1179.0,828.0,10.7,50.4,0.6467,True,False,False
5825,2004-11-08 09:00:00,1.8,887.0,809.0,899.0,1111.0,769.0,10.9,50.0,0.6531,True,False,False
5826,2004-11-08 10:00:00,1.5,850.0,755.0,966.0,1051.0,714.0,12.1,46.5,0.653,True,False,False
5827,2004-11-08 11:00:00,1.3,836.0,740.0,987.0,1046.0,672.0,12.4,44.1,0.6324,True,False,False
5828,2004-11-08 12:00:00,1.2,827.0,768.0,972.0,1040.0,671.0,13.0,40.1,0.5989,True,False,False
5829,2004-11-08 13:00:00,1.3,819.0,810.0,947.0,1027.0,631.0,13.4,36.3,0.5556,True,False,False
5830,2004-11-08 14:00:00,1.8,919.0,978.0,820.0,1180.0,805.0,13.1,38.5,0.5776,True,False,False
5831,2004-11-08 15:00:00,1.7,897.0,890.0,850.0,1139.0,808.0,11.5,46.4,0.6302,True,False,False
5832,2004-11-08 16:00:00,2.2,973.0,1023.0,780.0,1226.0,964.0,13.1,40.4,0.606,True,False,False
5833,2004-11-08 17:00:00,3.2,1065.0,1211.0,669.0,1364.0,1188.0,13.0,39.3,0.5877,True,False,False
5834,2004-11-08 18:00:00,5.9,1341.0,1575.0,503.0,1778.0,1571.0,11.3,50.9,0.679,True,False,False
5835,2004-11-08 19:00:00,6.6,1303.0,1524.0,515.0,1744.0,1580.0,10.6,53.4,0.6818,True,False,False
5836,2004-11-08 20:00:00,,1189.0,1381.0,566.0,1574.0,1426.0,9.5,57.9,0.6877,False,True,False
5837,2004-11-08 21:00:00,,1054.0,1106.0,679.0,1297.0,1239.0,8.6,60.5,0.6788,False,True,False
5838,2004-11-08 22:00:00,,943.0,900.0,816.0,1129.0,1064.0,8.5,59.7,0.6649,False,True,False
5839,2004-11-08 23:00:00,,903.0,872.0,855.0,1108.0,987.0,7.9,61.4,0.6582,False,True,False
5840,2004-11-09 00:00:00,,858.0,760.0,940.0,1049.0,873.0,7.1,63.6,0.6442,False,True,False
5841,2004-11-09 01:00:00,,821.0,696.0,1032.0,1013.0,783.0,7.2,62.2,0.6362,False,True,False
5842,2004-11-09 02:00:00,,781.0,645.0,1088.0,986.0,719.0,5.6,67.9,0.6247,False,True,False
5843,2004-11-09 03:00:00,,741.0,580.0,1224.0,952.0,660.0,5.1,68.7,0.6077,False,True,False
5844,2004-11-09 04:00:00,,720.0,540.0,1296.0,938.0,613.0,4.4,71.4,0.6024,False,True,False
5845,2004-11-09 05:00:00,,733.0,574.0,1238.0,964.0,627.0,4.1,73.1,0.6074,False,True,False
5846,2004-11-09 06:00:00,,780.0,666.0,1099.0,1003.0,697.0,3.2,76.8,0.5963,False,True,False
5847,2004-11-09 07:00:00,,915.0,873.0,873.0,1135.0,915.0,3.7,76.2,0.6137,False,True,False
5848,2004-11-09 08:00:00,,1228.0,1362.0,575.0,1543.0,1399.0,4.9,70.7,0.6193,False,True,False
5849,2004-11-09 09:00:00,,1239.0,1373.0,550.0,1593.0,1495.0,7.1,62.0,0.6265,False,True,False
5850,2004-11-09 10:00:00,,1209.0,1255.0,588.0,1447.0,1499.0,8.1,59.1,0.6397,False,True,False
5851,2004-11-09 11:00:00,,1257.0,1308.0,548.0,1466.0,1720.0,11.1,48.8,0.643,False,True,False
5852,2004-11-09 12:00:00,,1007.0,1000.0,727.0,1197.0,1210.0,11.3,46.5,0.6194,False,True,False
5853,2004-11-09 13:00:00,,1020.0,1041.0,733.0,1245.0,1123.0,12.5,42.3,0.6104,False,True,False
5854,2004-11-09 14:00:00,,1094.0,1144.0,669.0,1327.0,1209.0,12.5,42.8,0.6177,False,True,False
5855,2004-11-09 15:00:00,2.1,1045.0,1087.0,712.0,1270.0,1144.0,12.6,42.4,0.6159,True,False,False
5856,2004-11-09 16:00:00,1.5,909.0,879.0,874.0,1083.0,847.0,13.8,40.7,0.6405,True,False,False
5857,2004-11-09 17:00:00,1.6,1013.0,905.0,816.0,1201.0,923.0,11.0,58.8,0.7705,True,False,False
5858,2004-11-09 18:00:00,3.5,1236.0,1206.0,615.0,1523.0,1166.0,8.3,76.5,0.8426,True,False,False
5859,2004-11-09 19:00:00,4.6,1275.0,1294.0,570.0,1605.0,1280.0,8.6,75.5,0.8469,True,False,False
5860,2004-11-09 20:00:00,4.7,1237.0,1194.0,615.0,1508.0,1193.0,8.8,76.6,0.8678,True,False,False
5861,2004-11-09 21:00:00,3.0,1101.0,963.0,748.0,1320.0,966.0,8.0,81.0,0.8714,True,False,False
5862,2004-11-09 22:00:00,1.5,962.0,778.0,911.0,1162.0,752.0,7.3,85.7,0.8818,True,False,False
5863,2004-11-09 23:00:00,0.9,841.0,680.0,1052.0,1067.0,594.0,6.5,85.6,0.8353,True,False,False
5864,2004-11-10 00:00:00,0.8,831.0,620.0,1164.0,1039.0,545.0,6.5,83.5,0.8116,True,False,False
5865,2004-11-10 01:00:00,0.7,843.0,622.0,1146.0,1060.0,555.0,6.9,82.3,0.8244,True,False,False
5866,2004-11-10 02:00:00,0.6,798.0,600.0,1151.0,1049.0,543.0,7.3,78.1,0.8041,True,False,False
5867,2004-11-10 03:00:00,0.3,730.0,477.0,1433.0,950.0,420.0,7.9,68.0,0.7265,True,False,False
5868,2004-11-10 04:00:00,0.2,715.0,445.0,1601.0,925.0,373.0,8.0,64.5,0.695,True,False,False
5869,2004-11-10 05:00:00,0.2,726.0,443.0,1663.0,942.0,363.0,8.1,68.6,0.7409,True,False,False
5870,2004-11-10 06:00:00,0.3,771.0,490.0,1419.0,990.0,411.0,6.3,84.8,0.8148,True,False,False
5871,2004-11-10 07:00:00,0.5,805.0,555.0,1255.0,1019.0,496.0,6.7,79.8,0.7872,True,False,False
5872,2004-11-10 08:00:00,1.4,958.0,803.0,910.0,1172.0,738.0,7.1,77.9,0.7914,True,False,False
5873,2004-11-10 09:00:00,2.0,1021.0,959.0,760.0,1297.0,910.0,7.9,73.5,0.7883,True,False,False
5874,2004-11-10 10:00:00,1.6,969.0,843.0,857.0,1213.0,821.0,6.9,86.0,0.8632,True,False,False
5875,2004-11-10 11:00:00,1.3,923.0,733.0,962.0,1124.0,740.0,6.8,87.1,0.8652,True,False,False
5876,2004-11-10 12:00:00,1.4,973.0,850.0,868.0,1213.0,852.0,8.0,81.6,0.8755,True,False,False
5877,2004-11-10 13:00:00,1.9,996.0,893.0,808.0,1237.0,895.0,9.5,70.0,0.8296,True,False,False
5878,2004-11-10 14:00:00,2.7,1055.0,1007.0,736.0,1301.0,1019.0,10.5,62.2,0.7923,True,False,False
5879,2004-11-10 15:00:00,2.1,1023.0,971.0,752.0,1283.0,993.0,11.4,59.1,0.7963,True,False,False
5880,2004-11-10 16:00:00,2.4,1039.0,1024.0,721.0,1325.0,1043.0,11.1,58.6,0.7737,True,False,False
5881,2004-11-10 17:00:00,2.7,1051.0,1061.0,696.0,1333.0,1111.0,10.8,57.6,0.7473,True,False,False
5882,2004-11-10 18:00:00,2.5,1050.0,1070.0,699.0,1334.0,1087.0,10.6,56.9,0.7281,True,False,False
5883,2004-11-10 19:00:00,3.7,1156.0,1209.0,614.0,1467.0,1250.0,10.6,59.3,0.7588,True,False,False
5884,2004-11-10 20:00:00,4.6,1277.0,1335.0,551.0,1636.0,1331.0,10.0,71.5,0.8768,True,False,False
5885,2004-11-10 21:00:00,3.9,1172.0,1159.0,621.0,1461.0,1243.0,10.3,71.1,0.8878,True,False,False
5886,2004-11-10 22:00:00,2.2,1048.0,973.0,731.0,1298.0,1074.0,10.5,70.3,0.893,True,False,False
5887,2004-11-10 23:00:00,2.7,1144.0,1096.0,643.0,1394.0,1258.0,10.2,71.3,0.8859,True,False,False
5888,2004-11-11 00:00:00,2.6,1104.0,1023.0,677.0,1314.0,1189.0,9.7,73.1,0.8787,True,False,False
5889,2004-11-11 01:00:00,2.1,1038.0,957.0,713.0,1271.0,1092.0,9.3,73.5,0.8651,True,False,False
5890,2004-11-11 02:00:00,1.4,960.0,838.0,797.0,1189.0,996.0,9.2,73.9,0.8616,True,False,False
5891,2004-11-11 03:00:00,1.2,934.0,787.0,822.0,1147.0,974.0,8.1,78.1,0.8452,True,False,False
5892,2004-11-11 04:00:00,1.1,930.0,784.0,850.0,1151.0,902.0,7.6,81.2,0.8483,True,False,False
5893,2004-11-11 05:00:00,1.1,918.0,778.0,864.0,1136.0,859.0,7.5,81.5,0.8495,True,False,False
5894,2004-11-11 06:00:00,1.1,952.0,814.0,804.0,1153.0,970.0,8.3,77.2,0.8464,True,False,False
5895,2004-11-11 07:00:00,1.5,1019.0,905.0,757.0,1244.0,1062.0,8.9,75.6,0.8667,True,False,False
5896,2004-11-11 08:00:00,3.1,1287.0,1218.0,580.0,1580.0,1304.0,9.2,81.7,0.9506,True,False,False
5897,2004-11-11 09:00:00,6.8,1578.0,1605.0,429.0,2032.0,1643.0,9.9,83.4,1.0194,True,False,False
5898,2004-11-11 10:00:00,5.4,1417.0,1407.0,490.0,1709.0,1488.0,10.2,82.3,1.0253,True,False,False
5899,2004-11-11 11:00:00,4.5,1392.0,1325.0,511.0,1631.0,1465.0,11.2,80.7,1.0688,True,False,False
5900,2004-11-11 12:00:00,3.0,1147.0,1073.0,628.0,1415.0,1198.0,11.8,76.1,1.0516,True,False,False
5901,2004-11-11 13:00:00,2.8,1150.0,1105.0,629.0,1450.0,1160.0,12.5,71.3,1.0285,True,False,False
5902,2004-11-11 14:00:00,3.9,1252.0,1240.0,564.0,1614.0,1277.0,13.2,68.4,1.0346,True,False,False
5903,2004-11-11 15:00:00,3.4,1186.0,1125.0,617.0,1493.0,1171.0,12.5,73.2,1.0563,True,False,False
5904,2004-11-11 16:00:00,3.2,1172.0,1107.0,629.0,1449.0,1106.0,12.2,75.7,1.0693,True,False,False
5905,2004-11-11 17:00:00,2.8,1109.0,1021.0,689.0,1361.0,1036.0,11.5,78.1,1.0565,True,False,False
5906,2004-11-11 18:00:00,3.9,1201.0,1196.0,597.0,1546.0,1196.0,11.6,76.0,1.0354,True,False,False
5907,2004-11-11 19:00:00,3.5,1189.0,1183.0,603.0,1534.0,1170.0,12.0,73.3,1.0264,True,False,False
5908,2004-11-11 20:00:00,4.7,1282.0,1312.0,551.0,1671.0,1312.0,12.9,68.8,1.0175,True,False,False
5909,2004-11-11 21:00:00,4.6,1207.0,1203.0,625.0,1570.0,1251.0,13.1,69.6,1.0464,True,False,False
5910,2004-11-11 22:00:00,1.2,904.0,754.0,930.0,1172.0,805.0,12.3,73.4,1.049,True,False,False
5911,2004-11-11 23:00:00,1.1,900.0,711.0,975.0,1153.0,736.0,12.7,71.0,1.0387,True,False,False
5912,2004-11-12 00:00:00,1.2,932.0,740.0,926.0,1180.0,774.0,12.9,69.9,1.0371,True,False,False
5913,2004-11-12 01:00:00,1.6,968.0,785.0,872.0,1209.0,826.0,12.9,70.5,1.0442,True,False,False
5914,2004-11-12 02:00:00,0.7,827.0,610.0,1092.0,1120.0,636.0,13.1,67.7,1.0198,True,False,False
5915,2004-11-12 03:00:00,0.4,789.0,515.0,1276.0,1054.0,516.0,13.1,67.6,1.0127,True,False,False
5916,2004-11-12 04:00:00,,812.0,549.0,1213.0,1079.0,531.0,13.8,64.0,1.0042,False,True,False
5917,2004-11-12 05:00:00,0.6,811.0,559.0,1170.0,1085.0,558.0,13.7,64.4,1.0036,True,False,False
5918,2004-11-12 06:00:00,0.5,827.0,560.0,1169.0,1087.0,565.0,13.9,63.8,1.0079,True,False,False
5919,2004-11-12 07:00:00,0.6,849.0,604.0,1086.0,1108.0,604.0,14.1,64.5,1.0287,True,False,False
5920,2004-11-12 08:00:00,1.4,1001.0,798.0,855.0,1257.0,794.0,14.0,66.1,1.0488,True,False,False
5921,2004-11-12 09:00:00,2.0,1021.0,896.0,741.0,1314.0,907.0,14.2,66.4,1.0673,True,False,False
5922,2004-11-12 10:00:00,1.6,978.0,831.0,807.0,1257.0,838.0,14.9,62.5,1.0529,True,False,False
5923,2004-11-12 11:00:00,1.6,996.0,855.0,793.0,1277.0,884.0,16.3,58.4,1.0729,True,False,False
5924,2004-11-12 12:00:00,1.7,1014.0,843.0,791.0,1297.0,866.0,16.9,56.5,1.0801,True,False,False
5925,2004-11-12 13:00:00,2.0,1061.0,928.0,730.0,1366.0,909.0,17.4,55.8,1.098,True,False,False
5926,2004-11-12 14:00:00,2.3,1092.0,975.0,690.0,1418.0,990.0,17.4,57.3,1.1328,True,False,False
5927,2004-11-12 15:00:00,2.4,1129.0,1028.0,661.0,1480.0,1050.0,17.7,55.5,1.1127,True,False,False
5928,2004-11-12 16:00:00,2.2,1077.0,969.0,690.0,1405.0,1023.0,16.8,58.9,1.1199,True,False,False
5929,2004-11-12 17:00:00,2.6,1153.0,1079.0,635.0,1496.0,1103.0,17.0,57.5,1.1071,True,False,False
5930,2004-11-12 18:00:00,4.0,1234.0,1197.0,575.0,1597.0,1239.0,16.2,60.2,1.1003,True,False,False
5931,2004-11-12 19:00:00,5.2,1319.0,1319.0,539.0,1735.0,1384.0,16.7,58.0,1.0916,True,False,False
5932,2004-11-12 20:00:00,3.9,1251.0,1264.0,561.0,1677.0,1289.0,16.5,58.8,1.0921,True,False,False
5933,2004-11-12 21:00:00,3.8,1165.0,1070.0,650.0,1467.0,1180.0,15.8,61.1,1.0856,True,False,False
5934,2004-11-12 22:00:00,1.6,954.0,807.0,833.0,1243.0,855.0,15.7,60.8,1.0769,True,False,False
5935,2004-11-12 23:00:00,1.5,971.0,818.0,828.0,1252.0,857.0,15.9,59.6,1.0673,True,False,False
5936,2004-11-13 00:00:00,1.6,961.0,765.0,865.0,1212.0,811.0,15.6,60.0,1.0594,True,False,False
5937,2004-11-13 01:00:00,1.5,952.0,758.0,876.0,1203.0,794.0,15.6,60.1,1.0557,True,False,False
5938,2004-11-13 02:00:00,1.0,875.0,635.0,1037.0,1133.0,612.0,15.7,59.5,1.0534,True,False,False
5939,2004-11-13 03:00:00,0.8,891.0,633.0,1035.0,1137.0,590.0,15.7,60.1,1.064,True,False,False
5940,2004-11-13 04:00:00,1.3,1006.0,765.0,848.0,1239.0,807.0,15.6,61.7,1.0847,True,False,False
5941,2004-11-13 05:00:00,1.0,907.0,691.0,927.0,1173.0,702.0,15.8,59.9,1.0693,True,False,False
5942,2004-11-13 06:00:00,1.0,938.0,702.0,904.0,1185.0,753.0,15.2,61.8,1.0602,True,False,False
5943,2004-11-13 07:00:00,0.9,925.0,672.0,991.0,1154.0,709.0,16.1,55.4,1.0089,True,False,False
5944,2004-11-13 08:00:00,2.1,1157.0,967.0,678.0,1365.0,1087.0,14.9,64.1,1.0773,True,False,False
5945,2004-11-13 09:00:00,2.1,1169.0,1003.0,665.0,1409.0,1126.0,15.6,62.0,1.0904,True,False,False
5946,2004-11-13 10:00:00,3.1,1312.0,1139.0,565.0,1568.0,1386.0,17.9,54.6,1.11,True,False,False
5947,2004-11-13 11:00:00,3.8,1347.0,1227.0,539.0,1627.0,1476.0,21.1,44.5,1.0964,True,False,False
5948,2004-11-13 12:00:00,3.7,1321.0,1224.0,543.0,1617.0,1424.0,20.3,46.7,1.0971,True,False,False
5949,2004-11-13 13:00:00,3.6,1267.0,1118.0,592.0,1503.0,1310.0,21.5,42.7,1.0837,True,False,False
5950,2004-11-13 14:00:00,3.3,1234.0,1053.0,639.0,1476.0,1114.0,21.5,43.1,1.0919,True,False,False
5951,2004-11-13 15:00:00,2.1,1101.0,947.0,699.0,1374.0,1029.0,21.5,43.4,1.0965,True,False,False
5952,2004-11-13 16:00:00,2.3,1149.0,998.0,664.0,1434.0,1101.0,20.8,45.5,1.1054,True,False,False
5953,2004-11-13 17:00:00,2.1,1094.0,941.0,695.0,1371.0,1040.0,19.2,49.6,1.0893,True,False,False
5954,2004-11-13 18:00:00,1.9,1056.0,878.0,758.0,1308.0,856.0,18.3,51.6,1.0732,True,False,False
5955,2004-11-13 19:00:00,1.9,1030.0,899.0,767.0,1275.0,836.0,17.7,51.5,1.0357,True,False,False
5956,2004-11-13 20:00:00,2.3,1075.0,943.0,752.0,1305.0,894.0,17.2,51.5,1.0015,True,False,False
5957,2004-11-13 21:00:00,1.7,927.0,748.0,888.0,1157.0,696.0,15.9,54.9,0.9853,True,False,False
5958,2004-11-13 22:00:00,0.8,793.0,570.0,1143.0,1036.0,524.0,14.0,55.2,0.8807,True,False,False
5959,2004-11-13 23:00:00,0.8,796.0,589.0,1136.0,1026.0,506.0,13.3,53.0,0.8044,True,False,False
5960,2004-11-14 00:00:00,0.8,780.0,568.0,1190.0,997.0,453.0,11.9,55.5,0.7711,True,False,False
5961,2004-11-14 01:00:00,0.8,774.0,569.0,1222.0,984.0,434.0,11.4,54.6,0.7363,True,False,False
5962,2004-11-14 02:00:00,0.6,718.0,500.0,1401.0,914.0,373.0,10.4,53.7,0.6749,True,False,False
5963,2004-11-14 03:00:00,0.4,705.0,478.0,1546.0,885.0,330.0,9.9,54.3,0.6609,True,False,False
5964,2004-11-14 04:00:00,0.3,689.0,470.0,1643.0,863.0,305.0,9.8,51.3,0.6225,True,False,False
5965,2004-11-14 05:00:00,0.3,678.0,427.0,1771.0,853.0,286.0,9.5,52.2,0.6198,True,False,False
5966,2004-11-14 06:00:00,0.2,655.0,402.0,2077.0,814.0,268.0,10.0,45.7,0.5598,True,False,False
5967,2004-11-14 07:00:00,0.2,649.0,397.0,2062.0,798.0,261.0,10.2,41.9,0.5209,True,False,False
5968,2004-11-14 08:00:00,0.3,647.0,412.0,1964.0,779.0,274.0,10.6,36.1,0.4624,True,False,False
5969,2004-11-14 09:00:00,0.3,667.0,429.0,1793.0,790.0,291.0,10.7,36.0,0.4623,True,False,False
5970,2004-11-14 10:00:00,0.4,669.0,444.0,1664.0,791.0,304.0,10.8,35.4,0.4583,True,False,False
5971,2004-11-14 11:00:00,0.4,667.0,455.0,1716.0,786.0,301.0,11.4,32.9,0.4435,True,False,False
5972,2004-11-14 12:00:00,0.6,705.0,508.0,1494.0,820.0,329.0,12.4,32.0,0.4583,True,False,False
5973,2004-11-14 13:00:00,0.6,710.0,523.0,1479.0,827.0,350.0,12.4,31.3,0.45,True,False,False
5974,2004-11-14 14:00:00,0.6,713.0,539.0,1593.0,829.0,380.0,12.2,31.8,0.4514,True,False,False
5975,2004-11-14 15:00:00,0.5,703.0,512.0,2121.0,837.0,356.0,10.5,37.9,0.4821,True,False,False
5976,2004-11-14 16:00:00,0.6,738.0,529.0,1991.0,876.0,383.0,9.6,44.2,0.5289,True,False,False
5977,2004-11-14 17:00:00,0.7,795.0,569.0,1773.0,959.0,429.0,8.2,57.9,0.6293,True,False,False
5978,2004-11-14 18:00:00,1.4,861.0,750.0,1481.0,1051.0,556.0,7.3,63.5,0.6519,True,False,False
5979,2004-11-14 19:00:00,1.2,836.0,653.0,1798.0,978.0,537.0,8.4,55.7,0.6155,True,False,False
5980,2004-11-14 20:00:00,1.1,812.0,652.0,1586.0,964.0,554.0,9.1,49.6,0.5765,True,False,False
5981,2004-11-14 21:00:00,1.0,771.0,642.0,1678.0,915.0,518.0,10.0,41.4,0.5102,True,False,False
5982,2004-11-14 22:00:00,0.6,711.0,556.0,1938.0,840.0,416.0,10.4,36.2,0.4561,True,False,False
5983,2004-11-14 23:00:00,0.8,741.0,607.0,1312.0,865.0,433.0,11.3,32.3,0.4329,True,False,False
5984,2004-11-15 00:00:00,0.6,696.0,532.0,1416.0,814.0,393.0,10.9,33.5,0.4378,True,False,False
5985,2004-11-15 01:00:00,0.5,692.0,507.0,1483.0,811.0,353.0,10.6,34.9,0.4455,True,False,False
5986,2004-11-15 02:00:00,0.3,679.0,449.0,1666.0,800.0,314.0,10.7,36.1,0.4639,True,False,False
5987,2004-11-15 03:00:00,0.2,676.0,429.0,1750.0,803.0,296.0,11.0,37.3,0.488,True,False,False
5988,2004-11-15 04:00:00,,681.0,428.0,1768.0,817.0,297.0,10.7,39.2,0.5045,False,True,False
5989,2004-11-15 05:00:00,0.3,683.0,426.0,1775.0,805.0,302.0,10.4,38.6,0.4862,True,False,False
5990,2004-11-15 06:00:00,0.4,704.0,478.0,1498.0,821.0,348.0,10.4,37.4,0.4717,True,False,False
5991,2004-11-15 07:00:00,0.7,767.0,588.0,1292.0,885.0,508.0,10.5,37.0,0.4707,True,False,False
5992,2004-11-15 08:00:00,2.0,964.0,928.0,871.0,1130.0,936.0,10.7,37.9,0.487,True,False,False
5993,2004-11-15 09:00:00,2.4,925.0,923.0,841.0,1115.0,944.0,11.1,38.1,0.5023,True,False,False
5994,2004-11-15 10:00:00,1.8,883.0,849.0,910.0,1053.0,843.0,12.6,36.6,0.5314,True,False,False
5995,2004-11-15 11:00:00,1.6,894.0,820.0,932.0,1072.0,820.0,13.8,36.2,0.569,True,False,False
5996,2004-11-15 12:00:00,1.7,881.0,831.0,911.0,1074.0,793.0,13.4,37.1,0.5683,True,False,False
5997,2004-11-15 13:00:00,1.8,867.0,842.0,909.0,1077.0,737.0,13.5,34.9,0.5393,True,False,False
5998,2004-11-15 14:00:00,1.7,856.0,821.0,937.0,1043.0,718.0,13.7,32.2,0.5032,True,False,False
5999,2004-11-15 15:00:00,1.7,862.0,843.0,930.0,1032.0,743.0,13.6,32.1,0.4977,True,False,False
6000,2004-11-15 16:00:00,1.7,891.0,891.0,874.0,1077.0,848.0,13.5,31.8,0.4876,True,False,False
6001,2004-11-15 17:00:00,2.6,931.0,1032.0,795.0,1098.0,991.0,13.5,27.9,0.4287,True,False,False
6002,2004-11-15 18:00:00,4.0,1025.0,1202.0,691.0,1263.0,1191.0,12.7,28.9,0.4233,True,False,False
6003,2004-11-15 19:00:00,3.8,1029.0,1198.0,694.0,1305.0,1169.0,12.6,30.2,0.4384,True,False,False
6004,2004-11-15 20:00:00,4.0,1038.0,1190.0,685.0,1291.0,1167.0,12.3,32.0,0.4553,True,False,False
6005,2004-11-15 21:00:00,2.4,904.0,924.0,846.0,1083.0,966.0,12.0,34.3,0.4787,True,False,False
6006,2004-11-15 22:00:00,1.4,844.0,782.0,969.0,1003.0,796.0,11.6,37.3,0.5095,True,False,False
6007,2004-11-15 23:00:00,1.3,839.0,711.0,1029.0,990.0,712.0,11.3,40.3,0.5406,True,False,False
6008,2004-11-16 00:00:00,1.3,844.0,705.0,1035.0,986.0,701.0,11.3,41.8,0.561,True,False,False
6009,2004-11-16 01:00:00,1.0,800.0,641.0,1113.0,957.0,591.0,11.2,42.0,0.5582,True,False,False
6010,2004-11-16 02:00:00,0.8,786.0,596.0,1178.0,937.0,609.0,11.0,42.6,0.5595,True,False,False
6011,2004-11-16 03:00:00,0.6,737.0,492.0,1391.0,880.0,467.0,11.2,41.3,0.5498,True,False,False
6012,2004-11-16 04:00:00,0.4,732.0,472.0,1461.0,866.0,391.0,11.1,40.8,0.5395,True,False,False
6013,2004-11-16 05:00:00,0.5,737.0,468.0,1481.0,869.0,395.0,10.7,41.8,0.536,True,False,False
6014,2004-11-16 06:00:00,0.5,778.0,517.0,1330.0,890.0,510.0,10.2,43.6,0.5405,True,False,False
6015,2004-11-16 07:00:00,0.9,867.0,669.0,1069.0,981.0,779.0,10.1,44.0,0.5434,True,False,False
6016,2004-11-16 08:00:00,3.5,1248.0,1197.0,641.0,1405.0,1395.0,10.1,45.6,0.5632,True,False,False
6017,2004-11-16 09:00:00,5.2,1389.0,1463.0,518.0,1694.0,1706.0,11.3,43.9,0.5867,True,False,False
6018,2004-11-16 10:00:00,4.3,1184.0,1193.0,626.0,1327.0,1479.0,14.5,33.8,0.5541,True,False,False
6019,2004-11-16 11:00:00,3.5,1160.0,1165.0,655.0,1325.0,1403.0,17.5,26.4,0.5228,True,False,False
6020,2004-11-16 12:00:00,2.6,982.0,1003.0,1037.0,1117.0,1072.0,17.2,22.4,0.4354,True,False,False
6021,2004-11-16 13:00:00,2.5,948.0,1017.0,1065.0,1077.0,929.0,17.3,20.4,0.4011,True,False,False
6022,2004-11-16 14:00:00,2.8,1017.0,1039.0,769.0,1149.0,1024.0,18.1,21.0,0.4321,True,False,False
6023,2004-11-16 15:00:00,2.2,985.0,1011.0,779.0,1138.0,1010.0,17.9,22.3,0.4537,True,False,False
6024,2004-11-16 16:00:00,2.4,1017.0,1029.0,768.0,1160.0,1046.0,17.6,23.7,0.473,True,False,False
6025,2004-11-16 17:00:00,3.5,1121.0,1190.0,673.0,1297.0,1264.0,16.7,25.9,0.4886,True,False,False
6026,2004-11-16 18:00:00,4.2,1129.0,1255.0,634.0,1370.0,1365.0,14.8,29.6,0.4965,True,False,False
6027,2004-11-16 19:00:00,3.1,1101.0,1134.0,683.0,1283.0,1281.0,13.6,34.0,0.5251,True,False,False
6028,2004-11-16 20:00:00,3.2,1182.0,1175.0,637.0,1363.0,1463.0,13.4,40.4,0.6178,True,False,False
6029,2004-11-16 21:00:00,2.8,1144.0,1091.0,671.0,1295.0,1388.0,11.8,44.3,0.6121,True,False,False
6030,2004-11-16 22:00:00,2.2,1046.0,890.0,791.0,1109.0,1195.0,10.7,47.5,0.6108,True,False,False
6031,2004-11-16 23:00:00,1.8,990.0,817.0,849.0,1071.0,1111.0,10.2,49.4,0.6138,True,False,False
6032,2004-11-17 00:00:00,1.7,974.0,764.0,910.0,1029.0,992.0,9.5,51.0,0.6045,True,False,False
6033,2004-11-17 01:00:00,1.6,953.0,778.0,885.0,1051.0,1019.0,7.7,57.9,0.6107,True,False,False
6034,2004-11-17 02:00:00,1.1,868.0,647.0,1054.0,962.0,828.0,8.4,54.5,0.6022,True,False,False
6035,2004-11-17 03:00:00,0.8,833.0,574.0,1150.0,930.0,752.0,7.9,55.4,0.593,True,False,False
6036,2004-11-17 04:00:00,0.7,786.0,522.0,1253.0,910.0,699.0,6.2,61.0,0.5824,True,False,False
6037,2004-11-17 05:00:00,0.8,834.0,551.0,1193.0,917.0,719.0,6.8,58.6,0.5813,True,False,False
6038,2004-11-17 06:00:00,0.9,845.0,583.0,1132.0,929.0,761.0,5.7,62.7,0.5801,True,False,False
6039,2004-11-17 07:00:00,1.2,929.0,713.0,987.0,1002.0,830.0,5.9,62.0,0.5811,True,False,False
6040,2004-11-17 08:00:00,3.3,1234.0,1161.0,629.0,1386.0,1318.0,6.3,61.7,0.5926,True,False,False
6041,2004-11-17 09:00:00,3.8,1270.0,1267.0,565.0,1434.0,1482.0,7.5,58.8,0.6117,True,False,False
6042,2004-11-17 10:00:00,3.2,1241.0,1135.0,622.0,1280.0,1474.0,11.4,45.4,0.6113,True,False,False
6043,2004-11-17 11:00:00,,1268.0,1180.0,593.0,1323.0,1632.0,14.1,39.2,0.6278,False,True,False
6044,2004-11-17 12:00:00,3.2,1248.0,1131.0,615.0,1296.0,1592.0,13.3,42.3,0.6448,True,False,False
6045,2004-11-17 13:00:00,4.2,1317.0,1269.0,554.0,1446.0,1679.0,14.7,38.9,0.6462,True,False,False
6046,2004-11-17 14:00:00,4.3,1308.0,1306.0,553.0,1471.0,1670.0,16.5,32.9,0.6127,True,False,False
6047,2004-11-17 15:00:00,4.0,1321.0,1281.0,557.0,1442.0,1650.0,17.4,32.7,0.6422,True,False,False
6048,2004-11-17 16:00:00,4.1,1360.0,1325.0,535.0,1513.0,1692.0,17.3,33.9,0.6627,True,False,False
6049,2004-11-17 17:00:00,7.8,1659.0,1685.0,423.0,1946.0,2155.0,16.0,41.5,0.7483,True,False,False
6050,2004-11-17 18:00:00,10.2,1802.0,1924.0,356.0,2235.0,2452.0,13.7,52.8,0.8244,True,False,False
6051,2004-11-17 19:00:00,6.6,1549.0,1553.0,446.0,1796.0,2032.0,13.0,55.1,0.824,True,False,False
6052,2004-11-17 20:00:00,4.3,1407.0,1351.0,516.0,1557.0,1751.0,12.4,56.8,0.8141,True,False,False
6053,2004-11-17 21:00:00,4.9,1374.0,1268.0,536.0,1531.0,1675.0,10.7,62.1,0.7972,True,False,False
6054,2004-11-17 22:00:00,2.6,1127.0,948.0,703.0,1188.0,1312.0,10.5,61.1,0.7755,True,False,False
6055,2004-11-17 23:00:00,2.3,1096.0,860.0,777.0,1131.0,1179.0,9.7,62.5,0.7509,True,False,False
6056,2004-11-18 00:00:00,2.7,1119.0,908.0,735.0,1173.0,1197.0,8.8,65.5,0.7435,True,False,False
6057,2004-11-18 01:00:00,2.2,999.0,771.0,864.0,1068.0,995.0,8.8,63.8,0.7236,True,False,False
6058,2004-11-18 02:00:00,2.0,987.0,794.0,852.0,1106.0,971.0,8.5,65.0,0.7221,True,False,False
6059,2004-11-18 03:00:00,1.3,912.0,685.0,934.0,1050.0,876.0,7.5,69.3,0.7201,True,False,False
6060,2004-11-18 04:00:00,1.2,893.0,701.0,935.0,1045.0,844.0,6.4,74.0,0.7134,True,False,False
6061,2004-11-18 05:00:00,1.1,878.0,687.0,964.0,1035.0,813.0,5.9,76.6,0.7179,True,False,False
6062,2004-11-18 06:00:00,1.4,996.0,841.0,797.0,1127.0,1005.0,6.1,76.7,0.7271,True,False,False
6063,2004-11-18 07:00:00,2.1,1119.0,974.0,710.0,1224.0,1170.0,6.8,74.5,0.7415,True,False,False
6064,2004-11-18 08:00:00,4.5,1407.0,1339.0,531.0,1584.0,1533.0,7.7,72.5,0.7666,True,False,False
6065,2004-11-18 09:00:00,5.6,1503.0,1498.0,469.0,1749.0,1783.0,8.9,67.4,0.7714,True,False,False
6066,2004-11-18 10:00:00,5.6,1446.0,1374.0,499.0,1560.0,1818.0,11.4,58.3,0.7868,True,False,False
6067,2004-11-18 11:00:00,4.7,1416.0,1302.0,526.0,1471.0,1826.0,13.4,52.8,0.8086,True,False,False
6068,2004-11-18 12:00:00,4.2,1448.0,1288.0,518.0,1506.0,1839.0,15.8,50.1,0.892,True,False,False
6069,2004-11-18 13:00:00,3.6,1282.0,1111.0,586.0,1455.0,1428.0,18.3,50.0,1.0431,True,False,False
6070,2004-11-18 14:00:00,3.2,1271.0,1157.0,572.0,1483.0,1353.0,18.8,49.2,1.0548,True,False,False
6071,2004-11-18 15:00:00,3.1,1321.0,1178.0,552.0,1539.0,1491.0,18.4,49.6,1.0391,True,False,False
6072,2004-11-18 16:00:00,3.8,1362.0,1223.0,535.0,1597.0,1517.0,18.3,51.0,1.0586,True,False,False
6073,2004-11-18 17:00:00,3.9,1316.0,1228.0,540.0,1610.0,1413.0,17.6,53.1,1.0596,True,False,False
6074,2004-11-18 18:00:00,4.6,1374.0,1307.0,521.0,1709.0,1429.0,17.3,53.6,1.0472,True,False,False
6075,2004-11-18 19:00:00,4.9,1388.0,1367.0,500.0,1722.0,1503.0,16.8,55.2,1.048,True,False,False
6076,2004-11-18 20:00:00,5.4,1422.0,1432.0,474.0,1852.0,1636.0,16.6,56.5,1.0551,True,False,False
6077,2004-11-18 21:00:00,4.3,1281.0,1216.0,548.0,1604.0,1687.0,16.3,58.1,1.0648,True,False,False
6078,2004-11-18 22:00:00,3.1,1192.0,1040.0,640.0,1441.0,1405.0,15.9,59.0,1.059,True,False,False
6079,2004-11-18 23:00:00,2.5,1108.0,945.0,692.0,1355.0,1199.0,15.9,59.4,1.0628,True,False,False
6080,2004-11-19 00:00:00,2.4,1071.0,885.0,740.0,1298.0,1090.0,15.7,60.9,1.0774,True,False,False
6081,2004-11-19 01:00:00,1.9,999.0,793.0,817.0,1242.0,898.0,16.1,59.5,1.0811,True,False,False
6082,2004-11-19 02:00:00,1.3,925.0,670.0,940.0,1173.0,663.0,15.5,63.8,1.1119,True,False,False
6083,2004-11-19 03:00:00,1.2,886.0,608.0,1013.0,1143.0,611.0,14.9,65.3,1.1018,True,False,False
6084,2004-11-19 04:00:00,1.1,888.0,590.0,1009.0,1152.0,625.0,14.7,64.4,1.0704,True,False,False
6085,2004-11-19 05:00:00,0.9,863.0,531.0,1097.0,1095.0,606.0,14.7,59.8,0.9968,True,False,False
6086,2004-11-19 06:00:00,1.0,870.0,550.0,1126.0,1078.0,515.0,15.4,55.9,0.9722,True,False,False
6087,2004-11-19 07:00:00,1.6,1043.0,776.0,800.0,1248.0,826.0,14.5,63.0,1.0319,True,False,False
6088,2004-11-19 08:00:00,4.8,1478.0,1310.0,492.0,1775.0,1542.0,14.7,63.1,1.0513,True,False,False
6089,2004-11-19 09:00:00,5.9,1436.0,1371.0,458.0,1808.0,1626.0,15.2,62.2,1.0641,True,False,False
6090,2004-11-19 10:00:00,5.6,1354.0,1201.0,529.0,1593.0,1538.0,16.1,59.2,1.0736,True,False,False
6091,2004-11-19 11:00:00,3.5,1290.0,1110.0,571.0,1512.0,1441.0,17.0,55.9,1.0741,True,False,False
6092,2004-11-19 12:00:00,2.8,1203.0,1043.0,617.0,1470.0,1217.0,17.6,52.2,1.0396,True,False,False
6093,2004-11-19 13:00:00,3.6,1298.0,1156.0,549.0,1582.0,1320.0,17.3,55.4,1.0836,True,False,False
6094,2004-11-19 14:00:00,4.8,1352.0,1236.0,522.0,1659.0,1368.0,17.8,53.5,1.0833,True,False,False
6095,2004-11-19 15:00:00,5.0,1247.0,1142.0,574.0,1547.0,1199.0,18.3,52.3,1.0922,True,False,False
6096,2004-11-19 16:00:00,5.6,1375.0,1247.0,531.0,1650.0,1375.0,18.3,52.8,1.1016,True,False,False
6097,2004-11-19 17:00:00,7.5,1553.0,1414.0,455.0,1851.0,1682.0,17.7,56.6,1.133,True,False,False
6098,2004-11-19 18:00:00,7.2,1521.0,1430.0,449.0,1907.0,1761.0,17.3,58.2,1.1435,True,False,False
6099,2004-11-19 19:00:00,8.3,1623.0,1547.0,414.0,2040.0,1883.0,16.2,62.6,1.1455,True,False,False
6100,2004-11-19 20:00:00,8.6,1510.0,1501.0,456.0,1901.0,1855.0,15.2,57.5,0.9829,True,False,False
6101,2004-11-19 21:00:00,4.3,837.0,835.0,896.0,960.0,1078.0,14.2,27.7,0.4451,True,False,False
6102,2004-11-19 22:00:00,2.6,667.0,689.0,1210.0,709.0,620.0,13.4,14.3,0.2185,True,False,False
6103,2004-11-19 23:00:00,2.6,695.0,711.0,1193.0,739.0,645.0,12.8,14.8,0.218,True,False,False
6104,2004-11-20 00:00:00,2.7,683.0,686.0,1240.0,702.0,627.0,12.2,14.0,0.1988,True,False,False
6105,2004-11-20 01:00:00,2.7,695.0,709.0,1236.0,717.0,645.0,12.0,14.5,0.2029,True,False,False
6106,2004-11-20 02:00:00,2.6,703.0,685.0,1218.0,734.0,641.0,10.8,17.0,0.2193,True,False,False
6107,2004-11-20 03:00:00,2.4,698.0,614.0,1286.0,718.0,591.0,10.4,19.2,0.242,True,False,False
6108,2004-11-20 04:00:00,,714.0,605.0,1278.0,738.0,594.0,9.7,22.5,0.2698,False,True,False
6109,2004-11-20 05:00:00,0.6,692.0,546.0,1347.0,697.0,500.0,9.0,23.1,0.2648,True,False,False
6110,2004-11-20 06:00:00,0.7,729.0,639.0,1234.0,773.0,628.0,8.7,24.7,0.2785,True,False,False
6111,2004-11-20 07:00:00,1.2,880.0,812.0,928.0,954.0,1040.0,6.9,39.4,0.3948,True,False,False
6112,2004-11-20 08:00:00,2.0,974.0,1019.0,769.0,1122.0,1159.0,6.3,44.8,0.431,True,False,False
6113,2004-11-20 09:00:00,2.8,1086.0,1157.0,674.0,1237.0,1330.0,7.2,43.2,0.4417,True,False,False
6114,2004-11-20 10:00:00,2.9,1087.0,1213.0,668.0,1216.0,1402.0,11.9,27.9,0.3882,True,False,False
6115,2004-11-20 11:00:00,2.2,933.0,990.0,849.0,956.0,1104.0,14.8,17.9,0.2977,True,False,False
6116,2004-11-20 12:00:00,1.6,852.0,919.0,967.0,831.0,855.0,14.8,14.3,0.2397,True,False,False
6117,2004-11-20 13:00:00,1.5,882.0,993.0,902.0,941.0,862.0,14.7,15.5,0.2586,True,False,False
6118,2004-11-20 14:00:00,1.9,888.0,1009.0,866.0,937.0,973.0,14.7,16.6,0.2756,True,False,False
6119,2004-11-20 15:00:00,1.5,878.0,1000.0,880.0,942.0,936.0,14.8,15.6,0.2615,True,False,False
6120,2004-11-20 16:00:00,1.8,892.0,1018.0,879.0,931.0,1009.0,15.3,14.3,0.2462,True,False,False
6121,2004-11-20 17:00:00,3.4,1117.0,1327.0,692.0,1302.0,1475.0,13.5,19.5,0.3003,True,False,False
6122,2004-11-20 18:00:00,4.6,1252.0,1359.0,604.0,1380.0,1765.0,11.1,31.8,0.4187,True,False,False
6123,2004-11-20 19:00:00,1.6,1012.0,999.0,785.0,1057.0,1329.0,10.2,33.4,0.4143,True,False,False
6124,2004-11-20 20:00:00,1.2,1025.0,916.0,832.0,1018.0,1262.0,9.5,35.9,0.4273,True,False,False
6125,2004-11-20 21:00:00,1.2,1033.0,881.0,855.0,999.0,1230.0,8.0,39.8,0.4286,True,False,False
6126,2004-11-20 22:00:00,0.9,1008.0,861.0,858.0,991.0,1229.0,6.6,44.1,0.4333,True,False,False
6127,2004-11-20 23:00:00,0.7,992.0,867.0,876.0,997.0,1196.0,6.1,45.2,0.4295,True,False,False
6128,2004-11-21 00:00:00,2.5,1187.0,1114.0,700.0,1193.0,1433.0,5.2,50.8,0.452,True,False,False
6129,2004-11-21 01:00:00,1.5,1065.0,968.0,808.0,1059.0,1249.0,4.9,53.0,0.4629,True,False,False
6130,2004-11-21 02:00:00,0.5,889.0,760.0,968.0,919.0,983.0,5.3,48.7,0.4364,True,False,False
6131,2004-11-21 03:00:00,0.3,901.0,767.0,961.0,944.0,965.0,4.2,53.6,0.4454,True,False,False
6132,2004-11-21 04:00:00,0.5,875.0,795.0,928.0,965.0,932.0,3.1,56.3,0.4368,True,False,False
6133,2004-11-21 05:00:00,0.1,808.0,636.0,1120.0,862.0,770.0,4.1,52.2,0.4338,True,False,False
6134,2004-11-21 06:00:00,0.2,858.0,633.0,1136.0,878.0,788.0,3.5,55.9,0.4431,True,False,False
6135,2004-11-21 07:00:00,,819.0,690.0,1051.0,907.0,819.0,1.8,61.7,0.4376,False,True,False
6136,2004-11-21 08:00:00,0.2,862.0,757.0,983.0,938.0,879.0,1.3,65.3,0.4457,True,False,False
6137,2004-11-21 09:00:00,0.5,877.0,793.0,944.0,951.0,924.0,3.2,57.0,0.4434,True,False,False
6138,2004-11-21 10:00:00,0.4,941.0,832.0,914.0,970.0,964.0,7.2,42.8,0.4356,True,False,False
6139,2004-11-21 11:00:00,0.8,983.0,846.0,871.0,996.0,1055.0,10.3,34.2,0.4291,True,False,False
6140,2004-11-21 12:00:00,1.5,1067.0,981.0,755.0,1104.0,1383.0,10.9,33.8,0.4393,True,False,False
6141,2004-11-21 13:00:00,1.9,1100.0,1022.0,752.0,1101.0,1367.0,12.2,30.0,0.4245,True,False,False
6142,2004-11-21 14:00:00,1.1,958.0,928.0,841.0,986.0,1120.0,13.3,24.3,0.3686,True,False,False
6143,2004-11-21 15:00:00,0.3,866.0,763.0,1018.0,859.0,775.0,15.2,18.7,0.3214,True,False,False
6144,2004-11-21 16:00:00,0.9,1018.0,907.0,889.0,981.0,1150.0,14.9,21.7,0.3646,True,False,False
6145,2004-11-21 17:00:00,2.1,1175.0,1074.0,748.0,1134.0,1528.0,13.1,25.4,0.3814,True,False,False
6146,2004-11-21 18:00:00,2.4,1197.0,1012.0,717.0,1103.0,1655.0,11.7,32.7,0.4472,True,False,False
6147,2004-11-21 19:00:00,1.6,1110.0,872.0,822.0,971.0,1393.0,10.1,34.4,0.4249,True,False,False
6148,2004-11-21 20:00:00,1.1,1060.0,825.0,854.0,967.0,1338.0,9.8,36.0,0.4364,True,False,False
6149,2004-11-21 21:00:00,1.3,1136.0,885.0,806.0,1006.0,1403.0,7.1,43.2,0.436,True,False,False
6150,2004-11-21 22:00:00,0.8,1049.0,864.0,818.0,1010.0,1327.0,5.9,47.8,0.4459,True,False,False
6151,2004-11-21 23:00:00,1.0,1053.0,859.0,810.0,1008.0,1346.0,5.3,50.5,0.453,True,False,False
6152,2004-11-22 00:00:00,0.3,970.0,763.0,917.0,930.0,1132.0,5.6,48.0,0.4412,True,False,False
6153,2004-11-22 01:00:00,1.0,1049.0,907.0,795.0,1038.0,1209.0,3.9,55.9,0.4568,True,False,False
6154,2004-11-22 02:00:00,0.4,919.0,761.0,911.0,942.0,1044.0,3.3,58.0,0.4551,True,False,False
6155,2004-11-22 03:00:00,0.1,870.0,684.0,997.0,895.0,936.0,3.7,56.3,0.4544,True,False,False
6156,2004-11-22 04:00:00,,814.0,587.0,1146.0,876.0,840.0,4.2,54.8,0.4571,False,True,False
6157,2004-11-22 05:00:00,,820.0,604.0,1127.0,874.0,847.0,2.6,60.8,0.4544,False,True,False
6158,2004-11-22 06:00:00,0.1,897.0,722.0,987.0,953.0,959.0,3.7,57.9,0.4651,True,False,False
6159,2004-11-22 07:00:00,0.4,988.0,850.0,861.0,1030.0,1133.0,4.5,54.8,0.466,True,False,False
6160,2004-11-22 08:00:00,2.4,1242.0,1185.0,625.0,1297.0,1511.0,4.9,55.8,0.4882,True,False,False
6161,2004-11-22 09:00:00,3.1,1493.0,1981.0,448.0,1567.0,2346.0,5.4,55.1,0.497,True,False,False
6162,2004-11-22 10:00:00,3.1,1394.0,2214.0,411.0,1629.0,2311.0,6.2,51.8,0.4952,True,False,False
6163,2004-11-22 11:00:00,2.7,1252.0,1439.0,559.0,1383.0,1798.0,6.8,49.8,0.4959,True,False,False
6164,2004-11-22 12:00:00,2.3,1255.0,1301.0,571.0,1355.0,1750.0,7.3,50.6,0.5184,True,False,False
6165,2004-11-22 13:00:00,3.0,1360.0,1392.0,490.0,1458.0,1863.0,7.8,49.0,0.5191,True,False,False
6166,2004-11-22 14:00:00,3.6,1369.0,1434.0,489.0,1539.0,1883.0,8.0,49.2,0.5282,True,False,False
6167,2004-11-22 15:00:00,3.1,1361.0,1347.0,518.0,1456.0,1851.0,8.3,49.3,0.5414,True,False,False
6168,2004-11-22 16:00:00,3.5,1411.0,1371.0,500.0,1484.0,1919.0,8.5,49.6,0.5517,True,False,False
6169,2004-11-22 17:00:00,4.0,1509.0,1439.0,459.0,1577.0,2078.0,8.5,52.6,0.5856,True,False,False
6170,2004-11-22 18:00:00,6.3,1738.0,1735.0,365.0,1917.0,2434.0,8.9,53.4,0.6117,True,False,False
6171,2004-11-22 19:00:00,6.9,1766.0,1720.0,361.0,1881.0,2515.0,9.1,53.8,0.6216,True,False,False
6172,2004-11-22 20:00:00,6.5,1706.0,1641.0,381.0,1778.0,2522.0,8.9,54.2,0.6183,True,False,False
6173,2004-11-22 21:00:00,3.3,1472.0,1361.0,462.0,1455.0,2334.0,8.5,54.2,0.6054,True,False,False
6174,2004-11-22 22:00:00,2.4,1392.0,1206.0,521.0,1347.0,2199.0,8.5,57.8,0.6432,True,False,False
6175,2004-11-22 23:00:00,1.7,1335.0,1112.0,570.0,1331.0,1861.0,7.7,71.1,0.7503,True,False,False
6176,2004-11-23 00:00:00,1.3,1285.0,1037.0,610.0,1277.0,1751.0,7.9,72.5,0.7766,True,False,False
6177,2004-11-23 01:00:00,1.1,1267.0,1008.0,628.0,1264.0,1652.0,8.0,75.3,0.8079,True,False,False
6178,2004-11-23 02:00:00,0.8,1176.0,930.0,679.0,1216.0,1455.0,8.0,76.2,0.8217,True,False,False
6179,2004-11-23 03:00:00,0.3,1079.0,812.0,782.0,1158.0,1158.0,7.8,81.3,0.8631,True,False,False
6180,2004-11-23 04:00:00,,1084.0,816.0,776.0,1165.0,1126.0,7.9,81.8,0.8759,False,True,False
6181,2004-11-23 05:00:00,1.3,1091.0,829.0,755.0,1177.0,1126.0,8.2,81.4,0.888,True,False,False
6182,2004-11-23 06:00:00,1.4,1126.0,886.0,713.0,1225.0,1158.0,8.5,81.1,0.8989,True,False,False
6183,2004-11-23 07:00:00,2.1,1210.0,978.0,666.0,1332.0,1237.0,8.9,79.3,0.9088,True,False,False
6184,2004-11-23 08:00:00,4.5,1565.0,1405.0,488.0,1830.0,1696.0,9.5,77.9,0.9278,True,False,False
6185,2004-11-23 09:00:00,5.7,1578.0,1494.0,448.0,1854.0,1800.0,9.9,77.6,0.9488,True,False,False
6186,2004-11-23 10:00:00,6.6,1702.0,1585.0,422.0,1960.0,1967.0,10.7,76.2,0.9798,True,False,False
6187,2004-11-23 11:00:00,5.0,1552.0,1406.0,478.0,1749.0,1862.0,11.8,72.2,0.9948,True,False,False
6188,2004-11-23 12:00:00,5.3,1590.0,1466.0,448.0,1831.0,2003.0,13.3,66.9,1.0163,True,False,False
6189,2004-11-23 13:00:00,5.4,1640.0,1480.0,432.0,1865.0,2041.0,13.8,67.0,1.0513,True,False,False
6190,2004-11-23 14:00:00,7.3,1769.0,1624.0,396.0,2041.0,2202.0,13.9,67.6,1.0666,True,False,False
6191,2004-11-23 15:00:00,5.1,1581.0,1442.0,435.0,1839.0,1966.0,14.2,66.8,1.073,True,False,False
6192,2004-11-23 16:00:00,5.3,1658.0,1482.0,419.0,1893.0,2030.0,14.2,67.8,1.0879,True,False,False
6193,2004-11-23 17:00:00,7.3,1821.0,1673.0,371.0,2119.0,2201.0,13.6,71.0,1.1018,True,False,False
6194,2004-11-23 18:00:00,10.2,1982.0,1959.0,322.0,2536.0,2386.0,13.2,72.6,1.0936,True,False,False
6195,2004-11-23 19:00:00,11.9,2008.0,1980.0,325.0,2562.0,2342.0,12.4,74.7,1.0741,True,False,False
6196,2004-11-23 20:00:00,11.5,1918.0,1958.0,335.0,2477.0,2237.0,11.5,76.2,1.0324,True,False,False
6197,2004-11-23 21:00:00,8.3,1693.0,1590.0,412.0,1949.0,2025.0,10.4,79.3,0.9993,True,False,False
6198,2004-11-23 22:00:00,4.7,1495.0,1345.0,467.0,1649.0,1853.0,10.0,82.5,1.015,True,False,False
6199,2004-11-23 23:00:00,4.0,1449.0,1291.0,482.0,1580.0,1817.0,10.0,82.6,1.0163,True,False,False
6200,2004-11-24 00:00:00,3.9,1439.0,1257.0,494.0,1571.0,1704.0,10.1,83.5,1.0296,True,False,False
6201,2004-11-24 01:00:00,2.8,1270.0,1098.0,572.0,1420.0,1463.0,10.0,83.6,1.0235,True,False,False
6202,2004-11-24 02:00:00,2.3,1163.0,980.0,654.0,1327.0,1299.0,10.4,80.8,1.0191,True,False,False
6203,2004-11-24 03:00:00,1.8,1130.0,915.0,697.0,1281.0,1205.0,10.6,80.3,1.0252,True,False,False
6204,2004-11-24 04:00:00,1.4,1023.0,781.0,809.0,1195.0,1019.0,10.6,78.8,1.008,True,False,False
6205,2004-11-24 05:00:00,1.0,931.0,679.0,947.0,1138.0,867.0,10.5,77.8,0.9839,True,False,False
6206,2004-11-24 06:00:00,1.0,953.0,717.0,907.0,1152.0,911.0,9.8,79.2,0.9567,True,False,False
6207,2004-11-24 07:00:00,1.8,1108.0,927.0,718.0,1315.0,1106.0,9.5,80.3,0.9532,True,False,False
6208,2004-11-24 08:00:00,3.8,1414.0,1261.0,532.0,1644.0,1479.0,9.8,80.5,0.9724,True,False,False
6209,2004-11-24 09:00:00,4.2,1423.0,1323.0,496.0,1727.0,1568.0,10.3,80.3,1.002,True,False,False
6210,2004-11-24 10:00:00,3.6,1352.0,1231.0,538.0,1605.0,1530.0,11.1,77.2,1.0175,True,False,False
6211,2004-11-24 11:00:00,3.3,1303.0,1153.0,575.0,1520.0,1582.0,13.3,68.8,1.0505,True,False,False
6212,2004-11-24 12:00:00,2.0,1103.0,931.0,711.0,1293.0,1235.0,15.1,58.3,0.9978,True,False,False
6213,2004-11-24 13:00:00,2.0,1138.0,967.0,695.0,1332.0,1195.0,15.6,56.2,0.9876,True,False,False
6214,2004-11-24 14:00:00,2.9,1278.0,1130.0,580.0,1506.0,1471.0,15.4,59.6,1.0375,True,False,False
6215,2004-11-24 15:00:00,2.7,1292.0,1141.0,556.0,1498.0,1582.0,14.6,63.7,1.0508,True,False,False
6216,2004-11-24 16:00:00,3.4,1374.0,1222.0,516.0,1582.0,1671.0,13.7,66.8,1.0432,True,False,False
6217,2004-11-24 17:00:00,4.5,1464.0,1358.0,477.0,1719.0,1711.0,12.3,72.5,1.0331,True,False,False
6218,2004-11-24 18:00:00,6.1,1562.0,1557.0,427.0,1916.0,1852.0,10.8,77.2,1.0021,True,False,False
6219,2004-11-24 19:00:00,6.8,1592.0,1627.0,401.0,1957.0,1902.0,10.2,80.4,1.0003,True,False,False
6220,2004-11-24 20:00:00,8.4,1669.0,1686.0,384.0,2066.0,1961.0,10.1,79.3,0.9795,True,False,False
6221,2004-11-24 21:00:00,5.3,1429.0,1401.0,475.0,1698.0,1689.0,10.0,76.1,0.9329,True,False,False
6222,2004-11-24 22:00:00,4.5,1354.0,1269.0,506.0,1530.0,1580.0,8.6,82.3,0.9198,True,False,False
6223,2004-11-24 23:00:00,4.1,1311.0,1203.0,542.0,1448.0,1428.0,7.7,84.3,0.8881,True,False,False
6224,2004-11-25 00:00:00,4.0,1311.0,1225.0,538.0,1464.0,1434.0,7.1,84.1,0.8557,True,False,False
6225,2004-11-25 01:00:00,4.0,1292.0,1221.0,547.0,1437.0,1389.0,6.7,83.2,0.819,True,False,False
6226,2004-11-25 02:00:00,3.0,1091.0,1025.0,666.0,1262.0,1130.0,6.0,83.0,0.78,True,False,False
6227,2004-11-25 03:00:00,2.1,1009.0,928.0,754.0,1166.0,983.0,5.1,84.0,0.7439,True,False,False
6228,2004-11-25 04:00:00,2.2,1050.0,956.0,725.0,1162.0,1025.0,4.3,85.4,0.7152,True,False,False
6229,2004-11-25 05:00:00,2.2,1053.0,955.0,710.0,1154.0,1050.0,4.0,85.7,0.7041,True,False,False
6230,2004-11-25 06:00:00,2.0,1016.0,945.0,724.0,1147.0,1038.0,4.0,84.4,0.6943,True,False,False
6231,2004-11-25 07:00:00,2.2,1057.0,1004.0,702.0,1204.0,1080.0,4.0,83.1,0.682,True,False,False
6232,2004-11-25 08:00:00,4.0,1309.0,1333.0,537.0,1555.0,1411.0,4.4,81.3,0.689,True,False,False
6233,2004-11-25 09:00:00,4.8,1315.0,1375.0,526.0,1576.0,1549.0,6.7,72.6,0.718,True,False,False
6234,2004-11-25 10:00:00,4.6,1315.0,1300.0,547.0,1531.0,1659.0,10.0,63.4,0.7791,True,False,False
6235,2004-11-25 11:00:00,2.8,1111.0,1042.0,682.0,1257.0,1434.0,13.6,48.7,0.7547,True,False,False
6236,2004-11-25 12:00:00,2.1,1087.0,1000.0,706.0,1251.0,1310.0,14.6,46.5,0.7687,True,False,False
6237,2004-11-25 13:00:00,2.0,1104.0,1028.0,696.0,1263.0,1227.0,15.4,43.0,0.7483,True,False,False
6238,2004-11-25 14:00:00,2.5,1142.0,1078.0,670.0,1256.0,1261.0,16.4,38.2,0.7081,True,False,False
6239,2004-11-25 15:00:00,2.5,1164.0,1096.0,662.0,1311.0,1261.0,16.8,37.6,0.7129,True,False,False
6240,2004-11-25 16:00:00,2.8,1214.0,1124.0,659.0,1302.0,1345.0,16.8,36.7,0.6944,True,False,False
6241,2004-11-25 17:00:00,4.0,1369.0,1346.0,558.0,1537.0,1608.0,15.4,41.3,0.7151,True,False,False
6242,2004-11-25 18:00:00,4.5,1368.0,1334.0,529.0,1547.0,1653.0,13.8,48.9,0.7699,True,False,False
6243,2004-11-25 19:00:00,3.1,1226.0,1161.0,606.0,1368.0,1442.0,13.3,50.9,0.7745,True,False,False
6244,2004-11-25 20:00:00,2.6,1225.0,1134.0,614.0,1352.0,1421.0,11.5,57.3,0.7786,True,False,False
6245,2004-11-25 21:00:00,2.6,1190.0,1028.0,654.0,1287.0,1329.0,10.7,59.8,0.7674,True,False,False
6246,2004-11-25 22:00:00,2.0,1128.0,889.0,743.0,1160.0,1212.0,10.0,61.8,0.7576,True,False,False
6247,2004-11-25 23:00:00,1.8,1105.0,883.0,747.0,1180.0,1179.0,9.9,62.1,0.7566,True,False,False
6248,2004-11-26 00:00:00,2.5,1152.0,959.0,689.0,1232.0,1231.0,9.3,64.5,0.7554,True,False,False
6249,2004-11-26 01:00:00,2.3,1141.0,967.0,698.0,1245.0,1214.0,9.1,65.7,0.7607,True,False,False
6250,2004-11-26 02:00:00,2.1,1121.0,901.0,712.0,1215.0,1134.0,8.9,71.8,0.818,True,False,False
6251,2004-11-26 03:00:00,1.5,1043.0,805.0,798.0,1155.0,992.0,9.1,72.9,0.8429,True,False,False
6252,2004-11-26 04:00:00,,1090.0,841.0,757.0,1202.0,989.0,8.7,77.6,0.8753,False,True,False
6253,2004-11-26 05:00:00,1.2,982.0,752.0,844.0,1153.0,897.0,9.0,77.3,0.8873,True,False,False
6254,2004-11-26 06:00:00,1.0,974.0,743.0,864.0,1155.0,885.0,9.1,77.3,0.8944,True,False,False
6255,2004-11-26 07:00:00,1.7,1118.0,915.0,731.0,1289.0,1059.0,9.3,76.9,0.9007,True,False,False
6256,2004-11-26 08:00:00,4.3,1508.0,1379.0,496.0,1767.0,1567.0,10.0,75.0,0.9179,True,False,False
6257,2004-11-26 09:00:00,5.8,1521.0,1470.0,456.0,1857.0,1727.0,10.6,72.7,0.9272,True,False,False
6258,2004-11-26 10:00:00,5.6,1562.0,1458.0,458.0,1770.0,2021.0,12.4,64.8,0.931,True,False,False
6259,2004-11-26 11:00:00,4.0,1392.0,1192.0,543.0,1508.0,1795.0,13.7,59.9,0.9335,True,False,False
6260,2004-11-26 12:00:00,4.0,1439.0,1267.0,522.0,1586.0,1852.0,14.9,57.0,0.9564,True,False,False
6261,2004-11-26 13:00:00,4.9,1539.0,1371.0,488.0,1712.0,1943.0,15.5,56.2,0.9814,True,False,False
6262,2004-11-26 14:00:00,5.6,1608.0,1483.0,446.0,1845.0,2058.0,15.8,56.3,1.0026,True,False,False
6263,2004-11-26 15:00:00,5.1,1589.0,1407.0,556.0,1757.0,1972.0,15.8,57.9,1.0292,True,False,False
6264,2004-11-26 16:00:00,6.2,1704.0,1531.0,507.0,1904.0,2098.0,15.7,58.9,1.0432,True,False,False
6265,2004-11-26 17:00:00,7.7,1822.0,1686.0,387.0,2077.0,2244.0,15.5,61.2,1.067,True,False,False
6266,2004-11-26 18:00:00,10.1,1956.0,1877.0,347.0,2338.0,2465.0,15.5,62.8,1.0979,True,False,False
6267,2004-11-26 19:00:00,6.4,1676.0,1568.0,444.0,1983.0,2096.0,15.6,64.9,1.1396,True,False,False
6268,2004-11-26 20:00:00,7.7,1834.0,1723.0,400.0,2204.0,2190.0,15.1,67.0,1.1394,True,False,False
6269,2004-11-26 21:00:00,8.1,1759.0,1588.0,437.0,1971.0,2234.0,14.6,67.7,1.1164,True,False,False
6270,2004-11-26 22:00:00,4.7,1518.0,1293.0,515.0,1602.0,2048.0,13.8,67.8,1.0609,True,False,False
6271,2004-11-26 23:00:00,4.3,1502.0,1256.0,560.0,1568.0,2044.0,13.4,69.0,1.0579,True,False,False
6272,2004-11-27 00:00:00,4.1,1499.0,1207.0,748.0,1530.0,1881.0,13.0,73.7,1.0957,True,False,False
6273,2004-11-27 01:00:00,4.2,1531.0,1238.0,619.0,1583.0,1774.0,12.7,77.5,1.1339,True,False,False
6274,2004-11-27 02:00:00,3.8,1424.0,1145.0,641.0,1482.0,1615.0,12.4,78.4,1.1269,True,False,False
6275,2004-11-27 03:00:00,2.7,1279.0,986.0,756.0,1362.0,1473.0,11.9,79.7,1.1075,True,False,False
6276,2004-11-27 04:00:00,2.4,1250.0,942.0,755.0,1323.0,1380.0,11.9,80.7,1.1199,True,False,False
6277,2004-11-27 05:00:00,2.0,1189.0,870.0,821.0,1272.0,1251.0,13.2,75.8,1.1459,True,False,False
6278,2004-11-27 06:00:00,1.7,1197.0,881.0,820.0,1295.0,1173.0,12.3,81.9,1.1674,True,False,False
6279,2004-11-27 07:00:00,2.1,1273.0,946.0,729.0,1349.0,1217.0,12.8,80.8,1.1898,True,False,False
6280,2004-11-27 08:00:00,2.5,1298.0,1017.0,727.0,1418.0,1193.0,13.7,76.3,1.1932,True,False,False
6281,2004-11-27 09:00:00,3.8,1453.0,1190.0,583.0,1644.0,1358.0,13.4,78.8,1.2104,True,False,False
6282,2004-11-27 10:00:00,3.9,1492.0,1233.0,561.0,1672.0,1481.0,13.8,77.8,1.2201,True,False,False
6283,2004-11-27 11:00:00,4.2,1481.0,1202.0,768.0,1639.0,1532.0,15.1,73.2,1.244,True,False,False
6284,2004-11-27 12:00:00,4.0,1524.0,1228.0,853.0,1646.0,1675.0,15.8,70.5,1.2557,True,False,False
6285,2004-11-27 13:00:00,4.4,1562.0,1280.0,479.0,1711.0,1709.0,15.4,73.3,1.27,True,False,False
6286,2004-11-27 14:00:00,4.7,1567.0,1300.0,473.0,1753.0,1743.0,15.6,71.4,1.2596,True,False,False
6287,2004-11-27 15:00:00,4.6,1568.0,1280.0,479.0,1703.0,1774.0,16.3,68.7,1.2596,True,False,False
6288,2004-11-27 16:00:00,4.8,1622.0,1312.0,477.0,1727.0,1804.0,16.4,68.2,1.2662,True,False,False
6289,2004-11-27 17:00:00,4.5,1515.0,1259.0,508.0,1695.0,1555.0,15.6,70.2,1.238,True,False,False
6290,2004-11-27 18:00:00,5.6,1603.0,1417.0,459.0,1871.0,1621.0,14.2,75.8,1.2202,True,False,False
6291,2004-11-27 19:00:00,4.9,1514.0,1334.0,489.0,1755.0,1614.0,14.0,74.6,1.1865,True,False,False
6292,2004-11-27 20:00:00,5.3,1567.0,1392.0,470.0,1821.0,1637.0,13.3,75.8,1.1506,True,False,False
6293,2004-11-27 21:00:00,4.6,1380.0,1163.0,573.0,1547.0,1485.0,13.7,72.5,1.1326,True,False,False
6294,2004-11-27 22:00:00,2.4,1214.0,972.0,663.0,1359.0,1280.0,12.8,73.8,1.0853,True,False,False
6295,2004-11-27 23:00:00,2.7,1225.0,982.0,656.0,1358.0,1236.0,11.2,78.3,1.0415,True,False,False
6296,2004-11-28 00:00:00,2.5,1250.0,989.0,665.0,1343.0,1204.0,10.6,79.4,1.0133,True,False,False
6297,2004-11-28 01:00:00,2.3,1143.0,882.0,738.0,1260.0,1069.0,10.8,77.5,1.0027,True,False,False
6298,2004-11-28 02:00:00,,1046.0,817.0,790.0,1214.0,957.0,10.5,78.6,0.9976,False,True,False
6299,2004-11-28 03:00:00,1.3,953.0,722.0,911.0,1148.0,828.0,10.3,77.6,0.9743,True,False,False
6300,2004-11-28 04:00:00,1.0,913.0,659.0,1010.0,1121.0,748.0,10.3,74.9,0.9362,True,False,False
6301,2004-11-28 05:00:00,0.9,858.0,554.0,1207.0,1047.0,663.0,11.2,69.0,0.9159,True,False,False
6302,2004-11-28 06:00:00,0.7,848.0,560.0,1206.0,1045.0,644.0,8.9,77.1,0.8804,True,False,False
6303,2004-11-28 07:00:00,0.8,871.0,548.0,1197.0,1025.0,662.0,9.5,73.3,0.8719,True,False,False
6304,2004-11-28 08:00:00,1.0,909.0,624.0,1056.0,1073.0,736.0,8.6,77.2,0.8617,True,False,False
6305,2004-11-28 09:00:00,1.1,906.0,637.0,1024.0,1070.0,761.0,8.6,76.6,0.8586,True,False,False
6306,2004-11-28 10:00:00,0.8,859.0,573.0,1126.0,1039.0,696.0,9.7,72.0,0.8649,True,False,False
6307,2004-11-28 11:00:00,1.4,1028.0,773.0,877.0,1194.0,871.0,11.1,68.2,0.8979,True,False,False
6308,2004-11-28 12:00:00,2.2,1089.0,835.0,778.0,1216.0,1004.0,11.8,65.0,0.8966,True,False,False
6309,2004-11-28 13:00:00,2.7,1184.0,954.0,701.0,1313.0,1133.0,12.1,64.8,0.9135,True,False,False
6310,2004-11-28 14:00:00,2.3,1136.0,906.0,729.0,1274.0,1140.0,12.6,63.2,0.9209,True,False,False
6311,2004-11-28 15:00:00,1.9,1069.0,854.0,780.0,1242.0,999.0,13.4,61.9,0.9513,True,False,False
6312,2004-11-28 16:00:00,2.7,1214.0,922.0,741.0,1273.0,1124.0,13.3,63.3,0.9597,True,False,False
6313,2004-11-28 17:00:00,3.2,1212.0,926.0,720.0,1283.0,1193.0,11.2,70.9,0.9406,True,False,False
6314,2004-11-28 18:00:00,3.2,1218.0,981.0,677.0,1335.0,1258.0,9.6,76.5,0.9184,True,False,False
6315,2004-11-28 19:00:00,3.5,1279.0,1069.0,628.0,1418.0,1356.0,9.9,76.3,0.9296,True,False,False
6316,2004-11-28 20:00:00,4.5,1382.0,1196.0,573.0,1543.0,1468.0,10.4,74.6,0.9394,True,False,False
6317,2004-11-28 21:00:00,4.1,1292.0,1085.0,620.0,1438.0,1390.0,10.3,75.1,0.9399,True,False,False
6318,2004-11-28 22:00:00,3.3,1250.0,1054.0,634.0,1407.0,1348.0,10.4,75.4,0.947,True,False,False
6319,2004-11-28 23:00:00,3.1,1260.0,1030.0,639.0,1378.0,1355.0,10.5,75.4,0.9566,True,False,False
6320,2004-11-29 00:00:00,3.0,1203.0,988.0,658.0,1350.0,1315.0,10.2,78.4,0.9757,True,False,False
6321,2004-11-29 01:00:00,2.3,1146.0,900.0,718.0,1280.0,1183.0,9.9,80.5,0.984,True,False,False
6322,2004-11-29 02:00:00,2.3,1130.0,902.0,715.0,1289.0,1117.0,9.8,81.4,0.9855,True,False,False
6323,2004-11-29 03:00:00,1.7,1032.0,757.0,837.0,1182.0,1001.0,9.5,81.7,0.9693,True,False,False
6324,2004-11-29 04:00:00,1.5,993.0,720.0,891.0,1143.0,925.0,8.9,83.0,0.9487,True,False,False
6325,2004-11-29 05:00:00,1.3,987.0,759.0,856.0,1162.0,940.0,8.8,83.7,0.9529,True,False,False
6326,2004-11-29 06:00:00,1.4,1018.0,800.0,821.0,1185.0,956.0,8.7,84.2,0.9526,True,False,False
6327,2004-11-29 07:00:00,2.0,1129.0,971.0,707.0,1315.0,1064.0,8.7,83.7,0.9454,True,False,False
6328,2004-11-29 08:00:00,4.2,1440.0,1312.0,537.0,1657.0,1515.0,9.6,80.8,0.9687,True,False,False
6329,2004-11-29 09:00:00,5.9,1609.0,1540.0,486.0,1961.0,1803.0,11.3,75.3,1.0048,True,False,False
6330,2004-11-29 10:00:00,6.3,1573.0,1511.0,531.0,1916.0,1927.0,13.8,68.5,1.0718,True,False,False
6331,2004-11-29 11:00:00,6.6,1705.0,1562.0,473.0,1988.0,2197.0,14.9,64.9,1.0929,True,False,False
6332,2004-11-29 12:00:00,5.0,1551.0,1377.0,564.0,1734.0,2038.0,15.3,63.2,1.0898,True,False,False
6333,2004-11-29 13:00:00,2.5,1163.0,1016.0,781.0,1363.0,1339.0,18.6,49.1,1.0425,True,False,False
6334,2004-11-29 14:00:00,2.6,1186.0,1077.0,797.0,1404.0,1328.0,18.6,49.3,1.0451,True,False,False
6335,2004-11-29 15:00:00,1.9,1166.0,1007.0,775.0,1391.0,1227.0,18.4,49.9,1.0453,True,False,False
6336,2004-11-29 16:00:00,2.3,1200.0,1027.0,760.0,1416.0,1199.0,17.9,51.4,1.0488,True,False,False
6337,2004-11-29 17:00:00,1.9,1134.0,903.0,821.0,1299.0,1046.0,18.0,51.9,1.0622,True,False,False
6338,2004-11-29 18:00:00,2.3,1161.0,979.0,758.0,1375.0,1132.0,16.7,57.3,1.0813,True,False,False
6339,2004-11-29 19:00:00,1.8,1117.0,871.0,781.0,1320.0,986.0,17.3,57.0,1.1137,True,False,False
6340,2004-11-29 20:00:00,1.9,1114.0,872.0,857.0,1310.0,991.0,16.8,58.7,1.1109,True,False,False
6341,2004-11-29 21:00:00,1.4,1022.0,744.0,1224.0,1210.0,847.0,16.5,59.2,1.1021,True,False,False
6342,2004-11-29 22:00:00,1.2,996.0,710.0,1699.0,1182.0,783.0,16.3,59.7,1.0941,True,False,False
6343,2004-11-29 23:00:00,1.0,1002.0,704.0,1472.0,1202.0,752.0,16.0,61.6,1.1127,True,False,False
6344,2004-11-30 00:00:00,1.2,1032.0,688.0,1514.0,1200.0,737.0,15.6,66.6,1.1763,True,False,False
6345,2004-11-30 01:00:00,1.4,1052.0,766.0,1031.0,1302.0,796.0,13.8,80.4,1.2621,True,False,False
6346,2004-11-30 02:00:00,1.2,1014.0,737.0,1509.0,1288.0,765.0,13.2,84.4,1.2779,True,False,False
6347,2004-11-30 03:00:00,0.8,897.0,581.0,1184.0,1181.0,636.0,13.6,82.8,1.2845,True,False,False
6348,2004-11-30 04:00:00,0.6,878.0,518.0,1294.0,1149.0,539.0,13.8,81.3,1.2767,True,False,False
6349,2004-11-30 05:00:00,0.6,840.0,534.0,1268.0,1109.0,483.0,13.6,75.5,1.172,True,False,False
6350,2004-11-30 06:00:00,0.7,879.0,575.0,1262.0,1111.0,537.0,11.5,81.4,1.1025,True,False,False
6351,2004-11-30 07:00:00,1.1,999.0,690.0,1027.0,1192.0,707.0,11.8,80.7,1.1181,True,False,False
6352,2004-11-30 08:00:00,2.5,1251.0,1015.0,751.0,1453.0,1070.0,12.3,78.9,1.1283,True,False,False
6353,2004-11-30 09:00:00,3.6,1351.0,1226.0,648.0,1649.0,1248.0,13.0,76.0,1.1317,True,False,False
6354,2004-11-30 10:00:00,3.6,1312.0,1177.0,711.0,1588.0,1261.0,13.7,70.9,1.1076,True,False,False
6355,2004-11-30 11:00:00,3.3,1201.0,1098.0,763.0,1500.0,1209.0,14.0,70.9,1.1244,True,False,False
6356,2004-11-30 12:00:00,2.0,1120.0,932.0,897.0,1301.0,1039.0,14.6,65.9,1.088,True,False,False
6357,2004-11-30 13:00:00,1.9,1071.0,955.0,940.0,1311.0,977.0,14.9,59.9,1.0063,True,False,False
6358,2004-11-30 14:00:00,2.2,1085.0,967.0,943.0,1321.0,976.0,14.9,58.4,0.9839,True,False,False
6359,2004-11-30 15:00:00,2.2,1113.0,980.0,984.0,1311.0,995.0,15.3,54.3,0.9357,True,False,False
6360,2004-11-30 16:00:00,3.8,1310.0,1301.0,746.0,1694.0,1350.0,14.6,56.6,0.9367,True,False,False
6361,2004-11-30 17:00:00,3.5,1183.0,1122.0,897.0,1476.0,1215.0,12.6,62.0,0.9027,True,False,False
6362,2004-11-30 18:00:00,5.2,1362.0,1373.0,755.0,1698.0,1461.0,11.9,62.3,0.8674,True,False,False
6363,2004-11-30 19:00:00,6.3,1408.0,1502.0,640.0,1843.0,1598.0,11.6,64.3,0.8789,True,False,False
6364,2004-11-30 20:00:00,6.8,1471.0,1559.0,605.0,1939.0,1669.0,11.5,68.0,0.9207,True,False,False
6365,2004-11-30 21:00:00,4.1,1157.0,1063.0,905.0,1394.0,1223.0,10.7,73.9,0.9502,True,False,False
6366,2004-11-30 22:00:00,2.3,1061.0,899.0,1067.0,1277.0,939.0,9.6,83.0,0.9899,True,False,False
6367,2004-11-30 23:00:00,1.9,1006.0,836.0,1226.0,1210.0,902.0,9.6,79.9,0.9579,True,False,False
6368,2004-12-01 00:00:00,2.2,1039.0,880.0,1198.0,1251.0,933.0,9.8,79.4,0.9626,True,False,False
6369,2004-12-01 01:00:00,1.3,886.0,699.0,1900.0,1106.0,766.0,10.1,75.3,0.9322,True,False,False
6370,2004-12-01 02:00:00,1.2,900.0,701.0,1955.0,1127.0,749.0,9.1,80.0,0.9299,True,False,False
6371,2004-12-01 03:00:00,0.9,856.0,654.0,2042.0,1100.0,709.0,8.7,82.4,0.9294,True,False,False
6372,2004-12-01 04:00:00,,857.0,638.0,2061.0,1083.0,746.0,8.5,81.7,0.9074,False,True,False
6373,2004-12-01 05:00:00,0.6,844.0,618.0,2095.0,1064.0,757.0,8.3,80.4,0.8861,True,False,False
6374,2004-12-01 06:00:00,0.9,927.0,671.0,2009.0,1098.0,792.0,8.9,79.2,0.9067,True,False,False
6375,2004-12-01 07:00:00,1.4,1007.0,857.0,1699.0,1248.0,921.0,8.7,80.8,0.9096,True,False,False
6376,2004-12-01 08:00:00,3.4,1318.0,1243.0,1261.0,1638.0,1318.0,9.0,79.8,0.9203,True,False,False
6377,2004-12-01 09:00:00,5.0,1396.0,1419.0,1104.0,1799.0,1547.0,9.5,78.3,0.9338,True,False,False
6378,2004-12-01 10:00:00,4.7,1337.0,1288.0,1192.0,1648.0,1516.0,10.4,76.0,0.9561,True,False,False
6379,2004-12-01 11:00:00,3.2,1202.0,1083.0,1376.0,1410.0,1340.0,11.0,74.4,0.9736,True,False,False
6380,2004-12-01 12:00:00,3.5,1309.0,1212.0,1267.0,1533.0,1556.0,13.8,63.6,0.9959,True,False,False
6381,2004-12-01 13:00:00,4.0,1351.0,1278.0,1249.0,1623.0,1582.0,13.6,65.6,1.0167,True,False,False
6382,2004-12-01 14:00:00,5.7,1501.0,1514.0,1090.0,1898.0,1791.0,13.7,66.5,1.038,True,False,False
6383,2004-12-01 15:00:00,5.0,1426.0,1375.0,1143.0,1751.0,1631.0,13.0,73.0,1.086,True,False,False
6384,2004-12-01 16:00:00,5.6,1544.0,1446.0,1070.0,1834.0,1679.0,12.7,77.1,1.1251,True,False,False
6385,2004-12-01 17:00:00,6.2,1566.0,1474.0,1049.0,1887.0,1681.0,12.3,79.7,1.1342,True,False,False
6386,2004-12-01 18:00:00,7.5,1547.0,1532.0,1009.0,1972.0,1718.0,12.3,78.8,1.1279,True,False,False
6387,2004-12-01 19:00:00,3.0,1124.0,1047.0,1401.0,1419.0,1193.0,12.5,72.6,1.0489,True,False,False
6388,2004-12-01 20:00:00,2.6,1090.0,981.0,1513.0,1390.0,1044.0,11.8,76.1,1.0544,True,False,False
6389,2004-12-01 21:00:00,2.1,1034.0,865.0,1732.0,1280.0,925.0,11.3,79.9,1.0697,True,False,False
6390,2004-12-01 22:00:00,1.8,1040.0,859.0,1705.0,1293.0,889.0,11.1,84.3,1.1137,True,False,False
6391,2004-12-01 23:00:00,2.0,1060.0,877.0,1648.0,1313.0,929.0,11.3,83.1,1.1089,True,False,False
6392,2004-12-02 00:00:00,2.2,1076.0,903.0,1627.0,1330.0,958.0,11.6,81.0,1.1082,True,False,False
6393,2004-12-02 01:00:00,1.9,975.0,787.0,1812.0,1238.0,844.0,11.7,77.8,1.0689,True,False,False
6394,2004-12-02 02:00:00,1.6,987.0,796.0,1789.0,1254.0,830.0,11.7,78.6,1.0813,True,False,False
6395,2004-12-02 03:00:00,1.1,928.0,699.0,1930.0,1198.0,785.0,11.9,78.2,1.0856,True,False,False
6396,2004-12-02 04:00:00,0.9,889.0,646.0,2047.0,1163.0,743.0,12.0,77.4,1.0825,True,False,False
6397,2004-12-02 05:00:00,0.7,880.0,610.0,2095.0,1150.0,711.0,12.0,78.0,1.094,True,False,False
6398,2004-12-02 06:00:00,0.9,919.0,711.0,1667.0,1195.0,819.0,12.4,75.3,1.0813,True,False,False
6399,2004-12-02 07:00:00,1.4,1073.0,867.0,768.0,1329.0,981.0,12.5,76.4,1.1021,True,False,False
6400,2004-12-02 08:00:00,4.2,1435.0,1341.0,501.0,1787.0,1480.0,12.9,73.8,1.0937,True,False,False
6401,2004-12-02 09:00:00,5.0,1477.0,1501.0,444.0,1972.0,1691.0,13.3,70.7,1.0749,True,False,False
6402,2004-12-02 10:00:00,4.4,1337.0,1275.0,525.0,1655.0,1548.0,14.3,66.1,1.0711,True,False,False
6403,2004-12-02 11:00:00,3.4,1308.0,1191.0,537.0,1559.0,1523.0,15.4,63.9,1.1071,True,False,False
6404,2004-12-02 12:00:00,2.8,1245.0,1143.0,569.0,1531.0,1406.0,15.9,62.7,1.1273,True,False,False
6405,2004-12-02 13:00:00,3.4,1295.0,1205.0,538.0,1579.0,1476.0,16.4,61.9,1.1465,True,False,False
6406,2004-12-02 14:00:00,2.9,1338.0,1208.0,539.0,1600.0,1481.0,18.0,58.0,1.1901,True,False,False
6407,2004-12-02 15:00:00,3.9,1405.0,1269.0,500.0,1735.0,1534.0,19.2,57.9,1.2757,True,False,False
6408,2004-12-02 16:00:00,4.0,1456.0,1291.0,490.0,1753.0,1592.0,18.1,62.1,1.2822,True,False,False
6409,2004-12-02 17:00:00,4.9,1516.0,1423.0,455.0,1881.0,1688.0,16.7,67.3,1.2707,True,False,False
6410,2004-12-02 18:00:00,7.7,1707.0,1721.0,375.0,2260.0,1940.0,15.8,70.7,1.2601,True,False,False
6411,2004-12-02 19:00:00,9.4,1816.0,1851.0,341.0,2405.0,2069.0,15.4,73.0,1.2688,True,False,False
6412,2004-12-02 20:00:00,7.8,1713.0,1699.0,371.0,2196.0,1943.0,15.4,73.0,1.2648,True,False,False
6413,2004-12-02 21:00:00,6.6,1646.0,1570.0,401.0,2049.0,1846.0,15.3,73.6,1.2691,True,False,False
6414,2004-12-02 22:00:00,4.7,1468.0,1351.0,472.0,1783.0,1611.0,15.1,74.3,1.2623,True,False,False
6415,2004-12-02 23:00:00,4.8,1443.0,1323.0,486.0,1760.0,1487.0,14.2,78.0,1.254,True,False,False
6416,2004-12-03 00:00:00,3.2,1289.0,1087.0,587.0,1515.0,1208.0,14.1,81.4,1.3066,True,False,False
6417,2004-12-03 01:00:00,2.6,1194.0,950.0,667.0,1433.0,1043.0,14.4,82.7,1.3496,True,False,False
6418,2004-12-03 02:00:00,2.1,1165.0,957.0,661.0,1452.0,979.0,14.1,84.1,1.3461,True,False,False
6419,2004-12-03 03:00:00,1.3,1003.0,747.0,843.0,1289.0,806.0,14.1,84.8,1.3544,True,False,False
6420,2004-12-03 04:00:00,1.1,986.0,700.0,883.0,1249.0,768.0,14.0,84.1,1.3389,True,False,False
6421,2004-12-03 05:00:00,0.7,930.0,623.0,975.0,1215.0,720.0,13.9,85.1,1.3449,True,False,False
6422,2004-12-03 06:00:00,0.9,988.0,709.0,897.0,1267.0,785.0,13.8,85.5,1.3469,True,False,False
6423,2004-12-03 07:00:00,1.5,1094.0,857.0,739.0,1378.0,903.0,13.8,85.3,1.3412,True,False,False
6424,2004-12-03 08:00:00,3.8,1528.0,1328.0,487.0,1839.0,1389.0,13.7,84.5,1.3202,True,False,False
6425,2004-12-03 09:00:00,6.0,1628.0,1528.0,416.0,2081.0,1649.0,13.9,83.9,1.3284,True,False,False
6426,2004-12-03 10:00:00,5.1,1555.0,1377.0,455.0,1834.0,1621.0,14.6,81.6,1.3448,True,False,False
6427,2004-12-03 11:00:00,3.6,1290.0,1084.0,586.0,1544.0,1362.0,15.8,74.7,1.3336,True,False,False
6428,2004-12-03 12:00:00,3.0,1280.0,1144.0,555.0,1599.0,1624.0,16.4,72.1,1.336,True,False,False
6429,2004-12-03 13:00:00,3.1,1302.0,1169.0,544.0,1636.0,1605.0,16.8,70.3,1.3341,True,False,False
6430,2004-12-03 14:00:00,3.3,1332.0,1242.0,524.0,1716.0,1608.0,17.9,66.3,1.3499,True,False,False
6431,2004-12-03 15:00:00,3.4,1332.0,1163.0,548.0,1664.0,1522.0,18.8,62.7,1.3506,True,False,False
6432,2004-12-03 16:00:00,4.6,1493.0,1399.0,466.0,1893.0,1708.0,19.0,61.6,1.3407,True,False,False
6433,2004-12-03 17:00:00,6.9,1648.0,1612.0,401.0,2177.0,1885.0,17.7,68.3,1.3713,True,False,False
6434,2004-12-03 18:00:00,5.1,1482.0,1404.0,463.0,1883.0,1657.0,16.5,71.7,1.3358,True,False,False
6435,2004-12-03 19:00:00,4.9,1501.0,1392.0,476.0,1832.0,1645.0,15.7,72.7,1.2872,True,False,False
6436,2004-12-03 20:00:00,6.1,1601.0,1568.0,422.0,2111.0,1729.0,15.0,74.4,1.2593,True,False,False
6437,2004-12-03 21:00:00,6.2,1421.0,1320.0,496.0,1804.0,1556.0,14.6,75.2,1.2405,True,False,False
6438,2004-12-03 22:00:00,3.0,1232.0,1074.0,606.0,1504.0,1317.0,14.0,75.7,1.2051,True,False,False
6439,2004-12-03 23:00:00,3.4,1270.0,1117.0,586.0,1528.0,1290.0,13.1,78.7,1.1817,True,False,False
6440,2004-12-04 00:00:00,3.5,1257.0,1108.0,592.0,1520.0,1287.0,12.6,78.4,1.1419,True,False,False
6441,2004-12-04 01:00:00,3.2,1246.0,1077.0,621.0,1462.0,1235.0,12.8,77.9,1.1438,True,False,False
6442,2004-12-04 02:00:00,2.9,1166.0,1013.0,643.0,1408.0,1144.0,12.1,79.4,1.1201,True,False,False
6443,2004-12-04 03:00:00,2.1,1062.0,906.0,724.0,1305.0,1004.0,11.6,80.1,1.0899,True,False,False
6444,2004-12-04 04:00:00,,1005.0,829.0,779.0,1246.0,944.0,11.6,79.7,1.0858,False,True,False
6445,2004-12-04 05:00:00,1.7,1032.0,848.0,751.0,1266.0,972.0,11.4,81.1,1.0928,True,False,False
6446,2004-12-04 06:00:00,1.7,1034.0,876.0,740.0,1305.0,968.0,11.5,81.7,1.1033,True,False,False
6447,2004-12-04 07:00:00,1.3,1024.0,822.0,800.0,1266.0,954.0,12.4,77.1,1.1072,True,False,False
6448,2004-12-04 08:00:00,2.8,1243.0,1108.0,595.0,1539.0,1201.0,12.3,79.0,1.1293,True,False,False
6449,2004-12-04 09:00:00,2.5,1148.0,963.0,680.0,1395.0,1017.0,12.2,83.9,1.189,True,False,False
6450,2004-12-04 10:00:00,2.7,1182.0,994.0,654.0,1431.0,1039.0,12.2,85.1,1.2079,True,False,False
6451,2004-12-04 11:00:00,1.5,1015.0,835.0,796.0,1263.0,911.0,12.4,80.1,1.1462,True,False,False
6452,2004-12-04 12:00:00,2.6,1175.0,1002.0,668.0,1422.0,1059.0,13.0,77.8,1.1641,True,False,False
6453,2004-12-04 13:00:00,3.1,1224.0,1046.0,630.0,1476.0,1213.0,11.8,86.5,1.1981,True,False,False
6454,2004-12-04 14:00:00,2.5,1123.0,916.0,709.0,1346.0,1003.0,11.9,85.7,1.1912,True,False,False
6455,2004-12-04 15:00:00,2.6,1187.0,961.0,685.0,1408.0,1017.0,11.9,88.7,1.2352,True,False,False
6456,2004-12-04 16:00:00,2.5,1116.0,860.0,758.0,1316.0,937.0,12.3,87.0,1.2422,True,False,False
6457,2004-12-04 17:00:00,2.3,1131.0,912.0,728.0,1356.0,987.0,12.7,84.4,1.2352,True,False,False
6458,2004-12-04 18:00:00,3.1,1215.0,1012.0,653.0,1441.0,1131.0,13.1,81.7,1.2284,True,False,False
6459,2004-12-04 19:00:00,1.9,1077.0,852.0,773.0,1302.0,969.0,13.1,80.4,1.2038,True,False,False
6460,2004-12-04 20:00:00,2.5,1210.0,1000.0,679.0,1456.0,1062.0,13.4,79.9,1.2254,True,False,False
6461,2004-12-04 21:00:00,3.1,1181.0,956.0,689.0,1400.0,1058.0,13.8,76.8,1.206,True,False,False
6462,2004-12-04 22:00:00,2.0,1088.0,851.0,766.0,1307.0,959.0,14.0,75.9,1.2064,True,False,False
6463,2004-12-04 23:00:00,1.9,1054.0,794.0,830.0,1282.0,887.0,13.5,78.3,1.2097,True,False,False
6464,2004-12-05 00:00:00,2.4,1096.0,826.0,795.0,1285.0,911.0,13.0,79.2,1.182,True,False,False
6465,2004-12-05 01:00:00,2.0,1042.0,834.0,808.0,1267.0,914.0,12.4,77.5,1.1115,True,False,False
6466,2004-12-05 02:00:00,1.2,887.0,679.0,969.0,1132.0,786.0,12.3,71.2,1.0175,True,False,False
6467,2004-12-05 03:00:00,1.0,884.0,651.0,1034.0,1105.0,741.0,12.2,69.6,0.986,True,False,False
6468,2004-12-05 04:00:00,1.0,862.0,639.0,1033.0,1100.0,727.0,12.3,67.5,0.9624,True,False,False
6469,2004-12-05 05:00:00,0.8,821.0,584.0,1132.0,1070.0,686.0,12.7,65.6,0.9566,True,False,False
6470,2004-12-05 06:00:00,0.6,797.0,543.0,1235.0,1047.0,648.0,12.5,65.9,0.9533,True,False,False
6471,2004-12-05 07:00:00,0.7,802.0,538.0,1237.0,1042.0,645.0,12.4,65.4,0.9426,True,False,False
6472,2004-12-05 08:00:00,0.8,848.0,578.0,1160.0,1068.0,679.0,13.2,62.5,0.943,True,False,False
6473,2004-12-05 09:00:00,0.9,863.0,610.0,1088.0,1086.0,696.0,13.1,62.4,0.9366,True,False,False
6474,2004-12-05 10:00:00,1.0,889.0,661.0,1001.0,1115.0,735.0,12.9,64.7,0.9564,True,False,False
6475,2004-12-05 11:00:00,1.3,969.0,733.0,901.0,1191.0,803.0,13.0,67.6,1.009,True,False,False
6476,2004-12-05 12:00:00,1.7,1013.0,795.0,826.0,1257.0,848.0,13.0,69.7,1.0403,True,False,False
6477,2004-12-05 13:00:00,2.4,1100.0,842.0,774.0,1296.0,882.0,12.0,80.0,1.1167,True,False,False
6478,2004-12-05 14:00:00,1.7,1019.0,788.0,828.0,1267.0,812.0,11.4,83.7,1.1278,True,False,False
6479,2004-12-05 15:00:00,1.8,1061.0,887.0,745.0,1367.0,889.0,12.0,80.8,1.1264,True,False,False
6480,2004-12-05 16:00:00,1.5,940.0,692.0,934.0,1177.0,749.0,11.5,81.0,1.101,True,False,False
6481,2004-12-05 17:00:00,1.1,904.0,640.0,1022.0,1152.0,682.0,11.3,81.0,1.0851,True,False,False
6482,2004-12-05 18:00:00,2.4,1120.0,935.0,744.0,1385.0,922.0,12.0,78.4,1.0954,True,False,False
6483,2004-12-05 19:00:00,2.0,987.0,746.0,880.0,1212.0,833.0,12.1,75.5,1.0669,True,False,False
6484,2004-12-05 20:00:00,1.5,971.0,734.0,905.0,1187.0,808.0,12.5,71.9,1.0351,True,False,False
6485,2004-12-05 21:00:00,1.7,965.0,733.0,909.0,1173.0,790.0,12.6,70.5,1.0239,True,False,False
6486,2004-12-05 22:00:00,1.0,873.0,641.0,1025.0,1120.0,685.0,12.5,69.1,1.0003,True,False,False
6487,2004-12-05 23:00:00,1.0,892.0,672.0,1012.0,1111.0,706.0,13.1,64.3,0.9628,True,False,False
6488,2004-12-06 00:00:00,1.0,857.0,605.0,1094.0,1071.0,636.0,13.2,62.9,0.9517,True,False,False
6489,2004-12-06 01:00:00,0.9,901.0,662.0,1034.0,1127.0,678.0,13.3,63.6,0.9673,True,False,False
6490,2004-12-06 02:00:00,1.1,901.0,661.0,1022.0,1124.0,714.0,13.3,65.3,0.9948,True,False,False
6491,2004-12-06 03:00:00,1.1,904.0,649.0,983.0,1157.0,726.0,12.7,72.2,1.0525,True,False,False
6492,2004-12-06 04:00:00,0.6,857.0,562.0,1140.0,1130.0,646.0,11.9,79.6,1.1043,True,False,False
6493,2004-12-06 05:00:00,0.7,881.0,602.0,1034.0,1157.0,685.0,11.8,81.4,1.1238,True,False,False
6494,2004-12-06 06:00:00,0.9,913.0,701.0,926.0,1219.0,750.0,12.0,80.1,1.1231,True,False,False
6495,2004-12-06 07:00:00,1.3,1012.0,817.0,819.0,1314.0,878.0,12.2,78.8,1.1178,True,False,False
6496,2004-12-06 08:00:00,3.1,1314.0,1173.0,589.0,1627.0,1238.0,12.7,77.2,1.1298,True,False,False
6497,2004-12-06 09:00:00,4.9,1479.0,1465.0,471.0,2018.0,1572.0,13.4,74.4,1.1407,True,False,False
6498,2004-12-06 10:00:00,4.7,1299.0,1254.0,566.0,1662.0,1488.0,15.9,63.4,1.1349,True,False,False
6499,2004-12-06 11:00:00,3.2,1221.0,1090.0,641.0,1489.0,1424.0,18.5,52.9,1.1174,True,False,False
6500,2004-12-06 12:00:00,2.5,1171.0,1049.0,655.0,1418.0,1338.0,18.4,52.6,1.1064,True,False,False
6501,2004-12-06 13:00:00,3.8,1316.0,1293.0,538.0,1682.0,1559.0,19.4,49.8,1.1095,True,False,False
6502,2004-12-06 14:00:00,3.3,1208.0,1191.0,573.0,1589.0,1415.0,19.5,50.1,1.1225,True,False,False
6503,2004-12-06 15:00:00,2.5,1145.0,1112.0,621.0,1481.0,1331.0,20.3,47.5,1.1187,True,False,False
6504,2004-12-06 16:00:00,2.7,1189.0,1167.0,599.0,1541.0,1315.0,18.7,53.0,1.1322,True,False,False
6505,2004-12-06 17:00:00,2.9,1173.0,1170.0,597.0,1551.0,1289.0,17.3,57.1,1.1161,True,False,False
6506,2004-12-06 18:00:00,3.1,1237.0,1239.0,570.0,1620.0,1389.0,16.4,59.5,1.1017,True,False,False
6507,2004-12-06 19:00:00,4.0,1253.0,1238.0,571.0,1613.0,1351.0,15.9,60.8,1.088,True,False,False
6508,2004-12-06 20:00:00,3.1,1155.0,1126.0,617.0,1511.0,1267.0,15.5,60.7,1.0591,True,False,False
6509,2004-12-06 21:00:00,2.7,1175.0,1077.0,634.0,1480.0,1279.0,15.3,63.1,1.0872,True,False,False
6510,2004-12-06 22:00:00,1.7,1001.0,871.0,806.0,1264.0,1071.0,16.6,58.5,1.0963,True,False,False
6511,2004-12-06 23:00:00,1.5,1014.0,804.0,871.0,1233.0,994.0,14.6,64.7,1.0677,True,False,False
6512,2004-12-07 00:00:00,1.4,966.0,770.0,900.0,1206.0,956.0,14.0,66.1,1.05,True,False,False
6513,2004-12-07 01:00:00,1.4,987.0,786.0,901.0,1220.0,936.0,13.0,69.4,1.0364,True,False,False
6514,2004-12-07 02:00:00,1.1,888.0,680.0,985.0,1138.0,826.0,13.1,67.4,1.0101,True,False,False
6515,2004-12-07 03:00:00,1.1,911.0,719.0,947.0,1170.0,839.0,11.6,73.4,0.999,True,False,False
6516,2004-12-07 04:00:00,,828.0,627.0,1074.0,1103.0,748.0,11.9,71.4,0.9921,False,True,False
6517,2004-12-07 05:00:00,0.6,857.0,604.0,1126.0,1091.0,740.0,12.4,68.3,0.9801,True,False,False
6518,2004-12-07 06:00:00,0.8,886.0,641.0,1082.0,1098.0,783.0,14.1,60.6,0.9715,True,False,False
6519,2004-12-07 07:00:00,1.0,964.0,730.0,985.0,1146.0,891.0,12.9,64.2,0.9506,True,False,False
6520,2004-12-07 08:00:00,2.8,1230.0,1070.0,761.0,1431.0,1197.0,11.7,68.9,0.9439,True,False,False
6521,2004-12-07 09:00:00,3.4,1236.0,1203.0,681.0,1566.0,1311.0,12.5,65.8,0.9538,True,False,False
6522,2004-12-07 10:00:00,3.3,1322.0,1219.0,682.0,1591.0,1472.0,14.5,61.1,1.0007,True,False,False
6523,2004-12-07 11:00:00,4.1,1407.0,1292.0,643.0,1638.0,1694.0,16.9,54.2,1.0371,True,False,False
6524,2004-12-07 12:00:00,3.5,1357.0,1339.0,657.0,1583.0,1639.0,17.4,53.3,1.0528,True,False,False
6525,2004-12-07 13:00:00,3.0,1289.0,1239.0,733.0,1635.0,1469.0,18.8,49.3,1.0581,True,False,False
6526,2004-12-07 14:00:00,3.6,1257.0,1179.0,818.0,1545.0,1415.0,19.4,47.1,1.051,True,False,False
6527,2004-12-07 15:00:00,3.0,1199.0,1108.0,818.0,1450.0,1250.0,19.2,47.1,1.0371,True,False,False
6528,2004-12-07 16:00:00,2.6,1181.0,1121.0,629.0,1466.0,1236.0,17.7,51.5,1.0315,True,False,False
6529,2004-12-07 17:00:00,2.6,1175.0,1112.0,628.0,1484.0,1212.0,16.5,54.6,1.0164,True,False,False
6530,2004-12-07 18:00:00,3.1,1202.0,1126.0,606.0,1480.0,1212.0,15.4,57.9,1.0068,True,False,False
6531,2004-12-07 19:00:00,3.2,1170.0,1095.0,618.0,1470.0,1195.0,15.2,58.4,1.0007,True,False,False
6532,2004-12-07 20:00:00,2.4,1115.0,1036.0,649.0,1381.0,1200.0,14.9,58.4,0.9843,True,False,False
6533,2004-12-07 21:00:00,2.6,1130.0,1026.0,657.0,1374.0,1209.0,14.5,60.4,0.9909,True,False,False
6534,2004-12-07 22:00:00,2.4,1195.0,1013.0,646.0,1345.0,1276.0,14.5,62.3,1.0216,True,False,False
6535,2004-12-07 23:00:00,1.8,1111.0,887.0,720.0,1262.0,1132.0,14.6,60.6,1.0033,True,False,False
6536,2004-12-08 00:00:00,1.7,1092.0,855.0,750.0,1231.0,1061.0,15.0,59.3,1.0045,True,False,False
6537,2004-12-08 01:00:00,1.9,1111.0,856.0,746.0,1254.0,1036.0,14.7,60.3,1.0031,True,False,False
6538,2004-12-08 02:00:00,1.4,992.0,731.0,1035.0,1149.0,911.0,15.3,59.1,1.0191,True,False,False
6539,2004-12-08 03:00:00,1.5,1051.0,815.0,1305.0,1203.0,951.0,12.3,69.7,0.9954,True,False,False
6540,2004-12-08 04:00:00,1.7,1080.0,896.0,1075.0,1262.0,1033.0,11.6,72.5,0.9916,True,False,False
6541,2004-12-08 05:00:00,1.0,893.0,655.0,990.0,1097.0,816.0,12.0,71.9,1.003,True,False,False
6542,2004-12-08 06:00:00,0.9,923.0,664.0,988.0,1121.0,822.0,11.8,71.8,0.9909,True,False,False
6543,2004-12-08 07:00:00,1.0,950.0,713.0,917.0,1139.0,841.0,11.8,71.4,0.9864,True,False,False
6544,2004-12-08 08:00:00,1.0,947.0,666.0,985.0,1115.0,795.0,12.8,66.3,0.9804,True,False,False
6545,2004-12-08 09:00:00,1.1,973.0,712.0,923.0,1157.0,831.0,13.2,65.2,0.9841,True,False,False
6546,2004-12-08 10:00:00,1.7,1111.0,884.0,751.0,1280.0,1025.0,13.1,66.2,0.9933,True,False,False
6547,2004-12-08 11:00:00,2.3,1206.0,969.0,701.0,1365.0,1178.0,14.3,63.3,1.0266,True,False,False
6548,2004-12-08 12:00:00,2.1,1202.0,958.0,732.0,1330.0,1181.0,16.0,58.1,1.0482,True,False,False
6549,2004-12-08 13:00:00,2.7,1261.0,1022.0,635.0,1407.0,1250.0,17.3,53.9,1.0562,True,False,False
6550,2004-12-08 14:00:00,2.3,1102.0,855.0,763.0,1279.0,1039.0,17.3,53.3,1.0407,True,False,False
6551,2004-12-08 15:00:00,1.2,997.0,742.0,911.0,1180.0,899.0,16.7,54.7,1.0311,True,False,False
6552,2004-12-08 16:00:00,1.4,1049.0,790.0,870.0,1183.0,1019.0,15.4,58.9,1.02,True,False,False
6553,2004-12-08 17:00:00,1.9,1082.0,834.0,800.0,1207.0,1057.0,15.2,58.0,0.9927,True,False,False
6554,2004-12-08 18:00:00,2.6,1177.0,987.0,692.0,1324.0,1229.0,16.2,54.5,0.9956,True,False,False
6555,2004-12-08 19:00:00,2.4,1166.0,935.0,756.0,1301.0,1135.0,16.5,55.3,1.0267,True,False,False
6556,2004-12-08 20:00:00,3.5,1352.0,1118.0,625.0,1524.0,1188.0,14.6,72.1,1.1947,True,False,False
6557,2004-12-08 21:00:00,3.5,1210.0,947.0,697.0,1404.0,1060.0,13.9,76.7,1.2098,True,False,False
6558,2004-12-08 22:00:00,2.2,1161.0,909.0,721.0,1370.0,962.0,13.7,79.3,1.2326,True,False,False
6559,2004-12-08 23:00:00,2.3,1142.0,866.0,815.0,1329.0,939.0,13.8,77.3,1.2169,True,False,False
6560,2004-12-09 00:00:00,1.9,1054.0,789.0,886.0,1254.0,864.0,14.2,71.7,1.1578,True,False,False
6561,2004-12-09 01:00:00,1.0,926.0,649.0,1035.0,1145.0,741.0,14.9,65.7,1.105,True,False,False
6562,2004-12-09 02:00:00,0.8,873.0,583.0,1155.0,1108.0,642.0,14.7,67.3,1.1177,True,False,False
6563,2004-12-09 03:00:00,0.5,832.0,518.0,1264.0,1061.0,539.0,15.2,63.2,1.0821,True,False,False
6564,2004-12-09 04:00:00,0.4,803.0,466.0,1451.0,1034.0,449.0,14.8,65.5,1.0965,True,False,False
6565,2004-12-09 05:00:00,0.4,818.0,463.0,1509.0,1046.0,437.0,14.4,68.5,1.1158,True,False,False
6566,2004-12-09 06:00:00,0.4,814.0,482.0,1426.0,1027.0,457.0,14.5,62.9,1.0335,True,False,False
6567,2004-12-09 07:00:00,0.6,832.0,530.0,1346.0,1027.0,512.0,14.6,56.7,0.9358,True,False,False
6568,2004-12-09 08:00:00,1.9,1091.0,882.0,844.0,1288.0,931.0,15.0,55.3,0.9338,True,False,False
6569,2004-12-09 09:00:00,2.0,1019.0,874.0,1113.0,1235.0,905.0,14.5,56.5,0.9306,True,False,False
6570,2004-12-09 10:00:00,1.4,937.0,750.0,1386.0,1141.0,790.0,14.3,55.4,0.9005,True,False,False
6571,2004-12-09 11:00:00,1.4,950.0,786.0,1038.0,1145.0,850.0,14.7,52.5,0.8716,True,False,False
6572,2004-12-09 12:00:00,1.5,962.0,785.0,993.0,1161.0,870.0,15.5,51.7,0.9033,True,False,False
6573,2004-12-09 13:00:00,1.6,969.0,812.0,989.0,1189.0,842.0,14.9,53.4,0.8998,True,False,False
6574,2004-12-09 14:00:00,1.8,1010.0,863.0,915.0,1257.0,886.0,15.2,51.0,0.8762,True,False,False
6575,2004-12-09 15:00:00,1.4,946.0,780.0,945.0,1142.0,801.0,15.2,50.1,0.858,True,False,False
6576,2004-12-09 16:00:00,1.7,988.0,865.0,876.0,1190.0,895.0,15.6,46.6,0.8176,True,False,False
6577,2004-12-09 17:00:00,1.7,948.0,799.0,1539.0,1145.0,827.0,14.8,48.4,0.8069,True,False,False
6578,2004-12-09 18:00:00,2.3,1045.0,960.0,1376.0,1259.0,972.0,14.6,48.0,0.7902,True,False,False
6579,2004-12-09 19:00:00,3.2,1114.0,1057.0,777.0,1301.0,1079.0,15.1,45.4,0.7759,True,False,False
6580,2004-12-09 20:00:00,2.6,1006.0,987.0,1028.0,1247.0,964.0,14.5,45.4,0.7458,True,False,False
6581,2004-12-09 21:00:00,1.6,889.0,738.0,1379.0,1061.0,743.0,13.4,48.1,0.7374,True,False,False
6582,2004-12-09 22:00:00,0.8,792.0,583.0,1972.0,946.0,517.0,12.3,48.7,0.6931,True,False,False
6583,2004-12-09 23:00:00,0.7,808.0,572.0,1729.0,954.0,468.0,12.0,51.2,0.7179,True,False,False
6584,2004-12-10 00:00:00,0.6,814.0,574.0,1613.0,965.0,461.0,11.9,54.6,0.7589,True,False,False
6585,2004-12-10 01:00:00,0.7,827.0,636.0,1485.0,980.0,483.0,13.7,45.0,0.6991,True,False,False
6586,2004-12-10 02:00:00,0.7,801.0,633.0,1489.0,940.0,482.0,14.7,37.5,0.622,True,False,False
6587,2004-12-10 03:00:00,0.5,770.0,600.0,2081.0,901.0,416.0,13.8,36.8,0.576,True,False,False
6588,2004-12-10 04:00:00,,721.0,470.0,2331.0,815.0,367.0,13.2,35.6,0.5375,False,True,False
6589,2004-12-10 05:00:00,0.3,709.0,437.0,2559.0,787.0,324.0,12.0,37.3,0.5239,True,False,False
6590,2004-12-10 06:00:00,0.4,734.0,478.0,2294.0,805.0,378.0,11.7,38.1,0.5223,True,False,False
6591,2004-12-10 07:00:00,0.5,770.0,533.0,2683.0,839.0,480.0,11.5,38.0,0.5159,True,False,False
6592,2004-12-10 08:00:00,1.4,919.0,795.0,2327.0,998.0,822.0,12.3,35.8,0.5086,True,False,False
6593,2004-12-10 09:00:00,2.4,996.0,998.0,2318.0,1136.0,1060.0,12.9,34.5,0.5102,True,False,False
6594,2004-12-10 10:00:00,1.8,925.0,866.0,2542.0,1013.0,916.0,14.4,30.2,0.4911,True,False,False
6595,2004-12-10 11:00:00,1.5,883.0,821.0,886.0,967.0,844.0,16.2,26.2,0.4789,True,False,False
6596,2004-12-10 12:00:00,1.5,884.0,822.0,909.0,968.0,807.0,17.1,23.5,0.453,True,False,False
6597,2004-12-10 13:00:00,1.8,920.0,903.0,849.0,1011.0,853.0,18.1,21.3,0.4396,True,False,False
6598,2004-12-10 14:00:00,2.1,941.0,941.0,837.0,1036.0,884.0,18.8,20.0,0.4278,True,False,False
6599,2004-12-10 15:00:00,1.7,934.0,914.0,873.0,1016.0,834.0,18.1,20.8,0.4274,True,False,False
6600,2004-12-10 16:00:00,2.3,929.0,928.0,842.0,1001.0,893.0,17.6,19.9,0.3952,True,False,False
6601,2004-12-10 17:00:00,2.9,972.0,1043.0,764.0,1083.0,1037.0,16.0,20.8,0.3757,True,False,False
6602,2004-12-10 18:00:00,4.0,1073.0,1195.0,675.0,1249.0,1244.0,14.6,23.7,0.3903,True,False,False
6603,2004-12-10 19:00:00,4.2,1050.0,1260.0,662.0,1256.0,1269.0,13.7,22.9,0.3581,True,False,False
6604,2004-12-10 20:00:00,3.5,980.0,1132.0,742.0,1102.0,1125.0,12.8,21.7,0.3182,True,False,False
6605,2004-12-10 21:00:00,2.6,872.0,900.0,918.0,910.0,946.0,12.7,21.3,0.3119,True,False,False
6606,2004-12-10 22:00:00,1.3,802.0,743.0,1051.0,826.0,751.0,12.8,22.5,0.3309,True,False,False
6607,2004-12-10 23:00:00,1.0,792.0,674.0,1122.0,810.0,670.0,12.6,23.4,0.3408,True,False,False
6608,2004-12-11 00:00:00,1.6,857.0,753.0,1034.0,860.0,754.0,12.4,24.0,0.3443,True,False,False
6609,2004-12-11 01:00:00,1.6,856.0,734.0,1041.0,853.0,781.0,12.5,24.0,0.3462,True,False,False
6610,2004-12-11 02:00:00,1.1,869.0,702.0,1019.0,891.0,842.0,11.9,32.4,0.4489,True,False,False
6611,2004-12-11 03:00:00,1.1,890.0,688.0,1015.0,897.0,840.0,11.7,33.8,0.4623,True,False,False
6612,2004-12-11 04:00:00,0.8,834.0,632.0,1102.0,871.0,746.0,11.5,34.2,0.4621,True,False,False
6613,2004-12-11 05:00:00,0.8,860.0,616.0,1105.0,873.0,754.0,10.5,37.8,0.4799,True,False,False
6614,2004-12-11 06:00:00,1.0,909.0,728.0,933.0,948.0,905.0,7.8,47.4,0.5046,True,False,False
6615,2004-12-11 07:00:00,1.2,955.0,772.0,1030.0,957.0,960.0,9.3,43.1,0.5062,True,False,False
6616,2004-12-11 08:00:00,1.7,1035.0,914.0,947.0,1064.0,1080.0,8.2,46.8,0.5091,True,False,False
6617,2004-12-11 09:00:00,2.4,1087.0,1121.0,711.0,1177.0,1209.0,10.7,34.2,0.439,True,False,False
6618,2004-12-11 10:00:00,2.8,1101.0,1083.0,692.0,1130.0,1243.0,14.4,28.2,0.4593,True,False,False
6619,2004-12-11 11:00:00,2.9,1135.0,1100.0,679.0,1161.0,1273.0,17.4,23.3,0.4599,True,False,False
6620,2004-12-11 12:00:00,2.6,1095.0,1067.0,702.0,1152.0,1216.0,17.8,23.6,0.4766,True,False,False
6621,2004-12-11 13:00:00,2.3,986.0,931.0,815.0,1011.0,976.0,18.3,19.5,0.4044,True,False,False
6622,2004-12-11 14:00:00,2.3,991.0,940.0,816.0,1035.0,973.0,18.9,18.9,0.4091,True,False,False
6623,2004-12-11 15:00:00,1.7,926.0,815.0,931.0,945.0,827.0,18.4,19.7,0.4117,True,False,False
6624,2004-12-11 16:00:00,1.8,974.0,891.0,857.0,1005.0,912.0,17.8,21.0,0.4234,True,False,False
6625,2004-12-11 17:00:00,2.5,1042.0,1031.0,756.0,1094.0,1084.0,16.1,23.4,0.4248,True,False,False
6626,2004-12-11 18:00:00,2.4,1006.0,1005.0,781.0,1071.0,1045.0,14.9,24.9,0.4178,True,False,False
6627,2004-12-11 19:00:00,2.0,979.0,946.0,826.0,1018.0,1026.0,14.6,24.6,0.4054,True,False,False
6628,2004-12-11 20:00:00,2.3,1072.0,1011.0,762.0,1075.0,1172.0,14.2,26.8,0.4332,True,False,False
6629,2004-12-11 21:00:00,2.9,1217.0,1037.0,669.0,1167.0,1452.0,13.3,38.7,0.5867,True,False,False
6630,2004-12-11 22:00:00,2.0,1124.0,939.0,737.0,1126.0,1317.0,11.2,45.1,0.6004,True,False,False
6631,2004-12-11 23:00:00,2.5,1152.0,1036.0,670.0,1206.0,1365.0,8.8,52.5,0.5969,True,False,False
6632,2004-12-12 00:00:00,3.0,1216.0,1039.0,685.0,1183.0,1378.0,8.6,54.3,0.606,True,False,False
6633,2004-12-12 01:00:00,2.4,1095.0,1024.0,708.0,1219.0,1246.0,8.1,53.2,0.5746,True,False,False
6634,2004-12-12 02:00:00,2.6,1099.0,994.0,715.0,1164.0,1186.0,6.8,57.8,0.5768,True,False,False
6635,2004-12-12 03:00:00,2.0,974.0,832.0,832.0,1035.0,1024.0,6.6,58.1,0.5687,True,False,False
6636,2004-12-12 04:00:00,2.1,1091.0,971.0,703.0,1148.0,1187.0,5.4,64.1,0.5772,True,False,False
6637,2004-12-12 05:00:00,1.7,955.0,804.0,843.0,1017.0,1007.0,5.6,61.6,0.5656,True,False,False
6638,2004-12-12 06:00:00,1.5,975.0,859.0,777.0,1043.0,1019.0,4.2,69.0,0.5737,True,False,False
6639,2004-12-12 07:00:00,1.3,909.0,709.0,936.0,953.0,921.0,4.8,64.6,0.563,True,False,False
6640,2004-12-12 08:00:00,1.9,992.0,853.0,821.0,1052.0,1038.0,4.0,69.0,0.5661,True,False,False
6641,2004-12-12 09:00:00,2.0,1018.0,889.0,780.0,1085.0,1105.0,4.9,66.3,0.5786,True,False,False
6642,2004-12-12 10:00:00,2.7,1100.0,974.0,728.0,1131.0,1208.0,9.4,48.7,0.5748,True,False,False
6643,2004-12-12 11:00:00,2.4,1101.0,934.0,751.0,1085.0,1208.0,12.6,39.9,0.5804,True,False,False
6644,2004-12-12 12:00:00,2.7,1148.0,1025.0,701.0,1165.0,1282.0,14.4,35.3,0.5763,True,False,False
6645,2004-12-12 13:00:00,3.2,1253.0,1108.0,633.0,1253.0,1494.0,15.1,37.4,0.6374,True,False,False
6646,2004-12-12 14:00:00,3.4,1229.0,1075.0,638.0,1226.0,1500.0,16.0,35.8,0.6456,True,False,False
6647,2004-12-12 15:00:00,3.2,1250.0,1133.0,629.0,1274.0,1463.0,17.5,30.8,0.6095,True,False,False
6648,2004-12-12 16:00:00,4.3,1432.0,1251.0,547.0,1396.0,1722.0,17.2,34.2,0.6669,True,False,False
6649,2004-12-12 17:00:00,5.0,1530.0,1352.0,491.0,1550.0,1934.0,14.3,45.8,0.7452,True,False,False
6650,2004-12-12 18:00:00,6.3,1604.0,1438.0,466.0,1650.0,2018.0,12.2,53.9,0.7617,True,False,False
6651,2004-12-12 19:00:00,4.6,1352.0,1191.0,570.0,1362.0,1796.0,11.6,51.2,0.6965,True,False,False
6652,2004-12-12 20:00:00,3.1,1235.0,1065.0,640.0,1213.0,1594.0,11.3,50.1,0.672,True,False,False
6653,2004-12-12 21:00:00,2.6,1127.0,962.0,751.0,1120.0,1389.0,10.6,51.2,0.6541,True,False,False
6654,2004-12-12 22:00:00,2.1,1073.0,860.0,896.0,1058.0,1238.0,9.6,51.7,0.6163,True,False,False
6655,2004-12-12 23:00:00,2.1,1074.0,867.0,888.0,1064.0,1221.0,8.7,55.2,0.6225,True,False,False
6656,2004-12-13 00:00:00,2.5,1133.0,951.0,825.0,1156.0,1254.0,7.9,60.2,0.6432,True,False,False
6657,2004-12-13 01:00:00,2.0,1021.0,808.0,961.0,1048.0,1098.0,7.9,59.2,0.6331,True,False,False
6658,2004-12-13 02:00:00,1.8,995.0,807.0,978.0,1056.0,1044.0,6.7,64.6,0.6381,True,False,False
6659,2004-12-13 03:00:00,1.3,882.0,614.0,1221.0,931.0,888.0,6.9,62.3,0.6227,True,False,False
6660,2004-12-13 04:00:00,,869.0,594.0,1326.0,935.0,835.0,6.3,64.6,0.6197,False,True,False
6661,2004-12-13 05:00:00,0.7,868.0,567.0,1238.0,919.0,823.0,6.4,63.3,0.6123,True,False,False
6662,2004-12-13 06:00:00,0.9,921.0,655.0,1001.0,972.0,908.0,6.4,64.4,0.6204,True,False,False
6663,2004-12-13 07:00:00,1.5,1041.0,846.0,829.0,1112.0,1076.0,5.6,68.9,0.6328,True,False,False
6664,2004-12-13 08:00:00,3.4,1275.0,1193.0,596.0,1389.0,1393.0,6.4,65.6,0.6348,True,False,False
6665,2004-12-13 09:00:00,3.4,1238.0,1202.0,748.0,1382.0,1429.0,7.3,61.4,0.6306,True,False,False
6666,2004-12-13 10:00:00,3.2,1288.0,1220.0,937.0,1391.0,1594.0,9.6,53.7,0.6409,True,False,False
6667,2004-12-13 11:00:00,4.8,1422.0,1362.0,775.0,1509.0,1956.0,12.0,45.9,0.6421,True,False,False
6668,2004-12-13 12:00:00,3.5,1293.0,1236.0,784.0,1370.0,1872.0,12.7,44.4,0.6512,True,False,False
6669,2004-12-13 13:00:00,4.1,1410.0,1363.0,690.0,1515.0,2014.0,13.9,42.8,0.6761,True,False,False
6670,2004-12-13 14:00:00,4.8,1425.0,1386.0,691.0,1536.0,1978.0,15.0,41.4,0.7016,True,False,False
6671,2004-12-13 15:00:00,4.4,1590.0,1503.0,575.0,1559.0,2257.0,16.0,38.7,0.6987,True,False,False
6672,2004-12-13 16:00:00,4.5,1520.0,1552.0,568.0,1615.0,2104.0,16.0,38.6,0.6952,True,False,False
6673,2004-12-13 17:00:00,5.9,1595.0,1628.0,495.0,1822.0,2140.0,14.1,44.9,0.7194,True,False,False
6674,2004-12-13 18:00:00,9.9,1881.0,1983.0,334.0,2271.0,2523.0,12.6,55.9,0.8142,True,False,False
6675,2004-12-13 19:00:00,6.9,1633.0,1677.0,400.0,1880.0,2188.0,11.7,60.8,0.8336,True,False,False
6676,2004-12-13 20:00:00,4.3,1391.0,1338.0,509.0,1514.0,1816.0,11.5,60.9,0.8249,True,False,False
6677,2004-12-13 21:00:00,2.9,1263.0,1164.0,581.0,1338.0,1587.0,10.6,64.1,0.8182,True,False,False
6678,2004-12-13 22:00:00,2.0,1147.0,1012.0,665.0,1214.0,1381.0,10.1,66.2,0.8185,True,False,False
6679,2004-12-13 23:00:00,1.7,1103.0,928.0,715.0,1174.0,1287.0,9.0,70.1,0.8036,True,False,False
6680,2004-12-14 00:00:00,1.9,1071.0,873.0,739.0,1150.0,1193.0,8.6,70.5,0.7915,True,False,False
6681,2004-12-14 01:00:00,2.0,1137.0,975.0,687.0,1234.0,1223.0,7.6,74.3,0.7783,True,False,False
6682,2004-12-14 02:00:00,1.9,1066.0,907.0,728.0,1174.0,1122.0,6.9,76.1,0.759,True,False,False
6683,2004-12-14 03:00:00,1.0,918.0,704.0,920.0,1032.0,932.0,8.0,70.6,0.7607,True,False,False
6684,2004-12-14 04:00:00,0.8,895.0,663.0,977.0,1007.0,866.0,6.8,75.4,0.7475,True,False,False
6685,2004-12-14 05:00:00,0.7,885.0,655.0,996.0,1015.0,848.0,6.6,75.3,0.7378,True,False,False
6686,2004-12-14 06:00:00,1.1,964.0,784.0,824.0,1080.0,959.0,6.0,77.3,0.7262,True,False,False
6687,2004-12-14 07:00:00,1.7,1088.0,927.0,715.0,1196.0,1154.0,6.0,76.7,0.722,True,False,False
6688,2004-12-14 08:00:00,3.1,1274.0,1160.0,587.0,1412.0,1373.0,6.9,73.7,0.7348,True,False,False
6689,2004-12-14 09:00:00,4.4,1406.0,1483.0,478.0,1767.0,1708.0,7.6,70.6,0.7371,True,False,False
6690,2004-12-14 10:00:00,5.6,1521.0,1568.0,440.0,1843.0,2097.0,9.3,64.2,0.7544,True,False,False
6691,2004-12-14 11:00:00,4.4,1408.0,1412.0,484.0,1608.0,2056.0,11.7,55.7,0.763,True,False,False
6692,2004-12-14 12:00:00,4.4,1377.0,1342.0,499.0,1546.0,2006.0,12.9,54.1,0.8003,True,False,False
6693,2004-12-14 13:00:00,4.7,1470.0,1450.0,481.0,1706.0,2015.0,14.0,53.0,0.8451,True,False,False
6694,2004-12-14 14:00:00,4.2,1416.0,1346.0,609.0,1570.0,1945.0,15.1,50.2,0.8552,True,False,False
6695,2004-12-14 15:00:00,3.3,1383.0,1314.0,785.0,1538.0,1793.0,16.7,47.3,0.8883,True,False,False
6696,2004-12-14 16:00:00,5.1,1574.0,1483.0,460.0,1778.0,1962.0,16.8,48.4,0.9175,True,False,False
6697,2004-12-14 17:00:00,7.4,,,,,,,,,False,False,True
6698,2004-12-14 18:00:00,9.3,,,,,,,,,False,False,True
6699,2004-12-14 19:00:00,7.4,,,,,,,,,False,False,True
6700,2004-12-14 20:00:00,5.3,,,,,,,,,False,False,True
6701,2004-12-14 21:00:00,4.1,,,,,,,,,False,False,True
6702,2004-12-14 22:00:00,2.5,,,,,,,,,False,False,True
6703,2004-12-14 23:00:00,2.1,,,,,,,,,False,False,True
6704,2004-12-15 00:00:00,2.9,,,,,,,,,False,False,True
6705,2004-12-15 01:00:00,2.3,,,,,,,,,False,False,True
6706,2004-12-15 02:00:00,1.7,,,,,,,,,False,False,True
6707,2004-12-15 03:00:00,0.9,,,,,,,,,False,False,True
6708,2004-12-15 04:00:00,0.7,,,,,,,,,False,False,True
6709,2004-12-15 05:00:00,0.8,,,,,,,,,False,False,True
6710,2004-12-15 06:00:00,1.0,,,,,,,,,False,False,True
6711,2004-12-15 07:00:00,1.2,,,,,,,,,False,False,True
6712,2004-12-15 08:00:00,3.5,,,,,,,,,False,False,True
6713,2004-12-15 09:00:00,4.5,,,,,,,,,False,False,True
6714,2004-12-15 10:00:00,4.9,,,,,,,,,False,False,True
6715,2004-12-15 11:00:00,3.5,,,,,,,,,False,False,True
6716,2004-12-15 12:00:00,3.4,,,,,,,,,False,False,True
6717,2004-12-15 13:00:00,4.0,,,,,,,,,False,False,True
6718,2004-12-15 14:00:00,4.3,,,,,,,,,False,False,True
6719,2004-12-15 15:00:00,4.0,,,,,,,,,False,False,True
6720,2004-12-15 16:00:00,4.7,,,,,,,,,False,False,True
6721,2004-12-15 17:00:00,6.6,,,,,,,,,False,False,True
6722,2004-12-15 18:00:00,7.3,,,,,,,,,False,False,True
6723,2004-12-15 19:00:00,3.6,,,,,,,,,False,False,True
6724,2004-12-15 20:00:00,2.4,,,,,,,,,False,False,True
6725,2004-12-15 21:00:00,2.1,,,,,,,,,False,False,True
6726,2004-12-15 22:00:00,2.1,,,,,,,,,False,False,True
6727,2004-12-15 23:00:00,1.7,,,,,,,,,False,False,True
6728,2004-12-16 00:00:00,2.2,,,,,,,,,False,False,True
6729,2004-12-16 01:00:00,2.0,,,,,,,,,False,False,True
6730,2004-12-16 02:00:00,1.6,,,,,,,,,False,False,True
6731,2004-12-16 03:00:00,1.7,,,,,,,,,False,False,True
6732,2004-12-16 04:00:00,,,,,,,,,,False,True,True
6733,2004-12-16 05:00:00,1.0,,,,,,,,,False,False,True
6734,2004-12-16 06:00:00,1.0,,,,,,,,,False,False,True
6735,2004-12-16 07:00:00,1.6,,,,,,,,,False,False,True
6736,2004-12-16 08:00:00,3.5,,,,,,,,,False,False,True
6737,2004-12-16 09:00:00,5.3,,,,,,,,,False,False,True
6738,2004-12-16 10:00:00,4.6,,,,,,,,,False,False,True
6739,2004-12-16 11:00:00,4.5,,,,,,,,,False,False,True
6740,2004-12-16 12:00:00,4.2,,,,,,,,,False,False,True
6741,2004-12-16 13:00:00,4.1,,,,,,,,,False,False,True
6742,2004-12-16 14:00:00,5.5,,,,,,,,,False,False,True
6743,2004-12-16 15:00:00,4.8,,,,,,,,,False,False,True
6744,2004-12-16 16:00:00,5.5,,,,,,,,,False,False,True
6745,2004-12-16 17:00:00,5.2,,,,,,,,,False,False,True
6746,2004-12-16 18:00:00,7.5,,,,,,,,,False,False,True
6747,2004-12-16 19:00:00,8.6,,,,,,,,,False,False,True
6748,2004-12-16 20:00:00,9.1,,,,,,,,,False,False,True
6749,2004-12-16 21:00:00,8.6,,,,,,,,,False,False,True
6750,2004-12-16 22:00:00,5.4,,,,,,,,,False,False,True
6751,2004-12-16 23:00:00,4.3,,,,,,,,,False,False,True
6752,2004-12-17 00:00:00,4.2,,,,,,,,,False,False,True
6753,2004-12-17 01:00:00,4.3,,,,,,,,,False,False,True
6754,2004-12-17 02:00:00,4.2,,,,,,,,,False,False,True
6755,2004-12-17 03:00:00,2.8,,,,,,,,,False,False,True
6756,2004-12-17 04:00:00,2.2,,,,,,,,,False,False,True
6757,2004-12-17 05:00:00,1.8,,,,,,,,,False,False,True
6758,2004-12-17 06:00:00,2.0,,,,,,,,,False,False,True
6759,2004-12-17 07:00:00,2.5,,,,,,,,,False,False,True
6760,2004-12-17 08:00:00,4.1,,,,,,,,,False,False,True
6761,2004-12-17 09:00:00,6.3,,,,,,,,,False,False,True
6762,2004-12-17 10:00:00,5.0,,,,,,,,,False,False,True
6763,2004-12-17 11:00:00,5.1,,,,,,,,,False,False,True
6764,2004-12-17 12:00:00,3.6,,,,,,,,,False,False,True
6765,2004-12-17 13:00:00,3.5,,,,,,,,,False,False,True
6766,2004-12-17 14:00:00,3.7,,,,,,,,,False,False,True
6767,2004-12-17 15:00:00,3.1,,,,,,,,,False,False,True
6768,2004-12-17 16:00:00,3.2,,,,,,,,,False,False,True
6769,2004-12-17 17:00:00,3.8,,,,,,,,,False,False,True
6770,2004-12-17 18:00:00,3.2,,,,,,,,,False,False,True
6771,2004-12-17 19:00:00,3.2,,,,,,,,,False,False,True
6772,2004-12-17 20:00:00,3.3,1325.0,1191.0,564.0,1542.0,1389.0,13.3,68.0,1.0376,True,False,False
6773,2004-12-17 21:00:00,3.1,1316.0,1099.0,610.0,1451.0,1268.0,13.2,72.8,1.0984,True,False,False
6774,2004-12-17 22:00:00,2.4,1170.0,906.0,707.0,1317.0,1046.0,12.6,76.5,1.1106,True,False,False
6775,2004-12-17 23:00:00,1.4,1061.0,800.0,819.0,1232.0,862.0,12.6,74.3,1.0843,True,False,False
6776,2004-12-18 00:00:00,2.1,1109.0,855.0,787.0,1220.0,866.0,12.9,72.1,1.0658,True,False,False
6777,2004-12-18 01:00:00,1.4,1025.0,794.0,848.0,1202.0,788.0,13.1,70.5,1.0594,True,False,False
6778,2004-12-18 02:00:00,1.4,1086.0,769.0,822.0,1196.0,857.0,12.4,73.8,1.0574,True,False,False
6779,2004-12-18 03:00:00,1.3,1058.0,727.0,834.0,1193.0,860.0,12.2,74.5,1.0537,True,False,False
6780,2004-12-18 04:00:00,1.0,1034.0,719.0,858.0,1189.0,845.0,11.8,76.3,1.0547,True,False,False
6781,2004-12-18 05:00:00,1.3,1065.0,816.0,777.0,1245.0,873.0,10.8,80.0,1.0367,True,False,False
6782,2004-12-18 06:00:00,1.0,988.0,774.0,842.0,1189.0,841.0,10.4,77.3,0.9709,True,False,False
6783,2004-12-18 07:00:00,1.1,986.0,785.0,842.0,1173.0,853.0,10.0,76.2,0.9332,True,False,False
6784,2004-12-18 08:00:00,2.1,1136.0,1015.0,702.0,1287.0,1063.0,9.4,67.7,0.8018,True,False,False
6785,2004-12-18 09:00:00,3.2,1256.0,1184.0,582.0,1448.0,1276.0,9.3,71.2,0.8325,True,False,False
6786,2004-12-18 10:00:00,3.3,1228.0,1170.0,596.0,1375.0,1332.0,12.6,54.0,0.784,True,False,False
6787,2004-12-18 11:00:00,2.3,956.0,931.0,799.0,1046.0,1015.0,16.1,28.5,0.5164,True,False,False
6788,2004-12-18 12:00:00,1.0,781.0,704.0,1062.0,842.0,594.0,16.6,19.9,0.3728,True,False,False
6789,2004-12-18 13:00:00,0.8,759.0,699.0,1223.0,799.0,501.0,15.9,18.2,0.3255,True,False,False
6790,2004-12-18 14:00:00,0.8,722.0,671.0,1596.0,737.0,448.0,14.3,18.4,0.2991,True,False,False
6791,2004-12-18 15:00:00,0.6,699.0,613.0,1731.0,682.0,387.0,15.0,16.3,0.2749,True,False,False
6792,2004-12-18 16:00:00,0.9,755.0,690.0,1653.0,750.0,467.0,14.9,17.1,0.2875,True,False,False
6793,2004-12-18 17:00:00,0.8,746.0,684.0,1301.0,764.0,484.0,13.2,18.8,0.2837,True,False,False
6794,2004-12-18 18:00:00,1.2,784.0,744.0,1080.0,802.0,608.0,12.4,19.6,0.2797,True,False,False
6795,2004-12-18 19:00:00,2.1,931.0,972.0,868.0,974.0,953.0,11.9,21.3,0.2957,True,False,False
6796,2004-12-18 20:00:00,3.9,1112.0,1267.0,671.0,1250.0,1307.0,11.1,24.8,0.3264,True,False,False
6797,2004-12-18 21:00:00,4.4,1133.0,1215.0,674.0,1196.0,1415.0,10.1,29.7,0.3666,True,False,False
6798,2004-12-18 22:00:00,2.0,886.0,917.0,908.0,901.0,1023.0,10.2,23.8,0.2955,True,False,False
6799,2004-12-18 23:00:00,2.3,993.0,1030.0,805.0,1005.0,1154.0,9.4,27.4,0.3239,True,False,False
6800,2004-12-19 00:00:00,3.6,1215.0,1167.0,664.0,1181.0,1426.0,7.9,39.0,0.4154,True,False,False
6801,2004-12-19 01:00:00,3.9,1160.0,1083.0,706.0,1114.0,1363.0,7.6,40.6,0.4273,True,False,False
6802,2004-12-19 02:00:00,1.6,928.0,819.0,919.0,923.0,1006.0,6.4,43.7,0.4242,True,False,False
6803,2004-12-19 03:00:00,1.0,879.0,722.0,1014.0,878.0,873.0,6.3,44.7,0.4293,True,False,False
6804,2004-12-19 04:00:00,,833.0,632.0,1107.0,834.0,760.0,5.1,46.5,0.4125,False,True,False
6805,2004-12-19 05:00:00,1.0,840.0,649.0,1044.0,869.0,799.0,3.3,53.5,0.418,True,False,False
6806,2004-12-19 06:00:00,0.8,848.0,612.0,1169.0,852.0,703.0,4.8,49.9,0.4325,True,False,False
6807,2004-12-19 07:00:00,0.7,828.0,660.0,1078.0,881.0,781.0,2.2,60.1,0.4361,True,False,False
6808,2004-12-19 08:00:00,1.0,847.0,698.0,1034.0,905.0,815.0,2.5,59.3,0.4401,True,False,False
6809,2004-12-19 09:00:00,1.0,868.0,665.0,1067.0,865.0,800.0,3.2,55.7,0.4344,True,False,False
6810,2004-12-19 10:00:00,1.5,970.0,819.0,923.0,959.0,926.0,5.0,48.8,0.429,True,False,False
6811,2004-12-19 11:00:00,2.5,1077.0,963.0,761.0,1081.0,1151.0,5.8,49.8,0.4613,True,False,False
6812,2004-12-19 12:00:00,2.6,1058.0,962.0,778.0,1058.0,1153.0,6.0,47.6,0.4488,True,False,False
6813,2004-12-19 13:00:00,3.2,1136.0,1067.0,702.0,1143.0,1298.0,7.4,44.6,0.4613,True,False,False
6814,2004-12-19 14:00:00,3.0,1228.0,1068.0,658.0,1264.0,1238.0,5.2,73.1,0.6535,True,False,False
6815,2004-12-19 15:00:00,3.4,1235.0,1118.0,612.0,1354.0,1222.0,4.8,81.4,0.7055,True,False,False
6816,2004-12-19 16:00:00,3.3,1217.0,1036.0,661.0,1260.0,1171.0,4.7,82.3,0.7105,True,False,False
6817,2004-12-19 17:00:00,3.6,1298.0,1082.0,642.0,1287.0,1237.0,4.7,82.8,0.7157,True,False,False
6818,2004-12-19 18:00:00,5.5,1327.0,1219.0,582.0,1453.0,1366.0,4.7,83.4,0.7177,True,False,False
6819,2004-12-19 19:00:00,4.5,1293.0,1136.0,631.0,1365.0,1278.0,5.2,83.1,0.7411,True,False,False
6820,2004-12-19 20:00:00,4.7,1353.0,1187.0,599.0,1424.0,1293.0,5.5,84.1,0.7657,True,False,False
6821,2004-12-19 21:00:00,4.3,1254.0,1111.0,630.0,1360.0,1198.0,5.8,84.5,0.7822,True,False,False
6822,2004-12-19 22:00:00,3.2,1189.0,999.0,680.0,1286.0,1115.0,6.2,84.1,0.8018,True,False,False
6823,2004-12-19 23:00:00,2.9,1183.0,944.0,731.0,1226.0,1092.0,6.6,83.3,0.8183,True,False,False
6824,2004-12-20 00:00:00,3.1,1185.0,966.0,711.0,1250.0,1104.0,6.8,82.8,0.8216,True,False,False
6825,2004-12-20 01:00:00,2.8,1098.0,859.0,792.0,1211.0,1006.0,8.2,78.4,0.8561,True,False,False
6826,2004-12-20 02:00:00,1.2,938.0,639.0,1020.0,1059.0,777.0,9.7,70.9,0.8539,True,False,False
6827,2004-12-20 03:00:00,0.9,883.0,583.0,1116.0,1019.0,710.0,9.5,69.9,0.8298,True,False,False
6828,2004-12-20 04:00:00,0.8,839.0,536.0,1229.0,970.0,600.0,9.3,65.9,0.7757,True,False,False
6829,2004-12-20 05:00:00,0.6,784.0,479.0,1365.0,905.0,477.0,8.8,62.9,0.7154,True,False,False
6830,2004-12-20 06:00:00,0.6,779.0,466.0,1393.0,881.0,454.0,8.6,58.8,0.6603,True,False,False
6831,2004-12-20 07:00:00,1.0,883.0,625.0,1069.0,997.0,630.0,9.2,55.9,0.6521,True,False,False
6832,2004-12-20 08:00:00,3.2,970.0,776.0,873.0,1059.0,858.0,8.4,57.7,0.6376,True,False,False
6833,2004-12-20 09:00:00,3.6,1012.0,861.0,785.0,1133.0,951.0,8.5,60.4,0.6713,True,False,False
6834,2004-12-20 10:00:00,2.9,934.0,766.0,878.0,1047.0,836.0,8.9,57.4,0.6575,True,False,False
6835,2004-12-20 11:00:00,2.4,888.0,700.0,956.0,999.0,721.0,9.2,55.8,0.6479,True,False,False
6836,2004-12-20 12:00:00,2.5,918.0,737.0,1007.0,1030.0,703.0,9.6,53.9,0.6425,True,False,False
6837,2004-12-20 13:00:00,2.6,901.0,747.0,1001.0,1020.0,657.0,9.6,52.4,0.6276,True,False,False
6838,2004-12-20 14:00:00,2.3,857.0,708.0,972.0,983.0,581.0,9.7,49.8,0.5998,True,False,False
6839,2004-12-20 15:00:00,2.2,838.0,699.0,1015.0,944.0,546.0,9.4,44.9,0.5296,True,False,False
6840,2004-12-20 16:00:00,2.3,869.0,772.0,1051.0,966.0,641.0,9.8,41.9,0.5083,True,False,False
6841,2004-12-20 17:00:00,2.9,928.0,850.0,1118.0,1004.0,794.0,8.9,44.9,0.5125,True,False,False
6842,2004-12-20 18:00:00,4.1,1037.0,1047.0,869.0,1159.0,1042.0,8.4,45.4,0.5035,True,False,False
6843,2004-12-20 19:00:00,4.1,980.0,1008.0,758.0,1103.0,993.0,8.0,41.0,0.4416,True,False,False
6844,2004-12-20 20:00:00,4.0,978.0,1031.0,765.0,1066.0,968.0,7.9,37.1,0.3974,True,False,False
6845,2004-12-20 21:00:00,3.7,891.0,882.0,885.0,950.0,894.0,7.8,33.9,0.3594,True,False,False
6846,2004-12-20 22:00:00,1.7,762.0,657.0,1158.0,783.0,592.0,7.3,32.4,0.334,True,False,False
6847,2004-12-20 23:00:00,1.1,794.0,687.0,1100.0,826.0,611.0,7.4,34.6,0.3576,True,False,False
6848,2004-12-21 00:00:00,1.1,799.0,690.0,1125.0,823.0,611.0,7.1,33.7,0.3417,True,False,False
6849,2004-12-21 01:00:00,1.5,818.0,725.0,1065.0,849.0,694.0,6.4,35.8,0.3471,True,False,False
6850,2004-12-21 02:00:00,0.5,691.0,471.0,1552.0,698.0,357.0,5.6,37.7,0.3444,True,False,False
6851,2004-12-21 03:00:00,0.3,697.0,455.0,1726.0,698.0,318.0,5.6,37.6,0.3448,True,False,False
6852,2004-12-21 04:00:00,0.2,697.0,437.0,1705.0,702.0,325.0,5.3,38.8,0.3473,True,False,False
6853,2004-12-21 05:00:00,0.3,716.0,473.0,1595.0,734.0,343.0,4.7,41.4,0.3576,True,False,False
6854,2004-12-21 06:00:00,0.6,791.0,598.0,1186.0,802.0,608.0,4.3,43.9,0.3675,True,False,False
6855,2004-12-21 07:00:00,0.7,804.0,630.0,1188.0,806.0,712.0,4.9,40.6,0.3539,True,False,False
6856,2004-12-21 08:00:00,2.6,1093.0,1098.0,782.0,1221.0,1173.0,5.1,40.8,0.3603,True,False,False
6857,2004-12-21 09:00:00,5.5,1179.0,1390.0,567.0,1453.0,1459.0,6.5,38.1,0.3709,True,False,False
6858,2004-12-21 10:00:00,2.6,951.0,953.0,812.0,1022.0,1055.0,7.4,36.5,0.3778,True,False,False
6859,2004-12-21 11:00:00,1.5,882.0,826.0,952.0,910.0,799.0,7.9,36.4,0.3889,True,False,False
6860,2004-12-21 12:00:00,1.7,897.0,845.0,942.0,943.0,787.0,7.8,36.8,0.3908,True,False,False
6861,2004-12-21 13:00:00,2.2,949.0,965.0,860.0,1041.0,892.0,8.7,33.7,0.379,True,False,False
6862,2004-12-21 14:00:00,2.1,896.0,891.0,921.0,935.0,766.0,8.5,34.3,0.3813,True,False,False
6863,2004-12-21 15:00:00,2.2,908.0,886.0,922.0,947.0,835.0,8.9,34.5,0.3946,True,False,False
6864,2004-12-21 16:00:00,2.3,959.0,924.0,899.0,993.0,897.0,8.8,35.7,0.4043,True,False,False
6865,2004-12-21 17:00:00,2.5,994.0,1005.0,832.0,1054.0,1009.0,7.9,38.6,0.4137,True,False,False
6866,2004-12-21 18:00:00,3.1,1081.0,1202.0,691.0,1230.0,1250.0,7.6,40.1,0.4195,True,False,False
6867,2004-12-21 19:00:00,3.6,1081.0,1164.0,705.0,1171.0,1283.0,6.9,40.3,0.4025,True,False,False
6868,2004-12-21 20:00:00,3.9,1175.0,1248.0,661.0,1308.0,1377.0,6.5,41.7,0.4047,True,False,False
6869,2004-12-21 21:00:00,4.0,1123.0,1110.0,732.0,1152.0,1322.0,6.3,42.6,0.4106,True,False,False
6870,2004-12-21 22:00:00,2.3,1032.0,952.0,833.0,1025.0,1198.0,5.9,44.7,0.4186,True,False,False
6871,2004-12-21 23:00:00,1.5,927.0,805.0,965.0,918.0,1007.0,5.8,43.4,0.4037,True,False,False
6872,2004-12-22 00:00:00,1.5,952.0,838.0,948.0,937.0,976.0,5.8,42.5,0.3937,True,False,False
6873,2004-12-22 01:00:00,2.2,987.0,883.0,913.0,949.0,1013.0,5.6,42.0,0.3856,True,False,False
6874,2004-12-22 02:00:00,1.3,902.0,761.0,1048.0,872.0,868.0,5.3,42.3,0.3806,True,False,False
6875,2004-12-22 03:00:00,0.9,833.0,648.0,1135.0,814.0,760.0,5.1,43.5,0.3852,True,False,False
6876,2004-12-22 04:00:00,,776.0,525.0,1391.0,770.0,585.0,5.1,44.8,0.3967,False,True,False
6877,2004-12-22 05:00:00,0.5,812.0,541.0,1309.0,774.0,616.0,5.2,45.9,0.4099,True,False,False
6878,2004-12-22 06:00:00,0.5,821.0,563.0,1270.0,807.0,678.0,4.7,49.0,0.4209,True,False,False
6879,2004-12-22 07:00:00,0.9,932.0,701.0,944.0,875.0,936.0,4.5,51.8,0.4418,True,False,False
6880,2004-12-22 08:00:00,2.0,1069.0,931.0,782.0,1054.0,1110.0,4.5,53.0,0.4495,True,False,False
6881,2004-12-22 09:00:00,3.2,1137.0,1066.0,681.0,1151.0,1258.0,4.8,53.1,0.4605,True,False,False
6882,2004-12-22 10:00:00,2.3,1009.0,926.0,791.0,1015.0,1080.0,7.8,42.0,0.4464,True,False,False
6883,2004-12-22 11:00:00,1.8,962.0,877.0,841.0,969.0,949.0,9.3,37.6,0.4391,True,False,False
6884,2004-12-22 12:00:00,2.1,972.0,909.0,827.0,1012.0,894.0,10.0,34.2,0.4212,True,False,False
6885,2004-12-22 13:00:00,1.9,968.0,920.0,831.0,991.0,882.0,10.3,32.6,0.4094,True,False,False
6886,2004-12-22 14:00:00,2.4,939.0,902.0,884.0,969.0,872.0,9.8,31.8,0.3858,True,False,False
6887,2004-12-22 15:00:00,2.1,901.0,843.0,1061.0,907.0,751.0,9.8,30.3,0.3658,True,False,False
6888,2004-12-22 16:00:00,2.8,975.0,938.0,874.0,989.0,928.0,9.6,29.6,0.3545,True,False,False
6889,2004-12-22 17:00:00,3.3,1028.0,1025.0,774.0,1024.0,1160.0,8.1,32.5,0.3516,True,False,False
6890,2004-12-22 18:00:00,2.9,998.0,972.0,806.0,984.0,1090.0,6.8,36.1,0.3575,True,False,False
6891,2004-12-22 19:00:00,3.9,1094.0,1105.0,708.0,1086.0,1274.0,6.4,36.5,0.3519,True,False,False
6892,2004-12-22 20:00:00,4.1,1128.0,1161.0,672.0,1163.0,1340.0,5.9,37.8,0.3528,True,False,False
6893,2004-12-22 21:00:00,3.3,1111.0,1030.0,751.0,1033.0,1271.0,5.1,40.7,0.3621,True,False,False
6894,2004-12-22 22:00:00,3.3,1121.0,1023.0,725.0,1053.0,1354.0,4.8,45.1,0.3925,True,False,False
6895,2004-12-22 23:00:00,1.9,956.0,796.0,915.0,861.0,1084.0,4.5,43.9,0.3728,True,False,False
6896,2004-12-23 00:00:00,2.0,973.0,785.0,916.0,883.0,1086.0,5.2,44.1,0.3939,True,False,False
6897,2004-12-23 01:00:00,1.9,952.0,790.0,921.0,896.0,1038.0,4.3,46.4,0.3896,True,False,False
6898,2004-12-23 02:00:00,2.1,969.0,773.0,889.0,914.0,1064.0,3.0,52.5,0.4021,True,False,False
6899,2004-12-23 03:00:00,1.7,919.0,693.0,955.0,882.0,979.0,2.3,56.3,0.4134,True,False,False
6900,2004-12-23 04:00:00,1.3,874.0,657.0,985.0,867.0,930.0,1.5,61.4,0.4235,True,False,False
6901,2004-12-23 05:00:00,1.1,806.0,554.0,1206.0,807.0,783.0,4.0,50.4,0.4154,True,False,False
6902,2004-12-23 06:00:00,1.2,874.0,623.0,1096.0,847.0,831.0,2.8,55.2,0.4177,True,False,False
6903,2004-12-23 07:00:00,1.8,961.0,779.0,917.0,960.0,983.0,1.2,61.4,0.4159,True,False,False
6904,2004-12-23 08:00:00,3.6,1195.0,1096.0,668.0,1166.0,1315.0,1.4,61.3,0.4208,True,False,False
6905,2004-12-23 09:00:00,3.7,1184.0,1148.0,651.0,1178.0,1389.0,2.2,58.1,0.4218,True,False,False
6906,2004-12-23 10:00:00,3.4,1135.0,1076.0,685.0,1120.0,1396.0,4.3,49.4,0.4138,True,False,False
6907,2004-12-23 11:00:00,4.0,1211.0,1177.0,620.0,1221.0,1585.0,6.6,42.5,0.416,True,False,False
6908,2004-12-23 12:00:00,3.8,1228.0,1178.0,621.0,1202.0,1628.0,8.0,38.3,0.4133,True,False,False
6909,2004-12-23 13:00:00,4.1,1247.0,1188.0,598.0,1237.0,1692.0,9.1,36.1,0.4172,True,False,False
6910,2004-12-23 14:00:00,4.9,1336.0,1256.0,567.0,1320.0,1828.0,10.0,34.7,0.4259,True,False,False
6911,2004-12-23 15:00:00,3.3,1205.0,1079.0,652.0,1168.0,1476.0,11.0,33.0,0.4331,True,False,False
6912,2004-12-23 16:00:00,4.3,1305.0,1238.0,565.0,1325.0,1640.0,11.3,33.6,0.4504,True,False,False
6913,2004-12-23 17:00:00,6.6,1568.0,1528.0,455.0,1661.0,2046.0,9.4,41.3,0.4888,True,False,False
6914,2004-12-23 18:00:00,8.5,1630.0,1622.0,421.0,1757.0,2238.0,8.0,45.9,0.4936,True,False,False
6915,2004-12-23 19:00:00,8.7,1704.0,1689.0,402.0,1820.0,2480.0,7.1,50.3,0.51,True,False,False
6916,2004-12-23 20:00:00,9.1,1701.0,1692.0,402.0,1832.0,2415.0,6.2,56.9,0.5419,True,False,False
6917,2004-12-23 21:00:00,7.2,1564.0,1462.0,472.0,1574.0,2181.0,6.3,57.9,0.5575,True,False,False
6918,2004-12-23 22:00:00,5.0,1441.0,1314.0,517.0,1389.0,2051.0,6.2,56.8,0.5421,True,False,False
6919,2004-12-23 23:00:00,4.2,1376.0,1209.0,549.0,1283.0,2041.0,6.1,54.7,0.5201,True,False,False
6920,2004-12-24 00:00:00,4.6,1412.0,1216.0,543.0,1300.0,2059.0,6.0,55.6,0.5244,True,False,False
6921,2004-12-24 01:00:00,3.9,1352.0,1137.0,567.0,1234.0,2016.0,5.1,59.0,0.5248,True,False,False
6922,2004-12-24 02:00:00,3.4,1285.0,1052.0,605.0,1164.0,1967.0,5.1,58.4,0.517,True,False,False
6923,2004-12-24 03:00:00,3.0,1263.0,997.0,625.0,1140.0,1960.0,4.7,60.8,0.5232,True,False,False
6924,2004-12-24 04:00:00,2.4,1200.0,929.0,664.0,1082.0,1847.0,4.2,63.1,0.5259,True,False,False
6925,2004-12-24 05:00:00,2.5,1187.0,931.0,669.0,1093.0,1792.0,4.3,64.1,0.537,True,False,False
6926,2004-12-24 06:00:00,3.5,1166.0,909.0,691.0,1079.0,1680.0,4.8,61.9,0.537,True,False,False
6927,2004-12-24 07:00:00,3.9,1209.0,958.0,666.0,1124.0,1662.0,5.3,61.1,0.5499,True,False,False
6928,2004-12-24 08:00:00,4.8,1349.0,1136.0,575.0,1299.0,1810.0,5.7,61.3,0.5657,True,False,False
6929,2004-12-24 09:00:00,6.1,1458.0,1307.0,497.0,1483.0,2103.0,6.1,60.5,0.5719,True,False,False
6930,2004-12-24 10:00:00,6.6,1462.0,1263.0,510.0,1421.0,2082.0,6.7,59.7,0.589,True,False,False
6931,2004-12-24 11:00:00,6.5,1448.0,1263.0,511.0,1428.0,1971.0,7.2,58.6,0.5986,True,False,False
6932,2004-12-24 12:00:00,6.0,1419.0,1254.0,524.0,1406.0,1950.0,8.0,55.9,0.6018,True,False,False
6933,2004-12-24 13:00:00,6.9,1561.0,1425.0,465.0,1624.0,2101.0,9.8,52.4,0.6349,True,False,False
6934,2004-12-24 14:00:00,7.9,1558.0,1375.0,471.0,1563.0,2112.0,10.5,51.1,0.6503,True,False,False
6935,2004-12-24 15:00:00,6.1,1438.0,1208.0,528.0,1405.0,1962.0,10.8,52.4,0.6767,True,False,False
6936,2004-12-24 16:00:00,6.7,1532.0,1356.0,474.0,1610.0,2033.0,10.6,55.3,0.7058,True,False,False
6937,2004-12-24 17:00:00,6.8,1522.0,1337.0,479.0,1578.0,2034.0,10.4,57.0,0.7167,True,False,False
6938,2004-12-24 18:00:00,6.7,1514.0,1338.0,474.0,1598.0,2018.0,10.2,58.3,0.7256,True,False,False
6939,2004-12-24 19:00:00,6.4,,,,,,,,,False,False,True
6940,2004-12-24 20:00:00,6.8,,,,,,,,,False,False,True
6941,2004-12-24 21:00:00,5.6,,,,,,,,,False,False,True
6942,2004-12-24 22:00:00,5.4,,,,,,,,,False,False,True
6943,2004-12-24 23:00:00,5.2,,,,,,,,,False,False,True
6944,2004-12-25 00:00:00,5.9,1505.0,1168.0,525.0,1447.0,2066.0,9.4,66.1,0.7816,True,False,False
6945,2004-12-25 01:00:00,5.6,1458.0,1123.0,540.0,1395.0,2030.0,9.6,65.9,0.7869,True,False,False
6946,2004-12-25 02:00:00,5.5,1431.0,1100.0,553.0,1385.0,1913.0,9.5,66.2,0.7882,True,False,False
6947,2004-12-25 03:00:00,5.2,1366.0,1027.0,583.0,1328.0,1901.0,9.2,67.3,0.7851,True,False,False
6948,2004-12-25 04:00:00,,1332.0,997.0,601.0,1304.0,1783.0,9.1,68.7,0.7925,False,True,False
6949,2004-12-25 05:00:00,2.2,1243.0,924.0,648.0,1250.0,1534.0,9.0,69.8,0.8039,True,False,False
6950,2004-12-25 06:00:00,2.0,1251.0,924.0,644.0,1246.0,1568.0,8.9,70.5,0.8056,True,False,False
6951,2004-12-25 07:00:00,2.2,1259.0,944.0,631.0,1267.0,1622.0,8.9,70.4,0.8074,True,False,False
6952,2004-12-25 08:00:00,2.0,1268.0,926.0,645.0,1247.0,1628.0,9.1,69.6,0.8045,True,False,False
6953,2004-12-25 09:00:00,2.5,1288.0,956.0,623.0,1272.0,1553.0,9.0,70.8,0.8173,True,False,False
6954,2004-12-25 10:00:00,3.0,1410.0,1015.0,594.0,1319.0,1769.0,9.8,68.6,0.8324,True,False,False
6955,2004-12-25 11:00:00,2.8,1374.0,999.0,598.0,1316.0,1776.0,10.2,67.3,0.8373,True,False,False
6956,2004-12-25 12:00:00,3.4,1458.0,1090.0,553.0,1383.0,1898.0,10.7,65.0,0.8378,True,False,False
6957,2004-12-25 13:00:00,5.5,1609.0,1243.0,505.0,1491.0,2100.0,11.4,62.9,0.8454,True,False,False
6958,2004-12-25 14:00:00,4.0,1424.0,1090.0,566.0,1351.0,1896.0,12.2,61.1,0.8652,True,False,False
6959,2004-12-25 15:00:00,2.4,1331.0,966.0,633.0,1266.0,1745.0,12.1,61.8,0.8723,True,False,False
6960,2004-12-25 16:00:00,3.1,1434.0,1093.0,561.0,1366.0,1893.0,11.7,65.6,0.898,True,False,False
6961,2004-12-25 17:00:00,4.0,1542.0,1161.0,531.0,1435.0,1972.0,11.4,67.9,0.9119,True,False,False
6962,2004-12-25 18:00:00,4.6,1651.0,1234.0,501.0,1513.0,2020.0,11.2,70.8,0.9386,True,False,False
6963,2004-12-25 19:00:00,4.8,1633.0,1240.0,496.0,1555.0,1906.0,10.9,75.9,0.9868,True,False,False
6964,2004-12-25 20:00:00,6.2,1739.0,1333.0,460.0,1689.0,1832.0,11.3,78.3,1.0455,True,False,False
6965,2004-12-25 21:00:00,4.6,1523.0,1132.0,541.0,1488.0,1470.0,10.3,82.8,1.0369,True,False,False
6966,2004-12-25 22:00:00,4.5,1543.0,1174.0,521.0,1542.0,1494.0,10.4,82.5,1.0406,True,False,False
6967,2004-12-25 23:00:00,4.2,1469.0,1086.0,564.0,1485.0,1394.0,11.0,81.7,1.0727,True,False,False
6968,2004-12-26 00:00:00,2.6,1271.0,886.0,688.0,1321.0,1113.0,11.7,79.8,1.0964,True,False,False
6969,2004-12-26 01:00:00,1.6,1161.0,810.0,775.0,1281.0,958.0,11.6,80.0,1.0924,True,False,False
6970,2004-12-26 02:00:00,1.3,1053.0,680.0,890.0,1166.0,807.0,11.3,80.1,1.0741,True,False,False
6971,2004-12-26 03:00:00,0.6,916.0,541.0,1143.0,1064.0,536.0,11.7,74.1,1.0167,True,False,False
6972,2004-12-26 04:00:00,0.5,900.0,522.0,1242.0,1070.0,471.0,10.8,78.7,1.0202,True,False,False
6973,2004-12-26 05:00:00,0.4,855.0,479.0,1319.0,1068.0,450.0,10.7,81.5,1.0497,True,False,False
6974,2004-12-26 06:00:00,0.3,848.0,464.0,1425.0,1062.0,438.0,10.9,80.3,1.0444,True,False,False
6975,2004-12-26 07:00:00,0.4,873.0,485.0,1305.0,1083.0,512.0,10.7,80.7,1.0377,True,False,False
6976,2004-12-26 08:00:00,0.6,945.0,569.0,1140.0,1135.0,632.0,10.5,81.8,1.0416,True,False,False
6977,2004-12-26 09:00:00,0.9,1003.0,618.0,1003.0,1159.0,754.0,10.4,82.9,1.0419,True,False,False
6978,2004-12-26 10:00:00,1.1,1041.0,659.0,908.0,1188.0,792.0,10.6,82.1,1.0451,True,False,False
6979,2004-12-26 11:00:00,1.0,1036.0,685.0,942.0,1168.0,776.0,11.5,72.6,0.9846,True,False,False
6980,2004-12-26 12:00:00,1.6,1124.0,799.0,775.0,1231.0,969.0,12.8,65.5,0.964,True,False,False
6981,2004-12-26 13:00:00,1.8,1130.0,803.0,772.0,1230.0,975.0,13.9,60.9,0.9644,True,False,False
6982,2004-12-26 14:00:00,1.0,991.0,632.0,981.0,1114.0,637.0,14.9,57.9,0.9726,True,False,False
6983,2004-12-26 15:00:00,0.8,988.0,596.0,1056.0,1118.0,541.0,14.8,63.5,1.0592,True,False,False
6984,2004-12-26 16:00:00,1.4,1163.0,801.0,772.0,1288.0,876.0,13.6,68.9,1.0699,True,False,False
6985,2004-12-26 17:00:00,2.1,1226.0,853.0,725.0,1307.0,1029.0,13.6,68.9,1.0661,True,False,False
6986,2004-12-26 18:00:00,2.3,1286.0,942.0,687.0,1362.0,1103.0,13.5,67.1,1.0357,True,False,False
6987,2004-12-26 19:00:00,3.5,1423.0,1116.0,553.0,1531.0,1369.0,12.3,75.4,1.0768,True,False,False
6988,2004-12-26 20:00:00,3.8,1408.0,1088.0,560.0,1504.0,1381.0,11.7,80.0,1.0938,True,False,False
6989,2004-12-26 21:00:00,2.4,1178.0,866.0,700.0,1342.0,1094.0,11.8,82.7,1.1381,True,False,False
6990,2004-12-26 22:00:00,1.0,985.0,701.0,877.0,1187.0,835.0,11.8,77.5,1.0741,True,False,False
6991,2004-12-26 23:00:00,1.3,1113.0,776.0,828.0,1217.0,881.0,12.0,72.3,1.0095,True,False,False
6992,2004-12-27 00:00:00,2.3,1178.0,873.0,700.0,1328.0,987.0,11.2,79.6,1.0587,True,False,False
6993,2004-12-27 01:00:00,1.5,1024.0,705.0,876.0,1168.0,807.0,11.5,74.2,1.0063,True,False,False
6994,2004-12-27 02:00:00,1.1,954.0,630.0,988.0,1107.0,664.0,11.6,68.9,0.9411,True,False,False
6995,2004-12-27 03:00:00,0.6,875.0,548.0,1165.0,1049.0,525.0,11.5,67.4,0.9106,True,False,False
6996,2004-12-27 04:00:00,0.7,877.0,526.0,1171.0,1023.0,496.0,11.7,64.6,0.8888,True,False,False
6997,2004-12-27 05:00:00,0.4,826.0,465.0,1322.0,978.0,433.0,11.9,61.1,0.8527,True,False,False
6998,2004-12-27 06:00:00,0.5,862.0,535.0,1193.0,1020.0,524.0,12.5,57.3,0.8269,True,False,False
6999,2004-12-27 07:00:00,0.8,938.0,653.0,970.0,1100.0,747.0,12.3,60.1,0.8562,True,False,False
7000,2004-12-27 08:00:00,1.9,1205.0,943.0,688.0,1361.0,1052.0,11.5,68.7,0.9302,True,False,False
7001,2004-12-27 09:00:00,2.3,1171.0,978.0,637.0,1374.0,1092.0,12.5,63.2,0.9113,True,False,False
7002,2004-12-27 10:00:00,1.9,1131.0,926.0,684.0,1324.0,1036.0,12.9,63.2,0.9335,True,False,False
7003,2004-12-27 11:00:00,1.6,1074.0,832.0,748.0,1230.0,934.0,13.5,59.9,0.9261,True,False,False
7004,2004-12-27 12:00:00,1.4,1062.0,822.0,764.0,1228.0,917.0,13.4,61.3,0.9379,True,False,False
7005,2004-12-27 13:00:00,1.5,1045.0,800.0,796.0,1193.0,839.0,14.4,57.1,0.9309,True,False,False
7006,2004-12-27 14:00:00,1.4,1034.0,763.0,840.0,1192.0,761.0,15.0,57.2,0.9698,True,False,False
7007,2004-12-27 15:00:00,2.0,1186.0,899.0,695.0,1332.0,926.0,12.4,72.6,1.0422,True,False,False
7008,2004-12-27 16:00:00,2.5,1256.0,996.0,625.0,1417.0,1104.0,12.8,73.6,1.0851,True,False,False
7009,2004-12-27 17:00:00,2.2,1138.0,854.0,735.0,1276.0,911.0,13.3,68.2,1.0356,True,False,False
7010,2004-12-27 18:00:00,2.0,1138.0,891.0,721.0,1295.0,918.0,13.4,66.6,1.0187,True,False,False
7011,2004-12-27 19:00:00,2.1,1114.0,899.0,710.0,1279.0,948.0,13.3,63.6,0.9661,True,False,False
7012,2004-12-27 20:00:00,2.1,1107.0,905.0,705.0,1288.0,966.0,12.9,62.4,0.9258,True,False,False
7013,2004-12-27 21:00:00,2.1,1117.0,876.0,706.0,1264.0,1057.0,12.4,64.7,0.9266,True,False,False
7014,2004-12-27 22:00:00,1.6,1090.0,812.0,753.0,1213.0,1001.0,12.1,65.6,0.9222,True,False,False
7015,2004-12-27 23:00:00,1.1,954.0,665.0,916.0,1119.0,777.0,11.3,69.8,0.932,True,False,False
7016,2004-12-28 00:00:00,1.2,987.0,715.0,884.0,1145.0,797.0,11.0,68.7,0.9001,True,False,False
7017,2004-12-28 01:00:00,,969.0,659.0,945.0,1082.0,691.0,11.1,65.3,0.8601,False,True,False
7018,2004-12-28 02:00:00,,939.0,648.0,949.0,1084.0,680.0,10.2,66.9,0.8323,False,True,False
7019,2004-12-28 03:00:00,,961.0,654.0,925.0,1084.0,755.0,9.5,70.1,0.8343,False,True,False
7020,2004-12-28 04:00:00,,916.0,623.0,962.0,1064.0,725.0,9.8,69.4,0.8397,False,True,False
7021,2004-12-28 05:00:00,,835.0,484.0,1266.0,961.0,432.0,10.7,62.5,0.802,False,True,False
7022,2004-12-28 06:00:00,,885.0,572.0,1081.0,1031.0,612.0,10.4,64.8,0.8138,False,True,False
7023,2004-12-28 07:00:00,,1088.0,839.0,760.0,1236.0,951.0,9.7,73.1,0.8772,False,True,False
7024,2004-12-28 08:00:00,,1358.0,1158.0,529.0,1537.0,1326.0,9.3,77.0,0.9018,False,True,False
7025,2004-12-28 09:00:00,,1456.0,1389.0,443.0,1808.0,1504.0,9.1,77.1,0.8947,False,True,False
7026,2004-12-28 10:00:00,,1274.0,1159.0,545.0,1493.0,1326.0,10.6,67.9,0.8666,False,True,False
7027,2004-12-28 11:00:00,,1092.0,946.0,691.0,1234.0,1043.0,12.7,56.7,0.8304,False,True,False
7028,2004-12-28 12:00:00,,1111.0,993.0,662.0,1287.0,1058.0,13.0,53.9,0.8029,False,True,False
7029,2004-12-28 13:00:00,,1177.0,1143.0,574.0,1443.0,1205.0,13.9,49.0,0.7727,False,True,False
7030,2004-12-28 14:00:00,,1199.0,1138.0,581.0,1452.0,1203.0,14.4,49.2,0.8027,False,True,False
7031,2004-12-28 15:00:00,,1121.0,1003.0,656.0,1323.0,1058.0,14.3,48.6,0.79,False,True,False
7032,2004-12-28 16:00:00,,1252.0,1164.0,559.0,1474.0,1257.0,13.6,52.8,0.8177,False,True,False
7033,2004-12-28 17:00:00,,1233.0,1144.0,575.0,1436.0,1271.0,13.1,54.3,0.8167,False,True,False
7034,2004-12-28 18:00:00,,1215.0,1063.0,616.0,1370.0,1214.0,12.4,59.3,0.853,False,True,False
7035,2004-12-28 19:00:00,,1193.0,1020.0,645.0,1340.0,1135.0,12.1,61.5,0.8677,False,True,False
7036,2004-12-28 20:00:00,,1195.0,1026.0,637.0,1342.0,1150.0,12.0,60.8,0.852,False,True,False
7037,2004-12-28 21:00:00,,1301.0,1080.0,579.0,1435.0,1248.0,11.0,73.8,0.9677,False,True,False
7038,2004-12-28 22:00:00,,1126.0,828.0,722.0,1250.0,955.0,9.6,82.9,0.99,False,True,False
7039,2004-12-28 23:00:00,,1013.0,687.0,872.0,1135.0,726.0,8.6,83.5,0.9372,False,True,False
7040,2004-12-29 00:00:00,,982.0,645.0,922.0,1107.0,708.0,8.7,83.0,0.9393,False,True,False
7041,2004-12-29 01:00:00,,970.0,642.0,922.0,1107.0,704.0,8.8,81.2,0.9214,False,True,False
7042,2004-12-29 02:00:00,,959.0,637.0,958.0,1107.0,667.0,8.9,79.0,0.9032,False,True,False
7043,2004-12-29 03:00:00,,925.0,598.0,978.0,1079.0,662.0,9.0,76.5,0.8828,False,True,False
7044,2004-12-29 04:00:00,,847.0,502.0,1198.0,1020.0,508.0,9.0,75.8,0.8721,False,True,False
7045,2004-12-29 05:00:00,,885.0,534.0,1144.0,1036.0,529.0,9.1,73.9,0.8576,False,True,False
7046,2004-12-29 06:00:00,,883.0,549.0,1019.0,1025.0,607.0,9.4,70.9,0.8386,False,True,False
7047,2004-12-29 07:00:00,,892.0,587.0,1070.0,1041.0,623.0,10.1,65.9,0.8148,False,True,False
7048,2004-12-29 08:00:00,,970.0,678.0,916.0,1101.0,732.0,10.1,64.6,0.7967,False,True,False
7049,2004-12-29 09:00:00,,904.0,644.0,949.0,1036.0,697.0,9.3,64.7,0.7575,False,True,False
7050,2004-12-29 10:00:00,,919.0,652.0,953.0,1045.0,712.0,9.9,61.3,0.7499,False,True,False
7051,2004-12-29 11:00:00,,929.0,668.0,937.0,1054.0,696.0,10.6,59.9,0.7674,False,True,False
7052,2004-12-29 12:00:00,,938.0,729.0,874.0,1060.0,702.0,11.1,55.3,0.7325,False,True,False
7053,2004-12-29 13:00:00,,971.0,786.0,812.0,1086.0,796.0,12.0,49.3,0.69,False,True,False
7054,2004-12-29 14:00:00,,914.0,739.0,870.0,1025.0,714.0,11.6,46.8,0.6397,False,True,False
7055,2004-12-29 15:00:00,,892.0,719.0,918.0,1019.0,635.0,12.0,44.0,0.6169,False,True,False
7056,2004-12-29 16:00:00,,913.0,735.0,905.0,1024.0,706.0,11.8,44.3,0.6141,False,True,False
7057,2004-12-29 17:00:00,,928.0,759.0,871.0,1040.0,775.0,11.3,45.4,0.6063,False,True,False
7058,2004-12-29 18:00:00,,1035.0,941.0,734.0,1175.0,965.0,11.3,44.1,0.5909,False,True,False
7059,2004-12-29 19:00:00,,1033.0,939.0,729.0,1159.0,979.0,11.2,45.1,0.5971,False,True,False
7060,2004-12-29 20:00:00,,990.0,865.0,764.0,1130.0,902.0,10.8,47.3,0.6122,False,True,False
7061,2004-12-29 21:00:00,,934.0,750.0,891.0,1035.0,798.0,10.7,47.7,0.6127,False,True,False
7062,2004-12-29 22:00:00,,881.0,670.0,979.0,978.0,697.0,10.5,46.9,0.5956,False,True,False
7063,2004-12-29 23:00:00,,855.0,631.0,1033.0,932.0,626.0,10.2,45.4,0.5632,False,True,False
7064,2004-12-30 00:00:00,,832.0,598.0,1122.0,912.0,537.0,9.7,46.0,0.5546,False,True,False
7065,2004-12-30 01:00:00,,848.0,639.0,1057.0,929.0,574.0,9.8,45.2,0.5489,False,True,False
7066,2004-12-30 02:00:00,,806.0,567.0,1163.0,878.0,490.0,9.4,45.4,0.5355,False,True,False
7067,2004-12-30 03:00:00,,796.0,545.0,1210.0,853.0,450.0,9.3,44.0,0.5153,False,True,False
7068,2004-12-30 04:00:00,,777.0,493.0,1247.0,828.0,438.0,8.8,45.2,0.5134,False,True,False
7069,2004-12-30 05:00:00,,785.0,505.0,1226.0,829.0,428.0,8.7,45.6,0.5128,False,True,False
7070,2004-12-30 06:00:00,,766.0,470.0,1317.0,810.0,404.0,8.5,44.8,0.498,False,True,False
7071,2004-12-30 07:00:00,,808.0,534.0,1243.0,853.0,480.0,8.7,43.4,0.4905,False,True,False
7072,2004-12-30 08:00:00,,975.0,822.0,852.0,1049.0,876.0,8.5,43.6,0.4865,False,True,False
7073,2004-12-30 09:00:00,,943.0,816.0,828.0,1033.0,868.0,8.8,42.0,0.4773,False,True,False
7074,2004-12-30 10:00:00,,886.0,764.0,920.0,946.0,740.0,10.8,35.1,0.4549,False,True,False
7075,2004-12-30 11:00:00,,861.0,716.0,973.0,921.0,628.0,11.7,34.4,0.4712,False,True,False
7076,2004-12-30 12:00:00,,881.0,734.0,961.0,925.0,636.0,12.6,31.7,0.4613,False,True,False
7077,2004-12-30 13:00:00,,855.0,741.0,965.0,901.0,616.0,12.5,30.3,0.4367,False,True,False
7078,2004-12-30 14:00:00,,855.0,725.0,983.0,898.0,613.0,11.4,32.8,0.4424,False,True,False
7079,2004-12-30 15:00:00,,844.0,689.0,1040.0,867.0,545.0,12.1,31.1,0.4383,False,True,False
7080,2004-12-30 16:00:00,,900.0,794.0,906.0,930.0,710.0,12.3,29.7,0.4226,False,True,False
7081,2004-12-30 17:00:00,,883.0,751.0,962.0,922.0,661.0,9.8,36.4,0.4414,False,True,False
7082,2004-12-30 18:00:00,,994.0,903.0,781.0,1079.0,922.0,9.3,40.8,0.4781,False,True,False
7083,2004-12-30 19:00:00,,927.0,774.0,883.0,976.0,755.0,8.6,45.1,0.5038,False,True,False
7084,2004-12-30 20:00:00,,1078.0,987.0,718.0,1152.0,1015.0,9.3,41.7,0.4884,False,True,False
7085,2004-12-30 21:00:00,,952.0,788.0,849.0,1018.0,876.0,8.7,44.3,0.4998,False,True,False
7086,2004-12-30 22:00:00,,882.0,660.0,991.0,922.0,727.0,8.0,47.6,0.5113,False,True,False
7087,2004-12-30 23:00:00,,924.0,724.0,946.0,969.0,781.0,7.7,47.2,0.4975,False,True,False
7088,2004-12-31 00:00:00,,987.0,823.0,827.0,1027.0,893.0,7.2,50.2,0.5118,False,True,False
7089,2004-12-31 01:00:00,,930.0,752.0,889.0,981.0,820.0,6.9,50.3,0.5029,False,True,False
7090,2004-12-31 02:00:00,,861.0,654.0,995.0,919.0,632.0,6.7,50.7,0.4998,False,True,False
7091,2004-12-31 03:00:00,,783.0,522.0,1241.0,832.0,458.0,7.6,46.4,0.4869,False,True,False
7092,2004-12-31 04:00:00,,744.0,431.0,1539.0,778.0,345.0,7.4,45.7,0.4714,False,True,False
7093,2004-12-31 05:00:00,,753.0,426.0,1568.0,792.0,337.0,6.9,49.3,0.4913,False,True,False
7094,2004-12-31 06:00:00,,787.0,452.0,1400.0,823.0,370.0,7.8,48.1,0.5095,False,True,False
7095,2004-12-31 07:00:00,,820.0,506.0,1221.0,871.0,466.0,8.1,47.8,0.5157,False,True,False
7096,2004-12-31 08:00:00,,840.0,552.0,1152.0,893.0,510.0,8.5,46.7,0.5191,False,True,False
7097,2004-12-31 09:00:00,,897.0,656.0,953.0,964.0,641.0,8.9,44.1,0.5039,False,True,False
7098,2004-12-31 10:00:00,,989.0,793.0,815.0,1052.0,862.0,9.4,42.5,0.5038,False,True,False
7099,2004-12-31 11:00:00,,909.0,737.0,909.0,941.0,753.0,10.8,36.3,0.4712,False,True,False
7100,2004-12-31 12:00:00,,865.0,697.0,1002.0,883.0,589.0,11.9,30.6,0.4264,False,True,False
7101,2004-12-31 13:00:00,,924.0,821.0,899.0,955.0,704.0,12.2,29.7,0.4205,False,True,False
7102,2004-12-31 14:00:00,,912.0,794.0,885.0,943.0,731.0,12.0,31.1,0.434,False,True,False
7103,2004-12-31 15:00:00,,872.0,717.0,991.0,882.0,592.0,12.7,28.4,0.416,False,True,False
7104,2004-12-31 16:00:00,,917.0,794.0,907.0,946.0,740.0,13.3,27.5,0.4185,False,True,False
7105,2004-12-31 17:00:00,,962.0,883.0,818.0,996.0,896.0,11.4,30.8,0.4148,False,True,False
7106,2004-12-31 18:00:00,,932.0,817.0,883.0,942.0,854.0,9.8,34.0,0.4112,False,True,False
7107,2004-12-31 19:00:00,,930.0,781.0,933.0,906.0,866.0,9.3,33.6,0.3958,False,True,False
7108,2004-12-31 20:00:00,,962.0,780.0,919.0,909.0,884.0,9.6,32.3,0.3871,False,True,False
7109,2004-12-31 21:00:00,,974.0,790.0,915.0,895.0,951.0,9.1,32.5,0.3766,False,True,False
7110,2004-12-31 22:00:00,,1055.0,791.0,845.0,936.0,1195.0,9.1,37.2,0.431,False,True,False
7111,2004-12-31 23:00:00,,1003.0,744.0,882.0,899.0,1138.0,7.8,38.4,0.4085,False,True,False
7112,2005-01-01 00:00:00,,1046.0,724.0,848.0,898.0,1201.0,8.2,40.1,0.4375,False,True,False
7113,2005-01-01 01:00:00,1.6,1275.0,930.0,649.0,1024.0,1617.0,5.3,50.7,0.4564,True,False,False
7114,2005-01-01 02:00:00,2.5,1173.0,878.0,738.0,1002.0,1355.0,5.9,50.0,0.4689,True,False,False
7115,2005-01-01 03:00:00,2.7,1163.0,881.0,748.0,1001.0,1296.0,4.9,53.9,0.4693,True,False,False
7116,2005-01-01 04:00:00,1.9,1054.0,791.0,830.0,967.0,1131.0,4.3,55.3,0.465,True,False,False
7117,2005-01-01 05:00:00,1.4,1004.0,753.0,879.0,942.0,1036.0,4.2,57.1,0.4759,True,False,False
7118,2005-01-01 06:00:00,1.5,1001.0,777.0,859.0,954.0,1009.0,3.5,58.3,0.4636,True,False,False
7119,2005-01-01 07:00:00,1.4,974.0,736.0,888.0,945.0,966.0,3.0,60.7,0.4667,True,False,False
7120,2005-01-01 08:00:00,1.1,915.0,653.0,973.0,905.0,901.0,2.6,63.2,0.4721,True,False,False
7121,2005-01-01 09:00:00,1.0,939.0,649.0,996.0,897.0,879.0,3.9,59.0,0.4807,True,False,False
7122,2005-01-01 10:00:00,1.2,973.0,748.0,878.0,968.0,991.0,4.7,57.2,0.4932,True,False,False
7123,2005-01-01 11:00:00,1.7,1011.0,782.0,846.0,992.0,1019.0,6.8,48.6,0.4822,True,False,False
7124,2005-01-01 12:00:00,2.3,1097.0,875.0,778.0,1080.0,1151.0,8.6,43.6,0.4887,True,False,False
7125,2005-01-01 13:00:00,2.2,1149.0,914.0,742.0,1072.0,1242.0,9.5,41.2,0.4908,True,False,False
7126,2005-01-01 14:00:00,2.4,1117.0,934.0,721.0,1075.0,1206.0,10.9,35.9,0.468,True,False,False
7127,2005-01-01 15:00:00,2.2,1085.0,896.0,760.0,1049.0,1138.0,12.5,32.3,0.467,True,False,False
7128,2005-01-01 16:00:00,2.1,1102.0,885.0,772.0,1051.0,1142.0,12.8,32.6,0.4814,True,False,False
7129,2005-01-01 17:00:00,3.0,1281.0,1053.0,659.0,1192.0,1438.0,10.9,39.7,0.5166,True,False,False
7130,2005-01-01 18:00:00,4.7,1472.0,1198.0,555.0,1344.0,1735.0,9.0,51.8,0.5961,True,False,False
7131,2005-01-01 19:00:00,3.6,1328.0,1029.0,637.0,1188.0,1611.0,8.1,54.1,0.5882,True,False,False
7132,2005-01-01 20:00:00,2.5,1198.0,897.0,720.0,1072.0,1436.0,7.8,54.6,0.5786,True,False,False
7133,2005-01-01 21:00:00,2.3,1176.0,905.0,718.0,1104.0,1389.0,6.2,59.6,0.5698,True,False,False
7134,2005-01-01 22:00:00,2.1,1118.0,830.0,765.0,1058.0,1313.0,5.7,59.9,0.5523,True,False,False
7135,2005-01-01 23:00:00,1.7,1091.0,773.0,820.0,1003.0,1232.0,5.6,59.7,0.5463,True,False,False
7136,2005-01-02 00:00:00,1.8,1078.0,775.0,809.0,1012.0,1195.0,4.7,62.9,0.5424,True,False,False
7137,2005-01-02 01:00:00,1.6,1043.0,726.0,875.0,972.0,1107.0,4.5,63.5,0.5411,True,False,False
7138,2005-01-02 02:00:00,1.3,992.0,685.0,916.0,963.0,1035.0,4.5,63.6,0.5414,True,False,False
7139,2005-01-02 03:00:00,1.3,1004.0,739.0,868.0,1004.0,1030.0,3.1,70.0,0.5388,True,False,False
7140,2005-01-02 04:00:00,1.3,947.0,673.0,929.0,974.0,929.0,3.2,68.3,0.531,True,False,False
7141,2005-01-02 05:00:00,1.1,923.0,634.0,984.0,943.0,875.0,3.1,69.2,0.5337,True,False,False
7142,2005-01-02 06:00:00,1.0,911.0,613.0,992.0,934.0,861.0,2.4,71.9,0.5288,True,False,False
7143,2005-01-02 07:00:00,1.0,924.0,629.0,994.0,941.0,852.0,3.1,68.7,0.5317,True,False,False
7144,2005-01-02 08:00:00,1.2,954.0,674.0,940.0,981.0,891.0,2.1,73.1,0.5289,True,False,False
7145,2005-01-02 09:00:00,1.3,960.0,704.0,887.0,1003.0,947.0,3.3,68.2,0.5346,True,False,False
7146,2005-01-02 10:00:00,1.6,1016.0,760.0,835.0,1044.0,1016.0,4.1,65.8,0.5451,True,False,False
7147,2005-01-02 11:00:00,2.2,1139.0,879.0,753.0,1092.0,1201.0,6.6,56.6,0.5528,True,False,False
7148,2005-01-02 12:00:00,2.2,1130.0,860.0,752.0,1058.0,1218.0,8.0,51.2,0.5516,True,False,False
7149,2005-01-02 13:00:00,2.8,1237.0,962.0,685.0,1138.0,1385.0,10.3,44.9,0.5612,True,False,False
7150,2005-01-02 14:00:00,2.1,1159.0,837.0,742.0,1087.0,1311.0,12.3,41.7,0.5961,True,False,False
7151,2005-01-02 15:00:00,1.6,1124.0,790.0,791.0,1071.0,1206.0,13.5,41.3,0.6342,True,False,False
7152,2005-01-02 16:00:00,2.8,1312.0,998.0,640.0,1249.0,1473.0,13.4,43.1,0.66,True,False,False
7153,2005-01-02 17:00:00,2.6,1246.0,936.0,665.0,1182.0,1460.0,9.9,53.3,0.6504,True,False,False
7154,2005-01-02 18:00:00,2.8,1232.0,931.0,674.0,1171.0,1627.0,8.9,54.6,0.6226,True,False,False
7155,2005-01-02 19:00:00,2.9,1286.0,996.0,644.0,1217.0,1827.0,8.9,54.8,0.6244,True,False,False
7156,2005-01-02 20:00:00,3.4,1347.0,1084.0,582.0,1290.0,2004.0,8.3,58.2,0.6391,True,False,False
7157,2005-01-02 21:00:00,2.9,,,,,,,,,False,False,True
7158,2005-01-02 22:00:00,3.2,,,,,,,,,False,False,True
7159,2005-01-02 23:00:00,3.1,,,,,,,,,False,False,True
7160,2005-01-03 00:00:00,3.0,,,,,,,,,False,False,True
7161,2005-01-03 01:00:00,3.4,,,,,,,,,False,False,True
7162,2005-01-03 02:00:00,3.0,,,,,,,,,False,False,True
7163,2005-01-03 03:00:00,2.7,,,,,,,,,False,False,True
7164,2005-01-03 04:00:00,,,,,,,,,,False,True,True
7165,2005-01-03 05:00:00,1.1,,,,,,,,,False,False,True
7166,2005-01-03 06:00:00,1.4,,,,,,,,,False,False,True
7167,2005-01-03 07:00:00,1.8,,,,,,,,,False,False,True
7168,2005-01-03 08:00:00,3.6,,,,,,,,,False,False,True
7169,2005-01-03 09:00:00,3.1,,,,,,,,,False,False,True
7170,2005-01-03 10:00:00,1.9,,,,,,,,,False,False,True
7171,2005-01-03 11:00:00,1.7,,,,,,,,,False,False,True
7172,2005-01-03 12:00:00,1.7,,,,,,,,,False,False,True
7173,2005-01-03 13:00:00,1.6,,,,,,,,,False,False,True
7174,2005-01-03 14:00:00,1.6,,,,,,,,,False,False,True
7175,2005-01-03 15:00:00,1.7,,,,,,,,,False,False,True
7176,2005-01-03 16:00:00,2.2,,,,,,,,,False,False,True
7177,2005-01-03 17:00:00,3.3,,,,,,,,,False,False,True
7178,2005-01-03 18:00:00,3.9,,,,,,,,,False,False,True
7179,2005-01-03 19:00:00,5.0,,,,,,,,,False,False,True
7180,2005-01-03 20:00:00,4.2,,,,,,,,,False,False,True
7181,2005-01-03 21:00:00,3.2,,,,,,,,,False,False,True
7182,2005-01-03 22:00:00,1.7,,,,,,,,,False,False,True
7183,2005-01-03 23:00:00,1.5,,,,,,,,,False,False,True
7184,2005-01-04 00:00:00,1.3,,,,,,,,,False,False,True
7185,2005-01-04 01:00:00,1.2,,,,,,,,,False,False,True
7186,2005-01-04 02:00:00,1.3,,,,,,,,,False,False,True
7187,2005-01-04 03:00:00,0.8,,,,,,,,,False,False,True
7188,2005-01-04 04:00:00,0.6,,,,,,,,,False,False,True
7189,2005-01-04 05:00:00,0.8,,,,,,,,,False,False,True
7190,2005-01-04 06:00:00,0.9,,,,,,,,,False,False,True
7191,2005-01-04 07:00:00,1.1,,,,,,,,,False,False,True
7192,2005-01-04 08:00:00,3.4,,,,,,,,,False,False,True
7193,2005-01-04 09:00:00,3.6,,,,,,,,,False,False,True
7194,2005-01-04 10:00:00,3.1,,,,,,,,,False,False,True
7195,2005-01-04 11:00:00,3.3,,,,,,,,,False,False,True
7196,2005-01-04 12:00:00,3.4,,,,,,,,,False,False,True
7197,2005-01-04 13:00:00,2.8,,,,,,,,,False,False,True
7198,2005-01-04 14:00:00,2.6,,,,,,,,,False,False,True
7199,2005-01-04 15:00:00,3.0,,,,,,,,,False,False,True
7200,2005-01-04 16:00:00,2.9,,,,,,,,,False,False,True
7201,2005-01-04 17:00:00,3.8,,,,,,,,,False,False,True
7202,2005-01-04 18:00:00,3.8,,,,,,,,,False,False,True
7203,2005-01-04 19:00:00,3.6,,,,,,,,,False,False,True
7204,2005-01-04 20:00:00,4.5,,,,,,,,,False,False,True
7205,2005-01-04 21:00:00,3.7,,,,,,,,,False,False,True
7206,2005-01-04 22:00:00,2.4,,,,,,,,,False,False,True
7207,2005-01-04 23:00:00,1.7,,,,,,,,,False,False,True
7208,2005-01-05 00:00:00,1.7,,,,,,,,,False,False,True
7209,2005-01-05 01:00:00,1.7,1135.0,792.0,727.0,1170.0,1151.0,9.5,69.5,0.8261,True,False,False
7210,2005-01-05 02:00:00,1.9,1188.0,901.0,657.0,1261.0,1185.0,9.1,70.9,0.8176,True,False,False
7211,2005-01-05 03:00:00,2.0,1242.0,921.0,626.0,1219.0,1374.0,8.1,72.1,0.7798,True,False,False
7212,2005-01-05 04:00:00,2.0,1219.0,889.0,649.0,1186.0,1405.0,7.9,72.1,0.7679,True,False,False
7213,2005-01-05 05:00:00,1.7,1187.0,850.0,653.0,1169.0,1383.0,7.6,72.7,0.7598,True,False,False
7214,2005-01-05 06:00:00,1.8,1225.0,904.0,644.0,1194.0,1460.0,7.5,71.7,0.7439,True,False,False
7215,2005-01-05 07:00:00,2.2,1333.0,1019.0,576.0,1275.0,1612.0,7.9,70.6,0.7562,True,False,False
7216,2005-01-05 08:00:00,3.7,1489.0,1193.0,497.0,1475.0,1776.0,8.6,69.0,0.7732,True,False,False
7217,2005-01-05 09:00:00,4.8,1596.0,1341.0,436.0,1672.0,1991.0,9.1,67.5,0.7831,True,False,False
7218,2005-01-05 10:00:00,4.8,1585.0,1277.0,456.0,1567.0,1944.0,9.8,65.8,0.7967,True,False,False
7219,2005-01-05 11:00:00,5.2,1674.0,1376.0,438.0,1643.0,2098.0,11.2,61.9,0.8226,True,False,False
7220,2005-01-05 12:00:00,5.9,1741.0,1438.0,416.0,1741.0,2159.0,12.8,60.1,0.882,True,False,False
7221,2005-01-05 13:00:00,5.9,1680.0,1434.0,417.0,1790.0,2005.0,13.4,62.4,0.9513,True,False,False
7222,2005-01-05 14:00:00,3.1,1295.0,1090.0,553.0,1479.0,1441.0,14.3,61.2,0.9941,True,False,False
7223,2005-01-05 15:00:00,2.6,1288.0,1112.0,560.0,1492.0,1380.0,14.6,59.6,0.9824,True,False,False
7224,2005-01-05 16:00:00,2.8,1281.0,1111.0,553.0,1483.0,1409.0,14.2,60.0,0.9684,True,False,False
7225,2005-01-05 17:00:00,2.8,1310.0,1099.0,559.0,1481.0,1445.0,13.8,62.6,0.9862,True,False,False
7226,2005-01-05 18:00:00,2.8,1276.0,1099.0,559.0,1504.0,1388.0,13.6,64.0,0.9891,True,False,False
7227,2005-01-05 19:00:00,3.1,1312.0,1148.0,532.0,1525.0,1411.0,13.4,64.5,0.9865,True,False,False
7228,2005-01-05 20:00:00,3.3,1332.0,1146.0,539.0,1523.0,1377.0,13.5,64.7,0.9971,True,False,False
7229,2005-01-05 21:00:00,2.7,1248.0,1046.0,588.0,1404.0,1316.0,13.4,65.3,0.9967,True,False,False
7230,2005-01-05 22:00:00,2.3,1182.0,947.0,643.0,1334.0,1210.0,13.2,64.5,0.9732,True,False,False
7231,2005-01-05 23:00:00,1.6,1059.0,810.0,764.0,1200.0,1002.0,13.2,62.3,0.9392,True,False,False
7232,2005-01-06 00:00:00,1.6,1056.0,795.0,783.0,1187.0,896.0,12.5,63.7,0.9196,True,False,False
7233,2005-01-06 01:00:00,1.7,1064.0,785.0,769.0,1184.0,946.0,12.3,64.6,0.9229,True,False,False
7234,2005-01-06 02:00:00,1.6,1059.0,783.0,781.0,1188.0,877.0,12.5,63.8,0.9244,True,False,False
7235,2005-01-06 03:00:00,1.4,991.0,681.0,874.0,1125.0,718.0,12.6,62.7,0.9121,True,False,False
7236,2005-01-06 04:00:00,,950.0,622.0,960.0,1093.0,643.0,12.0,64.6,0.906,False,True,False
7237,2005-01-06 05:00:00,0.9,1005.0,679.0,875.0,1120.0,745.0,10.7,69.5,0.8919,True,False,False
7238,2005-01-06 06:00:00,0.8,939.0,568.0,1037.0,1054.0,656.0,12.4,62.6,0.8994,True,False,False
7239,2005-01-06 07:00:00,0.7,961.0,629.0,1011.0,1114.0,682.0,12.3,62.7,0.8947,True,False,False
7240,2005-01-06 08:00:00,1.1,1017.0,712.0,827.0,1147.0,829.0,11.4,66.6,0.8948,True,False,False
7241,2005-01-06 09:00:00,1.5,1108.0,823.0,720.0,1247.0,961.0,11.1,70.2,0.9276,True,False,False
7242,2005-01-06 10:00:00,1.5,1122.0,803.0,733.0,1225.0,960.0,13.4,61.0,0.9348,True,False,False
7243,2005-01-06 11:00:00,1.6,1099.0,826.0,739.0,1223.0,940.0,15.9,52.2,0.9377,True,False,False
7244,2005-01-06 12:00:00,1.6,1124.0,805.0,726.0,1233.0,938.0,15.6,54.0,0.9515,True,False,False
7245,2005-01-06 13:00:00,2.0,1186.0,921.0,660.0,1310.0,1040.0,16.3,51.5,0.9462,True,False,False
7246,2005-01-06 14:00:00,1.7,1096.0,819.0,733.0,1238.0,904.0,16.5,50.8,0.9442,True,False,False
7247,2005-01-06 15:00:00,1.5,1120.0,829.0,725.0,1259.0,910.0,16.3,51.9,0.9535,True,False,False
7248,2005-01-06 16:00:00,2.0,1185.0,893.0,666.0,1312.0,1011.0,16.2,53.0,0.9687,True,False,False
7249,2005-01-06 17:00:00,1.9,1173.0,885.0,685.0,1288.0,1038.0,15.6,54.8,0.966,True,False,False
7250,2005-01-06 18:00:00,2.1,1221.0,935.0,642.0,1323.0,1144.0,14.5,57.5,0.944,True,False,False
7251,2005-01-06 19:00:00,2.8,1330.0,1063.0,578.0,1419.0,1352.0,14.0,60.1,0.9566,True,False,False
7252,2005-01-06 20:00:00,2.7,1325.0,1027.0,591.0,1394.0,1365.0,13.5,63.0,0.9686,True,False,False
7253,2005-01-06 21:00:00,2.4,1195.0,915.0,666.0,1295.0,1245.0,12.6,65.4,0.9529,True,False,False
7254,2005-01-06 22:00:00,1.6,1150.0,869.0,694.0,1252.0,1203.0,12.0,67.5,0.9413,True,False,False
7255,2005-01-06 23:00:00,1.7,1145.0,806.0,736.0,1207.0,1120.0,10.5,72.0,0.912,True,False,False
7256,2005-01-07 00:00:00,1.3,1041.0,729.0,819.0,1130.0,972.0,10.0,70.9,0.8706,True,False,False
7257,2005-01-07 01:00:00,1.4,1032.0,687.0,867.0,1109.0,878.0,9.8,70.7,0.8571,True,False,False
7258,2005-01-07 02:00:00,1.2,1010.0,661.0,881.0,1100.0,853.0,8.0,75.0,0.8098,True,False,False
7259,2005-01-07 03:00:00,1.0,951.0,620.0,938.0,1077.0,779.0,7.9,75.1,0.805,True,False,False
7260,2005-01-07 04:00:00,1.0,944.0,617.0,944.0,1039.0,766.0,7.0,77.3,0.7782,True,False,False
7261,2005-01-07 05:00:00,0.6,862.0,540.0,1110.0,999.0,670.0,7.2,74.4,0.7581,True,False,False
7262,2005-01-07 06:00:00,0.7,909.0,567.0,1049.0,993.0,694.0,6.7,75.0,0.7418,True,False,False
7263,2005-01-07 07:00:00,1.0,965.0,659.0,973.0,1059.0,739.0,6.4,76.3,0.7389,True,False,False
7264,2005-01-07 08:00:00,1.7,1102.0,884.0,719.0,1218.0,940.0,6.0,78.5,0.7377,True,False,False
7265,2005-01-07 09:00:00,3.0,1226.0,1157.0,552.0,1464.0,1201.0,6.3,77.4,0.7452,True,False,False
7266,2005-01-07 10:00:00,2.4,1132.0,950.0,659.0,1253.0,1106.0,7.7,73.8,0.7769,True,False,False
7267,2005-01-07 11:00:00,2.2,1183.0,1013.0,632.0,1306.0,1186.0,10.2,61.5,0.7638,True,False,False
7268,2005-01-07 12:00:00,2.6,1211.0,998.0,605.0,1298.0,1302.0,11.3,58.1,0.7743,True,False,False
7269,2005-01-07 13:00:00,2.5,1253.0,1030.0,590.0,1351.0,1368.0,10.6,62.3,0.7981,True,False,False
7270,2005-01-07 14:00:00,3.0,1311.0,1088.0,563.0,1402.0,1452.0,11.1,62.0,0.8199,True,False,False
7271,2005-01-07 15:00:00,3.3,1341.0,1142.0,536.0,1454.0,1537.0,12.6,57.7,0.8387,True,False,False
7272,2005-01-07 16:00:00,3.8,1432.0,1195.0,509.0,1513.0,1651.0,13.3,56.2,0.8548,True,False,False
7273,2005-01-07 17:00:00,3.6,1404.0,1195.0,499.0,1501.0,1623.0,11.2,65.3,0.8639,True,False,False
7274,2005-01-07 18:00:00,5.0,1493.0,1337.0,466.0,1638.0,1742.0,8.8,74.6,0.8434,True,False,False
7275,2005-01-07 19:00:00,5.7,1478.0,1357.0,473.0,1652.0,1639.0,7.2,78.5,0.803,True,False,False
7276,2005-01-07 20:00:00,5.0,1411.0,1311.0,487.0,1589.0,1537.0,6.5,80.0,0.7789,True,False,False
7277,2005-01-07 21:00:00,4.8,1387.0,1231.0,523.0,1487.0,1463.0,5.8,83.8,0.7768,True,False,False
7278,2005-01-07 22:00:00,3.9,1306.0,1161.0,557.0,1407.0,1379.0,5.5,83.5,0.7619,True,False,False
7279,2005-01-07 23:00:00,3.3,1232.0,1035.0,623.0,1296.0,1256.0,5.8,81.3,0.7568,True,False,False
7280,2005-01-08 00:00:00,3.4,1277.0,1085.0,589.0,1329.0,1344.0,5.4,82.6,0.7495,True,False,False
7281,2005-01-08 01:00:00,2.4,1063.0,843.0,762.0,1125.0,1089.0,6.4,76.3,0.7369,True,False,False
7282,2005-01-08 02:00:00,1.4,991.0,744.0,863.0,1069.0,949.0,7.0,73.6,0.7417,True,False,False
7283,2005-01-08 03:00:00,1.4,989.0,701.0,871.0,1049.0,933.0,7.2,72.3,0.7392,True,False,False
7284,2005-01-08 04:00:00,1.2,972.0,674.0,926.0,1032.0,882.0,7.9,69.3,0.7413,True,False,False
7285,2005-01-08 05:00:00,1.2,973.0,675.0,903.0,1029.0,905.0,7.4,71.7,0.7434,True,False,False
7286,2005-01-08 06:00:00,1.2,985.0,691.0,878.0,1056.0,902.0,7.7,71.9,0.7575,True,False,False
7287,2005-01-08 07:00:00,1.3,1020.0,736.0,854.0,1069.0,923.0,8.1,68.0,0.7396,True,False,False
7288,2005-01-08 08:00:00,2.3,1192.0,978.0,638.0,1273.0,1210.0,6.7,77.1,0.7597,True,False,False
7289,2005-01-08 09:00:00,3.4,1325.0,1140.0,542.0,1403.0,1468.0,6.8,77.9,0.7756,True,False,False
7290,2005-01-08 10:00:00,3.0,1219.0,1026.0,604.0,1311.0,1329.0,8.9,66.7,0.7634,True,False,False
7291,2005-01-08 11:00:00,2.5,1195.0,992.0,632.0,1251.0,1295.0,11.6,54.1,0.7387,True,False,False
7292,2005-01-08 12:00:00,2.7,1230.0,1020.0,605.0,1301.0,1365.0,13.5,49.4,0.7598,True,False,False
7293,2005-01-08 13:00:00,2.8,1312.0,1087.0,567.0,1393.0,1452.0,13.8,50.9,0.796,True,False,False
7294,2005-01-08 14:00:00,3.6,1387.0,1127.0,530.0,1430.0,1615.0,13.4,55.9,0.8588,True,False,False
7295,2005-01-08 15:00:00,3.1,1375.0,1076.0,555.0,1377.0,1599.0,12.9,59.0,0.8736,True,False,False
7296,2005-01-08 16:00:00,4.3,1532.0,1265.0,482.0,1578.0,1777.0,13.3,59.0,0.8945,True,False,False
7297,2005-01-08 17:00:00,4.6,1531.0,1235.0,484.0,1541.0,1742.0,13.0,61.9,0.9224,True,False,False
7298,2005-01-08 18:00:00,4.3,1479.0,1196.0,498.0,1511.0,1739.0,12.5,63.6,0.9193,True,False,False
7299,2005-01-08 19:00:00,4.3,1521.0,1208.0,497.0,1549.0,1770.0,12.2,65.8,0.931,True,False,False
7300,2005-01-08 20:00:00,5.5,1616.0,1363.0,442.0,1701.0,1918.0,12.6,65.2,0.9474,True,False,False
7301,2005-01-08 21:00:00,3.4,1371.0,1105.0,553.0,1429.0,1581.0,13.3,63.6,0.9681,True,False,False
7302,2005-01-08 22:00:00,2.4,1198.0,943.0,647.0,1307.0,1291.0,13.5,62.6,0.9644,True,False,False
7303,2005-01-08 23:00:00,1.6,1102.0,813.0,764.0,1204.0,1000.0,14.1,59.6,0.9563,True,False,False
7304,2005-01-09 00:00:00,1.7,1120.0,826.0,750.0,1222.0,974.0,14.0,61.4,0.9773,True,False,False
7305,2005-01-09 01:00:00,1.6,1093.0,789.0,771.0,1206.0,949.0,13.5,63.4,0.9755,True,False,False
7306,2005-01-09 02:00:00,1.3,1112.0,791.0,764.0,1216.0,934.0,13.2,64.2,0.9706,True,False,False
7307,2005-01-09 03:00:00,0.8,986.0,674.0,883.0,1137.0,730.0,13.6,62.2,0.9643,True,False,False
7308,2005-01-09 04:00:00,,934.0,609.0,976.0,1094.0,581.0,13.7,61.1,0.9537,False,True,False
7309,2005-01-09 05:00:00,0.6,919.0,571.0,1017.0,1082.0,521.0,13.5,63.8,0.9801,True,False,False
7310,2005-01-09 06:00:00,0.6,929.0,556.0,1035.0,1094.0,575.0,12.5,67.3,0.9743,True,False,False
7311,2005-01-09 07:00:00,0.5,919.0,552.0,1063.0,1080.0,522.0,13.2,64.2,0.9664,True,False,False
7312,2005-01-09 08:00:00,0.6,944.0,586.0,977.0,1090.0,586.0,13.1,63.4,0.9535,True,False,False
7313,2005-01-09 09:00:00,0.7,943.0,580.0,980.0,1074.0,566.0,13.8,60.5,0.9526,True,False,False
7314,2005-01-09 10:00:00,0.9,1036.0,683.0,846.0,1144.0,693.0,13.7,60.4,0.939,True,False,False
7315,2005-01-09 11:00:00,1.5,1168.0,797.0,698.0,1235.0,1022.0,14.0,59.7,0.9495,True,False,False
7316,2005-01-09 12:00:00,1.9,1232.0,903.0,626.0,1313.0,1152.0,15.0,56.2,0.9539,True,False,False
7317,2005-01-09 13:00:00,1.9,1236.0,901.0,628.0,1311.0,1108.0,16.9,50.9,0.9714,True,False,False
7318,2005-01-09 14:00:00,2.2,1278.0,1070.0,557.0,1479.0,1110.0,16.6,52.4,0.981,True,False,False
7319,2005-01-09 15:00:00,3.8,1369.0,1242.0,476.0,1669.0,1306.0,16.4,53.2,0.9826,True,False,False
7320,2005-01-09 16:00:00,2.0,1182.0,929.0,648.0,1324.0,1029.0,16.1,52.8,0.9579,True,False,False
7321,2005-01-09 17:00:00,2.2,1210.0,933.0,648.0,1327.0,1094.0,15.7,54.4,0.9616,True,False,False
7322,2005-01-09 18:00:00,3.3,1316.0,1121.0,548.0,1488.0,1282.0,15.4,55.3,0.9616,True,False,False
7323,2005-01-09 19:00:00,2.7,1221.0,952.0,641.0,1334.0,1147.0,15.2,54.7,0.9362,True,False,False
7324,2005-01-09 20:00:00,2.6,1260.0,1034.0,588.0,1402.0,1208.0,14.7,56.6,0.9392,True,False,False
7325,2005-01-09 21:00:00,2.5,1231.0,962.0,625.0,1348.0,1192.0,14.4,58.2,0.9495,True,False,False
7326,2005-01-09 22:00:00,1.5,1115.0,804.0,734.0,1220.0,1136.0,14.3,59.2,0.9608,True,False,False
7327,2005-01-09 23:00:00,1.9,1180.0,877.0,680.0,1297.0,1131.0,14.0,60.4,0.9622,True,False,False
7328,2005-01-10 00:00:00,2.0,1174.0,873.0,672.0,1300.0,1071.0,13.7,63.6,0.9912,True,False,False
7329,2005-01-10 01:00:00,1.7,1178.0,876.0,666.0,1319.0,1059.0,13.1,68.7,1.0329,True,False,False
7330,2005-01-10 02:00:00,1.2,1052.0,704.0,807.0,1210.0,909.0,13.2,69.9,1.0526,True,False,False
7331,2005-01-10 03:00:00,0.9,998.0,591.0,937.0,1147.0,820.0,12.8,71.2,1.0454,True,False,False
7332,2005-01-10 04:00:00,0.6,960.0,532.0,1059.0,1122.0,724.0,12.9,70.4,1.0444,True,False,False
7333,2005-01-10 05:00:00,,958.0,571.0,998.0,1138.0,707.0,12.4,72.5,1.0411,False,True,False
7334,2005-01-10 06:00:00,,989.0,650.0,900.0,1171.0,768.0,13.0,70.3,1.0502,False,True,False
7335,2005-01-10 07:00:00,0.4,1162.0,843.0,685.0,1336.0,1027.0,12.3,73.3,1.0448,True,False,False
7336,2005-01-10 08:00:00,2.6,1523.0,1324.0,451.0,1776.0,1502.0,12.8,71.8,1.0551,True,False,False
7337,2005-01-10 09:00:00,3.5,1511.0,1334.0,433.0,1804.0,1606.0,13.1,70.2,1.0567,True,False,False
7338,2005-01-10 10:00:00,2.1,1420.0,1183.0,488.0,1626.0,1520.0,12.8,71.8,1.0551,True,False,False
7339,2005-01-10 11:00:00,2.1,1413.0,1193.0,484.0,1598.0,1566.0,13.1,70.3,1.0566,True,False,False
7340,2005-01-10 12:00:00,1.7,1335.0,1141.0,512.0,1536.0,1501.0,13.7,67.0,1.0446,True,False,False
7341,2005-01-10 13:00:00,2.6,1451.0,1298.0,452.0,1744.0,1634.0,14.0,65.4,1.0427,True,False,False
7342,2005-01-10 14:00:00,2.6,1410.0,1276.0,459.0,1701.0,1587.0,14.4,63.8,1.0421,True,False,False
7343,2005-01-10 15:00:00,2.4,1429.0,1277.0,456.0,1721.0,1560.0,14.1,65.9,1.0531,True,False,False
7344,2005-01-10 16:00:00,2.4,1409.0,1223.0,475.0,1640.0,1538.0,14.1,65.9,1.0552,True,False,False
7345,2005-01-10 17:00:00,2.0,1372.0,1210.0,484.0,1629.0,1491.0,14.1,66.0,1.0539,True,False,False
7346,2005-01-10 18:00:00,2.0,1366.0,1213.0,489.0,1611.0,1469.0,14.0,66.4,1.0536,True,False,False
7347,2005-01-10 19:00:00,3.1,1365.0,1192.0,492.0,1593.0,1486.0,13.8,66.4,1.0451,True,False,False
7348,2005-01-10 20:00:00,3.3,1385.0,1218.0,478.0,1620.0,1494.0,13.4,68.1,1.0441,True,False,False
7349,2005-01-10 21:00:00,3.3,1361.0,1137.0,503.0,1526.0,1471.0,13.2,69.1,1.0452,True,False,False
7350,2005-01-10 22:00:00,2.6,1312.0,1047.0,545.0,1430.0,1399.0,13.0,70.0,1.042,True,False,False
7351,2005-01-10 23:00:00,1.7,1177.0,871.0,660.0,1292.0,1192.0,12.7,69.9,1.0223,True,False,False
7352,2005-01-11 00:00:00,1.8,1205.0,888.0,647.0,1292.0,1187.0,12.0,71.9,1.0071,True,False,False
7353,2005-01-11 01:00:00,1.5,1114.0,757.0,744.0,1204.0,1070.0,13.2,66.8,1.0087,True,False,False
7354,2005-01-11 02:00:00,1.1,1047.0,708.0,816.0,1167.0,949.0,12.4,69.5,0.9986,True,False,False
7355,2005-01-11 03:00:00,0.9,982.0,592.0,953.0,1106.0,830.0,13.1,65.7,0.9858,True,False,False
7356,2005-01-11 04:00:00,0.7,992.0,644.0,899.0,1128.0,854.0,11.8,70.6,0.9731,True,False,False
7357,2005-01-11 05:00:00,0.7,977.0,629.0,908.0,1129.0,835.0,12.3,68.0,0.9734,True,False,False
7358,2005-01-11 06:00:00,0.9,1047.0,671.0,863.0,1147.0,887.0,12.0,69.2,0.9697,True,False,False
7359,2005-01-11 07:00:00,1.3,1126.0,775.0,760.0,1205.0,1019.0,11.7,69.8,0.9612,True,False,False
7360,2005-01-11 08:00:00,3.2,1474.0,1268.0,502.0,1677.0,1503.0,12.1,67.6,0.95,True,False,False
7361,2005-01-11 09:00:00,5.1,1526.0,1466.0,415.0,1855.0,1687.0,12.5,65.1,0.9399,True,False,False
7362,2005-01-11 10:00:00,3.7,1386.0,1158.0,518.0,1485.0,1553.0,12.8,62.5,0.9213,True,False,False
7363,2005-01-11 11:00:00,3.2,1392.0,1166.0,519.0,1488.0,1624.0,13.4,59.9,0.9143,True,False,False
7364,2005-01-11 12:00:00,3.1,1363.0,1192.0,499.0,1501.0,1637.0,13.4,57.9,0.8895,True,False,False
7365,2005-01-11 13:00:00,3.0,1331.0,1184.0,507.0,1508.0,1533.0,13.6,56.4,0.8754,True,False,False
7366,2005-01-11 14:00:00,3.6,1401.0,1261.0,479.0,1580.0,1577.0,13.8,56.3,0.8841,True,False,False
7367,2005-01-11 15:00:00,3.2,1374.0,1239.0,483.0,1569.0,1532.0,13.7,57.9,0.9063,True,False,False
7368,2005-01-11 16:00:00,3.9,1436.0,1299.0,451.0,1616.0,1621.0,13.6,58.9,0.9139,True,False,False
7369,2005-01-11 17:00:00,3.4,1386.0,1228.0,479.0,1546.0,1578.0,13.4,59.7,0.9142,True,False,False
7370,2005-01-11 18:00:00,3.9,1419.0,1277.0,459.0,1603.0,1631.0,13.3,61.2,0.933,True,False,False
7371,2005-01-11 19:00:00,3.6,1428.0,1288.0,465.0,1580.0,1629.0,13.2,61.8,0.9313,True,False,False
7372,2005-01-11 20:00:00,4.7,1508.0,1416.0,418.0,1773.0,1733.0,12.9,61.5,0.9139,True,False,False
7373,2005-01-11 21:00:00,4.1,1438.0,1251.0,470.0,1593.0,1622.0,12.6,63.9,0.9307,True,False,False
7374,2005-01-11 22:00:00,3.4,1415.0,1197.0,486.0,1539.0,1597.0,12.0,67.4,0.9417,True,False,False
7375,2005-01-11 23:00:00,3.5,1433.0,1186.0,479.0,1497.0,1738.0,11.9,69.0,0.9568,True,False,False
7376,2005-01-12 00:00:00,1.2,1208.0,964.0,602.0,1305.0,1350.0,12.0,66.6,0.9293,True,False,False
7377,2005-01-12 01:00:00,2.4,1280.0,1029.0,564.0,1366.0,1363.0,11.4,69.6,0.9373,True,False,False
7378,2005-01-12 02:00:00,2.1,1174.0,942.0,626.0,1296.0,1262.0,11.2,70.3,0.9323,True,False,False
7379,2005-01-12 03:00:00,1.1,1022.0,729.0,803.0,1139.0,1034.0,11.5,68.2,0.9271,True,False,False
7380,2005-01-12 04:00:00,,1002.0,722.0,807.0,1161.0,998.0,10.7,71.3,0.9161,False,True,False
7381,2005-01-12 05:00:00,1.0,1018.0,746.0,800.0,1171.0,958.0,10.0,74.8,0.9161,True,False,False
7382,2005-01-12 06:00:00,1.4,1095.0,868.0,676.0,1241.0,1078.0,9.2,78.5,0.9143,True,False,False
7383,2005-01-12 07:00:00,1.8,1182.0,951.0,634.0,1327.0,1143.0,8.8,79.4,0.9033,True,False,False
7384,2005-01-12 08:00:00,3.8,1478.0,1234.0,470.0,1606.0,1551.0,8.7,79.4,0.8944,True,False,False
7385,2005-01-12 09:00:00,4.1,1515.0,1298.0,434.0,1706.0,1669.0,8.9,76.5,0.8767,True,False,False
7386,2005-01-12 10:00:00,4.4,1488.0,1286.0,452.0,1648.0,1766.0,9.9,73.3,0.8936,True,False,False
7387,2005-01-12 11:00:00,3.5,1383.0,1196.0,497.0,1514.0,1717.0,11.8,65.5,0.901,True,False,False
7388,2005-01-12 12:00:00,3.5,1383.0,1218.0,497.0,1506.0,1738.0,13.0,60.9,0.9061,True,False,False
7389,2005-01-12 13:00:00,3.8,1337.0,1231.0,505.0,1518.0,1611.0,14.7,52.3,0.8687,True,False,False
7390,2005-01-12 14:00:00,3.1,1243.0,1155.0,546.0,1473.0,1398.0,15.1,49.6,0.8428,True,False,False
7391,2005-01-12 15:00:00,3.4,1304.0,1244.0,507.0,1558.0,1497.0,15.7,48.8,0.8657,True,False,False
7392,2005-01-12 16:00:00,3.3,1284.0,1216.0,522.0,1545.0,1415.0,15.8,48.9,0.8707,True,False,False
7393,2005-01-12 17:00:00,3.4,1303.0,1226.0,521.0,1554.0,1457.0,14.6,54.0,0.8946,True,False,False
7394,2005-01-12 18:00:00,4.7,1461.0,1440.0,440.0,1806.0,1669.0,14.3,56.3,0.9119,True,False,False
7395,2005-01-12 19:00:00,5.7,1517.0,1512.0,421.0,1902.0,1740.0,14.1,57.8,0.9262,True,False,False
7396,2005-01-12 20:00:00,5.6,1526.0,1492.0,428.0,1883.0,1770.0,13.1,62.9,0.943,True,False,False
7397,2005-01-12 21:00:00,5.9,1495.0,1386.0,457.0,1736.0,1734.0,12.0,67.5,0.9467,True,False,False
7398,2005-01-12 22:00:00,3.6,1333.0,1154.0,534.0,1441.0,1647.0,10.7,70.9,0.9113,True,False,False
7399,2005-01-12 23:00:00,2.5,1216.0,1020.0,605.0,1337.0,1379.0,10.0,73.2,0.8988,True,False,False
7400,2005-01-13 00:00:00,2.9,1232.0,1032.0,599.0,1347.0,1331.0,9.4,75.0,0.8874,True,False,False
7401,2005-01-13 01:00:00,2.5,1181.0,985.0,629.0,1312.0,1240.0,8.5,76.9,0.8557,True,False,False
7402,2005-01-13 02:00:00,1.7,1042.0,814.0,746.0,1167.0,1036.0,8.4,75.9,0.8407,True,False,False
7403,2005-01-13 03:00:00,1.6,1027.0,824.0,753.0,1171.0,969.0,6.9,80.7,0.8054,True,False,False
7404,2005-01-13 04:00:00,1.1,915.0,695.0,883.0,1094.0,826.0,6.2,82.1,0.7825,True,False,False
7405,2005-01-13 05:00:00,0.9,891.0,666.0,931.0,1058.0,798.0,7.0,77.3,0.7759,True,False,False
7406,2005-01-13 06:00:00,1.0,937.0,694.0,915.0,1054.0,817.0,6.5,79.7,0.7751,True,False,False
7407,2005-01-13 07:00:00,1.6,1086.0,901.0,715.0,1216.0,1055.0,7.7,76.8,0.8112,True,False,False
7408,2005-01-13 08:00:00,3.1,1326.0,1190.0,531.0,1509.0,1391.0,8.2,74.9,0.8184,True,False,False
7409,2005-01-13 09:00:00,4.1,1469.0,1403.0,452.0,1780.0,1665.0,8.8,73.2,0.8298,True,False,False
7410,2005-01-13 10:00:00,3.9,1321.0,1170.0,532.0,1488.0,1539.0,9.7,70.1,0.8432,True,False,False
7411,2005-01-13 11:00:00,3.6,1396.0,1196.0,524.0,1492.0,1653.0,11.7,62.7,0.8586,True,False,False
7412,2005-01-13 12:00:00,3.2,1270.0,1077.0,583.0,1353.0,1586.0,13.1,58.5,0.877,True,False,False
7413,2005-01-13 13:00:00,2.2,1189.0,1025.0,626.0,1316.0,1332.0,14.2,54.1,0.8707,True,False,False
7414,2005-01-13 14:00:00,2.4,1227.0,1081.0,570.0,1396.0,1369.0,14.2,54.3,0.8757,True,False,False
7415,2005-01-13 15:00:00,2.7,1266.0,1118.0,564.0,1410.0,1373.0,14.0,56.3,0.894,True,False,False
7416,2005-01-13 16:00:00,2.7,1277.0,1175.0,531.0,1480.0,1397.0,13.5,57.8,0.8933,True,False,False
7417,2005-01-13 17:00:00,3.9,1438.0,1295.0,470.0,1620.0,1577.0,12.3,63.0,0.9015,True,False,False
7418,2005-01-13 18:00:00,5.2,1523.0,1470.0,414.0,1811.0,1783.0,11.4,68.0,0.9166,True,False,False
7419,2005-01-13 19:00:00,4.0,1384.0,1290.0,475.0,1571.0,1568.0,10.8,69.5,0.8995,True,False,False
7420,2005-01-13 20:00:00,2.9,1283.0,1093.0,581.0,1354.0,1356.0,11.0,67.1,0.8766,True,False,False
7421,2005-01-13 21:00:00,3.3,1304.0,1085.0,571.0,1385.0,1419.0,9.5,71.3,0.8458,True,False,False
7422,2005-01-13 22:00:00,2.0,1126.0,880.0,690.0,1202.0,1177.0,8.8,71.0,0.8089,True,False,False
7423,2005-01-13 23:00:00,1.8,1141.0,892.0,686.0,1213.0,1141.0,8.0,73.4,0.7899,True,False,False
7424,2005-01-14 00:00:00,2.7,1183.0,930.0,669.0,1210.0,1179.0,7.6,73.0,0.7629,True,False,False
7425,2005-01-14 01:00:00,1.8,1090.0,830.0,744.0,1125.0,1056.0,7.1,73.9,0.7515,True,False,False
7426,2005-01-14 02:00:00,1.3,1032.0,736.0,809.0,1064.0,973.0,7.1,73.5,0.7439,True,False,False
7427,2005-01-14 03:00:00,1.0,940.0,691.0,877.0,1036.0,827.0,6.7,75.0,0.739,True,False,False
7428,2005-01-14 04:00:00,1.1,981.0,721.0,866.0,1059.0,836.0,5.1,81.3,0.7204,True,False,False
7429,2005-01-14 05:00:00,1.6,1104.0,851.0,687.0,1101.0,1085.0,4.3,82.9,0.6968,True,False,False
7430,2005-01-14 06:00:00,1.3,989.0,762.0,793.0,1076.0,959.0,5.3,80.4,0.7234,True,False,False
7431,2005-01-14 07:00:00,1.4,1079.0,869.0,732.0,1160.0,1039.0,5.7,79.3,0.7326,True,False,False
7432,2005-01-14 08:00:00,5.0,1472.0,1418.0,459.0,1681.0,1554.0,6.8,74.8,0.7423,True,False,False
7433,2005-01-14 09:00:00,4.3,1313.0,1206.0,513.0,1469.0,1546.0,6.9,75.2,0.7505,True,False,False
7434,2005-01-14 10:00:00,4.1,1363.0,1229.0,515.0,1490.0,1638.0,8.0,71.9,0.7712,True,False,False
7435,2005-01-14 11:00:00,3.8,1347.0,1212.0,527.0,1443.0,1568.0,9.3,67.1,0.7849,True,False,False
7436,2005-01-14 12:00:00,3.1,1240.0,1140.0,567.0,1388.0,1433.0,10.2,63.6,0.7928,True,False,False
7437,2005-01-14 13:00:00,3.3,1280.0,1222.0,526.0,1519.0,1452.0,11.0,60.9,0.7966,True,False,False
7438,2005-01-14 14:00:00,3.1,1210.0,1151.0,569.0,1428.0,1345.0,11.3,60.1,0.8022,True,False,False
7439,2005-01-14 15:00:00,2.7,1216.0,1134.0,566.0,1403.0,1336.0,12.2,56.9,0.8068,True,False,False
7440,2005-01-14 16:00:00,3.4,1320.0,1207.0,535.0,1498.0,1442.0,11.9,59.1,0.8211,True,False,False
7441,2005-01-14 17:00:00,5.0,1477.0,1412.0,450.0,1704.0,1748.0,10.3,66.3,0.8286,True,False,False
7442,2005-01-14 18:00:00,5.7,1500.0,1458.0,428.0,1750.0,1776.0,8.2,74.9,0.8187,True,False,False
7443,2005-01-14 19:00:00,5.8,1512.0,1463.0,435.0,1720.0,1802.0,7.9,77.1,0.8223,True,False,False
7444,2005-01-14 20:00:00,5.8,1496.0,1447.0,435.0,1710.0,1796.0,8.3,75.0,0.8253,True,False,False
7445,2005-01-14 21:00:00,5.0,1360.0,1246.0,513.0,1504.0,1600.0,8.2,75.2,0.8185,True,False,False
7446,2005-01-14 22:00:00,1.7,1024.0,819.0,782.0,1101.0,1083.0,8.3,69.7,0.7632,True,False,False
7447,2005-01-14 23:00:00,1.6,1094.0,845.0,780.0,1127.0,1064.0,6.7,74.4,0.7344,True,False,False
7448,2005-01-15 00:00:00,2.3,1111.0,877.0,735.0,1142.0,1104.0,6.4,74.9,0.7238,True,False,False
7449,2005-01-15 01:00:00,2.4,1097.0,878.0,737.0,1140.0,1053.0,4.9,80.1,0.7011,True,False,False
7450,2005-01-15 02:00:00,2.0,1051.0,820.0,778.0,1087.0,1009.0,4.8,79.4,0.6872,True,False,False
7451,2005-01-15 03:00:00,1.6,979.0,767.0,827.0,1041.0,908.0,3.3,82.6,0.645,True,False,False
7452,2005-01-15 04:00:00,,978.0,756.0,834.0,1015.0,878.0,2.4,86.6,0.6369,False,True,False
7453,2005-01-15 05:00:00,1.1,902.0,659.0,940.0,972.0,800.0,3.4,81.4,0.6425,True,False,False
7454,2005-01-15 06:00:00,1.0,957.0,641.0,1013.0,940.0,784.0,4.2,77.0,0.6439,True,False,False
7455,2005-01-15 07:00:00,1.3,973.0,728.0,902.0,1004.0,854.0,3.5,80.8,0.6406,True,False,False
7456,2005-01-15 08:00:00,1.9,1074.0,967.0,703.0,1201.0,1065.0,3.5,80.3,0.6366,True,False,False
7457,2005-01-15 09:00:00,2.6,1115.0,1012.0,650.0,1230.0,1161.0,4.0,78.5,0.645,True,False,False
7458,2005-01-15 10:00:00,2.7,1136.0,1001.0,653.0,1216.0,1192.0,4.5,76.6,0.6534,True,False,False
7459,2005-01-15 11:00:00,2.4,1128.0,977.0,673.0,1199.0,1202.0,5.6,72.3,0.6627,True,False,False
7460,2005-01-15 12:00:00,2.7,1196.0,1035.0,633.0,1259.0,1338.0,7.5,64.4,0.672,True,False,False
7461,2005-01-15 13:00:00,3.1,1267.0,1166.0,567.0,1382.0,1505.0,8.9,60.8,0.6921,True,False,False
7462,2005-01-15 14:00:00,4.4,1355.0,1244.0,536.0,1454.0,1715.0,10.6,55.3,0.7058,True,False,False
7463,2005-01-15 15:00:00,3.2,1194.0,1061.0,622.0,1257.0,1473.0,12.3,46.3,0.6597,True,False,False
7464,2005-01-15 16:00:00,2.9,1188.0,1029.0,635.0,1243.0,1433.0,12.2,47.0,0.6686,True,False,False
7465,2005-01-15 17:00:00,3.0,1279.0,1154.0,573.0,1391.0,1544.0,10.5,55.1,0.6993,True,False,False
7466,2005-01-15 18:00:00,3.7,1361.0,1223.0,525.0,1454.0,1648.0,8.7,66.3,0.7491,True,False,False
7467,2005-01-15 19:00:00,5.2,1474.0,1319.0,496.0,1524.0,1784.0,7.9,69.9,0.7487,True,False,False
7468,2005-01-15 20:00:00,3.3,1235.0,1078.0,616.0,1265.0,1519.0,7.6,65.3,0.6842,True,False,False
7469,2005-01-15 21:00:00,3.6,1289.0,1140.0,590.0,1317.0,1532.0,6.5,67.6,0.6608,True,False,False
7470,2005-01-15 22:00:00,2.3,1124.0,910.0,717.0,1112.0,1340.0,5.9,66.4,0.6226,True,False,False
7471,2005-01-15 23:00:00,3.0,1231.0,1017.0,655.0,1207.0,1414.0,5.2,70.0,0.6232,True,False,False
7472,2005-01-16 00:00:00,3.8,1289.0,1104.0,623.0,1257.0,1499.0,5.2,67.8,0.6028,True,False,False
7473,2005-01-16 01:00:00,3.2,1166.0,970.0,705.0,1136.0,1306.0,4.9,67.1,0.5863,True,False,False
7474,2005-01-16 02:00:00,2.1,1062.0,884.0,748.0,1062.0,1172.0,5.1,65.5,0.5811,True,False,False
7475,2005-01-16 03:00:00,1.7,1028.0,813.0,794.0,1019.0,1076.0,4.0,69.5,0.5706,True,False,False
7476,2005-01-16 04:00:00,1.7,1003.0,807.0,819.0,1021.0,1005.0,3.7,68.9,0.5549,True,False,False
7477,2005-01-16 05:00:00,1.4,929.0,721.0,923.0,956.0,913.0,4.5,62.7,0.5343,True,False,False
7478,2005-01-16 06:00:00,1.2,951.0,737.0,910.0,977.0,922.0,4.7,62.3,0.5368,True,False,False
7479,2005-01-16 07:00:00,1.4,1011.0,783.0,835.0,1013.0,1026.0,3.9,67.1,0.5483,True,False,False
7480,2005-01-16 08:00:00,1.4,939.0,751.0,898.0,984.0,952.0,5.7,54.5,0.5034,True,False,False
7481,2005-01-16 09:00:00,1.7,946.0,827.0,876.0,1037.0,915.0,6.1,50.3,0.4769,True,False,False
7482,2005-01-16 10:00:00,1.0,841.0,625.0,1054.0,846.0,687.0,9.0,39.5,0.4554,True,False,False
7483,2005-01-16 11:00:00,1.0,850.0,629.0,1076.0,847.0,597.0,10.7,34.4,0.4406,True,False,False
7484,2005-01-16 12:00:00,0.8,831.0,602.0,1123.0,824.0,527.0,11.1,33.4,0.4401,True,False,False
7485,2005-01-16 13:00:00,1.0,866.0,652.0,1060.0,857.0,573.0,11.9,30.8,0.4285,True,False,False
7486,2005-01-16 14:00:00,0.8,819.0,576.0,1142.0,809.0,492.0,11.4,32.0,0.431,True,False,False
7487,2005-01-16 15:00:00,0.7,833.0,584.0,1144.0,821.0,463.0,11.3,32.5,0.4334,True,False,False
7488,2005-01-16 16:00:00,1.1,877.0,642.0,1037.0,859.0,565.0,11.0,33.0,0.4331,True,False,False
7489,2005-01-16 17:00:00,1.1,892.0,668.0,1017.0,872.0,632.0,10.3,35.0,0.4377,True,False,False
7490,2005-01-16 18:00:00,1.2,899.0,674.0,1002.0,893.0,691.0,8.4,40.9,0.4542,True,False,False
7491,2005-01-16 19:00:00,2.0,1008.0,861.0,839.0,977.0,943.0,8.3,38.5,0.4228,True,False,False
7492,2005-01-16 20:00:00,2.2,1013.0,873.0,820.0,984.0,985.0,8.1,37.9,0.41,True,False,False
7493,2005-01-16 21:00:00,1.5,912.0,730.0,959.0,893.0,821.0,7.7,39.0,0.4106,True,False,False
7494,2005-01-16 22:00:00,1.2,907.0,705.0,995.0,880.0,767.0,7.0,41.5,0.4193,True,False,False
7495,2005-01-16 23:00:00,1.5,953.0,771.0,905.0,936.0,895.0,6.6,42.6,0.4179,True,False,False
7496,2005-01-17 00:00:00,1.4,916.0,701.0,954.0,899.0,791.0,6.4,44.2,0.428,True,False,False
7497,2005-01-17 01:00:00,1.2,894.0,682.0,991.0,881.0,770.0,6.0,46.0,0.4349,True,False,False
7498,2005-01-17 02:00:00,1.0,895.0,648.0,1001.0,875.0,839.0,4.4,53.1,0.4484,True,False,False
7499,2005-01-17 03:00:00,0.6,845.0,534.0,1168.0,833.0,721.0,4.0,54.3,0.4454,True,False,False
7500,2005-01-17 04:00:00,0.7,837.0,512.0,1228.0,836.0,720.0,3.7,55.8,0.4489,True,False,False
7501,2005-01-17 05:00:00,0.5,795.0,504.0,1258.0,840.0,682.0,2.6,58.6,0.4385,True,False,False
7502,2005-01-17 06:00:00,0.7,874.0,552.0,1162.0,857.0,723.0,3.2,56.0,0.4364,True,False,False
7503,2005-01-17 07:00:00,1.0,920.0,667.0,1005.0,916.0,813.0,3.6,55.4,0.4419,True,False,False
7504,2005-01-17 08:00:00,3.0,1257.0,1176.0,612.0,1357.0,1365.0,1.8,63.3,0.4464,True,False,False
7505,2005-01-17 09:00:00,4.1,1222.0,1239.0,574.0,1346.0,1472.0,2.4,60.2,0.4426,True,False,False
7506,2005-01-17 10:00:00,3.1,1196.0,1139.0,617.0,1271.0,1497.0,4.6,52.1,0.4472,True,False,False
7507,2005-01-17 11:00:00,3.8,1214.0,1153.0,612.0,1244.0,1626.0,8.2,40.5,0.4414,True,False,False
7508,2005-01-17 12:00:00,2.7,1149.0,1096.0,639.0,1219.0,1476.0,10.5,34.7,0.4393,True,False,False
7509,2005-01-17 13:00:00,3.1,1166.0,1134.0,603.0,1227.0,1531.0,11.1,33.3,0.4384,True,False,False
7510,2005-01-17 14:00:00,3.1,1170.0,1138.0,611.0,1233.0,1503.0,11.1,32.6,0.4292,True,False,False
7511,2005-01-17 15:00:00,3.2,1176.0,1209.0,588.0,1264.0,1488.0,12.4,28.3,0.4076,True,False,False
7512,2005-01-17 16:00:00,3.3,1147.0,1158.0,615.0,1200.0,1435.0,12.9,24.5,0.363,True,False,False
7513,2005-01-17 17:00:00,4.0,1294.0,1330.0,535.0,1363.0,1725.0,11.4,28.7,0.3865,True,False,False
7514,2005-01-17 18:00:00,8.6,1683.0,1831.0,374.0,1964.0,2331.0,9.2,39.3,0.4573,True,False,False
7515,2005-01-17 19:00:00,8.7,1615.0,1712.0,384.0,1811.0,2312.0,7.8,48.1,0.5115,True,False,False
7516,2005-01-17 20:00:00,3.6,1256.0,1201.0,563.0,1251.0,1699.0,7.2,50.6,0.517,True,False,False
7517,2005-01-17 21:00:00,3.0,1205.0,1098.0,610.0,1170.0,1587.0,6.0,53.3,0.5008,True,False,False
7518,2005-01-17 22:00:00,1.9,1087.0,926.0,715.0,1053.0,1390.0,5.3,55.0,0.4921,True,False,False
7519,2005-01-17 23:00:00,1.9,1092.0,875.0,751.0,1010.0,1347.0,4.2,58.1,0.4832,True,False,False
7520,2005-01-18 00:00:00,1.6,1039.0,845.0,775.0,993.0,1268.0,3.4,60.9,0.4809,True,False,False
7521,2005-01-18 01:00:00,1.4,1001.0,762.0,850.0,948.0,1155.0,3.0,60.2,0.4639,True,False,False
7522,2005-01-18 02:00:00,1.0,925.0,677.0,958.0,901.0,1024.0,3.2,58.8,0.4578,True,False,False
7523,2005-01-18 03:00:00,0.7,880.0,613.0,1016.0,878.0,968.0,3.3,57.7,0.4516,True,False,False
7524,2005-01-18 04:00:00,,873.0,592.0,1076.0,869.0,915.0,4.5,53.8,0.4572,False,True,False
7525,2005-01-18 05:00:00,0.8,880.0,618.0,1023.0,893.0,928.0,3.1,59.7,0.4604,True,False,False
7526,2005-01-18 06:00:00,0.9,950.0,680.0,936.0,914.0,1028.0,4.2,57.1,0.4743,True,False,False
7527,2005-01-18 07:00:00,1.5,1039.0,855.0,783.0,1025.0,1210.0,3.4,58.5,0.4608,True,False,False
7528,2005-01-18 08:00:00,3.1,1284.0,1204.0,599.0,1337.0,1531.0,3.9,57.3,0.4661,True,False,False
7529,2005-01-18 09:00:00,5.1,1350.0,1305.0,509.0,1383.0,1745.0,4.3,56.8,0.4768,True,False,False
7530,2005-01-18 10:00:00,5.8,1476.0,1428.0,477.0,1536.0,1974.0,5.6,52.9,0.4841,True,False,False
7531,2005-01-18 11:00:00,3.8,1342.0,1215.0,542.0,1332.0,1806.0,5.5,54.9,0.4985,True,False,False
7532,2005-01-18 12:00:00,4.4,1488.0,1336.0,479.0,1483.0,1985.0,5.1,64.3,0.5697,True,False,False
7533,2005-01-18 13:00:00,4.9,1557.0,1432.0,445.0,1605.0,2068.0,5.5,66.1,0.601,True,False,False
7534,2005-01-18 14:00:00,5.2,1610.0,1502.0,420.0,1697.0,2087.0,5.5,69.3,0.6331,True,False,False
7535,2005-01-18 15:00:00,4.6,1583.0,1457.0,431.0,1640.0,1994.0,5.0,75.5,0.6667,True,False,False
7536,2005-01-18 16:00:00,4.8,1620.0,1420.0,436.0,1598.0,1971.0,5.2,76.2,0.6796,True,False,False
7537,2005-01-18 17:00:00,4.9,1605.0,1416.0,436.0,1614.0,1941.0,5.3,77.4,0.6954,True,False,False
7538,2005-01-18 18:00:00,4.9,1604.0,1496.0,410.0,1733.0,1969.0,5.0,79.6,0.7022,True,False,False
7539,2005-01-18 19:00:00,5.5,1582.0,1455.0,423.0,1725.0,1813.0,5.1,83.0,0.7352,True,False,False
7540,2005-01-18 20:00:00,4.2,1523.0,1342.0,466.0,1588.0,1677.0,6.4,82.9,0.8022,True,False,False
7541,2005-01-18 21:00:00,1.5,1172.0,813.0,774.0,1233.0,1118.0,10.3,74.0,0.9237,True,False,False
7542,2005-01-18 22:00:00,0.1,1021.0,670.0,932.0,1187.0,828.0,11.3,71.8,0.9577,True,False,False
7543,2005-01-18 23:00:00,0.2,1125.0,758.0,820.0,1241.0,867.0,9.8,81.9,0.9923,True,False,False
7544,2005-01-19 00:00:00,0.9,1197.0,840.0,712.0,1298.0,974.0,9.5,83.8,0.9972,True,False,False
7545,2005-01-19 01:00:00,1.0,1174.0,842.0,723.0,1286.0,975.0,9.9,81.0,0.9885,True,False,False
7546,2005-01-19 02:00:00,0.4,1106.0,733.0,822.0,1208.0,902.0,9.9,79.8,0.9725,True,False,False
7547,2005-01-19 03:00:00,,873.0,549.0,1106.0,1008.0,791.0,6.9,76.4,0.7661,False,True,False
7548,2005-01-19 04:00:00,,828.0,506.0,1222.0,945.0,673.0,4.8,75.7,0.659,False,True,False
7549,2005-01-19 05:00:00,,830.0,492.0,1263.0,948.0,578.0,4.7,78.9,0.682,False,True,False
7550,2005-01-19 06:00:00,,840.0,515.0,1235.0,941.0,563.0,5.0,75.0,0.6627,False,True,False
7551,2005-01-19 07:00:00,0.1,909.0,622.0,1046.0,992.0,730.0,5.6,69.5,0.6362,True,False,False
7552,2005-01-19 08:00:00,0.7,1098.0,881.0,760.0,1203.0,974.0,7.0,64.9,0.6512,True,False,False
7553,2005-01-19 09:00:00,1.2,1036.0,868.0,732.0,1158.0,958.0,7.1,65.4,0.6644,True,False,False
7554,2005-01-19 10:00:00,0.2,912.0,692.0,923.0,1020.0,713.0,6.4,67.4,0.6537,True,False,False
7555,2005-01-19 11:00:00,,873.0,618.0,1036.0,994.0,617.0,5.3,75.9,0.6824,False,True,False
7556,2005-01-19 12:00:00,,889.0,634.0,1009.0,1018.0,591.0,6.3,73.0,0.7024,False,True,False
7557,2005-01-19 13:00:00,0.3,965.0,742.0,889.0,1099.0,661.0,8.6,63.3,0.7073,True,False,False
7558,2005-01-19 14:00:00,0.6,1009.0,845.0,771.0,1132.0,856.0,10.0,55.0,0.6753,True,False,False
7559,2005-01-19 15:00:00,0.2,918.0,729.0,904.0,1014.0,639.0,9.4,53.6,0.6333,True,False,False
7560,2005-01-19 16:00:00,0.2,920.0,729.0,891.0,1013.0,647.0,9.2,55.0,0.6402,True,False,False
7561,2005-01-19 17:00:00,0.7,923.0,715.0,915.0,1015.0,646.0,8.7,55.1,0.6228,True,False,False
7562,2005-01-19 18:00:00,1.8,1021.0,883.0,766.0,1139.0,846.0,8.9,54.4,0.62,True,False,False
7563,2005-01-19 19:00:00,2.2,998.0,858.0,770.0,1109.0,857.0,8.6,53.6,0.5992,True,False,False
7564,2005-01-19 20:00:00,2.3,1061.0,962.0,721.0,1167.0,942.0,9.0,50.4,0.5809,True,False,False
7565,2005-01-19 21:00:00,2.6,1016.0,892.0,758.0,1109.0,945.0,9.2,49.8,0.5808,True,False,False
7566,2005-01-19 22:00:00,1.1,859.0,611.0,1053.0,918.0,562.0,8.8,52.1,0.5918,True,False,False
7567,2005-01-19 23:00:00,1.2,945.0,707.0,963.0,1005.0,657.0,8.8,50.9,0.5781,True,False,False
7568,2005-01-20 00:00:00,1.8,937.0,715.0,896.0,995.0,723.0,8.7,51.1,0.5755,True,False,False
7569,2005-01-20 01:00:00,1.1,876.0,618.0,1032.0,948.0,555.0,8.6,51.5,0.5772,True,False,False
7570,2005-01-20 02:00:00,0.9,831.0,530.0,1169.0,893.0,472.0,8.5,51.9,0.5766,True,False,False
7571,2005-01-20 03:00:00,0.7,828.0,514.0,1205.0,880.0,434.0,8.1,53.1,0.5742,True,False,False
7572,2005-01-20 04:00:00,0.6,810.0,470.0,1315.0,863.0,412.0,7.8,54.2,0.5755,True,False,False
7573,2005-01-20 05:00:00,0.6,822.0,493.0,1278.0,876.0,453.0,7.1,56.0,0.569,True,False,False
7574,2005-01-20 06:00:00,0.9,898.0,646.0,1013.0,954.0,702.0,7.0,57.6,0.5784,True,False,False
7575,2005-01-20 07:00:00,1.0,909.0,636.0,992.0,947.0,720.0,7.5,55.3,0.5734,True,False,False
7576,2005-01-20 08:00:00,3.4,1256.0,1130.0,616.0,1316.0,1311.0,7.0,56.3,0.566,True,False,False
7577,2005-01-20 09:00:00,4.2,1298.0,1217.0,552.0,1409.0,1444.0,7.6,53.5,0.5605,True,False,False
7578,2005-01-20 10:00:00,4.4,1326.0,1223.0,547.0,1381.0,1613.0,8.3,50.5,0.5558,True,False,False
7579,2005-01-20 11:00:00,2.9,1139.0,1031.0,649.0,1181.0,1388.0,12.4,37.1,0.5329,True,False,False
7580,2005-01-20 12:00:00,2.6,1135.0,1047.0,641.0,1175.0,1379.0,13.9,32.3,0.5117,True,False,False
7581,2005-01-20 13:00:00,2.6,1117.0,1071.0,638.0,1178.0,1289.0,14.4,28.9,0.4723,True,False,False
7582,2005-01-20 14:00:00,3.0,1094.0,1128.0,626.0,1191.0,1280.0,14.8,25.4,0.4259,True,False,False
7583,2005-01-20 15:00:00,2.3,982.0,990.0,745.0,1018.0,1059.0,15.1,20.8,0.3536,True,False,False
7584,2005-01-20 16:00:00,3.0,1107.0,1134.0,639.0,1172.0,1299.0,15.4,23.5,0.4076,True,False,False
7585,2005-01-20 17:00:00,4.5,1290.0,1349.0,534.0,1386.0,1638.0,13.7,28.1,0.4381,True,False,False
7586,2005-01-20 18:00:00,6.0,1445.0,1516.0,455.0,1594.0,1946.0,11.5,37.5,0.5068,True,False,False
7587,2005-01-20 19:00:00,4.3,1357.0,1330.0,511.0,1414.0,1798.0,10.4,42.3,0.5337,True,False,False
7588,2005-01-20 20:00:00,3.4,1248.0,1179.0,577.0,1259.0,1609.0,9.9,44.0,0.5381,True,False,False
7589,2005-01-20 21:00:00,2.8,1220.0,1085.0,618.0,1205.0,1531.0,8.7,48.3,0.5458,True,False,False
7590,2005-01-20 22:00:00,2.1,1137.0,856.0,758.0,1032.0,1338.0,8.1,49.9,0.5417,True,False,False
7591,2005-01-20 23:00:00,1.7,1102.0,829.0,773.0,1015.0,1274.0,7.3,52.8,0.5419,True,False,False
7592,2005-01-21 00:00:00,1.8,1082.0,801.0,780.0,1035.0,1200.0,8.0,52.2,0.5623,True,False,False
7593,2005-01-21 01:00:00,1.6,1053.0,795.0,786.0,1039.0,1143.0,6.8,56.4,0.5609,True,False,False
7594,2005-01-21 02:00:00,1.4,1003.0,740.0,847.0,992.0,1048.0,6.7,57.4,0.5654,True,False,False
7595,2005-01-21 03:00:00,1.3,1019.0,744.0,836.0,1000.0,1049.0,5.9,62.1,0.5806,True,False,False
7596,2005-01-21 04:00:00,,1071.0,808.0,757.0,1046.0,1172.0,5.4,65.9,0.5947,False,True,False
7597,2005-01-21 05:00:00,1.3,1118.0,841.0,702.0,1056.0,1368.0,5.5,66.5,0.6054,True,False,False
7598,2005-01-21 06:00:00,1.6,1206.0,948.0,628.0,1129.0,1540.0,5.9,65.8,0.6178,True,False,False
7599,2005-01-21 07:00:00,2.4,1256.0,1056.0,582.0,1230.0,1575.0,6.4,63.9,0.6192,True,False,False
7600,2005-01-21 08:00:00,4.5,1501.0,1367.0,465.0,1558.0,1856.0,7.2,62.2,0.6351,True,False,False
7601,2005-01-21 09:00:00,5.7,1578.0,1527.0,419.0,1761.0,2086.0,7.9,60.0,0.6406,True,False,False
7602,2005-01-21 10:00:00,4.3,1427.0,1280.0,500.0,1481.0,1948.0,8.3,58.5,0.6403,True,False,False
7603,2005-01-21 11:00:00,4.2,1440.0,1311.0,482.0,1476.0,2022.0,9.3,54.5,0.6415,True,False,False
7604,2005-01-21 12:00:00,4.5,1522.0,1365.0,464.0,1526.0,2104.0,10.2,53.1,0.6608,True,False,False
7605,2005-01-21 13:00:00,5.0,1517.0,1403.0,451.0,1579.0,2195.0,11.1,51.4,0.679,True,False,False
7606,2005-01-21 14:00:00,2.9,1300.0,1113.0,573.0,1291.0,1845.0,12.8,46.9,0.6919,True,False,False
7607,2005-01-21 15:00:00,3.0,1401.0,1204.0,526.0,1401.0,1947.0,13.1,48.0,0.7181,True,False,False
7608,2005-01-21 16:00:00,3.3,1551.0,1303.0,469.0,1520.0,2171.0,13.5,51.5,0.793,True,False,False
7609,2005-01-21 17:00:00,1.4,1411.0,1191.0,519.0,1426.0,1920.0,13.4,51.2,0.7808,True,False,False
7610,2005-01-21 18:00:00,2.3,1434.0,1239.0,506.0,1458.0,1835.0,12.1,55.3,0.7777,True,False,False
7611,2005-01-21 19:00:00,1.6,1489.0,1305.0,476.0,1547.0,1919.0,12.0,56.5,0.7924,True,False,False
7612,2005-01-21 20:00:00,4.9,1835.0,1731.0,355.0,2083.0,2254.0,10.4,64.4,0.8123,True,False,False
7613,2005-01-21 21:00:00,6.4,1804.0,1679.0,370.0,2005.0,2210.0,9.4,69.1,0.815,True,False,False
7614,2005-01-21 22:00:00,3.5,1579.0,1345.0,459.0,1608.0,1961.0,8.9,71.0,0.8115,True,False,False
7615,2005-01-21 23:00:00,1.7,1508.0,1246.0,496.0,1498.0,1791.0,8.1,73.8,0.7968,True,False,False
7616,2005-01-22 00:00:00,2.6,1535.0,1300.0,483.0,1524.0,1725.0,7.3,76.8,0.7904,True,False,False
7617,2005-01-22 01:00:00,1.6,1395.0,1131.0,552.0,1362.0,1553.0,7.3,76.7,0.7862,True,False,False
7618,2005-01-22 02:00:00,1.5,1392.0,1153.0,542.0,1395.0,1506.0,7.1,77.3,0.7826,True,False,False
7619,2005-01-22 03:00:00,0.9,1326.0,1087.0,571.0,1333.0,1398.0,6.7,78.7,0.7779,True,False,False
7620,2005-01-22 04:00:00,0.5,1297.0,1032.0,605.0,1297.0,1300.0,7.0,77.8,0.7848,True,False,False
7621,2005-01-22 05:00:00,0.9,1331.0,1106.0,568.0,1322.0,1383.0,5.7,80.5,0.7416,True,False,False
7622,2005-01-22 06:00:00,0.4,1288.0,1036.0,590.0,1242.0,1413.0,5.2,81.4,0.7276,True,False,False
7623,2005-01-22 07:00:00,0.5,1322.0,1091.0,565.0,1307.0,1471.0,5.6,80.4,0.7349,True,False,False
7624,2005-01-22 08:00:00,0.8,1390.0,1167.0,522.0,1392.0,1619.0,6.3,78.8,0.7544,True,False,False
7625,2005-01-22 09:00:00,1.4,1443.0,1207.0,502.0,1431.0,1673.0,6.9,76.9,0.7682,True,False,False
7626,2005-01-22 10:00:00,1.6,1496.0,1254.0,484.0,1472.0,1881.0,9.2,67.7,0.79,True,False,False
7627,2005-01-22 11:00:00,1.5,1439.0,1198.0,502.0,1426.0,1877.0,11.6,59.8,0.8152,True,False,False
7628,2005-01-22 12:00:00,1.0,1432.0,1150.0,527.0,1393.0,1818.0,14.0,52.0,0.8288,True,False,False
7629,2005-01-22 13:00:00,1.0,1398.0,1149.0,535.0,1417.0,1699.0,15.0,50.2,0.8495,True,False,False
7630,2005-01-22 14:00:00,1.3,1380.0,1206.0,515.0,1500.0,1677.0,14.9,49.9,0.8394,True,False,False
7631,2005-01-22 15:00:00,0.1,1022.0,857.0,770.0,1068.0,1088.0,15.8,33.8,0.6034,True,False,False
7632,2005-01-22 16:00:00,,973.0,806.0,851.0,994.0,926.0,15.4,29.3,0.5068,False,True,False
7633,2005-01-22 17:00:00,,951.0,862.0,823.0,972.0,961.0,14.4,25.7,0.4193,False,True,False
7634,2005-01-22 18:00:00,0.1,987.0,925.0,776.0,1016.0,1066.0,13.4,27.2,0.4157,True,False,False
7635,2005-01-22 19:00:00,0.4,1100.0,1057.0,687.0,1126.0,1241.0,12.2,28.7,0.4077,True,False,False
7636,2005-01-22 20:00:00,0.7,1064.0,1072.0,704.0,1103.0,1220.0,11.3,25.7,0.3422,True,False,False
7637,2005-01-22 21:00:00,2.7,1316.0,1327.0,549.0,1328.0,1613.0,9.7,31.9,0.3848,True,False,False
7638,2005-01-22 22:00:00,2.1,1262.0,1208.0,587.0,1219.0,1577.0,8.4,36.5,0.4035,True,False,False
7639,2005-01-22 23:00:00,1.3,1259.0,1152.0,610.0,1165.0,1569.0,8.2,36.8,0.4016,True,False,False
7640,2005-01-23 00:00:00,0.8,1166.0,981.0,697.0,993.0,1445.0,8.0,36.0,0.3872,True,False,False
7641,2005-01-23 01:00:00,,1066.0,880.0,784.0,946.0,1240.0,7.0,39.9,0.4006,False,True,False
7642,2005-01-23 02:00:00,,1051.0,883.0,783.0,978.0,1169.0,5.7,44.3,0.4093,False,True,False
7643,2005-01-23 03:00:00,,992.0,808.0,849.0,926.0,1052.0,4.7,46.6,0.4025,False,True,False
7644,2005-01-23 04:00:00,,969.0,788.0,854.0,938.0,1006.0,4.2,50.8,0.4234,False,True,False
7645,2005-01-23 05:00:00,,862.0,609.0,1101.0,810.0,757.0,4.6,45.1,0.3861,False,True,False
7646,2005-01-23 06:00:00,,859.0,581.0,1112.0,829.0,753.0,2.7,53.3,0.4006,False,True,False
7647,2005-01-23 07:00:00,,849.0,552.0,1165.0,812.0,737.0,3.1,51.0,0.3947,False,True,False
7648,2005-01-23 08:00:00,,879.0,594.0,1119.0,839.0,792.0,2.5,54.1,0.4017,False,True,False
7649,2005-01-23 09:00:00,,956.0,735.0,915.0,942.0,945.0,3.1,53.5,0.4123,False,True,False
7650,2005-01-23 10:00:00,,1039.0,828.0,791.0,987.0,1115.0,5.0,47.5,0.418,False,True,False
7651,2005-01-23 11:00:00,,1066.0,871.0,775.0,996.0,1131.0,5.8,43.4,0.4032,False,True,False
7652,2005-01-23 12:00:00,,1124.0,927.0,722.0,1047.0,1242.0,7.1,42.8,0.4327,False,True,False
7653,2005-01-23 13:00:00,,1160.0,948.0,712.0,1072.0,1289.0,7.9,41.6,0.4459,False,True,False
7654,2005-01-23 14:00:00,,1110.0,896.0,737.0,1040.0,1276.0,8.1,41.2,0.448,False,True,False
7655,2005-01-23 15:00:00,,1138.0,940.0,706.0,1088.0,1359.0,8.3,41.3,0.4533,False,True,False
7656,2005-01-23 16:00:00,,1095.0,857.0,756.0,1075.0,1020.0,8.9,49.1,0.5629,False,True,False
7657,2005-01-23 17:00:00,,1045.0,694.0,911.0,1025.0,805.0,7.1,66.0,0.6678,False,True,False
7658,2005-01-23 18:00:00,,1078.0,727.0,849.0,1057.0,857.0,5.7,75.1,0.6942,False,True,False
7659,2005-01-23 19:00:00,,1169.0,846.0,767.0,1157.0,942.0,5.4,77.6,0.7031,False,True,False
7660,2005-01-23 20:00:00,,1174.0,926.0,674.0,1220.0,1020.0,5.4,78.2,0.7074,False,True,False
7661,2005-01-23 21:00:00,,1075.0,749.0,827.0,1050.0,899.0,7.3,68.1,0.6979,False,True,False
7662,2005-01-23 22:00:00,,1044.0,685.0,903.0,1042.0,860.0,5.8,74.4,0.6924,False,True,False
7663,2005-01-23 23:00:00,,1110.0,782.0,798.0,1101.0,954.0,6.2,72.3,0.6887,False,True,False
7664,2005-01-24 00:00:00,,1086.0,733.0,848.0,1064.0,883.0,5.9,72.7,0.6791,False,True,False
7665,2005-01-24 01:00:00,,1092.0,811.0,773.0,1129.0,966.0,5.0,76.5,0.6728,False,True,False
7666,2005-01-24 02:00:00,0.1,1127.0,884.0,704.0,1173.0,983.0,4.0,80.4,0.663,True,False,False
7667,2005-01-24 03:00:00,,881.0,578.0,1017.0,876.0,607.0,5.8,59.0,0.5493,False,True,False
7668,2005-01-24 04:00:00,,831.0,498.0,1237.0,855.0,443.0,5.8,59.5,0.5519,False,True,False
7669,2005-01-24 05:00:00,0.3,791.0,459.0,1421.0,809.0,390.0,6.6,51.3,0.5026,True,False,False
7670,2005-01-24 06:00:00,0.5,836.0,520.0,1296.0,832.0,479.0,7.0,47.2,0.4745,True,False,False
7671,2005-01-24 07:00:00,0.6,907.0,644.0,1028.0,902.0,732.0,6.6,47.9,0.4686,True,False,False
7672,2005-01-24 08:00:00,1.8,1174.0,1018.0,688.0,1210.0,1149.0,7.2,49.8,0.5061,True,False,False
7673,2005-01-24 09:00:00,2.0,1094.0,967.0,682.0,1147.0,1136.0,6.9,52.8,0.5293,True,False,False
7674,2005-01-24 10:00:00,1.4,992.0,800.0,797.0,1007.0,934.0,8.7,46.7,0.5249,True,False,False
7675,2005-01-24 11:00:00,0.6,955.0,783.0,844.0,976.0,845.0,10.0,40.6,0.4971,True,False,False
7676,2005-01-24 12:00:00,0.5,959.0,771.0,852.0,975.0,808.0,11.8,35.4,0.4877,True,False,False
7677,2005-01-24 13:00:00,0.7,981.0,804.0,829.0,997.0,783.0,10.7,37.2,0.4788,True,False,False
7678,2005-01-24 14:00:00,0.7,947.0,791.0,825.0,963.0,785.0,10.9,34.9,0.456,True,False,False
7679,2005-01-24 15:00:00,1.1,1023.0,898.0,759.0,1034.0,899.0,10.7,33.1,0.4256,True,False,False
7680,2005-01-24 16:00:00,1.3,1009.0,860.0,787.0,993.0,922.0,10.6,34.2,0.4375,True,False,False
7681,2005-01-24 17:00:00,1.0,1007.0,884.0,780.0,1014.0,951.0,8.9,38.1,0.4341,True,False,False
7682,2005-01-24 18:00:00,1.5,1054.0,992.0,715.0,1092.0,1051.0,7.8,39.7,0.4206,True,False,False
7683,2005-01-24 19:00:00,1.5,1018.0,934.0,740.0,1014.0,967.0,7.3,42.2,0.4341,True,False,False
7684,2005-01-24 20:00:00,1.2,976.0,870.0,795.0,971.0,861.0,6.9,42.5,0.4257,True,False,False
7685,2005-01-24 21:00:00,0.3,872.0,689.0,970.0,866.0,631.0,6.6,43.2,0.4247,True,False,False
7686,2005-01-24 22:00:00,,805.0,559.0,1183.0,781.0,466.0,6.4,41.7,0.4034,False,True,False
7687,2005-01-24 23:00:00,,800.0,541.0,1250.0,779.0,407.0,6.1,42.6,0.4041,False,True,False
7688,2005-01-25 00:00:00,,785.0,504.0,1306.0,760.0,387.0,5.9,41.8,0.3928,False,True,False
7689,2005-01-25 01:00:00,,757.0,459.0,1447.0,735.0,337.0,5.7,41.5,0.3836,False,True,False
7690,2005-01-25 02:00:00,,751.0,424.0,1583.0,726.0,303.0,5.5,42.4,0.3867,False,True,False
7691,2005-01-25 03:00:00,,766.0,412.0,1651.0,763.0,295.0,4.5,52.0,0.4436,False,True,False
7692,2005-01-25 04:00:00,,759.0,399.0,1696.0,749.0,288.0,4.3,51.6,0.4323,False,True,False
7693,2005-01-25 05:00:00,,758.0,388.0,1785.0,765.0,274.0,3.7,56.3,0.453,False,True,False
7694,2005-01-25 06:00:00,,761.0,383.0,1745.0,787.0,289.0,3.3,58.1,0.4559,False,True,False
7695,2005-01-25 07:00:00,,762.0,434.0,1556.0,763.0,318.0,3.9,47.3,0.3862,False,True,False
7696,2005-01-25 08:00:00,0.2,869.0,646.0,1068.0,876.0,476.0,4.3,45.9,0.3843,True,False,False
7697,2005-01-25 09:00:00,0.7,938.0,785.0,853.0,969.0,704.0,4.2,50.1,0.4168,True,False,False
7698,2005-01-25 10:00:00,0.5,951.0,769.0,856.0,1000.0,735.0,3.4,62.7,0.4943,True,False,False
7699,2005-01-25 11:00:00,0.4,892.0,702.0,935.0,924.0,735.0,5.0,51.4,0.4534,True,False,False
7700,2005-01-25 12:00:00,0.3,876.0,703.0,968.0,892.0,653.0,5.7,44.1,0.4063,True,False,False
7701,2005-01-25 13:00:00,0.3,872.0,686.0,972.0,880.0,603.0,5.2,44.5,0.3968,True,False,False
7702,2005-01-25 14:00:00,0.4,893.0,722.0,932.0,917.0,645.0,4.7,48.6,0.4194,True,False,False
7703,2005-01-25 15:00:00,0.2,879.0,687.0,980.0,914.0,564.0,4.5,51.0,0.4327,True,False,False
7704,2005-01-25 16:00:00,0.4,896.0,689.0,966.0,909.0,614.0,5.1,50.1,0.4432,True,False,False
7705,2005-01-25 17:00:00,0.4,909.0,706.0,928.0,923.0,658.0,5.0,50.4,0.443,True,False,False
7706,2005-01-25 18:00:00,0.7,958.0,758.0,858.0,985.0,719.0,4.3,56.4,0.4721,True,False,False
7707,2005-01-25 19:00:00,1.0,984.0,803.0,813.0,1012.0,772.0,4.3,56.7,0.476,True,False,False
7708,2005-01-25 20:00:00,1.1,991.0,814.0,790.0,1040.0,812.0,4.3,57.0,0.4771,True,False,False
7709,2005-01-25 21:00:00,0.3,881.0,638.0,990.0,910.0,583.0,3.5,60.3,0.4782,True,False,False
7710,2005-01-25 22:00:00,0.1,853.0,616.0,1071.0,870.0,491.0,4.1,52.5,0.4351,True,False,False
7711,2005-01-25 23:00:00,,804.0,546.0,1194.0,796.0,400.0,3.9,50.6,0.4127,False,True,False
7712,2005-01-26 00:00:00,,788.0,514.0,1285.0,771.0,354.0,3.9,47.7,0.3901,False,True,False
7713,2005-01-26 01:00:00,,788.0,487.0,1346.0,769.0,329.0,4.0,47.8,0.3939,False,True,False
7714,2005-01-26 02:00:00,,763.0,428.0,1532.0,757.0,296.0,3.9,50.9,0.4144,False,True,False
7715,2005-01-26 03:00:00,,771.0,410.0,1622.0,765.0,283.0,3.0,57.7,0.4423,False,True,False
7716,2005-01-26 04:00:00,,747.0,390.0,1775.0,738.0,266.0,3.3,52.8,0.4137,False,True,False
7717,2005-01-26 05:00:00,,744.0,383.0,1881.0,720.0,253.0,2.7,53.9,0.4062,False,True,False
7718,2005-01-26 06:00:00,,774.0,441.0,1646.0,760.0,282.0,2.8,54.4,0.411,False,True,False
7719,2005-01-26 07:00:00,,800.0,492.0,1310.0,783.0,353.0,3.6,49.0,0.3915,False,True,False
7720,2005-01-26 08:00:00,0.3,896.0,668.0,1043.0,887.0,519.0,3.3,50.2,0.3934,True,False,False
7721,2005-01-26 09:00:00,0.6,913.0,733.0,902.0,901.0,681.0,3.5,47.5,0.3778,True,False,False
7722,2005-01-26 10:00:00,0.3,871.0,638.0,1022.0,860.0,583.0,4.3,49.4,0.4136,True,False,False
7723,2005-01-26 11:00:00,0.1,872.0,662.0,1007.0,874.0,628.0,4.5,48.4,0.4131,True,False,False
7724,2005-01-26 12:00:00,0.1,858.0,634.0,1053.0,868.0,566.0,4.3,50.0,0.4199,True,False,False
7725,2005-01-26 13:00:00,0.2,876.0,683.0,993.0,894.0,572.0,4.3,49.7,0.4166,True,False,False
7726,2005-01-26 14:00:00,0.5,900.0,751.0,891.0,913.0,637.0,4.9,45.3,0.3955,True,False,False
7727,2005-01-26 15:00:00,0.3,864.0,678.0,987.0,866.0,579.0,5.6,42.4,0.3884,True,False,False
7728,2005-01-26 16:00:00,0.3,902.0,721.0,924.0,900.0,666.0,5.7,43.1,0.3984,True,False,False
7729,2005-01-26 17:00:00,0.3,916.0,720.0,912.0,922.0,707.0,4.8,49.7,0.4305,True,False,False
7730,2005-01-26 18:00:00,1.0,1004.0,918.0,752.0,1033.0,990.0,5.1,43.0,0.3821,True,False,False
7731,2005-01-26 19:00:00,1.4,1024.0,945.0,729.0,1073.0,1026.0,5.3,44.4,0.397,True,False,False
7732,2005-01-26 20:00:00,1.4,1011.0,884.0,763.0,1048.0,910.0,4.9,47.9,0.418,True,False,False
7733,2005-01-26 21:00:00,1.1,1006.0,822.0,794.0,1025.0,897.0,4.7,50.8,0.4398,True,False,False
7734,2005-01-26 22:00:00,0.4,913.0,645.0,966.0,922.0,651.0,4.6,54.8,0.4704,True,False,False
7735,2005-01-26 23:00:00,0.2,905.0,620.0,986.0,904.0,598.0,4.0,56.8,0.4688,True,False,False
7736,2005-01-27 00:00:00,0.2,872.0,628.0,1009.0,857.0,560.0,4.2,46.8,0.39,True,False,False
7737,2005-01-27 01:00:00,0.2,843.0,597.0,1059.0,808.0,527.0,4.5,42.0,0.3571,True,False,False
7738,2005-01-27 02:00:00,0.2,863.0,622.0,1025.0,826.0,574.0,4.1,42.1,0.3487,True,False,False
7739,2005-01-27 03:00:00,,791.0,480.0,1259.0,738.0,422.0,4.5,39.7,0.3379,False,True,False
7740,2005-01-27 04:00:00,,769.0,412.0,1481.0,727.0,326.0,4.4,42.2,0.3571,False,True,False
7741,2005-01-27 05:00:00,0.4,778.0,417.0,1531.0,745.0,312.0,4.1,45.9,0.3804,True,False,False
7742,2005-01-27 06:00:00,0.5,801.0,470.0,1313.0,762.0,382.0,4.3,42.5,0.3556,True,False,False
7743,2005-01-27 07:00:00,0.7,827.0,533.0,1198.0,775.0,488.0,4.6,38.1,0.3267,True,False,False
7744,2005-01-27 08:00:00,1.9,1038.0,837.0,822.0,972.0,915.0,4.6,39.4,0.3367,True,False,False
7745,2005-01-27 09:00:00,2.4,1040.0,917.0,739.0,1038.0,1021.0,4.8,41.9,0.3634,True,False,False
7746,2005-01-27 10:00:00,2.0,980.0,790.0,839.0,934.0,897.0,5.9,40.2,0.376,True,False,False
7747,2005-01-27 11:00:00,1.3,912.0,683.0,961.0,872.0,699.0,7.0,38.4,0.3861,True,False,False
7748,2005-01-27 12:00:00,1.0,887.0,649.0,1009.0,854.0,588.0,6.6,40.2,0.3944,True,False,False
7749,2005-01-27 13:00:00,1.2,922.0,716.0,930.0,893.0,643.0,6.6,41.2,0.4046,True,False,False
7750,2005-01-27 14:00:00,1.5,928.0,748.0,900.0,900.0,685.0,7.3,36.8,0.3779,True,False,False
7751,2005-01-27 15:00:00,1.3,921.0,736.0,921.0,881.0,673.0,7.3,35.0,0.3584,True,False,False
7752,2005-01-27 16:00:00,1.5,905.0,747.0,924.0,850.0,691.0,7.0,33.5,0.3367,True,False,False
7753,2005-01-27 17:00:00,1.5,906.0,769.0,913.0,865.0,726.0,6.5,32.4,0.3155,True,False,False
7754,2005-01-27 18:00:00,2.1,981.0,886.0,819.0,928.0,912.0,5.7,33.9,0.3131,True,False,False
7755,2005-01-27 19:00:00,2.6,1053.0,987.0,750.0,1025.0,1048.0,5.0,36.1,0.3178,True,False,False
7756,2005-01-27 20:00:00,3.0,1086.0,1032.0,717.0,1049.0,1136.0,4.7,38.3,0.3306,True,False,False
7757,2005-01-27 21:00:00,2.0,967.0,811.0,863.0,911.0,909.0,4.5,39.9,0.339,True,False,False
7758,2005-01-27 22:00:00,1.4,902.0,689.0,995.0,838.0,719.0,4.3,41.1,0.3451,True,False,False
7759,2005-01-27 23:00:00,1.3,916.0,725.0,953.0,855.0,746.0,4.0,43.1,0.3551,True,False,False
7760,2005-01-28 00:00:00,1.2,895.0,677.0,999.0,827.0,700.0,3.7,46.0,0.3701,True,False,False
7761,2005-01-28 01:00:00,1.1,866.0,613.0,1075.0,810.0,579.0,3.3,47.4,0.3716,True,False,False
7762,2005-01-28 02:00:00,0.9,861.0,585.0,1120.0,807.0,553.0,3.0,49.1,0.3774,True,False,False
7763,2005-01-28 03:00:00,0.8,845.0,534.0,1146.0,781.0,519.0,3.5,48.0,0.3822,True,False,False
7764,2005-01-28 04:00:00,0.6,849.0,522.0,1158.0,779.0,467.0,3.6,48.0,0.3835,True,False,False
7765,2005-01-28 05:00:00,0.5,818.0,486.0,1282.0,781.0,422.0,4.0,47.8,0.3919,True,False,False
7766,2005-01-28 06:00:00,0.6,864.0,554.0,1159.0,819.0,545.0,4.1,48.1,0.3975,True,False,False
7767,2005-01-28 07:00:00,0.7,856.0,559.0,1138.0,810.0,556.0,4.1,47.4,0.3926,True,False,False
7768,2005-01-28 08:00:00,1.6,1024.0,823.0,827.0,992.0,879.0,4.2,48.7,0.4073,True,False,False
7769,2005-01-28 09:00:00,2.2,1050.0,909.0,742.0,1055.0,993.0,4.1,49.8,0.4117,True,False,False
7770,2005-01-28 10:00:00,1.8,984.0,832.0,822.0,966.0,892.0,4.3,48.4,0.4043,True,False,False
7771,2005-01-28 11:00:00,1.5,990.0,808.0,838.0,975.0,901.0,4.6,49.7,0.4271,True,False,False
7772,2005-01-28 12:00:00,1.8,970.0,798.0,842.0,941.0,874.0,4.5,49.6,0.421,True,False,False
7773,2005-01-28 13:00:00,1.4,943.0,781.0,871.0,925.0,722.0,4.4,48.4,0.4087,True,False,False
7774,2005-01-28 14:00:00,2.1,994.0,871.0,793.0,997.0,836.0,4.7,47.2,0.4075,True,False,False
7775,2005-01-28 15:00:00,1.6,932.0,767.0,888.0,920.0,669.0,4.2,49.5,0.4118,True,False,False
7776,2005-01-28 16:00:00,1.3,891.0,706.0,949.0,860.0,600.0,3.4,50.7,0.3991,True,False,False
7777,2005-01-28 17:00:00,1.9,,,,,,,,,False,False,True
7778,2005-01-28 18:00:00,2.4,,,,,,,,,False,False,True
7779,2005-01-28 19:00:00,3.0,,,,,,,,,False,False,True
7780,2005-01-28 20:00:00,1.9,,,,,,,,,False,False,True
7781,2005-01-28 21:00:00,1.8,,,,,,,,,False,False,True
7782,2005-01-28 22:00:00,1.1,,,,,,,,,False,False,True
7783,2005-01-28 23:00:00,1.1,,,,,,,,,False,False,True
7784,2005-01-29 00:00:00,1.1,,,,,,,,,False,False,True
7785,2005-01-29 01:00:00,1.0,,,,,,,,,False,False,True
7786,2005-01-29 02:00:00,0.7,793.0,480.0,1306.0,745.0,376.0,1.9,49.7,0.3528,True,False,False
7787,2005-01-29 03:00:00,0.6,790.0,455.0,1376.0,751.0,336.0,1.6,52.9,0.3692,True,False,False
7788,2005-01-29 04:00:00,0.5,776.0,445.0,1460.0,737.0,330.0,1.4,53.8,0.3687,True,False,False
7789,2005-01-29 05:00:00,0.5,766.0,448.0,1494.0,734.0,321.0,1.0,54.7,0.3657,True,False,False
7790,2005-01-29 06:00:00,0.4,774.0,458.0,1473.0,735.0,334.0,1.4,52.3,0.3591,True,False,False
7791,2005-01-29 07:00:00,0.5,801.0,494.0,1324.0,754.0,395.0,1.6,51.0,0.3561,True,False,False
7792,2005-01-29 08:00:00,0.8,847.0,586.0,1163.0,814.0,473.0,1.4,53.1,0.3642,True,False,False
7793,2005-01-29 09:00:00,1.1,874.0,641.0,1022.0,857.0,553.0,1.7,54.1,0.3785,True,False,False
7794,2005-01-29 10:00:00,1.1,879.0,642.0,1027.0,836.0,545.0,2.5,51.0,0.3778,True,False,False
7795,2005-01-29 11:00:00,1.1,888.0,652.0,1025.0,833.0,547.0,2.9,48.7,0.3706,True,False,False
7796,2005-01-29 12:00:00,1.1,873.0,610.0,1051.0,819.0,527.0,3.6,45.8,0.3674,True,False,False
7797,2005-01-29 13:00:00,1.1,877.0,618.0,1027.0,830.0,505.0,3.1,48.1,0.3722,True,False,False
7798,2005-01-29 14:00:00,1.2,893.0,653.0,987.0,845.0,550.0,3.4,46.6,0.3668,True,False,False
7799,2005-01-29 15:00:00,1.0,866.0,602.0,1071.0,809.0,465.0,3.7,45.8,0.3697,True,False,False
7800,2005-01-29 16:00:00,1.2,873.0,629.0,1049.0,817.0,467.0,4.4,43.7,0.3688,True,False,False
7801,2005-01-29 17:00:00,1.3,911.0,676.0,998.0,855.0,555.0,4.0,44.9,0.3689,True,False,False
7802,2005-01-29 18:00:00,1.4,908.0,653.0,980.0,847.0,551.0,3.3,46.8,0.3671,True,False,False
7803,2005-01-29 19:00:00,1.3,907.0,657.0,981.0,844.0,569.0,3.1,48.1,0.3707,True,False,False
7804,2005-01-29 20:00:00,1.4,925.0,678.0,960.0,861.0,594.0,2.8,49.0,0.37,True,False,False
7805,2005-01-29 21:00:00,1.5,920.0,649.0,983.0,849.0,598.0,3.1,47.4,0.3661,True,False,False
7806,2005-01-29 22:00:00,1.0,865.0,561.0,1102.0,791.0,434.0,2.9,49.0,0.3725,True,False,False
7807,2005-01-29 23:00:00,1.0,867.0,553.0,1136.0,792.0,412.0,2.8,49.1,0.3726,True,False,False
7808,2005-01-30 00:00:00,1.1,900.0,604.0,1051.0,815.0,469.0,2.9,49.7,0.3782,True,False,False
7809,2005-01-30 01:00:00,1.3,901.0,599.0,1023.0,825.0,515.0,3.8,46.5,0.3762,True,False,False
7810,2005-01-30 02:00:00,1.0,863.0,560.0,1107.0,787.0,430.0,3.2,46.9,0.3658,True,False,False
7811,2005-01-30 03:00:00,1.1,884.0,599.0,1065.0,813.0,503.0,3.1,45.2,0.3504,True,False,False
7812,2005-01-30 04:00:00,,873.0,565.0,1097.0,793.0,494.0,3.1,44.8,0.3473,False,True,False
7813,2005-01-30 05:00:00,0.6,806.0,459.0,1322.0,728.0,368.0,3.1,44.4,0.342,True,False,False
7814,2005-01-30 06:00:00,0.5,801.0,454.0,1374.0,727.0,348.0,3.0,43.4,0.3337,True,False,False
7815,2005-01-30 07:00:00,0.4,790.0,431.0,1439.0,722.0,354.0,2.8,43.8,0.3308,True,False,False
7816,2005-01-30 08:00:00,0.5,805.0,465.0,1358.0,736.0,382.0,2.7,43.2,0.3259,True,False,False
7817,2005-01-30 09:00:00,0.7,843.0,520.0,1202.0,762.0,450.0,3.3,42.3,0.3299,True,False,False
7818,2005-01-30 10:00:00,0.8,849.0,537.0,1148.0,757.0,460.0,4.6,39.0,0.333,True,False,False
7819,2005-01-30 11:00:00,0.8,872.0,583.0,1126.0,765.0,441.0,5.6,37.5,0.3426,True,False,False
7820,2005-01-30 12:00:00,1.0,890.0,585.0,1097.0,776.0,454.0,7.2,34.2,0.3488,True,False,False
7821,2005-01-30 13:00:00,0.9,874.0,552.0,1128.0,760.0,415.0,6.9,35.6,0.3561,True,False,False
7822,2005-01-30 14:00:00,0.9,863.0,553.0,1133.0,742.0,419.0,8.2,30.1,0.3281,True,False,False
7823,2005-01-30 15:00:00,0.9,840.0,566.0,1176.0,717.0,368.0,7.6,27.9,0.2927,True,False,False
7824,2005-01-30 16:00:00,1.0,845.0,569.0,1151.0,709.0,397.0,7.9,25.9,0.2774,True,False,False
7825,2005-01-30 17:00:00,1.0,888.0,625.0,1062.0,763.0,510.0,7.8,28.3,0.3017,True,False,False
7826,2005-01-30 18:00:00,1.1,845.0,582.0,1120.0,719.0,473.0,6.3,28.8,0.2772,True,False,False
7827,2005-01-30 19:00:00,1.2,880.0,641.0,1077.0,759.0,537.0,5.4,30.1,0.2726,True,False,False
7828,2005-01-30 20:00:00,1.6,917.0,708.0,972.0,787.0,670.0,5.0,31.1,0.273,True,False,False
7829,2005-01-30 21:00:00,1.7,927.0,715.0,965.0,797.0,711.0,4.6,33.8,0.2898,True,False,False
7830,2005-01-30 22:00:00,1.1,868.0,615.0,1095.0,752.0,551.0,4.3,36.6,0.3064,True,False,False
7831,2005-01-30 23:00:00,1.3,932.0,685.0,996.0,820.0,670.0,4.0,39.0,0.3203,True,False,False
7832,2005-01-31 00:00:00,1.7,971.0,741.0,901.0,864.0,771.0,2.9,42.8,0.3276,True,False,False
7833,2005-01-31 01:00:00,1.5,891.0,650.0,987.0,782.0,586.0,3.4,38.9,0.3076,True,False,False
7834,2005-01-31 02:00:00,0.8,806.0,495.0,1282.0,685.0,355.0,4.0,36.4,0.2982,True,False,False
7835,2005-01-31 03:00:00,0.5,787.0,446.0,1395.0,657.0,310.0,4.0,36.4,0.2989,True,False,False
7836,2005-01-31 04:00:00,0.4,791.0,435.0,1486.0,668.0,292.0,3.7,37.7,0.3024,True,False,False
7837,2005-01-31 05:00:00,0.4,787.0,415.0,1474.0,667.0,293.0,3.4,38.9,0.3075,True,False,False
7838,2005-01-31 06:00:00,0.4,814.0,449.0,1363.0,674.0,328.0,3.7,37.5,0.3012,True,False,False
7839,2005-01-31 07:00:00,0.7,844.0,538.0,1164.0,726.0,479.0,3.7,35.2,0.2833,True,False,False
7840,2005-01-31 08:00:00,1.8,1049.0,863.0,826.0,923.0,979.0,3.7,33.9,0.2732,True,False,False
7841,2005-01-31 09:00:00,,1201.0,1116.0,617.0,1130.0,1469.0,4.4,38.8,0.328,False,True,False
7842,2005-01-31 10:00:00,3.5,1293.0,1153.0,602.0,1141.0,1667.0,6.6,34.4,0.3359,True,False,False
7843,2005-01-31 11:00:00,2.8,1121.0,1066.0,683.0,1040.0,1378.0,10.0,22.4,0.2753,True,False,False
7844,2005-01-31 12:00:00,3.1,1112.0,1078.0,683.0,1028.0,1426.0,11.9,18.6,0.2581,True,False,False
7845,2005-01-31 13:00:00,2.5,1060.0,1048.0,707.0,983.0,1246.0,12.5,17.2,0.2477,True,False,False
7846,2005-01-31 14:00:00,2.7,1056.0,1040.0,711.0,976.0,1187.0,13.2,17.3,0.2606,True,False,False
7847,2005-01-31 15:00:00,2.9,1131.0,1139.0,643.0,1097.0,1363.0,13.5,18.7,0.2872,True,False,False
7848,2005-01-31 16:00:00,3.2,1162.0,1170.0,618.0,1131.0,1425.0,14.1,18.2,0.2908,True,False,False
7849,2005-01-31 17:00:00,4.1,1283.0,1328.0,552.0,1294.0,1722.0,13.0,20.3,0.303,True,False,False
7850,2005-01-31 18:00:00,6.1,1414.0,1490.0,488.0,1433.0,2051.0,10.4,24.7,0.3116,True,False,False
7851,2005-01-31 19:00:00,6.8,1486.0,1570.0,455.0,1557.0,2179.0,8.6,29.8,0.3344,True,False,False
7852,2005-01-31 20:00:00,6.8,1523.0,1533.0,456.0,1532.0,2214.0,7.3,36.8,0.3771,True,False,False
7853,2005-01-31 21:00:00,3.7,1283.0,1149.0,587.0,1148.0,1799.0,6.3,39.4,0.3795,True,False,False
7854,2005-01-31 22:00:00,2.1,1109.0,863.0,737.0,960.0,1527.0,5.4,43.5,0.3922,True,False,False
7855,2005-01-31 23:00:00,1.4,1055.0,782.0,798.0,940.0,1377.0,5.1,45.6,0.4056,True,False,False
7856,2005-02-01 00:00:00,1.3,1038.0,756.0,813.0,921.0,1317.0,4.2,49.4,0.412,True,False,False
7857,2005-02-01 01:00:00,1.1,996.0,698.0,871.0,894.0,1228.0,4.1,50.1,0.415,True,False,False
7858,2005-02-01 02:00:00,1.0,995.0,680.0,879.0,904.0,1201.0,4.1,51.5,0.4263,True,False,False
7859,2005-02-01 03:00:00,0.9,1000.0,670.0,868.0,917.0,1158.0,3.7,57.5,0.4621,True,False,False
7860,2005-02-01 04:00:00,0.8,1042.0,688.0,814.0,935.0,1204.0,2.5,64.8,0.4807,True,False,False
7861,2005-02-01 05:00:00,0.9,1042.0,701.0,795.0,945.0,1216.0,1.8,68.9,0.4878,True,False,False
7862,2005-02-01 06:00:00,1.1,1024.0,724.0,814.0,944.0,1198.0,2.0,64.9,0.4661,True,False,False
7863,2005-02-01 07:00:00,1.6,1147.0,886.0,702.0,1056.0,1381.0,2.2,65.3,0.473,True,False,False
7864,2005-02-01 08:00:00,3.7,1496.0,1298.0,492.0,1441.0,1873.0,3.1,64.0,0.4938,True,False,False
7865,2005-02-01 09:00:00,4.8,1541.0,1353.0,449.0,1492.0,2112.0,3.7,61.7,0.4967,True,False,False
7866,2005-02-01 10:00:00,4.1,1491.0,1215.0,503.0,1343.0,2038.0,4.4,58.8,0.4979,True,False,False
7867,2005-02-01 11:00:00,4.5,1533.0,1334.0,466.0,1434.0,2118.0,5.8,54.1,0.502,True,False,False
7868,2005-02-01 12:00:00,4.5,1507.0,1292.0,479.0,1379.0,2110.0,7.3,50.8,0.5226,True,False,False
7869,2005-02-01 13:00:00,3.7,1451.0,1264.0,497.0,1408.0,1965.0,9.5,47.2,0.5589,True,False,False
7870,2005-02-01 14:00:00,4.2,1432.0,1264.0,487.0,1476.0,1888.0,11.8,44.4,0.6118,True,False,False
7871,2005-02-01 15:00:00,3.3,1408.0,1202.0,506.0,1411.0,1774.0,12.7,45.5,0.6648,True,False,False
7872,2005-02-01 16:00:00,3.2,1377.0,1129.0,540.0,1392.0,1626.0,13.5,44.8,0.6898,True,False,False
7873,2005-02-01 17:00:00,3.6,1454.0,1190.0,508.0,1434.0,1761.0,12.3,48.9,0.6967,True,False,False
7874,2005-02-01 18:00:00,3.5,1268.0,1128.0,573.0,1255.0,1533.0,10.8,40.3,0.5201,True,False,False
7875,2005-02-01 19:00:00,4.1,1259.0,1211.0,559.0,1243.0,1531.0,9.4,36.7,0.4324,True,False,False
7876,2005-02-01 20:00:00,4.0,1261.0,1143.0,595.0,1208.0,1477.0,8.3,39.5,0.4318,True,False,False
7877,2005-02-01 21:00:00,3.3,1133.0,971.0,683.0,1059.0,1332.0,7.8,41.3,0.4389,True,False,False
7878,2005-02-01 22:00:00,3.0,1054.0,818.0,777.0,966.0,1210.0,7.3,43.8,0.4505,True,False,False
7879,2005-02-01 23:00:00,2.6,1055.0,783.0,805.0,969.0,1167.0,6.7,47.6,0.4688,True,False,False
7880,2005-02-02 00:00:00,2.6,1059.0,747.0,820.0,964.0,1133.0,6.6,51.2,0.5007,True,False,False
7881,2005-02-02 01:00:00,2.6,1063.0,769.0,807.0,993.0,1109.0,6.4,52.6,0.5074,True,False,False
7882,2005-02-02 02:00:00,2.9,1135.0,854.0,722.0,1065.0,1218.0,5.3,57.8,0.5177,True,False,False
7883,2005-02-02 03:00:00,2.9,1126.0,869.0,680.0,1075.0,1222.0,3.4,66.7,0.5281,True,False,False
7884,2005-02-02 04:00:00,2.5,1058.0,753.0,764.0,986.0,1149.0,3.3,66.8,0.5215,True,False,False
7885,2005-02-02 05:00:00,2.0,1040.0,688.0,846.0,920.0,1090.0,3.7,62.9,0.5059,True,False,False
7886,2005-02-02 06:00:00,2.2,1069.0,737.0,792.0,946.0,1114.0,2.6,67.5,0.5034,True,False,False
7887,2005-02-02 07:00:00,2.4,1042.0,771.0,795.0,941.0,1089.0,3.5,60.9,0.4857,True,False,False
7888,2005-02-02 08:00:00,4.0,1322.0,1151.0,566.0,1286.0,1446.0,2.7,63.4,0.4787,True,False,False
7889,2005-02-02 09:00:00,6.7,1549.0,1485.0,422.0,1638.0,1930.0,2.8,64.2,0.4859,True,False,False
7890,2005-02-02 10:00:00,5.6,1416.0,1285.0,501.0,1390.0,1809.0,5.8,53.1,0.4942,True,False,False
7891,2005-02-02 11:00:00,4.3,1337.0,1143.0,560.0,1236.0,1769.0,9.7,40.1,0.4832,True,False,False
7892,2005-02-02 12:00:00,4.0,1281.0,1132.0,577.0,1206.0,1696.0,12.7,30.0,0.4398,True,False,False
7893,2005-02-02 13:00:00,2.6,1037.0,981.0,721.0,1000.0,1086.0,13.7,20.7,0.3221,True,False,False
7894,2005-02-02 14:00:00,2.2,1028.0,983.0,728.0,979.0,1048.0,13.7,19.9,0.3114,True,False,False
7895,2005-02-02 15:00:00,1.9,984.0,913.0,762.0,930.0,990.0,14.1,18.1,0.2884,True,False,False
7896,2005-02-02 16:00:00,1.8,1010.0,940.0,759.0,960.0,1027.0,14.5,18.0,0.2956,True,False,False
7897,2005-02-02 17:00:00,3.1,1113.0,1096.0,645.0,1092.0,1359.0,13.2,20.4,0.3074,True,False,False
7898,2005-02-02 18:00:00,4.8,1253.0,1284.0,536.0,1285.0,1618.0,10.5,25.1,0.3194,True,False,False
7899,2005-02-02 19:00:00,5.8,1400.0,1499.0,461.0,1527.0,1869.0,8.9,31.4,0.3597,True,False,False
7900,2005-02-02 20:00:00,5.9,1470.0,1584.0,436.0,1641.0,2033.0,8.2,36.2,0.3953,True,False,False
7901,2005-02-02 21:00:00,4.1,1281.0,1168.0,571.0,1195.0,1756.0,6.7,39.6,0.3906,True,False,False
7902,2005-02-02 22:00:00,1.8,1084.0,855.0,748.0,939.0,1446.0,5.8,42.0,0.3904,True,False,False
7903,2005-02-02 23:00:00,1.7,1097.0,892.0,719.0,979.0,1423.0,4.9,45.9,0.3999,True,False,False
7904,2005-02-03 00:00:00,1.7,1032.0,791.0,793.0,915.0,1278.0,4.5,47.9,0.4079,True,False,False
7905,2005-02-03 01:00:00,1.5,1046.0,812.0,782.0,940.0,1265.0,3.9,51.6,0.4226,True,False,False
7906,2005-02-03 02:00:00,1.1,975.0,707.0,860.0,902.0,1107.0,3.4,54.7,0.4323,True,False,False
7907,2005-02-03 03:00:00,0.9,932.0,642.0,950.0,871.0,1014.0,3.3,56.1,0.4379,True,False,False
7908,2005-02-03 04:00:00,,926.0,623.0,954.0,873.0,1011.0,2.0,60.8,0.4337,False,True,False
7909,2005-02-03 05:00:00,0.3,932.0,645.0,916.0,882.0,1006.0,1.2,63.7,0.4327,True,False,False
7910,2005-02-03 06:00:00,0.4,937.0,640.0,923.0,870.0,1010.0,2.1,60.3,0.4368,True,False,False
7911,2005-02-03 07:00:00,0.6,996.0,724.0,861.0,938.0,1067.0,1.3,63.1,0.4322,True,False,False
7912,2005-02-03 08:00:00,3.0,1382.0,1202.0,534.0,1352.0,1630.0,1.3,64.8,0.441,True,False,False
7913,2005-02-03 09:00:00,5.6,1544.0,1530.0,416.0,1706.0,2030.0,2.1,62.2,0.4491,True,False,False
7914,2005-02-03 10:00:00,4.9,1429.0,1317.0,495.0,1425.0,1916.0,5.1,50.8,0.4499,True,False,False
7915,2005-02-03 11:00:00,3.5,1312.0,1164.0,570.0,1230.0,1761.0,8.5,39.7,0.4425,True,False,False
7916,2005-02-03 12:00:00,2.2,1205.0,989.0,643.0,1084.0,1597.0,11.5,33.0,0.4476,True,False,False
7917,2005-02-03 13:00:00,2.7,1322.0,1110.0,568.0,1208.0,1776.0,12.2,34.3,0.4864,True,False,False
7918,2005-02-03 14:00:00,2.7,1301.0,1074.0,574.0,1255.0,1636.0,13.5,35.0,0.5396,True,False,False
7919,2005-02-03 15:00:00,2.1,1280.0,1030.0,597.0,1246.0,1480.0,14.9,34.9,0.5869,True,False,False
7920,2005-02-03 16:00:00,2.0,1256.0,986.0,612.0,1240.0,1413.0,15.7,34.5,0.6111,True,False,False
7921,2005-02-03 17:00:00,2.4,1358.0,1128.0,545.0,1344.0,1611.0,14.7,37.2,0.618,True,False,False
7922,2005-02-03 18:00:00,6.7,1713.0,1605.0,383.0,1870.0,2186.0,12.2,44.8,0.6342,True,False,False
7923,2005-02-03 19:00:00,6.4,1655.0,1527.0,393.0,1758.0,2203.0,10.3,52.4,0.6578,True,False,False
7924,2005-02-03 20:00:00,3.9,1444.0,1227.0,485.0,1414.0,1891.0,9.3,55.5,0.6503,True,False,False
7925,2005-02-03 21:00:00,2.7,1314.0,1069.0,571.0,1271.0,1662.0,8.3,57.6,0.6304,True,False,False
7926,2005-02-03 22:00:00,3.0,1368.0,1164.0,524.0,1350.0,1674.0,6.3,65.1,0.6237,True,False,False
7927,2005-02-03 23:00:00,2.1,1195.0,943.0,645.0,1149.0,1462.0,6.5,63.1,0.6132,True,False,False
7928,2005-02-04 00:00:00,1.2,1083.0,828.0,734.0,1067.0,1273.0,6.0,62.7,0.589,True,False,False
7929,2005-02-04 01:00:00,1.2,1055.0,771.0,781.0,1030.0,1174.0,5.1,65.4,0.5797,True,False,False
7930,2005-02-04 02:00:00,0.7,973.0,672.0,887.0,954.0,1031.0,4.7,64.6,0.5568,True,False,False
7931,2005-02-04 03:00:00,0.9,1039.0,777.0,778.0,1031.0,1082.0,2.9,72.2,0.5523,True,False,False
7932,2005-02-04 04:00:00,0.8,949.0,657.0,895.0,948.0,991.0,5.0,63.5,0.5575,True,False,False
7933,2005-02-04 05:00:00,0.4,920.0,601.0,974.0,920.0,925.0,3.9,65.5,0.5367,True,False,False
7934,2005-02-04 06:00:00,0.7,989.0,703.0,843.0,988.0,1017.0,1.8,74.5,0.5271,True,False,False
7935,2005-02-04 07:00:00,1.4,1100.0,854.0,714.0,1075.0,1187.0,1.8,73.7,0.5198,True,False,False
7936,2005-02-04 08:00:00,4.0,1411.0,1288.0,492.0,1472.0,1638.0,2.3,70.9,0.5182,True,False,False
7937,2005-02-04 09:00:00,3.9,1328.0,1300.0,499.0,1405.0,1672.0,4.4,61.1,0.5176,True,False,False
7938,2005-02-04 10:00:00,3.1,1308.0,1189.0,534.0,1325.0,1656.0,7.7,49.8,0.5267,True,False,False
7939,2005-02-04 11:00:00,3.2,1280.0,1127.0,558.0,1277.0,1641.0,12.1,36.9,0.5212,True,False,False
7940,2005-02-04 12:00:00,1.5,1056.0,857.0,735.0,1028.0,1117.0,15.0,28.5,0.4821,True,False,False
7941,2005-02-04 13:00:00,1.2,1019.0,825.0,781.0,994.0,901.0,14.5,28.3,0.4665,True,False,False
7942,2005-02-04 14:00:00,1.9,1084.0,923.0,712.0,1085.0,1046.0,12.9,31.8,0.4707,True,False,False
7943,2005-02-04 15:00:00,1.5,998.0,841.0,792.0,979.0,884.0,12.1,32.3,0.4548,True,False,False
7944,2005-02-04 16:00:00,1.4,987.0,816.0,816.0,959.0,821.0,11.3,33.5,0.4476,True,False,False
7945,2005-02-04 17:00:00,1.9,1079.0,932.0,719.0,1018.0,1056.0,11.4,32.6,0.4373,True,False,False
7946,2005-02-04 18:00:00,2.2,1096.0,954.0,687.0,1085.0,1139.0,9.1,37.8,0.4372,True,False,False
7947,2005-02-04 19:00:00,3.0,1146.0,1043.0,639.0,1169.0,1248.0,8.1,41.0,0.4458,True,False,False
7948,2005-02-04 20:00:00,2.6,1125.0,1025.0,653.0,1147.0,1200.0,7.7,41.9,0.4409,True,False,False
7949,2005-02-04 21:00:00,2.8,1130.0,968.0,680.0,1102.0,1220.0,7.1,43.9,0.4433,True,False,False
7950,2005-02-04 22:00:00,1.6,1017.0,805.0,807.0,958.0,1032.0,6.3,45.8,0.4408,True,False,False
7951,2005-02-04 23:00:00,1.3,1017.0,776.0,843.0,946.0,971.0,6.0,46.1,0.4351,True,False,False
7952,2005-02-05 00:00:00,1.6,1041.0,778.0,828.0,947.0,1011.0,5.5,49.0,0.4471,True,False,False
7953,2005-02-05 01:00:00,1.5,1034.0,769.0,816.0,952.0,1049.0,4.9,52.0,0.4548,True,False,False
7954,2005-02-05 02:00:00,1.3,1009.0,751.0,828.0,939.0,1053.0,4.1,54.7,0.4536,True,False,False
7955,2005-02-05 03:00:00,1.6,1105.0,828.0,735.0,997.0,1157.0,2.1,64.2,0.4633,True,False,False
7956,2005-02-05 04:00:00,2.0,1084.0,859.0,703.0,1017.0,1163.0,1.5,66.2,0.4571,True,False,False
7957,2005-02-05 05:00:00,1.3,989.0,731.0,815.0,936.0,1018.0,1.0,67.7,0.4523,True,False,False
7958,2005-02-05 06:00:00,0.9,1047.0,792.0,757.0,957.0,1121.0,0.8,69.9,0.4591,True,False,False
7959,2005-02-05 07:00:00,1.4,1091.0,868.0,705.0,1021.0,1200.0,1.3,67.2,0.4598,True,False,False
7960,2005-02-05 08:00:00,3.1,1263.0,1074.0,614.0,1198.0,1403.0,2.0,63.6,0.4564,True,False,False
7961,2005-02-05 09:00:00,4.1,1165.0,1024.0,646.0,1134.0,1365.0,4.1,52.7,0.4345,True,False,False
7962,2005-02-05 10:00:00,1.3,966.0,760.0,877.0,890.0,940.0,7.5,39.2,0.4091,True,False,False
7963,2005-02-05 11:00:00,0.9,927.0,702.0,932.0,847.0,750.0,9.0,34.5,0.398,True,False,False
7964,2005-02-05 12:00:00,1.0,909.0,678.0,960.0,838.0,652.0,9.2,34.5,0.4025,True,False,False
7965,2005-02-05 13:00:00,1.0,941.0,723.0,922.0,880.0,643.0,9.3,33.8,0.3981,True,False,False
7966,2005-02-05 14:00:00,1.1,903.0,696.0,932.0,850.0,629.0,9.3,33.1,0.3874,True,False,False
7967,2005-02-05 15:00:00,0.8,891.0,668.0,991.0,819.0,549.0,9.7,30.8,0.3716,True,False,False
7968,2005-02-05 16:00:00,1.0,904.0,674.0,968.0,824.0,578.0,9.6,31.1,0.3718,True,False,False
7969,2005-02-05 17:00:00,0.9,900.0,659.0,990.0,807.0,582.0,8.6,32.8,0.3669,True,False,False
7970,2005-02-05 18:00:00,0.9,926.0,725.0,933.0,847.0,694.0,7.2,35.0,0.3567,True,False,False
7971,2005-02-05 19:00:00,1.6,999.0,821.0,846.0,915.0,926.0,6.4,36.8,0.3566,True,False,False
7972,2005-02-05 20:00:00,1.4,994.0,774.0,854.0,917.0,915.0,6.0,40.2,0.3773,True,False,False
7973,2005-02-05 21:00:00,1.4,1010.0,801.0,826.0,944.0,986.0,5.5,42.6,0.3874,True,False,False
7974,2005-02-05 22:00:00,1.1,938.0,685.0,934.0,870.0,840.0,4.9,43.7,0.3809,True,False,False
7975,2005-02-05 23:00:00,1.2,983.0,760.0,869.0,898.0,939.0,4.2,43.2,0.3605,True,False,False
7976,2005-02-06 00:00:00,1.8,963.0,749.0,900.0,834.0,869.0,4.0,39.2,0.3228,True,False,False
7977,2005-02-06 01:00:00,1.4,962.0,756.0,902.0,843.0,908.0,3.7,40.1,0.323,True,False,False
7978,2005-02-06 02:00:00,1.4,980.0,761.0,854.0,876.0,1051.0,3.1,47.1,0.3638,True,False,False
7979,2005-02-06 03:00:00,0.9,914.0,644.0,972.0,832.0,922.0,2.6,48.8,0.3658,True,False,False
7980,2005-02-06 04:00:00,,898.0,624.0,987.0,825.0,871.0,0.8,53.8,0.3542,False,True,False
7981,2005-02-06 05:00:00,0.8,854.0,572.0,1070.0,788.0,793.0,1.2,51.9,0.3515,True,False,False
7982,2005-02-06 06:00:00,0.7,838.0,531.0,1146.0,774.0,753.0,1.0,52.2,0.3489,True,False,False
7983,2005-02-06 07:00:00,0.7,831.0,543.0,1132.0,787.0,737.0,0.6,53.3,0.3467,True,False,False
7984,2005-02-06 08:00:00,0.6,833.0,526.0,1169.0,771.0,722.0,0.8,52.8,0.3468,True,False,False
7985,2005-02-06 09:00:00,0.8,870.0,582.0,1091.0,791.0,737.0,0.3,53.7,0.3424,True,False,False
7986,2005-02-06 10:00:00,1.3,984.0,727.0,891.0,908.0,913.0,4.1,42.9,0.3551,True,False,False
7987,2005-02-06 11:00:00,2.0,1065.0,844.0,780.0,979.0,1117.0,8.0,33.3,0.3591,True,False,False
7988,2005-02-06 12:00:00,1.7,968.0,743.0,886.0,840.0,774.0,10.7,25.2,0.3242,True,False,False
7989,2005-02-06 13:00:00,1.2,911.0,683.0,981.0,790.0,558.0,11.1,23.5,0.3105,True,False,False
7990,2005-02-06 14:00:00,1.0,868.0,590.0,1081.0,753.0,420.0,10.6,26.0,0.332,True,False,False
7991,2005-02-06 15:00:00,0.8,868.0,576.0,1128.0,755.0,363.0,10.3,27.7,0.3481,True,False,False
7992,2005-02-06 16:00:00,1.0,904.0,633.0,1040.0,789.0,410.0,10.2,28.3,0.3516,True,False,False
7993,2005-02-06 17:00:00,1.4,944.0,693.0,928.0,832.0,568.0,9.2,29.9,0.3479,True,False,False
7994,2005-02-06 18:00:00,1.1,925.0,649.0,1003.0,819.0,570.0,6.9,36.4,0.3635,True,False,False
7995,2005-02-06 19:00:00,1.6,985.0,736.0,891.0,875.0,774.0,6.0,38.0,0.3584,True,False,False
7996,2005-02-06 20:00:00,1.8,1002.0,780.0,855.0,892.0,857.0,5.8,36.4,0.3385,True,False,False
7997,2005-02-06 21:00:00,1.4,938.0,692.0,937.0,805.0,737.0,5.8,35.4,0.3286,True,False,False
7998,2005-02-06 22:00:00,1.1,896.0,627.0,1033.0,782.0,610.0,5.4,36.6,0.3304,True,False,False
7999,2005-02-06 23:00:00,1.0,907.0,614.0,1052.0,782.0,627.0,5.1,37.9,0.3358,True,False,False
8000,2005-02-07 00:00:00,1.1,902.0,613.0,1049.0,777.0,566.0,4.8,38.0,0.33,True,False,False
8001,2005-02-07 01:00:00,1.0,885.0,582.0,1072.0,760.0,517.0,4.5,38.1,0.3249,True,False,False
8002,2005-02-07 02:00:00,0.8,863.0,545.0,1119.0,749.0,484.0,4.3,38.1,0.3207,True,False,False
8003,2005-02-07 03:00:00,0.6,861.0,518.0,1141.0,738.0,482.0,3.9,39.9,0.325,True,False,False
8004,2005-02-07 04:00:00,0.6,852.0,482.0,1187.0,726.0,496.0,3.8,41.0,0.3327,True,False,False
8005,2005-02-07 05:00:00,0.6,879.0,495.0,1147.0,753.0,623.0,3.3,44.6,0.3499,True,False,False
8006,2005-02-07 06:00:00,0.6,900.0,525.0,1090.0,780.0,696.0,3.6,44.5,0.3574,True,False,False
8007,2005-02-07 07:00:00,0.8,963.0,615.0,980.0,837.0,916.0,3.4,47.0,0.3713,True,False,False
8008,2005-02-07 08:00:00,2.3,1183.0,929.0,675.0,1037.0,1309.0,2.9,49.5,0.3775,True,False,False
8009,2005-02-07 09:00:00,2.8,1161.0,996.0,639.0,1067.0,1396.0,5.6,40.5,0.3704,True,False,False
8010,2005-02-07 10:00:00,2.1,1102.0,896.0,720.0,969.0,1226.0,7.5,33.8,0.352,True,False,False
8011,2005-02-07 11:00:00,1.7,1029.0,835.0,771.0,897.0,1002.0,10.8,25.2,0.3251,True,False,False
8012,2005-02-07 12:00:00,1.4,973.0,797.0,845.0,845.0,769.0,12.9,20.6,0.3045,True,False,False
8013,2005-02-07 13:00:00,1.6,981.0,820.0,807.0,876.0,784.0,12.2,21.4,0.3033,True,False,False
8014,2005-02-07 14:00:00,1.4,960.0,784.0,842.0,868.0,643.0,12.0,21.9,0.3069,True,False,False
8015,2005-02-07 15:00:00,1.3,973.0,761.0,862.0,865.0,682.0,12.2,24.0,0.3392,True,False,False
8016,2005-02-07 16:00:00,1.4,968.0,765.0,843.0,863.0,692.0,12.0,24.3,0.3393,True,False,False
8017,2005-02-07 17:00:00,1.7,1022.0,854.0,771.0,941.0,926.0,10.5,27.8,0.3525,True,False,False
8018,2005-02-07 18:00:00,1.9,1067.0,879.0,740.0,989.0,996.0,8.7,33.9,0.3832,True,False,False
8019,2005-02-07 19:00:00,2.3,1101.0,908.0,707.0,1025.0,1095.0,7.8,37.6,0.4004,True,False,False
8020,2005-02-07 20:00:00,2.0,1081.0,885.0,720.0,1017.0,1058.0,7.2,39.4,0.4032,True,False,False
8021,2005-02-07 21:00:00,1.6,988.0,738.0,843.0,906.0,893.0,7.1,39.6,0.4019,True,False,False
8022,2005-02-07 22:00:00,1.0,932.0,630.0,980.0,842.0,681.0,7.1,39.6,0.4001,True,False,False
8023,2005-02-07 23:00:00,0.9,923.0,602.0,1028.0,831.0,599.0,7.2,39.3,0.4004,True,False,False
8024,2005-02-08 00:00:00,0.9,915.0,589.0,1045.0,813.0,550.0,6.9,39.6,0.3966,True,False,False
8025,2005-02-08 01:00:00,0.9,879.0,534.0,1129.0,785.0,470.0,7.0,39.8,0.4006,True,False,False
8026,2005-02-08 02:00:00,0.5,852.0,479.0,1275.0,761.0,375.0,7.1,40.5,0.409,True,False,False
8027,2005-02-08 03:00:00,0.4,844.0,453.0,1378.0,748.0,337.0,6.9,40.9,0.4091,True,False,False
8028,2005-02-08 04:00:00,0.5,878.0,496.0,1182.0,782.0,451.0,6.0,42.9,0.404,True,False,False
8029,2005-02-08 05:00:00,0.6,910.0,524.0,1102.0,802.0,600.0,6.4,42.7,0.4126,True,False,False
8030,2005-02-08 06:00:00,0.6,918.0,551.0,1062.0,817.0,712.0,6.1,43.6,0.4129,True,False,False
8031,2005-02-08 07:00:00,1.0,991.0,653.0,944.0,885.0,931.0,5.9,45.1,0.4211,True,False,False
8032,2005-02-08 08:00:00,2.1,1223.0,979.0,658.0,1120.0,1332.0,6.0,46.4,0.4367,True,False,False
8033,2005-02-08 09:00:00,2.9,1277.0,1153.0,543.0,1268.0,1520.0,6.6,43.7,0.4273,True,False,False
8034,2005-02-08 10:00:00,2.2,1114.0,922.0,689.0,1022.0,1223.0,8.7,36.3,0.4074,True,False,False
8035,2005-02-08 11:00:00,1.6,1088.0,853.0,729.0,996.0,1122.0,10.5,33.4,0.4246,True,False,False
8036,2005-02-08 12:00:00,1.8,1064.0,881.0,727.0,979.0,1099.0,11.4,27.8,0.3748,True,False,False
8037,2005-02-08 13:00:00,1.5,1047.0,854.0,753.0,959.0,904.0,12.7,27.4,0.4011,True,False,False
8038,2005-02-08 14:00:00,2.2,1075.0,920.0,726.0,992.0,1022.0,13.3,23.3,0.354,True,False,False
8039,2005-02-08 15:00:00,1.6,973.0,777.0,858.0,844.0,719.0,13.9,20.7,0.3271,True,False,False
8040,2005-02-08 16:00:00,1.5,942.0,733.0,912.0,800.0,609.0,13.6,20.0,0.3093,True,False,False
8041,2005-02-08 17:00:00,1.8,,,,,,,,,False,False,True
8042,2005-02-08 18:00:00,1.8,,,,,,,,,False,False,True
8043,2005-02-08 19:00:00,2.3,,,,,,,,,False,False,True
8044,2005-02-08 20:00:00,1.9,,,,,,,,,False,False,True
8045,2005-02-08 21:00:00,1.9,,,,,,,,,False,False,True
8046,2005-02-08 22:00:00,1.1,,,,,,,,,False,False,True
8047,2005-02-08 23:00:00,0.9,,,,,,,,,False,False,True
8048,2005-02-09 00:00:00,0.8,,,,,,,,,False,False,True
8049,2005-02-09 01:00:00,0.9,,,,,,,,,False,False,True
8050,2005-02-09 02:00:00,0.7,,,,,,,,,False,False,True
8051,2005-02-09 03:00:00,0.8,,,,,,,,,False,False,True
8052,2005-02-09 04:00:00,,,,,,,,,,False,True,True
8053,2005-02-09 05:00:00,0.7,,,,,,,,,False,False,True
8054,2005-02-09 06:00:00,0.6,,,,,,,,,False,False,True
8055,2005-02-09 07:00:00,1.0,,,,,,,,,False,False,True
8056,2005-02-09 08:00:00,1.7,,,,,,,,,False,False,True
8057,2005-02-09 09:00:00,2.7,,,,,,,,,False,False,True
8058,2005-02-09 10:00:00,3.3,,,,,,,,,False,False,True
8059,2005-02-09 11:00:00,2.1,,,,,,,,,False,False,True
8060,2005-02-09 12:00:00,2.0,,,,,,,,,False,False,True
8061,2005-02-09 13:00:00,2.0,,,,,,,,,False,False,True
8062,2005-02-09 14:00:00,2.3,,,,,,,,,False,False,True
8063,2005-02-09 15:00:00,2.0,,,,,,,,,False,False,True
8064,2005-02-09 16:00:00,2.1,,,,,,,,,False,False,True
8065,2005-02-09 17:00:00,2.3,,,,,,,,,False,False,True
8066,2005-02-09 18:00:00,3.1,,,,,,,,,False,False,True
8067,2005-02-09 19:00:00,3.9,,,,,,,,,False,False,True
8068,2005-02-09 20:00:00,3.8,,,,,,,,,False,False,True
8069,2005-02-09 21:00:00,2.9,,,,,,,,,False,False,True
8070,2005-02-09 22:00:00,2.2,,,,,,,,,False,False,True
8071,2005-02-09 23:00:00,1.9,,,,,,,,,False,False,True
8072,2005-02-10 00:00:00,2.0,,,,,,,,,False,False,True
8073,2005-02-10 01:00:00,1.8,,,,,,,,,False,False,True
8074,2005-02-10 02:00:00,1.6,,,,,,,,,False,False,True
8075,2005-02-10 03:00:00,1.5,,,,,,,,,False,False,True
8076,2005-02-10 04:00:00,1.4,,,,,,,,,False,False,True
8077,2005-02-10 05:00:00,1.5,,,,,,,,,False,False,True
8078,2005-02-10 06:00:00,1.7,,,,,,,,,False,False,True
8079,2005-02-10 07:00:00,1.9,,,,,,,,,False,False,True
8080,2005-02-10 08:00:00,3.3,,,,,,,,,False,False,True
8081,2005-02-10 09:00:00,3.8,,,,,,,,,False,False,True
8082,2005-02-10 10:00:00,4.3,,,,,,,,,False,False,True
8083,2005-02-10 11:00:00,3.7,,,,,,,,,False,False,True
8084,2005-02-10 12:00:00,2.7,,,,,,,,,False,False,True
8085,2005-02-10 13:00:00,2.2,,,,,,,,,False,False,True
8086,2005-02-10 14:00:00,2.4,,,,,,,,,False,False,True
8087,2005-02-10 15:00:00,2.2,,,,,,,,,False,False,True
8088,2005-02-10 16:00:00,2.3,,,,,,,,,False,False,True
8089,2005-02-10 17:00:00,2.6,,,,,,,,,False,False,True
8090,2005-02-10 18:00:00,4.2,,,,,,,,,False,False,True
8091,2005-02-10 19:00:00,6.2,,,,,,,,,False,False,True
8092,2005-02-10 20:00:00,8.4,,,,,,,,,False,False,True
8093,2005-02-10 21:00:00,4.5,,,,,,,,,False,False,True
8094,2005-02-10 22:00:00,2.7,,,,,,,,,False,False,True
8095,2005-02-10 23:00:00,2.4,,,,,,,,,False,False,True
8096,2005-02-11 00:00:00,2.3,,,,,,,,,False,False,True
8097,2005-02-11 01:00:00,2.2,,,,,,,,,False,False,True
8098,2005-02-11 02:00:00,2.0,,,,,,,,,False,False,True
8099,2005-02-11 03:00:00,1.6,,,,,,,,,False,False,True
8100,2005-02-11 04:00:00,1.6,,,,,,,,,False,False,True
8101,2005-02-11 05:00:00,1.5,,,,,,,,,False,False,True
8102,2005-02-11 06:00:00,1.7,,,,,,,,,False,False,True
8103,2005-02-11 07:00:00,1.8,,,,,,,,,False,False,True
8104,2005-02-11 08:00:00,3.8,,,,,,,,,False,False,True
8105,2005-02-11 09:00:00,5.9,,,,,,,,,False,False,True
8106,2005-02-11 10:00:00,5.4,,,,,,,,,False,False,True
8107,2005-02-11 11:00:00,4.7,,,,,,,,,False,False,True
8108,2005-02-11 12:00:00,4.3,,,,,,,,,False,False,True
8109,2005-02-11 13:00:00,5.4,,,,,,,,,False,False,True
8110,2005-02-11 14:00:00,5.8,,,,,,,,,False,False,True
8111,2005-02-11 15:00:00,6.1,,,,,,,,,False,False,True
8112,2005-02-11 16:00:00,7.1,,,,,,,,,False,False,True
8113,2005-02-11 17:00:00,6.6,,,,,,,,,False,False,True
8114,2005-02-11 18:00:00,6.5,,,,,,,,,False,False,True
8115,2005-02-11 19:00:00,7.1,,,,,,,,,False,False,True
8116,2005-02-11 20:00:00,4.9,,,,,,,,,False,False,True
8117,2005-02-11 21:00:00,4.0,1521.0,1203.0,476.0,1400.0,2141.0,8.5,50.9,0.5664,True,False,False
8118,2005-02-11 22:00:00,4.0,1428.0,1085.0,526.0,1268.0,2023.0,8.3,53.3,0.5843,True,False,False
8119,2005-02-11 23:00:00,3.6,1463.0,1069.0,530.0,1279.0,1967.0,7.1,58.1,0.5885,True,False,False
8120,2005-02-12 00:00:00,4.2,1494.0,1124.0,504.0,1313.0,1931.0,5.8,64.3,0.5964,True,False,False
8121,2005-02-12 01:00:00,4.3,1462.0,1080.0,522.0,1274.0,1889.0,5.3,66.8,0.5979,True,False,False
8122,2005-02-12 02:00:00,3.6,1326.0,967.0,578.0,1174.0,1699.0,5.0,66.6,0.5871,True,False,False
8123,2005-02-12 03:00:00,2.5,1185.0,807.0,685.0,1051.0,1467.0,5.0,66.3,0.5811,True,False,False
8124,2005-02-12 04:00:00,,1154.0,788.0,709.0,1065.0,1390.0,5.1,65.9,0.5827,False,True,False
8125,2005-02-12 05:00:00,1.4,1175.0,839.0,670.0,1087.0,1371.0,4.1,69.0,0.5735,True,False,False
8126,2005-02-12 06:00:00,1.4,1203.0,870.0,641.0,1103.0,1427.0,4.6,67.6,0.5778,True,False,False
8127,2005-02-12 07:00:00,1.6,1250.0,933.0,620.0,1144.0,1489.0,5.2,65.5,0.5836,True,False,False
8128,2005-02-12 08:00:00,2.3,1321.0,1046.0,562.0,1263.0,1610.0,6.0,62.8,0.5929,True,False,False
8129,2005-02-12 09:00:00,2.4,1323.0,1049.0,550.0,1290.0,1619.0,7.1,59.3,0.6005,True,False,False
8130,2005-02-12 10:00:00,2.7,1381.0,1045.0,541.0,1307.0,1706.0,7.8,58.0,0.6136,True,False,False
8131,2005-02-12 11:00:00,3.4,1480.0,1186.0,498.0,1382.0,1882.0,9.0,54.7,0.6271,True,False,False
8132,2005-02-12 12:00:00,3.1,1485.0,1229.0,477.0,1450.0,1911.0,10.0,53.1,0.6495,True,False,False
8133,2005-02-12 13:00:00,3.6,1522.0,1229.0,470.0,1488.0,1943.0,10.8,52.0,0.6738,True,False,False
8134,2005-02-12 14:00:00,3.8,1570.0,1224.0,468.0,1448.0,2020.0,11.0,51.4,0.6746,True,False,False
8135,2005-02-12 15:00:00,3.3,1507.0,1170.0,488.0,1392.0,1999.0,11.0,51.4,0.6725,True,False,False
8136,2005-02-12 16:00:00,3.4,1540.0,1202.0,475.0,1440.0,2008.0,10.9,52.0,0.6796,True,False,False
8137,2005-02-12 17:00:00,3.7,1556.0,1214.0,472.0,1435.0,2026.0,11.1,52.0,0.6869,True,False,False
8138,2005-02-12 18:00:00,4.6,1707.0,1378.0,416.0,1637.0,2225.0,11.0,53.6,0.7033,True,False,False
8139,2005-02-12 19:00:00,5.0,1766.0,1419.0,404.0,1659.0,2317.0,11.0,55.1,0.7221,True,False,False
8140,2005-02-12 20:00:00,5.7,1846.0,1474.0,389.0,1712.0,2426.0,11.4,55.4,0.7471,True,False,False
8141,2005-02-12 21:00:00,5.2,1795.0,1382.0,410.0,1609.0,2355.0,11.1,56.9,0.7506,True,False,False
8142,2005-02-12 22:00:00,5.0,1755.0,1352.0,417.0,1587.0,2375.0,10.2,60.0,0.7461,True,False,False
8143,2005-02-12 23:00:00,4.5,1738.0,1309.0,424.0,1543.0,2494.0,10.1,59.9,0.7379,True,False,False
8144,2005-02-13 00:00:00,4.1,1712.0,1239.0,443.0,1488.0,2411.0,9.9,63.2,0.7706,True,False,False
8145,2005-02-13 01:00:00,4.1,1751.0,1255.0,435.0,1541.0,2226.0,9.4,73.4,0.8662,True,False,False
8146,2005-02-13 02:00:00,3.1,1574.0,1093.0,497.0,1451.0,1808.0,9.4,77.7,0.9203,True,False,False
8147,2005-02-13 03:00:00,2.7,1458.0,1024.0,530.0,1413.0,1571.0,9.6,78.7,0.9429,True,False,False
8148,2005-02-13 04:00:00,2.8,1515.0,1066.0,508.0,1430.0,1548.0,8.9,81.3,0.9277,True,False,False
8149,2005-02-13 05:00:00,2.9,1491.0,1031.0,515.0,1387.0,1541.0,8.5,82.9,0.9243,True,False,False
8150,2005-02-13 06:00:00,2.6,1453.0,1012.0,534.0,1348.0,1441.0,8.3,84.0,0.9234,True,False,False
8151,2005-02-13 07:00:00,2.6,1443.0,1003.0,542.0,1356.0,1396.0,8.1,85.0,0.9221,True,False,False
8152,2005-02-13 08:00:00,2.8,1473.0,1047.0,522.0,1420.0,1411.0,8.7,83.7,0.9423,True,False,False
8153,2005-02-13 09:00:00,3.3,1548.0,1097.0,491.0,1477.0,1497.0,9.5,82.4,0.976,True,False,False
8154,2005-02-13 10:00:00,3.2,1586.0,1084.0,495.0,1473.0,1619.0,11.0,78.2,1.022,True,False,False
8155,2005-02-13 11:00:00,3.3,1488.0,1023.0,533.0,1456.0,1590.0,14.1,67.9,1.0859,True,False,False
8156,2005-02-13 12:00:00,1.5,1220.0,787.0,675.0,1310.0,1163.0,16.3,56.6,1.0422,True,False,False
8157,2005-02-13 13:00:00,1.2,1198.0,758.0,698.0,1277.0,1001.0,18.7,48.0,1.0259,True,False,False
8158,2005-02-13 14:00:00,1.1,1168.0,836.0,666.0,1278.0,822.0,19.5,39.3,0.882,True,False,False
8159,2005-02-13 15:00:00,1.7,1149.0,917.0,616.0,1293.0,773.0,19.9,34.1,0.782,True,False,False
8160,2005-02-13 16:00:00,1.0,1052.0,734.0,799.0,1109.0,588.0,19.4,32.4,0.7239,True,False,False
8161,2005-02-13 17:00:00,1.0,1053.0,727.0,789.0,1081.0,610.0,17.1,35.8,0.6944,True,False,False
8162,2005-02-13 18:00:00,2.6,1238.0,1037.0,583.0,1388.0,1000.0,15.5,40.7,0.7103,True,False,False
8163,2005-02-13 19:00:00,2.5,1188.0,939.0,658.0,1234.0,1048.0,14.8,42.8,0.7182,True,False,False
8164,2005-02-13 20:00:00,2.1,1150.0,891.0,684.0,1198.0,1002.0,13.9,43.8,0.6937,True,False,False
8165,2005-02-13 21:00:00,1.0,984.0,694.0,881.0,1032.0,711.0,13.7,42.9,0.6687,True,False,False
8166,2005-02-13 22:00:00,1.3,1111.0,777.0,760.0,1137.0,1024.0,12.5,47.8,0.6877,True,False,False
8167,2005-02-13 23:00:00,1.5,1131.0,793.0,728.0,1173.0,1054.0,11.8,53.4,0.7366,True,False,False
8168,2005-02-14 00:00:00,1.4,1115.0,778.0,749.0,1158.0,994.0,10.9,55.9,0.7312,True,False,False
8169,2005-02-14 01:00:00,1.6,1133.0,811.0,708.0,1182.0,1031.0,10.1,58.9,0.7301,True,False,False
8170,2005-02-14 02:00:00,1.1,1024.0,709.0,798.0,1120.0,884.0,9.8,61.2,0.7413,True,False,False
8171,2005-02-14 03:00:00,0.7,968.0,639.0,891.0,1080.0,794.0,8.4,67.1,0.7411,True,False,False
8172,2005-02-14 04:00:00,0.5,923.0,567.0,994.0,1024.0,688.0,8.3,67.2,0.7382,True,False,False
8173,2005-02-14 05:00:00,0.4,902.0,548.0,1063.0,1024.0,617.0,7.7,68.9,0.728,True,False,False
8174,2005-02-14 06:00:00,0.7,995.0,646.0,895.0,1053.0,818.0,6.9,70.0,0.6997,True,False,False
8175,2005-02-14 07:00:00,0.7,858.0,597.0,1054.0,857.0,690.0,9.0,37.3,0.4297,True,False,False
8176,2005-02-14 08:00:00,2.3,1233.0,1030.0,619.0,1257.0,1291.0,9.4,44.9,0.5296,True,False,False
8177,2005-02-14 09:00:00,2.5,1140.0,958.0,627.0,1175.0,1200.0,10.3,45.4,0.5666,True,False,False
8178,2005-02-14 10:00:00,1.7,1096.0,1036.0,635.0,1043.0,1127.0,11.5,39.6,0.5372,True,False,False
8179,2005-02-14 11:00:00,2.5,1295.0,1639.0,477.0,1013.0,1582.0,11.7,36.9,0.506,True,False,False
8180,2005-02-14 12:00:00,2.1,926.0,882.0,744.0,913.0,700.0,11.8,36.2,0.4999,True,False,False
8181,2005-02-14 13:00:00,1.1,970.0,857.0,748.0,990.0,693.0,12.0,38.7,0.5402,True,False,False
8182,2005-02-14 14:00:00,1.3,960.0,853.0,782.0,967.0,709.0,13.7,30.3,0.4724,True,False,False
8183,2005-02-14 15:00:00,1.1,941.0,800.0,823.0,917.0,671.0,12.6,30.6,0.4443,True,False,False
8184,2005-02-14 16:00:00,1.1,921.0,771.0,850.0,885.0,632.0,13.0,27.4,0.4085,True,False,False
8185,2005-02-14 17:00:00,1.4,940.0,829.0,823.0,901.0,716.0,13.6,22.7,0.3529,True,False,False
8186,2005-02-14 18:00:00,2.3,1036.0,1046.0,694.0,1044.0,1059.0,11.8,23.0,0.3171,True,False,False
8187,2005-02-14 19:00:00,4.2,1102.0,1221.0,609.0,1136.0,1329.0,10.7,19.9,0.2547,True,False,False
8188,2005-02-14 20:00:00,3.5,1035.0,1141.0,670.0,1018.0,1196.0,10.4,18.0,0.2269,True,False,False
8189,2005-02-14 21:00:00,3.0,990.0,978.0,751.0,928.0,1131.0,9.7,20.6,0.2488,True,False,False
8190,2005-02-14 22:00:00,1.7,950.0,839.0,834.0,878.0,977.0,9.4,24.8,0.2923,True,False,False
8191,2005-02-14 23:00:00,1.6,988.0,839.0,803.0,936.0,963.0,8.8,31.2,0.3533,True,False,False
8192,2005-02-15 00:00:00,1.0,884.0,658.0,982.0,813.0,581.0,8.7,31.2,0.3521,True,False,False
8193,2005-02-15 01:00:00,0.8,840.0,597.0,1081.0,766.0,432.0,8.5,30.4,0.3391,True,False,False
8194,2005-02-15 02:00:00,0.6,814.0,526.0,1228.0,740.0,352.0,8.0,32.9,0.353,True,False,False
8195,2005-02-15 03:00:00,0.4,821.0,509.0,1235.0,762.0,348.0,7.1,37.4,0.3799,True,False,False
8196,2005-02-15 04:00:00,,802.0,440.0,1413.0,738.0,312.0,6.9,39.1,0.3901,False,True,False
8197,2005-02-15 05:00:00,0.3,805.0,437.0,1491.0,738.0,296.0,6.9,39.8,0.3966,True,False,False
8198,2005-02-15 06:00:00,0.4,850.0,529.0,1183.0,780.0,385.0,6.1,40.8,0.3868,True,False,False
8199,2005-02-15 07:00:00,0.5,913.0,619.0,1018.0,834.0,586.0,6.0,41.5,0.3896,True,False,False
8200,2005-02-15 08:00:00,1.5,1047.0,844.0,784.0,979.0,987.0,6.1,39.9,0.3781,True,False,False
8201,2005-02-15 09:00:00,2.1,1055.0,899.0,731.0,1017.0,1035.0,6.5,39.5,0.3865,True,False,False
8202,2005-02-15 10:00:00,1.6,974.0,778.0,832.0,905.0,782.0,9.4,32.7,0.3855,True,False,False
8203,2005-02-15 11:00:00,1.0,863.0,669.0,993.0,776.0,511.0,11.3,24.9,0.3318,True,False,False
8204,2005-02-15 12:00:00,1.2,889.0,734.0,942.0,801.0,566.0,12.8,19.8,0.2933,True,False,False
8205,2005-02-15 13:00:00,1.3,906.0,790.0,893.0,837.0,642.0,12.3,19.3,0.274,True,False,False
8206,2005-02-15 14:00:00,1.4,874.0,751.0,918.0,792.0,591.0,12.0,19.3,0.2716,True,False,False
8207,2005-02-15 15:00:00,1.0,849.0,680.0,1015.0,741.0,461.0,11.9,19.2,0.2677,True,False,False
8208,2005-02-15 16:00:00,1.4,923.0,761.0,909.0,840.0,609.0,12.1,20.7,0.2906,True,False,False
8209,2005-02-15 17:00:00,1.5,962.0,841.0,827.0,901.0,821.0,11.5,22.1,0.2987,True,False,False
8210,2005-02-15 18:00:00,2.4,1067.0,1059.0,671.0,1085.0,1163.0,10.4,23.1,0.2905,True,False,False
8211,2005-02-15 19:00:00,2.8,1125.0,1121.0,630.0,1132.0,1405.0,9.5,25.2,0.2996,True,False,False
8212,2005-02-15 20:00:00,3.1,1149.0,1124.0,623.0,1141.0,1405.0,8.9,26.9,0.3069,True,False,False
8213,2005-02-15 21:00:00,3.1,1155.0,1034.0,648.0,1061.0,1429.0,8.2,30.1,0.327,True,False,False
8214,2005-02-15 22:00:00,2.0,1065.0,908.0,741.0,953.0,1284.0,7.4,31.8,0.3287,True,False,False
8215,2005-02-15 23:00:00,2.1,1145.0,946.0,699.0,1015.0,1409.0,6.6,37.5,0.3664,True,False,False
8216,2005-02-16 00:00:00,1.9,1134.0,912.0,707.0,999.0,1376.0,6.3,40.1,0.3842,True,False,False
8217,2005-02-16 01:00:00,2.5,1195.0,1004.0,652.0,1078.0,1421.0,5.2,44.2,0.3943,True,False,False
8218,2005-02-16 02:00:00,2.0,1141.0,898.0,689.0,1014.0,1356.0,4.4,47.5,0.4017,True,False,False
8219,2005-02-16 03:00:00,1.4,1077.0,806.0,725.0,949.0,1296.0,4.0,49.1,0.4019,True,False,False
8220,2005-02-16 04:00:00,1.1,1052.0,740.0,768.0,913.0,1202.0,3.3,52.2,0.4074,True,False,False
8221,2005-02-16 05:00:00,0.8,1033.0,701.0,782.0,883.0,1206.0,3.2,52.4,0.4071,True,False,False
8222,2005-02-16 06:00:00,0.9,1080.0,768.0,732.0,924.0,1305.0,3.6,51.7,0.4123,True,False,False
8223,2005-02-16 07:00:00,1.6,1208.0,931.0,622.0,1052.0,1485.0,3.5,54.2,0.4297,True,False,False
8224,2005-02-16 08:00:00,3.6,1363.0,1183.0,520.0,1273.0,1643.0,5.2,48.3,0.4304,True,False,False
8225,2005-02-16 09:00:00,3.3,1239.0,1096.0,577.0,1211.0,1459.0,7.8,37.6,0.3994,True,False,False
8226,2005-02-16 10:00:00,2.1,1044.0,940.0,706.0,1014.0,1152.0,8.9,33.8,0.385,True,False,False
8227,2005-02-16 11:00:00,1.3,956.0,761.0,849.0,887.0,885.0,9.1,33.0,0.3827,True,False,False
8228,2005-02-16 12:00:00,1.1,955.0,725.0,890.0,880.0,770.0,9.1,34.5,0.3994,True,False,False
8229,2005-02-16 13:00:00,1.5,997.0,825.0,790.0,948.0,852.0,9.6,31.3,0.3763,True,False,False
8230,2005-02-16 14:00:00,1.5,987.0,810.0,801.0,939.0,830.0,8.5,36.3,0.4026,True,False,False
8231,2005-02-16 15:00:00,1.6,1007.0,798.0,793.0,942.0,867.0,9.3,34.6,0.405,True,False,False
8232,2005-02-16 16:00:00,1.5,1025.0,795.0,783.0,967.0,881.0,8.9,37.9,0.4318,True,False,False
8233,2005-02-16 17:00:00,1.6,1083.0,856.0,720.0,1010.0,975.0,8.2,41.8,0.4563,True,False,False
8234,2005-02-16 18:00:00,2.2,1143.0,960.0,641.0,1110.0,1136.0,7.4,44.5,0.4582,True,False,False
8235,2005-02-16 19:00:00,3.4,1288.0,1178.0,539.0,1300.0,1434.0,7.0,43.4,0.4366,True,False,False
8236,2005-02-16 20:00:00,5.6,1464.0,1421.0,457.0,1542.0,1746.0,6.6,43.4,0.4241,True,False,False
8237,2005-02-16 21:00:00,5.2,1341.0,1204.0,534.0,1294.0,1592.0,5.9,44.3,0.4137,True,False,False
8238,2005-02-16 22:00:00,2.8,1177.0,1004.0,640.0,1111.0,1341.0,5.0,46.6,0.4099,True,False,False
8239,2005-02-16 23:00:00,2.4,1089.0,913.0,712.0,1016.0,1208.0,5.8,40.3,0.374,True,False,False
8240,2005-02-17 00:00:00,2.7,1196.0,1014.0,643.0,1101.0,1334.0,5.4,43.8,0.3945,True,False,False
8241,2005-02-17 01:00:00,2.6,1107.0,874.0,721.0,984.0,1208.0,5.7,42.1,0.3883,True,False,False
8242,2005-02-17 02:00:00,2.3,1102.0,897.0,715.0,1024.0,1196.0,5.7,42.1,0.3885,True,False,False
8243,2005-02-17 03:00:00,1.0,993.0,688.0,847.0,874.0,931.0,5.8,42.9,0.399,True,False,False
8244,2005-02-17 04:00:00,0.6,912.0,559.0,1016.0,837.0,656.0,5.7,46.6,0.4298,True,False,False
8245,2005-02-17 05:00:00,0.5,883.0,496.0,1140.0,804.0,478.0,6.9,45.0,0.4499,True,False,False
8246,2005-02-17 06:00:00,0.5,893.0,507.0,1111.0,794.0,489.0,6.9,42.2,0.4224,True,False,False
8247,2005-02-17 07:00:00,1.0,1033.0,711.0,893.0,935.0,893.0,6.4,43.8,0.423,True,False,False
8248,2005-02-17 08:00:00,2.6,1222.0,966.0,636.0,1134.0,1322.0,6.6,44.6,0.4383,True,False,False
8249,2005-02-17 09:00:00,2.7,1190.0,1000.0,624.0,1152.0,1280.0,7.7,42.1,0.444,True,False,False
8250,2005-02-17 10:00:00,1.8,1035.0,783.0,794.0,969.0,943.0,10.1,36.7,0.4536,True,False,False
8251,2005-02-17 11:00:00,1.2,990.0,705.0,873.0,913.0,772.0,9.0,41.4,0.4775,True,False,False
8252,2005-02-17 12:00:00,1.3,1011.0,732.0,830.0,944.0,826.0,8.7,42.5,0.4787,True,False,False
8253,2005-02-17 13:00:00,1.4,1041.0,763.0,790.0,1003.0,808.0,8.3,47.8,0.5238,True,False,False
8254,2005-02-17 14:00:00,1.8,1086.0,850.0,723.0,1072.0,901.0,8.9,45.5,0.5208,True,False,False
8255,2005-02-17 15:00:00,1.3,1021.0,755.0,807.0,980.0,763.0,8.9,46.1,0.5256,True,False,False
8256,2005-02-17 16:00:00,1.4,1014.0,761.0,806.0,972.0,722.0,9.0,44.9,0.5173,True,False,False
8257,2005-02-17 17:00:00,1.4,1023.0,771.0,807.0,982.0,735.0,9.3,42.3,0.4974,True,False,False
8258,2005-02-17 18:00:00,2.4,1172.0,977.0,657.0,1160.0,1047.0,8.4,45.2,0.4977,True,False,False
8259,2005-02-17 19:00:00,2.8,1172.0,1017.0,623.0,1185.0,1163.0,7.6,47.8,0.5013,True,False,False
8260,2005-02-17 20:00:00,3.3,1219.0,1081.0,590.0,1246.0,1244.0,7.4,47.2,0.4871,True,False,False
8261,2005-02-17 21:00:00,2.5,1106.0,891.0,708.0,1058.0,1025.0,7.4,46.9,0.4854,True,False,False
8262,2005-02-17 22:00:00,2.1,1078.0,824.0,759.0,1016.0,982.0,6.9,48.2,0.4832,True,False,False
8263,2005-02-17 23:00:00,1.2,939.0,637.0,960.0,883.0,607.0,7.1,47.9,0.4867,True,False,False
8264,2005-02-18 00:00:00,1.2,975.0,670.0,943.0,910.0,616.0,6.9,48.7,0.4874,True,False,False
8265,2005-02-18 01:00:00,1.3,958.0,660.0,935.0,905.0,654.0,6.8,48.2,0.4792,True,False,False
8266,2005-02-18 02:00:00,1.0,921.0,594.0,1025.0,867.0,479.0,6.3,49.6,0.4787,True,False,False
8267,2005-02-18 03:00:00,0.8,931.0,580.0,983.0,863.0,487.0,5.6,52.9,0.4855,True,False,False
8268,2005-02-18 04:00:00,,874.0,472.0,1179.0,803.0,382.0,6.4,49.8,0.4814,False,True,False
8269,2005-02-18 05:00:00,0.4,872.0,476.0,1249.0,794.0,350.0,6.9,48.1,0.4796,True,False,False
8270,2005-02-18 06:00:00,0.5,904.0,530.0,1079.0,846.0,438.0,6.4,50.2,0.485,True,False,False
8271,2005-02-18 07:00:00,0.7,951.0,568.0,1021.0,888.0,578.0,6.4,50.7,0.4886,True,False,False
8272,2005-02-18 08:00:00,2.1,1183.0,896.0,673.0,1115.0,1140.0,6.9,48.8,0.4903,True,False,False
8273,2005-02-18 09:00:00,2.5,1187.0,970.0,625.0,1174.0,1203.0,8.4,44.6,0.4922,True,False,False
8274,2005-02-18 10:00:00,2.0,1072.0,874.0,715.0,1033.0,1000.0,10.8,37.1,0.4794,True,False,False
8275,2005-02-18 11:00:00,1.4,1011.0,780.0,805.0,964.0,806.0,11.2,36.2,0.4818,True,False,False
8276,2005-02-18 12:00:00,1.3,997.0,752.0,837.0,952.0,724.0,11.8,34.4,0.4758,True,False,False
8277,2005-02-18 13:00:00,1.4,989.0,791.0,804.0,953.0,690.0,11.5,33.1,0.4479,True,False,False
8278,2005-02-18 14:00:00,1.6,1006.0,837.0,775.0,971.0,757.0,10.9,32.6,0.426,True,False,False
8279,2005-02-18 15:00:00,1.7,1016.0,845.0,771.0,987.0,818.0,11.3,31.7,0.4249,True,False,False
8280,2005-02-18 16:00:00,1.8,1069.0,918.0,724.0,1045.0,936.0,11.6,30.9,0.4223,True,False,False
8281,2005-02-18 17:00:00,2.4,1109.0,989.0,664.0,1096.0,1133.0,11.1,32.2,0.4243,True,False,False
8282,2005-02-18 18:00:00,2.8,1182.0,1071.0,617.0,1187.0,1298.0,9.7,36.0,0.4333,True,False,False
8283,2005-02-18 19:00:00,3.3,1253.0,1179.0,573.0,1268.0,1387.0,8.5,39.0,0.4336,True,False,False
8284,2005-02-18 20:00:00,4.8,1288.0,1228.0,549.0,1333.0,1502.0,8.3,40.3,0.4411,True,False,False
8285,2005-02-18 21:00:00,2.8,1153.0,981.0,666.0,1097.0,1273.0,8.0,41.3,0.4448,True,False,False
8286,2005-02-18 22:00:00,2.4,1161.0,969.0,677.0,1111.0,1271.0,7.0,44.2,0.4446,True,False,False
8287,2005-02-18 23:00:00,2.9,1271.0,1031.0,618.0,1138.0,1464.0,5.4,51.8,0.4698,True,False,False
8288,2005-02-19 00:00:00,2.7,1156.0,909.0,684.0,1023.0,1384.0,4.1,55.0,0.4558,True,False,False
8289,2005-02-19 01:00:00,2.1,1106.0,850.0,727.0,997.0,1281.0,3.1,57.8,0.4462,True,False,False
8290,2005-02-19 02:00:00,1.5,1008.0,726.0,834.0,913.0,1083.0,3.1,56.7,0.4388,True,False,False
8291,2005-02-19 03:00:00,1.2,966.0,703.0,865.0,903.0,989.0,2.2,59.6,0.4333,True,False,False
8292,2005-02-19 04:00:00,0.9,931.0,627.0,948.0,860.0,911.0,2.3,58.9,0.4317,True,False,False
8293,2005-02-19 05:00:00,0.8,922.0,611.0,962.0,867.0,893.0,1.9,60.0,0.4276,True,False,False
8294,2005-02-19 06:00:00,0.8,911.0,606.0,950.0,866.0,894.0,1.9,60.3,0.4293,True,False,False
8295,2005-02-19 07:00:00,1.1,993.0,736.0,819.0,941.0,1018.0,0.9,64.6,0.4294,True,False,False
8296,2005-02-19 08:00:00,1.9,1100.0,919.0,678.0,1072.0,1191.0,0.6,65.0,0.4231,True,False,False
8297,2005-02-19 09:00:00,2.5,1141.0,940.0,651.0,1099.0,1285.0,2.1,59.9,0.4338,True,False,False
8298,2005-02-19 10:00:00,2.2,1085.0,800.0,750.0,983.0,1219.0,3.1,57.2,0.4402,True,False,False
8299,2005-02-19 11:00:00,2.1,1153.0,853.0,696.0,1027.0,1370.0,4.2,54.0,0.4483,True,False,False
8300,2005-02-19 12:00:00,2.3,1122.0,831.0,722.0,982.0,1317.0,7.4,43.8,0.4538,True,False,False
8301,2005-02-19 13:00:00,1.2,992.0,685.0,890.0,902.0,818.0,11.2,34.5,0.4586,True,False,False
8302,2005-02-19 14:00:00,1.2,1018.0,693.0,868.0,937.0,683.0,13.8,32.4,0.5084,True,False,False
8303,2005-02-19 15:00:00,1.1,981.0,649.0,924.0,901.0,573.0,12.4,34.9,0.5002,True,False,False
8304,2005-02-19 16:00:00,1.1,988.0,679.0,905.0,911.0,595.0,12.8,31.9,0.4684,True,False,False
8305,2005-02-19 17:00:00,1.4,1059.0,777.0,797.0,969.0,774.0,13.5,29.1,0.4486,True,False,False
8306,2005-02-19 18:00:00,1.7,1110.0,870.0,708.0,1057.0,1059.0,11.6,33.3,0.454,True,False,False
8307,2005-02-19 19:00:00,2.5,1204.0,979.0,639.0,1147.0,1326.0,10.9,34.9,0.4568,True,False,False
8308,2005-02-19 20:00:00,2.7,1275.0,1061.0,593.0,1203.0,1494.0,10.4,37.3,0.4708,True,False,False
8309,2005-02-19 21:00:00,3.1,1297.0,1044.0,600.0,1185.0,1559.0,9.7,39.7,0.4792,True,False,False
8310,2005-02-19 22:00:00,2.8,1277.0,991.0,609.0,1141.0,1575.0,9.1,41.9,0.4857,True,False,False
8311,2005-02-19 23:00:00,1.9,1207.0,888.0,664.0,1062.0,1447.0,9.3,41.9,0.4927,True,False,False
8312,2005-02-20 00:00:00,1.9,1222.0,880.0,684.0,1083.0,1367.0,9.4,44.7,0.5279,True,False,False
8313,2005-02-20 01:00:00,1.7,1141.0,816.0,745.0,1026.0,1230.0,8.5,45.8,0.5108,True,False,False
8314,2005-02-20 02:00:00,2.2,1228.0,913.0,643.0,1124.0,1396.0,7.8,50.0,0.53,True,False,False
8315,2005-02-20 03:00:00,1.6,1120.0,770.0,756.0,1012.0,1191.0,7.7,49.7,0.5242,True,False,False
8316,2005-02-20 04:00:00,1.5,1067.0,758.0,775.0,993.0,1009.0,8.2,46.9,0.5099,True,False,False
8317,2005-02-20 05:00:00,0.8,947.0,580.0,978.0,894.0,572.0,8.4,48.6,0.5375,True,False,False
8318,2005-02-20 06:00:00,0.5,918.0,501.0,1148.0,881.0,420.0,8.0,54.7,0.5883,True,False,False
8319,2005-02-20 07:00:00,0.5,920.0,506.0,1142.0,905.0,453.0,7.8,55.7,0.5914,True,False,False
8320,2005-02-20 08:00:00,0.7,941.0,541.0,1065.0,919.0,520.0,8.0,53.8,0.5796,True,False,False
8321,2005-02-20 09:00:00,0.7,949.0,552.0,1035.0,919.0,531.0,8.8,50.7,0.5752,True,False,False
8322,2005-02-20 10:00:00,0.9,990.0,604.0,944.0,947.0,579.0,10.1,47.6,0.587,True,False,False
8323,2005-02-20 11:00:00,1.0,996.0,620.0,928.0,946.0,570.0,10.6,45.8,0.5838,True,False,False
8324,2005-02-20 12:00:00,1.1,1023.0,623.0,916.0,976.0,571.0,9.1,56.2,0.6515,True,False,False
8325,2005-02-20 13:00:00,1.1,1037.0,636.0,891.0,1024.0,582.0,7.9,66.5,0.7124,True,False,False
8326,2005-02-20 14:00:00,1.0,1017.0,613.0,919.0,1007.0,551.0,8.0,65.0,0.6991,True,False,False
8327,2005-02-20 15:00:00,1.1,1042.0,671.0,861.0,1038.0,634.0,8.4,61.0,0.6721,True,False,False
8328,2005-02-20 16:00:00,1.3,1037.0,665.0,854.0,1013.0,633.0,8.6,57.3,0.6429,True,False,False
8329,2005-02-20 17:00:00,1.2,1009.0,640.0,915.0,996.0,613.0,8.4,56.3,0.6227,True,False,False
8330,2005-02-20 18:00:00,1.3,1033.0,675.0,853.0,1006.0,702.0,8.0,57.7,0.6222,True,False,False
8331,2005-02-20 19:00:00,1.1,1016.0,647.0,906.0,997.0,649.0,7.1,62.6,0.6341,True,False,False
8332,2005-02-20 20:00:00,1.5,1076.0,745.0,801.0,1040.0,841.0,7.4,59.3,0.6123,True,False,False
8333,2005-02-20 21:00:00,1.4,1029.0,699.0,851.0,1001.0,795.0,7.7,56.9,0.5994,True,False,False
8334,2005-02-20 22:00:00,1.1,984.0,661.0,898.0,965.0,638.0,7.7,54.4,0.5753,True,False,False
8335,2005-02-20 23:00:00,1.3,1003.0,694.0,876.0,976.0,663.0,7.7,53.0,0.5572,True,False,False
8336,2005-02-21 00:00:00,1.4,1009.0,671.0,877.0,1010.0,610.0,6.7,62.8,0.6188,True,False,False
8337,2005-02-21 01:00:00,1.1,946.0,588.0,1005.0,948.0,480.0,6.6,61.9,0.6056,True,False,False
8338,2005-02-21 02:00:00,0.8,910.0,518.0,1130.0,936.0,404.0,5.7,70.3,0.6498,True,False,False
8339,2005-02-21 03:00:00,0.6,886.0,464.0,1273.0,919.0,357.0,4.5,79.2,0.6751,True,False,False
8340,2005-02-21 04:00:00,,879.0,447.0,1317.0,910.0,348.0,4.0,81.5,0.6712,False,True,False
8341,2005-02-21 05:00:00,0.5,907.0,502.0,1129.0,947.0,399.0,3.9,81.5,0.6653,True,False,False
8342,2005-02-21 06:00:00,0.6,949.0,589.0,987.0,1001.0,464.0,3.3,84.3,0.6617,True,False,False
8343,2005-02-21 07:00:00,1.2,1054.0,786.0,766.0,1129.0,699.0,4.2,80.9,0.6742,True,False,False
8344,2005-02-21 08:00:00,2.2,1214.0,1010.0,609.0,1282.0,1006.0,5.1,75.0,0.6646,True,False,False
8345,2005-02-21 09:00:00,2.9,1253.0,1095.0,566.0,1375.0,1206.0,4.6,77.6,0.6651,True,False,False
8346,2005-02-21 10:00:00,2.9,1197.0,964.0,614.0,1260.0,1122.0,3.8,84.3,0.6811,True,False,False
8347,2005-02-21 11:00:00,2.0,1156.0,859.0,684.0,1196.0,1069.0,6.2,77.4,0.7383,True,False,False
8348,2005-02-21 12:00:00,1.7,1132.0,837.0,694.0,1199.0,1062.0,7.7,67.6,0.7133,True,False,False
8349,2005-02-21 13:00:00,2.2,1207.0,950.0,623.0,1303.0,1162.0,8.1,64.8,0.7039,True,False,False
8350,2005-02-21 14:00:00,1.8,1127.0,896.0,664.0,1227.0,1010.0,8.1,64.0,0.6942,True,False,False
8351,2005-02-21 15:00:00,1.6,1112.0,851.0,694.0,1184.0,931.0,6.9,71.3,0.7118,True,False,False
8352,2005-02-21 16:00:00,1.9,1186.0,925.0,641.0,1272.0,1025.0,7.0,73.7,0.7425,True,False,False
8353,2005-02-21 17:00:00,2.2,1192.0,976.0,618.0,1290.0,1110.0,7.3,70.0,0.7195,True,False,False
8354,2005-02-21 18:00:00,2.2,1177.0,931.0,656.0,1281.0,979.0,5.8,77.8,0.7223,True,False,False
8355,2005-02-21 19:00:00,4.9,1478.0,1301.0,469.0,1682.0,1409.0,5.4,80.9,0.7293,True,False,False
8356,2005-02-21 20:00:00,6.3,1486.0,1289.0,466.0,1633.0,1438.0,5.5,79.8,0.7261,True,False,False
8357,2005-02-21 21:00:00,2.7,1118.0,863.0,680.0,1194.0,1083.0,5.6,74.0,0.6808,True,False,False
8358,2005-02-21 22:00:00,1.4,1019.0,730.0,811.0,1082.0,916.0,5.6,71.9,0.6604,True,False,False
8359,2005-02-21 23:00:00,1.2,961.0,643.0,914.0,1046.0,825.0,6.4,70.7,0.6848,True,False,False
8360,2005-02-22 00:00:00,0.8,931.0,591.0,1015.0,1015.0,704.0,6.3,70.1,0.6733,True,False,False
8361,2005-02-22 01:00:00,0.8,938.0,592.0,992.0,1032.0,668.0,4.4,80.5,0.6825,True,False,False
8362,2005-02-22 02:00:00,0.7,888.0,511.0,1112.0,963.0,512.0,3.9,83.1,0.6787,True,False,False
8363,2005-02-22 03:00:00,0.4,844.0,454.0,1327.0,908.0,385.0,2.5,86.6,0.6407,True,False,False
8364,2005-02-22 04:00:00,0.4,851.0,440.0,1349.0,918.0,377.0,3.4,85.4,0.6736,True,False,False
8365,2005-02-22 05:00:00,0.5,905.0,503.0,1152.0,956.0,467.0,3.3,84.5,0.6608,True,False,False
8366,2005-02-22 06:00:00,0.9,987.0,628.0,929.0,1035.0,691.0,3.4,84.5,0.664,True,False,False
8367,2005-02-22 07:00:00,1.5,1124.0,842.0,690.0,1180.0,981.0,3.4,84.5,0.6677,True,False,False
8368,2005-02-22 08:00:00,3.8,1408.0,1200.0,490.0,1523.0,1369.0,4.1,82.7,0.682,True,False,False
8369,2005-02-22 09:00:00,5.4,1501.0,1403.0,418.0,1789.0,1589.0,4.6,80.3,0.6889,True,False,False
8370,2005-02-22 10:00:00,3.5,1266.0,1149.0,528.0,1435.0,1370.0,6.1,74.0,0.7025,True,False,False
8371,2005-02-22 11:00:00,1.7,1082.0,855.0,725.0,1140.0,1005.0,9.1,58.4,0.6787,True,False,False
8372,2005-02-22 12:00:00,2.0,1123.0,942.0,653.0,1225.0,1105.0,11.4,48.9,0.658,True,False,False
8373,2005-02-22 13:00:00,2.1,1174.0,979.0,611.0,1282.0,1142.0,8.3,64.4,0.7072,True,False,False
8374,2005-02-22 14:00:00,3.0,1209.0,1082.0,573.0,1355.0,1105.0,6.5,71.0,0.6903,True,False,False
8375,2005-02-22 15:00:00,2.1,1120.0,940.0,657.0,1245.0,917.0,6.6,71.1,0.6973,True,False,False
8376,2005-02-22 16:00:00,2.5,1174.0,1010.0,613.0,1305.0,1050.0,7.4,69.3,0.7165,True,False,False
8377,2005-02-22 17:00:00,2.2,1068.0,896.0,702.0,1177.0,848.0,6.4,70.6,0.6834,True,False,False
8378,2005-02-22 18:00:00,2.4,1146.0,985.0,650.0,1236.0,952.0,5.8,72.5,0.6718,True,False,False
8379,2005-02-22 19:00:00,3.6,1204.0,1089.0,601.0,1335.0,1059.0,5.6,71.6,0.6556,True,False,False
8380,2005-02-22 20:00:00,2.6,1062.0,903.0,717.0,1141.0,720.0,4.2,77.8,0.6491,True,False,False
8381,2005-02-22 21:00:00,2.7,1122.0,919.0,680.0,1201.0,981.0,4.3,79.5,0.6648,True,False,False
8382,2005-02-22 22:00:00,1.4,940.0,686.0,903.0,1005.0,648.0,4.5,75.5,0.6429,True,False,False
8383,2005-02-22 23:00:00,0.9,935.0,628.0,995.0,986.0,611.0,4.4,77.1,0.6523,True,False,False
8384,2005-02-23 00:00:00,1.5,1011.0,725.0,852.0,1050.0,773.0,4.2,78.2,0.6506,True,False,False
8385,2005-02-23 01:00:00,1.1,952.0,665.0,907.0,1007.0,703.0,4.0,79.3,0.6517,True,False,False
8386,2005-02-23 02:00:00,0.8,899.0,572.0,1063.0,951.0,560.0,3.9,78.7,0.643,True,False,False
8387,2005-02-23 03:00:00,0.6,880.0,533.0,1161.0,948.0,499.0,3.5,80.6,0.6403,True,False,False
8388,2005-02-23 04:00:00,0.6,882.0,516.0,1132.0,959.0,575.0,3.2,82.8,0.6426,True,False,False
8389,2005-02-23 05:00:00,0.6,844.0,466.0,1261.0,894.0,478.0,4.1,76.0,0.6304,True,False,False
8390,2005-02-23 06:00:00,0.6,860.0,497.0,1251.0,912.0,442.0,4.2,75.9,0.6311,True,False,False
8391,2005-02-23 07:00:00,0.7,917.0,597.0,1084.0,994.0,602.0,4.5,76.3,0.648,True,False,False
8392,2005-02-23 08:00:00,1.7,1126.0,886.0,719.0,1208.0,936.0,4.4,79.1,0.6687,True,False,False
8393,2005-02-23 09:00:00,1.9,1033.0,820.0,740.0,1114.0,870.0,4.3,79.8,0.6706,True,False,False
8394,2005-02-23 10:00:00,1.4,944.0,697.0,881.0,1022.0,688.0,3.1,83.0,0.6419,True,False,False
8395,2005-02-23 11:00:00,1.3,955.0,687.0,895.0,1004.0,706.0,2.8,83.9,0.6326,True,False,False
8396,2005-02-23 12:00:00,1.2,992.0,694.0,900.0,1020.0,756.0,3.9,79.5,0.6482,True,False,False
8397,2005-02-23 13:00:00,1.9,1090.0,910.0,701.0,1192.0,974.0,5.1,74.5,0.6621,True,False,False
8398,2005-02-23 14:00:00,2.5,1151.0,983.0,629.0,1244.0,1121.0,5.7,72.5,0.6686,True,False,False
8399,2005-02-23 15:00:00,2.3,1148.0,975.0,638.0,1243.0,1064.0,5.6,74.6,0.6826,True,False,False
8400,2005-02-23 16:00:00,2.3,1140.0,946.0,653.0,1231.0,1076.0,5.4,75.9,0.6875,True,False,False
8401,2005-02-23 17:00:00,2.5,1160.0,990.0,632.0,1254.0,1090.0,4.9,78.2,0.6826,True,False,False
8402,2005-02-23 18:00:00,2.8,1167.0,1027.0,610.0,1289.0,1119.0,4.8,79.0,0.6845,True,False,False
8403,2005-02-23 19:00:00,2.7,1194.0,1038.0,605.0,1317.0,1181.0,4.8,78.6,0.6826,True,False,False
8404,2005-02-23 20:00:00,3.1,1224.0,1071.0,590.0,1331.0,1240.0,4.6,78.2,0.6686,True,False,False
8405,2005-02-23 21:00:00,2.9,1209.0,1028.0,619.0,1264.0,1254.0,4.2,79.7,0.6647,True,False,False
8406,2005-02-23 22:00:00,2.6,1145.0,962.0,657.0,1212.0,1192.0,4.3,78.9,0.6621,True,False,False
8407,2005-02-23 23:00:00,1.5,1016.0,744.0,825.0,1053.0,1020.0,4.2,77.9,0.6479,True,False,False
8408,2005-02-24 00:00:00,1.6,1018.0,750.0,831.0,1051.0,916.0,3.2,83.0,0.645,True,False,False
8409,2005-02-24 01:00:00,1.1,937.0,625.0,977.0,983.0,798.0,5.1,74.5,0.6626,True,False,False
8410,2005-02-24 02:00:00,0.9,949.0,647.0,956.0,1023.0,762.0,4.0,80.8,0.6666,True,False,False
8411,2005-02-24 03:00:00,0.7,895.0,545.0,1080.0,964.0,685.0,4.3,81.0,0.677,True,False,False
8412,2005-02-24 04:00:00,,884.0,528.0,1148.0,960.0,619.0,2.9,85.3,0.6503,False,True,False
8413,2005-02-24 05:00:00,0.6,883.0,518.0,1135.0,962.0,606.0,3.3,84.5,0.6612,True,False,False
8414,2005-02-24 06:00:00,0.8,968.0,652.0,937.0,1051.0,788.0,3.6,84.4,0.6724,True,False,False
8415,2005-02-24 07:00:00,1.5,1071.0,787.0,755.0,1146.0,947.0,3.8,83.8,0.6771,True,False,False
8416,2005-02-24 08:00:00,3.1,1310.0,1082.0,555.0,1400.0,1254.0,4.1,82.5,0.6819,True,False,False
8417,2005-02-24 09:00:00,3.8,1332.0,1132.0,522.0,1439.0,1352.0,3.9,83.9,0.6847,True,False,False
8418,2005-02-24 10:00:00,2.7,1178.0,939.0,640.0,1228.0,1165.0,4.1,83.9,0.6967,True,False,False
8419,2005-02-24 11:00:00,1.8,1093.0,836.0,728.0,1142.0,1025.0,4.6,82.0,0.6997,True,False,False
8420,2005-02-24 12:00:00,1.4,1060.0,784.0,770.0,1117.0,941.0,5.5,79.5,0.7238,True,False,False
8421,2005-02-24 13:00:00,1.7,1121.0,873.0,697.0,1206.0,1000.0,6.7,76.2,0.7519,True,False,False
8422,2005-02-24 14:00:00,1.9,1118.0,888.0,685.0,1223.0,962.0,7.9,69.0,0.7394,True,False,False
8423,2005-02-24 15:00:00,2.2,1205.0,1002.0,612.0,1299.0,1214.0,8.5,66.3,0.7387,True,False,False
8424,2005-02-24 16:00:00,3.0,1274.0,1094.0,537.0,1364.0,1428.0,7.6,70.8,0.7399,True,False,False
8425,2005-02-24 17:00:00,3.0,1301.0,1092.0,525.0,1388.0,1484.0,7.2,72.4,0.7372,True,False,False
8426,2005-02-24 18:00:00,3.9,1405.0,1224.0,468.0,1503.0,1658.0,6.7,74.2,0.7326,True,False,False
8427,2005-02-24 19:00:00,4.0,1375.0,1230.0,473.0,1522.0,1632.0,6.1,75.8,0.7184,True,False,False
8428,2005-02-24 20:00:00,3.9,1367.0,1225.0,485.0,1492.0,1628.0,6.3,74.9,0.7187,True,False,False
8429,2005-02-24 21:00:00,3.5,1324.0,1121.0,531.0,1399.0,1481.0,6.0,78.0,0.7345,True,False,False
8430,2005-02-24 22:00:00,2.4,1170.0,917.0,652.0,1218.0,1205.0,5.6,81.2,0.7443,True,False,False
8431,2005-02-24 23:00:00,2.1,1169.0,895.0,681.0,1201.0,1106.0,5.5,81.5,0.7393,True,False,False
8432,2005-02-25 00:00:00,2.5,1181.0,905.0,657.0,1215.0,1106.0,5.3,84.1,0.753,True,False,False
8433,2005-02-25 01:00:00,2.1,1146.0,860.0,692.0,1181.0,1092.0,5.2,83.9,0.7487,True,False,False
8434,2005-02-25 02:00:00,1.5,1059.0,773.0,767.0,1127.0,984.0,5.1,83.5,0.7416,True,False,False
8435,2005-02-25 03:00:00,1.1,1010.0,679.0,854.0,1046.0,889.0,5.0,82.9,0.73,True,False,False
8436,2005-02-25 04:00:00,1.0,1007.0,677.0,863.0,1053.0,848.0,5.0,82.5,0.7265,True,False,False
8437,2005-02-25 05:00:00,0.8,932.0,595.0,991.0,1025.0,771.0,5.0,82.8,0.7273,True,False,False
8438,2005-02-25 06:00:00,1.0,998.0,717.0,872.0,1095.0,895.0,5.2,80.7,0.7219,True,False,False
8439,2005-02-25 07:00:00,1.4,1072.0,819.0,751.0,1161.0,1003.0,5.3,80.2,0.7179,True,False,False
8440,2005-02-25 08:00:00,3.6,1424.0,1260.0,494.0,1568.0,1442.0,5.7,79.7,0.734,True,False,False
8441,2005-02-25 09:00:00,5.8,1527.0,1502.0,411.0,1868.0,1727.0,6.2,76.8,0.7355,True,False,False
8442,2005-02-25 10:00:00,4.2,1364.0,1234.0,504.0,1533.0,1606.0,8.3,67.4,0.7384,True,False,False
8443,2005-02-25 11:00:00,3.3,1190.0,1044.0,615.0,1324.0,1354.0,10.8,52.1,0.6746,True,False,False
8444,2005-02-25 12:00:00,1.7,1021.0,839.0,771.0,1084.0,914.0,13.0,40.3,0.6028,True,False,False
8445,2005-02-25 13:00:00,2.1,1051.0,914.0,707.0,1122.0,913.0,10.9,44.8,0.5849,True,False,False
8446,2005-02-25 14:00:00,2.2,1021.0,882.0,727.0,1097.0,847.0,11.5,42.1,0.5706,True,False,False
8447,2005-02-25 15:00:00,1.8,1016.0,842.0,762.0,1067.0,778.0,12.5,38.5,0.5568,True,False,False
8448,2005-02-25 16:00:00,2.0,1040.0,893.0,723.0,1104.0,835.0,12.6,38.5,0.5586,True,False,False
8449,2005-02-25 17:00:00,2.3,1089.0,916.0,710.0,1124.0,903.0,12.3,38.4,0.5488,True,False,False
8450,2005-02-25 18:00:00,2.8,1148.0,1054.0,631.0,1233.0,1157.0,10.2,43.1,0.5366,True,False,False
8451,2005-02-25 19:00:00,3.4,1162.0,1070.0,625.0,1229.0,1237.0,8.6,48.2,0.5385,True,False,False
8452,2005-02-25 20:00:00,4.0,1197.0,1102.0,609.0,1309.0,1253.0,7.8,50.8,0.5384,True,False,False
8453,2005-02-25 21:00:00,2.3,1059.0,905.0,735.0,1098.0,1130.0,7.3,52.8,0.5404,True,False,False
8454,2005-02-25 22:00:00,2.7,1207.0,1023.0,629.0,1233.0,1373.0,6.2,62.4,0.5958,True,False,False
8455,2005-02-25 23:00:00,2.7,1188.0,983.0,648.0,1193.0,1338.0,5.1,68.2,0.6033,True,False,False
8456,2005-02-26 00:00:00,2.8,1153.0,933.0,687.0,1133.0,1268.0,4.7,69.0,0.5936,True,False,False
8457,2005-02-26 01:00:00,2.1,1061.0,849.0,757.0,1063.0,1125.0,4.0,69.8,0.5756,True,False,False
8458,2005-02-26 02:00:00,1.9,1028.0,831.0,771.0,1063.0,1054.0,3.4,71.3,0.5626,True,False,False
8459,2005-02-26 03:00:00,2.1,1082.0,843.0,729.0,1061.0,1090.0,2.8,74.0,0.5591,True,False,False
8460,2005-02-26 04:00:00,1.7,1037.0,771.0,784.0,1004.0,1029.0,2.3,75.1,0.5514,True,False,False
8461,2005-02-26 05:00:00,1.3,942.0,688.0,897.0,947.0,882.0,3.8,66.2,0.5359,True,False,False
8462,2005-02-26 06:00:00,0.9,904.0,633.0,993.0,897.0,717.0,4.6,60.5,0.5173,True,False,False
8463,2005-02-26 07:00:00,1.0,855.0,578.0,1121.0,855.0,599.0,5.7,54.3,0.5022,True,False,False
8464,2005-02-26 08:00:00,1.0,914.0,705.0,966.0,926.0,687.0,6.2,51.3,0.488,True,False,False
8465,2005-02-26 09:00:00,1.5,933.0,714.0,899.0,927.0,706.0,6.7,49.5,0.4892,True,False,False
8466,2005-02-26 10:00:00,1.5,942.0,696.0,920.0,912.0,682.0,8.8,45.0,0.5114,True,False,False
8467,2005-02-26 11:00:00,1.4,943.0,688.0,924.0,909.0,629.0,9.6,43.5,0.5202,True,False,False
8468,2005-02-26 12:00:00,2.4,959.0,717.0,892.0,939.0,664.0,9.8,43.3,0.5238,True,False,False
8469,2005-02-26 13:00:00,2.8,971.0,739.0,868.0,972.0,664.0,9.9,43.5,0.53,True,False,False
8470,2005-02-26 14:00:00,2.9,954.0,735.0,863.0,953.0,630.0,9.8,44.1,0.5332,True,False,False
8471,2005-02-26 15:00:00,2.6,929.0,645.0,962.0,906.0,524.0,9.7,45.1,0.5417,True,False,False
8472,2005-02-26 16:00:00,2.5,933.0,660.0,955.0,911.0,488.0,9.0,47.3,0.542,True,False,False
8473,2005-02-26 17:00:00,2.7,967.0,704.0,888.0,961.0,609.0,7.4,56.0,0.5797,True,False,False
8474,2005-02-26 18:00:00,2.8,987.0,723.0,863.0,974.0,684.0,6.4,61.7,0.5956,True,False,False
8475,2005-02-26 19:00:00,3.0,1003.0,772.0,821.0,1008.0,788.0,6.8,58.0,0.5758,True,False,False
8476,2005-02-26 20:00:00,3.7,1138.0,986.0,663.0,1188.0,1030.0,7.3,56.7,0.5806,True,False,False
8477,2005-02-26 21:00:00,3.5,1087.0,903.0,713.0,1106.0,1026.0,7.2,56.7,0.579,True,False,False
8478,2005-02-26 22:00:00,3.8,1129.0,920.0,689.0,1139.0,1182.0,6.7,59.1,0.5848,True,False,False
8479,2005-02-26 23:00:00,4.3,1191.0,1005.0,637.0,1224.0,1284.0,5.9,62.1,0.5808,True,False,False
8480,2005-02-27 00:00:00,4.8,1256.0,1032.0,612.0,1230.0,1371.0,6.3,60.4,0.5811,True,False,False
8481,2005-02-27 01:00:00,4.2,1171.0,960.0,679.0,1121.0,1234.0,5.5,60.2,0.5458,True,False,False
8482,2005-02-27 02:00:00,3.3,1016.0,780.0,798.0,1004.0,1060.0,4.6,64.4,0.5525,True,False,False
8483,2005-02-27 03:00:00,3.0,1035.0,805.0,790.0,1022.0,1038.0,3.5,68.8,0.5458,True,False,False
8484,2005-02-27 04:00:00,,980.0,744.0,840.0,979.0,970.0,2.8,70.9,0.5383,False,True,False
8485,2005-02-27 05:00:00,1.0,901.0,631.0,988.0,915.0,751.0,3.7,65.9,0.5295,True,False,False
8486,2005-02-27 06:00:00,0.9,914.0,655.0,949.0,949.0,742.0,1.6,74.3,0.5168,True,False,False
8487,2005-02-27 07:00:00,1.1,940.0,665.0,900.0,955.0,879.0,1.4,76.3,0.5261,True,False,False
8488,2005-02-27 08:00:00,1.1,935.0,689.0,894.0,949.0,871.0,2.5,69.5,0.5172,True,False,False
8489,2005-02-27 09:00:00,1.2,970.0,691.0,891.0,956.0,890.0,3.7,64.8,0.5208,True,False,False
8490,2005-02-27 10:00:00,1.7,1064.0,830.0,739.0,1053.0,1059.0,7.8,49.9,0.5307,True,False,False
8491,2005-02-27 11:00:00,1.6,1023.0,776.0,817.0,972.0,808.0,11.2,37.1,0.4936,True,False,False
8492,2005-02-27 12:00:00,1.4,955.0,706.0,888.0,884.0,616.0,12.6,30.6,0.446,True,False,False
8493,2005-02-27 13:00:00,1.8,943.0,714.0,898.0,868.0,609.0,10.3,32.9,0.4131,True,False,False
8494,2005-02-27 14:00:00,1.1,895.0,622.0,1012.0,804.0,471.0,10.0,35.5,0.4346,True,False,False
8495,2005-02-27 15:00:00,0.9,890.0,601.0,1053.0,803.0,391.0,8.8,40.0,0.4538,True,False,False
8496,2005-02-27 16:00:00,1.1,904.0,608.0,1033.0,807.0,398.0,8.3,40.3,0.4431,True,False,False
8497,2005-02-27 17:00:00,1.1,888.0,611.0,1035.0,791.0,419.0,7.9,38.9,0.4141,True,False,False
8498,2005-02-27 18:00:00,1.2,905.0,648.0,1007.0,822.0,509.0,6.8,41.0,0.4072,True,False,False
8499,2005-02-27 19:00:00,1.6,974.0,757.0,886.0,884.0,723.0,6.0,42.0,0.3962,True,False,False
8500,2005-02-27 20:00:00,2.6,1048.0,847.0,801.0,955.0,888.0,5.5,43.5,0.3963,True,False,False
8501,2005-02-27 21:00:00,1.5,895.0,660.0,975.0,826.0,596.0,4.6,46.8,0.4001,True,False,False
8502,2005-02-27 22:00:00,1.0,875.0,594.0,1079.0,793.0,451.0,4.5,48.0,0.4085,True,False,False
8503,2005-02-27 23:00:00,1.3,943.0,703.0,950.0,870.0,581.0,4.3,48.6,0.4069,True,False,False
8504,2005-02-28 00:00:00,1.6,947.0,697.0,913.0,878.0,698.0,4.0,50.0,0.4115,True,False,False
8505,2005-02-28 01:00:00,1.0,865.0,566.0,1119.0,797.0,423.0,4.0,52.9,0.4338,True,False,False
8506,2005-02-28 02:00:00,0.6,823.0,503.0,1268.0,755.0,332.0,4.0,51.0,0.42,True,False,False
8507,2005-02-28 03:00:00,0.4,798.0,452.0,1435.0,699.0,280.0,3.9,48.1,0.393,True,False,False
8508,2005-02-28 04:00:00,0.3,781.0,425.0,1609.0,667.0,261.0,3.8,48.0,0.3879,True,False,False
8509,2005-02-28 05:00:00,0.3,781.0,409.0,1664.0,669.0,252.0,3.6,50.3,0.4022,True,False,False
8510,2005-02-28 06:00:00,0.3,779.0,402.0,1665.0,684.0,257.0,2.8,52.6,0.3972,True,False,False
8511,2005-02-28 07:00:00,0.4,817.0,462.0,1378.0,732.0,308.0,2.5,52.7,0.3908,True,False,False
8512,2005-02-28 08:00:00,1.0,893.0,629.0,1015.0,837.0,456.0,2.7,50.5,0.3804,True,False,False
8513,2005-02-28 09:00:00,1.2,883.0,659.0,943.0,842.0,527.0,2.7,49.4,0.3714,True,False,False
8514,2005-02-28 10:00:00,1.0,839.0,608.0,1040.0,780.0,475.0,3.3,45.2,0.354,True,False,False
8515,2005-02-28 11:00:00,0.9,809.0,587.0,1084.0,744.0,434.0,3.1,43.3,0.3354,True,False,False
8516,2005-02-28 12:00:00,0.8,805.0,584.0,1137.0,726.0,385.0,3.7,38.8,0.3123,True,False,False
8517,2005-02-28 13:00:00,1.1,840.0,661.0,1016.0,757.0,435.0,4.0,36.8,0.3016,True,False,False
8518,2005-02-28 14:00:00,1.0,812.0,646.0,1045.0,731.0,421.0,3.7,35.0,0.2823,True,False,False
8519,2005-02-28 15:00:00,0.8,782.0,594.0,1134.0,673.0,371.0,3.4,32.4,0.2563,True,False,False
8520,2005-02-28 16:00:00,0.9,799.0,617.0,1099.0,699.0,382.0,3.3,33.1,0.2592,True,False,False
8521,2005-02-28 17:00:00,0.9,812.0,640.0,1093.0,716.0,408.0,2.6,35.1,0.2618,True,False,False
8522,2005-02-28 18:00:00,2.0,922.0,842.0,849.0,858.0,676.0,2.1,36.6,0.2634,True,False,False
8523,2005-02-28 19:00:00,2.4,938.0,903.0,790.0,885.0,798.0,1.6,37.9,0.2645,True,False,False
8524,2005-02-28 20:00:00,2.5,939.0,872.0,814.0,870.0,793.0,1.4,38.0,0.2615,True,False,False
8525,2005-02-28 21:00:00,1.6,827.0,687.0,1015.0,727.0,573.0,1.0,36.6,0.2456,True,False,False
8526,2005-02-28 22:00:00,0.9,776.0,580.0,1183.0,655.0,402.0,1.1,35.4,0.2382,True,False,False
8527,2005-02-28 23:00:00,0.7,755.0,538.0,1285.0,621.0,343.0,1.0,34.3,0.2292,True,False,False
8528,2005-03-01 00:00:00,0.6,766.0,515.0,1327.0,642.0,322.0,1.0,37.4,0.2487,True,False,False
8529,2005-03-01 01:00:00,0.6,762.0,487.0,1364.0,640.0,307.0,0.7,41.2,0.2693,True,False,False
8530,2005-03-01 02:00:00,0.4,736.0,453.0,1498.0,602.0,268.0,0.2,40.6,0.2566,True,False,False
8531,2005-03-01 03:00:00,0.2,715.0,387.0,1791.0,559.0,227.0,0.1,40.0,0.2499,True,False,False
8532,2005-03-01 04:00:00,0.2,716.0,390.0,1804.0,551.0,221.0,-0.1,37.5,0.2326,True,False,False
8533,2005-03-01 05:00:00,0.2,731.0,408.0,1727.0,561.0,225.0,-0.3,38.4,0.2347,True,False,False
8534,2005-03-01 06:00:00,0.2,735.0,407.0,1677.0,579.0,232.0,-0.6,40.1,0.2404,True,False,False
8535,2005-03-01 07:00:00,0.5,779.0,500.0,1361.0,652.0,313.0,-0.6,41.4,0.2478,True,False,False
8536,2005-03-01 08:00:00,1.5,915.0,774.0,911.0,839.0,629.0,-0.2,40.2,0.2478,True,False,False
8537,2005-03-01 09:00:00,1.9,905.0,818.0,853.0,840.0,790.0,0.6,36.8,0.2388,True,False,False
8538,2005-03-01 10:00:00,1.4,835.0,688.0,988.0,720.0,630.0,2.8,30.3,0.2294,True,False,False
8539,2005-03-01 11:00:00,0.9,798.0,609.0,1122.0,660.0,472.0,3.1,29.1,0.224,True,False,False
8540,2005-03-01 12:00:00,0.7,783.0,580.0,1181.0,647.0,378.0,3.3,29.2,0.2288,True,False,False
8541,2005-03-01 13:00:00,0.8,807.0,623.0,1097.0,684.0,384.0,3.1,31.0,0.2386,True,False,False
8542,2005-03-01 14:00:00,1.0,827.0,660.0,1030.0,709.0,426.0,3.2,30.8,0.2399,True,False,False
8543,2005-03-01 15:00:00,0.9,822.0,632.0,1074.0,701.0,442.0,3.3,31.5,0.2464,True,False,False
8544,2005-03-01 16:00:00,1.0,830.0,655.0,1045.0,710.0,467.0,4.1,28.6,0.2363,True,False,False
8545,2005-03-01 17:00:00,0.9,833.0,653.0,1073.0,708.0,448.0,3.9,29.2,0.2378,True,False,False
8546,2005-03-01 18:00:00,1.4,882.0,766.0,922.0,815.0,582.0,1.9,35.0,0.2494,True,False,False
8547,2005-03-01 19:00:00,2.1,967.0,880.0,815.0,887.0,892.0,1.8,35.4,0.2497,True,False,False
8548,2005-03-01 20:00:00,2.8,1009.0,958.0,751.0,935.0,1006.0,1.4,36.5,0.2503,True,False,False
8549,2005-03-01 21:00:00,2.2,911.0,777.0,913.0,796.0,852.0,0.8,36.3,0.2388,True,False,False
8550,2005-03-01 22:00:00,1.0,808.0,613.0,1137.0,672.0,543.0,0.6,34.1,0.221,True,False,False
8551,2005-03-01 23:00:00,1.1,812.0,621.0,1143.0,669.0,529.0,0.3,31.9,0.2031,True,False,False
8552,2005-03-02 00:00:00,0.9,790.0,597.0,1184.0,637.0,465.0,0.2,30.2,0.191,True,False,False
8553,2005-03-02 01:00:00,0.8,765.0,544.0,1253.0,601.0,405.0,0.0,29.7,0.1847,True,False,False
8554,2005-03-02 02:00:00,0.6,761.0,525.0,1307.0,605.0,332.0,-0.1,31.9,0.1975,True,False,False
8555,2005-03-02 03:00:00,0.5,788.0,486.0,1294.0,650.0,420.0,-1.1,41.4,0.2379,True,False,False
8556,2005-03-02 04:00:00,,790.0,471.0,1302.0,669.0,532.0,-1.4,44.9,0.2536,False,True,False
8557,2005-03-02 05:00:00,0.4,804.0,489.0,1262.0,698.0,630.0,-1.3,46.3,0.2635,True,False,False
8558,2005-03-02 06:00:00,0.5,831.0,537.0,1158.0,722.0,768.0,-1.2,47.2,0.27,True,False,False
8559,2005-03-02 07:00:00,0.7,881.0,680.0,1023.0,813.0,866.0,-1.3,47.5,0.2702,True,False,False
8560,2005-03-02 08:00:00,2.4,1099.0,1013.0,690.0,1056.0,1254.0,-1.9,51.4,0.2801,True,False,False
8561,2005-03-02 09:00:00,2.8,1100.0,1065.0,669.0,1072.0,1347.0,-0.5,45.9,0.2763,True,False,False
8562,2005-03-02 10:00:00,2.0,1042.0,910.0,774.0,922.0,1216.0,4.6,32.5,0.2783,True,False,False
8563,2005-03-02 11:00:00,2.2,1026.0,935.0,747.0,942.0,1151.0,7.5,24.3,0.2528,True,False,False
8564,2005-03-02 12:00:00,1.4,905.0,796.0,900.0,767.0,699.0,9.6,18.8,0.2246,True,False,False
8565,2005-03-02 13:00:00,1.2,891.0,790.0,927.0,764.0,584.0,9.3,18.4,0.2157,True,False,False
8566,2005-03-02 14:00:00,1.9,968.0,938.0,790.0,897.0,836.0,9.7,18.6,0.2244,True,False,False
8567,2005-03-02 15:00:00,1.3,909.0,826.0,898.0,802.0,626.0,10.1,16.7,0.2062,True,False,False
8568,2005-03-02 16:00:00,2.0,938.0,945.0,804.0,855.0,878.0,11.8,13.5,0.1862,True,False,False
8569,2005-03-02 17:00:00,2.0,971.0,917.0,802.0,885.0,952.0,11.6,15.3,0.2086,True,False,False
8570,2005-03-02 18:00:00,3.4,1148.0,1226.0,624.0,1126.0,1460.0,9.1,19.2,0.2225,True,False,False
8571,2005-03-02 19:00:00,5.1,1299.0,1384.0,523.0,1325.0,1855.0,7.2,25.6,0.2611,True,False,False
8572,2005-03-02 20:00:00,5.3,1315.0,1269.0,551.0,1282.0,1860.0,6.1,34.0,0.3237,True,False,False
8573,2005-03-02 21:00:00,2.8,1180.0,1020.0,656.0,1054.0,1629.0,5.1,36.4,0.323,True,False,False
8574,2005-03-02 22:00:00,1.6,1070.0,821.0,754.0,936.0,1454.0,4.8,39.6,0.344,True,False,False
8575,2005-03-02 23:00:00,1.4,1031.0,763.0,818.0,905.0,1348.0,5.0,39.6,0.3479,True,False,False
8576,2005-03-03 00:00:00,1.4,1047.0,778.0,799.0,907.0,1326.0,4.1,41.7,0.3456,True,False,False
8577,2005-03-03 01:00:00,1.4,1030.0,724.0,832.0,893.0,1285.0,4.4,43.3,0.3656,True,False,False
8578,2005-03-03 02:00:00,1.1,986.0,682.0,875.0,884.0,1205.0,3.8,45.9,0.3728,True,False,False
8579,2005-03-03 03:00:00,0.9,992.0,655.0,876.0,887.0,1220.0,3.6,49.7,0.396,True,False,False
8580,2005-03-03 04:00:00,1.0,1076.0,715.0,783.0,947.0,1448.0,3.4,56.3,0.4455,True,False,False
8581,2005-03-03 05:00:00,1.0,1104.0,713.0,754.0,1001.0,1433.0,2.9,67.9,0.5183,True,False,False
8582,2005-03-03 06:00:00,1.2,1160.0,770.0,702.0,1063.0,1447.0,2.8,74.1,0.5618,True,False,False
8583,2005-03-03 07:00:00,1.4,1217.0,846.0,650.0,1120.0,1481.0,2.9,75.6,0.5742,True,False,False
8584,2005-03-03 08:00:00,3.0,1457.0,1167.0,496.0,1422.0,1785.0,3.8,72.4,0.5867,True,False,False
8585,2005-03-03 09:00:00,4.2,1337.0,1212.0,529.0,1406.0,1756.0,5.9,50.2,0.4706,True,False,False
8586,2005-03-03 10:00:00,2.1,1111.0,931.0,687.0,1069.0,1368.0,7.3,39.4,0.4035,True,False,False
8587,2005-03-03 11:00:00,2.0,1165.0,852.0,692.0,1155.0,1197.0,3.6,75.9,0.6055,True,False,False
8588,2005-03-03 12:00:00,1.6,1129.0,783.0,757.0,1127.0,1084.0,3.6,78.6,0.6283,True,False,False
8589,2005-03-03 13:00:00,1.4,1092.0,759.0,773.0,1088.0,1039.0,5.3,69.2,0.6213,True,False,False
8590,2005-03-03 14:00:00,1.6,1096.0,777.0,767.0,1107.0,961.0,6.1,66.0,0.6255,True,False,False
8591,2005-03-03 15:00:00,1.5,1108.0,783.0,758.0,1115.0,964.0,6.0,70.1,0.6577,True,False,False
8592,2005-03-03 16:00:00,1.7,1124.0,787.0,740.0,1147.0,941.0,6.3,72.1,0.6907,True,False,False
8593,2005-03-03 17:00:00,1.9,1216.0,879.0,670.0,1252.0,1111.0,6.3,75.7,0.7252,True,False,False
8594,2005-03-03 18:00:00,3.8,1437.0,1202.0,507.0,1510.0,1459.0,5.6,80.4,0.7382,True,False,False
8595,2005-03-03 19:00:00,5.4,1473.0,1245.0,476.0,1539.0,1519.0,4.9,82.4,0.7201,True,False,False
8596,2005-03-03 20:00:00,4.2,1396.0,1164.0,508.0,1488.0,1412.0,4.3,84.0,0.7051,True,False,False
8597,2005-03-03 21:00:00,3.8,1285.0,1013.0,568.0,1331.0,1336.0,4.3,83.6,0.7025,True,False,False
8598,2005-03-03 22:00:00,2.3,1206.0,928.0,621.0,1235.0,1285.0,4.6,82.5,0.7066,True,False,False
8599,2005-03-03 23:00:00,2.1,1179.0,868.0,664.0,1205.0,1240.0,4.4,82.0,0.6938,True,False,False
8600,2005-03-04 00:00:00,2.3,1213.0,877.0,654.0,1206.0,1282.0,4.3,80.9,0.6791,True,False,False
8601,2005-03-04 01:00:00,2.3,1142.0,849.0,680.0,1173.0,1189.0,4.1,81.2,0.6721,True,False,False
8602,2005-03-04 02:00:00,1.7,1089.0,750.0,765.0,1108.0,1117.0,3.9,80.9,0.6613,True,False,False
8603,2005-03-04 03:00:00,1.2,982.0,617.0,891.0,977.0,1024.0,4.5,70.6,0.6004,True,False,False
8604,2005-03-04 04:00:00,0.6,888.0,526.0,1134.0,912.0,744.0,4.5,65.1,0.5547,True,False,False
8605,2005-03-04 05:00:00,0.9,979.0,602.0,925.0,993.0,928.0,4.0,75.2,0.6161,True,False,False
8606,2005-03-04 06:00:00,1.1,1023.0,690.0,833.0,1049.0,1006.0,3.7,76.4,0.6164,True,False,False
8607,2005-03-04 07:00:00,1.9,1153.0,878.0,682.0,1180.0,1173.0,3.1,77.3,0.5985,True,False,False
8608,2005-03-04 08:00:00,3.7,1393.0,1204.0,506.0,1497.0,1568.0,3.7,74.4,0.5992,True,False,False
8609,2005-03-04 09:00:00,6.1,1567.0,1502.0,399.0,1848.0,1913.0,5.0,69.4,0.6118,True,False,False
8610,2005-03-04 10:00:00,4.6,1334.0,1174.0,524.0,1432.0,1643.0,6.5,60.9,0.5919,True,False,False
8611,2005-03-04 11:00:00,3.3,1280.0,1165.0,533.0,1435.0,1605.0,7.6,59.8,0.6245,True,False,False
8612,2005-03-04 12:00:00,3.3,1330.0,1145.0,537.0,1399.0,1668.0,8.6,57.6,0.6471,True,False,False
8613,2005-03-04 13:00:00,3.4,1349.0,1193.0,507.0,1493.0,1710.0,10.9,52.4,0.6826,True,False,False
8614,2005-03-04 14:00:00,3.6,1349.0,1167.0,515.0,1443.0,1632.0,12.3,48.3,0.6871,True,False,False
8615,2005-03-04 15:00:00,3.9,1344.0,1182.0,525.0,1411.0,1545.0,12.5,43.4,0.6298,True,False,False
8616,2005-03-04 16:00:00,4.8,1337.0,1198.0,521.0,1401.0,1557.0,11.9,42.3,0.5902,True,False,False
8617,2005-03-04 17:00:00,3.9,1316.0,1177.0,544.0,1392.0,1529.0,12.3,41.2,0.5867,True,False,False
8618,2005-03-04 18:00:00,3.6,1253.0,1094.0,575.0,1327.0,1430.0,10.8,48.1,0.6235,True,False,False
8619,2005-03-04 19:00:00,3.6,1258.0,1144.0,558.0,1336.0,1509.0,8.9,52.5,0.5996,True,False,False
8620,2005-03-04 20:00:00,4.6,1326.0,1253.0,514.0,1479.0,1615.0,8.4,54.7,0.6057,True,False,False
8621,2005-03-04 21:00:00,2.3,1109.0,896.0,710.0,1132.0,1242.0,7.5,58.7,0.6112,True,False,False
8622,2005-03-04 22:00:00,1.6,1029.0,762.0,820.0,1049.0,1065.0,6.9,60.0,0.5977,True,False,False
8623,2005-03-04 23:00:00,1.8,1112.0,833.0,759.0,1104.0,1180.0,6.6,61.3,0.5995,True,False,False
8624,2005-03-05 00:00:00,2.2,1100.0,810.0,768.0,1070.0,1158.0,6.3,59.8,0.5761,True,False,False
8625,2005-03-05 01:00:00,2.1,1136.0,849.0,715.0,1132.0,1216.0,5.4,65.8,0.5935,True,False,False
8626,2005-03-05 02:00:00,1.7,1000.0,712.0,848.0,989.0,971.0,5.8,59.6,0.5523,True,False,False
8627,2005-03-05 03:00:00,1.5,1041.0,732.0,789.0,1003.0,1076.0,4.9,62.6,0.5477,True,False,False
8628,2005-03-05 04:00:00,,1009.0,710.0,819.0,974.0,1011.0,4.4,63.9,0.5385,False,True,False
8629,2005-03-05 05:00:00,1.1,975.0,681.0,889.0,948.0,813.0,4.2,62.5,0.5191,True,False,False
8630,2005-03-05 06:00:00,1.1,993.0,727.0,810.0,989.0,1001.0,3.1,68.6,0.5302,True,False,False
8631,2005-03-05 07:00:00,0.8,872.0,587.0,1082.0,866.0,655.0,4.6,54.6,0.4682,True,False,False
8632,2005-03-05 08:00:00,1.3,1017.0,818.0,842.0,1034.0,933.0,5.0,54.5,0.4788,True,False,False
8633,2005-03-05 09:00:00,2.3,1070.0,928.0,701.0,1112.0,1088.0,7.0,48.1,0.4847,True,False,False
8634,2005-03-05 10:00:00,1.1,915.0,658.0,957.0,866.0,562.0,10.0,37.7,0.4643,True,False,False
8635,2005-03-05 11:00:00,1.1,978.0,772.0,870.0,955.0,586.0,13.0,30.3,0.452,True,False,False
8636,2005-03-05 12:00:00,1.5,968.0,777.0,830.0,929.0,617.0,14.0,28.1,0.4476,True,False,False
8637,2005-03-05 13:00:00,1.6,1008.0,843.0,787.0,998.0,705.0,13.3,28.9,0.4399,True,False,False
8638,2005-03-05 14:00:00,2.2,1025.0,913.0,724.0,1035.0,814.0,13.4,29.0,0.4436,True,False,False
8639,2005-03-05 15:00:00,1.5,983.0,806.0,820.0,966.0,615.0,13.5,28.3,0.4374,True,False,False
8640,2005-03-05 16:00:00,1.8,1018.0,868.0,751.0,1015.0,804.0,13.0,29.7,0.442,True,False,False
8641,2005-03-05 17:00:00,2.0,1101.0,916.0,721.0,1125.0,861.0,11.6,38.7,0.5271,True,False,False
8642,2005-03-05 18:00:00,1.9,1116.0,888.0,695.0,1176.0,980.0,8.6,56.3,0.6312,True,False,False
8643,2005-03-05 19:00:00,2.5,1161.0,945.0,654.0,1205.0,1077.0,8.5,57.9,0.6435,True,False,False
8644,2005-03-05 20:00:00,2.6,1212.0,1010.0,622.0,1284.0,1214.0,7.8,63.4,0.6735,True,False,False
8645,2005-03-05 21:00:00,3.2,1225.0,985.0,635.0,1255.0,1169.0,7.2,69.5,0.7084,True,False,False
8646,2005-03-05 22:00:00,2.2,1154.0,891.0,697.0,1197.0,1079.0,6.5,74.7,0.7248,True,False,False
8647,2005-03-05 23:00:00,1.9,1140.0,856.0,707.0,1171.0,1147.0,6.5,73.9,0.7224,True,False,False
8648,2005-03-06 00:00:00,2.4,1201.0,949.0,665.0,1220.0,1260.0,6.8,72.1,0.7143,True,False,False
8649,2005-03-06 01:00:00,1.8,1011.0,742.0,842.0,998.0,929.0,7.0,60.0,0.6055,True,False,False
8650,2005-03-06 02:00:00,0.9,867.0,590.0,1088.0,826.0,465.0,7.2,47.8,0.487,True,False,False
8651,2005-03-06 03:00:00,0.8,856.0,545.0,1166.0,803.0,398.0,7.2,47.3,0.483,True,False,False
8652,2005-03-06 04:00:00,0.7,859.0,527.0,1203.0,810.0,342.0,6.8,52.9,0.5245,True,False,False
8653,2005-03-06 05:00:00,0.6,859.0,479.0,1285.0,822.0,313.0,5.8,65.0,0.6029,True,False,False
8654,2005-03-06 06:00:00,0.5,842.0,454.0,1433.0,788.0,292.0,5.8,59.4,0.5502,True,False,False
8655,2005-03-06 07:00:00,0.6,856.0,505.0,1246.0,833.0,367.0,5.5,58.3,0.529,True,False,False
8656,2005-03-06 08:00:00,0.6,867.0,500.0,1219.0,818.0,387.0,5.9,54.8,0.5119,True,False,False
8657,2005-03-06 09:00:00,0.7,877.0,541.0,1148.0,829.0,399.0,7.3,48.7,0.5007,True,False,False
8658,2005-03-06 10:00:00,0.7,869.0,535.0,1162.0,783.0,376.0,9.4,39.9,0.4707,True,False,False
8659,2005-03-06 11:00:00,0.9,900.0,582.0,1081.0,792.0,377.0,11.2,33.8,0.449,True,False,False
8660,2005-03-06 12:00:00,1.0,899.0,603.0,1055.0,782.0,379.0,12.3,29.9,0.4255,True,False,False
8661,2005-03-06 13:00:00,1.0,895.0,624.0,1002.0,787.0,387.0,14.8,23.7,0.3945,True,False,False
8662,2005-03-06 14:00:00,1.4,992.0,844.0,830.0,990.0,552.0,13.1,26.6,0.399,True,False,False
8663,2005-03-06 15:00:00,3.0,1104.0,1095.0,609.0,1210.0,930.0,13.3,25.7,0.3914,True,False,False
8664,2005-03-06 16:00:00,1.5,933.0,711.0,912.0,850.0,554.0,12.0,27.7,0.3885,True,False,False
8665,2005-03-06 17:00:00,1.7,973.0,778.0,839.0,916.0,723.0,11.5,30.1,0.4067,True,False,False
8666,2005-03-06 18:00:00,2.3,1069.0,923.0,735.0,1036.0,875.0,10.1,33.2,0.4115,True,False,False
8667,2005-03-06 19:00:00,2.5,1055.0,821.0,797.0,942.0,949.0,8.6,38.1,0.4282,True,False,False
8668,2005-03-06 20:00:00,2.1,1032.0,778.0,834.0,926.0,869.0,8.0,41.2,0.4433,True,False,False
8669,2005-03-06 21:00:00,1.5,982.0,714.0,879.0,905.0,747.0,7.5,43.8,0.4551,True,False,False
8670,2005-03-06 22:00:00,1.4,968.0,680.0,918.0,891.0,740.0,6.8,46.9,0.465,True,False,False
8671,2005-03-06 23:00:00,1.4,979.0,718.0,883.0,903.0,807.0,6.1,46.3,0.4394,True,False,False
8672,2005-03-07 00:00:00,1.4,935.0,666.0,939.0,836.0,653.0,5.6,45.5,0.4187,True,False,False
8673,2005-03-07 01:00:00,1.2,942.0,666.0,960.0,848.0,553.0,5.4,48.8,0.4393,True,False,False
8674,2005-03-07 02:00:00,0.9,883.0,561.0,1080.0,785.0,412.0,5.1,51.2,0.4534,True,False,False
8675,2005-03-07 03:00:00,0.6,841.0,470.0,1311.0,708.0,289.0,5.3,51.0,0.4563,True,False,False
8676,2005-03-07 04:00:00,0.4,843.0,443.0,1490.0,730.0,262.0,5.2,57.2,0.5094,True,False,False
8677,2005-03-07 05:00:00,0.4,872.0,460.0,1359.0,755.0,288.0,4.5,63.1,0.5381,True,False,False
8678,2005-03-07 06:00:00,0.5,862.0,474.0,1312.0,753.0,310.0,5.2,54.5,0.486,True,False,False
8679,2005-03-07 07:00:00,0.7,917.0,562.0,1099.0,827.0,418.0,5.6,51.3,0.4712,True,False,False
8680,2005-03-07 08:00:00,1.5,1022.0,771.0,812.0,941.0,769.0,5.9,45.4,0.4244,True,False,False
8681,2005-03-07 09:00:00,1.9,1022.0,837.0,755.0,978.0,881.0,6.9,41.3,0.4145,True,False,False
8682,2005-03-07 10:00:00,1.6,961.0,789.0,839.0,910.0,816.0,8.6,34.2,0.3834,True,False,False
8683,2005-03-07 11:00:00,1.4,912.0,731.0,912.0,811.0,684.0,9.6,27.7,0.3308,True,False,False
8684,2005-03-07 12:00:00,1.3,896.0,731.0,911.0,799.0,627.0,10.6,25.3,0.3224,True,False,False
8685,2005-03-07 13:00:00,1.3,890.0,726.0,921.0,779.0,523.0,10.2,25.6,0.3181,True,False,False
8686,2005-03-07 14:00:00,1.2,891.0,740.0,919.0,788.0,502.0,10.0,25.2,0.3079,True,False,False
8687,2005-03-07 15:00:00,1.3,894.0,737.0,913.0,805.0,604.0,9.7,25.7,0.3088,True,False,False
8688,2005-03-07 16:00:00,1.4,907.0,753.0,886.0,819.0,682.0,9.7,26.8,0.3226,True,False,False
8689,2005-03-07 17:00:00,1.7,973.0,827.0,825.0,888.0,846.0,9.4,27.3,0.3216,True,False,False
8690,2005-03-07 18:00:00,2.5,1035.0,961.0,726.0,985.0,1027.0,7.9,28.0,0.2999,True,False,False
8691,2005-03-07 19:00:00,3.8,1146.0,1147.0,621.0,1148.0,1315.0,6.9,30.7,0.3066,True,False,False
8692,2005-03-07 20:00:00,4.2,1176.0,1162.0,600.0,1137.0,1363.0,6.1,33.3,0.3152,True,False,False
8693,2005-03-07 21:00:00,2.8,1057.0,935.0,720.0,982.0,1236.0,5.0,37.4,0.329,True,False,False
8694,2005-03-07 22:00:00,1.5,974.0,763.0,861.0,865.0,1076.0,4.2,40.9,0.3417,True,False,False
8695,2005-03-07 23:00:00,1.8,1044.0,834.0,781.0,924.0,1200.0,3.9,43.5,0.3538,True,False,False
8696,2005-03-08 00:00:00,1.5,988.0,734.0,860.0,868.0,1081.0,3.0,47.7,0.3658,True,False,False
8697,2005-03-08 01:00:00,1.5,1016.0,781.0,799.0,918.0,1174.0,2.5,52.1,0.3855,True,False,False
8698,2005-03-08 02:00:00,1.2,929.0,659.0,920.0,851.0,1033.0,2.0,53.5,0.3831,True,False,False
8699,2005-03-08 03:00:00,0.8,876.0,576.0,1040.0,815.0,900.0,1.0,56.7,0.3803,True,False,False
8700,2005-03-08 04:00:00,,872.0,558.0,1054.0,807.0,853.0,0.5,59.4,0.3841,False,True,False
8701,2005-03-08 05:00:00,0.7,888.0,574.0,1035.0,820.0,886.0,1.4,56.8,0.3903,True,False,False
8702,2005-03-08 06:00:00,0.7,927.0,638.0,949.0,846.0,949.0,0.9,58.4,0.388,True,False,False
8703,2005-03-08 07:00:00,1.3,991.0,786.0,817.0,931.0,1037.0,0.3,61.0,0.3881,True,False,False
8704,2005-03-08 08:00:00,3.4,1317.0,1247.0,558.0,1360.0,1571.0,0.9,59.1,0.3913,True,False,False
8705,2005-03-08 09:00:00,5.5,1402.0,1462.0,449.0,1599.0,1885.0,4.1,47.9,0.3959,True,False,False
8706,2005-03-08 10:00:00,4.1,1222.0,1188.0,554.0,1265.0,1683.0,7.7,34.6,0.3652,True,False,False
8707,2005-03-08 11:00:00,3.0,1109.0,1060.0,650.0,1091.0,1412.0,10.9,25.7,0.3341,True,False,False
8708,2005-03-08 12:00:00,1.9,959.0,875.0,797.0,864.0,1006.0,13.7,17.4,0.2715,True,False,False
8709,2005-03-08 13:00:00,1.8,964.0,902.0,780.0,882.0,855.0,14.0,16.8,0.2672,True,False,False
8710,2005-03-08 14:00:00,2.1,1006.0,1006.0,705.0,988.0,964.0,14.1,17.0,0.2729,True,False,False
8711,2005-03-08 15:00:00,2.3,1002.0,968.0,732.0,920.0,886.0,15.0,15.8,0.2678,True,False,False
8712,2005-03-08 16:00:00,2.3,997.0,975.0,739.0,926.0,947.0,16.5,14.9,0.2775,True,False,False
8713,2005-03-08 17:00:00,2.0,1019.0,964.0,729.0,957.0,984.0,15.8,16.7,0.2972,True,False,False
8714,2005-03-08 18:00:00,3.1,1192.0,1196.0,581.0,1222.0,1450.0,13.2,23.9,0.3597,True,False,False
8715,2005-03-08 19:00:00,5.1,1399.0,1387.0,487.0,1499.0,1837.0,11.0,33.8,0.4436,True,False,False
8716,2005-03-08 20:00:00,5.9,1419.0,1408.0,466.0,1531.0,1899.0,9.5,39.0,0.4644,True,False,False
8717,2005-03-08 21:00:00,3.2,1250.0,1094.0,600.0,1198.0,1629.0,8.5,42.4,0.4716,True,False,False
8718,2005-03-08 22:00:00,2.4,1156.0,916.0,687.0,1055.0,1490.0,7.5,44.0,0.4564,True,False,False
8719,2005-03-08 23:00:00,1.4,1064.0,783.0,785.0,954.0,1319.0,6.6,46.0,0.4505,True,False,False
8720,2005-03-09 00:00:00,1.4,1066.0,771.0,795.0,949.0,1247.0,5.5,49.6,0.4526,True,False,False
8721,2005-03-09 01:00:00,1.3,1031.0,741.0,821.0,927.0,1144.0,4.9,52.2,0.4567,True,False,False
8722,2005-03-09 02:00:00,1.0,973.0,663.0,889.0,887.0,1014.0,4.6,53.5,0.4584,True,False,False
8723,2005-03-09 03:00:00,0.8,937.0,600.0,985.0,873.0,885.0,4.7,53.1,0.4589,True,False,False
8724,2005-03-09 04:00:00,0.8,930.0,616.0,969.0,893.0,875.0,3.8,56.8,0.4614,True,False,False
8725,2005-03-09 05:00:00,0.9,949.0,640.0,902.0,909.0,971.0,2.3,63.5,0.463,True,False,False
8726,2005-03-09 06:00:00,0.9,979.0,707.0,851.0,959.0,1048.0,2.0,64.9,0.4657,True,False,False
8727,2005-03-09 07:00:00,1.7,1094.0,865.0,708.0,1061.0,1223.0,2.0,65.3,0.4688,True,False,False
8728,2005-03-09 08:00:00,4.3,1450.0,1322.0,490.0,1497.0,1756.0,3.3,61.6,0.4829,True,False,False
8729,2005-03-09 09:00:00,6.0,1508.0,1479.0,419.0,1685.0,2014.0,5.7,52.5,0.4851,True,False,False
8730,2005-03-09 10:00:00,3.8,1374.0,1255.0,504.0,1375.0,1855.0,8.3,43.5,0.4774,True,False,False
8731,2005-03-09 11:00:00,3.3,1308.0,1117.0,549.0,1261.0,1795.0,10.5,38.9,0.4926,True,False,False
8732,2005-03-09 12:00:00,2.3,1249.0,996.0,593.0,1198.0,1575.0,14.5,33.4,0.5488,True,False,False
8733,2005-03-09 13:00:00,2.4,1282.0,1023.0,573.0,1305.0,1461.0,15.7,34.6,0.6147,True,False,False
8734,2005-03-09 14:00:00,2.2,1253.0,988.0,589.0,1292.0,1314.0,16.1,36.3,0.6593,True,False,False
8735,2005-03-09 15:00:00,1.9,1222.0,924.0,612.0,1216.0,1147.0,17.3,34.5,0.6728,True,False,False
8736,2005-03-09 16:00:00,1.7,1201.0,882.0,638.0,1189.0,948.0,17.6,34.1,0.6781,True,False,False
8737,2005-03-09 17:00:00,1.9,1238.0,985.0,592.0,1271.0,1252.0,18.0,33.1,0.6779,True,False,False
8738,2005-03-09 18:00:00,3.8,1434.0,1234.0,476.0,1520.0,1676.0,14.6,41.0,0.6792,True,False,False
8739,2005-03-09 19:00:00,5.3,1573.0,1436.0,407.0,1747.0,2056.0,12.8,46.2,0.6794,True,False,False
8740,2005-03-09 20:00:00,5.9,1552.0,1413.0,407.0,1724.0,2088.0,11.5,53.9,0.7312,True,False,False
8741,2005-03-09 21:00:00,5.5,1510.0,1297.0,458.0,1606.0,1945.0,10.6,58.8,0.7512,True,False,False
8742,2005-03-09 22:00:00,2.0,1165.0,870.0,671.0,1181.0,1482.0,9.7,60.0,0.7238,True,False,False
8743,2005-03-09 23:00:00,1.8,1177.0,837.0,670.0,1161.0,1448.0,8.3,64.2,0.7071,True,False,False
8744,2005-03-10 00:00:00,1.6,1135.0,800.0,705.0,1130.0,1304.0,7.8,65.5,0.6961,True,False,False
8745,2005-03-10 01:00:00,1.3,1070.0,739.0,767.0,1070.0,1186.0,7.5,65.9,0.6868,True,False,False
8746,2005-03-10 02:00:00,1.1,1034.0,715.0,801.0,1067.0,1051.0,6.1,72.1,0.6847,True,False,False
8747,2005-03-10 03:00:00,1.1,1014.0,731.0,784.0,1062.0,1038.0,4.6,78.2,0.6684,True,False,False
8748,2005-03-10 04:00:00,1.0,988.0,673.0,838.0,1034.0,969.0,4.0,80.9,0.667,True,False,False
8749,2005-03-10 05:00:00,0.8,975.0,668.0,874.0,1020.0,951.0,4.2,79.1,0.6611,True,False,False
8750,2005-03-10 06:00:00,0.9,984.0,681.0,852.0,1020.0,970.0,5.3,73.2,0.6577,True,False,False
8751,2005-03-10 07:00:00,1.3,1092.0,831.0,720.0,1143.0,1090.0,4.3,76.1,0.6395,True,False,False
8752,2005-03-10 08:00:00,4.1,1454.0,1299.0,457.0,1606.0,1673.0,4.8,74.6,0.647,True,False,False
8753,2005-03-10 09:00:00,3.9,1446.0,1328.0,439.0,1620.0,1833.0,7.5,64.5,0.6702,True,False,False
8754,2005-03-10 10:00:00,3.5,1316.0,1105.0,511.0,1372.0,1828.0,11.7,49.3,0.6772,True,False,False
8755,2005-03-10 11:00:00,2.7,1283.0,1039.0,549.0,1308.0,1724.0,14.7,41.2,0.6857,True,False,False
8756,2005-03-10 12:00:00,2.3,1223.0,999.0,578.0,1258.0,1547.0,17.4,33.2,0.6535,True,False,False
8757,2005-03-10 13:00:00,2.3,1176.0,969.0,612.0,1196.0,1300.0,18.8,26.2,0.5637,True,False,False
8758,2005-03-10 14:00:00,2.1,1041.0,945.0,692.0,1082.0,1000.0,19.1,18.1,0.3955,True,False,False
8759,2005-03-10 15:00:00,2.2,1008.0,946.0,705.0,1016.0,942.0,19.5,15.3,0.3431,True,False,False
8760,2005-03-10 16:00:00,1.8,962.0,807.0,821.0,901.0,745.0,20.2,14.4,0.337,True,False,False
8761,2005-03-10 17:00:00,1.9,1048.0,925.0,721.0,1022.0,941.0,19.8,16.0,0.3632,True,False,False
8762,2005-03-10 18:00:00,2.7,1145.0,1074.0,593.0,1186.0,1232.0,16.5,21.6,0.4012,True,False,False
8763,2005-03-10 19:00:00,4.7,1198.0,1291.0,531.0,1295.0,1527.0,14.5,18.3,0.2996,True,False,False
8764,2005-03-10 20:00:00,5.4,1319.0,1399.0,497.0,1458.0,1746.0,12.8,22.8,0.3364,True,False,False
8765,2005-03-10 21:00:00,4.2,1274.0,1136.0,547.0,1233.0,1741.0,11.5,35.9,0.4862,True,False,False
8766,2005-03-10 22:00:00,2.1,1085.0,882.0,705.0,985.0,1433.0,9.5,34.6,0.411,True,False,False
8767,2005-03-10 23:00:00,1.4,1017.0,760.0,806.0,922.0,1235.0,8.3,38.2,0.4203,True,False,False
8768,2005-03-11 00:00:00,1.4,1039.0,774.0,786.0,949.0,1173.0,7.7,41.7,0.4387,True,False,False
8769,2005-03-11 01:00:00,1.4,1027.0,751.0,798.0,936.0,1171.0,6.8,44.9,0.4472,True,False,False
8770,2005-03-11 02:00:00,1.0,952.0,662.0,905.0,887.0,1024.0,5.7,49.4,0.4551,True,False,False
8771,2005-03-11 03:00:00,0.8,930.0,609.0,968.0,864.0,928.0,5.7,50.1,0.4629,True,False,False
8772,2005-03-11 04:00:00,,942.0,665.0,923.0,912.0,956.0,4.4,56.4,0.4761,False,True,False
8773,2005-03-11 05:00:00,0.7,897.0,594.0,999.0,870.0,871.0,4.9,55.2,0.4807,True,False,False
8774,2005-03-11 06:00:00,0.6,928.0,631.0,985.0,908.0,884.0,4.5,56.3,0.48,True,False,False
8775,2005-03-11 07:00:00,0.2,987.0,738.0,833.0,957.0,1010.0,3.8,59.7,0.4839,True,False,False
8776,2005-03-11 08:00:00,1.5,1272.0,1111.0,563.0,1279.0,1416.0,4.3,58.6,0.4915,True,False,False
8777,2005-03-11 09:00:00,3.5,1452.0,1370.0,445.0,1581.0,1817.0,7.1,50.0,0.5067,True,False,False
8778,2005-03-11 10:00:00,3.0,1415.0,1278.0,483.0,1399.0,1870.0,11.1,38.4,0.5066,True,False,False
8779,2005-03-11 11:00:00,3.0,,,,,,,,,False,False,True
8780,2005-03-11 12:00:00,1.0,1203.0,951.0,618.0,1162.0,1305.0,17.2,30.6,0.5949,True,False,False
8781,2005-03-11 13:00:00,1.5,1258.0,1052.0,551.0,1297.0,1205.0,17.8,33.3,0.6741,True,False,False
8782,2005-03-11 14:00:00,2.2,1328.0,1123.0,508.0,1404.0,1339.0,18.8,31.8,0.6853,True,False,False
8783,2005-03-11 15:00:00,1.7,1260.0,1059.0,544.0,1319.0,1161.0,19.3,29.9,0.6604,True,False,False
8784,2005-03-11 16:00:00,1.1,1201.0,985.0,585.0,1252.0,996.0,18.8,31.5,0.6752,True,False,False
8785,2005-03-11 17:00:00,1.3,1161.0,992.0,601.0,1211.0,906.0,18.2,28.1,0.5817,True,False,False
8786,2005-03-11 18:00:00,1.5,1254.0,1112.0,533.0,1349.0,1161.0,16.0,35.3,0.6356,True,False,False
8787,2005-03-11 19:00:00,3.4,1452.0,1381.0,428.0,1661.0,1695.0,13.8,43.6,0.6825,True,False,False
8788,2005-03-11 20:00:00,3.8,1438.0,1374.0,435.0,1640.0,1705.0,12.9,48.8,0.725,True,False,False
8789,2005-03-11 21:00:00,2.8,1273.0,1096.0,553.0,1350.0,1379.0,12.8,49.3,0.7277,True,False,False
8790,2005-03-11 22:00:00,0.8,1096.0,850.0,690.0,1146.0,943.0,12.2,50.9,0.7202,True,False,False
8791,2005-03-11 23:00:00,0.5,1151.0,813.0,702.0,1156.0,1073.0,10.6,55.9,0.7138,True,False,False
8792,2005-03-12 00:00:00,1.0,1189.0,797.0,688.0,1157.0,1213.0,10.3,55.9,0.7014,True,False,False
8793,2005-03-12 01:00:00,0.4,1078.0,704.0,765.0,1077.0,898.0,10.2,55.8,0.6927,True,False,False
8794,2005-03-12 02:00:00,0.4,1152.0,759.0,706.0,1113.0,1094.0,10.0,57.3,0.7015,True,False,False
8795,2005-03-12 03:00:00,0.3,1128.0,740.0,705.0,1113.0,1064.0,10.2,57.9,0.7191,True,False,False
8796,2005-03-12 04:00:00,,1015.0,608.0,873.0,1027.0,655.0,10.3,59.4,0.7459,False,True,False
8797,2005-03-12 05:00:00,,979.0,547.0,952.0,1039.0,470.0,9.8,68.9,0.8329,False,True,False
8798,2005-03-12 06:00:00,,972.0,542.0,1029.0,1056.0,443.0,9.2,75.3,0.8764,False,True,False
8799,2005-03-12 07:00:00,,992.0,565.0,912.0,1074.0,547.0,9.4,73.1,0.8621,False,True,False
8800,2005-03-12 08:00:00,0.1,1053.0,671.0,807.0,1137.0,570.0,10.6,66.1,0.8444,True,False,False
8801,2005-03-12 09:00:00,0.2,1140.0,800.0,679.0,1209.0,782.0,12.6,58.5,0.8517,True,False,False
8802,2005-03-12 10:00:00,0.6,1136.0,822.0,653.0,1184.0,744.0,15.0,48.6,0.8253,True,False,False
8803,2005-03-12 11:00:00,0.7,1180.0,846.0,646.0,1206.0,791.0,14.2,51.5,0.8313,True,False,False
8804,2005-03-12 12:00:00,0.6,1131.0,792.0,678.0,1177.0,749.0,15.1,48.6,0.8266,True,False,False
8805,2005-03-12 13:00:00,0.3,1083.0,804.0,702.0,1105.0,615.0,18.0,35.4,0.7233,True,False,False
8806,2005-03-12 14:00:00,0.5,1120.0,859.0,640.0,1167.0,681.0,17.9,35.3,0.7184,True,False,False
8807,2005-03-12 15:00:00,0.2,1038.0,699.0,765.0,1042.0,515.0,17.7,35.0,0.7014,True,False,False
8808,2005-03-12 16:00:00,0.4,1096.0,788.0,699.0,1115.0,583.0,17.6,35.5,0.7065,True,False,False
8809,2005-03-12 17:00:00,0.7,1126.0,881.0,648.0,1140.0,728.0,17.5,34.1,0.6775,True,False,False
8810,2005-03-12 18:00:00,0.9,1153.0,910.0,622.0,1208.0,827.0,15.6,40.0,0.7018,True,False,False
8811,2005-03-12 19:00:00,0.8,1177.0,878.0,641.0,1224.0,844.0,14.0,47.8,0.7582,True,False,False
8812,2005-03-12 20:00:00,2.4,1383.0,1119.0,522.0,1415.0,1310.0,13.2,51.4,0.776,True,False,False
8813,2005-03-12 21:00:00,3.3,1363.0,1064.0,536.0,1350.0,1353.0,12.0,56.1,0.7832,True,False,False
8814,2005-03-12 22:00:00,0.9,1087.0,803.0,699.0,1130.0,907.0,11.6,54.7,0.7454,True,False,False
8815,2005-03-12 23:00:00,0.1,1028.0,703.0,783.0,1070.0,646.0,12.0,53.3,0.7472,True,False,False
8816,2005-03-13 00:00:00,0.1,1017.0,641.0,892.0,1044.0,482.0,12.5,55.4,0.7999,True,False,False
8817,2005-03-13 01:00:00,0.1,1050.0,660.0,860.0,1071.0,526.0,12.3,56.0,0.7958,True,False,False
8818,2005-03-13 02:00:00,0.2,1023.0,672.0,819.0,1069.0,595.0,12.4,53.4,0.7669,True,False,False
8819,2005-03-13 03:00:00,,940.0,583.0,942.0,991.0,416.0,12.7,51.8,0.7574,False,True,False
8820,2005-03-13 04:00:00,,963.0,617.0,902.0,1006.0,398.0,13.2,49.7,0.7503,False,True,False
8821,2005-03-13 05:00:00,,971.0,585.0,928.0,1004.0,394.0,12.3,55.9,0.7966,False,True,False
8822,2005-03-13 06:00:00,,887.0,488.0,1184.0,908.0,312.0,13.3,50.1,0.7624,False,True,False
8823,2005-03-13 07:00:00,,944.0,551.0,1063.0,985.0,381.0,12.3,51.8,0.7384,False,True,False
8824,2005-03-13 08:00:00,,970.0,592.0,909.0,1018.0,509.0,12.9,50.4,0.7448,False,True,False
8825,2005-03-13 09:00:00,0.1,1034.0,651.0,861.0,1060.0,601.0,12.9,49.9,0.7406,True,False,False
8826,2005-03-13 10:00:00,0.3,1160.0,765.0,711.0,1134.0,962.0,13.9,47.3,0.7479,True,False,False
8827,2005-03-13 11:00:00,1.0,1283.0,887.0,607.0,1238.0,1231.0,13.5,51.6,0.7931,True,False,False
8828,2005-03-13 12:00:00,1.6,1387.0,981.0,535.0,1368.0,1396.0,13.2,56.2,0.8499,True,False,False
8829,2005-03-13 13:00:00,1.4,1325.0,921.0,570.0,1345.0,1297.0,14.2,57.8,0.9292,True,False,False
8830,2005-03-13 14:00:00,0.3,1057.0,641.0,803.0,1103.0,616.0,17.2,46.2,0.8989,True,False,False
8831,2005-03-13 15:00:00,0.1,1078.0,668.0,855.0,1109.0,509.0,19.9,36.6,0.8406,True,False,False
8832,2005-03-13 16:00:00,0.3,1159.0,762.0,742.0,1158.0,590.0,19.7,37.1,0.8399,True,False,False
8833,2005-03-13 17:00:00,0.5,1195.0,795.0,710.0,1157.0,718.0,19.0,37.4,0.8122,True,False,False
8834,2005-03-13 18:00:00,0.8,1217.0,861.0,642.0,1234.0,898.0,16.4,43.5,0.8055,True,False,False
8835,2005-03-13 19:00:00,3.2,1542.0,1200.0,469.0,1520.0,1577.0,15.1,49.8,0.8458,True,False,False
8836,2005-03-13 20:00:00,2.8,1407.0,1066.0,525.0,1397.0,1560.0,14.8,51.0,0.8507,True,False,False
8837,2005-03-13 21:00:00,1.0,1189.0,837.0,665.0,1204.0,1208.0,14.6,51.6,0.8508,True,False,False
8838,2005-03-13 22:00:00,0.9,1208.0,911.0,613.0,1245.0,1244.0,13.7,52.1,0.8121,True,False,False
8839,2005-03-13 23:00:00,0.9,1207.0,861.0,649.0,1217.0,1181.0,13.2,55.6,0.8412,True,False,False
8840,2005-03-14 00:00:00,0.4,1056.0,699.0,787.0,1085.0,828.0,13.2,55.9,0.8465,True,False,False
8841,2005-03-14 01:00:00,0.4,1128.0,771.0,733.0,1178.0,923.0,11.7,62.1,0.8535,True,False,False
8842,2005-03-14 02:00:00,0.3,1119.0,778.0,705.0,1187.0,1096.0,9.9,68.9,0.8388,True,False,False
8843,2005-03-14 03:00:00,0.1,1077.0,701.0,761.0,1122.0,1106.0,9.8,68.0,0.8227,True,False,False
8844,2005-03-14 04:00:00,,1036.0,636.0,845.0,1084.0,976.0,8.9,71.9,0.8202,False,True,False
8845,2005-03-14 05:00:00,0.8,1016.0,647.0,824.0,1090.0,937.0,8.4,74.5,0.8241,True,False,False
8846,2005-03-14 06:00:00,1.0,1103.0,730.0,735.0,1139.0,1049.0,9.2,71.0,0.8299,True,False,False
8847,2005-03-14 07:00:00,1.6,1176.0,880.0,634.0,1257.0,1180.0,9.9,67.6,0.8239,True,False,False
8848,2005-03-14 08:00:00,3.5,1430.0,1169.0,481.0,1543.0,1514.0,10.8,64.4,0.8328,True,False,False
8849,2005-03-14 09:00:00,4.0,1572.0,1374.0,411.0,1763.0,1771.0,11.7,61.7,0.8483,True,False,False
8850,2005-03-14 10:00:00,3.5,1243.0,1006.0,572.0,1349.0,1395.0,13.7,51.9,0.8106,True,False,False
8851,2005-03-14 11:00:00,1.6,1101.0,817.0,707.0,1157.0,1024.0,16.3,43.5,0.7988,True,False,False
8852,2005-03-14 12:00:00,1.5,1103.0,857.0,681.0,1182.0,946.0,17.9,38.8,0.7883,True,False,False
8853,2005-03-14 13:00:00,1.5,1116.0,859.0,670.0,1197.0,864.0,19.3,35.5,0.7876,True,False,False
8854,2005-03-14 14:00:00,1.7,1141.0,904.0,646.0,1249.0,889.0,20.1,32.9,0.7672,True,False,False
8855,2005-03-14 15:00:00,1.6,1151.0,885.0,660.0,1222.0,903.0,20.0,33.0,0.7625,True,False,False
8856,2005-03-14 16:00:00,2.4,1263.0,1008.0,597.0,1308.0,1121.0,20.2,32.2,0.7526,True,False,False
8857,2005-03-14 17:00:00,3.4,1324.0,1128.0,540.0,1441.0,1319.0,18.9,34.4,0.7436,True,False,False
8858,2005-03-14 18:00:00,5.4,1533.0,1439.0,416.0,1799.0,1829.0,17.9,37.6,0.7624,True,False,False
8859,2005-03-14 19:00:00,6.5,1626.0,1531.0,371.0,1937.0,2000.0,16.7,43.4,0.8168,True,False,False
8860,2005-03-14 20:00:00,6.5,1639.0,1510.0,378.0,1904.0,2001.0,15.9,47.9,0.8573,True,False,False
8861,2005-03-14 21:00:00,4.0,1346.0,1124.0,502.0,1490.0,1598.0,15.3,52.6,0.906,True,False,False
8862,2005-03-14 22:00:00,2.1,1218.0,914.0,597.0,1291.0,1383.0,13.7,58.5,0.9146,True,False,False
8863,2005-03-14 23:00:00,1.6,1166.0,880.0,631.0,1280.0,1238.0,12.7,62.8,0.9198,True,False,False
8864,2005-03-15 00:00:00,1.5,1095.0,772.0,721.0,1175.0,1023.0,12.2,65.0,0.9193,True,False,False
8865,2005-03-15 01:00:00,0.7,958.0,601.0,947.0,1054.0,659.0,13.0,61.2,0.9105,True,False,False
8866,2005-03-15 02:00:00,0.7,960.0,582.0,933.0,1062.0,657.0,11.1,66.1,0.8738,True,False,False
8867,2005-03-15 03:00:00,0.6,972.0,571.0,931.0,1063.0,764.0,10.1,69.8,0.8619,True,False,False
8868,2005-03-15 04:00:00,0.5,911.0,508.0,1048.0,1005.0,667.0,11.6,61.0,0.8299,True,False,False
8869,2005-03-15 05:00:00,0.4,923.0,516.0,1049.0,1002.0,667.0,10.1,64.5,0.7968,True,False,False
8870,2005-03-15 06:00:00,0.6,981.0,610.0,867.0,1068.0,856.0,9.3,67.9,0.7969,True,False,False
8871,2005-03-15 07:00:00,0.9,1038.0,701.0,760.0,1102.0,940.0,10.1,64.3,0.7934,True,False,False
8872,2005-03-15 08:00:00,2.6,1370.0,1118.0,495.0,1459.0,1406.0,10.4,62.7,0.7909,True,False,False
8873,2005-03-15 09:00:00,3.3,1471.0,1265.0,434.0,1655.0,1617.0,13.0,53.9,0.8036,True,False,False
8874,2005-03-15 10:00:00,4.0,1447.0,1167.0,466.0,1514.0,1694.0,16.4,44.6,0.8242,True,False,False
8875,2005-03-15 11:00:00,3.1,1329.0,1090.0,508.0,1401.0,1473.0,19.1,36.7,0.8044,True,False,False
8876,2005-03-15 12:00:00,2.2,1197.0,989.0,577.0,1297.0,1087.0,21.0,30.6,0.7508,True,False,False
8877,2005-03-15 13:00:00,2.1,1198.0,968.0,590.0,1264.0,945.0,22.1,27.6,0.7254,True,False,False
8878,2005-03-15 14:00:00,2.2,1171.0,977.0,608.0,1234.0,905.0,22.2,25.5,0.6752,True,False,False
8879,2005-03-15 15:00:00,1.9,1191.0,1011.0,620.0,1262.0,903.0,23.6,23.2,0.6665,True,False,False
8880,2005-03-15 16:00:00,2.5,1213.0,1060.0,578.0,1292.0,1041.0,23.6,22.9,0.6571,True,False,False
8881,2005-03-15 17:00:00,2.9,1258.0,1124.0,552.0,1363.0,1194.0,22.8,24.6,0.6736,True,False,False
8882,2005-03-15 18:00:00,3.9,1413.0,1339.0,464.0,1611.0,1533.0,20.3,29.7,0.6973,True,False,False
8883,2005-03-15 19:00:00,6.3,1610.0,1573.0,381.0,1890.0,1932.0,18.0,36.0,0.7345,True,False,False
8884,2005-03-15 20:00:00,7.4,1710.0,1632.0,346.0,2028.0,2140.0,16.4,41.9,0.7759,True,False,False
8885,2005-03-15 21:00:00,5.7,1515.0,1295.0,435.0,1615.0,1871.0,14.9,47.6,0.8003,True,False,False
8886,2005-03-15 22:00:00,2.3,1199.0,916.0,613.0,1227.0,1435.0,13.8,49.6,0.7793,True,False,False
8887,2005-03-15 23:00:00,1.5,1128.0,818.0,674.0,1156.0,1303.0,13.2,51.6,0.7765,True,False,False
8888,2005-03-16 00:00:00,1.4,1108.0,798.0,694.0,1144.0,1199.0,11.8,56.9,0.7836,True,False,False
8889,2005-03-16 01:00:00,1.1,1038.0,709.0,768.0,1087.0,1069.0,11.4,58.0,0.7818,True,False,False
8890,2005-03-16 02:00:00,0.9,1004.0,646.0,823.0,1054.0,989.0,11.3,58.0,0.7742,True,False,False
8891,2005-03-16 03:00:00,0.7,969.0,584.0,904.0,1021.0,899.0,10.7,59.6,0.7673,True,False,False
8892,2005-03-16 04:00:00,0.6,938.0,559.0,942.0,1026.0,850.0,9.0,65.4,0.7532,True,False,False
8893,2005-03-16 05:00:00,0.6,927.0,549.0,967.0,1008.0,828.0,8.0,68.9,0.7402,True,False,False
8894,2005-03-16 06:00:00,0.8,977.0,673.0,830.0,1060.0,902.0,7.5,70.9,0.7358,True,False,False
8895,2005-03-16 07:00:00,1.0,1011.0,685.0,823.0,1054.0,902.0,7.6,69.2,0.7238,True,False,False
8896,2005-03-16 08:00:00,2.1,1228.0,984.0,588.0,1293.0,1222.0,8.7,64.3,0.7257,True,False,False
8897,2005-03-16 09:00:00,4.2,1521.0,1434.0,404.0,1809.0,1784.0,11.7,54.3,0.7459,True,False,False
8898,2005-03-16 10:00:00,4.3,1425.0,1178.0,468.0,1477.0,1761.0,15.9,42.2,0.7553,True,False,False
8899,2005-03-16 11:00:00,3.2,1339.0,1094.0,509.0,1376.0,1634.0,19.3,34.7,0.7681,True,False,False
8900,2005-03-16 12:00:00,2.8,1310.0,1046.0,552.0,1351.0,1527.0,23.1,27.3,0.7615,True,False,False
8901,2005-03-16 13:00:00,2.4,1250.0,1012.0,585.0,1249.0,1192.0,26.1,20.8,0.6959,True,False,False
8902,2005-03-16 14:00:00,2.5,1181.0,1015.0,617.0,1192.0,1023.0,26.8,17.9,0.6249,True,False,False
8903,2005-03-16 15:00:00,2.9,1272.0,1220.0,533.0,1353.0,1251.0,28.4,16.0,0.6095,True,False,False
8904,2005-03-16 16:00:00,3.0,1231.0,1064.0,618.0,1188.0,1082.0,28.8,15.1,0.5877,True,False,False
8905,2005-03-16 17:00:00,3.6,1286.0,1223.0,529.0,1350.0,1348.0,27.9,15.6,0.5782,True,False,False
8906,2005-03-16 18:00:00,3.5,1315.0,1225.0,509.0,1408.0,1365.0,24.1,20.6,0.6075,True,False,False
8907,2005-03-16 19:00:00,4.8,1494.0,1460.0,420.0,1682.0,1827.0,21.0,28.0,0.6904,True,False,False
8908,2005-03-16 20:00:00,4.4,1494.0,1381.0,422.0,1677.0,1879.0,18.4,38.8,0.8152,True,False,False
8909,2005-03-16 21:00:00,4.9,1545.0,1390.0,423.0,1676.0,1915.0,16.9,42.9,0.8222,True,False,False
8910,2005-03-16 22:00:00,2.9,1354.0,1094.0,517.0,1357.0,1705.0,15.5,45.0,0.7895,True,False,False
8911,2005-03-16 23:00:00,2.1,1301.0,998.0,553.0,1283.0,1610.0,14.3,49.6,0.8049,True,False,False
8912,2005-03-17 00:00:00,1.6,1144.0,826.0,661.0,1158.0,1300.0,14.7,48.0,0.7977,True,False,False
8913,2005-03-17 01:00:00,1.2,1080.0,732.0,748.0,1087.0,1093.0,13.3,51.4,0.7821,True,False,False
8914,2005-03-17 02:00:00,0.9,1013.0,671.0,817.0,1056.0,986.0,12.6,53.7,0.7793,True,False,False
8915,2005-03-17 03:00:00,0.7,966.0,587.0,921.0,1017.0,846.0,11.5,56.8,0.7706,True,False,False
8916,2005-03-17 04:00:00,,959.0,578.0,909.0,1016.0,822.0,10.1,61.9,0.7631,False,True,False
8917,2005-03-17 05:00:00,0.5,919.0,532.0,997.0,983.0,714.0,9.8,61.8,0.7523,True,False,False
8918,2005-03-17 06:00:00,0.6,953.0,604.0,903.0,1020.0,838.0,9.0,64.3,0.7417,True,False,False
8919,2005-03-17 07:00:00,1.3,1117.0,808.0,669.0,1178.0,1109.0,7.9,68.4,0.7324,True,False,False
8920,2005-03-17 08:00:00,3.8,1485.0,1265.0,441.0,1647.0,1676.0,9.5,62.6,0.7444,True,False,False
8921,2005-03-17 09:00:00,5.6,1583.0,1457.0,376.0,1808.0,1976.0,13.2,51.0,0.7704,True,False,False
8922,2005-03-17 10:00:00,4.4,1448.0,1187.0,471.0,1490.0,1814.0,16.9,40.3,0.7717,True,False,False
8923,2005-03-17 11:00:00,3.0,1294.0,1006.0,567.0,1296.0,1538.0,20.8,31.3,0.7617,True,False,False
8924,2005-03-17 12:00:00,2.2,1269.0,1016.0,579.0,1273.0,1383.0,24.3,24.7,0.7407,True,False,False
8925,2005-03-17 13:00:00,2.0,1247.0,985.0,581.0,1255.0,1184.0,26.7,22.6,0.7785,True,False,False
8926,2005-03-17 14:00:00,2.2,1239.0,1045.0,559.0,1312.0,1094.0,27.1,21.7,0.7636,True,False,False
8927,2005-03-17 15:00:00,2.1,1199.0,1041.0,574.0,1271.0,986.0,28.3,17.9,0.6769,True,False,False
8928,2005-03-17 16:00:00,2.2,1216.0,1013.0,576.0,1277.0,967.0,27.8,20.0,0.7378,True,False,False
8929,2005-03-17 17:00:00,1.9,1131.0,925.0,638.0,1158.0,831.0,26.2,19.4,0.6491,True,False,False
8930,2005-03-17 18:00:00,2.7,1300.0,1149.0,530.0,1353.0,1182.0,22.7,24.4,0.6661,True,False,False
8931,2005-03-17 19:00:00,3.9,1358.0,1331.0,459.0,1518.0,1523.0,20.2,29.3,0.686,True,False,False
8932,2005-03-17 20:00:00,5.6,1492.0,1425.0,417.0,1690.0,1780.0,17.3,35.2,0.6907,True,False,False
8933,2005-03-17 21:00:00,4.9,1413.0,1251.0,478.0,1504.0,1682.0,16.1,38.7,0.7023,True,False,False
8934,2005-03-17 22:00:00,2.2,1210.0,943.0,611.0,1224.0,1390.0,14.6,44.5,0.7337,True,False,False
8935,2005-03-17 23:00:00,1.9,1196.0,902.0,620.0,1185.0,1390.0,13.7,48.6,0.7555,True,False,False
8936,2005-03-18 00:00:00,1.4,1101.0,809.0,690.0,1123.0,1201.0,12.4,52.2,0.7513,True,False,False
8937,2005-03-18 01:00:00,1.3,1076.0,770.0,721.0,1093.0,1107.0,11.9,53.4,0.7414,True,False,False
8938,2005-03-18 02:00:00,1.1,1040.0,736.0,740.0,1099.0,1050.0,10.4,58.4,0.7367,True,False,False
8939,2005-03-18 03:00:00,0.9,989.0,667.0,824.0,1048.0,943.0,8.9,63.5,0.7268,True,False,False
8940,2005-03-18 04:00:00,0.9,966.0,639.0,843.0,1033.0,903.0,8.2,65.9,0.7168,True,False,False
8941,2005-03-18 05:00:00,0.7,912.0,587.0,922.0,1002.0,826.0,7.7,67.1,0.7074,True,False,False
8942,2005-03-18 06:00:00,0.8,960.0,668.0,841.0,1038.0,878.0,7.2,68.6,0.6978,True,False,False
8943,2005-03-18 07:00:00,1.2,1028.0,784.0,709.0,1110.0,996.0,7.5,66.7,0.6943,True,False,False
8944,2005-03-18 08:00:00,2.9,1375.0,1134.0,504.0,1467.0,1470.0,8.7,61.6,0.696,True,False,False
8945,2005-03-18 09:00:00,5.4,1522.0,1466.0,380.0,1822.0,1883.0,12.0,51.0,0.7131,True,False,False
8946,2005-03-18 10:00:00,4.3,1400.0,1227.0,465.0,1542.0,1661.0,15.4,42.5,0.7379,True,False,False
8947,2005-03-18 11:00:00,3.1,1323.0,1144.0,502.0,1405.0,1568.0,18.8,33.5,0.7186,True,False,False
8948,2005-03-18 12:00:00,2.4,1250.0,990.0,579.0,1262.0,1291.0,22.2,28.1,0.7426,True,False,False
8949,2005-03-18 13:00:00,2.3,1283.0,1048.0,550.0,1336.0,1226.0,24.7,25.5,0.7785,True,False,False
8950,2005-03-18 14:00:00,2.3,1171.0,993.0,597.0,1208.0,841.0,25.0,23.4,0.7301,True,False,False
8951,2005-03-18 15:00:00,2.3,1264.0,1081.0,555.0,1323.0,951.0,25.9,21.9,0.7209,True,False,False
8952,2005-03-18 16:00:00,3.4,1301.0,1152.0,525.0,1343.0,1151.0,25.6,21.7,0.7039,True,False,False
8953,2005-03-18 17:00:00,3.7,1321.0,1175.0,525.0,1366.0,1279.0,25.1,21.8,0.6854,True,False,False
8954,2005-03-18 18:00:00,4.1,1343.0,1298.0,477.0,1495.0,1416.0,22.1,25.6,0.6728,True,False,False
8955,2005-03-18 19:00:00,5.6,1493.0,1444.0,417.0,1702.0,1738.0,19.1,32.5,0.7112,True,False,False
8956,2005-03-18 20:00:00,5.3,1545.0,1403.0,407.0,1743.0,1821.0,16.7,42.5,0.8002,True,False,False
8957,2005-03-18 21:00:00,4.9,1477.0,1247.0,456.0,1562.0,1733.0,15.5,48.3,0.8439,True,False,False
8958,2005-03-18 22:00:00,2.0,1202.0,864.0,620.0,1255.0,1115.0,13.3,60.5,0.9168,True,False,False
8959,2005-03-18 23:00:00,1.9,1236.0,849.0,631.0,1274.0,1131.0,12.1,67.6,0.9539,True,False,False
8960,2005-03-19 00:00:00,2.2,1206.0,849.0,640.0,1245.0,1127.0,11.8,68.3,0.9432,True,False,False
8961,2005-03-19 01:00:00,1.9,1192.0,832.0,646.0,1253.0,1167.0,11.6,68.3,0.9314,True,False,False
8962,2005-03-19 02:00:00,1.1,1044.0,630.0,845.0,1099.0,809.0,11.8,67.9,0.9362,True,False,False
8963,2005-03-19 03:00:00,1.0,1053.0,648.0,808.0,1109.0,709.0,12.3,65.8,0.9374,True,False,False
8964,2005-03-19 04:00:00,0.9,1023.0,600.0,872.0,1089.0,575.0,12.2,66.9,0.9496,True,False,False
8965,2005-03-19 05:00:00,0.9,1005.0,620.0,846.0,1098.0,572.0,12.1,67.3,0.948,True,False,False
8966,2005-03-19 06:00:00,0.7,959.0,578.0,907.0,1079.0,546.0,11.8,67.1,0.9274,True,False,False
8967,2005-03-19 07:00:00,1.0,1049.0,686.0,793.0,1159.0,795.0,11.9,65.6,0.9129,True,False,False
8968,2005-03-19 08:00:00,2.0,1255.0,983.0,555.0,1439.0,1268.0,12.2,65.6,0.93,True,False,False
8969,2005-03-19 09:00:00,2.7,1285.0,1009.0,517.0,1452.0,1366.0,12.8,64.4,0.9448,True,False,False
8970,2005-03-19 10:00:00,2.5,1254.0,973.0,543.0,1403.0,1328.0,13.4,62.0,0.9498,True,False,False
8971,2005-03-19 11:00:00,2.4,1253.0,966.0,560.0,1378.0,1251.0,14.5,57.0,0.9333,True,False,False
8972,2005-03-19 12:00:00,2.2,1242.0,935.0,584.0,1327.0,1127.0,15.8,51.3,0.9144,True,False,False
8973,2005-03-19 13:00:00,2.1,1212.0,918.0,593.0,1308.0,1066.0,17.5,46.0,0.9104,True,False,False
8974,2005-03-19 14:00:00,1.8,1165.0,839.0,652.0,1214.0,867.0,19.5,40.2,0.901,True,False,False
8975,2005-03-19 15:00:00,1.4,1136.0,781.0,712.0,1169.0,691.0,21.2,35.9,0.8943,True,False,False
8976,2005-03-19 16:00:00,2.1,1233.0,926.0,617.0,1293.0,917.0,21.7,35.1,0.8993,True,False,False
8977,2005-03-19 17:00:00,1.7,1177.0,800.0,696.0,1191.0,748.0,20.5,38.4,0.9161,True,False,False
8978,2005-03-19 18:00:00,1.9,1223.0,883.0,614.0,1289.0,968.0,18.2,45.9,0.9488,True,False,False
8979,2005-03-19 19:00:00,2.7,1360.0,1063.0,507.0,1483.0,1420.0,16.2,53.0,0.9722,True,False,False
8980,2005-03-19 20:00:00,3.2,1435.0,1140.0,477.0,1550.0,1530.0,15.0,57.6,0.9777,True,False,False
8981,2005-03-19 21:00:00,3.3,1305.0,995.0,552.0,1402.0,1341.0,14.1,60.8,0.9716,True,False,False
8982,2005-03-19 22:00:00,2.3,1199.0,869.0,618.0,1306.0,1160.0,13.2,65.6,0.9882,True,False,False
8983,2005-03-19 23:00:00,1.9,1217.0,921.0,589.0,1336.0,1261.0,13.5,63.8,0.9797,True,False,False
8984,2005-03-20 00:00:00,1.9,1200.0,847.0,636.0,1297.0,1132.0,13.6,63.4,0.9794,True,False,False
8985,2005-03-20 01:00:00,1.9,1150.0,807.0,669.0,1243.0,1042.0,13.6,63.5,0.9857,True,False,False
8986,2005-03-20 02:00:00,1.5,1086.0,726.0,736.0,1192.0,848.0,13.4,64.8,0.988,True,False,False
8987,2005-03-20 03:00:00,1.1,1027.0,684.0,788.0,1149.0,666.0,13.2,64.8,0.9801,True,False,False
8988,2005-03-20 04:00:00,,993.0,640.0,848.0,1110.0,548.0,13.0,65.3,0.9704,False,True,False
8989,2005-03-20 05:00:00,0.8,985.0,610.0,851.0,1101.0,604.0,12.6,65.9,0.9583,True,False,False
8990,2005-03-20 06:00:00,0.6,934.0,552.0,966.0,1063.0,520.0,13.1,64.0,0.9591,True,False,False
8991,2005-03-20 07:00:00,0.7,977.0,631.0,859.0,1120.0,659.0,12.4,66.2,0.95,True,False,False
8992,2005-03-20 08:00:00,0.7,970.0,618.0,888.0,1095.0,611.0,13.3,62.4,0.946,True,False,False
8993,2005-03-20 09:00:00,1.0,1041.0,706.0,778.0,1178.0,756.0,14.0,59.7,0.9491,True,False,False
8994,2005-03-20 10:00:00,1.5,1144.0,821.0,651.0,1262.0,988.0,15.4,54.0,0.9385,True,False,False
8995,2005-03-20 11:00:00,2.4,1209.0,933.0,581.0,1329.0,1058.0,17.0,47.5,0.9146,True,False,False
8996,2005-03-20 12:00:00,1.6,1083.0,727.0,763.0,1135.0,636.0,18.6,42.6,0.904,True,False,False
8997,2005-03-20 13:00:00,1.2,1063.0,678.0,796.0,1107.0,522.0,21.5,35.0,0.8886,True,False,False
8998,2005-03-20 14:00:00,0.9,988.0,600.0,912.0,1033.0,415.0,21.3,35.6,0.8924,True,False,False
8999,2005-03-20 15:00:00,0.9,1060.0,686.0,830.0,1110.0,445.0,23.1,32.1,0.8973,True,False,False
9000,2005-03-20 16:00:00,1.1,1087.0,717.0,786.0,1112.0,515.0,22.1,34.5,0.9035,True,False,False
9001,2005-03-20 17:00:00,1.4,1153.0,798.0,715.0,1184.0,678.0,21.5,35.7,0.905,True,False,False
9002,2005-03-20 18:00:00,1.7,1167.0,838.0,660.0,1227.0,825.0,19.3,41.6,0.923,True,False,False
9003,2005-03-20 19:00:00,2.9,1370.0,1072.0,535.0,1428.0,1233.0,17.3,47.8,0.9363,True,False,False
9004,2005-03-20 20:00:00,4.0,1403.0,1142.0,492.0,1518.0,1419.0,16.0,54.9,0.9934,True,False,False
9005,2005-03-20 21:00:00,4.0,1364.0,1061.0,534.0,1436.0,1397.0,15.6,58.0,1.0197,True,False,False
9006,2005-03-20 22:00:00,1.9,1111.0,825.0,679.0,1238.0,975.0,14.8,61.3,1.025,True,False,False
9007,2005-03-20 23:00:00,1.5,1091.0,777.0,711.0,1217.0,891.0,13.8,63.4,0.9916,True,False,False
9008,2005-03-21 00:00:00,1.5,1107.0,777.0,697.0,1221.0,945.0,13.1,66.1,0.9913,True,False,False
9009,2005-03-21 01:00:00,1.6,1095.0,746.0,716.0,1217.0,916.0,13.3,66.4,1.0128,True,False,False
9010,2005-03-21 02:00:00,1.1,1027.0,673.0,794.0,1160.0,770.0,13.3,67.0,1.0207,True,False,False
9011,2005-03-21 03:00:00,0.8,996.0,631.0,845.0,1153.0,697.0,13.1,68.6,1.0288,True,False,False
9012,2005-03-21 04:00:00,0.7,955.0,582.0,902.0,1118.0,611.0,12.2,72.4,1.0224,True,False,False
9013,2005-03-21 05:00:00,0.6,947.0,553.0,944.0,1110.0,693.0,11.6,73.8,1.0054,True,False,False
9014,2005-03-21 06:00:00,0.7,1003.0,650.0,831.0,1158.0,750.0,12.9,67.5,0.999,True,False,False
9015,2005-03-21 07:00:00,1.3,1120.0,815.0,660.0,1291.0,1053.0,12.8,68.0,1.0023,True,False,False
9016,2005-03-21 08:00:00,3.2,1476.0,1219.0,459.0,1673.0,1561.0,13.5,63.9,0.9875,True,False,False
9017,2005-03-21 09:00:00,6.1,1653.0,1573.0,345.0,2147.0,1920.0,14.7,59.8,0.9928,True,False,False
9018,2005-03-21 10:00:00,4.3,1403.0,1161.0,487.0,1576.0,1583.0,15.9,56.6,1.0147,True,False,False
9019,2005-03-21 11:00:00,2.6,1241.0,1011.0,545.0,1428.0,1274.0,18.3,49.4,1.0264,True,False,False
9020,2005-03-21 12:00:00,2.0,1176.0,914.0,621.0,1347.0,1083.0,19.8,44.2,1.0091,True,False,False
9021,2005-03-21 13:00:00,1.8,1160.0,862.0,636.0,1320.0,924.0,21.6,39.6,1.009,True,False,False
9022,2005-03-21 14:00:00,2.1,1224.0,977.0,571.0,1424.0,1002.0,23.3,35.8,1.0086,True,False,False
9023,2005-03-21 15:00:00,2.1,1175.0,906.0,616.0,1332.0,905.0,23.8,33.4,0.9699,True,False,False
9024,2005-03-21 16:00:00,2.0,1235.0,947.0,594.0,1362.0,923.0,22.8,35.3,0.9693,True,False,False
9025,2005-03-21 17:00:00,2.6,1288.0,1064.0,539.0,1446.0,1123.0,22.8,34.9,0.9576,True,False,False
9026,2005-03-21 18:00:00,4.5,1512.0,1386.0,425.0,1831.0,1602.0,20.9,39.3,0.9615,True,False,False
9027,2005-03-21 19:00:00,6.4,1609.0,1544.0,367.0,1999.0,1878.0,18.6,46.4,0.9867,True,False,False
9028,2005-03-21 20:00:00,6.0,1537.0,1446.0,392.0,1855.0,1840.0,17.2,52.7,1.0285,True,False,False
9029,2005-03-21 21:00:00,3.8,1315.0,1126.0,498.0,1537.0,1474.0,15.3,61.0,1.054,True,False,False
9030,2005-03-21 22:00:00,2.1,1155.0,909.0,604.0,1331.0,1244.0,14.2,65.4,1.0497,True,False,False
9031,2005-03-21 23:00:00,1.2,1033.0,759.0,735.0,1185.0,937.0,13.8,65.2,1.0275,True,False,False
9032,2005-03-22 00:00:00,1.3,1078.0,808.0,696.0,1221.0,891.0,13.3,65.6,0.9969,True,False,False
9033,2005-03-22 01:00:00,1.5,1069.0,799.0,682.0,1211.0,1044.0,12.6,67.9,0.9886,True,False,False
9034,2005-03-22 02:00:00,0.9,952.0,648.0,847.0,1107.0,792.0,12.8,64.5,0.9493,True,False,False
9035,2005-03-22 03:00:00,0.7,910.0,570.0,964.0,1060.0,670.0,12.8,63.6,0.936,True,False,False
9036,2005-03-22 04:00:00,0.5,878.0,517.0,1069.0,1046.0,689.0,12.0,65.2,0.9103,True,False,False
9037,2005-03-22 05:00:00,0.6,899.0,556.0,1001.0,1064.0,717.0,10.6,70.8,0.9033,True,False,False
9038,2005-03-22 06:00:00,0.7,939.0,620.0,905.0,1095.0,813.0,10.9,69.2,0.9033,True,False,False
9039,2005-03-22 07:00:00,0.9,1001.0,701.0,816.0,1130.0,891.0,10.3,70.9,0.8907,True,False,False
9040,2005-03-22 08:00:00,2.2,1303.0,1102.0,536.0,1488.0,1323.0,11.8,66.3,0.9174,True,False,False
9041,2005-03-22 09:00:00,4.7,1557.0,1499.0,381.0,1945.0,1817.0,14.1,58.9,0.9447,True,False,False
9042,2005-03-22 10:00:00,4.5,1402.0,1263.0,446.0,1640.0,1723.0,16.5,51.6,0.9601,True,False,False
9043,2005-03-22 11:00:00,3.1,1380.0,1170.0,477.0,1566.0,1656.0,20.2,42.1,0.984,True,False,False
9044,2005-03-22 12:00:00,2.8,1350.0,1168.0,475.0,1564.0,1539.0,21.7,39.0,0.9979,True,False,False
9045,2005-03-22 13:00:00,2.4,1283.0,1061.0,525.0,1434.0,1294.0,23.5,35.0,0.9977,True,False,False
9046,2005-03-22 14:00:00,2.5,1293.0,1064.0,522.0,1446.0,1229.0,23.5,34.2,0.9748,True,False,False
9047,2005-03-22 15:00:00,2.0,1197.0,943.0,599.0,1294.0,951.0,25.5,28.3,0.9124,True,False,False
9048,2005-03-22 16:00:00,1.7,1142.0,924.0,629.0,1236.0,819.0,25.5,24.7,0.7928,True,False,False
9049,2005-03-22 17:00:00,1.7,1147.0,914.0,633.0,1233.0,801.0,22.9,29.2,0.8055,True,False,False
9050,2005-03-22 18:00:00,3.3,1448.0,1322.0,447.0,1655.0,1492.0,21.3,32.9,0.8209,True,False,False
9051,2005-03-22 19:00:00,4.5,1487.0,1350.0,418.0,1698.0,1692.0,20.1,42.4,0.988,True,False,False
9052,2005-03-22 20:00:00,5.8,1476.0,1308.0,428.0,1674.0,1654.0,18.6,46.6,0.9858,True,False,False
9053,2005-03-22 21:00:00,4.3,1282.0,1013.0,545.0,1384.0,1287.0,17.4,50.6,0.9989,True,False,False
9054,2005-03-22 22:00:00,3.0,1147.0,848.0,636.0,1289.0,938.0,16.4,57.2,1.0574,True,False,False
9055,2005-03-22 23:00:00,2.8,1130.0,828.0,645.0,1283.0,973.0,16.3,59.4,1.0895,True,False,False
9056,2005-03-23 00:00:00,2.7,1154.0,822.0,656.0,1285.0,1087.0,16.0,60.2,1.0844,True,False,False
9057,2005-03-23 01:00:00,2.4,1049.0,683.0,782.0,1190.0,796.0,15.6,61.6,1.0859,True,False,False
9058,2005-03-23 02:00:00,2.2,1056.0,672.0,769.0,1184.0,830.0,15.4,62.0,1.0793,True,False,False
9059,2005-03-23 03:00:00,2.0,1011.0,622.0,827.0,1158.0,703.0,15.2,63.5,1.0881,True,False,False
9060,2005-03-23 04:00:00,,993.0,604.0,848.0,1160.0,762.0,14.5,66.4,1.0919,False,True,False
9061,2005-03-23 05:00:00,0.5,976.0,568.0,891.0,1143.0,705.0,15.0,64.8,1.1007,True,False,False
9062,2005-03-23 06:00:00,0.7,1050.0,690.0,761.0,1223.0,867.0,14.2,68.3,1.0988,True,False,False
9063,2005-03-23 07:00:00,1.2,1143.0,818.0,646.0,1316.0,1122.0,14.0,68.6,1.0918,True,False,False
9064,2005-03-23 08:00:00,3.9,1606.0,1360.0,396.0,1895.0,1771.0,15.4,63.4,1.1045,True,False,False
9065,2005-03-23 09:00:00,4.9,1592.0,1478.0,360.0,1975.0,1874.0,17.8,53.3,1.0736,True,False,False
9066,2005-03-23 10:00:00,4.6,1510.0,1282.0,419.0,1726.0,1812.0,19.4,47.5,1.061,True,False,False
9067,2005-03-23 11:00:00,3.4,1421.0,1172.0,474.0,1513.0,1726.0,21.4,38.7,0.9724,True,False,False
9068,2005-03-23 12:00:00,2.0,1169.0,987.0,596.0,1285.0,1184.0,22.9,29.3,0.8077,True,False,False
9069,2005-03-23 13:00:00,1.9,1187.0,1014.0,578.0,1315.0,1131.0,24.2,26.5,0.7869,True,False,False
9070,2005-03-23 14:00:00,2.4,1171.0,1045.0,570.0,1291.0,1149.0,24.5,23.1,0.6968,True,False,False
9071,2005-03-23 15:00:00,2.4,1175.0,1040.0,582.0,1268.0,1185.0,23.1,22.8,0.6346,True,False,False
9072,2005-03-23 16:00:00,2.2,1216.0,1050.0,564.0,1311.0,1244.0,23.3,23.8,0.6738,True,False,False
9073,2005-03-23 17:00:00,2.5,1239.0,1062.0,558.0,1299.0,1380.0,23.2,23.3,0.6562,True,False,False
9074,2005-03-23 18:00:00,3.9,1463.0,1383.0,440.0,1636.0,1727.0,22.7,25.5,0.6944,True,False,False
9075,2005-03-23 19:00:00,6.2,1616.0,1610.0,374.0,1909.0,2021.0,21.0,29.2,0.7192,True,False,False
9076,2005-03-23 20:00:00,7.2,1663.0,1597.0,366.0,1906.0,2159.0,19.5,35.6,0.7978,True,False,False
9077,2005-03-23 21:00:00,3.9,1445.0,1263.0,464.0,1500.0,1844.0,18.8,37.3,0.8031,True,False,False
9078,2005-03-23 22:00:00,2.4,1293.0,1052.0,536.0,1332.0,1593.0,17.7,39.7,0.799,True,False,False
9079,2005-03-23 23:00:00,2.3,1354.0,1084.0,502.0,1380.0,1651.0,16.7,45.2,0.8506,True,False,False
9080,2005-03-24 00:00:00,1.9,1251.0,973.0,559.0,1277.0,1482.0,15.9,47.0,0.8434,True,False,False
9081,2005-03-24 01:00:00,1.7,1222.0,902.0,590.0,1256.0,1384.0,15.1,50.2,0.8543,True,False,False
9082,2005-03-24 02:00:00,0.9,1044.0,702.0,746.0,1099.0,1101.0,15.3,49.2,0.8493,True,False,False
9083,2005-03-24 03:00:00,0.7,1006.0,659.0,791.0,1082.0,999.0,13.1,56.1,0.8416,True,False,False
9084,2005-03-24 04:00:00,0.5,953.0,583.0,889.0,1043.0,895.0,13.3,54.4,0.8287,True,False,False
9085,2005-03-24 05:00:00,0.4,959.0,598.0,878.0,1045.0,904.0,12.4,58.3,0.8364,True,False,False
9086,2005-03-24 06:00:00,0.4,949.0,607.0,884.0,1043.0,851.0,12.9,56.0,0.8292,True,False,False
9087,2005-03-24 07:00:00,0.7,1073.0,760.0,727.0,1128.0,1052.0,11.9,59.6,0.8294,True,False,False
9088,2005-03-24 08:00:00,3.1,1499.0,1291.0,444.0,1653.0,1609.0,13.4,55.1,0.8444,True,False,False
9089,2005-03-24 09:00:00,3.4,1404.0,1149.0,469.0,1523.0,1614.0,16.1,46.4,0.8436,True,False,False
9090,2005-03-24 10:00:00,3.5,1465.0,1241.0,434.0,1572.0,1774.0,17.9,42.2,0.8557,True,False,False
9091,2005-03-24 11:00:00,3.2,1474.0,1158.0,469.0,1476.0,1802.0,18.2,43.2,0.8926,True,False,False
9092,2005-03-24 12:00:00,3.2,1611.0,1233.0,413.0,1687.0,1741.0,16.0,67.9,1.2217,True,False,False
9093,2005-03-24 13:00:00,3.3,1590.0,1219.0,410.0,1677.0,1830.0,17.6,59.7,1.188,True,False,False
9094,2005-03-24 14:00:00,3.0,1422.0,1120.0,476.0,1525.0,1696.0,20.9,43.4,1.0618,True,False,False
9095,2005-03-24 15:00:00,2.0,1273.0,988.0,563.0,1387.0,1257.0,24.1,33.3,0.9881,True,False,False
9096,2005-03-24 16:00:00,2.3,1296.0,1014.0,543.0,1401.0,1305.0,22.9,35.2,0.9694,True,False,False
9097,2005-03-24 17:00:00,2.2,1247.0,989.0,557.0,1383.0,1183.0,22.2,36.2,0.956,True,False,False
9098,2005-03-24 18:00:00,2.7,1359.0,1135.0,505.0,1500.0,1347.0,21.3,37.8,0.9462,True,False,False
9099,2005-03-24 19:00:00,5.9,1726.0,1570.0,359.0,2021.0,1947.0,20.1,43.2,1.0051,True,False,False
9100,2005-03-24 20:00:00,7.5,1818.0,1675.0,330.0,2143.0,2129.0,18.8,49.1,1.0538,True,False,False
9101,2005-03-24 21:00:00,5.0,1667.0,1410.0,383.0,1818.0,1948.0,18.2,52.2,1.0795,True,False,False
9102,2005-03-24 22:00:00,4.0,1549.0,1233.0,424.0,1648.0,1804.0,17.4,57.3,1.1288,True,False,False
9103,2005-03-24 23:00:00,2.7,1385.0,1045.0,496.0,1462.0,1572.0,17.0,56.6,1.0902,True,False,False
9104,2005-03-25 00:00:00,2.0,1320.0,950.0,542.0,1428.0,1426.0,16.2,66.3,1.208,True,False,False
9105,2005-03-25 01:00:00,1.5,1205.0,828.0,622.0,1344.0,1170.0,15.3,73.3,1.2655,True,False,False
9106,2005-03-25 02:00:00,1.0,1099.0,709.0,727.0,1263.0,1000.0,15.2,73.3,1.2556,True,False,False
9107,2005-03-25 03:00:00,1.0,1106.0,715.0,714.0,1279.0,949.0,13.9,80.4,1.2694,True,False,False
9108,2005-03-25 04:00:00,0.9,1099.0,718.0,714.0,1300.0,905.0,13.6,82.8,1.2817,True,False,False
9109,2005-03-25 05:00:00,0.8,1042.0,671.0,754.0,1255.0,845.0,13.7,82.0,1.277,True,False,False
9110,2005-03-25 06:00:00,0.6,980.0,621.0,858.0,1190.0,692.0,13.7,78.0,1.2174,True,False,False
9111,2005-03-25 07:00:00,1.0,1138.0,782.0,705.0,1321.0,926.0,14.1,75.5,1.2065,True,False,False
9112,2005-03-25 08:00:00,3.2,1517.0,1222.0,437.0,1750.0,1470.0,14.8,73.6,1.2331,True,False,False
9113,2005-03-25 09:00:00,4.3,1537.0,1374.0,384.0,1941.0,1660.0,16.0,67.8,1.2276,True,False,False
9114,2005-03-25 10:00:00,2.7,1296.0,1017.0,526.0,1494.0,1360.0,18.4,59.2,1.2398,True,False,False
9115,2005-03-25 11:00:00,1.6,1255.0,958.0,579.0,1420.0,1215.0,20.4,50.5,1.1954,True,False,False
9116,2005-03-25 12:00:00,1.4,1367.0,1105.0,503.0,1578.0,1391.0,21.3,46.6,1.1628,True,False,False
9117,2005-03-25 13:00:00,2.3,1473.0,1210.0,462.0,1686.0,1521.0,20.4,49.8,1.1765,True,False,False
9118,2005-03-25 14:00:00,2.1,1422.0,1175.0,474.0,1647.0,1483.0,21.1,47.8,1.1813,True,False,False
9119,2005-03-25 15:00:00,1.4,1378.0,1125.0,502.0,1601.0,1380.0,21.5,47.8,1.206,True,False,False
9120,2005-03-25 16:00:00,3.4,1446.0,1224.0,471.0,1706.0,1450.0,21.7,47.4,1.2184,True,False,False
9121,2005-03-25 17:00:00,3.8,1473.0,1235.0,468.0,1702.0,1519.0,21.0,49.8,1.2208,True,False,False
9122,2005-03-25 18:00:00,4.9,1619.0,1411.0,417.0,1908.0,1684.0,20.4,51.9,1.2261,True,False,False
9123,2005-03-25 19:00:00,5.7,1673.0,1484.0,397.0,2008.0,1812.0,19.4,56.3,1.25,True,False,False
9124,2005-03-25 20:00:00,5.5,1605.0,1397.0,420.0,1891.0,1710.0,18.8,58.3,1.2514,True,False,False
9125,2005-03-25 21:00:00,3.9,1460.0,1201.0,466.0,1685.0,1591.0,18.2,61.0,1.2634,True,False,False
9126,2005-03-25 22:00:00,3.1,1407.0,1117.0,486.0,1596.0,1521.0,17.7,63.3,1.2729,True,False,False
9127,2005-03-25 23:00:00,2.0,1286.0,982.0,550.0,1458.0,1353.0,17.7,63.5,1.27,True,False,False
9128,2005-03-26 00:00:00,2.5,1372.0,1054.0,504.0,1534.0,1463.0,17.1,66.9,1.2926,True,False,False
9129,2005-03-26 01:00:00,2.2,1312.0,995.0,527.0,1488.0,1447.0,16.8,69.0,1.3135,True,False,False
9130,2005-03-26 02:00:00,1.5,1205.0,867.0,601.0,1361.0,1294.0,16.6,70.0,1.3078,True,False,False
9131,2005-03-26 03:00:00,1.2,1167.0,829.0,622.0,1360.0,1172.0,16.1,71.3,1.2955,True,False,False
9132,2005-03-26 04:00:00,,1122.0,811.0,641.0,1336.0,1122.0,16.2,71.2,1.3013,False,True,False
9133,2005-03-26 05:00:00,0.8,1126.0,779.0,663.0,1309.0,1103.0,16.3,69.8,1.2853,True,False,False
9134,2005-03-26 06:00:00,0.1,1121.0,757.0,672.0,1293.0,1113.0,16.1,70.0,1.2739,True,False,False
9135,2005-03-26 07:00:00,1.1,1135.0,797.0,651.0,1325.0,1109.0,16.1,69.5,1.2623,True,False,False
9136,2005-03-26 08:00:00,1.7,1248.0,939.0,565.0,1458.0,1229.0,16.5,68.1,1.2653,True,False,False
9137,2005-03-26 09:00:00,2.1,1325.0,1010.0,513.0,1522.0,1404.0,17.4,65.0,1.2775,True,False,False
9138,2005-03-26 10:00:00,2.3,1347.0,1000.0,510.0,1490.0,1450.0,18.4,60.2,1.2623,True,False,False
9139,2005-03-26 11:00:00,2.1,1317.0,952.0,541.0,1443.0,1393.0,19.1,57.5,1.2569,True,False,False
9140,2005-03-26 12:00:00,1.9,1243.0,912.0,579.0,1406.0,1227.0,21.2,48.4,1.2028,True,False,False
9141,2005-03-26 13:00:00,1.7,1169.0,841.0,623.0,1361.0,1040.0,22.3,43.9,1.1695,True,False,False
9142,2005-03-26 14:00:00,1.3,1085.0,769.0,711.0,1264.0,820.0,23.7,39.4,1.1366,True,False,False
9143,2005-03-26 15:00:00,1.3,1177.0,896.0,616.0,1374.0,1011.0,23.1,41.2,1.1523,True,False,False
9144,2005-03-26 16:00:00,1.6,1207.0,888.0,611.0,1382.0,1042.0,25.7,35.7,1.1626,True,False,False
9145,2005-03-26 17:00:00,2.2,1269.0,1005.0,553.0,1463.0,1136.0,24.3,38.4,1.1503,True,False,False
9146,2005-03-26 18:00:00,2.3,1205.0,996.0,559.0,1456.0,1101.0,21.9,45.1,1.1687,True,False,False
9147,2005-03-26 19:00:00,2.2,1218.0,1009.0,553.0,1486.0,1108.0,19.7,51.8,1.1779,True,False,False
9148,2005-03-26 20:00:00,2.0,1183.0,914.0,604.0,1387.0,1078.0,18.7,54.5,1.1644,True,False,False
9149,2005-03-26 21:00:00,2.3,1242.0,978.0,564.0,1449.0,1210.0,17.8,58.1,1.1742,True,False,False
9150,2005-03-26 22:00:00,2.2,1263.0,990.0,553.0,1465.0,1270.0,17.3,60.8,1.1885,True,False,False
9151,2005-03-26 23:00:00,1.6,1139.0,865.0,625.0,1362.0,1119.0,16.5,63.8,1.1873,True,False,False
9152,2005-03-27 00:00:00,1.6,1166.0,829.0,632.0,1338.0,1133.0,16.3,65.2,1.1982,True,False,False
9153,2005-03-27 01:00:00,1.3,1079.0,727.0,724.0,1275.0,1010.0,16.5,63.8,1.1896,True,False,False
9154,2005-03-27 02:00:00,1.0,1008.0,669.0,791.0,1241.0,894.0,16.6,63.0,1.1784,True,False,False
9155,2005-03-27 03:00:00,1.0,1034.0,707.0,740.0,1267.0,930.0,16.2,64.3,1.1729,True,False,False
9156,2005-03-27 04:00:00,1.0,1001.0,675.0,778.0,1260.0,861.0,15.9,65.1,1.1654,True,False,False
9157,2005-03-27 05:00:00,0.8,977.0,605.0,852.0,1212.0,841.0,15.8,65.4,1.1629,True,False,False
9158,2005-03-27 06:00:00,0.7,986.0,602.0,878.0,1211.0,851.0,15.8,65.9,1.1792,True,False,False
9159,2005-03-27 07:00:00,1.1,1082.0,720.0,697.0,1297.0,960.0,15.6,67.7,1.1911,True,False,False
9160,2005-03-27 08:00:00,1.1,1068.0,688.0,725.0,1289.0,926.0,15.2,71.5,1.2228,True,False,False
9161,2005-03-27 09:00:00,1.1,1136.0,733.0,692.0,1344.0,901.0,14.5,80.8,1.3224,True,False,False
9162,2005-03-27 10:00:00,1.4,1184.0,743.0,672.0,1369.0,915.0,15.2,81.4,1.393,True,False,False
9163,2005-03-27 11:00:00,1.3,1179.0,738.0,680.0,1335.0,956.0,15.9,77.3,1.3838,True,False,False
9164,2005-03-27 12:00:00,1.5,1182.0,761.0,677.0,1338.0,1019.0,17.5,67.1,1.3342,True,False,False
9165,2005-03-27 13:00:00,1.3,1082.0,700.0,759.0,1286.0,842.0,18.1,62.8,1.2916,True,False,False
9166,2005-03-27 14:00:00,0.8,996.0,620.0,820.0,1238.0,612.0,18.6,62.1,1.3224,True,False,False
9167,2005-03-27 15:00:00,0.9,1024.0,630.0,862.0,1240.0,544.0,16.2,71.9,1.3171,True,False,False
9168,2005-03-27 16:00:00,1.4,1093.0,682.0,797.0,1256.0,638.0,15.4,75.2,1.3024,True,False,False
9169,2005-03-27 17:00:00,1.8,1170.0,756.0,713.0,1341.0,793.0,14.4,80.8,1.3182,True,False,False
9170,2005-03-27 18:00:00,1.6,1153.0,734.0,712.0,1324.0,811.0,13.8,83.5,1.3154,True,False,False
9171,2005-03-27 19:00:00,1.8,1220.0,796.0,652.0,1367.0,896.0,13.9,83.6,1.3208,True,False,False
9172,2005-03-27 20:00:00,2.1,1218.0,825.0,627.0,1393.0,978.0,14.2,82.3,1.3219,True,False,False
9173,2005-03-27 21:00:00,1.9,1172.0,810.0,637.0,1376.0,964.0,14.1,81.4,1.3046,True,False,False
9174,2005-03-27 22:00:00,1.7,1182.0,812.0,650.0,1368.0,993.0,14.4,79.0,1.2917,True,False,False
9175,2005-03-27 23:00:00,1.9,1160.0,794.0,658.0,1356.0,966.0,14.6,77.7,1.2834,True,False,False
9176,2005-03-28 00:00:00,1.6,1106.0,728.0,722.0,1309.0,885.0,14.4,78.6,1.2839,True,False,False
9177,2005-03-28 01:00:00,1.2,1031.0,652.0,803.0,1256.0,775.0,14.4,78.0,1.2741,True,False,False
9178,2005-03-28 02:00:00,1.0,1015.0,640.0,821.0,1247.0,738.0,14.1,79.1,1.2665,True,False,False
9179,2005-03-28 03:00:00,1.0,1003.0,635.0,829.0,1235.0,711.0,13.7,80.6,1.2528,True,False,False
9180,2005-03-28 04:00:00,0.8,951.0,583.0,905.0,1212.0,624.0,13.9,79.6,1.2616,True,False,False
9181,2005-03-28 05:00:00,0.6,938.0,575.0,955.0,1195.0,585.0,13.8,79.0,1.2425,True,False,False
9182,2005-03-28 06:00:00,0.6,933.0,574.0,937.0,1201.0,646.0,13.9,78.0,1.2346,True,False,False
9183,2005-03-28 07:00:00,1.0,1010.0,656.0,815.0,1260.0,809.0,14.1,77.8,1.2445,True,False,False
9184,2005-03-28 08:00:00,1.0,1025.0,675.0,798.0,1257.0,828.0,15.0,73.2,1.2413,True,False,False
9185,2005-03-28 09:00:00,1.3,1086.0,756.0,700.0,1308.0,894.0,16.4,67.3,1.2451,True,False,False
9186,2005-03-28 10:00:00,1.5,1111.0,773.0,690.0,1331.0,915.0,17.8,61.7,1.2436,True,False,False
9187,2005-03-28 11:00:00,1.6,1129.0,788.0,692.0,1305.0,920.0,20.8,50.4,1.2213,True,False,False
9188,2005-03-28 12:00:00,1.4,1097.0,721.0,746.0,1266.0,807.0,21.6,46.8,1.1959,True,False,False
9189,2005-03-28 13:00:00,1.4,1029.0,670.0,800.0,1223.0,678.0,23.1,41.3,1.1506,True,False,False
9190,2005-03-28 14:00:00,1.2,1071.0,752.0,736.0,1289.0,668.0,23.6,39.4,1.132,True,False,False
9191,2005-03-28 15:00:00,1.3,1053.0,721.0,764.0,1216.0,617.0,25.1,34.0,1.068,True,False,False
9192,2005-03-28 16:00:00,1.4,1055.0,693.0,789.0,1203.0,598.0,24.7,35.6,1.0882,True,False,False
9193,2005-03-28 17:00:00,1.6,1176.0,822.0,704.0,1294.0,778.0,24.2,38.1,1.1357,True,False,False
9194,2005-03-28 18:00:00,2.8,1293.0,965.0,589.0,1399.0,1062.0,22.7,42.4,1.154,True,False,False
9195,2005-03-28 19:00:00,3.7,1307.0,1063.0,554.0,1432.0,1224.0,19.6,47.8,1.0781,True,False,False
9196,2005-03-28 20:00:00,2.9,1163.0,954.0,600.0,1369.0,1118.0,17.6,54.4,1.0839,True,False,False
9197,2005-03-28 21:00:00,1.8,1103.0,861.0,660.0,1310.0,964.0,16.2,60.6,1.1089,True,False,False
9198,2005-03-28 22:00:00,1.6,1120.0,817.0,669.0,1310.0,1050.0,15.2,65.8,1.1288,True,False,False
9199,2005-03-28 23:00:00,1.7,1107.0,810.0,677.0,1311.0,1016.0,14.5,68.9,1.1298,True,False,False
9200,2005-03-29 00:00:00,1.5,1078.0,766.0,692.0,1269.0,998.0,14.3,68.5,1.1122,True,False,False
9201,2005-03-29 01:00:00,1.0,963.0,646.0,834.0,1181.0,846.0,14.7,66.4,1.1006,True,False,False
9202,2005-03-29 02:00:00,0.8,923.0,596.0,908.0,1148.0,762.0,13.4,70.4,1.0793,True,False,False
9203,2005-03-29 03:00:00,0.5,853.0,502.0,1117.0,1087.0,592.0,14.2,65.1,1.0495,True,False,False
9204,2005-03-29 04:00:00,,883.0,530.0,997.0,1102.0,617.0,13.7,68.2,1.0611,False,True,False
9205,2005-03-29 05:00:00,0.5,921.0,575.0,956.0,1143.0,672.0,13.7,67.8,1.0575,True,False,False
9206,2005-03-29 06:00:00,1.0,1031.0,748.0,738.0,1245.0,890.0,12.9,71.8,1.0657,True,False,False
9207,2005-03-29 07:00:00,3.0,1371.0,1180.0,472.0,1632.0,1354.0,13.2,69.9,1.0543,True,False,False
9208,2005-03-29 08:00:00,5.1,1519.0,1461.0,370.0,2005.0,1648.0,14.4,65.8,1.0727,True,False,False
9209,2005-03-29 09:00:00,4.3,1409.0,1262.0,434.0,1709.0,1566.0,15.3,63.3,1.092,True,False,False
9210,2005-03-29 10:00:00,3.3,1303.0,1128.0,489.0,1573.0,1541.0,17.7,55.6,1.112,True,False,False
9211,2005-03-29 11:00:00,2.4,1184.0,978.0,567.0,1425.0,1226.0,19.6,49.4,1.1176,True,False,False
9212,2005-03-29 12:00:00,2.4,1202.0,1052.0,519.0,1525.0,1126.0,18.1,58.3,1.2013,True,False,False
9213,2005-03-29 13:00:00,2.5,1197.0,1040.0,530.0,1519.0,1147.0,18.0,57.9,1.1826,True,False,False
9214,2005-03-29 14:00:00,2.3,1234.0,1049.0,523.0,1516.0,1190.0,18.6,55.0,1.1696,True,False,False
9215,2005-03-29 15:00:00,2.7,1247.0,1059.0,508.0,1550.0,1212.0,18.3,57.9,1.2047,True,False,False
9216,2005-03-29 16:00:00,2.7,1234.0,1060.0,509.0,1504.0,1251.0,18.3,54.8,1.1403,True,False,False
9217,2005-03-29 17:00:00,3.3,1339.0,1200.0,457.0,1671.0,1404.0,18.3,53.9,1.1252,True,False,False
9218,2005-03-29 18:00:00,3.9,1331.0,1160.0,474.0,1598.0,1419.0,18.5,54.6,1.1515,True,False,False
9219,2005-03-29 19:00:00,2.6,1251.0,1097.0,502.0,1541.0,1328.0,17.1,61.5,1.191,True,False,False
9220,2005-03-29 20:00:00,3.2,1267.0,1102.0,498.0,1545.0,1378.0,16.4,62.5,1.1531,True,False,False
9221,2005-03-29 21:00:00,2.3,1145.0,938.0,591.0,1376.0,1159.0,15.2,64.2,1.0983,True,False,False
9222,2005-03-29 22:00:00,1.4,1010.0,752.0,740.0,1218.0,932.0,14.6,67.3,1.1102,True,False,False
9223,2005-03-29 23:00:00,1.1,1025.0,761.0,745.0,1237.0,942.0,13.5,70.8,1.0928,True,False,False
9224,2005-03-30 00:00:00,1.2,1024.0,759.0,721.0,1224.0,944.0,13.0,71.9,1.0697,True,False,False
9225,2005-03-30 01:00:00,0.9,938.0,679.0,829.0,1144.0,798.0,13.0,70.2,1.0457,True,False,False
9226,2005-03-30 02:00:00,0.7,905.0,615.0,885.0,1104.0,776.0,11.6,74.9,1.0224,True,False,False
9227,2005-03-30 03:00:00,0.5,826.0,512.0,1108.0,1043.0,636.0,12.5,67.4,0.9722,True,False,False
9228,2005-03-30 04:00:00,0.4,879.0,539.0,1045.0,1073.0,678.0,11.5,71.5,0.9684,True,False,False
9229,2005-03-30 05:00:00,0.5,901.0,589.0,933.0,1109.0,754.0,10.2,77.9,0.9692,True,False,False
9230,2005-03-30 06:00:00,0.8,948.0,702.0,801.0,1164.0,818.0,11.0,73.1,0.9554,True,False,False
9231,2005-03-30 07:00:00,2.3,1250.0,1069.0,532.0,1457.0,1202.0,10.7,73.6,0.9439,True,False,False
9232,2005-03-30 08:00:00,2.9,1263.0,1138.0,503.0,1533.0,1296.0,12.1,67.3,0.9499,True,False,False
9233,2005-03-30 09:00:00,3.1,1319.0,1164.0,489.0,1543.0,1418.0,15.1,58.6,0.9982,True,False,False
9234,2005-03-30 10:00:00,2.7,1202.0,1055.0,534.0,1458.0,1293.0,18.6,49.5,1.052,True,False,False
9235,2005-03-30 11:00:00,1.8,1109.0,896.0,629.0,1308.0,1027.0,20.9,42.5,1.037,True,False,False
9236,2005-03-30 12:00:00,1.9,1136.0,962.0,594.0,1350.0,1052.0,23.6,34.8,0.9986,True,False,False
9237,2005-03-30 13:00:00,1.8,1082.0,910.0,629.0,1301.0,875.0,25.6,28.5,0.9199,True,False,False
9238,2005-03-30 14:00:00,1.8,1070.0,947.0,609.0,1292.0,815.0,26.1,26.3,0.875,True,False,False
9239,2005-03-30 15:00:00,1.8,1070.0,917.0,633.0,1252.0,760.0,26.6,24.9,0.8525,True,False,False
9240,2005-03-30 16:00:00,1.7,1123.0,945.0,623.0,1303.0,856.0,25.1,28.5,0.8932,True,False,False
9241,2005-03-30 17:00:00,3.2,1271.0,1183.0,493.0,1498.0,1258.0,24.1,32.1,0.9504,True,False,False
9242,2005-03-30 18:00:00,3.4,1304.0,1212.0,476.0,1585.0,1383.0,21.5,39.1,0.9914,True,False,False
9243,2005-03-30 19:00:00,4.2,1360.0,1295.0,451.0,1639.0,1518.0,19.3,46.2,1.023,True,False,False
9244,2005-03-30 20:00:00,3.5,1278.0,1147.0,505.0,1536.0,1890.0,18.2,52.6,1.0911,True,False,False
9245,2005-03-30 21:00:00,2.0,1130.0,933.0,608.0,1373.0,1389.0,16.8,58.2,1.1022,True,False,False
9246,2005-03-30 22:00:00,1.4,1066.0,802.0,689.0,1282.0,1090.0,16.0,61.9,1.115,True,False,False
9247,2005-03-30 23:00:00,1.5,1090.0,841.0,661.0,1317.0,1092.0,15.3,65.4,1.126,True,False,False
9248,2005-03-31 00:00:00,1.2,1013.0,754.0,729.0,1245.0,954.0,14.5,67.8,1.1171,True,False,False
9249,2005-03-31 01:00:00,1.1,998.0,718.0,757.0,1230.0,951.0,14.2,68.6,1.1068,True,False,False
9250,2005-03-31 02:00:00,0.7,923.0,616.0,874.0,1169.0,790.0,13.9,68.7,1.0892,True,False,False
9251,2005-03-31 03:00:00,0.6,904.0,565.0,942.0,1144.0,752.0,13.1,72.5,1.0911,True,False,False
9252,2005-03-31 04:00:00,0.5,884.0,556.0,965.0,1135.0,708.0,12.9,72.7,1.076,True,False,False
9253,2005-03-31 05:00:00,0.6,936.0,628.0,876.0,1173.0,782.0,12.3,74.2,1.0583,True,False,False
9254,2005-03-31 06:00:00,0.9,1068.0,816.0,681.0,1264.0,1011.0,12.6,71.5,1.038,True,False,False
9255,2005-03-31 07:00:00,4.0,1531.0,1394.0,407.0,1860.0,1683.0,12.7,69.6,1.0206,True,False,False
9256,2005-03-31 08:00:00,4.1,1184.0,1012.0,567.0,1397.0,1341.0,16.8,51.6,0.9818,True,False,False
9257,2005-03-31 09:00:00,1.9,1064.0,848.0,692.0,1212.0,1014.0,20.3,40.1,0.9439,True,False,False
9258,2005-03-31 10:00:00,1.3,996.0,759.0,773.0,1119.0,751.0,21.0,37.3,0.9139,True,False,False
9259,2005-03-31 11:00:00,1.2,984.0,724.0,810.0,1088.0,630.0,21.0,36.9,0.9089,True,False,False
9260,2005-03-31 12:00:00,1.2,980.0,728.0,808.0,1098.0,565.0,22.8,33.0,0.904,True,False,False
9261,2005-03-31 13:00:00,1.2,970.0,710.0,833.0,1094.0,535.0,24.0,30.3,0.8925,True,False,False
9262,2005-03-31 14:00:00,0.9,940.0,656.0,913.0,1052.0,471.0,22.6,33.2,0.9007,True,False,False
9263,2005-03-31 15:00:00,1.0,963.0,691.0,857.0,1075.0,512.0,22.5,32.9,0.8846,True,False,False
9264,2005-03-31 16:00:00,1.1,961.0,702.0,849.0,1070.0,527.0,21.5,33.8,0.8575,True,False,False
9265,2005-03-31 17:00:00,1.5,1067.0,836.0,713.0,1206.0,690.0,21.4,36.4,0.9172,True,False,False
9266,2005-03-31 18:00:00,2.1,1084.0,866.0,682.0,1219.0,778.0,20.0,38.9,0.8974,True,False,False
9267,2005-03-31 19:00:00,2.1,1102.0,912.0,647.0,1287.0,872.0,17.8,45.2,0.9123,True,False,False
9268,2005-03-31 20:00:00,1.5,976.0,731.0,787.0,1095.0,622.0,16.3,47.3,0.8686,True,False,False
9269,2005-03-31 21:00:00,1.0,895.0,607.0,944.0,1012.0,512.0,16.3,44.8,0.8244,True,False,False
9270,2005-03-31 22:00:00,0.8,886.0,568.0,1015.0,992.0,438.0,15.6,47.1,0.8273,True,False,False
9271,2005-03-31 23:00:00,0.8,886.0,589.0,975.0,1001.0,443.0,15.1,47.6,0.8139,True,False,False
9272,2005-04-01 00:00:00,0.7,848.0,541.0,1067.0,937.0,392.0,15.1,44.5,0.7569,True,False,False
9273,2005-04-01 01:00:00,0.6,818.0,497.0,1198.0,885.0,347.0,14.6,43.0,0.7108,True,False,False
9274,2005-04-01 02:00:00,0.5,848.0,509.0,1126.0,882.0,341.0,14.5,43.7,0.7163,True,False,False
9275,2005-04-01 03:00:00,0.5,826.0,488.0,1187.0,895.0,322.0,13.6,46.7,0.7245,True,False,False
9276,2005-04-01 04:00:00,,818.0,473.0,1257.0,898.0,323.0,13.7,48.8,0.7606,False,True,False
9277,2005-04-01 05:00:00,0.5,868.0,535.0,1136.0,944.0,395.0,13.5,50.6,0.7783,True,False,False
9278,2005-04-01 06:00:00,0.6,901.0,586.0,993.0,979.0,510.0,13.7,47.4,0.7412,True,False,False
9279,2005-04-01 07:00:00,1.5,1044.0,845.0,710.0,1158.0,909.0,13.7,45.9,0.7154,True,False,False
9280,2005-04-01 08:00:00,1.9,1030.0,828.0,705.0,1130.0,869.0,16.1,41.0,0.7435,True,False,False
9281,2005-04-01 09:00:00,1.3,965.0,730.0,799.0,1038.0,652.0,16.1,41.5,0.7559,True,False,False
9282,2005-04-01 10:00:00,1.0,948.0,684.0,851.0,1011.0,599.0,16.5,40.8,0.757,True,False,False
9283,2005-04-01 11:00:00,1.0,939.0,687.0,870.0,981.0,550.0,18.9,33.8,0.7312,True,False,False
9284,2005-04-01 12:00:00,1.1,925.0,713.0,853.0,957.0,518.0,19.2,29.5,0.648,True,False,False
9285,2005-04-01 13:00:00,1.3,924.0,739.0,834.0,966.0,541.0,19.9,26.3,0.6054,True,False,False
9286,2005-04-01 14:00:00,1.0,891.0,669.0,923.0,911.0,456.0,19.2,27.0,0.5934,True,False,False
9287,2005-04-01 15:00:00,1.1,897.0,687.0,908.0,916.0,467.0,19.4,25.3,0.5625,True,False,False
9288,2005-04-01 16:00:00,1.4,939.0,726.0,890.0,955.0,508.0,18.9,26.2,0.5667,True,False,False
9289,2005-04-01 17:00:00,1.5,943.0,770.0,856.0,959.0,583.0,19.3,24.7,0.5483,True,False,False
9290,2005-04-01 18:00:00,1.6,928.0,790.0,812.0,951.0,609.0,17.1,25.3,0.4881,True,False,False
9291,2005-04-01 19:00:00,2.2,961.0,874.0,747.0,1003.0,757.0,15.6,26.2,0.4604,True,False,False
9292,2005-04-01 20:00:00,1.4,867.0,694.0,906.0,858.0,539.0,13.8,30.6,0.479,True,False,False
9293,2005-04-01 21:00:00,0.9,823.0,579.0,1070.0,778.0,420.0,13.1,31.7,0.4756,True,False,False
9294,2005-04-01 22:00:00,0.8,835.0,593.0,1072.0,793.0,408.0,13.2,31.8,0.4798,True,False,False
9295,2005-04-01 23:00:00,1.1,893.0,675.0,955.0,853.0,560.0,13.6,30.8,0.4779,True,False,False
9296,2005-04-02 00:00:00,1.5,965.0,803.0,802.0,951.0,889.0,13.1,32.0,0.4817,True,False,False
9297,2005-04-02 01:00:00,1.1,838.0,580.0,1055.0,791.0,516.0,12.7,33.6,0.4902,True,False,False
9298,2005-04-02 02:00:00,0.6,835.0,546.0,1111.0,768.0,391.0,12.2,35.6,0.5038,True,False,False
9299,2005-04-02 03:00:00,0.5,820.0,536.0,1137.0,777.0,374.0,11.9,35.6,0.4945,True,False,False
9300,2005-04-02 04:00:00,0.4,815.0,488.0,1223.0,742.0,326.0,11.2,38.3,0.5099,True,False,False
9301,2005-04-02 05:00:00,0.4,842.0,535.0,1140.0,805.0,352.0,11.0,40.5,0.5316,True,False,False
9302,2005-04-02 06:00:00,0.6,884.0,587.0,999.0,863.0,566.0,10.7,42.8,0.5489,True,False,False
9303,2005-04-02 07:00:00,0.9,922.0,658.0,898.0,922.0,706.0,11.1,43.3,0.572,True,False,False
9304,2005-04-02 08:00:00,0.9,903.0,618.0,933.0,899.0,575.0,14.2,36.9,0.5939,True,False,False
9305,2005-04-02 09:00:00,0.8,899.0,631.0,955.0,884.0,505.0,15.6,33.3,0.5861,True,False,False
9306,2005-04-02 10:00:00,1.0,890.0,634.0,952.0,856.0,471.0,16.3,30.0,0.5514,True,False,False
9307,2005-04-02 11:00:00,0.8,877.0,632.0,993.0,834.0,421.0,17.0,26.1,0.5036,True,False,False
9308,2005-04-02 12:00:00,0.8,867.0,613.0,1019.0,817.0,389.0,19.3,22.3,0.495,True,False,False
9309,2005-04-02 13:00:00,1.0,892.0,614.0,986.0,843.0,408.0,20.5,21.9,0.5215,True,False,False
9310,2005-04-02 14:00:00,0.8,889.0,603.0,1022.0,853.0,382.0,22.0,20.2,0.5274,True,False,False
9311,2005-04-02 15:00:00,0.8,900.0,622.0,1008.0,861.0,387.0,21.7,20.9,0.5367,True,False,False
9312,2005-04-02 16:00:00,0.9,910.0,644.0,971.0,873.0,428.0,21.6,20.8,0.5292,True,False,False
9313,2005-04-02 17:00:00,1.1,947.0,682.0,906.0,928.0,488.0,21.0,22.3,0.5468,True,False,False
9314,2005-04-02 18:00:00,1.1,947.0,708.0,858.0,958.0,556.0,18.6,26.6,0.5631,True,False,False
9315,2005-04-02 19:00:00,1.2,936.0,685.0,866.0,942.0,568.0,15.5,33.9,0.5957,True,False,False
9316,2005-04-02 20:00:00,1.1,925.0,645.0,904.0,930.0,546.0,14.3,38.0,0.6162,True,False,False
9317,2005-04-02 21:00:00,0.8,885.0,567.0,1021.0,872.0,428.0,13.5,39.4,0.6089,True,False,False
9318,2005-04-02 22:00:00,0.7,891.0,567.0,1031.0,881.0,418.0,13.1,41.3,0.6184,True,False,False
9319,2005-04-02 23:00:00,0.7,904.0,593.0,1012.0,894.0,472.0,13.5,37.8,0.5815,True,False,False
9320,2005-04-03 00:00:00,0.8,929.0,617.0,953.0,898.0,544.0,13.5,37.4,0.5745,True,False,False
9321,2005-04-03 01:00:00,0.8,951.0,642.0,895.0,929.0,666.0,12.7,40.8,0.5977,True,False,False
9322,2005-04-03 02:00:00,0.7,938.0,631.0,882.0,931.0,679.0,12.0,44.2,0.6177,True,False,False
9323,2005-04-03 03:00:00,0.8,921.0,642.0,861.0,948.0,768.0,10.5,48.7,0.6164,True,False,False
9324,2005-04-03 04:00:00,0.5,850.0,583.0,955.0,914.0,589.0,10.1,49.7,0.6122,True,False,False
9325,2005-04-03 05:00:00,0.3,811.0,494.0,1118.0,872.0,470.0,9.6,51.0,0.6082,True,False,False
9326,2005-04-03 06:00:00,0.4,848.0,530.0,1072.0,901.0,523.0,9.1,52.4,0.6074,True,False,False
9327,2005-04-03 07:00:00,0.6,882.0,563.0,978.0,936.0,660.0,8.9,52.7,0.6034,True,False,False
9328,2005-04-03 08:00:00,0.7,936.0,611.0,911.0,949.0,741.0,13.5,40.0,0.6168,True,False,False
9329,2005-04-03 09:00:00,1.2,1022.0,715.0,806.0,1004.0,831.0,17.8,30.7,0.6205,True,False,False
9330,2005-04-03 10:00:00,1.4,970.0,677.0,888.0,931.0,613.0,21.1,23.7,0.5875,True,False,False
9331,2005-04-03 11:00:00,1.3,1000.0,779.0,805.0,1001.0,640.0,24.0,19.3,0.5673,True,False,False
9332,2005-04-03 12:00:00,1.4,996.0,781.0,806.0,985.0,631.0,26.5,16.4,0.5594,True,False,False
9333,2005-04-03 13:00:00,1.0,928.0,701.0,926.0,902.0,456.0,28.7,13.7,0.5302,True,False,False
9334,2005-04-03 14:00:00,1.0,933.0,722.0,899.0,890.0,450.0,28.5,13.1,0.5002,True,False,False
9335,2005-04-03 15:00:00,1.1,956.0,783.0,857.0,896.0,516.0,30.0,11.1,0.4624,True,False,False
9336,2005-04-03 16:00:00,1.3,968.0,826.0,867.0,898.0,548.0,29.4,10.4,0.4192,True,False,False
9337,2005-04-03 17:00:00,1.4,953.0,817.0,872.0,891.0,603.0,28.9,9.9,0.3866,True,False,False
9338,2005-04-03 18:00:00,1.2,1015.0,743.0,851.0,981.0,597.0,22.8,21.7,0.5945,True,False,False
9339,2005-04-03 19:00:00,2.7,1248.0,1018.0,599.0,1289.0,1167.0,19.9,33.0,0.7608,True,False,False
9340,2005-04-03 20:00:00,2.5,1180.0,894.0,636.0,1200.0,1372.0,17.5,40.7,0.8073,True,False,False
9341,2005-04-03 21:00:00,1.5,1102.0,812.0,693.0,1178.0,1042.0,16.4,46.6,0.8642,True,False,False
9342,2005-04-03 22:00:00,1.6,1116.0,803.0,696.0,1173.0,1055.0,15.5,49.0,0.8579,True,False,False
9343,2005-04-03 23:00:00,1.2,1100.0,769.0,722.0,1147.0,1049.0,14.3,52.5,0.8497,True,False,False
9344,2005-04-04 00:00:00,0.9,1012.0,683.0,801.0,1073.0,816.0,14.2,51.4,0.8275,True,False,False
9345,2005-04-04 01:00:00,0.6,944.0,579.0,925.0,1002.0,598.0,13.8,51.2,0.8058,True,False,False
9346,2005-04-04 02:00:00,0.5,912.0,544.0,959.0,1002.0,573.0,12.1,56.3,0.7927,True,False,False
9347,2005-04-04 03:00:00,0.4,887.0,508.0,1047.0,974.0,549.0,11.3,58.9,0.7888,True,False,False
9348,2005-04-04 04:00:00,,864.0,478.0,1116.0,958.0,489.0,11.8,56.0,0.7743,False,True,False
9349,2005-04-04 05:00:00,0.5,888.0,528.0,1077.0,987.0,578.0,10.4,59.9,0.755,True,False,False
9350,2005-04-04 06:00:00,1.1,1031.0,730.0,760.0,1129.0,905.0,9.5,63.1,0.7531,True,False,False
9351,2005-04-04 07:00:00,4.0,1384.0,1221.0,470.0,1600.0,1457.0,9.7,61.9,0.7446,True,False,False
9352,2005-04-04 08:00:00,5.0,1446.0,1362.0,415.0,1777.0,1705.0,13.5,48.9,0.7553,True,False,False
9353,2005-04-04 09:00:00,3.9,1297.0,1102.0,507.0,1375.0,1583.0,18.2,36.3,0.7487,True,False,False
9354,2005-04-04 10:00:00,3.1,1314.0,1101.0,539.0,1374.0,1729.0,21.9,29.3,0.7568,True,False,False
9355,2005-04-04 11:00:00,2.4,1163.0,1027.0,604.0,1264.0,1269.0,24.3,23.7,0.7119,True,False,False
9356,2005-04-04 12:00:00,2.4,1142.0,1063.0,603.0,1241.0,1092.0,26.9,18.3,0.6406,True,False,False
9357,2005-04-04 13:00:00,2.1,1003.0,961.0,702.0,1041.0,770.0,28.3,13.5,0.5139,True,False,False
9358,2005-04-04 14:00:00,2.2,1071.0,1047.0,654.0,1129.0,816.0,28.5,13.1,0.5028,True,False,False
