source_row,timestamp,split
2,2004-03-10 18:00:00,train
3,2004-03-10 19:00:00,train
4,2004-03-10 20:00:00,train
5,2004-03-10 21:00:00,train
6,2004-03-10 22:00:00,train
7,2004-03-10 23:00:00,train
8,2004-03-11 00:00:00,train
9,2004-03-11 01:00:00,train
10,2004-03-11 02:00:00,train
11,2004-03-11 03:00:00,train
13,2004-03-11 05:00:00,train
14,2004-03-11 06:00:00,train
15,2004-03-11 07:00:00,train
16,2004-03-11 08:00:00,train
17,2004-03-11 09:00:00,train
18,2004-03-11 10:00:00,train
19,2004-03-11 11:00:00,train
20,2004-03-11 12:00:00,train
21,2004-03-11 13:00:00,train
22,2004-03-11 14:00:00,train
23,2004-03-11 15:00:00,train
24,2004-03-11 16:00:00,train
25,2004-03-11 17:00:00,train
26,2004-03-11 18:00:00,train
27,2004-03-11 19:00:00,train
28,2004-03-11 20:00:00,train
29,2004-03-11 21:00:00,train
30,2004-03-11 22:00:00,train
31,2004-03-11 23:00:00,train
32,2004-03-12 00:00:00,train
33,2004-03-12 01:00:00,train
34,2004-03-12 02:00:00,train
35,2004-03-12 03:00:00,train
37,2004-03-12 05:00:00,train
38,2004-03-12 06:00:00,train
39,2004-03-12 07:00:00,train
40,2004-03-12 08:00:00,train
42,2004-03-12 10:00:00,train
43,2004-03-12 11:00:00,train
44,2004-03-12 12:00:00,train
45,2004-03-12 13:00:00,train
46,2004-03-12 14:00:00,train
47,2004-03-12 15:00:00,train
48,2004-03-12 16:00:00,train
49,2004-03-12 17:00:00,train
50,2004-03-12 18:00:00,train
51,2004-03-12 19:00:00,train
52,2004-03-12 20:00:00,train
53,2004-03-12 21:00:00,train
54,2004-03-12 22:00:00,train
55,2004-03-12 23:00:00,train
56,2004-03-13 00:00:00,train
57,2004-03-13 01:00:00,train
58,2004-03-13 02:00:00,train
59,2004-03-13 03:00:00,train
61,2004-03-13 05:00:00,train
62,2004-03-13 06:00:00,train
63,2004-03-13 07:00:00,train
64,2004-03-13 08:00:00,train
65,2004-03-13 09:00:00,train
66,2004-03-13 10:00:00,train
67,2004-03-13 11:00:00,train
68,2004-03-13 12:00:00,train
69,2004-03-13 13:00:00,train
70,2004-03-13 14:00:00,train
71,2004-03-13 15:00:00,train
72,2004-03-13 16:00:00,train
73,2004-03-13 17:00:00,train
74,2004-03-13 18:00:00,train
75,2004-03-13 19:00:00,train
76,2004-03-13 20:00:00,train
77,2004-03-13 21:00:00,train
78,2004-03-13 22:00:00,train
79,2004-03-13 23:00:00,train
80,2004-03-14 00:00:00,train
81,2004-03-14 01:00:00,train
82,2004-03-14 02:00:00,train
83,2004-03-14 03:00:00,train
85,2004-03-14 05:00:00,train
86,2004-03-14 06:00:00,train
87,2004-03-14 07:00:00,train
88,2004-03-14 08:00:00,train
89,2004-03-14 09:00:00,train
90,2004-03-14 10:00:00,train
91,2004-03-14 11:00:00,train
92,2004-03-14 12:00:00,train
93,2004-03-14 13:00:00,train
94,2004-03-14 14:00:00,train
95,2004-03-14 15:00:00,train
96,2004-03-14 16:00:00,train
97,2004-03-14 17:00:00,train
98,2004-03-14 18:00:00,train
99,2004-03-14 19:00:00,train
100,2004-03-14 20:00:00,train
101,2004-03-14 21:00:00,train
102,2004-03-14 22:00:00,train
103,2004-03-14 23:00:00,train
104,2004-03-15 00:00:00,train
105,2004-03-15 01:00:00,train
106,2004-03-15 02:00:00,train
107,2004-03-15 03:00:00,train
109,2004-03-15 05:00:00,train
110,2004-03-15 06:00:00,train
111,2004-03-15 07:00:00,train
112,2004-03-15 08:00:00,train
113,2004-03-15 09:00:00,train
114,2004-03-15 10:00:00,train
115,2004-03-15 11:00:00,train
116,2004-03-15 12:00:00,train
117,2004-03-15 13:00:00,train
118,2004-03-15 14:00:00,train
119,2004-03-15 15:00:00,train
120,2004-03-15 16:00:00,train
121,2004-03-15 17:00:00,train
122,2004-03-15 18:00:00,train
123,2004-03-15 19:00:00,train
124,2004-03-15 20:00:00,train
125,2004-03-15 21:00:00,train
126,2004-03-15 22:00:00,train
127,2004-03-15 23:00:00,train
128,2004-03-16 00:00:00,train
129,2004-03-16 01:00:00,train
130,2004-03-16 02:00:00,train
131,2004-03-16 03:00:00,train
133,2004-03-16 05:00:00,train
134,2004-03-16 06:00:00,train
135,2004-03-16 07:00:00,train
136,2004-03-16 08:00:00,train
137,2004-03-16 09:00:00,train
138,2004-03-16 10:00:00,train
139,2004-03-16 11:00:00,train
140,2004-03-16 12:00:00,train
141,2004-03-16 13:00:00,train
142,2004-03-16 14:00:00,train
143,2004-03-16 15:00:00,train
144,2004-03-16 16:00:00,train
145,2004-03-16 17:00:00,train
146,2004-03-16 18:00:00,train
147,2004-03-16 19:00:00,train
148,2004-03-16 20:00:00,train
149,2004-03-16 21:00:00,train
150,2004-03-16 22:00:00,train
151,2004-03-16 23:00:00,train
152,2004-03-17 00:00:00,train
153,2004-03-17 01:00:00,train
154,2004-03-17 02:00:00,train
155,2004-03-17 03:00:00,train
157,2004-03-17 05:00:00,train
158,2004-03-17 06:00:00,train
159,2004-03-17 07:00:00,train
160,2004-03-17 08:00:00,train
161,2004-03-17 09:00:00,train
162,2004-03-17 10:00:00,train
163,2004-03-17 11:00:00,train
164,2004-03-17 12:00:00,train
165,2004-03-17 13:00:00,train
166,2004-03-17 14:00:00,train
167,2004-03-17 15:00:00,train
168,2004-03-17 16:00:00,train
169,2004-03-17 17:00:00,train
170,2004-03-17 18:00:00,train
171,2004-03-17 19:00:00,train
172,2004-03-17 20:00:00,train
173,2004-03-17 21:00:00,train
174,2004-03-17 22:00:00,train
175,2004-03-17 23:00:00,train
176,2004-03-18 00:00:00,train
177,2004-03-18 01:00:00,train
178,2004-03-18 02:00:00,train
179,2004-03-18 03:00:00,train
181,2004-03-18 05:00:00,train
182,2004-03-18 06:00:00,train
183,2004-03-18 07:00:00,train
184,2004-03-18 08:00:00,train
185,2004-03-18 09:00:00,train
186,2004-03-18 10:00:00,train
187,2004-03-18 11:00:00,train
188,2004-03-18 12:00:00,train
189,2004-03-18 13:00:00,train
190,2004-03-18 14:00:00,train
191,2004-03-18 15:00:00,train
192,2004-03-18 16:00:00,train
193,2004-03-18 17:00:00,train
194,2004-03-18 18:00:00,train
195,2004-03-18 19:00:00,train
196,2004-03-18 20:00:00,train
197,2004-03-18 21:00:00,train
198,2004-03-18 22:00:00,train
199,2004-03-18 23:00:00,train
200,2004-03-19 00:00:00,train
201,2004-03-19 01:00:00,train
202,2004-03-19 02:00:00,train
203,2004-03-19 03:00:00,train
205,2004-03-19 05:00:00,train
206,2004-03-19 06:00:00,train
207,2004-03-19 07:00:00,train
208,2004-03-19 08:00:00,train
209,2004-03-19 09:00:00,train
210,2004-03-19 10:00:00,train
211,2004-03-19 11:00:00,train
212,2004-03-19 12:00:00,train
213,2004-03-19 13:00:00,train
214,2004-03-19 14:00:00,train
215,2004-03-19 15:00:00,train
216,2004-03-19 16:00:00,train
217,2004-03-19 17:00:00,train
218,2004-03-19 18:00:00,train
219,2004-03-19 19:00:00,train
220,2004-03-19 20:00:00,train
221,2004-03-19 21:00:00,train
222,2004-03-19 22:00:00,train
223,2004-03-19 23:00:00,train
224,2004-03-20 00:00:00,train
225,2004-03-20 01:00:00,train
226,2004-03-20 02:00:00,train
227,2004-03-20 03:00:00,train
229,2004-03-20 05:00:00,train
230,2004-03-20 06:00:00,train
231,2004-03-20 07:00:00,train
232,2004-03-20 08:00:00,train
233,2004-03-20 09:00:00,train
234,2004-03-20 10:00:00,train
235,2004-03-20 11:00:00,train
236,2004-03-20 12:00:00,train
237,2004-03-20 13:00:00,train
238,2004-03-20 14:00:00,train
239,2004-03-20 15:00:00,train
240,2004-03-20 16:00:00,train
241,2004-03-20 17:00:00,train
242,2004-03-20 18:00:00,train
243,2004-03-20 19:00:00,train
244,2004-03-20 20:00:00,train
245,2004-03-20 21:00:00,train
246,2004-03-20 22:00:00,train
247,2004-03-20 23:00:00,train
248,2004-03-21 00:00:00,train
249,2004-03-21 01:00:00,train
250,2004-03-21 02:00:00,train
251,2004-03-21 03:00:00,train
253,2004-03-21 05:00:00,train
254,2004-03-21 06:00:00,train
255,2004-03-21 07:00:00,train
256,2004-03-21 08:00:00,train
257,2004-03-21 09:00:00,train
258,2004-03-21 10:00:00,train
259,2004-03-21 11:00:00,train
260,2004-03-21 12:00:00,train
261,2004-03-21 13:00:00,train
262,2004-03-21 14:00:00,train
263,2004-03-21 15:00:00,train
264,2004-03-21 16:00:00,train
265,2004-03-21 17:00:00,train
266,2004-03-21 18:00:00,train
267,2004-03-21 19:00:00,train
268,2004-03-21 20:00:00,train
269,2004-03-21 21:00:00,train
270,2004-03-21 22:00:00,train
271,2004-03-21 23:00:00,train
272,2004-03-22 00:00:00,train
273,2004-03-22 01:00:00,train
274,2004-03-22 02:00:00,train
275,2004-03-22 03:00:00,train
277,2004-03-22 05:00:00,train
278,2004-03-22 06:00:00,train
279,2004-03-22 07:00:00,train
280,2004-03-22 08:00:00,train
281,2004-03-22 09:00:00,train
282,2004-03-22 10:00:00,train
283,2004-03-22 11:00:00,train
284,2004-03-22 12:00:00,train
285,2004-03-22 13:00:00,train
286,2004-03-22 14:00:00,train
287,2004-03-22 15:00:00,train
288,2004-03-22 16:00:00,train
289,2004-03-22 17:00:00,train
290,2004-03-22 18:00:00,train
291,2004-03-22 19:00:00,train
292,2004-03-22 20:00:00,train
293,2004-03-22 21:00:00,train
294,2004-03-22 22:00:00,train
295,2004-03-22 23:00:00,train
296,2004-03-23 00:00:00,train
297,2004-03-23 01:00:00,train
298,2004-03-23 02:00:00,train
299,2004-03-23 03:00:00,train
301,2004-03-23 05:00:00,train
302,2004-03-23 06:00:00,train
303,2004-03-23 07:00:00,train
304,2004-03-23 08:00:00,train
305,2004-03-23 09:00:00,train
306,2004-03-23 10:00:00,train
307,2004-03-23 11:00:00,train
308,2004-03-23 12:00:00,train
309,2004-03-23 13:00:00,train
310,2004-03-23 14:00:00,train
311,2004-03-23 15:00:00,train
312,2004-03-23 16:00:00,train
313,2004-03-23 17:00:00,train
314,2004-03-23 18:00:00,train
315,2004-03-23 19:00:00,train
316,2004-03-23 20:00:00,train
317,2004-03-23 21:00:00,train
318,2004-03-23 22:00:00,train
319,2004-03-23 23:00:00,train
320,2004-03-24 00:00:00,train
321,2004-03-24 01:00:00,train
322,2004-03-24 02:00:00,train
323,2004-03-24 03:00:00,train
325,2004-03-24 05:00:00,train
326,2004-03-24 06:00:00,train
327,2004-03-24 07:00:00,train
328,2004-03-24 08:00:00,train
329,2004-03-24 09:00:00,train
330,2004-03-24 10:00:00,train
331,2004-03-24 11:00:00,train
332,2004-03-24 12:00:00,train
333,2004-03-24 13:00:00,train
334,2004-03-24 14:00:00,train
336,2004-03-24 16:00:00,train
337,2004-03-24 17:00:00,train
338,2004-03-24 18:00:00,train
339,2004-03-24 19:00:00,train
340,2004-03-24 20:00:00,train
341,2004-03-24 21:00:00,train
342,2004-03-24 22:00:00,train
343,2004-03-24 23:00:00,train
344,2004-03-25 00:00:00,train
345,2004-03-25 01:00:00,train
346,2004-03-25 02:00:00,train
347,2004-03-25 03:00:00,train
348,2004-03-25 04:00:00,train
349,2004-03-25 05:00:00,train
350,2004-03-25 06:00:00,train
351,2004-03-25 07:00:00,train
352,2004-03-25 08:00:00,train
353,2004-03-25 09:00:00,train
354,2004-03-25 10:00:00,train
355,2004-03-25 11:00:00,train
356,2004-03-25 12:00:00,train
357,2004-03-25 13:00:00,train
358,2004-03-25 14:00:00,train
359,2004-03-25 15:00:00,train
360,2004-03-25 16:00:00,train
361,2004-03-25 17:00:00,train
362,2004-03-25 18:00:00,train
363,2004-03-25 19:00:00,train
364,2004-03-25 20:00:00,train
365,2004-03-25 21:00:00,train
366,2004-03-25 22:00:00,train
367,2004-03-25 23:00:00,train
368,2004-03-26 00:00:00,train
369,2004-03-26 01:00:00,train
370,2004-03-26 02:00:00,train
371,2004-03-26 03:00:00,train
372,2004-03-26 04:00:00,train
373,2004-03-26 05:00:00,train
374,2004-03-26 06:00:00,train
375,2004-03-26 07:00:00,train
376,2004-03-26 08:00:00,train
377,2004-03-26 09:00:00,train
378,2004-03-26 10:00:00,train
379,2004-03-26 11:00:00,train
380,2004-03-26 12:00:00,train
381,2004-03-26 13:00:00,train
382,2004-03-26 14:00:00,train
383,2004-03-26 15:00:00,train
384,2004-03-26 16:00:00,train
385,2004-03-26 17:00:00,train
386,2004-03-26 18:00:00,train
387,2004-03-26 19:00:00,train
388,2004-03-26 20:00:00,train
389,2004-03-26 21:00:00,train
390,2004-03-26 22:00:00,train
391,2004-03-26 23:00:00,train
392,2004-03-27 00:00:00,train
393,2004-03-27 01:00:00,train
394,2004-03-27 02:00:00,train
395,2004-03-27 03:00:00,train
397,2004-03-27 05:00:00,train
398,2004-03-27 06:00:00,train
399,2004-03-27 07:00:00,train
400,2004-03-27 08:00:00,train
401,2004-03-27 09:00:00,train
402,2004-03-27 10:00:00,train
403,2004-03-27 11:00:00,train
404,2004-03-27 12:00:00,train
405,2004-03-27 13:00:00,train
406,2004-03-27 14:00:00,train
407,2004-03-27 15:00:00,train
408,2004-03-27 16:00:00,train
409,2004-03-27 17:00:00,train
410,2004-03-27 18:00:00,train
411,2004-03-27 19:00:00,train
412,2004-03-27 20:00:00,train
413,2004-03-27 21:00:00,train
414,2004-03-27 22:00:00,train
415,2004-03-27 23:00:00,train
416,2004-03-28 00:00:00,train
417,2004-03-28 01:00:00,train
418,2004-03-28 02:00:00,train
419,2004-03-28 03:00:00,train
420,2004-03-28 04:00:00,train
421,2004-03-28 05:00:00,train
422,2004-03-28 06:00:00,train
423,2004-03-28 07:00:00,train
424,2004-03-28 08:00:00,train
425,2004-03-28 09:00:00,train
426,2004-03-28 10:00:00,train
427,2004-03-28 11:00:00,train
428,2004-03-28 12:00:00,train
429,2004-03-28 13:00:00,train
430,2004-03-28 14:00:00,train
431,2004-03-28 15:00:00,train
432,2004-03-28 16:00:00,train
433,2004-03-28 17:00:00,train
434,2004-03-28 18:00:00,train
435,2004-03-28 19:00:00,train
436,2004-03-28 20:00:00,train
437,2004-03-28 21:00:00,train
438,2004-03-28 22:00:00,train
439,2004-03-28 23:00:00,train
440,2004-03-29 00:00:00,train
441,2004-03-29 01:00:00,train
442,2004-03-29 02:00:00,train
443,2004-03-29 03:00:00,train
444,2004-03-29 04:00:00,train
445,2004-03-29 05:00:00,train
446,2004-03-29 06:00:00,train
447,2004-03-29 07:00:00,train
448,2004-03-29 08:00:00,train
449,2004-03-29 09:00:00,train
450,2004-03-29 10:00:00,train
451,2004-03-29 11:00:00,train
452,2004-03-29 12:00:00,train
453,2004-03-29 13:00:00,train
454,2004-03-29 14:00:00,train
455,2004-03-29 15:00:00,train
456,2004-03-29 16:00:00,train
457,2004-03-29 17:00:00,train
458,2004-03-29 18:00:00,train
459,2004-03-29 19:00:00,train
460,2004-03-29 20:00:00,train
461,2004-03-29 21:00:00,train
462,2004-03-29 22:00:00,train
463,2004-03-29 23:00:00,train
464,2004-03-30 00:00:00,train
465,2004-03-30 01:00:00,train
466,2004-03-30 02:00:00,train
467,2004-03-30 03:00:00,train
469,2004-03-30 05:00:00,train
470,2004-03-30 06:00:00,train
471,2004-03-30 07:00:00,train
472,2004-03-30 08:00:00,train
473,2004-03-30 09:00:00,train
474,2004-03-30 10:00:00,train
475,2004-03-30 11:00:00,train
476,2004-03-30 12:00:00,train
477,2004-03-30 13:00:00,train
478,2004-03-30 14:00:00,train
479,2004-03-30 15:00:00,train
480,2004-03-30 16:00:00,train
481,2004-03-30 17:00:00,train
482,2004-03-30 18:00:00,train
483,2004-03-30 19:00:00,train
484,2004-03-30 20:00:00,train
485,2004-03-30 21:00:00,train
486,2004-03-30 22:00:00,train
487,2004-03-30 23:00:00,train
488,2004-03-31 00:00:00,train
489,2004-03-31 01:00:00,train
490,2004-03-31 02:00:00,train
491,2004-03-31 03:00:00,train
492,2004-03-31 04:00:00,train
493,2004-03-31 05:00:00,train
494,2004-03-31 06:00:00,train
495,2004-03-31 07:00:00,train
496,2004-03-31 08:00:00,train
497,2004-03-31 09:00:00,train
498,2004-03-31 10:00:00,train
499,2004-03-31 11:00:00,train
500,2004-03-31 12:00:00,train
501,2004-03-31 13:00:00,train
502,2004-03-31 14:00:00,train
503,2004-03-31 15:00:00,train
504,2004-03-31 16:00:00,train
505,2004-03-31 17:00:00,train
506,2004-03-31 18:00:00,train
507,2004-03-31 19:00:00,train
508,2004-03-31 20:00:00,train
509,2004-03-31 21:00:00,train
510,2004-03-31 22:00:00,train
511,2004-03-31 23:00:00,train
512,2004-04-01 00:00:00,train
513,2004-04-01 01:00:00,train
514,2004-04-01 02:00:00,train
515,2004-04-01 03:00:00,train
516,2004-04-01 04:00:00,train
517,2004-04-01 05:00:00,train
518,2004-04-01 06:00:00,train
519,2004-04-01 07:00:00,train
520,2004-04-01 08:00:00,train
521,2004-04-01 09:00:00,train
522,2004-04-01 10:00:00,train
523,2004-04-01 11:00:00,train
524,2004-04-01 12:00:00,train
525,2004-04-01 13:00:00,train
529,2004-04-01 17:00:00,train
530,2004-04-01 18:00:00,train
531,2004-04-01 19:00:00,train
532,2004-04-01 20:00:00,train
533,2004-04-01 21:00:00,train
534,2004-04-01 22:00:00,train
535,2004-04-01 23:00:00,train
536,2004-04-02 00:00:00,train
537,2004-04-02 01:00:00,train
538,2004-04-02 02:00:00,train
539,2004-04-02 03:00:00,train
541,2004-04-02 05:00:00,train
542,2004-04-02 06:00:00,train
543,2004-04-02 07:00:00,train
544,2004-04-02 08:00:00,train
545,2004-04-02 09:00:00,train
546,2004-04-02 10:00:00,train
547,2004-04-02 11:00:00,train
548,2004-04-02 12:00:00,train
549,2004-04-02 13:00:00,train
550,2004-04-02 14:00:00,train
551,2004-04-02 15:00:00,train
552,2004-04-02 16:00:00,train
553,2004-04-02 17:00:00,train
554,2004-04-02 18:00:00,train
555,2004-04-02 19:00:00,train
556,2004-04-02 20:00:00,train
557,2004-04-02 21:00:00,train
558,2004-04-02 22:00:00,train
559,2004-04-02 23:00:00,train
560,2004-04-03 00:00:00,train
561,2004-04-03 01:00:00,train
562,2004-04-03 02:00:00,train
563,2004-04-03 03:00:00,train
564,2004-04-03 04:00:00,train
565,2004-04-03 05:00:00,train
566,2004-04-03 06:00:00,train
567,2004-04-03 07:00:00,train
568,2004-04-03 08:00:00,train
569,2004-04-03 09:00:00,train
618,2004-04-05 10:00:00,train
619,2004-04-05 11:00:00,train
620,2004-04-05 12:00:00,train
621,2004-04-05 13:00:00,train
622,2004-04-05 14:00:00,train
623,2004-04-05 15:00:00,train
624,2004-04-05 16:00:00,train
625,2004-04-05 17:00:00,train
626,2004-04-05 18:00:00,train
627,2004-04-05 19:00:00,train
628,2004-04-05 20:00:00,train
629,2004-04-05 21:00:00,train
630,2004-04-05 22:00:00,train
631,2004-04-05 23:00:00,train
632,2004-04-06 00:00:00,train
633,2004-04-06 01:00:00,train
634,2004-04-06 02:00:00,train
635,2004-04-06 03:00:00,train
636,2004-04-06 04:00:00,train
637,2004-04-06 05:00:00,train
638,2004-04-06 06:00:00,train
639,2004-04-06 07:00:00,train
640,2004-04-06 08:00:00,train
641,2004-04-06 09:00:00,train
642,2004-04-06 10:00:00,train
643,2004-04-06 11:00:00,train
644,2004-04-06 12:00:00,train
645,2004-04-06 13:00:00,train
646,2004-04-06 14:00:00,train
647,2004-04-06 15:00:00,train
648,2004-04-06 16:00:00,train
649,2004-04-06 17:00:00,train
650,2004-04-06 18:00:00,train
651,2004-04-06 19:00:00,train
652,2004-04-06 20:00:00,train
653,2004-04-06 21:00:00,train
654,2004-04-06 22:00:00,train
655,2004-04-06 23:00:00,train
656,2004-04-07 00:00:00,train
657,2004-04-07 01:00:00,train
658,2004-04-07 02:00:00,train
659,2004-04-07 03:00:00,train
660,2004-04-07 04:00:00,train
661,2004-04-07 05:00:00,train
662,2004-04-07 06:00:00,train
663,2004-04-07 07:00:00,train
664,2004-04-07 08:00:00,train
665,2004-04-07 09:00:00,train
666,2004-04-07 10:00:00,train
667,2004-04-07 11:00:00,train
668,2004-04-07 12:00:00,train
669,2004-04-07 13:00:00,train
670,2004-04-07 14:00:00,train
671,2004-04-07 15:00:00,train
672,2004-04-07 16:00:00,train
673,2004-04-07 17:00:00,train
674,2004-04-07 18:00:00,train
675,2004-04-07 19:00:00,train
676,2004-04-07 20:00:00,train
677,2004-04-07 21:00:00,train
678,2004-04-07 22:00:00,train
679,2004-04-07 23:00:00,train
680,2004-04-08 00:00:00,train
681,2004-04-08 01:00:00,train
682,2004-04-08 02:00:00,train
683,2004-04-08 03:00:00,train
685,2004-04-08 05:00:00,train
686,2004-04-08 06:00:00,train
687,2004-04-08 07:00:00,train
688,2004-04-08 08:00:00,train
689,2004-04-08 09:00:00,train
690,2004-04-08 10:00:00,train
691,2004-04-08 11:00:00,train
692,2004-04-08 12:00:00,train
693,2004-04-08 13:00:00,train
694,2004-04-08 14:00:00,train
695,2004-04-08 15:00:00,train
696,2004-04-08 16:00:00,train
697,2004-04-08 17:00:00,train
698,2004-04-08 18:00:00,train
699,2004-04-08 19:00:00,train
700,2004-04-08 20:00:00,train
701,2004-04-08 21:00:00,train
702,2004-04-08 22:00:00,train
727,2004-04-09 23:00:00,train
728,2004-04-10 00:00:00,train
729,2004-04-10 01:00:00,train
730,2004-04-10 02:00:00,train
731,2004-04-10 03:00:00,train
732,2004-04-10 04:00:00,train
733,2004-04-10 05:00:00,train
734,2004-04-10 06:00:00,train
735,2004-04-10 07:00:00,train
736,2004-04-10 08:00:00,train
737,2004-04-10 09:00:00,train
738,2004-04-10 10:00:00,train
739,2004-04-10 11:00:00,train
740,2004-04-10 12:00:00,train
741,2004-04-10 13:00:00,train
742,2004-04-10 14:00:00,train
743,2004-04-10 15:00:00,train
744,2004-04-10 16:00:00,train
745,2004-04-10 17:00:00,train
746,2004-04-10 18:00:00,train
747,2004-04-10 19:00:00,train
748,2004-04-10 20:00:00,train
749,2004-04-10 21:00:00,train
750,2004-04-10 22:00:00,train
751,2004-04-10 23:00:00,train
752,2004-04-11 00:00:00,train
753,2004-04-11 01:00:00,train
754,2004-04-11 02:00:00,train
755,2004-04-11 03:00:00,train
757,2004-04-11 05:00:00,train
758,2004-04-11 06:00:00,train
759,2004-04-11 07:00:00,train
760,2004-04-11 08:00:00,train
761,2004-04-11 09:00:00,train
762,2004-04-11 10:00:00,train
763,2004-04-11 11:00:00,train
764,2004-04-11 12:00:00,train
765,2004-04-11 13:00:00,train
766,2004-04-11 14:00:00,train
767,2004-04-11 15:00:00,train
768,2004-04-11 16:00:00,train
769,2004-04-11 17:00:00,train
770,2004-04-11 18:00:00,train
771,2004-04-11 19:00:00,train
772,2004-04-11 20:00:00,train
773,2004-04-11 21:00:00,train
774,2004-04-11 22:00:00,train
775,2004-04-11 23:00:00,train
776,2004-04-12 00:00:00,train
777,2004-04-12 01:00:00,train
778,2004-04-12 02:00:00,train
779,2004-04-12 03:00:00,train
780,2004-04-12 04:00:00,train
781,2004-04-12 05:00:00,train
782,2004-04-12 06:00:00,train
783,2004-04-12 07:00:00,train
784,2004-04-12 08:00:00,train
785,2004-04-12 09:00:00,train
786,2004-04-12 10:00:00,train
787,2004-04-12 11:00:00,train
788,2004-04-12 12:00:00,train
789,2004-04-12 13:00:00,train
790,2004-04-12 14:00:00,train
791,2004-04-12 15:00:00,train
792,2004-04-12 16:00:00,train
793,2004-04-12 17:00:00,train
794,2004-04-12 18:00:00,train
795,2004-04-12 19:00:00,train
796,2004-04-12 20:00:00,train
797,2004-04-12 21:00:00,train
798,2004-04-12 22:00:00,train
799,2004-04-12 23:00:00,train
800,2004-04-13 00:00:00,train
801,2004-04-13 01:00:00,train
802,2004-04-13 02:00:00,train
803,2004-04-13 03:00:00,train
804,2004-04-13 04:00:00,train
805,2004-04-13 05:00:00,train
806,2004-04-13 06:00:00,train
807,2004-04-13 07:00:00,train
808,2004-04-13 08:00:00,train
809,2004-04-13 09:00:00,train
810,2004-04-13 10:00:00,train
811,2004-04-13 11:00:00,train
812,2004-04-13 12:00:00,train
813,2004-04-13 13:00:00,train
814,2004-04-13 14:00:00,train
815,2004-04-13 15:00:00,train
816,2004-04-13 16:00:00,train
817,2004-04-13 17:00:00,train
818,2004-04-13 18:00:00,train
819,2004-04-13 19:00:00,train
820,2004-04-13 20:00:00,train
821,2004-04-13 21:00:00,train
822,2004-04-13 22:00:00,train
823,2004-04-13 23:00:00,train
824,2004-04-14 00:00:00,train
825,2004-04-14 01:00:00,train
826,2004-04-14 02:00:00,train
827,2004-04-14 03:00:00,train
829,2004-04-14 05:00:00,train
830,2004-04-14 06:00:00,train
831,2004-04-14 07:00:00,train
832,2004-04-14 08:00:00,train
833,2004-04-14 09:00:00,train
834,2004-04-14 10:00:00,train
835,2004-04-14 11:00:00,train
836,2004-04-14 12:00:00,train
857,2004-04-15 09:00:00,train
858,2004-04-15 10:00:00,train
859,2004-04-15 11:00:00,train
860,2004-04-15 12:00:00,train
861,2004-04-15 13:00:00,train
862,2004-04-15 14:00:00,train
863,2004-04-15 15:00:00,train
864,2004-04-15 16:00:00,train
865,2004-04-15 17:00:00,train
866,2004-04-15 18:00:00,train
867,2004-04-15 19:00:00,train
868,2004-04-15 20:00:00,train
869,2004-04-15 21:00:00,train
870,2004-04-15 22:00:00,train
871,2004-04-15 23:00:00,train
872,2004-04-16 00:00:00,train
873,2004-04-16 01:00:00,train
874,2004-04-16 02:00:00,train
875,2004-04-16 03:00:00,train
876,2004-04-16 04:00:00,train
877,2004-04-16 05:00:00,train
878,2004-04-16 06:00:00,train
879,2004-04-16 07:00:00,train
880,2004-04-16 08:00:00,train
881,2004-04-16 09:00:00,train
882,2004-04-16 10:00:00,train
883,2004-04-16 11:00:00,train
884,2004-04-16 12:00:00,train
885,2004-04-16 13:00:00,train
886,2004-04-16 14:00:00,train
887,2004-04-16 15:00:00,train
888,2004-04-16 16:00:00,train
889,2004-04-16 17:00:00,train
890,2004-04-16 18:00:00,train
891,2004-04-16 19:00:00,train
892,2004-04-16 20:00:00,train
893,2004-04-16 21:00:00,train
894,2004-04-16 22:00:00,train
895,2004-04-16 23:00:00,train
896,2004-04-17 00:00:00,train
897,2004-04-17 01:00:00,train
898,2004-04-17 02:00:00,train
1045,2004-04-23 05:00:00,train
1046,2004-04-23 06:00:00,train
1047,2004-04-23 07:00:00,train
1048,2004-04-23 08:00:00,train
1049,2004-04-23 09:00:00,train
1050,2004-04-23 10:00:00,train
1051,2004-04-23 11:00:00,train
1052,2004-04-23 12:00:00,train
1053,2004-04-23 13:00:00,train
1054,2004-04-23 14:00:00,train
1055,2004-04-23 15:00:00,train
1056,2004-04-23 16:00:00,train
1057,2004-04-23 17:00:00,train
1058,2004-04-23 18:00:00,train
1059,2004-04-23 19:00:00,train
1060,2004-04-23 20:00:00,train
1061,2004-04-23 21:00:00,train
1062,2004-04-23 22:00:00,train
1063,2004-04-23 23:00:00,train
1064,2004-04-24 00:00:00,train
1065,2004-04-24 01:00:00,train
1066,2004-04-24 02:00:00,train
1067,2004-04-24 03:00:00,train
1069,2004-04-24 05:00:00,train
1070,2004-04-24 06:00:00,train
1071,2004-04-24 07:00:00,train
1072,2004-04-24 08:00:00,train
1073,2004-04-24 09:00:00,train
1074,2004-04-24 10:00:00,train
1075,2004-04-24 11:00:00,train
1076,2004-04-24 12:00:00,train
1077,2004-04-24 13:00:00,train
1078,2004-04-24 14:00:00,train
1079,2004-04-24 15:00:00,train
1080,2004-04-24 16:00:00,train
1081,2004-04-24 17:00:00,train
1082,2004-04-24 18:00:00,train
1083,2004-04-24 19:00:00,train
1084,2004-04-24 20:00:00,train
1085,2004-04-24 21:00:00,train
1086,2004-04-24 22:00:00,train
1087,2004-04-24 23:00:00,train
1088,2004-04-25 00:00:00,train
1089,2004-04-25 01:00:00,train
1090,2004-04-25 02:00:00,train
1091,2004-04-25 03:00:00,train
1093,2004-04-25 05:00:00,train
1094,2004-04-25 06:00:00,train
1095,2004-04-25 07:00:00,train
1096,2004-04-25 08:00:00,train
1097,2004-04-25 09:00:00,train
1098,2004-04-25 10:00:00,train
1099,2004-04-25 11:00:00,train
1100,2004-04-25 12:00:00,train
1101,2004-04-25 13:00:00,train
1102,2004-04-25 14:00:00,train
1103,2004-04-25 15:00:00,train
1104,2004-04-25 16:00:00,train
1105,2004-04-25 17:00:00,train
1106,2004-04-25 18:00:00,train
1107,2004-04-25 19:00:00,train
1108,2004-04-25 20:00:00,train
1109,2004-04-25 21:00:00,train
1110,2004-04-25 22:00:00,train
1111,2004-04-25 23:00:00,train
1112,2004-04-26 00:00:00,train
1113,2004-04-26 01:00:00,train
1114,2004-04-26 02:00:00,train
1115,2004-04-26 03:00:00,train
1117,2004-04-26 05:00:00,train
1118,2004-04-26 06:00:00,train
1119,2004-04-26 07:00:00,train
1120,2004-04-26 08:00:00,train
1121,2004-04-26 09:00:00,train
1122,2004-04-26 10:00:00,train
1123,2004-04-26 11:00:00,train
1124,2004-04-26 12:00:00,train
1125,2004-04-26 13:00:00,train
1126,2004-04-26 14:00:00,train
1127,2004-04-26 15:00:00,train
1128,2004-04-26 16:00:00,train
1129,2004-04-26 17:00:00,train
1130,2004-04-26 18:00:00,train
1131,2004-04-26 19:00:00,train
1132,2004-04-26 20:00:00,train
1133,2004-04-26 21:00:00,train
1134,2004-04-26 22:00:00,train
1135,2004-04-26 23:00:00,train
1136,2004-04-27 00:00:00,train
1137,2004-04-27 01:00:00,train
1138,2004-04-27 02:00:00,train
1139,2004-04-27 03:00:00,train
1141,2004-04-27 05:00:00,train
1142,2004-04-27 06:00:00,train
1143,2004-04-27 07:00:00,train
1144,2004-04-27 08:00:00,train
1145,2004-04-27 09:00:00,train
1146,2004-04-27 10:00:00,train
1147,2004-04-27 11:00:00,train
1148,2004-04-27 12:00:00,train
1149,2004-04-27 13:00:00,train
1150,2004-04-27 14:00:00,train
1151,2004-04-27 15:00:00,train
1152,2004-04-27 16:00:00,train
1153,2004-04-27 17:00:00,train
1154,2004-04-27 18:00:00,train
1155,2004-04-27 19:00:00,train
1156,2004-04-27 20:00:00,train
1157,2004-04-27 21:00:00,train
1158,2004-04-27 22:00:00,train
1159,2004-04-27 23:00:00,train
1160,2004-04-28 00:00:00,train
1161,2004-04-28 01:00:00,train
1162,2004-04-28 02:00:00,train
1163,2004-04-28 03:00:00,train
1165,2004-04-28 05:00:00,train
1166,2004-04-28 06:00:00,train
1167,2004-04-28 07:00:00,train
1168,2004-04-28 08:00:00,train
1169,2004-04-28 09:00:00,train
1170,2004-04-28 10:00:00,train
1171,2004-04-28 11:00:00,train
1172,2004-04-28 12:00:00,train
1173,2004-04-28 13:00:00,train
1174,2004-04-28 14:00:00,train
1175,2004-04-28 15:00:00,train
1176,2004-04-28 16:00:00,train
1177,2004-04-28 17:00:00,train
1178,2004-04-28 18:00:00,train
1179,2004-04-28 19:00:00,train
1180,2004-04-28 20:00:00,train
1181,2004-04-28 21:00:00,train
1182,2004-04-28 22:00:00,train
1183,2004-04-28 23:00:00,train
1184,2004-04-29 00:00:00,train
1185,2004-04-29 01:00:00,train
1186,2004-04-29 02:00:00,train
1187,2004-04-29 03:00:00,train
1189,2004-04-29 05:00:00,train
1190,2004-04-29 06:00:00,train
1191,2004-04-29 07:00:00,train
1192,2004-04-29 08:00:00,train
1193,2004-04-29 09:00:00,train
1194,2004-04-29 10:00:00,train
1195,2004-04-29 11:00:00,train
1196,2004-04-29 12:00:00,train
1197,2004-04-29 13:00:00,train
1198,2004-04-29 14:00:00,train
1199,2004-04-29 15:00:00,train
1200,2004-04-29 16:00:00,train
1201,2004-04-29 17:00:00,train
1202,2004-04-29 18:00:00,train
1203,2004-04-29 19:00:00,train
1204,2004-04-29 20:00:00,train
1205,2004-04-29 21:00:00,train
1206,2004-04-29 22:00:00,train
1207,2004-04-29 23:00:00,train
1208,2004-04-30 00:00:00,train
1209,2004-04-30 01:00:00,train
1210,2004-04-30 02:00:00,train
1211,2004-04-30 03:00:00,train
1213,2004-04-30 05:00:00,train
1214,2004-04-30 06:00:00,train
1215,2004-04-30 07:00:00,train
1216,2004-04-30 08:00:00,train
1217,2004-04-30 09:00:00,train
1218,2004-04-30 10:00:00,train
1219,2004-04-30 11:00:00,train
1220,2004-04-30 12:00:00,train
1221,2004-04-30 13:00:00,train
1222,2004-04-30 14:00:00,train
1223,2004-04-30 15:00:00,train
1224,2004-04-30 16:00:00,train
1225,2004-04-30 17:00:00,train
1226,2004-04-30 18:00:00,train
1227,2004-04-30 19:00:00,train
1228,2004-04-30 20:00:00,train
1229,2004-04-30 21:00:00,train
1230,2004-04-30 22:00:00,train
1231,2004-04-30 23:00:00,train
1232,2004-05-01 00:00:00,train
1233,2004-05-01 01:00:00,train
1234,2004-05-01 02:00:00,train
1235,2004-05-01 03:00:00,train
1237,2004-05-01 05:00:00,train
1238,2004-05-01 06:00:00,train
1239,2004-05-01 07:00:00,train
1240,2004-05-01 08:00:00,train
1241,2004-05-01 09:00:00,train
1242,2004-05-01 10:00:00,train
1243,2004-05-01 11:00:00,train
1244,2004-05-01 12:00:00,train
1245,2004-05-01 13:00:00,train
1246,2004-05-01 14:00:00,train
1247,2004-05-01 15:00:00,train
1248,2004-05-01 16:00:00,train
1249,2004-05-01 17:00:00,train
1250,2004-05-01 18:00:00,train
1251,2004-05-01 19:00:00,train
1252,2004-05-01 20:00:00,train
1253,2004-05-01 21:00:00,train
1254,2004-05-01 22:00:00,train
1255,2004-05-01 23:00:00,train
1256,2004-05-02 00:00:00,train
1257,2004-05-02 01:00:00,train
1258,2004-05-02 02:00:00,train
1259,2004-05-02 03:00:00,train
1261,2004-05-02 05:00:00,train
1262,2004-05-02 06:00:00,train
1263,2004-05-02 07:00:00,train
1264,2004-05-02 08:00:00,train
1265,2004-05-02 09:00:00,train
1266,2004-05-02 10:00:00,train
1267,2004-05-02 11:00:00,train
1268,2004-05-02 12:00:00,train
1269,2004-05-02 13:00:00,train
1270,2004-05-02 14:00:00,train
1271,2004-05-02 15:00:00,train
1272,2004-05-02 16:00:00,train
1273,2004-05-02 17:00:00,train
1274,2004-05-02 18:00:00,train
1275,2004-05-02 19:00:00,train
1276,2004-05-02 20:00:00,train
1277,2004-05-02 21:00:00,train
1278,2004-05-02 22:00:00,train
1279,2004-05-02 23:00:00,train
1280,2004-05-03 00:00:00,train
1281,2004-05-03 01:00:00,train
1282,2004-05-03 02:00:00,train
1283,2004-05-03 03:00:00,train
1285,2004-05-03 05:00:00,train
1286,2004-05-03 06:00:00,train
1287,2004-05-03 07:00:00,train
1288,2004-05-03 08:00:00,train
1289,2004-05-03 09:00:00,train
1290,2004-05-03 10:00:00,train
1291,2004-05-03 11:00:00,train
1292,2004-05-03 12:00:00,train
1293,2004-05-03 13:00:00,train
1294,2004-05-03 14:00:00,train
1295,2004-05-03 15:00:00,train
1296,2004-05-03 16:00:00,train
1297,2004-05-03 17:00:00,train
1298,2004-05-03 18:00:00,train
1299,2004-05-03 19:00:00,train
1300,2004-05-03 20:00:00,train
1301,2004-05-03 21:00:00,train
1302,2004-05-03 22:00:00,train
1303,2004-05-03 23:00:00,train
1304,2004-05-04 00:00:00,train
1305,2004-05-04 01:00:00,train
1306,2004-05-04 02:00:00,train
1307,2004-05-04 03:00:00,train
1309,2004-05-04 05:00:00,train
1310,2004-05-04 06:00:00,train
1311,2004-05-04 07:00:00,train
1312,2004-05-04 08:00:00,train
1313,2004-05-04 09:00:00,train
1314,2004-05-04 10:00:00,train
1315,2004-05-04 11:00:00,train
1316,2004-05-04 12:00:00,train
1317,2004-05-04 13:00:00,train
1318,2004-05-04 14:00:00,train
1319,2004-05-04 15:00:00,train
1320,2004-05-04 16:00:00,train
1321,2004-05-04 17:00:00,train
1322,2004-05-04 18:00:00,train
1323,2004-05-04 19:00:00,train
1324,2004-05-04 20:00:00,train
1325,2004-05-04 21:00:00,train
1326,2004-05-04 22:00:00,train
1327,2004-05-04 23:00:00,train
1328,2004-05-05 00:00:00,train
1329,2004-05-05 01:00:00,train
1330,2004-05-05 02:00:00,train
1331,2004-05-05 03:00:00,train
1333,2004-05-05 05:00:00,train
1334,2004-05-05 06:00:00,train
1335,2004-05-05 07:00:00,train
1337,2004-05-05 09:00:00,train
1338,2004-05-05 10:00:00,train
1339,2004-05-05 11:00:00,train
1340,2004-05-05 12:00:00,train
1341,2004-05-05 13:00:00,train
1342,2004-05-05 14:00:00,train
1343,2004-05-05 15:00:00,train
1344,2004-05-05 16:00:00,train
1345,2004-05-05 17:00:00,train
1346,2004-05-05 18:00:00,train
1347,2004-05-05 19:00:00,train
1348,2004-05-05 20:00:00,train
1349,2004-05-05 21:00:00,train
1350,2004-05-05 22:00:00,train
1351,2004-05-05 23:00:00,train
1352,2004-05-06 00:00:00,train
1353,2004-05-06 01:00:00,train
1354,2004-05-06 02:00:00,train
1355,2004-05-06 03:00:00,train
1357,2004-05-06 05:00:00,train
1358,2004-05-06 06:00:00,train
1359,2004-05-06 07:00:00,train
1360,2004-05-06 08:00:00,train
1361,2004-05-06 09:00:00,train
1362,2004-05-06 10:00:00,train
1363,2004-05-06 11:00:00,train
1364,2004-05-06 12:00:00,train
1365,2004-05-06 13:00:00,train
1366,2004-05-06 14:00:00,train
1367,2004-05-06 15:00:00,train
1368,2004-05-06 16:00:00,train
1369,2004-05-06 17:00:00,train
1370,2004-05-06 18:00:00,train
1371,2004-05-06 19:00:00,train
1372,2004-05-06 20:00:00,train
1373,2004-05-06 21:00:00,train
1374,2004-05-06 22:00:00,train
1375,2004-05-06 23:00:00,train
1376,2004-05-07 00:00:00,train
1377,2004-05-07 01:00:00,train
1378,2004-05-07 02:00:00,train
1379,2004-05-07 03:00:00,train
1381,2004-05-07 05:00:00,train
1382,2004-05-07 06:00:00,train
1383,2004-05-07 07:00:00,train
1384,2004-05-07 08:00:00,train
1385,2004-05-07 09:00:00,train
1386,2004-05-07 10:00:00,train
1387,2004-05-07 11:00:00,train
1388,2004-05-07 12:00:00,train
1389,2004-05-07 13:00:00,train
1390,2004-05-07 14:00:00,train
1391,2004-05-07 15:00:00,train
1392,2004-05-07 16:00:00,train
1393,2004-05-07 17:00:00,train
1394,2004-05-07 18:00:00,train
1395,2004-05-07 19:00:00,train
1396,2004-05-07 20:00:00,train
1397,2004-05-07 21:00:00,train
1398,2004-05-07 22:00:00,train
1399,2004-05-07 23:00:00,train
1400,2004-05-08 00:00:00,train
1401,2004-05-08 01:00:00,train
1402,2004-05-08 02:00:00,train
1457,2004-05-10 09:00:00,train
1458,2004-05-10 10:00:00,train
1459,2004-05-10 11:00:00,train
1460,2004-05-10 12:00:00,train
1461,2004-05-10 13:00:00,train
1462,2004-05-10 14:00:00,train
1463,2004-05-10 15:00:00,train
1464,2004-05-10 16:00:00,train
1465,2004-05-10 17:00:00,train
1466,2004-05-10 18:00:00,train
1467,2004-05-10 19:00:00,train
1468,2004-05-10 20:00:00,train
1469,2004-05-10 21:00:00,train
1470,2004-05-10 22:00:00,train
1471,2004-05-10 23:00:00,train
1472,2004-05-11 00:00:00,train
1473,2004-05-11 01:00:00,train
1474,2004-05-11 02:00:00,train
1475,2004-05-11 03:00:00,train
1477,2004-05-11 05:00:00,train
1478,2004-05-11 06:00:00,train
1479,2004-05-11 07:00:00,train
1480,2004-05-11 08:00:00,train
1481,2004-05-11 09:00:00,train
1482,2004-05-11 10:00:00,train
1483,2004-05-11 11:00:00,train
1484,2004-05-11 12:00:00,train
1485,2004-05-11 13:00:00,train
1486,2004-05-11 14:00:00,train
1487,2004-05-11 15:00:00,train
1488,2004-05-11 16:00:00,train
1489,2004-05-11 17:00:00,train
1490,2004-05-11 18:00:00,train
1491,2004-05-11 19:00:00,train
1492,2004-05-11 20:00:00,train
1493,2004-05-11 21:00:00,train
1494,2004-05-11 22:00:00,train
1495,2004-05-11 23:00:00,train
1496,2004-05-12 00:00:00,train
1497,2004-05-12 01:00:00,train
1498,2004-05-12 02:00:00,train
1499,2004-05-12 03:00:00,train
1501,2004-05-12 05:00:00,train
1502,2004-05-12 06:00:00,train
1503,2004-05-12 07:00:00,train
1504,2004-05-12 08:00:00,train
1505,2004-05-12 09:00:00,train
1506,2004-05-12 10:00:00,train
1507,2004-05-12 11:00:00,train
1508,2004-05-12 12:00:00,train
1509,2004-05-12 13:00:00,train
1510,2004-05-12 14:00:00,train
1511,2004-05-12 15:00:00,train
1512,2004-05-12 16:00:00,train
1513,2004-05-12 17:00:00,train
1514,2004-05-12 18:00:00,train
1515,2004-05-12 19:00:00,train
1516,2004-05-12 20:00:00,train
1517,2004-05-12 21:00:00,train
1518,2004-05-12 22:00:00,train
1519,2004-05-12 23:00:00,train
1520,2004-05-13 00:00:00,train
1521,2004-05-13 01:00:00,train
1522,2004-05-13 02:00:00,train
1523,2004-05-13 03:00:00,train
1525,2004-05-13 05:00:00,train
1526,2004-05-13 06:00:00,train
1527,2004-05-13 07:00:00,train
1528,2004-05-13 08:00:00,train
1529,2004-05-13 09:00:00,train
1530,2004-05-13 10:00:00,train
1531,2004-05-13 11:00:00,train
1532,2004-05-13 12:00:00,train
1533,2004-05-13 13:00:00,train
1534,2004-05-13 14:00:00,train
1535,2004-05-13 15:00:00,train
1536,2004-05-13 16:00:00,train
1537,2004-05-13 17:00:00,train
1538,2004-05-13 18:00:00,train
1539,2004-05-13 19:00:00,train
1540,2004-05-13 20:00:00,train
1541,2004-05-13 21:00:00,train
1542,2004-05-13 22:00:00,train
1543,2004-05-13 23:00:00,train
1544,2004-05-14 00:00:00,train
1545,2004-05-14 01:00:00,train
1546,2004-05-14 02:00:00,train
1547,2004-05-14 03:00:00,train
1549,2004-05-14 05:00:00,train
1550,2004-05-14 06:00:00,train
1551,2004-05-14 07:00:00,train
1553,2004-05-14 09:00:00,train
1554,2004-05-14 10:00:00,train
1555,2004-05-14 11:00:00,train
1556,2004-05-14 12:00:00,train
1557,2004-05-14 13:00:00,train
1558,2004-05-14 14:00:00,train
1559,2004-05-14 15:00:00,train
1560,2004-05-14 16:00:00,train
1561,2004-05-14 17:00:00,train
1562,2004-05-14 18:00:00,train
1563,2004-05-14 19:00:00,train
1564,2004-05-14 20:00:00,train
1565,2004-05-14 21:00:00,train
1566,2004-05-14 22:00:00,train
1567,2004-05-14 23:00:00,train
1568,2004-05-15 00:00:00,train
1569,2004-05-15 01:00:00,train
1570,2004-05-15 02:00:00,train
1571,2004-05-15 03:00:00,train
1573,2004-05-15 05:00:00,train
1574,2004-05-15 06:00:00,train
1575,2004-05-15 07:00:00,train
1576,2004-05-15 08:00:00,train
1577,2004-05-15 09:00:00,train
1578,2004-05-15 10:00:00,train
1579,2004-05-15 11:00:00,train
1580,2004-05-15 12:00:00,train
1581,2004-05-15 13:00:00,train
1582,2004-05-15 14:00:00,train
1583,2004-05-15 15:00:00,train
1584,2004-05-15 16:00:00,train
1585,2004-05-15 17:00:00,train
1586,2004-05-15 18:00:00,train
1587,2004-05-15 19:00:00,train
1588,2004-05-15 20:00:00,train
1589,2004-05-15 21:00:00,train
1590,2004-05-15 22:00:00,train
1591,2004-05-15 23:00:00,train
1592,2004-05-16 00:00:00,train
1593,2004-05-16 01:00:00,train
1594,2004-05-16 02:00:00,train
1595,2004-05-16 03:00:00,train
1597,2004-05-16 05:00:00,train
1598,2004-05-16 06:00:00,train
1599,2004-05-16 07:00:00,train
1600,2004-05-16 08:00:00,train
1601,2004-05-16 09:00:00,train
1602,2004-05-16 10:00:00,train
1603,2004-05-16 11:00:00,train
1604,2004-05-16 12:00:00,train
1605,2004-05-16 13:00:00,train
1606,2004-05-16 14:00:00,train
1607,2004-05-16 15:00:00,train
1608,2004-05-16 16:00:00,train
1609,2004-05-16 17:00:00,train
1610,2004-05-16 18:00:00,train
1611,2004-05-16 19:00:00,train
1612,2004-05-16 20:00:00,train
1613,2004-05-16 21:00:00,train
1614,2004-05-16 22:00:00,train
1615,2004-05-16 23:00:00,train
1616,2004-05-17 00:00:00,train
1617,2004-05-17 01:00:00,train
1618,2004-05-17 02:00:00,train
1619,2004-05-17 03:00:00,train
1621,2004-05-17 05:00:00,train
1622,2004-05-17 06:00:00,train
1623,2004-05-17 07:00:00,train
1624,2004-05-17 08:00:00,train
1625,2004-05-17 09:00:00,train
1626,2004-05-17 10:00:00,train
1627,2004-05-17 11:00:00,train
1628,2004-05-17 12:00:00,train
1629,2004-05-17 13:00:00,train
1630,2004-05-17 14:00:00,train
1631,2004-05-17 15:00:00,train
1632,2004-05-17 16:00:00,train
1633,2004-05-17 17:00:00,train
1634,2004-05-17 18:00:00,train
1635,2004-05-17 19:00:00,train
1636,2004-05-17 20:00:00,train
1637,2004-05-17 21:00:00,train
1638,2004-05-17 22:00:00,train
1639,2004-05-17 23:00:00,train
1640,2004-05-18 00:00:00,train
1641,2004-05-18 01:00:00,train
1642,2004-05-18 02:00:00,train
1643,2004-05-18 03:00:00,train
1645,2004-05-18 05:00:00,train
1646,2004-05-18 06:00:00,train
1647,2004-05-18 07:00:00,train
1648,2004-05-18 08:00:00,train
1649,2004-05-18 09:00:00,train
1650,2004-05-18 10:00:00,train
1651,2004-05-18 11:00:00,train
1652,2004-05-18 12:00:00,train
1653,2004-05-18 13:00:00,train
1654,2004-05-18 14:00:00,train
1655,2004-05-18 15:00:00,train
1656,2004-05-18 16:00:00,train
1657,2004-05-18 17:00:00,train
1658,2004-05-18 18:00:00,train
1659,2004-05-18 19:00:00,train
1660,2004-05-18 20:00:00,train
1661,2004-05-18 21:00:00,train
1662,2004-05-18 22:00:00,train
1663,2004-05-18 23:00:00,train
1664,2004-05-19 00:00:00,train
1665,2004-05-19 01:00:00,train
1666,2004-05-19 02:00:00,train
1667,2004-05-19 03:00:00,train
1669,2004-05-19 05:00:00,train
1670,2004-05-19 06:00:00,train
1671,2004-05-19 07:00:00,train
1672,2004-05-19 08:00:00,train
1673,2004-05-19 09:00:00,train
1674,2004-05-19 10:00:00,train
1675,2004-05-19 11:00:00,train
1676,2004-05-19 12:00:00,train
1677,2004-05-19 13:00:00,train
1678,2004-05-19 14:00:00,train
1679,2004-05-19 15:00:00,train
1680,2004-05-19 16:00:00,train
1681,2004-05-19 17:00:00,train
1682,2004-05-19 18:00:00,train
1683,2004-05-19 19:00:00,train
1684,2004-05-19 20:00:00,train
1685,2004-05-19 21:00:00,train
1686,2004-05-19 22:00:00,train
1687,2004-05-19 23:00:00,train
1688,2004-05-20 00:00:00,train
1689,2004-05-20 01:00:00,train
1690,2004-05-20 02:00:00,train
1691,2004-05-20 03:00:00,train
1693,2004-05-20 05:00:00,train
1694,2004-05-20 06:00:00,train
1695,2004-05-20 07:00:00,train
1696,2004-05-20 08:00:00,train
1697,2004-05-20 09:00:00,train
1698,2004-05-20 10:00:00,train
1699,2004-05-20 11:00:00,train
1700,2004-05-20 12:00:00,train
1701,2004-05-20 13:00:00,train
1702,2004-05-20 14:00:00,train
1703,2004-05-20 15:00:00,train
1704,2004-05-20 16:00:00,train
1705,2004-05-20 17:00:00,train
1706,2004-05-20 18:00:00,train
1707,2004-05-20 19:00:00,train
1708,2004-05-20 20:00:00,train
1709,2004-05-20 21:00:00,train
1710,2004-05-20 22:00:00,train
1711,2004-05-20 23:00:00,train
1712,2004-05-21 00:00:00,train
1713,2004-05-21 01:00:00,train
1714,2004-05-21 02:00:00,train
1715,2004-05-21 03:00:00,train
1717,2004-05-21 05:00:00,train
1718,2004-05-21 06:00:00,train
1719,2004-05-21 07:00:00,train
1720,2004-05-21 08:00:00,train
1721,2004-05-21 09:00:00,train
1722,2004-05-21 10:00:00,train
1723,2004-05-21 11:00:00,train
1724,2004-05-21 12:00:00,train
1725,2004-05-21 13:00:00,train
1726,2004-05-21 14:00:00,train
1727,2004-05-21 15:00:00,train
1728,2004-05-21 16:00:00,train
1729,2004-05-21 17:00:00,train
1730,2004-05-21 18:00:00,train
1731,2004-05-21 19:00:00,train
1732,2004-05-21 20:00:00,train
1733,2004-05-21 21:00:00,train
1734,2004-05-21 22:00:00,train
1735,2004-05-21 23:00:00,train
1736,2004-05-22 00:00:00,train
1737,2004-05-22 01:00:00,train
1738,2004-05-22 02:00:00,train
1739,2004-05-22 03:00:00,train
1741,2004-05-22 05:00:00,train
1742,2004-05-22 06:00:00,train
1743,2004-05-22 07:00:00,train
1744,2004-05-22 08:00:00,train
1745,2004-05-22 09:00:00,train
1746,2004-05-22 10:00:00,train
1747,2004-05-22 11:00:00,train
1748,2004-05-22 12:00:00,train
1749,2004-05-22 13:00:00,train
1750,2004-05-22 14:00:00,train
1751,2004-05-22 15:00:00,train
1752,2004-05-22 16:00:00,train
1753,2004-05-22 17:00:00,train
1754,2004-05-22 18:00:00,train
1755,2004-05-22 19:00:00,train
1756,2004-05-22 20:00:00,train
1757,2004-05-22 21:00:00,train
1758,2004-05-22 22:00:00,train
1759,2004-05-22 23:00:00,train
1760,2004-05-23 00:00:00,train
1761,2004-05-23 01:00:00,train
1762,2004-05-23 02:00:00,train
1763,2004-05-23 03:00:00,train
1765,2004-05-23 05:00:00,train
1766,2004-05-23 06:00:00,train
1767,2004-05-23 07:00:00,train
1768,2004-05-23 08:00:00,train
1769,2004-05-23 09:00:00,train
1770,2004-05-23 10:00:00,train
1771,2004-05-23 11:00:00,train
1772,2004-05-23 12:00:00,train
1773,2004-05-23 13:00:00,train
1774,2004-05-23 14:00:00,train
1775,2004-05-23 15:00:00,train
1776,2004-05-23 16:00:00,train
1777,2004-05-23 17:00:00,train
1778,2004-05-23 18:00:00,train
1779,2004-05-23 19:00:00,train
1780,2004-05-23 20:00:00,train
1781,2004-05-23 21:00:00,train
1782,2004-05-23 22:00:00,train
1783,2004-05-23 23:00:00,train
1784,2004-05-24 00:00:00,train
1785,2004-05-24 01:00:00,train
1786,2004-05-24 02:00:00,train
1789,2004-05-24 05:00:00,train
1790,2004-05-24 06:00:00,train
1791,2004-05-24 07:00:00,train
1792,2004-05-24 08:00:00,train
1793,2004-05-24 09:00:00,train
1794,2004-05-24 10:00:00,train
1795,2004-05-24 11:00:00,train
1796,2004-05-24 12:00:00,train
1797,2004-05-24 13:00:00,train
1798,2004-05-24 14:00:00,train
1799,2004-05-24 15:00:00,train
1800,2004-05-24 16:00:00,train
1801,2004-05-24 17:00:00,train
1802,2004-05-24 18:00:00,train
1803,2004-05-24 19:00:00,train
1804,2004-05-24 20:00:00,train
1805,2004-05-24 21:00:00,train
1806,2004-05-24 22:00:00,train
1807,2004-05-24 23:00:00,train
1808,2004-05-25 00:00:00,train
1809,2004-05-25 01:00:00,train
1813,2004-05-25 05:00:00,train
1814,2004-05-25 06:00:00,train
1815,2004-05-25 07:00:00,train
1816,2004-05-25 08:00:00,train
1817,2004-05-25 09:00:00,train
1818,2004-05-25 10:00:00,train
1819,2004-05-25 11:00:00,train
1820,2004-05-25 12:00:00,train
1821,2004-05-25 13:00:00,train
1822,2004-05-25 14:00:00,train
1841,2004-05-26 09:00:00,train
1842,2004-05-26 10:00:00,train
1843,2004-05-26 11:00:00,train
1844,2004-05-26 12:00:00,train
1845,2004-05-26 13:00:00,train
1846,2004-05-26 14:00:00,train
1847,2004-05-26 15:00:00,train
1848,2004-05-26 16:00:00,train
1895,2004-05-28 15:00:00,train
1896,2004-05-28 16:00:00,train
1897,2004-05-28 17:00:00,train
1898,2004-05-28 18:00:00,train
1899,2004-05-28 19:00:00,train
1900,2004-05-28 20:00:00,train
1901,2004-05-28 21:00:00,train
1902,2004-05-28 22:00:00,train
1903,2004-05-28 23:00:00,train
1904,2004-05-29 00:00:00,train
1905,2004-05-29 01:00:00,train
1906,2004-05-29 02:00:00,train
1907,2004-05-29 03:00:00,train
1910,2004-05-29 06:00:00,train
1911,2004-05-29 07:00:00,train
1912,2004-05-29 08:00:00,train
1913,2004-05-29 09:00:00,train
1914,2004-05-29 10:00:00,train
1915,2004-05-29 11:00:00,train
1916,2004-05-29 12:00:00,train
1917,2004-05-29 13:00:00,train
1918,2004-05-29 14:00:00,train
1919,2004-05-29 15:00:00,train
1920,2004-05-29 16:00:00,train
1921,2004-05-29 17:00:00,train
1922,2004-05-29 18:00:00,train
1923,2004-05-29 19:00:00,train
1924,2004-05-29 20:00:00,train
1925,2004-05-29 21:00:00,train
1926,2004-05-29 22:00:00,train
1927,2004-05-29 23:00:00,train
1928,2004-05-30 00:00:00,train
1929,2004-05-30 01:00:00,train
1930,2004-05-30 02:00:00,train
1931,2004-05-30 03:00:00,train
1933,2004-05-30 05:00:00,train
1934,2004-05-30 06:00:00,train
1935,2004-05-30 07:00:00,train
1936,2004-05-30 08:00:00,train
1937,2004-05-30 09:00:00,train
1938,2004-05-30 10:00:00,train
1939,2004-05-30 11:00:00,train
1940,2004-05-30 12:00:00,train
1941,2004-05-30 13:00:00,train
1942,2004-05-30 14:00:00,train
1943,2004-05-30 15:00:00,train
1944,2004-05-30 16:00:00,train
1945,2004-05-30 17:00:00,train
1946,2004-05-30 18:00:00,train
1947,2004-05-30 19:00:00,train
1948,2004-05-30 20:00:00,train
1949,2004-05-30 21:00:00,train
1950,2004-05-30 22:00:00,train
1951,2004-05-30 23:00:00,train
1952,2004-05-31 00:00:00,train
1953,2004-05-31 01:00:00,train
1958,2004-05-31 06:00:00,train
1959,2004-05-31 07:00:00,train
1960,2004-05-31 08:00:00,train
1961,2004-05-31 09:00:00,train
1962,2004-05-31 10:00:00,train
1963,2004-05-31 11:00:00,train
1964,2004-05-31 12:00:00,train
1965,2004-05-31 13:00:00,train
1966,2004-05-31 14:00:00,train
1967,2004-05-31 15:00:00,train
1968,2004-05-31 16:00:00,train
1969,2004-05-31 17:00:00,train
1970,2004-05-31 18:00:00,train
1971,2004-05-31 19:00:00,train
1972,2004-05-31 20:00:00,train
1973,2004-05-31 21:00:00,train
1974,2004-05-31 22:00:00,train
1975,2004-05-31 23:00:00,train
1976,2004-06-01 00:00:00,train
1981,2004-06-01 05:00:00,train
1982,2004-06-01 06:00:00,train
1983,2004-06-01 07:00:00,train
1984,2004-06-01 08:00:00,train
1985,2004-06-01 09:00:00,train
1986,2004-06-01 10:00:00,train
1987,2004-06-01 11:00:00,train
1988,2004-06-01 12:00:00,train
1989,2004-06-01 13:00:00,train
1990,2004-06-01 14:00:00,train
1991,2004-06-01 15:00:00,train
1992,2004-06-01 16:00:00,train
1993,2004-06-01 17:00:00,train
1994,2004-06-01 18:00:00,train
1995,2004-06-01 19:00:00,train
1996,2004-06-01 20:00:00,train
1997,2004-06-01 21:00:00,train
1998,2004-06-01 22:00:00,train
1999,2004-06-01 23:00:00,train
2000,2004-06-02 00:00:00,train
2064,2004-06-04 16:00:00,train
2065,2004-06-04 17:00:00,train
2066,2004-06-04 18:00:00,train
2067,2004-06-04 19:00:00,train
2068,2004-06-04 20:00:00,train
2069,2004-06-04 21:00:00,train
2070,2004-06-04 22:00:00,train
2071,2004-06-04 23:00:00,train
2072,2004-06-05 00:00:00,train
2073,2004-06-05 01:00:00,train
2074,2004-06-05 02:00:00,train
2075,2004-06-05 03:00:00,train
2076,2004-06-05 04:00:00,train
2077,2004-06-05 05:00:00,train
2078,2004-06-05 06:00:00,train
2079,2004-06-05 07:00:00,train
2080,2004-06-05 08:00:00,train
2081,2004-06-05 09:00:00,train
2082,2004-06-05 10:00:00,train
2083,2004-06-05 11:00:00,train
2084,2004-06-05 12:00:00,train
2085,2004-06-05 13:00:00,train
2086,2004-06-05 14:00:00,train
2087,2004-06-05 15:00:00,train
2088,2004-06-05 16:00:00,train
2089,2004-06-05 17:00:00,train
2090,2004-06-05 18:00:00,train
2091,2004-06-05 19:00:00,train
2092,2004-06-05 20:00:00,train
2093,2004-06-05 21:00:00,train
2094,2004-06-05 22:00:00,train
2095,2004-06-05 23:00:00,train
2096,2004-06-06 00:00:00,train
2097,2004-06-06 01:00:00,train
2098,2004-06-06 02:00:00,train
2099,2004-06-06 03:00:00,train
2100,2004-06-06 04:00:00,train
2101,2004-06-06 05:00:00,train
2102,2004-06-06 06:00:00,train
2103,2004-06-06 07:00:00,train
2104,2004-06-06 08:00:00,train
2105,2004-06-06 09:00:00,train
2106,2004-06-06 10:00:00,train
2107,2004-06-06 11:00:00,train
2108,2004-06-06 12:00:00,train
2109,2004-06-06 13:00:00,train
2110,2004-06-06 14:00:00,train
2111,2004-06-06 15:00:00,train
2112,2004-06-06 16:00:00,train
2113,2004-06-06 17:00:00,train
2114,2004-06-06 18:00:00,train
2115,2004-06-06 19:00:00,train
2116,2004-06-06 20:00:00,train
2117,2004-06-06 21:00:00,train
2118,2004-06-06 22:00:00,train
2119,2004-06-06 23:00:00,train
2120,2004-06-07 00:00:00,train
2121,2004-06-07 01:00:00,train
2122,2004-06-07 02:00:00,train
2123,2004-06-07 03:00:00,train
2125,2004-06-07 05:00:00,train
2126,2004-06-07 06:00:00,train
2127,2004-06-07 07:00:00,train
2128,2004-06-07 08:00:00,train
2129,2004-06-07 09:00:00,train
2130,2004-06-07 10:00:00,train
2131,2004-06-07 11:00:00,train
2132,2004-06-07 12:00:00,train
2133,2004-06-07 13:00:00,train
2134,2004-06-07 14:00:00,train
2135,2004-06-07 15:00:00,train
2136,2004-06-07 16:00:00,train
2137,2004-06-07 17:00:00,train
2138,2004-06-07 18:00:00,train
2139,2004-06-07 19:00:00,train
2140,2004-06-07 20:00:00,train
2141,2004-06-07 21:00:00,train
2142,2004-06-07 22:00:00,train
2143,2004-06-07 23:00:00,train
2144,2004-06-08 00:00:00,train
2145,2004-06-08 01:00:00,train
2146,2004-06-08 02:00:00,train
2147,2004-06-08 03:00:00,train
2148,2004-06-08 04:00:00,train
2149,2004-06-08 05:00:00,train
2150,2004-06-08 06:00:00,train
2151,2004-06-08 07:00:00,train
2152,2004-06-08 08:00:00,train
2153,2004-06-08 09:00:00,train
2154,2004-06-08 10:00:00,train
2155,2004-06-08 11:00:00,train
2156,2004-06-08 12:00:00,train
2157,2004-06-08 13:00:00,train
2158,2004-06-08 14:00:00,train
2159,2004-06-08 15:00:00,train
2160,2004-06-08 16:00:00,train
2161,2004-06-08 17:00:00,train
2162,2004-06-08 18:00:00,train
2163,2004-06-08 19:00:00,train
2164,2004-06-08 20:00:00,train
2165,2004-06-08 21:00:00,train
2166,2004-06-08 22:00:00,train
2167,2004-06-08 23:00:00,train
2168,2004-06-09 00:00:00,train
2169,2004-06-09 01:00:00,train
2170,2004-06-09 02:00:00,train
2171,2004-06-09 03:00:00,train
2172,2004-06-09 04:00:00,train
2173,2004-06-09 05:00:00,train
2174,2004-06-09 06:00:00,train
2175,2004-06-09 07:00:00,train
2176,2004-06-09 08:00:00,train
2177,2004-06-09 09:00:00,train
2178,2004-06-09 10:00:00,train
2179,2004-06-09 11:00:00,train
2180,2004-06-09 12:00:00,train
2181,2004-06-09 13:00:00,train
2182,2004-06-09 14:00:00,train
2183,2004-06-09 15:00:00,train
2184,2004-06-09 16:00:00,train
2185,2004-06-09 17:00:00,train
2186,2004-06-09 18:00:00,train
2187,2004-06-09 19:00:00,train
2188,2004-06-09 20:00:00,train
2189,2004-06-09 21:00:00,train
2190,2004-06-09 22:00:00,train
2191,2004-06-09 23:00:00,train
2192,2004-06-10 00:00:00,train
2193,2004-06-10 01:00:00,train
2194,2004-06-10 02:00:00,train
2195,2004-06-10 03:00:00,train
2197,2004-06-10 05:00:00,train
2198,2004-06-10 06:00:00,train
2199,2004-06-10 07:00:00,train
2200,2004-06-10 08:00:00,train
2201,2004-06-10 09:00:00,train
2202,2004-06-10 10:00:00,train
2203,2004-06-10 11:00:00,train
2204,2004-06-10 12:00:00,train
2205,2004-06-10 13:00:00,train
2206,2004-06-10 14:00:00,train
2207,2004-06-10 15:00:00,train
2208,2004-06-10 16:00:00,train
2209,2004-06-10 17:00:00,train
2210,2004-06-10 18:00:00,train
2211,2004-06-10 19:00:00,train
2212,2004-06-10 20:00:00,train
2213,2004-06-10 21:00:00,train
2214,2004-06-10 22:00:00,train
2215,2004-06-10 23:00:00,train
2216,2004-06-11 00:00:00,train
2217,2004-06-11 01:00:00,train
2218,2004-06-11 02:00:00,train
2219,2004-06-11 03:00:00,train
2220,2004-06-11 04:00:00,train
2221,2004-06-11 05:00:00,train
2222,2004-06-11 06:00:00,train
2223,2004-06-11 07:00:00,train
2224,2004-06-11 08:00:00,train
2225,2004-06-11 09:00:00,train
2227,2004-06-11 11:00:00,train
2228,2004-06-11 12:00:00,train
2229,2004-06-11 13:00:00,train
2230,2004-06-11 14:00:00,train
2231,2004-06-11 15:00:00,train
2232,2004-06-11 16:00:00,train
2233,2004-06-11 17:00:00,train
2234,2004-06-11 18:00:00,train
2235,2004-06-11 19:00:00,train
2236,2004-06-11 20:00:00,train
2237,2004-06-11 21:00:00,train
2238,2004-06-11 22:00:00,train
2239,2004-06-11 23:00:00,train
2240,2004-06-12 00:00:00,train
2241,2004-06-12 01:00:00,train
2242,2004-06-12 02:00:00,train
2243,2004-06-12 03:00:00,train
2244,2004-06-12 04:00:00,train
2245,2004-06-12 05:00:00,train
2246,2004-06-12 06:00:00,train
2247,2004-06-12 07:00:00,train
2248,2004-06-12 08:00:00,train
2249,2004-06-12 09:00:00,train
2250,2004-06-12 10:00:00,train
2251,2004-06-12 11:00:00,train
2252,2004-06-12 12:00:00,train
2253,2004-06-12 13:00:00,train
2254,2004-06-12 14:00:00,train
2255,2004-06-12 15:00:00,train
2256,2004-06-12 16:00:00,train
2257,2004-06-12 17:00:00,train
2258,2004-06-12 18:00:00,train
2259,2004-06-12 19:00:00,train
2260,2004-06-12 20:00:00,train
2261,2004-06-12 21:00:00,train
2262,2004-06-12 22:00:00,train
2263,2004-06-12 23:00:00,train
2264,2004-06-13 00:00:00,train
2265,2004-06-13 01:00:00,train
2266,2004-06-13 02:00:00,train
2267,2004-06-13 03:00:00,train
2268,2004-06-13 04:00:00,train
2269,2004-06-13 05:00:00,train
2270,2004-06-13 06:00:00,train
2271,2004-06-13 07:00:00,train
2272,2004-06-13 08:00:00,train
2273,2004-06-13 09:00:00,train
2274,2004-06-13 10:00:00,train
2275,2004-06-13 11:00:00,train
2276,2004-06-13 12:00:00,train
2277,2004-06-13 13:00:00,train
2278,2004-06-13 14:00:00,train
2279,2004-06-13 15:00:00,train
2280,2004-06-13 16:00:00,train
2281,2004-06-13 17:00:00,train
2282,2004-06-13 18:00:00,train
2283,2004-06-13 19:00:00,train
2284,2004-06-13 20:00:00,train
2285,2004-06-13 21:00:00,train
2286,2004-06-13 22:00:00,train
2287,2004-06-13 23:00:00,train
2288,2004-06-14 00:00:00,train
2289,2004-06-14 01:00:00,train
2290,2004-06-14 02:00:00,train
2291,2004-06-14 03:00:00,train
2293,2004-06-14 05:00:00,train
2294,2004-06-14 06:00:00,train
2295,2004-06-14 07:00:00,train
2296,2004-06-14 08:00:00,train
2297,2004-06-14 09:00:00,train
2298,2004-06-14 10:00:00,train
2299,2004-06-14 11:00:00,train
2300,2004-06-14 12:00:00,train
2301,2004-06-14 13:00:00,train
2302,2004-06-14 14:00:00,train
2303,2004-06-14 15:00:00,train
2304,2004-06-14 16:00:00,train
2305,2004-06-14 17:00:00,train
2306,2004-06-14 18:00:00,train
2307,2004-06-14 19:00:00,train
2308,2004-06-14 20:00:00,train
2309,2004-06-14 21:00:00,train
2310,2004-06-14 22:00:00,train
2311,2004-06-14 23:00:00,train
2312,2004-06-15 00:00:00,train
2313,2004-06-15 01:00:00,train
2314,2004-06-15 02:00:00,train
2315,2004-06-15 03:00:00,train
2316,2004-06-15 04:00:00,train
2317,2004-06-15 05:00:00,train
2318,2004-06-15 06:00:00,train
2319,2004-06-15 07:00:00,train
2320,2004-06-15 08:00:00,train
2321,2004-06-15 09:00:00,train
2322,2004-06-15 10:00:00,train
2323,2004-06-15 11:00:00,train
2324,2004-06-15 12:00:00,train
2325,2004-06-15 13:00:00,train
2326,2004-06-15 14:00:00,train
2327,2004-06-15 15:00:00,train
2328,2004-06-15 16:00:00,train
2329,2004-06-15 17:00:00,train
2330,2004-06-15 18:00:00,train
2331,2004-06-15 19:00:00,train
2332,2004-06-15 20:00:00,train
2333,2004-06-15 21:00:00,train
2334,2004-06-15 22:00:00,train
2335,2004-06-15 23:00:00,train
2336,2004-06-16 00:00:00,train
2337,2004-06-16 01:00:00,train
2338,2004-06-16 02:00:00,train
2339,2004-06-16 03:00:00,train
2340,2004-06-16 04:00:00,train
2341,2004-06-16 05:00:00,train
2342,2004-06-16 06:00:00,train
2343,2004-06-16 07:00:00,train
2344,2004-06-16 08:00:00,train
2345,2004-06-16 09:00:00,train
2346,2004-06-16 10:00:00,train
2347,2004-06-16 11:00:00,train
2348,2004-06-16 12:00:00,train
2349,2004-06-16 13:00:00,train
2350,2004-06-16 14:00:00,train
2351,2004-06-16 15:00:00,train
2352,2004-06-16 16:00:00,train
2353,2004-06-16 17:00:00,train
2354,2004-06-16 18:00:00,train
2355,2004-06-16 19:00:00,train
2356,2004-06-16 20:00:00,train
2357,2004-06-16 21:00:00,train
2358,2004-06-16 22:00:00,train
2359,2004-06-16 23:00:00,train
2360,2004-06-17 00:00:00,train
2361,2004-06-17 01:00:00,train
2362,2004-06-17 02:00:00,train
2363,2004-06-17 03:00:00,train
2365,2004-06-17 05:00:00,train
2366,2004-06-17 06:00:00,train
2367,2004-06-17 07:00:00,train
2368,2004-06-17 08:00:00,train
2369,2004-06-17 09:00:00,train
2370,2004-06-17 10:00:00,train
2371,2004-06-17 11:00:00,train
2372,2004-06-17 12:00:00,train
2373,2004-06-17 13:00:00,train
2374,2004-06-17 14:00:00,train
2375,2004-06-17 15:00:00,train
2376,2004-06-17 16:00:00,train
2377,2004-06-17 17:00:00,train
2378,2004-06-17 18:00:00,train
2379,2004-06-17 19:00:00,train
2380,2004-06-17 20:00:00,train
2381,2004-06-17 21:00:00,train
2382,2004-06-17 22:00:00,train
2383,2004-06-17 23:00:00,train
2384,2004-06-18 00:00:00,train
2385,2004-06-18 01:00:00,train
2386,2004-06-18 02:00:00,train
2387,2004-06-18 03:00:00,train
2388,2004-06-18 04:00:00,train
2389,2004-06-18 05:00:00,train
2390,2004-06-18 06:00:00,train
2391,2004-06-18 07:00:00,train
2392,2004-06-18 08:00:00,train
2393,2004-06-18 09:00:00,train
2394,2004-06-18 10:00:00,train
2395,2004-06-18 11:00:00,train
2396,2004-06-18 12:00:00,train
2397,2004-06-18 13:00:00,train
2398,2004-06-18 14:00:00,train
2399,2004-06-18 15:00:00,train
2400,2004-06-18 16:00:00,train
2401,2004-06-18 17:00:00,train
2402,2004-06-18 18:00:00,train
2403,2004-06-18 19:00:00,train
2404,2004-06-18 20:00:00,train
2405,2004-06-18 21:00:00,train
2406,2004-06-18 22:00:00,train
2407,2004-06-18 23:00:00,train
2408,2004-06-19 00:00:00,train
2409,2004-06-19 01:00:00,train
2410,2004-06-19 02:00:00,train
2411,2004-06-19 03:00:00,train
2412,2004-06-19 04:00:00,train
2413,2004-06-19 05:00:00,train
2414,2004-06-19 06:00:00,train
2415,2004-06-19 07:00:00,train
2416,2004-06-19 08:00:00,train
2417,2004-06-19 09:00:00,train
2418,2004-06-19 10:00:00,train
2419,2004-06-19 11:00:00,train
2420,2004-06-19 12:00:00,train
2421,2004-06-19 13:00:00,train
2460,2004-06-21 04:00:00,train
2461,2004-06-21 05:00:00,train
2462,2004-06-21 06:00:00,train
2463,2004-06-21 07:00:00,train
2464,2004-06-21 08:00:00,train
2465,2004-06-21 09:00:00,train
2466,2004-06-21 10:00:00,train
2467,2004-06-21 11:00:00,train
2468,2004-06-21 12:00:00,train
2469,2004-06-21 13:00:00,train
2470,2004-06-21 14:00:00,train
2471,2004-06-21 15:00:00,train
2472,2004-06-21 16:00:00,train
2473,2004-06-21 17:00:00,train
2474,2004-06-21 18:00:00,train
2475,2004-06-21 19:00:00,train
2476,2004-06-21 20:00:00,train
2477,2004-06-21 21:00:00,train
2478,2004-06-21 22:00:00,train
2479,2004-06-21 23:00:00,train
2480,2004-06-22 00:00:00,train
2481,2004-06-22 01:00:00,train
2482,2004-06-22 02:00:00,train
2483,2004-06-22 03:00:00,train
2484,2004-06-22 04:00:00,train
2485,2004-06-22 05:00:00,train
2486,2004-06-22 06:00:00,train
2487,2004-06-22 07:00:00,train
2488,2004-06-22 08:00:00,train
2489,2004-06-22 09:00:00,train
2490,2004-06-22 10:00:00,train
2491,2004-06-22 11:00:00,train
2492,2004-06-22 12:00:00,train
2493,2004-06-22 13:00:00,train
2494,2004-06-22 14:00:00,train
2495,2004-06-22 15:00:00,train
2496,2004-06-22 16:00:00,train
2497,2004-06-22 17:00:00,train
2498,2004-06-22 18:00:00,train
2499,2004-06-22 19:00:00,train
2500,2004-06-22 20:00:00,train
2501,2004-06-22 21:00:00,train
2502,2004-06-22 22:00:00,train
2503,2004-06-22 23:00:00,train
2504,2004-06-23 00:00:00,train
2505,2004-06-23 01:00:00,train
2506,2004-06-23 02:00:00,train
2507,2004-06-23 03:00:00,train
2509,2004-06-23 05:00:00,train
2510,2004-06-23 06:00:00,train
2511,2004-06-23 07:00:00,train
2512,2004-06-23 08:00:00,train
2513,2004-06-23 09:00:00,train
2514,2004-06-23 10:00:00,train
2515,2004-06-23 11:00:00,train
2516,2004-06-23 12:00:00,train
2517,2004-06-23 13:00:00,train
2518,2004-06-23 14:00:00,train
2519,2004-06-23 15:00:00,train
2520,2004-06-23 16:00:00,train
2521,2004-06-23 17:00:00,train
2522,2004-06-23 18:00:00,train
2523,2004-06-23 19:00:00,train
2524,2004-06-23 20:00:00,train
2525,2004-06-23 21:00:00,train
2526,2004-06-23 22:00:00,train
2527,2004-06-23 23:00:00,train
2528,2004-06-24 00:00:00,train
2529,2004-06-24 01:00:00,train
2530,2004-06-24 02:00:00,train
2531,2004-06-24 03:00:00,train
2532,2004-06-24 04:00:00,train
2533,2004-06-24 05:00:00,train
2534,2004-06-24 06:00:00,train
2535,2004-06-24 07:00:00,train
2536,2004-06-24 08:00:00,train
2537,2004-06-24 09:00:00,train
2538,2004-06-24 10:00:00,train
2539,2004-06-24 11:00:00,train
2540,2004-06-24 12:00:00,train
2541,2004-06-24 13:00:00,train
2542,2004-06-24 14:00:00,train
2543,2004-06-24 15:00:00,train
2544,2004-06-24 16:00:00,train
2545,2004-06-24 17:00:00,train
2546,2004-06-24 18:00:00,train
2547,2004-06-24 19:00:00,train
2548,2004-06-24 20:00:00,train
2549,2004-06-24 21:00:00,train
2550,2004-06-24 22:00:00,train
2551,2004-06-24 23:00:00,train
2552,2004-06-25 00:00:00,train
2553,2004-06-25 01:00:00,train
2554,2004-06-25 02:00:00,train
2555,2004-06-25 03:00:00,train
2556,2004-06-25 04:00:00,train
2557,2004-06-25 05:00:00,train
2558,2004-06-25 06:00:00,train
2559,2004-06-25 07:00:00,train
2560,2004-06-25 08:00:00,train
2561,2004-06-25 09:00:00,train
2562,2004-06-25 10:00:00,train
2563,2004-06-25 11:00:00,train
2564,2004-06-25 12:00:00,train
2565,2004-06-25 13:00:00,train
2566,2004-06-25 14:00:00,train
2567,2004-06-25 15:00:00,train
2568,2004-06-25 16:00:00,train
2569,2004-06-25 17:00:00,train
2570,2004-06-25 18:00:00,train
2571,2004-06-25 19:00:00,train
2572,2004-06-25 20:00:00,train
2573,2004-06-25 21:00:00,train
2574,2004-06-25 22:00:00,train
2575,2004-06-25 23:00:00,train
2576,2004-06-26 00:00:00,train
2577,2004-06-26 01:00:00,train
2578,2004-06-26 02:00:00,train
2579,2004-06-26 03:00:00,train
2581,2004-06-26 05:00:00,train
2582,2004-06-26 06:00:00,train
2583,2004-06-26 07:00:00,train
2584,2004-06-26 08:00:00,train
2585,2004-06-26 09:00:00,train
2586,2004-06-26 10:00:00,train
2587,2004-06-26 11:00:00,train
2588,2004-06-26 12:00:00,train
2589,2004-06-26 13:00:00,train
2590,2004-06-26 14:00:00,train
2591,2004-06-26 15:00:00,train
2592,2004-06-26 16:00:00,train
2593,2004-06-26 17:00:00,train
2594,2004-06-26 18:00:00,train
2595,2004-06-26 19:00:00,train
2596,2004-06-26 20:00:00,train
2597,2004-06-26 21:00:00,train
2598,2004-06-26 22:00:00,train
2599,2004-06-26 23:00:00,train
2600,2004-06-27 00:00:00,train
2601,2004-06-27 01:00:00,train
2602,2004-06-27 02:00:00,train
2603,2004-06-27 03:00:00,train
2604,2004-06-27 04:00:00,train
2605,2004-06-27 05:00:00,train
2606,2004-06-27 06:00:00,train
2607,2004-06-27 07:00:00,train
2608,2004-06-27 08:00:00,train
2609,2004-06-27 09:00:00,train
2610,2004-06-27 10:00:00,train
2611,2004-06-27 11:00:00,train
2612,2004-06-27 12:00:00,train
2613,2004-06-27 13:00:00,train
2614,2004-06-27 14:00:00,train
2615,2004-06-27 15:00:00,train
2616,2004-06-27 16:00:00,train
2617,2004-06-27 17:00:00,train
2618,2004-06-27 18:00:00,train
2619,2004-06-27 19:00:00,train
2620,2004-06-27 20:00:00,train
2621,2004-06-27 21:00:00,train
2622,2004-06-27 22:00:00,train
2623,2004-06-27 23:00:00,train
2624,2004-06-28 00:00:00,train
2625,2004-06-28 01:00:00,train
2626,2004-06-28 02:00:00,train
2627,2004-06-28 03:00:00,train
2628,2004-06-28 04:00:00,train
2629,2004-06-28 05:00:00,train
2630,2004-06-28 06:00:00,train
2631,2004-06-28 07:00:00,train
2632,2004-06-28 08:00:00,train
2633,2004-06-28 09:00:00,train
2634,2004-06-28 10:00:00,train
2635,2004-06-28 11:00:00,train
2636,2004-06-28 12:00:00,train
2637,2004-06-28 13:00:00,train
2638,2004-06-28 14:00:00,train
2639,2004-06-28 15:00:00,train
2640,2004-06-28 16:00:00,train
2641,2004-06-28 17:00:00,train
2642,2004-06-28 18:00:00,train
2643,2004-06-28 19:00:00,train
2644,2004-06-28 20:00:00,train
2645,2004-06-28 21:00:00,train
2646,2004-06-28 22:00:00,train
2647,2004-06-28 23:00:00,train
2648,2004-06-29 00:00:00,train
2649,2004-06-29 01:00:00,train
2650,2004-06-29 02:00:00,train
2651,2004-06-29 03:00:00,train
2653,2004-06-29 05:00:00,train
2654,2004-06-29 06:00:00,train
2655,2004-06-29 07:00:00,train
2656,2004-06-29 08:00:00,train
2657,2004-06-29 09:00:00,train
2658,2004-06-29 10:00:00,train
2659,2004-06-29 11:00:00,train
2660,2004-06-29 12:00:00,train
2661,2004-06-29 13:00:00,train
2662,2004-06-29 14:00:00,train
2663,2004-06-29 15:00:00,train
2664,2004-06-29 16:00:00,train
2665,2004-06-29 17:00:00,train
2666,2004-06-29 18:00:00,train
2667,2004-06-29 19:00:00,train
2668,2004-06-29 20:00:00,train
2669,2004-06-29 21:00:00,train
2670,2004-06-29 22:00:00,train
2671,2004-06-29 23:00:00,train
2672,2004-06-30 00:00:00,train
2673,2004-06-30 01:00:00,train
2674,2004-06-30 02:00:00,train
2675,2004-06-30 03:00:00,train
2676,2004-06-30 04:00:00,train
2677,2004-06-30 05:00:00,train
2678,2004-06-30 06:00:00,train
2679,2004-06-30 07:00:00,train
2680,2004-06-30 08:00:00,train
2681,2004-06-30 09:00:00,train
2682,2004-06-30 10:00:00,train
2683,2004-06-30 11:00:00,train
2684,2004-06-30 12:00:00,train
2685,2004-06-30 13:00:00,train
2686,2004-06-30 14:00:00,train
2687,2004-06-30 15:00:00,train
2688,2004-06-30 16:00:00,train
2689,2004-06-30 17:00:00,train
2690,2004-06-30 18:00:00,train
2691,2004-06-30 19:00:00,train
2692,2004-06-30 20:00:00,train
2693,2004-06-30 21:00:00,train
2694,2004-06-30 22:00:00,train
2695,2004-06-30 23:00:00,train
2696,2004-07-01 00:00:00,train
2697,2004-07-01 01:00:00,train
2698,2004-07-01 02:00:00,train
2699,2004-07-01 03:00:00,train
2700,2004-07-01 04:00:00,train
2701,2004-07-01 05:00:00,train
2702,2004-07-01 06:00:00,train
2703,2004-07-01 07:00:00,train
2704,2004-07-01 08:00:00,train
2705,2004-07-01 09:00:00,train
2706,2004-07-01 10:00:00,train
2707,2004-07-01 11:00:00,train
2708,2004-07-01 12:00:00,train
2709,2004-07-01 13:00:00,train
2710,2004-07-01 14:00:00,train
2711,2004-07-01 15:00:00,train
2712,2004-07-01 16:00:00,train
2713,2004-07-01 17:00:00,train
2714,2004-07-01 18:00:00,train
2715,2004-07-01 19:00:00,train
2716,2004-07-01 20:00:00,train
2717,2004-07-01 21:00:00,train
2718,2004-07-01 22:00:00,train
2719,2004-07-01 23:00:00,train
2720,2004-07-02 00:00:00,train
2721,2004-07-02 01:00:00,train
2722,2004-07-02 02:00:00,train
2723,2004-07-02 03:00:00,train
2725,2004-07-02 05:00:00,train
2726,2004-07-02 06:00:00,train
2727,2004-07-02 07:00:00,train
2728,2004-07-02 08:00:00,train
2729,2004-07-02 09:00:00,train
2730,2004-07-02 10:00:00,train
2731,2004-07-02 11:00:00,train
2732,2004-07-02 12:00:00,train
2733,2004-07-02 13:00:00,train
2734,2004-07-02 14:00:00,train
2735,2004-07-02 15:00:00,train
2736,2004-07-02 16:00:00,train
2737,2004-07-02 17:00:00,train
2738,2004-07-02 18:00:00,train
2739,2004-07-02 19:00:00,train
2740,2004-07-02 20:00:00,train
2741,2004-07-02 21:00:00,train
2742,2004-07-02 22:00:00,train
2743,2004-07-02 23:00:00,train
2744,2004-07-03 00:00:00,train
2745,2004-07-03 01:00:00,train
2746,2004-07-03 02:00:00,train
2747,2004-07-03 03:00:00,train
2748,2004-07-03 04:00:00,train
2749,2004-07-03 05:00:00,train
2750,2004-07-03 06:00:00,train
2751,2004-07-03 07:00:00,train
2752,2004-07-03 08:00:00,train
2753,2004-07-03 09:00:00,train
2754,2004-07-03 10:00:00,train
2755,2004-07-03 11:00:00,train
2756,2004-07-03 12:00:00,train
2757,2004-07-03 13:00:00,train
2758,2004-07-03 14:00:00,train
2759,2004-07-03 15:00:00,train
2760,2004-07-03 16:00:00,train
2761,2004-07-03 17:00:00,train
2762,2004-07-03 18:00:00,train
2763,2004-07-03 19:00:00,train
2764,2004-07-03 20:00:00,train
2765,2004-07-03 21:00:00,train
2766,2004-07-03 22:00:00,train
2767,2004-07-03 23:00:00,train
2768,2004-07-04 00:00:00,train
2769,2004-07-04 01:00:00,train
2770,2004-07-04 02:00:00,train
2771,2004-07-04 03:00:00,train
2772,2004-07-04 04:00:00,train
2773,2004-07-04 05:00:00,train
2774,2004-07-04 06:00:00,train
2775,2004-07-04 07:00:00,train
2776,2004-07-04 08:00:00,train
2777,2004-07-04 09:00:00,train
2778,2004-07-04 10:00:00,train
2779,2004-07-04 11:00:00,train
2780,2004-07-04 12:00:00,train
2781,2004-07-04 13:00:00,train
2782,2004-07-04 14:00:00,train
2783,2004-07-04 15:00:00,train
2784,2004-07-04 16:00:00,train
2785,2004-07-04 17:00:00,train
2786,2004-07-04 18:00:00,train
2787,2004-07-04 19:00:00,train
2788,2004-07-04 20:00:00,train
2789,2004-07-04 21:00:00,train
2790,2004-07-04 22:00:00,train
2791,2004-07-04 23:00:00,train
2792,2004-07-05 00:00:00,train
2793,2004-07-05 01:00:00,train
2794,2004-07-05 02:00:00,train
2795,2004-07-05 03:00:00,train
2797,2004-07-05 05:00:00,train
2798,2004-07-05 06:00:00,train
2799,2004-07-05 07:00:00,train
2800,2004-07-05 08:00:00,train
2801,2004-07-05 09:00:00,train
2802,2004-07-05 10:00:00,train
2803,2004-07-05 11:00:00,train
2804,2004-07-05 12:00:00,train
2805,2004-07-05 13:00:00,train
2806,2004-07-05 14:00:00,train
2807,2004-07-05 15:00:00,train
2808,2004-07-05 16:00:00,train
2809,2004-07-05 17:00:00,train
2810,2004-07-05 18:00:00,train
2811,2004-07-05 19:00:00,train
2812,2004-07-05 20:00:00,train
2813,2004-07-05 21:00:00,train
2814,2004-07-05 22:00:00,train
2815,2004-07-05 23:00:00,train
2816,2004-07-06 00:00:00,train
2817,2004-07-06 01:00:00,train
2818,2004-07-06 02:00:00,train
2819,2004-07-06 03:00:00,train
2820,2004-07-06 04:00:00,train
2821,2004-07-06 05:00:00,train
2822,2004-07-06 06:00:00,train
2823,2004-07-06 07:00:00,train
2824,2004-07-06 08:00:00,train
2825,2004-07-06 09:00:00,train
2826,2004-07-06 10:00:00,train
2827,2004-07-06 11:00:00,train
2828,2004-07-06 12:00:00,train
2829,2004-07-06 13:00:00,train
2830,2004-07-06 14:00:00,train
2831,2004-07-06 15:00:00,train
2832,2004-07-06 16:00:00,train
2833,2004-07-06 17:00:00,train
2834,2004-07-06 18:00:00,train
2835,2004-07-06 19:00:00,train
2836,2004-07-06 20:00:00,train
2837,2004-07-06 21:00:00,train
2838,2004-07-06 22:00:00,train
2839,2004-07-06 23:00:00,train
2840,2004-07-07 00:00:00,train
2841,2004-07-07 01:00:00,train
2842,2004-07-07 02:00:00,train
2843,2004-07-07 03:00:00,train
2844,2004-07-07 04:00:00,train
2845,2004-07-07 05:00:00,train
2846,2004-07-07 06:00:00,train
2847,2004-07-07 07:00:00,train
2848,2004-07-07 08:00:00,train
2849,2004-07-07 09:00:00,train
2850,2004-07-07 10:00:00,train
2851,2004-07-07 11:00:00,train
2852,2004-07-07 12:00:00,train
2853,2004-07-07 13:00:00,train
2854,2004-07-07 14:00:00,train
2855,2004-07-07 15:00:00,train
2856,2004-07-07 16:00:00,train
2857,2004-07-07 17:00:00,train
2858,2004-07-07 18:00:00,train
2859,2004-07-07 19:00:00,train
2860,2004-07-07 20:00:00,train
2861,2004-07-07 21:00:00,train
2862,2004-07-07 22:00:00,train
2863,2004-07-07 23:00:00,train
2864,2004-07-08 00:00:00,train
2865,2004-07-08 01:00:00,train
2866,2004-07-08 02:00:00,train
2867,2004-07-08 03:00:00,train
2869,2004-07-08 05:00:00,train
2870,2004-07-08 06:00:00,train
2871,2004-07-08 07:00:00,train
2872,2004-07-08 08:00:00,train
2873,2004-07-08 09:00:00,train
2874,2004-07-08 10:00:00,train
2875,2004-07-08 11:00:00,train
2876,2004-07-08 12:00:00,train
2877,2004-07-08 13:00:00,train
2878,2004-07-08 14:00:00,train
2879,2004-07-08 15:00:00,train
2880,2004-07-08 16:00:00,train
2881,2004-07-08 17:00:00,train
2882,2004-07-08 18:00:00,train
2883,2004-07-08 19:00:00,train
2884,2004-07-08 20:00:00,train
2885,2004-07-08 21:00:00,train
2886,2004-07-08 22:00:00,train
2887,2004-07-08 23:00:00,train
2888,2004-07-09 00:00:00,train
2889,2004-07-09 01:00:00,train
2890,2004-07-09 02:00:00,train
2891,2004-07-09 03:00:00,train
2892,2004-07-09 04:00:00,train
2893,2004-07-09 05:00:00,train
2894,2004-07-09 06:00:00,train
2895,2004-07-09 07:00:00,train
2896,2004-07-09 08:00:00,train
2897,2004-07-09 09:00:00,train
2898,2004-07-09 10:00:00,train
2899,2004-07-09 11:00:00,train
2900,2004-07-09 12:00:00,train
2901,2004-07-09 13:00:00,train
2902,2004-07-09 14:00:00,train
2903,2004-07-09 15:00:00,train
2904,2004-07-09 16:00:00,train
2905,2004-07-09 17:00:00,train
2906,2004-07-09 18:00:00,train
2907,2004-07-09 19:00:00,train
2908,2004-07-09 20:00:00,train
2909,2004-07-09 21:00:00,train
2910,2004-07-09 22:00:00,train
2911,2004-07-09 23:00:00,train
2912,2004-07-10 00:00:00,train
2913,2004-07-10 01:00:00,train
2914,2004-07-10 02:00:00,train
2915,2004-07-10 03:00:00,train
2916,2004-07-10 04:00:00,train
2917,2004-07-10 05:00:00,train
2918,2004-07-10 06:00:00,train
2919,2004-07-10 07:00:00,train
2920,2004-07-10 08:00:00,train
2921,2004-07-10 09:00:00,train
2922,2004-07-10 10:00:00,train
2923,2004-07-10 11:00:00,train
2924,2004-07-10 12:00:00,train
2925,2004-07-10 13:00:00,train
2926,2004-07-10 14:00:00,train
2927,2004-07-10 15:00:00,train
2928,2004-07-10 16:00:00,train
2929,2004-07-10 17:00:00,train
2930,2004-07-10 18:00:00,train
2931,2004-07-10 19:00:00,train
2932,2004-07-10 20:00:00,train
2933,2004-07-10 21:00:00,train
2934,2004-07-10 22:00:00,train
2935,2004-07-10 23:00:00,train
2936,2004-07-11 00:00:00,train
2937,2004-07-11 01:00:00,train
2938,2004-07-11 02:00:00,train
2939,2004-07-11 03:00:00,train
2940,2004-07-11 04:00:00,train
2941,2004-07-11 05:00:00,train
2942,2004-07-11 06:00:00,train
2943,2004-07-11 07:00:00,train
2944,2004-07-11 08:00:00,train
2945,2004-07-11 09:00:00,train
2946,2004-07-11 10:00:00,train
2947,2004-07-11 11:00:00,train
2948,2004-07-11 12:00:00,train
2949,2004-07-11 13:00:00,train
2950,2004-07-11 14:00:00,train
2951,2004-07-11 15:00:00,train
2952,2004-07-11 16:00:00,train
2953,2004-07-11 17:00:00,train
2954,2004-07-11 18:00:00,train
2955,2004-07-11 19:00:00,train
2956,2004-07-11 20:00:00,train
2957,2004-07-11 21:00:00,train
2958,2004-07-11 22:00:00,train
2959,2004-07-11 23:00:00,train
2960,2004-07-12 00:00:00,train
2961,2004-07-12 01:00:00,train
2962,2004-07-12 02:00:00,train
2963,2004-07-12 03:00:00,train
2965,2004-07-12 05:00:00,train
2966,2004-07-12 06:00:00,train
2967,2004-07-12 07:00:00,train
2968,2004-07-12 08:00:00,train
2969,2004-07-12 09:00:00,train
2970,2004-07-12 10:00:00,train
2971,2004-07-12 11:00:00,train
2972,2004-07-12 12:00:00,train
2973,2004-07-12 13:00:00,train
2974,2004-07-12 14:00:00,train
2975,2004-07-12 15:00:00,train
2976,2004-07-12 16:00:00,train
2977,2004-07-12 17:00:00,train
2978,2004-07-12 18:00:00,train
2979,2004-07-12 19:00:00,train
2980,2004-07-12 20:00:00,train
2981,2004-07-12 21:00:00,train
2982,2004-07-12 22:00:00,train
2983,2004-07-12 23:00:00,train
2984,2004-07-13 00:00:00,train
2985,2004-07-13 01:00:00,train
2986,2004-07-13 02:00:00,train
2987,2004-07-13 03:00:00,train
2988,2004-07-13 04:00:00,train
2989,2004-07-13 05:00:00,train
2990,2004-07-13 06:00:00,train
2991,2004-07-13 07:00:00,train
2992,2004-07-13 08:00:00,train
2993,2004-07-13 09:00:00,train
2994,2004-07-13 10:00:00,train
2995,2004-07-13 11:00:00,train
2996,2004-07-13 12:00:00,train
2997,2004-07-13 13:00:00,train
2998,2004-07-13 14:00:00,train
2999,2004-07-13 15:00:00,train
3000,2004-07-13 16:00:00,train
3001,2004-07-13 17:00:00,train
3002,2004-07-13 18:00:00,train
3003,2004-07-13 19:00:00,train
3004,2004-07-13 20:00:00,train
3005,2004-07-13 21:00:00,train
3006,2004-07-13 22:00:00,train
3007,2004-07-13 23:00:00,train
3008,2004-07-14 00:00:00,train
3009,2004-07-14 01:00:00,train
3010,2004-07-14 02:00:00,train
3011,2004-07-14 03:00:00,train
3012,2004-07-14 04:00:00,train
3013,2004-07-14 05:00:00,train
3014,2004-07-14 06:00:00,train
3015,2004-07-14 07:00:00,train
3016,2004-07-14 08:00:00,train
3017,2004-07-14 09:00:00,train
3018,2004-07-14 10:00:00,train
3019,2004-07-14 11:00:00,train
3020,2004-07-14 12:00:00,train
3021,2004-07-14 13:00:00,train
3022,2004-07-14 14:00:00,train
3023,2004-07-14 15:00:00,train
3024,2004-07-14 16:00:00,train
3025,2004-07-14 17:00:00,train
3026,2004-07-14 18:00:00,train
3027,2004-07-14 19:00:00,train
3028,2004-07-14 20:00:00,train
3029,2004-07-14 21:00:00,train
3030,2004-07-14 22:00:00,train
3031,2004-07-14 23:00:00,train
3032,2004-07-15 00:00:00,train
3033,2004-07-15 01:00:00,train
3034,2004-07-15 02:00:00,train
3035,2004-07-15 03:00:00,train
3037,2004-07-15 05:00:00,train
3038,2004-07-15 06:00:00,train
3039,2004-07-15 07:00:00,train
3040,2004-07-15 08:00:00,train
3041,2004-07-15 09:00:00,train
3042,2004-07-15 10:00:00,train
3043,2004-07-15 11:00:00,train
3044,2004-07-15 12:00:00,train
3045,2004-07-15 13:00:00,train
3046,2004-07-15 14:00:00,train
3047,2004-07-15 15:00:00,train
3048,2004-07-15 16:00:00,train
3049,2004-07-15 17:00:00,train
3050,2004-07-15 18:00:00,train
3051,2004-07-15 19:00:00,train
3052,2004-07-15 20:00:00,train
3053,2004-07-15 21:00:00,train
3054,2004-07-15 22:00:00,train
3055,2004-07-15 23:00:00,train
3056,2004-07-16 00:00:00,train
3057,2004-07-16 01:00:00,train
3058,2004-07-16 02:00:00,train
3059,2004-07-16 03:00:00,train
3060,2004-07-16 04:00:00,train
3061,2004-07-16 05:00:00,train
3062,2004-07-16 06:00:00,train
3063,2004-07-16 07:00:00,train
3064,2004-07-16 08:00:00,train
3065,2004-07-16 09:00:00,train
3066,2004-07-16 10:00:00,train
3067,2004-07-16 11:00:00,train
3068,2004-07-16 12:00:00,train
3069,2004-07-16 13:00:00,train
3070,2004-07-16 14:00:00,train
3071,2004-07-16 15:00:00,train
3072,2004-07-16 16:00:00,train
3073,2004-07-16 17:00:00,train
3074,2004-07-16 18:00:00,train
3075,2004-07-16 19:00:00,train
3076,2004-07-16 20:00:00,train
3077,2004-07-16 21:00:00,train
3078,2004-07-16 22:00:00,train
3079,2004-07-16 23:00:00,train
3080,2004-07-17 00:00:00,train
3081,2004-07-17 01:00:00,train
3082,2004-07-17 02:00:00,train
3083,2004-07-17 03:00:00,train
3084,2004-07-17 04:00:00,train
3085,2004-07-17 05:00:00,train
3086,2004-07-17 06:00:00,train
3087,2004-07-17 07:00:00,train
3088,2004-07-17 08:00:00,train
3089,2004-07-17 09:00:00,train
3090,2004-07-17 10:00:00,train
3091,2004-07-17 11:00:00,train
3092,2004-07-17 12:00:00,train
3093,2004-07-17 13:00:00,train
3094,2004-07-17 14:00:00,train
3095,2004-07-17 15:00:00,train
3096,2004-07-17 16:00:00,train
3097,2004-07-17 17:00:00,train
3098,2004-07-17 18:00:00,train
3099,2004-07-17 19:00:00,train
3100,2004-07-17 20:00:00,train
3101,2004-07-17 21:00:00,train
3102,2004-07-17 22:00:00,train
3103,2004-07-17 23:00:00,train
3104,2004-07-18 00:00:00,train
3105,2004-07-18 01:00:00,train
3106,2004-07-18 02:00:00,train
3107,2004-07-18 03:00:00,train
3109,2004-07-18 05:00:00,train
3110,2004-07-18 06:00:00,train
3111,2004-07-18 07:00:00,train
3112,2004-07-18 08:00:00,train
3113,2004-07-18 09:00:00,train
3114,2004-07-18 10:00:00,train
3115,2004-07-18 11:00:00,train
3116,2004-07-18 12:00:00,train
3117,2004-07-18 13:00:00,train
3118,2004-07-18 14:00:00,train
3119,2004-07-18 15:00:00,train
3120,2004-07-18 16:00:00,train
3121,2004-07-18 17:00:00,train
3122,2004-07-18 18:00:00,train
3123,2004-07-18 19:00:00,train
3124,2004-07-18 20:00:00,train
3125,2004-07-18 21:00:00,train
3126,2004-07-18 22:00:00,train
3127,2004-07-18 23:00:00,train
3128,2004-07-19 00:00:00,train
3129,2004-07-19 01:00:00,train
3130,2004-07-19 02:00:00,train
3132,2004-07-19 04:00:00,train
3133,2004-07-19 05:00:00,train
3134,2004-07-19 06:00:00,train
3135,2004-07-19 07:00:00,train
3136,2004-07-19 08:00:00,train
3137,2004-07-19 09:00:00,train
3138,2004-07-19 10:00:00,train
3139,2004-07-19 11:00:00,train
3194,2004-07-21 18:00:00,train
3195,2004-07-21 19:00:00,train
3196,2004-07-21 20:00:00,train
3197,2004-07-21 21:00:00,train
3198,2004-07-21 22:00:00,train
3199,2004-07-21 23:00:00,train
3200,2004-07-22 00:00:00,train
3201,2004-07-22 01:00:00,train
3202,2004-07-22 02:00:00,train
3203,2004-07-22 03:00:00,train
3204,2004-07-22 04:00:00,train
3205,2004-07-22 05:00:00,train
3206,2004-07-22 06:00:00,train
3207,2004-07-22 07:00:00,train
3210,2004-07-22 10:00:00,train
3211,2004-07-22 11:00:00,train
3212,2004-07-22 12:00:00,train
3213,2004-07-22 13:00:00,train
3214,2004-07-22 14:00:00,train
3215,2004-07-22 15:00:00,train
3216,2004-07-22 16:00:00,train
3217,2004-07-22 17:00:00,train
3218,2004-07-22 18:00:00,train
3219,2004-07-22 19:00:00,train
3220,2004-07-22 20:00:00,train
3221,2004-07-22 21:00:00,train
3222,2004-07-22 22:00:00,train
3223,2004-07-22 23:00:00,train
3224,2004-07-23 00:00:00,train
3225,2004-07-23 01:00:00,train
3226,2004-07-23 02:00:00,train
3227,2004-07-23 03:00:00,train
3228,2004-07-23 04:00:00,train
3229,2004-07-23 05:00:00,train
3230,2004-07-23 06:00:00,train
3231,2004-07-23 07:00:00,train
3232,2004-07-23 08:00:00,train
3233,2004-07-23 09:00:00,train
3234,2004-07-23 10:00:00,train
3235,2004-07-23 11:00:00,train
3236,2004-07-23 12:00:00,train
3237,2004-07-23 13:00:00,train
3238,2004-07-23 14:00:00,train
3239,2004-07-23 15:00:00,train
3240,2004-07-23 16:00:00,train
3241,2004-07-23 17:00:00,train
3242,2004-07-23 18:00:00,train
3243,2004-07-23 19:00:00,train
3244,2004-07-23 20:00:00,train
3245,2004-07-23 21:00:00,train
3246,2004-07-23 22:00:00,train
3247,2004-07-23 23:00:00,train
3248,2004-07-24 00:00:00,train
3249,2004-07-24 01:00:00,train
3250,2004-07-24 02:00:00,train
3251,2004-07-24 03:00:00,train
3252,2004-07-24 04:00:00,train
3253,2004-07-24 05:00:00,train
3254,2004-07-24 06:00:00,train
3255,2004-07-24 07:00:00,train
3256,2004-07-24 08:00:00,train
3257,2004-07-24 09:00:00,train
3258,2004-07-24 10:00:00,train
3259,2004-07-24 11:00:00,train
3260,2004-07-24 12:00:00,train
3261,2004-07-24 13:00:00,train
3262,2004-07-24 14:00:00,train
3263,2004-07-24 15:00:00,train
3264,2004-07-24 16:00:00,train
3265,2004-07-24 17:00:00,train
3266,2004-07-24 18:00:00,train
3267,2004-07-24 19:00:00,train
3268,2004-07-24 20:00:00,train
3269,2004-07-24 21:00:00,train
3270,2004-07-24 22:00:00,train
3271,2004-07-24 23:00:00,train
3272,2004-07-25 00:00:00,train
3273,2004-07-25 01:00:00,train
3274,2004-07-25 02:00:00,train
3275,2004-07-25 03:00:00,train
3277,2004-07-25 05:00:00,train
3278,2004-07-25 06:00:00,train
3279,2004-07-25 07:00:00,train
3280,2004-07-25 08:00:00,train
3281,2004-07-25 09:00:00,train
3282,2004-07-25 10:00:00,train
3283,2004-07-25 11:00:00,train
3284,2004-07-25 12:00:00,train
3285,2004-07-25 13:00:00,train
3286,2004-07-25 14:00:00,train
3287,2004-07-25 15:00:00,train
3288,2004-07-25 16:00:00,train
3289,2004-07-25 17:00:00,train
3290,2004-07-25 18:00:00,train
3291,2004-07-25 19:00:00,train
3292,2004-07-25 20:00:00,train
3293,2004-07-25 21:00:00,train
3294,2004-07-25 22:00:00,train
3295,2004-07-25 23:00:00,train
3296,2004-07-26 00:00:00,train
3297,2004-07-26 01:00:00,train
3298,2004-07-26 02:00:00,train
3421,2004-07-31 05:00:00,train
3422,2004-07-31 06:00:00,train
3423,2004-07-31 07:00:00,train
3424,2004-07-31 08:00:00,train
3425,2004-07-31 09:00:00,train
3426,2004-07-31 10:00:00,train
3427,2004-07-31 11:00:00,train
3428,2004-07-31 12:00:00,train
3429,2004-07-31 13:00:00,train
3430,2004-07-31 14:00:00,train
3431,2004-07-31 15:00:00,train
3432,2004-07-31 16:00:00,train
3433,2004-07-31 17:00:00,train
3434,2004-07-31 18:00:00,train
3435,2004-07-31 19:00:00,train
3436,2004-07-31 20:00:00,train
3437,2004-07-31 21:00:00,train
3438,2004-07-31 22:00:00,train
3439,2004-07-31 23:00:00,train
3440,2004-08-01 00:00:00,train
3441,2004-08-01 01:00:00,train
3442,2004-08-01 02:00:00,train
3443,2004-08-01 03:00:00,train
3444,2004-08-01 04:00:00,train
3445,2004-08-01 05:00:00,train
3446,2004-08-01 06:00:00,train
3447,2004-08-01 07:00:00,train
3448,2004-08-01 08:00:00,train
3449,2004-08-01 09:00:00,train
3450,2004-08-01 10:00:00,train
3451,2004-08-01 11:00:00,train
3452,2004-08-01 12:00:00,train
3453,2004-08-01 13:00:00,train
3454,2004-08-01 14:00:00,train
3455,2004-08-01 15:00:00,train
3456,2004-08-01 16:00:00,train
3457,2004-08-01 17:00:00,train
3458,2004-08-01 18:00:00,train
3459,2004-08-01 19:00:00,train
3460,2004-08-01 20:00:00,train
3461,2004-08-01 21:00:00,train
3462,2004-08-01 22:00:00,train
3463,2004-08-01 23:00:00,train
3464,2004-08-02 00:00:00,train
3465,2004-08-02 01:00:00,train
3466,2004-08-02 02:00:00,train
3467,2004-08-02 03:00:00,train
3468,2004-08-02 04:00:00,train
3469,2004-08-02 05:00:00,train
3470,2004-08-02 06:00:00,train
3471,2004-08-02 07:00:00,train
3473,2004-08-02 09:00:00,train
3474,2004-08-02 10:00:00,train
3475,2004-08-02 11:00:00,train
3476,2004-08-02 12:00:00,train
3477,2004-08-02 13:00:00,train
3478,2004-08-02 14:00:00,train
3479,2004-08-02 15:00:00,train
3480,2004-08-02 16:00:00,train
3481,2004-08-02 17:00:00,train
3482,2004-08-02 18:00:00,train
3483,2004-08-02 19:00:00,train
3484,2004-08-02 20:00:00,train
3485,2004-08-02 21:00:00,train
3486,2004-08-02 22:00:00,train
3487,2004-08-02 23:00:00,train
3488,2004-08-03 00:00:00,train
3565,2004-08-06 05:00:00,train
3566,2004-08-06 06:00:00,train
3567,2004-08-06 07:00:00,train
3568,2004-08-06 08:00:00,train
3569,2004-08-06 09:00:00,train
3570,2004-08-06 10:00:00,train
3571,2004-08-06 11:00:00,train
3572,2004-08-06 12:00:00,train
3573,2004-08-06 13:00:00,train
3574,2004-08-06 14:00:00,train
3575,2004-08-06 15:00:00,train
3576,2004-08-06 16:00:00,train
3577,2004-08-06 17:00:00,train
3578,2004-08-06 18:00:00,train
3579,2004-08-06 19:00:00,train
3580,2004-08-06 20:00:00,train
3581,2004-08-06 21:00:00,train
3582,2004-08-06 22:00:00,train
3583,2004-08-06 23:00:00,train
3584,2004-08-07 00:00:00,train
3585,2004-08-07 01:00:00,train
3586,2004-08-07 02:00:00,train
3587,2004-08-07 03:00:00,train
3588,2004-08-07 04:00:00,train
3589,2004-08-07 05:00:00,train
3590,2004-08-07 06:00:00,train
3591,2004-08-07 07:00:00,train
3592,2004-08-07 08:00:00,train
3593,2004-08-07 09:00:00,train
3594,2004-08-07 10:00:00,train
3595,2004-08-07 11:00:00,train
3596,2004-08-07 12:00:00,train
3597,2004-08-07 13:00:00,train
3598,2004-08-07 14:00:00,train
3599,2004-08-07 15:00:00,train
3600,2004-08-07 16:00:00,train
3601,2004-08-07 17:00:00,train
3602,2004-08-07 18:00:00,train
3603,2004-08-07 19:00:00,train
3604,2004-08-07 20:00:00,train
3605,2004-08-07 21:00:00,train
3606,2004-08-07 22:00:00,train
3607,2004-08-07 23:00:00,train
3608,2004-08-08 00:00:00,train
3609,2004-08-08 01:00:00,train
3610,2004-08-08 02:00:00,train
3611,2004-08-08 03:00:00,train
3612,2004-08-08 04:00:00,train
3613,2004-08-08 05:00:00,train
3614,2004-08-08 06:00:00,train
3615,2004-08-08 07:00:00,train
3616,2004-08-08 08:00:00,train
3617,2004-08-08 09:00:00,train
3618,2004-08-08 10:00:00,train
3619,2004-08-08 11:00:00,train
3620,2004-08-08 12:00:00,train
3621,2004-08-08 13:00:00,train
3622,2004-08-08 14:00:00,train
3623,2004-08-08 15:00:00,train
3624,2004-08-08 16:00:00,train
3625,2004-08-08 17:00:00,train
3626,2004-08-08 18:00:00,train
3627,2004-08-08 19:00:00,train
3628,2004-08-08 20:00:00,train
3629,2004-08-08 21:00:00,train
3630,2004-08-08 22:00:00,train
3631,2004-08-08 23:00:00,train
3632,2004-08-09 00:00:00,train
3633,2004-08-09 01:00:00,train
3634,2004-08-09 02:00:00,train
3635,2004-08-09 03:00:00,train
3637,2004-08-09 05:00:00,train
3638,2004-08-09 06:00:00,train
3639,2004-08-09 07:00:00,train
3640,2004-08-09 08:00:00,train
3641,2004-08-09 09:00:00,train
3642,2004-08-09 10:00:00,train
3643,2004-08-09 11:00:00,train
3644,2004-08-09 12:00:00,train
3645,2004-08-09 13:00:00,train
3646,2004-08-09 14:00:00,train
3647,2004-08-09 15:00:00,train
3652,2004-08-09 20:00:00,train
3653,2004-08-09 21:00:00,train
3654,2004-08-09 22:00:00,train
3655,2004-08-09 23:00:00,train
3656,2004-08-10 00:00:00,train
3657,2004-08-10 01:00:00,train
3658,2004-08-10 02:00:00,train
3659,2004-08-10 03:00:00,train
3660,2004-08-10 04:00:00,train
3661,2004-08-10 05:00:00,train
3662,2004-08-10 06:00:00,train
3663,2004-08-10 07:00:00,train
3664,2004-08-10 08:00:00,train
3665,2004-08-10 09:00:00,train
3666,2004-08-10 10:00:00,train
3667,2004-08-10 11:00:00,train
3668,2004-08-10 12:00:00,train
3669,2004-08-10 13:00:00,train
3670,2004-08-10 14:00:00,train
3671,2004-08-10 15:00:00,train
3672,2004-08-10 16:00:00,train
3673,2004-08-10 17:00:00,train
3674,2004-08-10 18:00:00,train
3675,2004-08-10 19:00:00,train
3676,2004-08-10 20:00:00,train
3677,2004-08-10 21:00:00,train
3678,2004-08-10 22:00:00,train
3679,2004-08-10 23:00:00,train
3680,2004-08-11 00:00:00,train
3681,2004-08-11 01:00:00,train
3682,2004-08-11 02:00:00,train
3683,2004-08-11 03:00:00,train
3684,2004-08-11 04:00:00,train
3685,2004-08-11 05:00:00,train
3686,2004-08-11 06:00:00,train
3687,2004-08-11 07:00:00,train
3688,2004-08-11 08:00:00,train
3689,2004-08-11 09:00:00,train
3690,2004-08-11 10:00:00,train
3691,2004-08-11 11:00:00,train
3692,2004-08-11 12:00:00,train
3693,2004-08-11 13:00:00,train
3694,2004-08-11 14:00:00,train
3695,2004-08-11 15:00:00,train
3696,2004-08-11 16:00:00,train
3697,2004-08-11 17:00:00,train
3698,2004-08-11 18:00:00,train
3699,2004-08-11 19:00:00,train
3700,2004-08-11 20:00:00,train
3701,2004-08-11 21:00:00,train
3702,2004-08-11 22:00:00,train
3703,2004-08-11 23:00:00,train
3704,2004-08-12 00:00:00,train
3705,2004-08-12 01:00:00,train
3706,2004-08-12 02:00:00,train
3707,2004-08-12 03:00:00,train
3709,2004-08-12 05:00:00,train
3710,2004-08-12 06:00:00,train
3711,2004-08-12 07:00:00,train
3712,2004-08-12 08:00:00,train
3713,2004-08-12 09:00:00,train
3714,2004-08-12 10:00:00,train
3715,2004-08-12 11:00:00,train
3716,2004-08-12 12:00:00,train
3717,2004-08-12 13:00:00,train
3718,2004-08-12 14:00:00,train
3719,2004-08-12 15:00:00,train
3720,2004-08-12 16:00:00,train
3721,2004-08-12 17:00:00,train
3722,2004-08-12 18:00:00,train
3723,2004-08-12 19:00:00,train
3724,2004-08-12 20:00:00,train
3725,2004-08-12 21:00:00,train
3726,2004-08-12 22:00:00,train
3727,2004-08-12 23:00:00,train
3728,2004-08-13 00:00:00,train
3729,2004-08-13 01:00:00,train
3730,2004-08-13 02:00:00,train
3731,2004-08-13 03:00:00,train
3732,2004-08-13 04:00:00,train
3733,2004-08-13 05:00:00,train
3734,2004-08-13 06:00:00,train
3735,2004-08-13 07:00:00,train
3736,2004-08-13 08:00:00,train
3737,2004-08-13 09:00:00,train
3738,2004-08-13 10:00:00,train
3739,2004-08-13 11:00:00,train
3740,2004-08-13 12:00:00,train
3741,2004-08-13 13:00:00,train
3742,2004-08-13 14:00:00,train
3743,2004-08-13 15:00:00,train
3744,2004-08-13 16:00:00,train
3745,2004-08-13 17:00:00,train
3746,2004-08-13 18:00:00,train
3747,2004-08-13 19:00:00,train
3748,2004-08-13 20:00:00,train
3749,2004-08-13 21:00:00,train
3750,2004-08-13 22:00:00,train
3751,2004-08-13 23:00:00,train
3752,2004-08-14 00:00:00,train
3753,2004-08-14 01:00:00,train
3754,2004-08-14 02:00:00,train
3755,2004-08-14 03:00:00,train
3756,2004-08-14 04:00:00,train
3757,2004-08-14 05:00:00,train
3758,2004-08-14 06:00:00,train
3759,2004-08-14 07:00:00,train
3760,2004-08-14 08:00:00,train
3761,2004-08-14 09:00:00,train
3762,2004-08-14 10:00:00,train
3763,2004-08-14 11:00:00,train
3764,2004-08-14 12:00:00,train
3765,2004-08-14 13:00:00,train
3766,2004-08-14 14:00:00,train
3767,2004-08-14 15:00:00,train
3768,2004-08-14 16:00:00,train
3769,2004-08-14 17:00:00,train
3770,2004-08-14 18:00:00,train
3771,2004-08-14 19:00:00,train
3772,2004-08-14 20:00:00,train
3773,2004-08-14 21:00:00,train
3774,2004-08-14 22:00:00,train
3775,2004-08-14 23:00:00,train
3776,2004-08-15 00:00:00,train
3777,2004-08-15 01:00:00,train
3778,2004-08-15 02:00:00,train
3779,2004-08-15 03:00:00,train
3781,2004-08-15 05:00:00,train
3782,2004-08-15 06:00:00,train
3783,2004-08-15 07:00:00,train
3784,2004-08-15 08:00:00,train
3785,2004-08-15 09:00:00,train
3786,2004-08-15 10:00:00,train
3787,2004-08-15 11:00:00,train
3788,2004-08-15 12:00:00,train
3789,2004-08-15 13:00:00,train
3790,2004-08-15 14:00:00,train
3791,2004-08-15 15:00:00,train
3792,2004-08-15 16:00:00,train
3793,2004-08-15 17:00:00,train
3794,2004-08-15 18:00:00,train
3795,2004-08-15 19:00:00,train
3796,2004-08-15 20:00:00,train
3797,2004-08-15 21:00:00,train
3798,2004-08-15 22:00:00,train
3799,2004-08-15 23:00:00,train
3800,2004-08-16 00:00:00,train
3801,2004-08-16 01:00:00,train
3802,2004-08-16 02:00:00,train
3803,2004-08-16 03:00:00,train
3804,2004-08-16 04:00:00,train
3805,2004-08-16 05:00:00,train
3806,2004-08-16 06:00:00,train
3807,2004-08-16 07:00:00,train
3808,2004-08-16 08:00:00,train
3809,2004-08-16 09:00:00,train
3810,2004-08-16 10:00:00,train
3811,2004-08-16 11:00:00,train
3812,2004-08-16 12:00:00,train
3813,2004-08-16 13:00:00,train
3814,2004-08-16 14:00:00,train
3815,2004-08-16 15:00:00,train
3816,2004-08-16 16:00:00,train
3817,2004-08-16 17:00:00,train
3818,2004-08-16 18:00:00,train
3819,2004-08-16 19:00:00,train
3820,2004-08-16 20:00:00,train
3821,2004-08-16 21:00:00,train
3822,2004-08-16 22:00:00,train
3823,2004-08-16 23:00:00,train
3824,2004-08-17 00:00:00,train
3825,2004-08-17 01:00:00,train
3826,2004-08-17 02:00:00,train
3827,2004-08-17 03:00:00,train
3828,2004-08-17 04:00:00,train
3829,2004-08-17 05:00:00,train
3830,2004-08-17 06:00:00,train
3831,2004-08-17 07:00:00,train
3832,2004-08-17 08:00:00,train
3833,2004-08-17 09:00:00,train
3834,2004-08-17 10:00:00,train
3864,2004-08-18 16:00:00,train
3865,2004-08-18 17:00:00,train
3866,2004-08-18 18:00:00,train
3867,2004-08-18 19:00:00,train
3868,2004-08-18 20:00:00,train
3869,2004-08-18 21:00:00,train
3870,2004-08-18 22:00:00,train
3871,2004-08-18 23:00:00,train
3872,2004-08-19 00:00:00,train
3873,2004-08-19 01:00:00,train
3874,2004-08-19 02:00:00,train
3875,2004-08-19 03:00:00,train
3876,2004-08-19 04:00:00,train
3877,2004-08-19 05:00:00,train
3878,2004-08-19 06:00:00,train
3879,2004-08-19 07:00:00,train
3880,2004-08-19 08:00:00,train
3881,2004-08-19 09:00:00,train
3882,2004-08-19 10:00:00,train
3883,2004-08-19 11:00:00,train
3884,2004-08-19 12:00:00,train
3885,2004-08-19 13:00:00,train
3886,2004-08-19 14:00:00,train
3887,2004-08-19 15:00:00,train
3888,2004-08-19 16:00:00,train
3889,2004-08-19 17:00:00,train
3890,2004-08-19 18:00:00,train
3891,2004-08-19 19:00:00,train
3892,2004-08-19 20:00:00,train
3977,2004-08-23 09:00:00,train
3979,2004-08-23 11:00:00,train
3980,2004-08-23 12:00:00,train
3981,2004-08-23 13:00:00,train
3982,2004-08-23 14:00:00,train
3983,2004-08-23 15:00:00,train
3984,2004-08-23 16:00:00,train
3985,2004-08-23 17:00:00,train
3986,2004-08-23 18:00:00,train
3987,2004-08-23 19:00:00,train
3988,2004-08-23 20:00:00,train
3989,2004-08-23 21:00:00,train
3990,2004-08-23 22:00:00,train
3991,2004-08-23 23:00:00,train
3992,2004-08-24 00:00:00,train
3993,2004-08-24 01:00:00,train
3994,2004-08-24 02:00:00,train
3995,2004-08-24 03:00:00,train
3996,2004-08-24 04:00:00,train
3997,2004-08-24 05:00:00,train
3998,2004-08-24 06:00:00,train
3999,2004-08-24 07:00:00,train
4000,2004-08-24 08:00:00,train
4001,2004-08-24 09:00:00,train
4002,2004-08-24 10:00:00,train
4003,2004-08-24 11:00:00,train
4004,2004-08-24 12:00:00,train
4005,2004-08-24 13:00:00,train
4006,2004-08-24 14:00:00,train
4007,2004-08-24 15:00:00,train
4008,2004-08-24 16:00:00,train
4009,2004-08-24 17:00:00,train
4010,2004-08-24 18:00:00,train
4011,2004-08-24 19:00:00,train
4012,2004-08-24 20:00:00,train
4013,2004-08-24 21:00:00,train
4014,2004-08-24 22:00:00,train
4015,2004-08-24 23:00:00,train
4016,2004-08-25 00:00:00,train
4017,2004-08-25 01:00:00,train
4018,2004-08-25 02:00:00,train
4019,2004-08-25 03:00:00,train
4020,2004-08-25 04:00:00,train
4021,2004-08-25 05:00:00,train
4022,2004-08-25 06:00:00,train
4023,2004-08-25 07:00:00,train
4024,2004-08-25 08:00:00,train
4025,2004-08-25 09:00:00,train
4026,2004-08-25 10:00:00,train
4027,2004-08-25 11:00:00,train
4028,2004-08-25 12:00:00,train
4029,2004-08-25 13:00:00,train
4030,2004-08-25 14:00:00,train
4031,2004-08-25 15:00:00,train
4032,2004-08-25 16:00:00,train
4033,2004-08-25 17:00:00,train
4034,2004-08-25 18:00:00,train
4035,2004-08-25 19:00:00,train
4036,2004-08-25 20:00:00,train
4037,2004-08-25 21:00:00,train
4038,2004-08-25 22:00:00,train
4039,2004-08-25 23:00:00,train
4040,2004-08-26 00:00:00,train
4041,2004-08-26 01:00:00,train
4042,2004-08-26 02:00:00,train
4043,2004-08-26 03:00:00,train
4045,2004-08-26 05:00:00,train
4091,2004-08-28 03:00:00,train
4092,2004-08-28 04:00:00,train
4093,2004-08-28 05:00:00,train
4094,2004-08-28 06:00:00,train
4095,2004-08-28 07:00:00,train
4096,2004-08-28 08:00:00,train
4097,2004-08-28 09:00:00,train
4098,2004-08-28 10:00:00,train
4099,2004-08-28 11:00:00,train
4100,2004-08-28 12:00:00,train
4101,2004-08-28 13:00:00,train
4174,2004-08-31 14:00:00,train
4175,2004-08-31 15:00:00,train
4176,2004-08-31 16:00:00,train
4177,2004-08-31 17:00:00,train
4178,2004-08-31 18:00:00,train
4179,2004-08-31 19:00:00,train
4180,2004-08-31 20:00:00,train
4181,2004-08-31 21:00:00,train
4182,2004-08-31 22:00:00,train
4183,2004-08-31 23:00:00,train
4184,2004-09-01 00:00:00,train
4185,2004-09-01 01:00:00,train
4186,2004-09-01 02:00:00,train
4187,2004-09-01 03:00:00,train
4188,2004-09-01 04:00:00,train
4189,2004-09-01 05:00:00,train
4190,2004-09-01 06:00:00,train
4191,2004-09-01 07:00:00,train
4192,2004-09-01 08:00:00,train
4193,2004-09-01 09:00:00,train
4194,2004-09-01 10:00:00,train
4195,2004-09-01 11:00:00,train
4196,2004-09-01 12:00:00,train
4197,2004-09-01 13:00:00,train
4198,2004-09-01 14:00:00,train
4199,2004-09-01 15:00:00,train
4200,2004-09-01 16:00:00,train
4201,2004-09-01 17:00:00,train
4202,2004-09-01 18:00:00,train
4203,2004-09-01 19:00:00,train
4204,2004-09-01 20:00:00,train
4205,2004-09-01 21:00:00,train
4206,2004-09-01 22:00:00,train
4207,2004-09-01 23:00:00,train
4208,2004-09-02 00:00:00,train
4209,2004-09-02 01:00:00,train
4210,2004-09-02 02:00:00,train
4211,2004-09-02 03:00:00,train
4212,2004-09-02 04:00:00,train
4213,2004-09-02 05:00:00,train
4214,2004-09-02 06:00:00,train
4215,2004-09-02 07:00:00,train
4216,2004-09-02 08:00:00,train
4217,2004-09-02 09:00:00,train
4249,2004-09-03 17:00:00,train
4250,2004-09-03 18:00:00,train
4251,2004-09-03 19:00:00,train
4252,2004-09-03 20:00:00,train
4253,2004-09-03 21:00:00,train
4254,2004-09-03 22:00:00,train
4255,2004-09-03 23:00:00,train
4256,2004-09-04 00:00:00,train
4257,2004-09-04 01:00:00,train
4258,2004-09-04 02:00:00,train
4259,2004-09-04 03:00:00,train
4260,2004-09-04 04:00:00,train
4261,2004-09-04 05:00:00,train
4262,2004-09-04 06:00:00,train
4263,2004-09-04 07:00:00,train
4264,2004-09-04 08:00:00,train
4265,2004-09-04 09:00:00,train
4266,2004-09-04 10:00:00,train
4267,2004-09-04 11:00:00,train
4268,2004-09-04 12:00:00,train
4269,2004-09-04 13:00:00,train
4270,2004-09-04 14:00:00,train
4271,2004-09-04 15:00:00,train
4272,2004-09-04 16:00:00,train
4273,2004-09-04 17:00:00,train
4274,2004-09-04 18:00:00,train
4275,2004-09-04 19:00:00,train
4276,2004-09-04 20:00:00,train
4277,2004-09-04 21:00:00,train
4278,2004-09-04 22:00:00,train
4279,2004-09-04 23:00:00,train
4280,2004-09-05 00:00:00,train
4281,2004-09-05 01:00:00,train
4282,2004-09-05 02:00:00,train
4283,2004-09-05 03:00:00,train
4284,2004-09-05 04:00:00,train
4285,2004-09-05 05:00:00,train
4286,2004-09-05 06:00:00,train
4287,2004-09-05 07:00:00,train
4288,2004-09-05 08:00:00,train
4289,2004-09-05 09:00:00,train
4290,2004-09-05 10:00:00,train
4291,2004-09-05 11:00:00,train
4292,2004-09-05 12:00:00,train
4293,2004-09-05 13:00:00,train
4294,2004-09-05 14:00:00,train
4295,2004-09-05 15:00:00,train
4296,2004-09-05 16:00:00,train
4297,2004-09-05 17:00:00,train
4298,2004-09-05 18:00:00,train
4299,2004-09-05 19:00:00,train
4300,2004-09-05 20:00:00,train
4301,2004-09-05 21:00:00,train
4302,2004-09-05 22:00:00,train
4303,2004-09-05 23:00:00,train
4304,2004-09-06 00:00:00,train
4305,2004-09-06 01:00:00,train
4306,2004-09-06 02:00:00,train
4307,2004-09-06 03:00:00,train
4309,2004-09-06 05:00:00,train
4310,2004-09-06 06:00:00,train
4311,2004-09-06 07:00:00,train
4312,2004-09-06 08:00:00,train
4313,2004-09-06 09:00:00,train
4314,2004-09-06 10:00:00,train
4315,2004-09-06 11:00:00,train
4316,2004-09-06 12:00:00,train
4317,2004-09-06 13:00:00,train
4318,2004-09-06 14:00:00,train
4319,2004-09-06 15:00:00,train
4320,2004-09-06 16:00:00,train
4321,2004-09-06 17:00:00,train
4322,2004-09-06 18:00:00,train
4323,2004-09-06 19:00:00,train
4324,2004-09-06 20:00:00,train
4325,2004-09-06 21:00:00,train
4326,2004-09-06 22:00:00,train
4327,2004-09-06 23:00:00,train
4328,2004-09-07 00:00:00,train
4329,2004-09-07 01:00:00,train
4330,2004-09-07 02:00:00,train
4331,2004-09-07 03:00:00,train
4332,2004-09-07 04:00:00,train
4333,2004-09-07 05:00:00,train
4334,2004-09-07 06:00:00,train
4335,2004-09-07 07:00:00,train
4336,2004-09-07 08:00:00,train
4337,2004-09-07 09:00:00,train
4338,2004-09-07 10:00:00,train
4339,2004-09-07 11:00:00,train
4340,2004-09-07 12:00:00,train
4341,2004-09-07 13:00:00,train
4342,2004-09-07 14:00:00,train
4343,2004-09-07 15:00:00,train
4344,2004-09-07 16:00:00,train
4345,2004-09-07 17:00:00,train
4346,2004-09-07 18:00:00,train
4347,2004-09-07 19:00:00,train
4348,2004-09-07 20:00:00,train
4349,2004-09-07 21:00:00,train
4370,2004-09-08 18:00:00,train
4371,2004-09-08 19:00:00,train
4372,2004-09-08 20:00:00,train
4373,2004-09-08 21:00:00,train
4374,2004-09-08 22:00:00,train
4375,2004-09-08 23:00:00,train
4376,2004-09-09 00:00:00,train
4377,2004-09-09 01:00:00,train
4378,2004-09-09 02:00:00,train
4379,2004-09-09 03:00:00,train
4380,2004-09-09 04:00:00,train
4381,2004-09-09 05:00:00,train
4382,2004-09-09 06:00:00,train
4383,2004-09-09 07:00:00,train
4384,2004-09-09 08:00:00,train
4385,2004-09-09 09:00:00,train
4386,2004-09-09 10:00:00,train
4387,2004-09-09 11:00:00,train
4388,2004-09-09 12:00:00,train
4389,2004-09-09 13:00:00,train
4390,2004-09-09 14:00:00,train
4391,2004-09-09 15:00:00,train
4392,2004-09-09 16:00:00,train
4393,2004-09-09 17:00:00,train
4394,2004-09-09 18:00:00,train
4395,2004-09-09 19:00:00,train
4396,2004-09-09 20:00:00,train
4397,2004-09-09 21:00:00,train
4398,2004-09-09 22:00:00,train
4399,2004-09-09 23:00:00,train
4400,2004-09-10 00:00:00,train
4401,2004-09-10 01:00:00,train
4402,2004-09-10 02:00:00,train
4403,2004-09-10 03:00:00,train
4404,2004-09-10 04:00:00,train
4405,2004-09-10 05:00:00,train
4406,2004-09-10 06:00:00,train
4407,2004-09-10 07:00:00,train
4408,2004-09-10 08:00:00,train
4409,2004-09-10 09:00:00,train
4410,2004-09-10 10:00:00,train
4411,2004-09-10 11:00:00,train
4412,2004-09-10 12:00:00,train
4413,2004-09-10 13:00:00,train
4414,2004-09-10 14:00:00,train
4415,2004-09-10 15:00:00,train
4416,2004-09-10 16:00:00,train
4417,2004-09-10 17:00:00,train
4418,2004-09-10 18:00:00,train
4419,2004-09-10 19:00:00,train
4420,2004-09-10 20:00:00,train
4421,2004-09-10 21:00:00,train
4422,2004-09-10 22:00:00,train
4423,2004-09-10 23:00:00,train
4424,2004-09-11 00:00:00,train
4482,2004-09-13 10:00:00,train
4483,2004-09-13 11:00:00,train
4484,2004-09-13 12:00:00,train
4485,2004-09-13 13:00:00,train
4486,2004-09-13 14:00:00,train
4487,2004-09-13 15:00:00,train
4488,2004-09-13 16:00:00,train
4489,2004-09-13 17:00:00,train
4491,2004-09-13 19:00:00,train
4492,2004-09-13 20:00:00,train
4493,2004-09-13 21:00:00,train
4494,2004-09-13 22:00:00,train
4495,2004-09-13 23:00:00,train
4496,2004-09-14 00:00:00,train
4497,2004-09-14 01:00:00,train
4537,2004-09-15 17:00:00,train
4538,2004-09-15 18:00:00,train
4539,2004-09-15 19:00:00,train
4540,2004-09-15 20:00:00,train
4541,2004-09-15 21:00:00,train
4542,2004-09-15 22:00:00,train
4543,2004-09-15 23:00:00,train
4544,2004-09-16 00:00:00,train
4545,2004-09-16 01:00:00,train
4546,2004-09-16 02:00:00,train
4547,2004-09-16 03:00:00,train
4548,2004-09-16 04:00:00,train
4549,2004-09-16 05:00:00,train
4550,2004-09-16 06:00:00,train
4551,2004-09-16 07:00:00,train
4552,2004-09-16 08:00:00,train
4553,2004-09-16 09:00:00,train
4554,2004-09-16 10:00:00,train
4555,2004-09-16 11:00:00,train
4556,2004-09-16 12:00:00,train
4557,2004-09-16 13:00:00,train
4558,2004-09-16 14:00:00,train
4559,2004-09-16 15:00:00,train
4560,2004-09-16 16:00:00,train
4561,2004-09-16 17:00:00,train
4562,2004-09-16 18:00:00,train
4563,2004-09-16 19:00:00,train
4564,2004-09-16 20:00:00,train
4565,2004-09-16 21:00:00,train
4566,2004-09-16 22:00:00,train
4567,2004-09-16 23:00:00,train
4568,2004-09-17 00:00:00,train
4569,2004-09-17 01:00:00,train
4570,2004-09-17 02:00:00,train
4571,2004-09-17 03:00:00,train
4572,2004-09-17 04:00:00,train
4573,2004-09-17 05:00:00,train
4574,2004-09-17 06:00:00,train
4575,2004-09-17 07:00:00,train
4576,2004-09-17 08:00:00,train
4577,2004-09-17 09:00:00,train
4578,2004-09-17 10:00:00,train
4579,2004-09-17 11:00:00,train
4580,2004-09-17 12:00:00,train
4581,2004-09-17 13:00:00,train
4582,2004-09-17 14:00:00,train
4583,2004-09-17 15:00:00,train
4584,2004-09-17 16:00:00,train
4585,2004-09-17 17:00:00,train
4586,2004-09-17 18:00:00,train
4587,2004-09-17 19:00:00,train
4588,2004-09-17 20:00:00,train
4589,2004-09-17 21:00:00,train
4590,2004-09-17 22:00:00,train
4591,2004-09-17 23:00:00,train
4592,2004-09-18 00:00:00,train
4593,2004-09-18 01:00:00,train
4594,2004-09-18 02:00:00,train
4595,2004-09-18 03:00:00,train
4597,2004-09-18 05:00:00,train
4598,2004-09-18 06:00:00,train
4599,2004-09-18 07:00:00,train
4600,2004-09-18 08:00:00,train
4601,2004-09-18 09:00:00,train
4602,2004-09-18 10:00:00,train
4603,2004-09-18 11:00:00,train
4604,2004-09-18 12:00:00,train
4605,2004-09-18 13:00:00,train
4606,2004-09-18 14:00:00,train
4607,2004-09-18 15:00:00,train
4608,2004-09-18 16:00:00,train
4609,2004-09-18 17:00:00,train
4610,2004-09-18 18:00:00,train
4611,2004-09-18 19:00:00,train
4612,2004-09-18 20:00:00,train
4613,2004-09-18 21:00:00,train
4614,2004-09-18 22:00:00,train
4615,2004-09-18 23:00:00,train
4616,2004-09-19 00:00:00,train
4617,2004-09-19 01:00:00,train
4618,2004-09-19 02:00:00,train
4619,2004-09-19 03:00:00,train
4620,2004-09-19 04:00:00,train
4621,2004-09-19 05:00:00,train
4622,2004-09-19 06:00:00,train
4623,2004-09-19 07:00:00,train
4624,2004-09-19 08:00:00,train
4625,2004-09-19 09:00:00,train
4626,2004-09-19 10:00:00,train
4627,2004-09-19 11:00:00,train
4628,2004-09-19 12:00:00,train
4629,2004-09-19 13:00:00,train
4630,2004-09-19 14:00:00,train
4631,2004-09-19 15:00:00,train
4632,2004-09-19 16:00:00,train
4633,2004-09-19 17:00:00,train
4634,2004-09-19 18:00:00,train
4635,2004-09-19 19:00:00,train
4636,2004-09-19 20:00:00,train
4637,2004-09-19 21:00:00,train
4638,2004-09-19 22:00:00,train
4639,2004-09-19 23:00:00,train
4640,2004-09-20 00:00:00,train
4641,2004-09-20 01:00:00,train
4642,2004-09-20 02:00:00,train
4643,2004-09-20 03:00:00,train
4644,2004-09-20 04:00:00,train
4645,2004-09-20 05:00:00,train
4646,2004-09-20 06:00:00,train
4647,2004-09-20 07:00:00,train
4649,2004-09-20 09:00:00,train
4650,2004-09-20 10:00:00,train
4651,2004-09-20 11:00:00,train
4652,2004-09-20 12:00:00,train
4653,2004-09-20 13:00:00,train
4654,2004-09-20 14:00:00,train
4655,2004-09-20 15:00:00,train
4656,2004-09-20 16:00:00,train
4657,2004-09-20 17:00:00,train
4658,2004-09-20 18:00:00,train
4659,2004-09-20 19:00:00,train
4660,2004-09-20 20:00:00,train
4661,2004-09-20 21:00:00,train
4662,2004-09-20 22:00:00,train
4663,2004-09-20 23:00:00,train
4664,2004-09-21 00:00:00,train
4665,2004-09-21 01:00:00,train
4666,2004-09-21 02:00:00,train
4667,2004-09-21 03:00:00,train
4668,2004-09-21 04:00:00,train
4669,2004-09-21 05:00:00,train
4670,2004-09-21 06:00:00,train
4671,2004-09-21 07:00:00,train
4672,2004-09-21 08:00:00,train
4673,2004-09-21 09:00:00,train
4674,2004-09-21 10:00:00,train
4675,2004-09-21 11:00:00,train
4676,2004-09-21 12:00:00,train
4677,2004-09-21 13:00:00,train
4678,2004-09-21 14:00:00,train
4679,2004-09-21 15:00:00,train
4680,2004-09-21 16:00:00,train
4681,2004-09-21 17:00:00,train
4682,2004-09-21 18:00:00,train
4683,2004-09-21 19:00:00,train
4684,2004-09-21 20:00:00,train
4685,2004-09-21 21:00:00,train
4686,2004-09-21 22:00:00,train
4687,2004-09-21 23:00:00,train
4688,2004-09-22 00:00:00,train
4689,2004-09-22 01:00:00,train
4690,2004-09-22 02:00:00,train
4691,2004-09-22 03:00:00,train
4692,2004-09-22 04:00:00,train
4693,2004-09-22 05:00:00,train
4694,2004-09-22 06:00:00,train
4695,2004-09-22 07:00:00,train
4696,2004-09-22 08:00:00,train
4697,2004-09-22 09:00:00,train
4698,2004-09-22 10:00:00,train
4699,2004-09-22 11:00:00,train
4700,2004-09-22 12:00:00,train
4701,2004-09-22 13:00:00,train
4702,2004-09-22 14:00:00,train
4703,2004-09-22 15:00:00,train
4704,2004-09-22 16:00:00,train
4705,2004-09-22 17:00:00,train
4706,2004-09-22 18:00:00,train
4707,2004-09-22 19:00:00,train
4708,2004-09-22 20:00:00,train
4709,2004-09-22 21:00:00,train
4710,2004-09-22 22:00:00,train
4711,2004-09-22 23:00:00,train
4712,2004-09-23 00:00:00,train
4713,2004-09-23 01:00:00,train
4714,2004-09-23 02:00:00,train
4715,2004-09-23 03:00:00,train
4717,2004-09-23 05:00:00,train
4718,2004-09-23 06:00:00,train
4719,2004-09-23 07:00:00,train
4720,2004-09-23 08:00:00,train
4721,2004-09-23 09:00:00,train
4722,2004-09-23 10:00:00,train
4723,2004-09-23 11:00:00,train
4724,2004-09-23 12:00:00,train
4725,2004-09-23 13:00:00,train
4726,2004-09-23 14:00:00,train
4727,2004-09-23 15:00:00,train
4728,2004-09-23 16:00:00,train
4729,2004-09-23 17:00:00,train
4730,2004-09-23 18:00:00,train
4731,2004-09-23 19:00:00,train
4732,2004-09-23 20:00:00,train
4733,2004-09-23 21:00:00,train
4734,2004-09-23 22:00:00,train
4735,2004-09-23 23:00:00,train
4736,2004-09-24 00:00:00,train
4737,2004-09-24 01:00:00,train
4738,2004-09-24 02:00:00,train
4739,2004-09-24 03:00:00,train
4740,2004-09-24 04:00:00,train
4741,2004-09-24 05:00:00,train
4742,2004-09-24 06:00:00,train
4743,2004-09-24 07:00:00,train
4744,2004-09-24 08:00:00,train
4745,2004-09-24 09:00:00,train
4746,2004-09-24 10:00:00,train
4747,2004-09-24 11:00:00,train
4748,2004-09-24 12:00:00,train
4749,2004-09-24 13:00:00,train
4750,2004-09-24 14:00:00,train
4751,2004-09-24 15:00:00,train
4752,2004-09-24 16:00:00,train
4753,2004-09-24 17:00:00,train
4754,2004-09-24 18:00:00,train
4755,2004-09-24 19:00:00,train
4756,2004-09-24 20:00:00,train
4757,2004-09-24 21:00:00,train
4758,2004-09-24 22:00:00,train
4759,2004-09-24 23:00:00,train
4760,2004-09-25 00:00:00,train
4761,2004-09-25 01:00:00,train
4762,2004-09-25 02:00:00,train
4763,2004-09-25 03:00:00,train
4764,2004-09-25 04:00:00,train
4765,2004-09-25 05:00:00,train
4766,2004-09-25 06:00:00,train
4767,2004-09-25 07:00:00,train
4768,2004-09-25 08:00:00,train
4769,2004-09-25 09:00:00,train
4770,2004-09-25 10:00:00,train
4771,2004-09-25 11:00:00,train
4772,2004-09-25 12:00:00,train
4773,2004-09-25 13:00:00,train
4774,2004-09-25 14:00:00,train
4775,2004-09-25 15:00:00,train
4776,2004-09-25 16:00:00,train
4777,2004-09-25 17:00:00,train
4778,2004-09-25 18:00:00,train
4779,2004-09-25 19:00:00,train
4780,2004-09-25 20:00:00,train
4781,2004-09-25 21:00:00,train
4782,2004-09-25 22:00:00,train
4783,2004-09-25 23:00:00,train
4784,2004-09-26 00:00:00,train
4785,2004-09-26 01:00:00,train
4786,2004-09-26 02:00:00,train
4787,2004-09-26 03:00:00,train
4789,2004-09-26 05:00:00,train
4790,2004-09-26 06:00:00,train
4791,2004-09-26 07:00:00,train
4792,2004-09-26 08:00:00,train
4793,2004-09-26 09:00:00,train
4794,2004-09-26 10:00:00,train
4795,2004-09-26 11:00:00,train
4796,2004-09-26 12:00:00,train
4797,2004-09-26 13:00:00,train
4798,2004-09-26 14:00:00,train
4799,2004-09-26 15:00:00,train
4800,2004-09-26 16:00:00,train
4801,2004-09-26 17:00:00,train
4802,2004-09-26 18:00:00,train
4803,2004-09-26 19:00:00,train
4804,2004-09-26 20:00:00,train
4805,2004-09-26 21:00:00,train
4806,2004-09-26 22:00:00,train
4807,2004-09-26 23:00:00,train
4808,2004-09-27 00:00:00,train
4809,2004-09-27 01:00:00,train
4810,2004-09-27 02:00:00,train
4811,2004-09-27 03:00:00,train
4812,2004-09-27 04:00:00,train
4813,2004-09-27 05:00:00,train
4814,2004-09-27 06:00:00,train
4815,2004-09-27 07:00:00,train
4816,2004-09-27 08:00:00,train
4817,2004-09-27 09:00:00,train
4818,2004-09-27 10:00:00,train
4819,2004-09-27 11:00:00,train
4820,2004-09-27 12:00:00,train
4821,2004-09-27 13:00:00,train
4822,2004-09-27 14:00:00,train
4823,2004-09-27 15:00:00,train
4824,2004-09-27 16:00:00,train
4825,2004-09-27 17:00:00,train
4826,2004-09-27 18:00:00,train
4827,2004-09-27 19:00:00,train
4828,2004-09-27 20:00:00,train
4829,2004-09-27 21:00:00,train
4830,2004-09-27 22:00:00,train
4831,2004-09-27 23:00:00,train
4832,2004-09-28 00:00:00,train
4833,2004-09-28 01:00:00,train
4834,2004-09-28 02:00:00,train
4835,2004-09-28 03:00:00,train
4836,2004-09-28 04:00:00,train
4837,2004-09-28 05:00:00,train
4838,2004-09-28 06:00:00,train
4839,2004-09-28 07:00:00,train
4840,2004-09-28 08:00:00,train
4841,2004-09-28 09:00:00,train
4842,2004-09-28 10:00:00,train
4843,2004-09-28 11:00:00,train
4844,2004-09-28 12:00:00,train
4845,2004-09-28 13:00:00,train
4846,2004-09-28 14:00:00,train
4847,2004-09-28 15:00:00,train
4848,2004-09-28 16:00:00,train
4849,2004-09-28 17:00:00,train
4850,2004-09-28 18:00:00,train
4851,2004-09-28 19:00:00,train
4852,2004-09-28 20:00:00,train
4853,2004-09-28 21:00:00,train
4854,2004-09-28 22:00:00,train
4855,2004-09-28 23:00:00,train
4856,2004-09-29 00:00:00,train
4857,2004-09-29 01:00:00,train
4858,2004-09-29 02:00:00,train
4859,2004-09-29 03:00:00,train
4861,2004-09-29 05:00:00,train
4862,2004-09-29 06:00:00,train
4863,2004-09-29 07:00:00,train
4864,2004-09-29 08:00:00,train
4865,2004-09-29 09:00:00,train
4866,2004-09-29 10:00:00,train
4867,2004-09-29 11:00:00,train
4868,2004-09-29 12:00:00,train
4869,2004-09-29 13:00:00,train
4870,2004-09-29 14:00:00,train
4871,2004-09-29 15:00:00,train
4872,2004-09-29 16:00:00,train
4873,2004-09-29 17:00:00,train
4874,2004-09-29 18:00:00,train
4875,2004-09-29 19:00:00,train
4876,2004-09-29 20:00:00,train
4877,2004-09-29 21:00:00,train
4878,2004-09-29 22:00:00,train
4879,2004-09-29 23:00:00,train
4880,2004-09-30 00:00:00,train
4892,2004-09-30 12:00:00,train
4893,2004-09-30 13:00:00,train
4894,2004-09-30 14:00:00,train
4895,2004-09-30 15:00:00,train
4896,2004-09-30 16:00:00,train
4897,2004-09-30 17:00:00,train
4898,2004-09-30 18:00:00,train
4899,2004-09-30 19:00:00,train
4900,2004-09-30 20:00:00,train
4901,2004-09-30 21:00:00,train
4902,2004-09-30 22:00:00,train
4903,2004-09-30 23:00:00,train
4904,2004-10-01 00:00:00,train
4905,2004-10-01 01:00:00,train
4906,2004-10-01 02:00:00,train
4907,2004-10-01 03:00:00,train
4908,2004-10-01 04:00:00,train
4909,2004-10-01 05:00:00,train
4910,2004-10-01 06:00:00,train
4911,2004-10-01 07:00:00,train
4912,2004-10-01 08:00:00,train
4913,2004-10-01 09:00:00,train
4914,2004-10-01 10:00:00,train
4915,2004-10-01 11:00:00,train
4916,2004-10-01 12:00:00,train
4917,2004-10-01 13:00:00,train
4919,2004-10-01 15:00:00,train
4920,2004-10-01 16:00:00,train
4921,2004-10-01 17:00:00,train
5064,2004-10-07 16:00:00,train
5065,2004-10-07 17:00:00,train
5066,2004-10-07 18:00:00,train
5067,2004-10-07 19:00:00,train
5068,2004-10-07 20:00:00,train
5069,2004-10-07 21:00:00,train
5070,2004-10-07 22:00:00,train
5071,2004-10-07 23:00:00,train
5072,2004-10-08 00:00:00,train
5073,2004-10-08 01:00:00,train
5074,2004-10-08 02:00:00,train
5075,2004-10-08 03:00:00,train
5076,2004-10-08 04:00:00,train
5077,2004-10-08 05:00:00,train
5078,2004-10-08 06:00:00,train
5079,2004-10-08 07:00:00,train
5080,2004-10-08 08:00:00,train
5081,2004-10-08 09:00:00,train
5082,2004-10-08 10:00:00,train
5083,2004-10-08 11:00:00,train
5084,2004-10-08 12:00:00,train
5085,2004-10-08 13:00:00,train
5086,2004-10-08 14:00:00,train
5087,2004-10-08 15:00:00,train
5088,2004-10-08 16:00:00,train
5089,2004-10-08 17:00:00,train
5090,2004-10-08 18:00:00,train
5091,2004-10-08 19:00:00,train
5092,2004-10-08 20:00:00,train
5093,2004-10-08 21:00:00,train
5094,2004-10-08 22:00:00,train
5095,2004-10-08 23:00:00,train
5096,2004-10-09 00:00:00,train
5097,2004-10-09 01:00:00,train
5098,2004-10-09 02:00:00,train
5099,2004-10-09 03:00:00,train
5100,2004-10-09 04:00:00,train
5101,2004-10-09 05:00:00,train
5102,2004-10-09 06:00:00,train
5103,2004-10-09 07:00:00,train
5104,2004-10-09 08:00:00,train
5105,2004-10-09 09:00:00,train
5106,2004-10-09 10:00:00,train
5107,2004-10-09 11:00:00,train
5108,2004-10-09 12:00:00,train
5109,2004-10-09 13:00:00,train
5110,2004-10-09 14:00:00,train
5111,2004-10-09 15:00:00,train
5112,2004-10-09 16:00:00,train
5113,2004-10-09 17:00:00,train
5114,2004-10-09 18:00:00,train
5115,2004-10-09 19:00:00,train
5116,2004-10-09 20:00:00,train
5117,2004-10-09 21:00:00,train
5118,2004-10-09 22:00:00,train
5119,2004-10-09 23:00:00,train
5120,2004-10-10 00:00:00,train
5121,2004-10-10 01:00:00,train
5122,2004-10-10 02:00:00,train
5123,2004-10-10 03:00:00,train
5125,2004-10-10 05:00:00,train
5126,2004-10-10 06:00:00,train
5127,2004-10-10 07:00:00,train
5128,2004-10-10 08:00:00,train
5129,2004-10-10 09:00:00,train
5130,2004-10-10 10:00:00,train
5131,2004-10-10 11:00:00,train
5132,2004-10-10 12:00:00,train
5133,2004-10-10 13:00:00,train
5134,2004-10-10 14:00:00,train
5135,2004-10-10 15:00:00,train
5136,2004-10-10 16:00:00,train
5137,2004-10-10 17:00:00,train
5138,2004-10-10 18:00:00,train
5139,2004-10-10 19:00:00,train
5140,2004-10-10 20:00:00,train
5141,2004-10-10 21:00:00,train
5142,2004-10-10 22:00:00,train
5143,2004-10-10 23:00:00,train
5144,2004-10-11 00:00:00,train
5145,2004-10-11 01:00:00,train
5146,2004-10-11 02:00:00,train
5147,2004-10-11 03:00:00,train
5148,2004-10-11 04:00:00,train
5149,2004-10-11 05:00:00,train
5150,2004-10-11 06:00:00,train
5151,2004-10-11 07:00:00,train
5152,2004-10-11 08:00:00,train
5153,2004-10-11 09:00:00,train
5154,2004-10-11 10:00:00,train
5155,2004-10-11 11:00:00,train
5156,2004-10-11 12:00:00,train
5157,2004-10-11 13:00:00,train
5158,2004-10-11 14:00:00,train
5159,2004-10-11 15:00:00,train
5160,2004-10-11 16:00:00,train
5161,2004-10-11 17:00:00,train
5162,2004-10-11 18:00:00,train
5163,2004-10-11 19:00:00,train
5164,2004-10-11 20:00:00,train
5165,2004-10-11 21:00:00,train
5166,2004-10-11 22:00:00,train
5167,2004-10-11 23:00:00,train
5168,2004-10-12 00:00:00,train
5169,2004-10-12 01:00:00,train
5170,2004-10-12 02:00:00,train
5171,2004-10-12 03:00:00,train
5172,2004-10-12 04:00:00,train
5173,2004-10-12 05:00:00,train
5174,2004-10-12 06:00:00,train
5175,2004-10-12 07:00:00,train
5176,2004-10-12 08:00:00,train
5201,2004-10-13 09:00:00,train
5202,2004-10-13 10:00:00,train
5376,2004-10-20 16:00:00,train
5377,2004-10-20 17:00:00,train
5378,2004-10-20 18:00:00,train
5379,2004-10-20 19:00:00,train
5380,2004-10-20 20:00:00,train
5381,2004-10-20 21:00:00,train
5382,2004-10-20 22:00:00,train
5383,2004-10-20 23:00:00,train
5384,2004-10-21 00:00:00,train
5385,2004-10-21 01:00:00,train
5386,2004-10-21 02:00:00,train
5387,2004-10-21 03:00:00,train
5389,2004-10-21 05:00:00,train
5390,2004-10-21 06:00:00,train
5391,2004-10-21 07:00:00,train
5392,2004-10-21 08:00:00,train
5393,2004-10-21 09:00:00,train
5394,2004-10-21 10:00:00,train
5395,2004-10-21 11:00:00,train
5396,2004-10-21 12:00:00,train
5397,2004-10-21 13:00:00,train
5398,2004-10-21 14:00:00,train
5399,2004-10-21 15:00:00,train
5400,2004-10-21 16:00:00,train
5401,2004-10-21 17:00:00,train
5402,2004-10-21 18:00:00,train
5403,2004-10-21 19:00:00,train
5404,2004-10-21 20:00:00,train
5405,2004-10-21 21:00:00,train
5406,2004-10-21 22:00:00,train
5407,2004-10-21 23:00:00,train
5408,2004-10-22 00:00:00,train
5409,2004-10-22 01:00:00,train
5410,2004-10-22 02:00:00,train
5411,2004-10-22 03:00:00,train
5413,2004-10-22 05:00:00,train
5414,2004-10-22 06:00:00,train
5415,2004-10-22 07:00:00,train
5416,2004-10-22 08:00:00,train
5417,2004-10-22 09:00:00,train
5418,2004-10-22 10:00:00,train
5419,2004-10-22 11:00:00,train
5420,2004-10-22 12:00:00,train
5421,2004-10-22 13:00:00,train
5422,2004-10-22 14:00:00,train
5423,2004-10-22 15:00:00,train
5424,2004-10-22 16:00:00,train
5425,2004-10-22 17:00:00,train
5426,2004-10-22 18:00:00,train
5427,2004-10-22 19:00:00,train
5428,2004-10-22 20:00:00,train
5429,2004-10-22 21:00:00,train
5430,2004-10-22 22:00:00,train
5431,2004-10-22 23:00:00,train
5432,2004-10-23 00:00:00,train
5433,2004-10-23 01:00:00,train
5434,2004-10-23 02:00:00,train
5435,2004-10-23 03:00:00,train
5437,2004-10-23 05:00:00,train
5438,2004-10-23 06:00:00,train
5439,2004-10-23 07:00:00,train
5440,2004-10-23 08:00:00,train
5441,2004-10-23 09:00:00,train
5442,2004-10-23 10:00:00,train
5443,2004-10-23 11:00:00,train
5444,2004-10-23 12:00:00,train
5445,2004-10-23 13:00:00,train
5446,2004-10-23 14:00:00,train
5447,2004-10-23 15:00:00,train
5448,2004-10-23 16:00:00,train
5449,2004-10-23 17:00:00,train
5450,2004-10-23 18:00:00,train
5451,2004-10-23 19:00:00,train
5452,2004-10-23 20:00:00,train
5453,2004-10-23 21:00:00,train
5454,2004-10-23 22:00:00,train
5455,2004-10-23 23:00:00,train
5456,2004-10-24 00:00:00,train
5457,2004-10-24 01:00:00,train
5458,2004-10-24 02:00:00,train
5459,2004-10-24 03:00:00,train
5461,2004-10-24 05:00:00,train
5462,2004-10-24 06:00:00,train
5463,2004-10-24 07:00:00,train
5464,2004-10-24 08:00:00,train
5465,2004-10-24 09:00:00,train
5466,2004-10-24 10:00:00,train
5467,2004-10-24 11:00:00,train
5468,2004-10-24 12:00:00,train
5469,2004-10-24 13:00:00,train
5470,2004-10-24 14:00:00,train
5471,2004-10-24 15:00:00,train
5472,2004-10-24 16:00:00,train
5473,2004-10-24 17:00:00,train
5474,2004-10-24 18:00:00,train
5475,2004-10-24 19:00:00,train
5476,2004-10-24 20:00:00,train
5477,2004-10-24 21:00:00,train
5478,2004-10-24 22:00:00,train
5479,2004-10-24 23:00:00,train
5480,2004-10-25 00:00:00,train
5481,2004-10-25 01:00:00,train
5482,2004-10-25 02:00:00,train
5483,2004-10-25 03:00:00,train
5485,2004-10-25 05:00:00,train
5486,2004-10-25 06:00:00,train
5487,2004-10-25 07:00:00,train
5488,2004-10-25 08:00:00,train
5489,2004-10-25 09:00:00,train
5490,2004-10-25 10:00:00,train
5491,2004-10-25 11:00:00,train
5492,2004-10-25 12:00:00,train
5493,2004-10-25 13:00:00,train
5494,2004-10-25 14:00:00,train
5495,2004-10-25 15:00:00,train
5496,2004-10-25 16:00:00,train
5497,2004-10-25 17:00:00,train
5498,2004-10-25 18:00:00,train
5499,2004-10-25 19:00:00,train
5500,2004-10-25 20:00:00,train
5501,2004-10-25 21:00:00,train
5502,2004-10-25 22:00:00,train
5503,2004-10-25 23:00:00,train
5504,2004-10-26 00:00:00,train
5505,2004-10-26 01:00:00,train
5506,2004-10-26 02:00:00,train
5507,2004-10-26 03:00:00,train
5509,2004-10-26 05:00:00,train
5510,2004-10-26 06:00:00,train
5511,2004-10-26 07:00:00,train
5512,2004-10-26 08:00:00,train
5513,2004-10-26 09:00:00,train
5514,2004-10-26 10:00:00,train
5515,2004-10-26 11:00:00,train
5516,2004-10-26 12:00:00,train
5517,2004-10-26 13:00:00,train
5518,2004-10-26 14:00:00,train
5519,2004-10-26 15:00:00,train
5520,2004-10-26 16:00:00,train
5521,2004-10-26 17:00:00,train
5522,2004-10-26 18:00:00,train
5523,2004-10-26 19:00:00,train
5524,2004-10-26 20:00:00,train
5525,2004-10-26 21:00:00,train
5526,2004-10-26 22:00:00,train
5527,2004-10-26 23:00:00,train
5528,2004-10-27 00:00:00,train
5529,2004-10-27 01:00:00,train
5530,2004-10-27 02:00:00,train
5531,2004-10-27 03:00:00,train
5533,2004-10-27 05:00:00,train
5534,2004-10-27 06:00:00,train
5535,2004-10-27 07:00:00,train
5536,2004-10-27 08:00:00,train
5537,2004-10-27 09:00:00,train
5538,2004-10-27 10:00:00,train
5539,2004-10-27 11:00:00,train
5540,2004-10-27 12:00:00,train
5541,2004-10-27 13:00:00,train
5542,2004-10-27 14:00:00,train
5543,2004-10-27 15:00:00,train
5544,2004-10-27 16:00:00,train
5545,2004-10-27 17:00:00,train
5546,2004-10-27 18:00:00,train
5547,2004-10-27 19:00:00,train
5548,2004-10-27 20:00:00,train
5549,2004-10-27 21:00:00,train
5550,2004-10-27 22:00:00,train
5551,2004-10-27 23:00:00,train
5552,2004-10-28 00:00:00,train
5553,2004-10-28 01:00:00,train
5554,2004-10-28 02:00:00,train
5555,2004-10-28 03:00:00,train
5557,2004-10-28 05:00:00,train
5558,2004-10-28 06:00:00,train
5559,2004-10-28 07:00:00,train
5560,2004-10-28 08:00:00,train
5561,2004-10-28 09:00:00,train
5562,2004-10-28 10:00:00,train
5563,2004-10-28 11:00:00,train
5564,2004-10-28 12:00:00,train
5565,2004-10-28 13:00:00,train
5566,2004-10-28 14:00:00,train
5567,2004-10-28 15:00:00,train
5568,2004-10-28 16:00:00,train
5569,2004-10-28 17:00:00,train
5570,2004-10-28 18:00:00,train
5571,2004-10-28 19:00:00,train
5572,2004-10-28 20:00:00,train
5573,2004-10-28 21:00:00,train
5574,2004-10-28 22:00:00,train
5575,2004-10-28 23:00:00,train
5576,2004-10-29 00:00:00,train
5577,2004-10-29 01:00:00,train
5578,2004-10-29 02:00:00,train
5579,2004-10-29 03:00:00,train
5581,2004-10-29 05:00:00,train
5582,2004-10-29 06:00:00,train
5583,2004-10-29 07:00:00,train
5584,2004-10-29 08:00:00,train
5585,2004-10-29 09:00:00,train
5586,2004-10-29 10:00:00,train
5587,2004-10-29 11:00:00,train
5588,2004-10-29 12:00:00,train
5589,2004-10-29 13:00:00,train
5590,2004-10-29 14:00:00,train
5591,2004-10-29 15:00:00,train
5592,2004-10-29 16:00:00,train
5593,2004-10-29 17:00:00,train
5594,2004-10-29 18:00:00,train
5595,2004-10-29 19:00:00,train
5596,2004-10-29 20:00:00,train
5597,2004-10-29 21:00:00,train
5598,2004-10-29 22:00:00,train
5599,2004-10-29 23:00:00,train
5600,2004-10-30 00:00:00,train
5601,2004-10-30 01:00:00,train
5602,2004-10-30 02:00:00,train
5603,2004-10-30 03:00:00,train
5605,2004-10-30 05:00:00,train
5606,2004-10-30 06:00:00,train
5607,2004-10-30 07:00:00,train
5608,2004-10-30 08:00:00,train
5609,2004-10-30 09:00:00,train
5610,2004-10-30 10:00:00,train
5611,2004-10-30 11:00:00,train
5612,2004-10-30 12:00:00,train
5613,2004-10-30 13:00:00,train
5614,2004-10-30 14:00:00,train
5615,2004-10-30 15:00:00,train
5616,2004-10-30 16:00:00,train
5617,2004-10-30 17:00:00,train
5618,2004-10-30 18:00:00,train
5619,2004-10-30 19:00:00,train
5620,2004-10-30 20:00:00,train
5621,2004-10-30 21:00:00,train
5622,2004-10-30 22:00:00,train
5623,2004-10-30 23:00:00,train
5624,2004-10-31 00:00:00,train
5625,2004-10-31 01:00:00,train
5626,2004-10-31 02:00:00,train
5627,2004-10-31 03:00:00,train
5629,2004-10-31 05:00:00,train
5630,2004-10-31 06:00:00,train
5631,2004-10-31 07:00:00,train
5632,2004-10-31 08:00:00,train
5633,2004-10-31 09:00:00,train
5634,2004-10-31 10:00:00,train
5635,2004-10-31 11:00:00,train
5636,2004-10-31 12:00:00,train
5637,2004-10-31 13:00:00,train
5638,2004-10-31 14:00:00,train
5639,2004-10-31 15:00:00,train
5640,2004-10-31 16:00:00,train
5641,2004-10-31 17:00:00,train
5642,2004-10-31 18:00:00,train
5643,2004-10-31 19:00:00,train
5644,2004-10-31 20:00:00,train
5645,2004-10-31 21:00:00,train
5646,2004-10-31 22:00:00,train
5647,2004-10-31 23:00:00,train
5648,2004-11-01 00:00:00,train
5649,2004-11-01 01:00:00,train
5650,2004-11-01 02:00:00,train
5651,2004-11-01 03:00:00,train
5653,2004-11-01 05:00:00,train
5654,2004-11-01 06:00:00,train
5655,2004-11-01 07:00:00,train
5656,2004-11-01 08:00:00,train
5657,2004-11-01 09:00:00,train
5658,2004-11-01 10:00:00,train
5659,2004-11-01 11:00:00,train
5660,2004-11-01 12:00:00,train
5661,2004-11-01 13:00:00,train
5662,2004-11-01 14:00:00,train
5663,2004-11-01 15:00:00,train
5664,2004-11-01 16:00:00,train
5665,2004-11-01 17:00:00,train
5666,2004-11-01 18:00:00,train
5667,2004-11-01 19:00:00,train
5668,2004-11-01 20:00:00,train
5669,2004-11-01 21:00:00,train
5670,2004-11-01 22:00:00,train
5671,2004-11-01 23:00:00,train
5672,2004-11-02 00:00:00,train
5673,2004-11-02 01:00:00,train
5674,2004-11-02 02:00:00,train
5675,2004-11-02 03:00:00,train
5677,2004-11-02 05:00:00,train
5678,2004-11-02 06:00:00,train
5679,2004-11-02 07:00:00,train
5680,2004-11-02 08:00:00,train
5681,2004-11-02 09:00:00,train
5682,2004-11-02 10:00:00,train
5683,2004-11-02 11:00:00,train
5684,2004-11-02 12:00:00,train
5685,2004-11-02 13:00:00,train
5686,2004-11-02 14:00:00,train
5687,2004-11-02 15:00:00,train
5688,2004-11-02 16:00:00,train
5689,2004-11-02 17:00:00,train
5690,2004-11-02 18:00:00,train
5691,2004-11-02 19:00:00,train
5692,2004-11-02 20:00:00,train
5693,2004-11-02 21:00:00,train
5694,2004-11-02 22:00:00,train
5695,2004-11-02 23:00:00,train
5696,2004-11-03 00:00:00,train
5697,2004-11-03 01:00:00,train
5698,2004-11-03 02:00:00,train
5699,2004-11-03 03:00:00,train
5701,2004-11-03 05:00:00,train
5702,2004-11-03 06:00:00,train
5703,2004-11-03 07:00:00,train
5704,2004-11-03 08:00:00,train
5705,2004-11-03 09:00:00,train
5706,2004-11-03 10:00:00,train
5707,2004-11-03 11:00:00,train
5708,2004-11-03 12:00:00,train
5709,2004-11-03 13:00:00,train
5710,2004-11-03 14:00:00,train
5711,2004-11-03 15:00:00,train
5712,2004-11-03 16:00:00,train
5713,2004-11-03 17:00:00,train
5714,2004-11-03 18:00:00,train
5715,2004-11-03 19:00:00,train
5716,2004-11-03 20:00:00,train
5717,2004-11-03 21:00:00,train
5718,2004-11-03 22:00:00,train
5719,2004-11-03 23:00:00,train
5720,2004-11-04 00:00:00,train
5721,2004-11-04 01:00:00,train
5722,2004-11-04 02:00:00,train
5723,2004-11-04 03:00:00,train
5724,2004-11-04 04:00:00,train
5725,2004-11-04 05:00:00,train
5726,2004-11-04 06:00:00,train
5727,2004-11-04 07:00:00,train
5728,2004-11-04 08:00:00,train
5729,2004-11-04 09:00:00,train
5738,2004-11-04 18:00:00,train
5739,2004-11-04 19:00:00,train
5740,2004-11-04 20:00:00,train
5741,2004-11-04 21:00:00,train
5742,2004-11-04 22:00:00,train
5743,2004-11-04 23:00:00,train
5744,2004-11-05 00:00:00,train
5745,2004-11-05 01:00:00,train
5746,2004-11-05 02:00:00,train
5747,2004-11-05 03:00:00,train
5748,2004-11-05 04:00:00,train
5749,2004-11-05 05:00:00,train
5750,2004-11-05 06:00:00,train
5751,2004-11-05 07:00:00,train
5752,2004-11-05 08:00:00,train
5753,2004-11-05 09:00:00,train
5754,2004-11-05 10:00:00,train
5755,2004-11-05 11:00:00,train
5756,2004-11-05 12:00:00,train
5757,2004-11-05 13:00:00,train
5758,2004-11-05 14:00:00,train
5759,2004-11-05 15:00:00,train
5760,2004-11-05 16:00:00,train
5761,2004-11-05 17:00:00,train
5762,2004-11-05 18:00:00,train
5763,2004-11-05 19:00:00,train
5764,2004-11-05 20:00:00,train
5765,2004-11-05 21:00:00,train
5766,2004-11-05 22:00:00,train
5767,2004-11-05 23:00:00,train
5768,2004-11-06 00:00:00,train
5769,2004-11-06 01:00:00,train
5770,2004-11-06 02:00:00,train
5771,2004-11-06 03:00:00,train
5772,2004-11-06 04:00:00,train
5773,2004-11-06 05:00:00,train
5774,2004-11-06 06:00:00,train
5775,2004-11-06 07:00:00,train
5776,2004-11-06 08:00:00,train
5777,2004-11-06 09:00:00,train
5778,2004-11-06 10:00:00,train
5779,2004-11-06 11:00:00,train
5780,2004-11-06 12:00:00,train
5781,2004-11-06 13:00:00,train
5782,2004-11-06 14:00:00,train
5783,2004-11-06 15:00:00,train
5784,2004-11-06 16:00:00,train
5785,2004-11-06 17:00:00,train
5786,2004-11-06 18:00:00,train
5787,2004-11-06 19:00:00,train
5788,2004-11-06 20:00:00,train
5789,2004-11-06 21:00:00,train
5790,2004-11-06 22:00:00,train
5791,2004-11-06 23:00:00,train
5792,2004-11-07 00:00:00,train
5793,2004-11-07 01:00:00,train
5794,2004-11-07 02:00:00,train
5795,2004-11-07 03:00:00,train
5797,2004-11-07 05:00:00,train
5798,2004-11-07 06:00:00,train
5799,2004-11-07 07:00:00,train
5800,2004-11-07 08:00:00,train
5801,2004-11-07 09:00:00,train
5802,2004-11-07 10:00:00,train
5803,2004-11-07 11:00:00,train
5804,2004-11-07 12:00:00,train
5805,2004-11-07 13:00:00,train
5806,2004-11-07 14:00:00,train
5807,2004-11-07 15:00:00,train
5808,2004-11-07 16:00:00,train
5809,2004-11-07 17:00:00,train
5810,2004-11-07 18:00:00,train
5811,2004-11-07 19:00:00,train
5812,2004-11-07 20:00:00,train
5813,2004-11-07 21:00:00,train
5814,2004-11-07 22:00:00,train
5815,2004-11-07 23:00:00,train
5816,2004-11-08 00:00:00,train
5817,2004-11-08 01:00:00,train
5818,2004-11-08 02:00:00,train
5819,2004-11-08 03:00:00,train
5820,2004-11-08 04:00:00,train
5821,2004-11-08 05:00:00,train
5822,2004-11-08 06:00:00,train
5823,2004-11-08 07:00:00,train
5824,2004-11-08 08:00:00,train
5825,2004-11-08 09:00:00,train
5826,2004-11-08 10:00:00,train
5827,2004-11-08 11:00:00,train
5828,2004-11-08 12:00:00,train
5829,2004-11-08 13:00:00,train
5830,2004-11-08 14:00:00,train
5831,2004-11-08 15:00:00,train
5832,2004-11-08 16:00:00,train
5833,2004-11-08 17:00:00,train
5834,2004-11-08 18:00:00,train
5835,2004-11-08 19:00:00,train
5855,2004-11-09 15:00:00,train
5856,2004-11-09 16:00:00,train
5857,2004-11-09 17:00:00,train
5858,2004-11-09 18:00:00,train
5859,2004-11-09 19:00:00,train
5860,2004-11-09 20:00:00,train
5861,2004-11-09 21:00:00,train
5862,2004-11-09 22:00:00,train
5863,2004-11-09 23:00:00,train
5864,2004-11-10 00:00:00,train
5865,2004-11-10 01:00:00,train
5866,2004-11-10 02:00:00,train
5867,2004-11-10 03:00:00,train
5868,2004-11-10 04:00:00,train
5869,2004-11-10 05:00:00,train
5870,2004-11-10 06:00:00,train
5871,2004-11-10 07:00:00,train
5872,2004-11-10 08:00:00,train
5873,2004-11-10 09:00:00,train
5874,2004-11-10 10:00:00,train
5875,2004-11-10 11:00:00,train
5876,2004-11-10 12:00:00,train
5877,2004-11-10 13:00:00,train
5878,2004-11-10 14:00:00,train
5879,2004-11-10 15:00:00,train
5880,2004-11-10 16:00:00,train
5881,2004-11-10 17:00:00,train
5882,2004-11-10 18:00:00,train
5883,2004-11-10 19:00:00,train
5884,2004-11-10 20:00:00,train
5885,2004-11-10 21:00:00,train
5886,2004-11-10 22:00:00,train
5887,2004-11-10 23:00:00,train
5888,2004-11-11 00:00:00,train
5889,2004-11-11 01:00:00,train
5890,2004-11-11 02:00:00,train
5891,2004-11-11 03:00:00,train
5892,2004-11-11 04:00:00,train
5893,2004-11-11 05:00:00,train
5894,2004-11-11 06:00:00,train
5895,2004-11-11 07:00:00,train
5896,2004-11-11 08:00:00,train
5897,2004-11-11 09:00:00,train
5898,2004-11-11 10:00:00,train
5899,2004-11-11 11:00:00,train
5900,2004-11-11 12:00:00,train
5901,2004-11-11 13:00:00,train
5902,2004-11-11 14:00:00,train
5903,2004-11-11 15:00:00,train
5904,2004-11-11 16:00:00,train
5905,2004-11-11 17:00:00,train
5906,2004-11-11 18:00:00,train
5907,2004-11-11 19:00:00,train
5908,2004-11-11 20:00:00,train
5909,2004-11-11 21:00:00,train
5910,2004-11-11 22:00:00,train
5911,2004-11-11 23:00:00,train
5912,2004-11-12 00:00:00,train
5913,2004-11-12 01:00:00,train
5914,2004-11-12 02:00:00,train
5915,2004-11-12 03:00:00,train
5917,2004-11-12 05:00:00,train
5918,2004-11-12 06:00:00,train
5919,2004-11-12 07:00:00,train
5920,2004-11-12 08:00:00,train
5921,2004-11-12 09:00:00,train
5922,2004-11-12 10:00:00,train
5923,2004-11-12 11:00:00,train
5924,2004-11-12 12:00:00,train
5925,2004-11-12 13:00:00,train
5926,2004-11-12 14:00:00,train
5927,2004-11-12 15:00:00,train
5928,2004-11-12 16:00:00,train
5929,2004-11-12 17:00:00,train
5930,2004-11-12 18:00:00,train
5931,2004-11-12 19:00:00,train
5932,2004-11-12 20:00:00,train
5933,2004-11-12 21:00:00,train
5934,2004-11-12 22:00:00,train
5935,2004-11-12 23:00:00,train
5936,2004-11-13 00:00:00,train
5937,2004-11-13 01:00:00,train
5938,2004-11-13 02:00:00,train
5939,2004-11-13 03:00:00,train
5940,2004-11-13 04:00:00,train
5941,2004-11-13 05:00:00,train
5942,2004-11-13 06:00:00,train
5943,2004-11-13 07:00:00,train
5944,2004-11-13 08:00:00,train
5945,2004-11-13 09:00:00,train
5946,2004-11-13 10:00:00,train
5947,2004-11-13 11:00:00,train
5948,2004-11-13 12:00:00,train
5949,2004-11-13 13:00:00,train
5950,2004-11-13 14:00:00,train
5951,2004-11-13 15:00:00,train
5952,2004-11-13 16:00:00,train
5953,2004-11-13 17:00:00,train
5954,2004-11-13 18:00:00,train
5955,2004-11-13 19:00:00,train
5956,2004-11-13 20:00:00,train
5957,2004-11-13 21:00:00,train
5958,2004-11-13 22:00:00,train
5959,2004-11-13 23:00:00,train
5960,2004-11-14 00:00:00,train
5961,2004-11-14 01:00:00,train
5962,2004-11-14 02:00:00,train
5963,2004-11-14 03:00:00,train
5964,2004-11-14 04:00:00,train
5965,2004-11-14 05:00:00,train
5966,2004-11-14 06:00:00,train
5967,2004-11-14 07:00:00,train
5968,2004-11-14 08:00:00,train
5969,2004-11-14 09:00:00,train
5970,2004-11-14 10:00:00,train
5971,2004-11-14 11:00:00,train
5972,2004-11-14 12:00:00,train
5973,2004-11-14 13:00:00,train
5974,2004-11-14 14:00:00,train
5975,2004-11-14 15:00:00,train
5976,2004-11-14 16:00:00,train
5977,2004-11-14 17:00:00,train
5978,2004-11-14 18:00:00,train
5979,2004-11-14 19:00:00,train
5980,2004-11-14 20:00:00,train
5981,2004-11-14 21:00:00,train
5982,2004-11-14 22:00:00,train
5983,2004-11-14 23:00:00,train
5984,2004-11-15 00:00:00,train
5985,2004-11-15 01:00:00,train
5986,2004-11-15 02:00:00,train
5987,2004-11-15 03:00:00,train
5989,2004-11-15 05:00:00,train
5990,2004-11-15 06:00:00,train
5991,2004-11-15 07:00:00,train
5992,2004-11-15 08:00:00,train
5993,2004-11-15 09:00:00,train
5994,2004-11-15 10:00:00,train
5995,2004-11-15 11:00:00,train
5996,2004-11-15 12:00:00,train
5997,2004-11-15 13:00:00,train
5998,2004-11-15 14:00:00,train
5999,2004-11-15 15:00:00,train
6000,2004-11-15 16:00:00,train
6001,2004-11-15 17:00:00,train
6002,2004-11-15 18:00:00,train
6003,2004-11-15 19:00:00,train
6004,2004-11-15 20:00:00,train
6005,2004-11-15 21:00:00,train
6006,2004-11-15 22:00:00,train
6007,2004-11-15 23:00:00,train
6008,2004-11-16 00:00:00,train
6009,2004-11-16 01:00:00,train
6010,2004-11-16 02:00:00,train
6011,2004-11-16 03:00:00,train
6012,2004-11-16 04:00:00,train
6013,2004-11-16 05:00:00,train
6014,2004-11-16 06:00:00,train
6015,2004-11-16 07:00:00,train
6016,2004-11-16 08:00:00,train
6017,2004-11-16 09:00:00,train
6018,2004-11-16 10:00:00,train
6019,2004-11-16 11:00:00,train
6020,2004-11-16 12:00:00,train
6021,2004-11-16 13:00:00,train
6022,2004-11-16 14:00:00,train
6023,2004-11-16 15:00:00,train
6024,2004-11-16 16:00:00,train
6025,2004-11-16 17:00:00,train
6026,2004-11-16 18:00:00,train
6027,2004-11-16 19:00:00,train
6028,2004-11-16 20:00:00,train
6029,2004-11-16 21:00:00,train
6030,2004-11-16 22:00:00,train
6031,2004-11-16 23:00:00,train
6032,2004-11-17 00:00:00,train
6033,2004-11-17 01:00:00,train
6034,2004-11-17 02:00:00,train
6035,2004-11-17 03:00:00,train
6036,2004-11-17 04:00:00,train
6037,2004-11-17 05:00:00,train
6038,2004-11-17 06:00:00,train
6039,2004-11-17 07:00:00,train
6040,2004-11-17 08:00:00,train
6041,2004-11-17 09:00:00,train
6042,2004-11-17 10:00:00,train
6044,2004-11-17 12:00:00,train
6045,2004-11-17 13:00:00,train
6046,2004-11-17 14:00:00,train
6047,2004-11-17 15:00:00,train
6048,2004-11-17 16:00:00,train
6049,2004-11-17 17:00:00,train
6050,2004-11-17 18:00:00,train
6051,2004-11-17 19:00:00,train
6052,2004-11-17 20:00:00,train
6053,2004-11-17 21:00:00,train
6054,2004-11-17 22:00:00,train
6055,2004-11-17 23:00:00,train
6056,2004-11-18 00:00:00,train
6057,2004-11-18 01:00:00,train
6058,2004-11-18 02:00:00,train
6059,2004-11-18 03:00:00,train
6060,2004-11-18 04:00:00,train
6061,2004-11-18 05:00:00,train
6062,2004-11-18 06:00:00,train
6063,2004-11-18 07:00:00,train
6064,2004-11-18 08:00:00,train
6065,2004-11-18 09:00:00,train
6066,2004-11-18 10:00:00,train
6067,2004-11-18 11:00:00,train
6068,2004-11-18 12:00:00,train
6069,2004-11-18 13:00:00,train
6070,2004-11-18 14:00:00,train
6071,2004-11-18 15:00:00,train
6072,2004-11-18 16:00:00,train
6073,2004-11-18 17:00:00,train
6074,2004-11-18 18:00:00,train
6075,2004-11-18 19:00:00,train
6076,2004-11-18 20:00:00,train
6077,2004-11-18 21:00:00,train
6078,2004-11-18 22:00:00,train
6079,2004-11-18 23:00:00,train
6080,2004-11-19 00:00:00,train
6081,2004-11-19 01:00:00,train
6082,2004-11-19 02:00:00,train
6083,2004-11-19 03:00:00,train
6084,2004-11-19 04:00:00,train
6085,2004-11-19 05:00:00,train
6086,2004-11-19 06:00:00,train
6087,2004-11-19 07:00:00,train
6088,2004-11-19 08:00:00,train
6089,2004-11-19 09:00:00,train
6090,2004-11-19 10:00:00,train
6091,2004-11-19 11:00:00,train
6092,2004-11-19 12:00:00,train
6093,2004-11-19 13:00:00,train
6094,2004-11-19 14:00:00,train
6095,2004-11-19 15:00:00,train
6096,2004-11-19 16:00:00,train
6097,2004-11-19 17:00:00,train
6098,2004-11-19 18:00:00,train
6099,2004-11-19 19:00:00,train
6100,2004-11-19 20:00:00,train
6101,2004-11-19 21:00:00,train
6102,2004-11-19 22:00:00,train
6103,2004-11-19 23:00:00,train
6104,2004-11-20 00:00:00,train
6105,2004-11-20 01:00:00,train
6106,2004-11-20 02:00:00,train
6107,2004-11-20 03:00:00,train
6109,2004-11-20 05:00:00,train
6110,2004-11-20 06:00:00,train
6111,2004-11-20 07:00:00,train
6112,2004-11-20 08:00:00,train
6113,2004-11-20 09:00:00,train
6114,2004-11-20 10:00:00,train
6115,2004-11-20 11:00:00,train
6116,2004-11-20 12:00:00,train
6117,2004-11-20 13:00:00,train
6118,2004-11-20 14:00:00,train
6119,2004-11-20 15:00:00,train
6120,2004-11-20 16:00:00,train
6121,2004-11-20 17:00:00,train
6122,2004-11-20 18:00:00,train
6123,2004-11-20 19:00:00,train
6124,2004-11-20 20:00:00,train
6125,2004-11-20 21:00:00,train
6126,2004-11-20 22:00:00,train
6127,2004-11-20 23:00:00,train
6128,2004-11-21 00:00:00,train
6129,2004-11-21 01:00:00,train
6130,2004-11-21 02:00:00,train
6131,2004-11-21 03:00:00,train
6132,2004-11-21 04:00:00,train
6133,2004-11-21 05:00:00,train
6134,2004-11-21 06:00:00,train
6136,2004-11-21 08:00:00,train
6137,2004-11-21 09:00:00,train
6138,2004-11-21 10:00:00,train
6139,2004-11-21 11:00:00,train
6140,2004-11-21 12:00:00,train
6141,2004-11-21 13:00:00,train
6142,2004-11-21 14:00:00,train
6143,2004-11-21 15:00:00,train
6144,2004-11-21 16:00:00,train
6145,2004-11-21 17:00:00,train
6146,2004-11-21 18:00:00,train
6147,2004-11-21 19:00:00,train
6148,2004-11-21 20:00:00,train
6149,2004-11-21 21:00:00,train
6150,2004-11-21 22:00:00,train
6151,2004-11-21 23:00:00,train
6152,2004-11-22 00:00:00,train
6153,2004-11-22 01:00:00,train
6154,2004-11-22 02:00:00,train
6155,2004-11-22 03:00:00,train
6158,2004-11-22 06:00:00,train
6159,2004-11-22 07:00:00,train
6160,2004-11-22 08:00:00,train
6161,2004-11-22 09:00:00,train
6162,2004-11-22 10:00:00,train
6163,2004-11-22 11:00:00,train
6164,2004-11-22 12:00:00,train
6165,2004-11-22 13:00:00,train
6166,2004-11-22 14:00:00,train
6167,2004-11-22 15:00:00,train
6168,2004-11-22 16:00:00,train
6169,2004-11-22 17:00:00,train
6170,2004-11-22 18:00:00,train
6171,2004-11-22 19:00:00,train
6172,2004-11-22 20:00:00,train
6173,2004-11-22 21:00:00,train
6174,2004-11-22 22:00:00,train
6175,2004-11-22 23:00:00,train
6176,2004-11-23 00:00:00,train
6177,2004-11-23 01:00:00,train
6178,2004-11-23 02:00:00,train
6179,2004-11-23 03:00:00,train
6181,2004-11-23 05:00:00,train
6182,2004-11-23 06:00:00,train
6183,2004-11-23 07:00:00,train
6184,2004-11-23 08:00:00,train
6185,2004-11-23 09:00:00,train
6186,2004-11-23 10:00:00,train
6187,2004-11-23 11:00:00,train
6188,2004-11-23 12:00:00,train
6189,2004-11-23 13:00:00,train
6190,2004-11-23 14:00:00,train
6191,2004-11-23 15:00:00,train
6192,2004-11-23 16:00:00,train
6193,2004-11-23 17:00:00,train
6194,2004-11-23 18:00:00,train
6195,2004-11-23 19:00:00,train
6196,2004-11-23 20:00:00,train
6197,2004-11-23 21:00:00,train
6198,2004-11-23 22:00:00,train
6199,2004-11-23 23:00:00,train
6200,2004-11-24 00:00:00,train
6201,2004-11-24 01:00:00,train
6202,2004-11-24 02:00:00,train
6203,2004-11-24 03:00:00,train
6204,2004-11-24 04:00:00,train
6205,2004-11-24 05:00:00,train
6206,2004-11-24 06:00:00,train
6207,2004-11-24 07:00:00,train
6208,2004-11-24 08:00:00,train
6209,2004-11-24 09:00:00,train
6210,2004-11-24 10:00:00,train
6211,2004-11-24 11:00:00,train
6212,2004-11-24 12:00:00,train
6213,2004-11-24 13:00:00,train
6214,2004-11-24 14:00:00,train
6215,2004-11-24 15:00:00,train
6216,2004-11-24 16:00:00,train
6217,2004-11-24 17:00:00,train
6218,2004-11-24 18:00:00,train
6219,2004-11-24 19:00:00,train
6220,2004-11-24 20:00:00,train
6221,2004-11-24 21:00:00,train
6222,2004-11-24 22:00:00,train
6223,2004-11-24 23:00:00,train
6224,2004-11-25 00:00:00,train
6225,2004-11-25 01:00:00,train
6226,2004-11-25 02:00:00,train
6227,2004-11-25 03:00:00,train
6228,2004-11-25 04:00:00,train
6229,2004-11-25 05:00:00,train
6230,2004-11-25 06:00:00,train
6231,2004-11-25 07:00:00,train
6232,2004-11-25 08:00:00,train
6233,2004-11-25 09:00:00,train
6234,2004-11-25 10:00:00,train
6235,2004-11-25 11:00:00,train
6236,2004-11-25 12:00:00,train
6237,2004-11-25 13:00:00,train
6238,2004-11-25 14:00:00,train
6239,2004-11-25 15:00:00,train
6240,2004-11-25 16:00:00,train
6241,2004-11-25 17:00:00,train
6242,2004-11-25 18:00:00,train
6243,2004-11-25 19:00:00,train
6244,2004-11-25 20:00:00,train
6245,2004-11-25 21:00:00,train
6246,2004-11-25 22:00:00,train
6247,2004-11-25 23:00:00,train
6248,2004-11-26 00:00:00,train
6249,2004-11-26 01:00:00,train
6250,2004-11-26 02:00:00,train
6251,2004-11-26 03:00:00,train
6253,2004-11-26 05:00:00,train
6254,2004-11-26 06:00:00,train
6255,2004-11-26 07:00:00,train
6256,2004-11-26 08:00:00,train
6257,2004-11-26 09:00:00,train
6258,2004-11-26 10:00:00,train
6259,2004-11-26 11:00:00,train
6260,2004-11-26 12:00:00,train
6261,2004-11-26 13:00:00,train
6262,2004-11-26 14:00:00,train
6263,2004-11-26 15:00:00,train
6264,2004-11-26 16:00:00,train
6265,2004-11-26 17:00:00,train
6266,2004-11-26 18:00:00,train
6267,2004-11-26 19:00:00,train
6268,2004-11-26 20:00:00,train
6269,2004-11-26 21:00:00,train
6270,2004-11-26 22:00:00,train
6271,2004-11-26 23:00:00,train
6272,2004-11-27 00:00:00,train
6273,2004-11-27 01:00:00,train
6274,2004-11-27 02:00:00,train
6275,2004-11-27 03:00:00,train
6276,2004-11-27 04:00:00,train
6277,2004-11-27 05:00:00,train
6278,2004-11-27 06:00:00,train
6279,2004-11-27 07:00:00,train
6280,2004-11-27 08:00:00,train
6281,2004-11-27 09:00:00,train
6282,2004-11-27 10:00:00,train
6283,2004-11-27 11:00:00,train
6284,2004-11-27 12:00:00,train
6285,2004-11-27 13:00:00,train
6286,2004-11-27 14:00:00,train
6287,2004-11-27 15:00:00,train
6288,2004-11-27 16:00:00,train
6289,2004-11-27 17:00:00,train
6290,2004-11-27 18:00:00,train
6291,2004-11-27 19:00:00,train
6292,2004-11-27 20:00:00,train
6293,2004-11-27 21:00:00,train
6294,2004-11-27 22:00:00,train
6295,2004-11-27 23:00:00,train
6296,2004-11-28 00:00:00,train
6297,2004-11-28 01:00:00,train
6299,2004-11-28 03:00:00,train
6300,2004-11-28 04:00:00,train
6301,2004-11-28 05:00:00,train
6302,2004-11-28 06:00:00,train
6303,2004-11-28 07:00:00,train
6304,2004-11-28 08:00:00,train
6305,2004-11-28 09:00:00,train
6306,2004-11-28 10:00:00,train
6307,2004-11-28 11:00:00,train
6308,2004-11-28 12:00:00,train
6309,2004-11-28 13:00:00,train
6310,2004-11-28 14:00:00,train
6311,2004-11-28 15:00:00,train
6312,2004-11-28 16:00:00,train
6313,2004-11-28 17:00:00,train
6314,2004-11-28 18:00:00,train
6315,2004-11-28 19:00:00,train
6316,2004-11-28 20:00:00,train
6317,2004-11-28 21:00:00,train
6318,2004-11-28 22:00:00,train
6319,2004-11-28 23:00:00,train
6320,2004-11-29 00:00:00,train
6321,2004-11-29 01:00:00,train
6322,2004-11-29 02:00:00,train
6323,2004-11-29 03:00:00,train
6324,2004-11-29 04:00:00,train
6325,2004-11-29 05:00:00,train
6326,2004-11-29 06:00:00,train
6327,2004-11-29 07:00:00,train
6328,2004-11-29 08:00:00,train
6329,2004-11-29 09:00:00,train
6330,2004-11-29 10:00:00,train
6331,2004-11-29 11:00:00,train
6332,2004-11-29 12:00:00,train
6333,2004-11-29 13:00:00,train
6334,2004-11-29 14:00:00,train
6335,2004-11-29 15:00:00,train
6336,2004-11-29 16:00:00,train
6337,2004-11-29 17:00:00,train
6338,2004-11-29 18:00:00,train
6339,2004-11-29 19:00:00,train
6340,2004-11-29 20:00:00,train
6341,2004-11-29 21:00:00,train
6342,2004-11-29 22:00:00,train
6343,2004-11-29 23:00:00,train
6344,2004-11-30 00:00:00,train
6345,2004-11-30 01:00:00,train
6346,2004-11-30 02:00:00,train
6347,2004-11-30 03:00:00,train
6348,2004-11-30 04:00:00,train
6349,2004-11-30 05:00:00,train
6350,2004-11-30 06:00:00,train
6351,2004-11-30 07:00:00,train
6352,2004-11-30 08:00:00,train
6353,2004-11-30 09:00:00,train
6354,2004-11-30 10:00:00,train
6355,2004-11-30 11:00:00,train
6356,2004-11-30 12:00:00,train
6357,2004-11-30 13:00:00,train
6358,2004-11-30 14:00:00,train
6359,2004-11-30 15:00:00,train
6360,2004-11-30 16:00:00,train
6361,2004-11-30 17:00:00,train
6362,2004-11-30 18:00:00,train
6363,2004-11-30 19:00:00,train
6364,2004-11-30 20:00:00,train
6365,2004-11-30 21:00:00,train
6366,2004-11-30 22:00:00,train
6367,2004-11-30 23:00:00,train
6368,2004-12-01 00:00:00,train
6369,2004-12-01 01:00:00,train
6370,2004-12-01 02:00:00,train
6371,2004-12-01 03:00:00,train
6373,2004-12-01 05:00:00,train
6374,2004-12-01 06:00:00,train
6375,2004-12-01 07:00:00,train
6376,2004-12-01 08:00:00,train
6377,2004-12-01 09:00:00,train
6378,2004-12-01 10:00:00,train
6379,2004-12-01 11:00:00,train
6380,2004-12-01 12:00:00,train
6381,2004-12-01 13:00:00,train
6382,2004-12-01 14:00:00,train
6383,2004-12-01 15:00:00,train
6384,2004-12-01 16:00:00,train
6385,2004-12-01 17:00:00,train
6386,2004-12-01 18:00:00,train
6387,2004-12-01 19:00:00,train
6388,2004-12-01 20:00:00,train
6389,2004-12-01 21:00:00,train
6390,2004-12-01 22:00:00,train
6391,2004-12-01 23:00:00,train
6392,2004-12-02 00:00:00,train
6393,2004-12-02 01:00:00,train
6394,2004-12-02 02:00:00,train
6395,2004-12-02 03:00:00,train
6396,2004-12-02 04:00:00,train
6397,2004-12-02 05:00:00,train
6398,2004-12-02 06:00:00,train
6399,2004-12-02 07:00:00,train
6400,2004-12-02 08:00:00,train
6401,2004-12-02 09:00:00,train
6402,2004-12-02 10:00:00,train
6403,2004-12-02 11:00:00,train
6404,2004-12-02 12:00:00,train
6405,2004-12-02 13:00:00,train
6406,2004-12-02 14:00:00,train
6407,2004-12-02 15:00:00,train
6408,2004-12-02 16:00:00,train
6409,2004-12-02 17:00:00,train
6410,2004-12-02 18:00:00,train
6411,2004-12-02 19:00:00,train
6412,2004-12-02 20:00:00,train
6413,2004-12-02 21:00:00,train
6414,2004-12-02 22:00:00,train
6415,2004-12-02 23:00:00,train
6416,2004-12-03 00:00:00,train
6417,2004-12-03 01:00:00,train
6418,2004-12-03 02:00:00,train
6419,2004-12-03 03:00:00,train
6420,2004-12-03 04:00:00,train
6421,2004-12-03 05:00:00,train
6422,2004-12-03 06:00:00,train
6423,2004-12-03 07:00:00,train
6424,2004-12-03 08:00:00,train
6425,2004-12-03 09:00:00,train
6426,2004-12-03 10:00:00,train
6427,2004-12-03 11:00:00,train
6428,2004-12-03 12:00:00,train
6429,2004-12-03 13:00:00,train
6430,2004-12-03 14:00:00,train
6431,2004-12-03 15:00:00,train
6432,2004-12-03 16:00:00,train
6433,2004-12-03 17:00:00,train
6434,2004-12-03 18:00:00,train
6435,2004-12-03 19:00:00,train
6436,2004-12-03 20:00:00,train
6437,2004-12-03 21:00:00,train
6438,2004-12-03 22:00:00,train
6439,2004-12-03 23:00:00,train
6440,2004-12-04 00:00:00,train
6441,2004-12-04 01:00:00,train
6442,2004-12-04 02:00:00,train
6443,2004-12-04 03:00:00,train
6445,2004-12-04 05:00:00,train
6446,2004-12-04 06:00:00,train
6447,2004-12-04 07:00:00,train
6448,2004-12-04 08:00:00,train
6449,2004-12-04 09:00:00,train
6450,2004-12-04 10:00:00,train
6451,2004-12-04 11:00:00,train
6452,2004-12-04 12:00:00,train
6453,2004-12-04 13:00:00,train
6454,2004-12-04 14:00:00,train
6455,2004-12-04 15:00:00,train
6456,2004-12-04 16:00:00,train
6457,2004-12-04 17:00:00,train
6458,2004-12-04 18:00:00,train
6459,2004-12-04 19:00:00,train
6460,2004-12-04 20:00:00,train
6461,2004-12-04 21:00:00,train
6462,2004-12-04 22:00:00,train
6463,2004-12-04 23:00:00,train
6464,2004-12-05 00:00:00,train
6465,2004-12-05 01:00:00,train
6466,2004-12-05 02:00:00,train
6467,2004-12-05 03:00:00,train
6468,2004-12-05 04:00:00,train
6469,2004-12-05 05:00:00,train
6470,2004-12-05 06:00:00,train
6471,2004-12-05 07:00:00,train
6472,2004-12-05 08:00:00,train
6473,2004-12-05 09:00:00,train
6474,2004-12-05 10:00:00,train
6475,2004-12-05 11:00:00,train
6476,2004-12-05 12:00:00,train
6477,2004-12-05 13:00:00,train
6478,2004-12-05 14:00:00,train
6479,2004-12-05 15:00:00,train
6480,2004-12-05 16:00:00,train
6481,2004-12-05 17:00:00,train
6482,2004-12-05 18:00:00,train
6483,2004-12-05 19:00:00,train
6484,2004-12-05 20:00:00,train
6485,2004-12-05 21:00:00,train
6486,2004-12-05 22:00:00,train
6487,2004-12-05 23:00:00,train
6488,2004-12-06 00:00:00,train
6489,2004-12-06 01:00:00,train
6490,2004-12-06 02:00:00,train
6491,2004-12-06 03:00:00,train
6492,2004-12-06 04:00:00,train
6493,2004-12-06 05:00:00,train
6494,2004-12-06 06:00:00,train
6495,2004-12-06 07:00:00,train
6496,2004-12-06 08:00:00,train
6497,2004-12-06 09:00:00,train
6498,2004-12-06 10:00:00,train
6499,2004-12-06 11:00:00,train
6500,2004-12-06 12:00:00,train
6501,2004-12-06 13:00:00,train
6502,2004-12-06 14:00:00,train
6503,2004-12-06 15:00:00,train
6504,2004-12-06 16:00:00,train
6505,2004-12-06 17:00:00,train
6506,2004-12-06 18:00:00,train
6507,2004-12-06 19:00:00,train
6508,2004-12-06 20:00:00,train
6509,2004-12-06 21:00:00,train
6510,2004-12-06 22:00:00,train
6511,2004-12-06 23:00:00,train
6512,2004-12-07 00:00:00,train
6513,2004-12-07 01:00:00,train
6514,2004-12-07 02:00:00,train
6515,2004-12-07 03:00:00,train
6517,2004-12-07 05:00:00,train
6518,2004-12-07 06:00:00,train
6519,2004-12-07 07:00:00,train
6520,2004-12-07 08:00:00,train
6521,2004-12-07 09:00:00,train
6522,2004-12-07 10:00:00,train
6523,2004-12-07 11:00:00,train
6524,2004-12-07 12:00:00,train
6525,2004-12-07 13:00:00,train
6526,2004-12-07 14:00:00,train
6527,2004-12-07 15:00:00,train
6528,2004-12-07 16:00:00,train
6529,2004-12-07 17:00:00,train
6530,2004-12-07 18:00:00,train
6531,2004-12-07 19:00:00,train
6532,2004-12-07 20:00:00,train
6533,2004-12-07 21:00:00,train
6534,2004-12-07 22:00:00,train
6535,2004-12-07 23:00:00,train
6536,2004-12-08 00:00:00,train
6537,2004-12-08 01:00:00,train
6538,2004-12-08 02:00:00,train
6539,2004-12-08 03:00:00,train
6540,2004-12-08 04:00:00,train
6541,2004-12-08 05:00:00,train
6542,2004-12-08 06:00:00,train
6543,2004-12-08 07:00:00,train
6544,2004-12-08 08:00:00,train
6545,2004-12-08 09:00:00,train
6546,2004-12-08 10:00:00,train
6547,2004-12-08 11:00:00,train
6548,2004-12-08 12:00:00,train
6549,2004-12-08 13:00:00,train
6550,2004-12-08 14:00:00,train
6551,2004-12-08 15:00:00,train
6552,2004-12-08 16:00:00,train
6553,2004-12-08 17:00:00,train
6554,2004-12-08 18:00:00,train
6555,2004-12-08 19:00:00,train
6556,2004-12-08 20:00:00,train
6557,2004-12-08 21:00:00,train
6558,2004-12-08 22:00:00,train
6559,2004-12-08 23:00:00,train
6560,2004-12-09 00:00:00,train
6561,2004-12-09 01:00:00,train
6562,2004-12-09 02:00:00,train
6563,2004-12-09 03:00:00,train
6564,2004-12-09 04:00:00,train
6565,2004-12-09 05:00:00,train
6566,2004-12-09 06:00:00,train
6567,2004-12-09 07:00:00,train
6568,2004-12-09 08:00:00,train
6569,2004-12-09 09:00:00,train
6570,2004-12-09 10:00:00,train
6571,2004-12-09 11:00:00,train
6572,2004-12-09 12:00:00,train
6573,2004-12-09 13:00:00,train
6574,2004-12-09 14:00:00,train
6575,2004-12-09 15:00:00,train
6576,2004-12-09 16:00:00,train
6577,2004-12-09 17:00:00,train
6578,2004-12-09 18:00:00,train
6579,2004-12-09 19:00:00,train
6580,2004-12-09 20:00:00,train
6581,2004-12-09 21:00:00,train
6582,2004-12-09 22:00:00,train
6583,2004-12-09 23:00:00,train
6584,2004-12-10 00:00:00,train
6585,2004-12-10 01:00:00,train
6586,2004-12-10 02:00:00,train
6587,2004-12-10 03:00:00,train
6589,2004-12-10 05:00:00,train
6590,2004-12-10 06:00:00,train
6591,2004-12-10 07:00:00,train
6592,2004-12-10 08:00:00,train
6593,2004-12-10 09:00:00,train
6594,2004-12-10 10:00:00,train
6595,2004-12-10 11:00:00,train
6596,2004-12-10 12:00:00,train
6597,2004-12-10 13:00:00,train
6598,2004-12-10 14:00:00,train
6599,2004-12-10 15:00:00,train
6600,2004-12-10 16:00:00,train
6601,2004-12-10 17:00:00,train
6602,2004-12-10 18:00:00,train
6603,2004-12-10 19:00:00,train
6604,2004-12-10 20:00:00,train
6605,2004-12-10 21:00:00,train
6606,2004-12-10 22:00:00,train
6607,2004-12-10 23:00:00,train
6608,2004-12-11 00:00:00,train
6609,2004-12-11 01:00:00,train
6610,2004-12-11 02:00:00,train
6611,2004-12-11 03:00:00,train
6612,2004-12-11 04:00:00,train
6613,2004-12-11 05:00:00,train
6614,2004-12-11 06:00:00,train
6615,2004-12-11 07:00:00,train
6616,2004-12-11 08:00:00,train
6617,2004-12-11 09:00:00,train
6618,2004-12-11 10:00:00,train
6619,2004-12-11 11:00:00,train
6620,2004-12-11 12:00:00,train
6621,2004-12-11 13:00:00,train
6622,2004-12-11 14:00:00,train
6623,2004-12-11 15:00:00,train
6624,2004-12-11 16:00:00,train
6625,2004-12-11 17:00:00,train
6626,2004-12-11 18:00:00,train
6627,2004-12-11 19:00:00,train
6628,2004-12-11 20:00:00,train
6629,2004-12-11 21:00:00,train
6630,2004-12-11 22:00:00,train
6631,2004-12-11 23:00:00,train
6632,2004-12-12 00:00:00,train
6633,2004-12-12 01:00:00,train
6634,2004-12-12 02:00:00,train
6635,2004-12-12 03:00:00,train
6636,2004-12-12 04:00:00,train
6637,2004-12-12 05:00:00,train
6638,2004-12-12 06:00:00,train
6639,2004-12-12 07:00:00,train
6640,2004-12-12 08:00:00,train
6641,2004-12-12 09:00:00,train
6642,2004-12-12 10:00:00,train
6643,2004-12-12 11:00:00,train
6644,2004-12-12 12:00:00,train
6645,2004-12-12 13:00:00,train
6646,2004-12-12 14:00:00,train
6647,2004-12-12 15:00:00,train
6648,2004-12-12 16:00:00,train
6649,2004-12-12 17:00:00,train
6650,2004-12-12 18:00:00,train
6651,2004-12-12 19:00:00,train
6652,2004-12-12 20:00:00,train
6653,2004-12-12 21:00:00,train
6654,2004-12-12 22:00:00,train
6655,2004-12-12 23:00:00,train
6656,2004-12-13 00:00:00,train
6657,2004-12-13 01:00:00,train
6658,2004-12-13 02:00:00,train
6659,2004-12-13 03:00:00,train
6661,2004-12-13 05:00:00,train
6662,2004-12-13 06:00:00,train
6663,2004-12-13 07:00:00,train
6664,2004-12-13 08:00:00,train
6665,2004-12-13 09:00:00,train
6666,2004-12-13 10:00:00,train
6667,2004-12-13 11:00:00,train
6668,2004-12-13 12:00:00,train
6669,2004-12-13 13:00:00,train
6670,2004-12-13 14:00:00,train
6671,2004-12-13 15:00:00,train
6672,2004-12-13 16:00:00,train
6673,2004-12-13 17:00:00,train
6674,2004-12-13 18:00:00,train
6675,2004-12-13 19:00:00,train
6676,2004-12-13 20:00:00,train
6677,2004-12-13 21:00:00,train
6678,2004-12-13 22:00:00,train
6679,2004-12-13 23:00:00,train
6680,2004-12-14 00:00:00,train
6681,2004-12-14 01:00:00,train
6682,2004-12-14 02:00:00,train
6683,2004-12-14 03:00:00,train
6684,2004-12-14 04:00:00,train
6685,2004-12-14 05:00:00,train
6686,2004-12-14 06:00:00,train
6687,2004-12-14 07:00:00,train
6688,2004-12-14 08:00:00,train
6689,2004-12-14 09:00:00,train
6690,2004-12-14 10:00:00,train
6691,2004-12-14 11:00:00,train
6692,2004-12-14 12:00:00,train
6693,2004-12-14 13:00:00,train
6694,2004-12-14 14:00:00,train
6695,2004-12-14 15:00:00,train
6696,2004-12-14 16:00:00,train
6772,2004-12-17 20:00:00,train
6773,2004-12-17 21:00:00,train
6774,2004-12-17 22:00:00,train
6775,2004-12-17 23:00:00,train
6776,2004-12-18 00:00:00,train
6777,2004-12-18 01:00:00,train
6778,2004-12-18 02:00:00,train
6779,2004-12-18 03:00:00,train
6780,2004-12-18 04:00:00,train
6781,2004-12-18 05:00:00,train
6782,2004-12-18 06:00:00,train
6783,2004-12-18 07:00:00,train
6784,2004-12-18 08:00:00,train
6785,2004-12-18 09:00:00,train
6786,2004-12-18 10:00:00,train
6787,2004-12-18 11:00:00,train
6788,2004-12-18 12:00:00,train
6789,2004-12-18 13:00:00,train
6790,2004-12-18 14:00:00,train
6791,2004-12-18 15:00:00,train
6792,2004-12-18 16:00:00,train
6793,2004-12-18 17:00:00,train
6794,2004-12-18 18:00:00,train
6795,2004-12-18 19:00:00,train
6796,2004-12-18 20:00:00,train
6797,2004-12-18 21:00:00,train
6798,2004-12-18 22:00:00,train
6799,2004-12-18 23:00:00,train
6800,2004-12-19 00:00:00,train
6801,2004-12-19 01:00:00,train
6802,2004-12-19 02:00:00,train
6803,2004-12-19 03:00:00,train
6805,2004-12-19 05:00:00,train
6806,2004-12-19 06:00:00,train
6807,2004-12-19 07:00:00,train
6808,2004-12-19 08:00:00,train
6809,2004-12-19 09:00:00,train
6810,2004-12-19 10:00:00,train
6811,2004-12-19 11:00:00,train
6812,2004-12-19 12:00:00,train
6813,2004-12-19 13:00:00,train
6814,2004-12-19 14:00:00,train
6815,2004-12-19 15:00:00,train
6816,2004-12-19 16:00:00,train
6817,2004-12-19 17:00:00,train
6818,2004-12-19 18:00:00,validation
6819,2004-12-19 19:00:00,validation
6820,2004-12-19 20:00:00,validation
6821,2004-12-19 21:00:00,validation
6822,2004-12-19 22:00:00,validation
6823,2004-12-19 23:00:00,validation
6824,2004-12-20 00:00:00,validation
6825,2004-12-20 01:00:00,validation
6826,2004-12-20 02:00:00,validation
6827,2004-12-20 03:00:00,validation
6828,2004-12-20 04:00:00,validation
6829,2004-12-20 05:00:00,validation
6830,2004-12-20 06:00:00,validation
6831,2004-12-20 07:00:00,validation
6832,2004-12-20 08:00:00,validation
6833,2004-12-20 09:00:00,validation
6834,2004-12-20 10:00:00,validation
6835,2004-12-20 11:00:00,validation
6836,2004-12-20 12:00:00,validation
6837,2004-12-20 13:00:00,validation
6838,2004-12-20 14:00:00,validation
6839,2004-12-20 15:00:00,validation
6840,2004-12-20 16:00:00,validation
6841,2004-12-20 17:00:00,validation
6842,2004-12-20 18:00:00,validation
6843,2004-12-20 19:00:00,validation
6844,2004-12-20 20:00:00,validation
6845,2004-12-20 21:00:00,validation
6846,2004-12-20 22:00:00,validation
6847,2004-12-20 23:00:00,validation
6848,2004-12-21 00:00:00,validation
6849,2004-12-21 01:00:00,validation
6850,2004-12-21 02:00:00,validation
6851,2004-12-21 03:00:00,validation
6852,2004-12-21 04:00:00,validation
6853,2004-12-21 05:00:00,validation
6854,2004-12-21 06:00:00,validation
6855,2004-12-21 07:00:00,validation
6856,2004-12-21 08:00:00,validation
6857,2004-12-21 09:00:00,validation
6858,2004-12-21 10:00:00,validation
6859,2004-12-21 11:00:00,validation
6860,2004-12-21 12:00:00,validation
6861,2004-12-21 13:00:00,validation
6862,2004-12-21 14:00:00,validation
6863,2004-12-21 15:00:00,validation
6864,2004-12-21 16:00:00,validation
6865,2004-12-21 17:00:00,validation
6866,2004-12-21 18:00:00,validation
6867,2004-12-21 19:00:00,validation
6868,2004-12-21 20:00:00,validation
6869,2004-12-21 21:00:00,validation
6870,2004-12-21 22:00:00,validation
6871,2004-12-21 23:00:00,validation
6872,2004-12-22 00:00:00,validation
6873,2004-12-22 01:00:00,validation
6874,2004-12-22 02:00:00,validation
6875,2004-12-22 03:00:00,validation
6877,2004-12-22 05:00:00,validation
6878,2004-12-22 06:00:00,validation
6879,2004-12-22 07:00:00,validation
6880,2004-12-22 08:00:00,validation
6881,2004-12-22 09:00:00,validation
6882,2004-12-22 10:00:00,validation
6883,2004-12-22 11:00:00,validation
6884,2004-12-22 12:00:00,validation
6885,2004-12-22 13:00:00,validation
6886,2004-12-22 14:00:00,validation
6887,2004-12-22 15:00:00,validation
6888,2004-12-22 16:00:00,validation
6889,2004-12-22 17:00:00,validation
6890,2004-12-22 18:00:00,validation
6891,2004-12-22 19:00:00,validation
6892,2004-12-22 20:00:00,validation
6893,2004-12-22 21:00:00,validation
6894,2004-12-22 22:00:00,validation
6895,2004-12-22 23:00:00,validation
6896,2004-12-23 00:00:00,validation
6897,2004-12-23 01:00:00,validation
6898,2004-12-23 02:00:00,validation
6899,2004-12-23 03:00:00,validation
6900,2004-12-23 04:00:00,validation
6901,2004-12-23 05:00:00,validation
6902,2004-12-23 06:00:00,validation
6903,2004-12-23 07:00:00,validation
6904,2004-12-23 08:00:00,validation
6905,2004-12-23 09:00:00,validation
6906,2004-12-23 10:00:00,validation
6907,2004-12-23 11:00:00,validation
6908,2004-12-23 12:00:00,validation
6909,2004-12-23 13:00:00,validation
6910,2004-12-23 14:00:00,validation
6911,2004-12-23 15:00:00,validation
6912,2004-12-23 16:00:00,validation
6913,2004-12-23 17:00:00,validation
6914,2004-12-23 18:00:00,validation
6915,2004-12-23 19:00:00,validation
6916,2004-12-23 20:00:00,validation
6917,2004-12-23 21:00:00,validation
6918,2004-12-23 22:00:00,validation
6919,2004-12-23 23:00:00,validation
6920,2004-12-24 00:00:00,validation
6921,2004-12-24 01:00:00,validation
6922,2004-12-24 02:00:00,validation
6923,2004-12-24 03:00:00,validation
6924,2004-12-24 04:00:00,validation
6925,2004-12-24 05:00:00,validation
6926,2004-12-24 06:00:00,validation
6927,2004-12-24 07:00:00,validation
6928,2004-12-24 08:00:00,validation
6929,2004-12-24 09:00:00,validation
6930,2004-12-24 10:00:00,validation
6931,2004-12-24 11:00:00,validation
6932,2004-12-24 12:00:00,validation
6933,2004-12-24 13:00:00,validation
6934,2004-12-24 14:00:00,validation
6935,2004-12-24 15:00:00,validation
6936,2004-12-24 16:00:00,validation
6937,2004-12-24 17:00:00,validation
6938,2004-12-24 18:00:00,validation
6944,2004-12-25 00:00:00,validation
6945,2004-12-25 01:00:00,validation
6946,2004-12-25 02:00:00,validation
6947,2004-12-25 03:00:00,validation
6949,2004-12-25 05:00:00,validation
6950,2004-12-25 06:00:00,validation
6951,2004-12-25 07:00:00,validation
6952,2004-12-25 08:00:00,validation
6953,2004-12-25 09:00:00,validation
6954,2004-12-25 10:00:00,validation
6955,2004-12-25 11:00:00,validation
6956,2004-12-25 12:00:00,validation
6957,2004-12-25 13:00:00,validation
6958,2004-12-25 14:00:00,validation
6959,2004-12-25 15:00:00,validation
6960,2004-12-25 16:00:00,validation
6961,2004-12-25 17:00:00,validation
6962,2004-12-25 18:00:00,validation
6963,2004-12-25 19:00:00,validation
6964,2004-12-25 20:00:00,validation
6965,2004-12-25 21:00:00,validation
6966,2004-12-25 22:00:00,validation
6967,2004-12-25 23:00:00,validation
6968,2004-12-26 00:00:00,validation
6969,2004-12-26 01:00:00,validation
6970,2004-12-26 02:00:00,validation
6971,2004-12-26 03:00:00,validation
6972,2004-12-26 04:00:00,validation
6973,2004-12-26 05:00:00,validation
6974,2004-12-26 06:00:00,validation
6975,2004-12-26 07:00:00,validation
6976,2004-12-26 08:00:00,validation
6977,2004-12-26 09:00:00,validation
6978,2004-12-26 10:00:00,validation
6979,2004-12-26 11:00:00,validation
6980,2004-12-26 12:00:00,validation
6981,2004-12-26 13:00:00,validation
6982,2004-12-26 14:00:00,validation
6983,2004-12-26 15:00:00,validation
6984,2004-12-26 16:00:00,validation
6985,2004-12-26 17:00:00,validation
6986,2004-12-26 18:00:00,validation
6987,2004-12-26 19:00:00,validation
6988,2004-12-26 20:00:00,validation
6989,2004-12-26 21:00:00,validation
6990,2004-12-26 22:00:00,validation
6991,2004-12-26 23:00:00,validation
6992,2004-12-27 00:00:00,validation
6993,2004-12-27 01:00:00,validation
6994,2004-12-27 02:00:00,validation
6995,2004-12-27 03:00:00,validation
6996,2004-12-27 04:00:00,validation
6997,2004-12-27 05:00:00,validation
6998,2004-12-27 06:00:00,validation
6999,2004-12-27 07:00:00,validation
7000,2004-12-27 08:00:00,validation
7001,2004-12-27 09:00:00,validation
7002,2004-12-27 10:00:00,validation
7003,2004-12-27 11:00:00,validation
7004,2004-12-27 12:00:00,validation
7005,2004-12-27 13:00:00,validation
7006,2004-12-27 14:00:00,validation
7007,2004-12-27 15:00:00,validation
7008,2004-12-27 16:00:00,validation
7009,2004-12-27 17:00:00,validation
7010,2004-12-27 18:00:00,validation
7011,2004-12-27 19:00:00,validation
7012,2004-12-27 20:00:00,validation
7013,2004-12-27 21:00:00,validation
7014,2004-12-27 22:00:00,validation
7015,2004-12-27 23:00:00,validation
7016,2004-12-28 00:00:00,validation
7113,2005-01-01 01:00:00,validation
7114,2005-01-01 02:00:00,validation
7115,2005-01-01 03:00:00,validation
7116,2005-01-01 04:00:00,validation
7117,2005-01-01 05:00:00,validation
7118,2005-01-01 06:00:00,validation
7119,2005-01-01 07:00:00,validation
7120,2005-01-01 08:00:00,validation
7121,2005-01-01 09:00:00,validation
7122,2005-01-01 10:00:00,validation
7123,2005-01-01 11:00:00,validation
7124,2005-01-01 12:00:00,validation
7125,2005-01-01 13:00:00,validation
7126,2005-01-01 14:00:00,validation
7127,2005-01-01 15:00:00,validation
7128,2005-01-01 16:00:00,validation
7129,2005-01-01 17:00:00,validation
7130,2005-01-01 18:00:00,validation
7131,2005-01-01 19:00:00,validation
7132,2005-01-01 20:00:00,validation
7133,2005-01-01 21:00:00,validation
7134,2005-01-01 22:00:00,validation
7135,2005-01-01 23:00:00,validation
7136,2005-01-02 00:00:00,validation
7137,2005-01-02 01:00:00,validation
7138,2005-01-02 02:00:00,validation
7139,2005-01-02 03:00:00,validation
7140,2005-01-02 04:00:00,validation
7141,2005-01-02 05:00:00,validation
7142,2005-01-02 06:00:00,validation
7143,2005-01-02 07:00:00,validation
7144,2005-01-02 08:00:00,validation
7145,2005-01-02 09:00:00,validation
7146,2005-01-02 10:00:00,validation
7147,2005-01-02 11:00:00,validation
7148,2005-01-02 12:00:00,validation
7149,2005-01-02 13:00:00,validation
7150,2005-01-02 14:00:00,validation
7151,2005-01-02 15:00:00,validation
7152,2005-01-02 16:00:00,validation
7153,2005-01-02 17:00:00,validation
7154,2005-01-02 18:00:00,validation
7155,2005-01-02 19:00:00,validation
7156,2005-01-02 20:00:00,validation
7209,2005-01-05 01:00:00,validation
7210,2005-01-05 02:00:00,validation
7211,2005-01-05 03:00:00,validation
7212,2005-01-05 04:00:00,validation
7213,2005-01-05 05:00:00,validation
7214,2005-01-05 06:00:00,validation
7215,2005-01-05 07:00:00,validation
7216,2005-01-05 08:00:00,validation
7217,2005-01-05 09:00:00,validation
7218,2005-01-05 10:00:00,validation
7219,2005-01-05 11:00:00,validation
7220,2005-01-05 12:00:00,validation
7221,2005-01-05 13:00:00,validation
7222,2005-01-05 14:00:00,validation
7223,2005-01-05 15:00:00,validation
7224,2005-01-05 16:00:00,validation
7225,2005-01-05 17:00:00,validation
7226,2005-01-05 18:00:00,validation
7227,2005-01-05 19:00:00,validation
7228,2005-01-05 20:00:00,validation
7229,2005-01-05 21:00:00,validation
7230,2005-01-05 22:00:00,validation
7231,2005-01-05 23:00:00,validation
7232,2005-01-06 00:00:00,validation
7233,2005-01-06 01:00:00,validation
7234,2005-01-06 02:00:00,validation
7235,2005-01-06 03:00:00,validation
7237,2005-01-06 05:00:00,validation
7238,2005-01-06 06:00:00,validation
7239,2005-01-06 07:00:00,validation
7240,2005-01-06 08:00:00,validation
7241,2005-01-06 09:00:00,validation
7242,2005-01-06 10:00:00,validation
7243,2005-01-06 11:00:00,validation
7244,2005-01-06 12:00:00,validation
7245,2005-01-06 13:00:00,validation
7246,2005-01-06 14:00:00,validation
7247,2005-01-06 15:00:00,validation
7248,2005-01-06 16:00:00,validation
7249,2005-01-06 17:00:00,validation
7250,2005-01-06 18:00:00,validation
7251,2005-01-06 19:00:00,validation
7252,2005-01-06 20:00:00,validation
7253,2005-01-06 21:00:00,validation
7254,2005-01-06 22:00:00,validation
7255,2005-01-06 23:00:00,validation
7256,2005-01-07 00:00:00,validation
7257,2005-01-07 01:00:00,validation
7258,2005-01-07 02:00:00,validation
7259,2005-01-07 03:00:00,validation
7260,2005-01-07 04:00:00,validation
7261,2005-01-07 05:00:00,validation
7262,2005-01-07 06:00:00,validation
7263,2005-01-07 07:00:00,validation
7264,2005-01-07 08:00:00,validation
7265,2005-01-07 09:00:00,validation
7266,2005-01-07 10:00:00,validation
7267,2005-01-07 11:00:00,validation
7268,2005-01-07 12:00:00,validation
7269,2005-01-07 13:00:00,validation
7270,2005-01-07 14:00:00,validation
7271,2005-01-07 15:00:00,validation
7272,2005-01-07 16:00:00,validation
7273,2005-01-07 17:00:00,validation
7274,2005-01-07 18:00:00,validation
7275,2005-01-07 19:00:00,validation
7276,2005-01-07 20:00:00,validation
7277,2005-01-07 21:00:00,validation
7278,2005-01-07 22:00:00,validation
7279,2005-01-07 23:00:00,validation
7280,2005-01-08 00:00:00,validation
7281,2005-01-08 01:00:00,validation
7282,2005-01-08 02:00:00,validation
7283,2005-01-08 03:00:00,validation
7284,2005-01-08 04:00:00,validation
7285,2005-01-08 05:00:00,validation
7286,2005-01-08 06:00:00,validation
7287,2005-01-08 07:00:00,validation
7288,2005-01-08 08:00:00,validation
7289,2005-01-08 09:00:00,validation
7290,2005-01-08 10:00:00,validation
7291,2005-01-08 11:00:00,validation
7292,2005-01-08 12:00:00,validation
7293,2005-01-08 13:00:00,validation
7294,2005-01-08 14:00:00,validation
7295,2005-01-08 15:00:00,validation
7296,2005-01-08 16:00:00,validation
7297,2005-01-08 17:00:00,validation
7298,2005-01-08 18:00:00,validation
7299,2005-01-08 19:00:00,validation
7300,2005-01-08 20:00:00,validation
7301,2005-01-08 21:00:00,validation
7302,2005-01-08 22:00:00,validation
7303,2005-01-08 23:00:00,validation
7304,2005-01-09 00:00:00,validation
7305,2005-01-09 01:00:00,validation
7306,2005-01-09 02:00:00,validation
7307,2005-01-09 03:00:00,validation
7309,2005-01-09 05:00:00,validation
7310,2005-01-09 06:00:00,validation
7311,2005-01-09 07:00:00,validation
7312,2005-01-09 08:00:00,validation
7313,2005-01-09 09:00:00,validation
7314,2005-01-09 10:00:00,validation
7315,2005-01-09 11:00:00,validation
7316,2005-01-09 12:00:00,validation
7317,2005-01-09 13:00:00,validation
7318,2005-01-09 14:00:00,validation
7319,2005-01-09 15:00:00,validation
7320,2005-01-09 16:00:00,validation
7321,2005-01-09 17:00:00,validation
7322,2005-01-09 18:00:00,validation
7323,2005-01-09 19:00:00,validation
7324,2005-01-09 20:00:00,validation
7325,2005-01-09 21:00:00,validation
7326,2005-01-09 22:00:00,validation
7327,2005-01-09 23:00:00,validation
7328,2005-01-10 00:00:00,validation
7329,2005-01-10 01:00:00,validation
7330,2005-01-10 02:00:00,validation
7331,2005-01-10 03:00:00,validation
7332,2005-01-10 04:00:00,validation
7335,2005-01-10 07:00:00,validation
7336,2005-01-10 08:00:00,validation
7337,2005-01-10 09:00:00,validation
7338,2005-01-10 10:00:00,validation
7339,2005-01-10 11:00:00,validation
7340,2005-01-10 12:00:00,validation
7341,2005-01-10 13:00:00,validation
7342,2005-01-10 14:00:00,validation
7343,2005-01-10 15:00:00,validation
7344,2005-01-10 16:00:00,validation
7345,2005-01-10 17:00:00,validation
7346,2005-01-10 18:00:00,validation
7347,2005-01-10 19:00:00,validation
7348,2005-01-10 20:00:00,validation
7349,2005-01-10 21:00:00,validation
7350,2005-01-10 22:00:00,validation
7351,2005-01-10 23:00:00,validation
7352,2005-01-11 00:00:00,validation
7353,2005-01-11 01:00:00,validation
7354,2005-01-11 02:00:00,validation
7355,2005-01-11 03:00:00,validation
7356,2005-01-11 04:00:00,validation
7357,2005-01-11 05:00:00,validation
7358,2005-01-11 06:00:00,validation
7359,2005-01-11 07:00:00,validation
7360,2005-01-11 08:00:00,validation
7361,2005-01-11 09:00:00,validation
7362,2005-01-11 10:00:00,validation
7363,2005-01-11 11:00:00,validation
7364,2005-01-11 12:00:00,validation
7365,2005-01-11 13:00:00,validation
7366,2005-01-11 14:00:00,validation
7367,2005-01-11 15:00:00,validation
7368,2005-01-11 16:00:00,validation
7369,2005-01-11 17:00:00,validation
7370,2005-01-11 18:00:00,validation
7371,2005-01-11 19:00:00,validation
7372,2005-01-11 20:00:00,validation
7373,2005-01-11 21:00:00,validation
7374,2005-01-11 22:00:00,validation
7375,2005-01-11 23:00:00,validation
7376,2005-01-12 00:00:00,validation
7377,2005-01-12 01:00:00,validation
7378,2005-01-12 02:00:00,validation
7379,2005-01-12 03:00:00,validation
7381,2005-01-12 05:00:00,validation
7382,2005-01-12 06:00:00,validation
7383,2005-01-12 07:00:00,validation
7384,2005-01-12 08:00:00,validation
7385,2005-01-12 09:00:00,validation
7386,2005-01-12 10:00:00,validation
7387,2005-01-12 11:00:00,validation
7388,2005-01-12 12:00:00,validation
7389,2005-01-12 13:00:00,validation
7390,2005-01-12 14:00:00,validation
7391,2005-01-12 15:00:00,validation
7392,2005-01-12 16:00:00,validation
7393,2005-01-12 17:00:00,validation
7394,2005-01-12 18:00:00,validation
7395,2005-01-12 19:00:00,validation
7396,2005-01-12 20:00:00,validation
7397,2005-01-12 21:00:00,validation
7398,2005-01-12 22:00:00,validation
7399,2005-01-12 23:00:00,validation
7400,2005-01-13 00:00:00,validation
7401,2005-01-13 01:00:00,validation
7402,2005-01-13 02:00:00,validation
7403,2005-01-13 03:00:00,validation
7404,2005-01-13 04:00:00,validation
7405,2005-01-13 05:00:00,validation
7406,2005-01-13 06:00:00,validation
7407,2005-01-13 07:00:00,validation
7408,2005-01-13 08:00:00,validation
7409,2005-01-13 09:00:00,validation
7410,2005-01-13 10:00:00,validation
7411,2005-01-13 11:00:00,validation
7412,2005-01-13 12:00:00,validation
7413,2005-01-13 13:00:00,validation
7414,2005-01-13 14:00:00,validation
7415,2005-01-13 15:00:00,validation
7416,2005-01-13 16:00:00,validation
7417,2005-01-13 17:00:00,validation
7418,2005-01-13 18:00:00,validation
7419,2005-01-13 19:00:00,validation
7420,2005-01-13 20:00:00,validation
7421,2005-01-13 21:00:00,validation
7422,2005-01-13 22:00:00,validation
7423,2005-01-13 23:00:00,validation
7424,2005-01-14 00:00:00,validation
7425,2005-01-14 01:00:00,validation
7426,2005-01-14 02:00:00,validation
7427,2005-01-14 03:00:00,validation
7428,2005-01-14 04:00:00,validation
7429,2005-01-14 05:00:00,validation
7430,2005-01-14 06:00:00,validation
7431,2005-01-14 07:00:00,validation
7432,2005-01-14 08:00:00,validation
7433,2005-01-14 09:00:00,validation
7434,2005-01-14 10:00:00,validation
7435,2005-01-14 11:00:00,validation
7436,2005-01-14 12:00:00,validation
7437,2005-01-14 13:00:00,validation
7438,2005-01-14 14:00:00,validation
7439,2005-01-14 15:00:00,validation
7440,2005-01-14 16:00:00,validation
7441,2005-01-14 17:00:00,validation
7442,2005-01-14 18:00:00,validation
7443,2005-01-14 19:00:00,validation
7444,2005-01-14 20:00:00,validation
7445,2005-01-14 21:00:00,validation
7446,2005-01-14 22:00:00,validation
7447,2005-01-14 23:00:00,validation
7448,2005-01-15 00:00:00,validation
7449,2005-01-15 01:00:00,validation
7450,2005-01-15 02:00:00,validation
7451,2005-01-15 03:00:00,validation
7453,2005-01-15 05:00:00,validation
7454,2005-01-15 06:00:00,validation
7455,2005-01-15 07:00:00,validation
7456,2005-01-15 08:00:00,validation
7457,2005-01-15 09:00:00,validation
7458,2005-01-15 10:00:00,validation
7459,2005-01-15 11:00:00,validation
7460,2005-01-15 12:00:00,validation
7461,2005-01-15 13:00:00,validation
7462,2005-01-15 14:00:00,validation
7463,2005-01-15 15:00:00,validation
7464,2005-01-15 16:00:00,validation
7465,2005-01-15 17:00:00,validation
7466,2005-01-15 18:00:00,validation
7467,2005-01-15 19:00:00,validation
7468,2005-01-15 20:00:00,validation
7469,2005-01-15 21:00:00,validation
7470,2005-01-15 22:00:00,validation
7471,2005-01-15 23:00:00,validation
7472,2005-01-16 00:00:00,validation
7473,2005-01-16 01:00:00,validation
7474,2005-01-16 02:00:00,validation
7475,2005-01-16 03:00:00,validation
7476,2005-01-16 04:00:00,validation
7477,2005-01-16 05:00:00,validation
7478,2005-01-16 06:00:00,validation
7479,2005-01-16 07:00:00,validation
7480,2005-01-16 08:00:00,validation
7481,2005-01-16 09:00:00,validation
7482,2005-01-16 10:00:00,validation
7483,2005-01-16 11:00:00,validation
7484,2005-01-16 12:00:00,validation
7485,2005-01-16 13:00:00,validation
7486,2005-01-16 14:00:00,validation
7487,2005-01-16 15:00:00,validation
7488,2005-01-16 16:00:00,validation
7489,2005-01-16 17:00:00,validation
7490,2005-01-16 18:00:00,validation
7491,2005-01-16 19:00:00,validation
7492,2005-01-16 20:00:00,validation
7493,2005-01-16 21:00:00,validation
7494,2005-01-16 22:00:00,validation
7495,2005-01-16 23:00:00,validation
7496,2005-01-17 00:00:00,validation
7497,2005-01-17 01:00:00,validation
7498,2005-01-17 02:00:00,validation
7499,2005-01-17 03:00:00,validation
7500,2005-01-17 04:00:00,validation
7501,2005-01-17 05:00:00,validation
7502,2005-01-17 06:00:00,validation
7503,2005-01-17 07:00:00,validation
7504,2005-01-17 08:00:00,validation
7505,2005-01-17 09:00:00,validation
7506,2005-01-17 10:00:00,validation
7507,2005-01-17 11:00:00,validation
7508,2005-01-17 12:00:00,validation
7509,2005-01-17 13:00:00,validation
7510,2005-01-17 14:00:00,validation
7511,2005-01-17 15:00:00,validation
7512,2005-01-17 16:00:00,validation
7513,2005-01-17 17:00:00,validation
7514,2005-01-17 18:00:00,validation
7515,2005-01-17 19:00:00,validation
7516,2005-01-17 20:00:00,validation
7517,2005-01-17 21:00:00,validation
7518,2005-01-17 22:00:00,validation
7519,2005-01-17 23:00:00,validation
7520,2005-01-18 00:00:00,validation
7521,2005-01-18 01:00:00,validation
7522,2005-01-18 02:00:00,validation
7523,2005-01-18 03:00:00,validation
7525,2005-01-18 05:00:00,validation
7526,2005-01-18 06:00:00,validation
7527,2005-01-18 07:00:00,validation
7528,2005-01-18 08:00:00,validation
7529,2005-01-18 09:00:00,validation
7530,2005-01-18 10:00:00,validation
7531,2005-01-18 11:00:00,validation
7532,2005-01-18 12:00:00,validation
7533,2005-01-18 13:00:00,validation
7534,2005-01-18 14:00:00,validation
7535,2005-01-18 15:00:00,validation
7536,2005-01-18 16:00:00,validation
7537,2005-01-18 17:00:00,validation
7538,2005-01-18 18:00:00,validation
7539,2005-01-18 19:00:00,validation
7540,2005-01-18 20:00:00,validation
7541,2005-01-18 21:00:00,validation
7542,2005-01-18 22:00:00,validation
7543,2005-01-18 23:00:00,validation
7544,2005-01-19 00:00:00,validation
7545,2005-01-19 01:00:00,validation
7546,2005-01-19 02:00:00,validation
7551,2005-01-19 07:00:00,validation
7552,2005-01-19 08:00:00,validation
7553,2005-01-19 09:00:00,validation
7554,2005-01-19 10:00:00,validation
7557,2005-01-19 13:00:00,validation
7558,2005-01-19 14:00:00,validation
7559,2005-01-19 15:00:00,validation
7560,2005-01-19 16:00:00,validation
7561,2005-01-19 17:00:00,validation
7562,2005-01-19 18:00:00,validation
7563,2005-01-19 19:00:00,validation
7564,2005-01-19 20:00:00,validation
7565,2005-01-19 21:00:00,validation
7566,2005-01-19 22:00:00,validation
7567,2005-01-19 23:00:00,validation
7568,2005-01-20 00:00:00,validation
7569,2005-01-20 01:00:00,validation
7570,2005-01-20 02:00:00,validation
7571,2005-01-20 03:00:00,validation
7572,2005-01-20 04:00:00,validation
7573,2005-01-20 05:00:00,validation
7574,2005-01-20 06:00:00,validation
7575,2005-01-20 07:00:00,validation
7576,2005-01-20 08:00:00,validation
7577,2005-01-20 09:00:00,validation
7578,2005-01-20 10:00:00,validation
7579,2005-01-20 11:00:00,validation
7580,2005-01-20 12:00:00,validation
7581,2005-01-20 13:00:00,validation
7582,2005-01-20 14:00:00,validation
7583,2005-01-20 15:00:00,validation
7584,2005-01-20 16:00:00,validation
7585,2005-01-20 17:00:00,validation
7586,2005-01-20 18:00:00,validation
7587,2005-01-20 19:00:00,validation
7588,2005-01-20 20:00:00,validation
7589,2005-01-20 21:00:00,validation
7590,2005-01-20 22:00:00,validation
7591,2005-01-20 23:00:00,validation
7592,2005-01-21 00:00:00,validation
7593,2005-01-21 01:00:00,validation
7594,2005-01-21 02:00:00,validation
7595,2005-01-21 03:00:00,validation
7597,2005-01-21 05:00:00,validation
7598,2005-01-21 06:00:00,validation
7599,2005-01-21 07:00:00,validation
7600,2005-01-21 08:00:00,validation
7601,2005-01-21 09:00:00,validation
7602,2005-01-21 10:00:00,validation
7603,2005-01-21 11:00:00,validation
7604,2005-01-21 12:00:00,validation
7605,2005-01-21 13:00:00,validation
7606,2005-01-21 14:00:00,validation
7607,2005-01-21 15:00:00,validation
7608,2005-01-21 16:00:00,validation
7609,2005-01-21 17:00:00,validation
7610,2005-01-21 18:00:00,validation
7611,2005-01-21 19:00:00,validation
7612,2005-01-21 20:00:00,validation
7613,2005-01-21 21:00:00,validation
7614,2005-01-21 22:00:00,validation
7615,2005-01-21 23:00:00,validation
7616,2005-01-22 00:00:00,validation
7617,2005-01-22 01:00:00,validation
7618,2005-01-22 02:00:00,validation
7619,2005-01-22 03:00:00,validation
7620,2005-01-22 04:00:00,validation
7621,2005-01-22 05:00:00,validation
7622,2005-01-22 06:00:00,validation
7623,2005-01-22 07:00:00,validation
7624,2005-01-22 08:00:00,validation
7625,2005-01-22 09:00:00,validation
7626,2005-01-22 10:00:00,validation
7627,2005-01-22 11:00:00,validation
7628,2005-01-22 12:00:00,validation
7629,2005-01-22 13:00:00,validation
7630,2005-01-22 14:00:00,validation
7631,2005-01-22 15:00:00,validation
7634,2005-01-22 18:00:00,validation
7635,2005-01-22 19:00:00,validation
7636,2005-01-22 20:00:00,validation
7637,2005-01-22 21:00:00,validation
7638,2005-01-22 22:00:00,validation
7639,2005-01-22 23:00:00,validation
7640,2005-01-23 00:00:00,validation
7666,2005-01-24 02:00:00,validation
7669,2005-01-24 05:00:00,validation
7670,2005-01-24 06:00:00,validation
7671,2005-01-24 07:00:00,validation
7672,2005-01-24 08:00:00,validation
7673,2005-01-24 09:00:00,validation
7674,2005-01-24 10:00:00,validation
7675,2005-01-24 11:00:00,validation
7676,2005-01-24 12:00:00,validation
7677,2005-01-24 13:00:00,validation
7678,2005-01-24 14:00:00,validation
7679,2005-01-24 15:00:00,validation
7680,2005-01-24 16:00:00,validation
7681,2005-01-24 17:00:00,validation
7682,2005-01-24 18:00:00,validation
7683,2005-01-24 19:00:00,validation
7684,2005-01-24 20:00:00,validation
7685,2005-01-24 21:00:00,validation
7696,2005-01-25 08:00:00,validation
7697,2005-01-25 09:00:00,validation
7698,2005-01-25 10:00:00,validation
7699,2005-01-25 11:00:00,validation
7700,2005-01-25 12:00:00,validation
7701,2005-01-25 13:00:00,validation
7702,2005-01-25 14:00:00,validation
7703,2005-01-25 15:00:00,validation
7704,2005-01-25 16:00:00,validation
7705,2005-01-25 17:00:00,validation
7706,2005-01-25 18:00:00,validation
7707,2005-01-25 19:00:00,validation
7708,2005-01-25 20:00:00,validation
7709,2005-01-25 21:00:00,validation
7710,2005-01-25 22:00:00,validation
7720,2005-01-26 08:00:00,validation
7721,2005-01-26 09:00:00,validation
7722,2005-01-26 10:00:00,validation
7723,2005-01-26 11:00:00,validation
7724,2005-01-26 12:00:00,validation
7725,2005-01-26 13:00:00,validation
7726,2005-01-26 14:00:00,validation
7727,2005-01-26 15:00:00,validation
7728,2005-01-26 16:00:00,validation
7729,2005-01-26 17:00:00,validation
7730,2005-01-26 18:00:00,validation
7731,2005-01-26 19:00:00,validation
7732,2005-01-26 20:00:00,validation
7733,2005-01-26 21:00:00,validation
7734,2005-01-26 22:00:00,validation
7735,2005-01-26 23:00:00,validation
7736,2005-01-27 00:00:00,validation
7737,2005-01-27 01:00:00,validation
7738,2005-01-27 02:00:00,validation
7741,2005-01-27 05:00:00,validation
7742,2005-01-27 06:00:00,validation
7743,2005-01-27 07:00:00,validation
7744,2005-01-27 08:00:00,validation
7745,2005-01-27 09:00:00,validation
7746,2005-01-27 10:00:00,validation
7747,2005-01-27 11:00:00,validation
7748,2005-01-27 12:00:00,validation
7749,2005-01-27 13:00:00,validation
7750,2005-01-27 14:00:00,validation
7751,2005-01-27 15:00:00,validation
7752,2005-01-27 16:00:00,validation
7753,2005-01-27 17:00:00,validation
7754,2005-01-27 18:00:00,validation
7755,2005-01-27 19:00:00,validation
7756,2005-01-27 20:00:00,validation
7757,2005-01-27 21:00:00,validation
7758,2005-01-27 22:00:00,validation
7759,2005-01-27 23:00:00,validation
7760,2005-01-28 00:00:00,validation
7761,2005-01-28 01:00:00,validation
7762,2005-01-28 02:00:00,validation
7763,2005-01-28 03:00:00,validation
7764,2005-01-28 04:00:00,validation
7765,2005-01-28 05:00:00,validation
7766,2005-01-28 06:00:00,validation
7767,2005-01-28 07:00:00,validation
7768,2005-01-28 08:00:00,validation
7769,2005-01-28 09:00:00,validation
7770,2005-01-28 10:00:00,validation
7771,2005-01-28 11:00:00,validation
7772,2005-01-28 12:00:00,validation
7773,2005-01-28 13:00:00,validation
7774,2005-01-28 14:00:00,validation
7775,2005-01-28 15:00:00,validation
7776,2005-01-28 16:00:00,validation
7786,2005-01-29 02:00:00,validation
7787,2005-01-29 03:00:00,validation
7788,2005-01-29 04:00:00,validation
7789,2005-01-29 05:00:00,validation
7790,2005-01-29 06:00:00,validation
7791,2005-01-29 07:00:00,validation
7792,2005-01-29 08:00:00,validation
7793,2005-01-29 09:00:00,validation
7794,2005-01-29 10:00:00,validation
7795,2005-01-29 11:00:00,validation
7796,2005-01-29 12:00:00,validation
7797,2005-01-29 13:00:00,validation
7798,2005-01-29 14:00:00,validation
7799,2005-01-29 15:00:00,validation
7800,2005-01-29 16:00:00,validation
7801,2005-01-29 17:00:00,validation
7802,2005-01-29 18:00:00,validation
7803,2005-01-29 19:00:00,validation
7804,2005-01-29 20:00:00,validation
7805,2005-01-29 21:00:00,validation
7806,2005-01-29 22:00:00,validation
7807,2005-01-29 23:00:00,validation
7808,2005-01-30 00:00:00,validation
7809,2005-01-30 01:00:00,validation
7810,2005-01-30 02:00:00,validation
7811,2005-01-30 03:00:00,validation
7813,2005-01-30 05:00:00,validation
7814,2005-01-30 06:00:00,validation
7815,2005-01-30 07:00:00,validation
7816,2005-01-30 08:00:00,validation
7817,2005-01-30 09:00:00,validation
7818,2005-01-30 10:00:00,validation
7819,2005-01-30 11:00:00,validation
7820,2005-01-30 12:00:00,validation
7821,2005-01-30 13:00:00,validation
7822,2005-01-30 14:00:00,validation
7823,2005-01-30 15:00:00,validation
7824,2005-01-30 16:00:00,validation
7825,2005-01-30 17:00:00,validation
7826,2005-01-30 18:00:00,validation
7827,2005-01-30 19:00:00,validation
7828,2005-01-30 20:00:00,validation
7829,2005-01-30 21:00:00,validation
7830,2005-01-30 22:00:00,validation
7831,2005-01-30 23:00:00,validation
7832,2005-01-31 00:00:00,validation
7833,2005-01-31 01:00:00,validation
7834,2005-01-31 02:00:00,validation
7835,2005-01-31 03:00:00,validation
7836,2005-01-31 04:00:00,validation
7837,2005-01-31 05:00:00,validation
7838,2005-01-31 06:00:00,validation
7839,2005-01-31 07:00:00,validation
7840,2005-01-31 08:00:00,validation
7842,2005-01-31 10:00:00,validation
7843,2005-01-31 11:00:00,validation
7844,2005-01-31 12:00:00,validation
7845,2005-01-31 13:00:00,validation
7846,2005-01-31 14:00:00,validation
7847,2005-01-31 15:00:00,validation
7848,2005-01-31 16:00:00,validation
7849,2005-01-31 17:00:00,validation
7850,2005-01-31 18:00:00,validation
7851,2005-01-31 19:00:00,validation
7852,2005-01-31 20:00:00,validation
7853,2005-01-31 21:00:00,validation
7854,2005-01-31 22:00:00,validation
7855,2005-01-31 23:00:00,validation
7856,2005-02-01 00:00:00,validation
7857,2005-02-01 01:00:00,validation
7858,2005-02-01 02:00:00,validation
7859,2005-02-01 03:00:00,validation
7860,2005-02-01 04:00:00,validation
7861,2005-02-01 05:00:00,validation
7862,2005-02-01 06:00:00,validation
7863,2005-02-01 07:00:00,validation
7864,2005-02-01 08:00:00,validation
7865,2005-02-01 09:00:00,validation
7866,2005-02-01 10:00:00,validation
7867,2005-02-01 11:00:00,validation
7868,2005-02-01 12:00:00,validation
7869,2005-02-01 13:00:00,validation
7870,2005-02-01 14:00:00,validation
7871,2005-02-01 15:00:00,validation
7872,2005-02-01 16:00:00,validation
7873,2005-02-01 17:00:00,validation
7874,2005-02-01 18:00:00,validation
7875,2005-02-01 19:00:00,validation
7876,2005-02-01 20:00:00,validation
7877,2005-02-01 21:00:00,validation
7878,2005-02-01 22:00:00,validation
7879,2005-02-01 23:00:00,validation
7880,2005-02-02 00:00:00,validation
7881,2005-02-02 01:00:00,validation
7882,2005-02-02 02:00:00,validation
7883,2005-02-02 03:00:00,validation
7884,2005-02-02 04:00:00,validation
7885,2005-02-02 05:00:00,validation
7886,2005-02-02 06:00:00,validation
7887,2005-02-02 07:00:00,validation
7888,2005-02-02 08:00:00,validation
7889,2005-02-02 09:00:00,validation
7890,2005-02-02 10:00:00,validation
7891,2005-02-02 11:00:00,validation
7892,2005-02-02 12:00:00,validation
7893,2005-02-02 13:00:00,validation
7894,2005-02-02 14:00:00,validation
7895,2005-02-02 15:00:00,validation
7896,2005-02-02 16:00:00,validation
7897,2005-02-02 17:00:00,validation
7898,2005-02-02 18:00:00,validation
7899,2005-02-02 19:00:00,validation
7900,2005-02-02 20:00:00,validation
7901,2005-02-02 21:00:00,validation
7902,2005-02-02 22:00:00,validation
7903,2005-02-02 23:00:00,validation
7904,2005-02-03 00:00:00,validation
7905,2005-02-03 01:00:00,validation
7906,2005-02-03 02:00:00,validation
7907,2005-02-03 03:00:00,validation
7909,2005-02-03 05:00:00,validation
7910,2005-02-03 06:00:00,validation
7911,2005-02-03 07:00:00,validation
7912,2005-02-03 08:00:00,validation
7913,2005-02-03 09:00:00,validation
7914,2005-02-03 10:00:00,validation
7915,2005-02-03 11:00:00,validation
7916,2005-02-03 12:00:00,validation
7917,2005-02-03 13:00:00,validation
7918,2005-02-03 14:00:00,validation
7919,2005-02-03 15:00:00,validation
7920,2005-02-03 16:00:00,validation
7921,2005-02-03 17:00:00,validation
7922,2005-02-03 18:00:00,validation
7923,2005-02-03 19:00:00,validation
7924,2005-02-03 20:00:00,validation
7925,2005-02-03 21:00:00,validation
7926,2005-02-03 22:00:00,validation
7927,2005-02-03 23:00:00,validation
7928,2005-02-04 00:00:00,validation
7929,2005-02-04 01:00:00,validation
7930,2005-02-04 02:00:00,validation
7931,2005-02-04 03:00:00,validation
7932,2005-02-04 04:00:00,validation
7933,2005-02-04 05:00:00,validation
7934,2005-02-04 06:00:00,validation
7935,2005-02-04 07:00:00,validation
7936,2005-02-04 08:00:00,validation
7937,2005-02-04 09:00:00,validation
7938,2005-02-04 10:00:00,validation
7939,2005-02-04 11:00:00,validation
7940,2005-02-04 12:00:00,validation
7941,2005-02-04 13:00:00,validation
7942,2005-02-04 14:00:00,validation
7943,2005-02-04 15:00:00,validation
7944,2005-02-04 16:00:00,validation
7945,2005-02-04 17:00:00,validation
7946,2005-02-04 18:00:00,validation
7947,2005-02-04 19:00:00,validation
7948,2005-02-04 20:00:00,validation
7949,2005-02-04 21:00:00,validation
7950,2005-02-04 22:00:00,validation
7951,2005-02-04 23:00:00,validation
7952,2005-02-05 00:00:00,validation
7953,2005-02-05 01:00:00,validation
7954,2005-02-05 02:00:00,validation
7955,2005-02-05 03:00:00,validation
7956,2005-02-05 04:00:00,validation
7957,2005-02-05 05:00:00,validation
7958,2005-02-05 06:00:00,validation
7959,2005-02-05 07:00:00,validation
7960,2005-02-05 08:00:00,validation
7961,2005-02-05 09:00:00,validation
7962,2005-02-05 10:00:00,validation
7963,2005-02-05 11:00:00,validation
7964,2005-02-05 12:00:00,validation
7965,2005-02-05 13:00:00,validation
7966,2005-02-05 14:00:00,validation
7967,2005-02-05 15:00:00,validation
7968,2005-02-05 16:00:00,validation
7969,2005-02-05 17:00:00,validation
7970,2005-02-05 18:00:00,validation
7971,2005-02-05 19:00:00,validation
7972,2005-02-05 20:00:00,validation
7973,2005-02-05 21:00:00,validation
7974,2005-02-05 22:00:00,validation
7975,2005-02-05 23:00:00,validation
7976,2005-02-06 00:00:00,validation
7977,2005-02-06 01:00:00,validation
7978,2005-02-06 02:00:00,validation
7979,2005-02-06 03:00:00,validation
7981,2005-02-06 05:00:00,validation
7982,2005-02-06 06:00:00,validation
7983,2005-02-06 07:00:00,validation
7984,2005-02-06 08:00:00,validation
7985,2005-02-06 09:00:00,validation
7986,2005-02-06 10:00:00,validation
7987,2005-02-06 11:00:00,validation
7988,2005-02-06 12:00:00,validation
7989,2005-02-06 13:00:00,validation
7990,2005-02-06 14:00:00,validation
7991,2005-02-06 15:00:00,validation
7992,2005-02-06 16:00:00,validation
7993,2005-02-06 17:00:00,validation
7994,2005-02-06 18:00:00,validation
7995,2005-02-06 19:00:00,validation
7996,2005-02-06 20:00:00,validation
7997,2005-02-06 21:00:00,validation
7998,2005-02-06 22:00:00,validation
7999,2005-02-06 23:00:00,validation
8000,2005-02-07 00:00:00,validation
8001,2005-02-07 01:00:00,validation
8002,2005-02-07 02:00:00,validation
8003,2005-02-07 03:00:00,validation
8004,2005-02-07 04:00:00,validation
8005,2005-02-07 05:00:00,validation
8006,2005-02-07 06:00:00,validation
8007,2005-02-07 07:00:00,validation
8008,2005-02-07 08:00:00,validation
8009,2005-02-07 09:00:00,validation
8010,2005-02-07 10:00:00,validation
8011,2005-02-07 11:00:00,validation
8012,2005-02-07 12:00:00,validation
8013,2005-02-07 13:00:00,validation
8014,2005-02-07 14:00:00,validation
8015,2005-02-07 15:00:00,validation
8016,2005-02-07 16:00:00,validation
8017,2005-02-07 17:00:00,validation
8018,2005-02-07 18:00:00,validation
8019,2005-02-07 19:00:00,validation
8020,2005-02-07 20:00:00,validation
8021,2005-02-07 21:00:00,validation
8022,2005-02-07 22:00:00,validation
8023,2005-02-07 23:00:00,validation
8024,2005-02-08 00:00:00,validation
8025,2005-02-08 01:00:00,validation
8026,2005-02-08 02:00:00,validation
8027,2005-02-08 03:00:00,validation
8028,2005-02-08 04:00:00,validation
8029,2005-02-08 05:00:00,validation
8030,2005-02-08 06:00:00,validation
8031,2005-02-08 07:00:00,validation
8032,2005-02-08 08:00:00,validation
8033,2005-02-08 09:00:00,validation
8034,2005-02-08 10:00:00,validation
8035,2005-02-08 11:00:00,validation
8036,2005-02-08 12:00:00,validation
8037,2005-02-08 13:00:00,validation
8038,2005-02-08 14:00:00,validation
8039,2005-02-08 15:00:00,validation
8040,2005-02-08 16:00:00,validation
8117,2005-02-11 21:00:00,validation
8118,2005-02-11 22:00:00,validation
8119,2005-02-11 23:00:00,validation
8120,2005-02-12 00:00:00,validation
8121,2005-02-12 01:00:00,validation
8122,2005-02-12 02:00:00,validation
8123,2005-02-12 03:00:00,validation
8125,2005-02-12 05:00:00,validation
8126,2005-02-12 06:00:00,validation
8127,2005-02-12 07:00:00,validation
8128,2005-02-12 08:00:00,validation
8129,2005-02-12 09:00:00,validation
8130,2005-02-12 10:00:00,validation
8131,2005-02-12 11:00:00,validation
8132,2005-02-12 12:00:00,validation
8133,2005-02-12 13:00:00,validation
8134,2005-02-12 14:00:00,validation
8135,2005-02-12 15:00:00,validation
8136,2005-02-12 16:00:00,validation
8137,2005-02-12 17:00:00,validation
8138,2005-02-12 18:00:00,validation
8139,2005-02-12 19:00:00,validation
8140,2005-02-12 20:00:00,validation
8141,2005-02-12 21:00:00,validation
8142,2005-02-12 22:00:00,validation
8143,2005-02-12 23:00:00,validation
8144,2005-02-13 00:00:00,validation
8145,2005-02-13 01:00:00,validation
8146,2005-02-13 02:00:00,validation
8147,2005-02-13 03:00:00,validation
8148,2005-02-13 04:00:00,validation
8149,2005-02-13 05:00:00,validation
8150,2005-02-13 06:00:00,validation
8151,2005-02-13 07:00:00,validation
8152,2005-02-13 08:00:00,validation
8153,2005-02-13 09:00:00,validation
8154,2005-02-13 10:00:00,validation
8155,2005-02-13 11:00:00,validation
8156,2005-02-13 12:00:00,validation
8157,2005-02-13 13:00:00,validation
8158,2005-02-13 14:00:00,validation
8159,2005-02-13 15:00:00,validation
8160,2005-02-13 16:00:00,validation
8161,2005-02-13 17:00:00,validation
8162,2005-02-13 18:00:00,validation
8163,2005-02-13 19:00:00,validation
8164,2005-02-13 20:00:00,validation
8165,2005-02-13 21:00:00,validation
8166,2005-02-13 22:00:00,validation
8167,2005-02-13 23:00:00,validation
8168,2005-02-14 00:00:00,validation
8169,2005-02-14 01:00:00,validation
8170,2005-02-14 02:00:00,validation
8171,2005-02-14 03:00:00,validation
8172,2005-02-14 04:00:00,validation
8173,2005-02-14 05:00:00,validation
8174,2005-02-14 06:00:00,validation
8175,2005-02-14 07:00:00,validation
8176,2005-02-14 08:00:00,validation
8177,2005-02-14 09:00:00,validation
8178,2005-02-14 10:00:00,validation
8179,2005-02-14 11:00:00,validation
8180,2005-02-14 12:00:00,validation
8181,2005-02-14 13:00:00,validation
8182,2005-02-14 14:00:00,validation
8183,2005-02-14 15:00:00,validation
8184,2005-02-14 16:00:00,validation
8185,2005-02-14 17:00:00,validation
8186,2005-02-14 18:00:00,validation
8187,2005-02-14 19:00:00,validation
8188,2005-02-14 20:00:00,validation
8189,2005-02-14 21:00:00,validation
8190,2005-02-14 22:00:00,validation
8191,2005-02-14 23:00:00,validation
8192,2005-02-15 00:00:00,validation
8193,2005-02-15 01:00:00,validation
8194,2005-02-15 02:00:00,validation
8195,2005-02-15 03:00:00,validation
8197,2005-02-15 05:00:00,validation
8198,2005-02-15 06:00:00,validation
8199,2005-02-15 07:00:00,validation
8200,2005-02-15 08:00:00,validation
8201,2005-02-15 09:00:00,validation
8202,2005-02-15 10:00:00,validation
8203,2005-02-15 11:00:00,validation
8204,2005-02-15 12:00:00,validation
8205,2005-02-15 13:00:00,validation
8206,2005-02-15 14:00:00,validation
8207,2005-02-15 15:00:00,validation
8208,2005-02-15 16:00:00,validation
8209,2005-02-15 17:00:00,validation
8210,2005-02-15 18:00:00,validation
8211,2005-02-15 19:00:00,validation
8212,2005-02-15 20:00:00,validation
8213,2005-02-15 21:00:00,validation
8214,2005-02-15 22:00:00,validation
8215,2005-02-15 23:00:00,validation
8216,2005-02-16 00:00:00,validation
8217,2005-02-16 01:00:00,validation
8218,2005-02-16 02:00:00,validation
8219,2005-02-16 03:00:00,validation
8220,2005-02-16 04:00:00,validation
8221,2005-02-16 05:00:00,validation
8222,2005-02-16 06:00:00,validation
8223,2005-02-16 07:00:00,validation
8224,2005-02-16 08:00:00,validation
8225,2005-02-16 09:00:00,validation
8226,2005-02-16 10:00:00,validation
8227,2005-02-16 11:00:00,validation
8228,2005-02-16 12:00:00,validation
8229,2005-02-16 13:00:00,validation
8230,2005-02-16 14:00:00,test
8231,2005-02-16 15:00:00,test
8232,2005-02-16 16:00:00,test
8233,2005-02-16 17:00:00,test
8234,2005-02-16 18:00:00,test
8235,2005-02-16 19:00:00,test
8236,2005-02-16 20:00:00,test
8237,2005-02-16 21:00:00,test
8238,2005-02-16 22:00:00,test
8239,2005-02-16 23:00:00,test
8240,2005-02-17 00:00:00,test
8241,2005-02-17 01:00:00,test
8242,2005-02-17 02:00:00,test
8243,2005-02-17 03:00:00,test
8244,2005-02-17 04:00:00,test
8245,2005-02-17 05:00:00,test
8246,2005-02-17 06:00:00,test
8247,2005-02-17 07:00:00,test
8248,2005-02-17 08:00:00,test
8249,2005-02-17 09:00:00,test
8250,2005-02-17 10:00:00,test
8251,2005-02-17 11:00:00,test
8252,2005-02-17 12:00:00,test
8253,2005-02-17 13:00:00,test
8254,2005-02-17 14:00:00,test
8255,2005-02-17 15:00:00,test
8256,2005-02-17 16:00:00,test
8257,2005-02-17 17:00:00,test
8258,2005-02-17 18:00:00,test
8259,2005-02-17 19:00:00,test
8260,2005-02-17 20:00:00,test
8261,2005-02-17 21:00:00,test
8262,2005-02-17 22:00:00,test
8263,2005-02-17 23:00:00,test
8264,2005-02-18 00:00:00,test
8265,2005-02-18 01:00:00,test
8266,2005-02-18 02:00:00,test
8267,2005-02-18 03:00:00,test
8269,2005-02-18 05:00:00,test
8270,2005-02-18 06:00:00,test
8271,2005-02-18 07:00:00,test
8272,2005-02-18 08:00:00,test
8273,2005-02-18 09:00:00,test
8274,2005-02-18 10:00:00,test
8275,2005-02-18 11:00:00,test
8276,2005-02-18 12:00:00,test
8277,2005-02-18 13:00:00,test
8278,2005-02-18 14:00:00,test
8279,2005-02-18 15:00:00,test
8280,2005-02-18 16:00:00,test
8281,2005-02-18 17:00:00,test
8282,2005-02-18 18:00:00,test
8283,2005-02-18 19:00:00,test
8284,2005-02-18 20:00:00,test
8285,2005-02-18 21:00:00,test
8286,2005-02-18 22:00:00,test
8287,2005-02-18 23:00:00,test
8288,2005-02-19 00:00:00,test
8289,2005-02-19 01:00:00,test
8290,2005-02-19 02:00:00,test
8291,2005-02-19 03:00:00,test
8292,2005-02-19 04:00:00,test
8293,2005-02-19 05:00:00,test
8294,2005-02-19 06:00:00,test
8295,2005-02-19 07:00:00,test
8296,2005-02-19 08:00:00,test
8297,2005-02-19 09:00:00,test
8298,2005-02-19 10:00:00,test
8299,2005-02-19 11:00:00,test
8300,2005-02-19 12:00:00,test
8301,2005-02-19 13:00:00,test
8302,2005-02-19 14:00:00,test
8303,2005-02-19 15:00:00,test
8304,2005-02-19 16:00:00,test
8305,2005-02-19 17:00:00,test
8306,2005-02-19 18:00:00,test
8307,2005-02-19 19:00:00,test
8308,2005-02-19 20:00:00,test
8309,2005-02-19 21:00:00,test
8310,2005-02-19 22:00:00,test
8311,2005-02-19 23:00:00,test
8312,2005-02-20 00:00:00,test
8313,2005-02-20 01:00:00,test
8314,2005-02-20 02:00:00,test
8315,2005-02-20 03:00:00,test
8316,2005-02-20 04:00:00,test
8317,2005-02-20 05:00:00,test
8318,2005-02-20 06:00:00,test
8319,2005-02-20 07:00:00,test
8320,2005-02-20 08:00:00,test
8321,2005-02-20 09:00:00,test
8322,2005-02-20 10:00:00,test
8323,2005-02-20 11:00:00,test
8324,2005-02-20 12:00:00,test
8325,2005-02-20 13:00:00,test
8326,2005-02-20 14:00:00,test
8327,2005-02-20 15:00:00,test
8328,2005-02-20 16:00:00,test
8329,2005-02-20 17:00:00,test
8330,2005-02-20 18:00:00,test
8331,2005-02-20 19:00:00,test
8332,2005-02-20 20:00:00,test
8333,2005-02-20 21:00:00,test
8334,2005-02-20 22:00:00,test
8335,2005-02-20 23:00:00,test
8336,2005-02-21 00:00:00,test
8337,2005-02-21 01:00:00,test
8338,2005-02-21 02:00:00,test
8339,2005-02-21 03:00:00,test
8341,2005-02-21 05:00:00,test
8342,2005-02-21 06:00:00,test
8343,2005-02-21 07:00:00,test
8344,2005-02-21 08:00:00,test
8345,2005-02-21 09:00:00,test
8346,2005-02-21 10:00:00,test
8347,2005-02-21 11:00:00,test
8348,2005-02-21 12:00:00,test
8349,2005-02-21 13:00:00,test
8350,2005-02-21 14:00:00,test
8351,2005-02-21 15:00:00,test
8352,2005-02-21 16:00:00,test
8353,2005-02-21 17:00:00,test
8354,2005-02-21 18:00:00,test
8355,2005-02-21 19:00:00,test
8356,2005-02-21 20:00:00,test
8357,2005-02-21 21:00:00,test
8358,2005-02-21 22:00:00,test
8359,2005-02-21 23:00:00,test
8360,2005-02-22 00:00:00,test
8361,2005-02-22 01:00:00,test
8362,2005-02-22 02:00:00,test
8363,2005-02-22 03:00:00,test
8364,2005-02-22 04:00:00,test
8365,2005-02-22 05:00:00,test
8366,2005-02-22 06:00:00,test
8367,2005-02-22 07:00:00,test
8368,2005-02-22 08:00:00,test
8369,2005-02-22 09:00:00,test
8370,2005-02-22 10:00:00,test
8371,2005-02-22 11:00:00,test
8372,2005-02-22 12:00:00,test
8373,2005-02-22 13:00:00,test
8374,2005-02-22 14:00:00,test
8375,2005-02-22 15:00:00,test
8376,2005-02-22 16:00:00,test
8377,2005-02-22 17:00:00,test
8378,2005-02-22 18:00:00,test
8379,2005-02-22 19:00:00,test
8380,2005-02-22 20:00:00,test
8381,2005-02-22 21:00:00,test
8382,2005-02-22 22:00:00,test
8383,2005-02-22 23:00:00,test
8384,2005-02-23 00:00:00,test
8385,2005-02-23 01:00:00,test
8386,2005-02-23 02:00:00,test
8387,2005-02-23 03:00:00,test
8388,2005-02-23 04:00:00,test
8389,2005-02-23 05:00:00,test
8390,2005-02-23 06:00:00,test
8391,2005-02-23 07:00:00,test
8392,2005-02-23 08:00:00,test
8393,2005-02-23 09:00:00,test
8394,2005-02-23 10:00:00,test
8395,2005-02-23 11:00:00,test
8396,2005-02-23 12:00:00,test
8397,2005-02-23 13:00:00,test
8398,2005-02-23 14:00:00,test
8399,2005-02-23 15:00:00,test
8400,2005-02-23 16:00:00,test
8401,2005-02-23 17:00:00,test
8402,2005-02-23 18:00:00,test
8403,2005-02-23 19:00:00,test
8404,2005-02-23 20:00:00,test
8405,2005-02-23 21:00:00,test
8406,2005-02-23 22:00:00,test
8407,2005-02-23 23:00:00,test
8408,2005-02-24 00:00:00,test
8409,2005-02-24 01:00:00,test
8410,2005-02-24 02:00:00,test
8411,2005-02-24 03:00:00,test
8413,2005-02-24 05:00:00,test
8414,2005-02-24 06:00:00,test
8415,2005-02-24 07:00:00,test
8416,2005-02-24 08:00:00,test
8417,2005-02-24 09:00:00,test
8418,2005-02-24 10:00:00,test
8419,2005-02-24 11:00:00,test
8420,2005-02-24 12:00:00,test
8421,2005-02-24 13:00:00,test
8422,2005-02-24 14:00:00,test
8423,2005-02-24 15:00:00,test
8424,2005-02-24 16:00:00,test
8425,2005-02-24 17:00:00,test
8426,2005-02-24 18:00:00,test
8427,2005-02-24 19:00:00,test
8428,2005-02-24 20:00:00,test
8429,2005-02-24 21:00:00,test
8430,2005-02-24 22:00:00,test
8431,2005-02-24 23:00:00,test
8432,2005-02-25 00:00:00,test
8433,2005-02-25 01:00:00,test
8434,2005-02-25 02:00:00,test
8435,2005-02-25 03:00:00,test
8436,2005-02-25 04:00:00,test
8437,2005-02-25 05:00:00,test
8438,2005-02-25 06:00:00,test
8439,2005-02-25 07:00:00,test
8440,2005-02-25 08:00:00,test
8441,2005-02-25 09:00:00,test
8442,2005-02-25 10:00:00,test
8443,2005-02-25 11:00:00,test
8444,2005-02-25 12:00:00,test
8445,2005-02-25 13:00:00,test
8446,2005-02-25 14:00:00,test
8447,2005-02-25 15:00:00,test
8448,2005-02-25 16:00:00,test
8449,2005-02-25 17:00:00,test
8450,2005-02-25 18:00:00,test
8451,2005-02-25 19:00:00,test
8452,2005-02-25 20:00:00,test
8453,2005-02-25 21:00:00,test
8454,2005-02-25 22:00:00,test
8455,2005-02-25 23:00:00,test
8456,2005-02-26 00:00:00,test
8457,2005-02-26 01:00:00,test
8458,2005-02-26 02:00:00,test
8459,2005-02-26 03:00:00,test
8460,2005-02-26 04:00:00,test
8461,2005-02-26 05:00:00,test
8462,2005-02-26 06:00:00,test
8463,2005-02-26 07:00:00,test
8464,2005-02-26 08:00:00,test
8465,2005-02-26 09:00:00,test
8466,2005-02-26 10:00:00,test
8467,2005-02-26 11:00:00,test
8468,2005-02-26 12:00:00,test
8469,2005-02-26 13:00:00,test
8470,2005-02-26 14:00:00,test
8471,2005-02-26 15:00:00,test
8472,2005-02-26 16:00:00,test
8473,2005-02-26 17:00:00,test
8474,2005-02-26 18:00:00,test
8475,2005-02-26 19:00:00,test
8476,2005-02-26 20:00:00,test
8477,2005-02-26 21:00:00,test
8478,2005-02-26 22:00:00,test
8479,2005-02-26 23:00:00,test
8480,2005-02-27 00:00:00,test
8481,2005-02-27 01:00:00,test
8482,2005-02-27 02:00:00,test
8483,2005-02-27 03:00:00,test
8485,2005-02-27 05:00:00,test
8486,2005-02-27 06:00:00,test
8487,2005-02-27 07:00:00,test
8488,2005-02-27 08:00:00,test
8489,2005-02-27 09:00:00,test
8490,2005-02-27 10:00:00,test
8491,2005-02-27 11:00:00,test
8492,2005-02-27 12:00:00,test
8493,2005-02-27 13:00:00,test
8494,2005-02-27 14:00:00,test
8495,2005-02-27 15:00:00,test
8496,2005-02-27 16:00:00,test
8497,2005-02-27 17:00:00,test
8498,2005-02-27 18:00:00,test
8499,2005-02-27 19:00:00,test
8500,2005-02-27 20:00:00,test
8501,2005-02-27 21:00:00,test
8502,2005-02-27 22:00:00,test
8503,2005-02-27 23:00:00,test
8504,2005-02-28 00:00:00,test
8505,2005-02-28 01:00:00,test
8506,2005-02-28 02:00:00,test
8507,2005-02-28 03:00:00,test
8508,2005-02-28 04:00:00,test
8509,2005-02-28 05:00:00,test
8510,2005-02-28 06:00:00,test
8511,2005-02-28 07:00:00,test
8512,2005-02-28 08:00:00,test
8513,2005-02-28 09:00:00,test
8514,2005-02-28 10:00:00,test
8515,2005-02-28 11:00:00,test
8516,2005-02-28 12:00:00,test
8517,2005-02-28 13:00:00,test
8518,2005-02-28 14:00:00,test
8519,2005-02-28 15:00:00,test
8520,2005-02-28 16:00:00,test
8521,2005-02-28 17:00:00,test
8522,2005-02-28 18:00:00,test
8523,2005-02-28 19:00:00,test
8524,2005-02-28 20:00:00,test
8525,2005-02-28 21:00:00,test
8526,2005-02-28 22:00:00,test
8527,2005-02-28 23:00:00,test
8528,2005-03-01 00:00:00,test
8529,2005-03-01 01:00:00,test
8530,2005-03-01 02:00:00,test
8531,2005-03-01 03:00:00,test
8532,2005-03-01 04:00:00,test
8533,2005-03-01 05:00:00,test
8534,2005-03-01 06:00:00,test
8535,2005-03-01 07:00:00,test
8536,2005-03-01 08:00:00,test
8537,2005-03-01 09:00:00,test
8538,2005-03-01 10:00:00,test
8539,2005-03-01 11:00:00,test
8540,2005-03-01 12:00:00,test
8541,2005-03-01 13:00:00,test
8542,2005-03-01 14:00:00,test
8543,2005-03-01 15:00:00,test
8544,2005-03-01 16:00:00,test
8545,2005-03-01 17:00:00,test
8546,2005-03-01 18:00:00,test
8547,2005-03-01 19:00:00,test
8548,2005-03-01 20:00:00,test
8549,2005-03-01 21:00:00,test
8550,2005-03-01 22:00:00,test
8551,2005-03-01 23:00:00,test
8552,2005-03-02 00:00:00,test
8553,2005-03-02 01:00:00,test
8554,2005-03-02 02:00:00,test
8555,2005-03-02 03:00:00,test
8557,2005-03-02 05:00:00,test
8558,2005-03-02 06:00:00,test
8559,2005-03-02 07:00:00,test
8560,2005-03-02 08:00:00,test
8561,2005-03-02 09:00:00,test
8562,2005-03-02 10:00:00,test
8563,2005-03-02 11:00:00,test
8564,2005-03-02 12:00:00,test
8565,2005-03-02 13:00:00,test
8566,2005-03-02 14:00:00,test
8567,2005-03-02 15:00:00,test
8568,2005-03-02 16:00:00,test
8569,2005-03-02 17:00:00,test
8570,2005-03-02 18:00:00,test
8571,2005-03-02 19:00:00,test
8572,2005-03-02 20:00:00,test
8573,2005-03-02 21:00:00,test
8574,2005-03-02 22:00:00,test
8575,2005-03-02 23:00:00,test
8576,2005-03-03 00:00:00,test
8577,2005-03-03 01:00:00,test
8578,2005-03-03 02:00:00,test
8579,2005-03-03 03:00:00,test
8580,2005-03-03 04:00:00,test
8581,2005-03-03 05:00:00,test
8582,2005-03-03 06:00:00,test
8583,2005-03-03 07:00:00,test
8584,2005-03-03 08:00:00,test
8585,2005-03-03 09:00:00,test
8586,2005-03-03 10:00:00,test
8587,2005-03-03 11:00:00,test
8588,2005-03-03 12:00:00,test
8589,2005-03-03 13:00:00,test
8590,2005-03-03 14:00:00,test
8591,2005-03-03 15:00:00,test
8592,2005-03-03 16:00:00,test
8593,2005-03-03 17:00:00,test
8594,2005-03-03 18:00:00,test
8595,2005-03-03 19:00:00,test
8596,2005-03-03 20:00:00,test
8597,2005-03-03 21:00:00,test
8598,2005-03-03 22:00:00,test
8599,2005-03-03 23:00:00,test
8600,2005-03-04 00:00:00,test
8601,2005-03-04 01:00:00,test
8602,2005-03-04 02:00:00,test
8603,2005-03-04 03:00:00,test
8604,2005-03-04 04:00:00,test
8605,2005-03-04 05:00:00,test
8606,2005-03-04 06:00:00,test
8607,2005-03-04 07:00:00,test
8608,2005-03-04 08:00:00,test
8609,2005-03-04 09:00:00,test
8610,2005-03-04 10:00:00,test
8611,2005-03-04 11:00:00,test
8612,2005-03-04 12:00:00,test
8613,2005-03-04 13:00:00,test
8614,2005-03-04 14:00:00,test
8615,2005-03-04 15:00:00,test
8616,2005-03-04 16:00:00,test
8617,2005-03-04 17:00:00,test
8618,2005-03-04 18:00:00,test
8619,2005-03-04 19:00:00,test
8620,2005-03-04 20:00:00,test
8621,2005-03-04 21:00:00,test
8622,2005-03-04 22:00:00,test
8623,2005-03-04 23:00:00,test
8624,2005-03-05 00:00:00,test
8625,2005-03-05 01:00:00,test
8626,2005-03-05 02:00:00,test
8627,2005-03-05 03:00:00,test
8629,2005-03-05 05:00:00,test
8630,2005-03-05 06:00:00,test
8631,2005-03-05 07:00:00,test
8632,2005-03-05 08:00:00,test
8633,2005-03-05 09:00:00,test
8634,2005-03-05 10:00:00,test
8635,2005-03-05 11:00:00,test
8636,2005-03-05 12:00:00,test
8637,2005-03-05 13:00:00,test
8638,2005-03-05 14:00:00,test
8639,2005-03-05 15:00:00,test
8640,2005-03-05 16:00:00,test
8641,2005-03-05 17:00:00,test
8642,2005-03-05 18:00:00,test
8643,2005-03-05 19:00:00,test
8644,2005-03-05 20:00:00,test
8645,2005-03-05 21:00:00,test
8646,2005-03-05 22:00:00,test
8647,2005-03-05 23:00:00,test
8648,2005-03-06 00:00:00,test
8649,2005-03-06 01:00:00,test
8650,2005-03-06 02:00:00,test
8651,2005-03-06 03:00:00,test
8652,2005-03-06 04:00:00,test
8653,2005-03-06 05:00:00,test
8654,2005-03-06 06:00:00,test
8655,2005-03-06 07:00:00,test
8656,2005-03-06 08:00:00,test
8657,2005-03-06 09:00:00,test
8658,2005-03-06 10:00:00,test
8659,2005-03-06 11:00:00,test
8660,2005-03-06 12:00:00,test
8661,2005-03-06 13:00:00,test
8662,2005-03-06 14:00:00,test
8663,2005-03-06 15:00:00,test
8664,2005-03-06 16:00:00,test
8665,2005-03-06 17:00:00,test
8666,2005-03-06 18:00:00,test
8667,2005-03-06 19:00:00,test
8668,2005-03-06 20:00:00,test
8669,2005-03-06 21:00:00,test
8670,2005-03-06 22:00:00,test
8671,2005-03-06 23:00:00,test
8672,2005-03-07 00:00:00,test
8673,2005-03-07 01:00:00,test
8674,2005-03-07 02:00:00,test
8675,2005-03-07 03:00:00,test
8676,2005-03-07 04:00:00,test
8677,2005-03-07 05:00:00,test
8678,2005-03-07 06:00:00,test
8679,2005-03-07 07:00:00,test
8680,2005-03-07 08:00:00,test
8681,2005-03-07 09:00:00,test
8682,2005-03-07 10:00:00,test
8683,2005-03-07 11:00:00,test
8684,2005-03-07 12:00:00,test
8685,2005-03-07 13:00:00,test
8686,2005-03-07 14:00:00,test
8687,2005-03-07 15:00:00,test
8688,2005-03-07 16:00:00,test
8689,2005-03-07 17:00:00,test
8690,2005-03-07 18:00:00,test
8691,2005-03-07 19:00:00,test
8692,2005-03-07 20:00:00,test
8693,2005-03-07 21:00:00,test
8694,2005-03-07 22:00:00,test
8695,2005-03-07 23:00:00,test
8696,2005-03-08 00:00:00,test
8697,2005-03-08 01:00:00,test
8698,2005-03-08 02:00:00,test
8699,2005-03-08 03:00:00,test
8701,2005-03-08 05:00:00,test
8702,2005-03-08 06:00:00,test
8703,2005-03-08 07:00:00,test
8704,2005-03-08 08:00:00,test
8705,2005-03-08 09:00:00,test
8706,2005-03-08 10:00:00,test
8707,2005-03-08 11:00:00,test
8708,2005-03-08 12:00:00,test
8709,2005-03-08 13:00:00,test
8710,2005-03-08 14:00:00,test
8711,2005-03-08 15:00:00,test
8712,2005-03-08 16:00:00,test
8713,2005-03-08 17:00:00,test
8714,2005-03-08 18:00:00,test
8715,2005-03-08 19:00:00,test
8716,2005-03-08 20:00:00,test
8717,2005-03-08 21:00:00,test
8718,2005-03-08 22:00:00,test
8719,2005-03-08 23:00:00,test
8720,2005-03-09 00:00:00,test
8721,2005-03-09 01:00:00,test
8722,2005-03-09 02:00:00,test
8723,2005-03-09 03:00:00,test
8724,2005-03-09 04:00:00,test
8725,2005-03-09 05:00:00,test
8726,2005-03-09 06:00:00,test
8727,2005-03-09 07:00:00,test
8728,2005-03-09 08:00:00,test
8729,2005-03-09 09:00:00,test
8730,2005-03-09 10:00:00,test
8731,2005-03-09 11:00:00,test
8732,2005-03-09 12:00:00,test
8733,2005-03-09 13:00:00,test
8734,2005-03-09 14:00:00,test
8735,2005-03-09 15:00:00,test
8736,2005-03-09 16:00:00,test
8737,2005-03-09 17:00:00,test
8738,2005-03-09 18:00:00,test
8739,2005-03-09 19:00:00,test
8740,2005-03-09 20:00:00,test
8741,2005-03-09 21:00:00,test
8742,2005-03-09 22:00:00,test
8743,2005-03-09 23:00:00,test
8744,2005-03-10 00:00:00,test
8745,2005-03-10 01:00:00,test
8746,2005-03-10 02:00:00,test
8747,2005-03-10 03:00:00,test
8748,2005-03-10 04:00:00,test
8749,2005-03-10 05:00:00,test
8750,2005-03-10 06:00:00,test
8751,2005-03-10 07:00:00,test
8752,2005-03-10 08:00:00,test
8753,2005-03-10 09:00:00,test
8754,2005-03-10 10:00:00,test
8755,2005-03-10 11:00:00,test
8756,2005-03-10 12:00:00,test
8757,2005-03-10 13:00:00,test
8758,2005-03-10 14:00:00,test
8759,2005-03-10 15:00:00,test
8760,2005-03-10 16:00:00,test
8761,2005-03-10 17:00:00,test
8762,2005-03-10 18:00:00,test
8763,2005-03-10 19:00:00,test
8764,2005-03-10 20:00:00,test
8765,2005-03-10 21:00:00,test
8766,2005-03-10 22:00:00,test
8767,2005-03-10 23:00:00,test
8768,2005-03-11 00:00:00,test
8769,2005-03-11 01:00:00,test
8770,2005-03-11 02:00:00,test
8771,2005-03-11 03:00:00,test
8773,2005-03-11 05:00:00,test
8774,2005-03-11 06:00:00,test
8775,2005-03-11 07:00:00,test
8776,2005-03-11 08:00:00,test
8777,2005-03-11 09:00:00,test
8778,2005-03-11 10:00:00,test
8780,2005-03-11 12:00:00,test
8781,2005-03-11 13:00:00,test
8782,2005-03-11 14:00:00,test
8783,2005-03-11 15:00:00,test
8784,2005-03-11 16:00:00,test
8785,2005-03-11 17:00:00,test
8786,2005-03-11 18:00:00,test
8787,2005-03-11 19:00:00,test
8788,2005-03-11 20:00:00,test
8789,2005-03-11 21:00:00,test
8790,2005-03-11 22:00:00,test
8791,2005-03-11 23:00:00,test
8792,2005-03-12 00:00:00,test
8793,2005-03-12 01:00:00,test
8794,2005-03-12 02:00:00,test
8795,2005-03-12 03:00:00,test
8800,2005-03-12 08:00:00,test
8801,2005-03-12 09:00:00,test
8802,2005-03-12 10:00:00,test
8803,2005-03-12 11:00:00,test
8804,2005-03-12 12:00:00,test
8805,2005-03-12 13:00:00,test
8806,2005-03-12 14:00:00,test
8807,2005-03-12 15:00:00,test
8808,2005-03-12 16:00:00,test
8809,2005-03-12 17:00:00,test
8810,2005-03-12 18:00:00,test
8811,2005-03-12 19:00:00,test
8812,2005-03-12 20:00:00,test
8813,2005-03-12 21:00:00,test
8814,2005-03-12 22:00:00,test
8815,2005-03-12 23:00:00,test
8816,2005-03-13 00:00:00,test
8817,2005-03-13 01:00:00,test
8818,2005-03-13 02:00:00,test
8825,2005-03-13 09:00:00,test
8826,2005-03-13 10:00:00,test
8827,2005-03-13 11:00:00,test
8828,2005-03-13 12:00:00,test
8829,2005-03-13 13:00:00,test
8830,2005-03-13 14:00:00,test
8831,2005-03-13 15:00:00,test
8832,2005-03-13 16:00:00,test
8833,2005-03-13 17:00:00,test
8834,2005-03-13 18:00:00,test
8835,2005-03-13 19:00:00,test
8836,2005-03-13 20:00:00,test
8837,2005-03-13 21:00:00,test
8838,2005-03-13 22:00:00,test
8839,2005-03-13 23:00:00,test
8840,2005-03-14 00:00:00,test
8841,2005-03-14 01:00:00,test
8842,2005-03-14 02:00:00,test
8843,2005-03-14 03:00:00,test
8845,2005-03-14 05:00:00,test
8846,2005-03-14 06:00:00,test
8847,2005-03-14 07:00:00,test
8848,2005-03-14 08:00:00,test
8849,2005-03-14 09:00:00,test
8850,2005-03-14 10:00:00,test
8851,2005-03-14 11:00:00,test
8852,2005-03-14 12:00:00,test
8853,2005-03-14 13:00:00,test
8854,2005-03-14 14:00:00,test
8855,2005-03-14 15:00:00,test
8856,2005-03-14 16:00:00,test
8857,2005-03-14 17:00:00,test
8858,2005-03-14 18:00:00,test
8859,2005-03-14 19:00:00,test
8860,2005-03-14 20:00:00,test
8861,2005-03-14 21:00:00,test
8862,2005-03-14 22:00:00,test
8863,2005-03-14 23:00:00,test
8864,2005-03-15 00:00:00,test
8865,2005-03-15 01:00:00,test
8866,2005-03-15 02:00:00,test
8867,2005-03-15 03:00:00,test
8868,2005-03-15 04:00:00,test
8869,2005-03-15 05:00:00,test
8870,2005-03-15 06:00:00,test
8871,2005-03-15 07:00:00,test
8872,2005-03-15 08:00:00,test
8873,2005-03-15 09:00:00,test
8874,2005-03-15 10:00:00,test
8875,2005-03-15 11:00:00,test
8876,2005-03-15 12:00:00,test
8877,2005-03-15 13:00:00,test
8878,2005-03-15 14:00:00,test
8879,2005-03-15 15:00:00,test
8880,2005-03-15 16:00:00,test
8881,2005-03-15 17:00:00,test
8882,2005-03-15 18:00:00,test
8883,2005-03-15 19:00:00,test
8884,2005-03-15 20:00:00,test
8885,2005-03-15 21:00:00,test
8886,2005-03-15 22:00:00,test
8887,2005-03-15 23:00:00,test
8888,2005-03-16 00:00:00,test
8889,2005-03-16 01:00:00,test
8890,2005-03-16 02:00:00,test
8891,2005-03-16 03:00:00,test
8892,2005-03-16 04:00:00,test
8893,2005-03-16 05:00:00,test
8894,2005-03-16 06:00:00,test
8895,2005-03-16 07:00:00,test
8896,2005-03-16 08:00:00,test
8897,2005-03-16 09:00:00,test
8898,2005-03-16 10:00:00,test
8899,2005-03-16 11:00:00,test
8900,2005-03-16 12:00:00,test
8901,2005-03-16 13:00:00,test
8902,2005-03-16 14:00:00,test
8903,2005-03-16 15:00:00,test
8904,2005-03-16 16:00:00,test
8905,2005-03-16 17:00:00,test
8906,2005-03-16 18:00:00,test
8907,2005-03-16 19:00:00,test
8908,2005-03-16 20:00:00,test
8909,2005-03-16 21:00:00,test
8910,2005-03-16 22:00:00,test
8911,2005-03-16 23:00:00,test
8912,2005-03-17 00:00:00,test
8913,2005-03-17 01:00:00,test
8914,2005-03-17 02:00:00,test
8915,2005-03-17 03:00:00,test
8917,2005-03-17 05:00:00,test
8918,2005-03-17 06:00:00,test
8919,2005-03-17 07:00:00,test
8920,2005-03-17 08:00:00,test
8921,2005-03-17 09:00:00,test
8922,2005-03-17 10:00:00,test
8923,2005-03-17 11:00:00,test
8924,2005-03-17 12:00:00,test
8925,2005-03-17 13:00:00,test
8926,2005-03-17 14:00:00,test
8927,2005-03-17 15:00:00,test
8928,2005-03-17 16:00:00,test
8929,2005-03-17 17:00:00,test
8930,2005-03-17 18:00:00,test
8931,2005-03-17 19:00:00,test
8932,2005-03-17 20:00:00,test
8933,2005-03-17 21:00:00,test
8934,2005-03-17 22:00:00,test
8935,2005-03-17 23:00:00,test
8936,2005-03-18 00:00:00,test
8937,2005-03-18 01:00:00,test
8938,2005-03-18 02:00:00,test
8939,2005-03-18 03:00:00,test
8940,2005-03-18 04:00:00,test
8941,2005-03-18 05:00:00,test
8942,2005-03-18 06:00:00,test
8943,2005-03-18 07:00:00,test
8944,2005-03-18 08:00:00,test
8945,2005-03-18 09:00:00,test
8946,2005-03-18 10:00:00,test
8947,2005-03-18 11:00:00,test
8948,2005-03-18 12:00:00,test
8949,2005-03-18 13:00:00,test
8950,2005-03-18 14:00:00,test
8951,2005-03-18 15:00:00,test
8952,2005-03-18 16:00:00,test
8953,2005-03-18 17:00:00,test
8954,2005-03-18 18:00:00,test
8955,2005-03-18 19:00:00,test
8956,2005-03-18 20:00:00,test
8957,2005-03-18 21:00:00,test
8958,2005-03-18 22:00:00,test
8959,2005-03-18 23:00:00,test
8960,2005-03-19 00:00:00,test
8961,2005-03-19 01:00:00,test
8962,2005-03-19 02:00:00,test
8963,2005-03-19 03:00:00,test
8964,2005-03-19 04:00:00,test
8965,2005-03-19 05:00:00,test
8966,2005-03-19 06:00:00,test
8967,2005-03-19 07:00:00,test
8968,2005-03-19 08:00:00,test
8969,2005-03-19 09:00:00,test
8970,2005-03-19 10:00:00,test
8971,2005-03-19 11:00:00,test
8972,2005-03-19 12:00:00,test
8973,2005-03-19 13:00:00,test
8974,2005-03-19 14:00:00,test
8975,2005-03-19 15:00:00,test
8976,2005-03-19 16:00:00,test
8977,2005-03-19 17:00:00,test
8978,2005-03-19 18:00:00,test
8979,2005-03-19 19:00:00,test
8980,2005-03-19 20:00:00,test
8981,2005-03-19 21:00:00,test
8982,2005-03-19 22:00:00,test
8983,2005-03-19 23:00:00,test
8984,2005-03-20 00:00:00,test
8985,2005-03-20 01:00:00,test
8986,2005-03-20 02:00:00,test
8987,2005-03-20 03:00:00,test
8989,2005-03-20 05:00:00,test
8990,2005-03-20 06:00:00,test
8991,2005-03-20 07:00:00,test
8992,2005-03-20 08:00:00,test
8993,2005-03-20 09:00:00,test
8994,2005-03-20 10:00:00,test
8995,2005-03-20 11:00:00,test
8996,2005-03-20 12:00:00,test
8997,2005-03-20 13:00:00,test
8998,2005-03-20 14:00:00,test
8999,2005-03-20 15:00:00,test
9000,2005-03-20 16:00:00,test
9001,2005-03-20 17:00:00,test
9002,2005-03-20 18:00:00,test
9003,2005-03-20 19:00:00,test
9004,2005-03-20 20:00:00,test
9005,2005-03-20 21:00:00,test
9006,2005-03-20 22:00:00,test
9007,2005-03-20 23:00:00,test
9008,2005-03-21 00:00:00,test
9009,2005-03-21 01:00:00,test
9010,2005-03-21 02:00:00,test
9011,2005-03-21 03:00:00,test
9012,2005-03-21 04:00:00,test
9013,2005-03-21 05:00:00,test
9014,2005-03-21 06:00:00,test
9015,2005-03-21 07:00:00,test
9016,2005-03-21 08:00:00,test
9017,2005-03-21 09:00:00,test
9018,2005-03-21 10:00:00,test
9019,2005-03-21 11:00:00,test
9020,2005-03-21 12:00:00,test
9021,2005-03-21 13:00:00,test
9022,2005-03-21 14:00:00,test
9023,2005-03-21 15:00:00,test
9024,2005-03-21 16:00:00,test
9025,2005-03-21 17:00:00,test
9026,2005-03-21 18:00:00,test
9027,2005-03-21 19:00:00,test
9028,2005-03-21 20:00:00,test
9029,2005-03-21 21:00:00,test
9030,2005-03-21 22:00:00,test
9031,2005-03-21 23:00:00,test
9032,2005-03-22 00:00:00,test
9033,2005-03-22 01:00:00,test
9034,2005-03-22 02:00:00,test
9035,2005-03-22 03:00:00,test
9036,2005-03-22 04:00:00,test
9037,2005-03-22 05:00:00,test
9038,2005-03-22 06:00:00,test
9039,2005-03-22 07:00:00,test
9040,2005-03-22 08:00:00,test
9041,2005-03-22 09:00:00,test
9042,2005-03-22 10:00:00,test
9043,2005-03-22 11:00:00,test
9044,2005-03-22 12:00:00,test
9045,2005-03-22 13:00:00,test
9046,2005-03-22 14:00:00,test
9047,2005-03-22 15:00:00,test
9048,2005-03-22 16:00:00,test
9049,2005-03-22 17:00:00,test
9050,2005-03-22 18:00:00,test
9051,2005-03-22 19:00:00,test
9052,2005-03-22 20:00:00,test
9053,2005-03-22 21:00:00,test
9054,2005-03-22 22:00:00,test
9055,2005-03-22 23:00:00,test
9056,2005-03-23 00:00:00,test
9057,2005-03-23 01:00:00,test
9058,2005-03-23 02:00:00,test
9059,2005-03-23 03:00:00,test
9061,2005-03-23 05:00:00,test
9062,2005-03-23 06:00:00,test
9063,2005-03-23 07:00:00,test
9064,2005-03-23 08:00:00,test
9065,2005-03-23 09:00:00,test
9066,2005-03-23 10:00:00,test
9067,2005-03-23 11:00:00,test
9068,2005-03-23 12:00:00,test
9069,2005-03-23 13:00:00,test
9070,2005-03-23 14:00:00,test
9071,2005-03-23 15:00:00,test
9072,2005-03-23 16:00:00,test
9073,2005-03-23 17:00:00,test
9074,2005-03-23 18:00:00,test
9075,2005-03-23 19:00:00,test
9076,2005-03-23 20:00:00,test
9077,2005-03-23 21:00:00,test
9078,2005-03-23 22:00:00,test
9079,2005-03-23 23:00:00,test
9080,2005-03-24 00:00:00,test
9081,2005-03-24 01:00:00,test
9082,2005-03-24 02:00:00,test
9083,2005-03-24 03:00:00,test
9084,2005-03-24 04:00:00,test
9085,2005-03-24 05:00:00,test
9086,2005-03-24 06:00:00,test
9087,2005-03-24 07:00:00,test
9088,2005-03-24 08:00:00,test
9089,2005-03-24 09:00:00,test
9090,2005-03-24 10:00:00,test
9091,2005-03-24 11:00:00,test
9092,2005-03-24 12:00:00,test
9093,2005-03-24 13:00:00,test
9094,2005-03-24 14:00:00,test
9095,2005-03-24 15:00:00,test
9096,2005-03-24 16:00:00,test
9097,2005-03-24 17:00:00,test
9098,2005-03-24 18:00:00,test
9099,2005-03-24 19:00:00,test
9100,2005-03-24 20:00:00,test
9101,2005-03-24 21:00:00,test
9102,2005-03-24 22:00:00,test
9103,2005-03-24 23:00:00,test
9104,2005-03-25 00:00:00,test
9105,2005-03-25 01:00:00,test
9106,2005-03-25 02:00:00,test
9107,2005-03-25 03:00:00,test
9108,2005-03-25 04:00:00,test
9109,2005-03-25 05:00:00,test
9110,2005-03-25 06:00:00,test
9111,2005-03-25 07:00:00,test
9112,2005-03-25 08:00:00,test
9113,2005-03-25 09:00:00,test
9114,2005-03-25 10:00:00,test
9115,2005-03-25 11:00:00,test
9116,2005-03-25 12:00:00,test
9117,2005-03-25 13:00:00,test
9118,2005-03-25 14:00:00,test
9119,2005-03-25 15:00:00,test
9120,2005-03-25 16:00:00,test
9121,2005-03-25 17:00:00,test
9122,2005-03-25 18:00:00,test
9123,2005-03-25 19:00:00,test
9124,2005-03-25 20:00:00,test
9125,2005-03-25 21:00:00,test
9126,2005-03-25 22:00:00,test
9127,2005-03-25 23:00:00,test
9128,2005-03-26 00:00:00,test
9129,2005-03-26 01:00:00,test
9130,2005-03-26 02:00:00,test
9131,2005-03-26 03:00:00,test
9133,2005-03-26 05:00:00,test
9134,2005-03-26 06:00:00,test
9135,2005-03-26 07:00:00,test
9136,2005-03-26 08:00:00,test
9137,2005-03-26 09:00:00,test
9138,2005-03-26 10:00:00,test
9139,2005-03-26 11:00:00,test
9140,2005-03-26 12:00:00,test
9141,2005-03-26 13:00:00,test
9142,2005-03-26 14:00:00,test
9143,2005-03-26 15:00:00,test
9144,2005-03-26 16:00:00,test
9145,2005-03-26 17:00:00,test
9146,2005-03-26 18:00:00,test
9147,2005-03-26 19:00:00,test
9148,2005-03-26 20:00:00,test
9149,2005-03-26 21:00:00,test
9150,2005-03-26 22:00:00,test
9151,2005-03-26 23:00:00,test
9152,2005-03-27 00:00:00,test
9153,2005-03-27 01:00:00,test
9154,2005-03-27 02:00:00,test
9155,2005-03-27 03:00:00,test
9156,2005-03-27 04:00:00,test
9157,2005-03-27 05:00:00,test
9158,2005-03-27 06:00:00,test
9159,2005-03-27 07:00:00,test
9160,2005-03-27 08:00:00,test
9161,2005-03-27 09:00:00,test
9162,2005-03-27 10:00:00,test
9163,2005-03-27 11:00:00,test
9164,2005-03-27 12:00:00,test
9165,2005-03-27 13:00:00,test
9166,2005-03-27 14:00:00,test
9167,2005-03-27 15:00:00,test
9168,2005-03-27 16:00:00,test
9169,2005-03-27 17:00:00,test
9170,2005-03-27 18:00:00,test
9171,2005-03-27 19:00:00,test
9172,2005-03-27 20:00:00,test
9173,2005-03-27 21:00:00,test
9174,2005-03-27 22:00:00,test
9175,2005-03-27 23:00:00,test
9176,2005-03-28 00:00:00,test
9177,2005-03-28 01:00:00,test
9178,2005-03-28 02:00:00,test
9179,2005-03-28 03:00:00,test
9180,2005-03-28 04:00:00,test
9181,2005-03-28 05:00:00,test
9182,2005-03-28 06:00:00,test
9183,2005-03-28 07:00:00,test
9184,2005-03-28 08:00:00,test
9185,2005-03-28 09:00:00,test
9186,2005-03-28 10:00:00,test
9187,2005-03-28 11:00:00,test
9188,2005-03-28 12:00:00,test
9189,2005-03-28 13:00:00,test
9190,2005-03-28 14:00:00,test
9191,2005-03-28 15:00:00,test
9192,2005-03-28 16:00:00,test
9193,2005-03-28 17:00:00,test
9194,2005-03-28 18:00:00,test
9195,2005-03-28 19:00:00,test
9196,2005-03-28 20:00:00,test
9197,2005-03-28 21:00:00,test
9198,2005-03-28 22:00:00,test
9199,2005-03-28 23:00:00,test
9200,2005-03-29 00:00:00,test
9201,2005-03-29 01:00:00,test
9202,2005-03-29 02:00:00,test
9203,2005-03-29 03:00:00,test
9205,2005-03-29 05:00:00,test
9206,2005-03-29 06:00:00,test
9207,2005-03-29 07:00:00,test
9208,2005-03-29 08:00:00,test
9209,2005-03-29 09:00:00,test
9210,2005-03-29 10:00:00,test
9211,2005-03-29 11:00:00,test
9212,2005-03-29 12:00:00,test
9213,2005-03-29 13:00:00,test
9214,2005-03-29 14:00:00,test
9215,2005-03-29 15:00:00,test
9216,2005-03-29 16:00:00,test
9217,2005-03-29 17:00:00,test
9218,2005-03-29 18:00:00,test
9219,2005-03-29 19:00:00,test
9220,2005-03-29 20:00:00,test
9221,2005-03-29 21:00:00,test
9222,2005-03-29 22:00:00,test
9223,2005-03-29 23:00:00,test
9224,2005-03-30 00:00:00,test
9225,2005-03-30 01:00:00,test
9226,2005-03-30 02:00:00,test
9227,2005-03-30 03:00:00,test
9228,2005-03-30 04:00:00,test
9229,2005-03-30 05:00:00,test
9230,2005-03-30 06:00:00,test
9231,2005-03-30 07:00:00,test
9232,2005-03-30 08:00:00,test
9233,2005-03-30 09:00:00,test
9234,2005-03-30 10:00:00,test
9235,2005-03-30 11:00:00,test
9236,2005-03-30 12:00:00,test
9237,2005-03-30 13:00:00,test
9238,2005-03-30 14:00:00,test
9239,2005-03-30 15:00:00,test
9240,2005-03-30 16:00:00,test
9241,2005-03-30 17:00:00,test
9242,2005-03-30 18:00:00,test
9243,2005-03-30 19:00:00,test
9244,2005-03-30 20:00:00,test
9245,2005-03-30 21:00:00,test
9246,2005-03-30 22:00:00,test
9247,2005-03-30 23:00:00,test
9248,2005-03-31 00:00:00,test
9249,2005-03-31 01:00:00,test
9250,2005-03-31 02:00:00,test
9251,2005-03-31 03:00:00,test
9252,2005-03-31 04:00:00,test
9253,2005-03-31 05:00:00,test
9254,2005-03-31 06:00:00,test
9255,2005-03-31 07:00:00,test
9256,2005-03-31 08:00:00,test
9257,2005-03-31 09:00:00,test
9258,2005-03-31 10:00:00,test
9259,2005-03-31 11:00:00,test
9260,2005-03-31 12:00:00,test
9261,2005-03-31 13:00:00,test
9262,2005-03-31 14:00:00,test
9263,2005-03-31 15:00:00,test
9264,2005-03-31 16:00:00,test
9265,2005-03-31 17:00:00,test
9266,2005-03-31 18:00:00,test
9267,2005-03-31 19:00:00,test
9268,2005-03-31 20:00:00,test
9269,2005-03-31 21:00:00,test
9270,2005-03-31 22:00:00,test
9271,2005-03-31 23:00:00,test
9272,2005-04-01 00:00:00,test
9273,2005-04-01 01:00:00,test
9274,2005-04-01 02:00:00,test
9275,2005-04-01 03:00:00,test
9277,2005-04-01 05:00:00,test
9278,2005-04-01 06:00:00,test
9279,2005-04-01 07:00:00,test
9280,2005-04-01 08:00:00,test
9281,2005-04-01 09:00:00,test
9282,2005-04-01 10:00:00,test
9283,2005-04-01 11:00:00,test
9284,2005-04-01 12:00:00,test
9285,2005-04-01 13:00:00,test
9286,2005-04-01 14:00:00,test
9287,2005-04-01 15:00:00,test
9288,2005-04-01 16:00:00,test
9289,2005-04-01 17:00:00,test
9290,2005-04-01 18:00:00,test
9291,2005-04-01 19:00:00,test
9292,2005-04-01 20:00:00,test
9293,2005-04-01 21:00:00,test
9294,2005-04-01 22:00:00,test
9295,2005-04-01 23:00:00,test
9296,2005-04-02 00:00:00,test
9297,2005-04-02 01:00:00,test
9298,2005-04-02 02:00:00,test
9299,2005-04-02 03:00:00,test
9300,2005-04-02 04:00:00,test
9301,2005-04-02 05:00:00,test
9302,2005-04-02 06:00:00,test
9303,2005-04-02 07:00:00,test
9304,2005-04-02 08:00:00,test
9305,2005-04-02 09:00:00,test
9306,2005-04-02 10:00:00,test
9307,2005-04-02 11:00:00,test
9308,2005-04-02 12:00:00,test
9309,2005-04-02 13:00:00,test
9310,2005-04-02 14:00:00,test
9311,2005-04-02 15:00:00,test
9312,2005-04-02 16:00:00,test
9313,2005-04-02 17:00:00,test
9314,2005-04-02 18:00:00,test
9315,2005-04-02 19:00:00,test
9316,2005-04-02 20:00:00,test
9317,2005-04-02 21:00:00,test
9318,2005-04-02 22:00:00,test
9319,2005-04-02 23:00:00,test
9320,2005-04-03 00:00:00,test
9321,2005-04-03 01:00:00,test
9322,2005-04-03 02:00:00,test
9323,2005-04-03 03:00:00,test
9324,2005-04-03 04:00:00,test
9325,2005-04-03 05:00:00,test
9326,2005-04-03 06:00:00,test
9327,2005-04-03 07:00:00,test
9328,2005-04-03 08:00:00,test
9329,2005-04-03 09:00:00,test
9330,2005-04-03 10:00:00,test
9331,2005-04-03 11:00:00,test
9332,2005-04-03 12:00:00,test
9333,2005-04-03 13:00:00,test
9334,2005-04-03 14:00:00,test
9335,2005-04-03 15:00:00,test
9336,2005-04-03 16:00:00,test
9337,2005-04-03 17:00:00,test
9338,2005-04-03 18:00:00,test
9339,2005-04-03 19:00:00,test
9340,2005-04-03 20:00:00,test
9341,2005-04-03 21:00:00,test
9342,2005-04-03 22:00:00,test
9343,2005-04-03 23:00:00,test
9344,2005-04-04 00:00:00,test
9345,2005-04-04 01:00:00,test
9346,2005-04-04 02:00:00,test
9347,2005-04-04 03:00:00,test
9349,2005-04-04 05:00:00,test
9350,2005-04-04 06:00:00,test
9351,2005-04-04 07:00:00,test
9352,2005-04-04 08:00:00,test
9353,2005-04-04 09:00:00,test
9354,2005-04-04 10:00:00,test
9355,2005-04-04 11:00:00,test
9356,2005-04-04 12:00:00,test
9357,2005-04-04 13:00:00,test
9358,2005-04-04 14:00:00,test
